group,content_type,record_key,stable_id,display_name,description,mechanics,relations,existence_reason,reason_basis,review_status,review_reason,lifecycle_status,catalog_memberships,runtime_status,runtime_evidence,save_evidence,incoming_reference_count,incoming_source_types,system_role,strategic_niche,costs_and_risks,comparison_group,alternative_candidates,removal_impact,rationale_evidence,source_path,asset_guid,authored__allowedSources,authored__allowedSources__enum,authored__allowedSources__label,authored__allowedSources__origin,authored__effectId,authored__m_Name,authored__maximumResult,authored__minimumResult,authored__numericId,authored__operation,authored__operation__enum,authored__operation__label,authored__operation__origin,authored__projectionPhase,authored__projectionPhase__enum,authored__projectionPhase__label,authored__projectionPhase__origin,authored__stackingPolicy,authored__stackingPolicy__enum,authored__stackingPolicy__label,authored__stackingPolicy__origin,authored__targetId
research-effects,GameplayEffectDefinitionSO,GameplayEffectDefinitionSO|effect:arcane:mana-recovery:multiply,effect:arcane:mana-recovery:multiply,effect_arcane_mana-recovery_multiply,,작성 자산 정의,,서로 다른 콘텐츠가 공유하는 상태 변화를 단일 실행 규약으로 정의한다. 다른 콘텐츠 1개가 이 정의를 참조한다.,type-contract+description-and-relations,근거 확인,,active-authored,Assets/Resources/SO/Content/GameDomainContentCatalog.asset; Assets/Resources/SO/GameContentCatalog.asset,catalog-registered-static-consumer,Assets/Scripts/Services/Effects/Runtime/CharacterDerivedStatsSnapshot.cs; Assets/Scripts/Services/Effects/Runtime/GameplayEffectResultBoundsCatalog.cs; Assets/Scripts/Services/Foundation/GameplayEffectContracts.cs,Assets/Scripts/Services/Effects/Runtime/GameplayEffectResultBoundsCatalog.cs,1,CharacterTraitSO,서로 다른 콘텐츠가 공유하는 상태 변화를 단일 실행 규약으로 정의한다. 다른 콘텐츠 1개가 이 정의를 참조한다.,서로 다른 콘텐츠가 공유하는 상태 변화를 단일 실행 규약으로 정의한다,작성 자산에서 직접 비용·위험 수치를 확인할 수 없음,GameplayEffectDefinitionSO,"비교 후보(대체 가능성 미검증): GameplayEffectDefinitionSO:effect:arcane:power:multiply, GameplayEffectDefinitionSO:effect:capacity:arcane-conduction:multiply, GameplayEffectDefinitionSO:effect:capacity:auditory-sensing:multiply, GameplayEffectDefinitionSO:effect:capacity:communication:multiply, GameplayEffectDefinitionSO:effect:capacity:immune-defense:multiply, GameplayEffectDefinitionSO:effect:capacity:intake-processing:multiply, GameplayEffectDefinitionSO:effect:capacity:mental-maintenance:multiply, GameplayEffectDefinitionSO:effect:capacity:physical-mobility:multiply, GameplayEffectDefinitionSO:effect:capacity:physical-power:multiply, GameplayEffectDefinitionSO:effect:capacity:power-circulation:multiply, GameplayEffectDefinitionSO:effect:capacity:precision-manipulation:multiply, GameplayEffectDefinitionSO:effect:capacity:purification-processing:multiply 외 50개",직접 참조 1건에 영향: CharacterTraitSO:trait:306,type-contract+description-and-relations; niche=type-contract; cost=type-contract,Assets/Resources/SO/V26/Effects/Definitions/effect_arcane_mana-recovery_multiply.asset,5af4dc67ed2ae4342944dc336be80966,63,GameplayEffectSourceKind,All,explicit-serialized,effect:arcane:mana-recovery:multiply,effect_arcane_mana-recovery_multiply,10,0,195910769,2,GameplayEffectOperation,Multiply,explicit-serialized,2,GameplayEffectProjectionPhase,Multiplicative,explicit-serialized,0,GameplayEffectStackingPolicy,Stack All,explicit-serialized,arcane:mana-recovery
research-effects,GameplayEffectDefinitionSO,GameplayEffectDefinitionSO|effect:arcane:power:multiply,effect:arcane:power:multiply,effect_arcane_power_multiply,,작성 자산 정의,,서로 다른 콘텐츠가 공유하는 상태 변화를 단일 실행 규약으로 정의한다. 다른 콘텐츠 1개가 이 정의를 참조한다.,type-contract+description-and-relations,근거 확인,,active-authored,Assets/Resources/SO/Content/GameDomainContentCatalog.asset; Assets/Resources/SO/GameContentCatalog.asset,catalog-registered-static-consumer,Assets/Scripts/Services/Effects/Runtime/CharacterDerivedStatsSnapshot.cs; Assets/Scripts/Services/Effects/Runtime/GameplayEffectResultBoundsCatalog.cs; Assets/Scripts/Services/Foundation/GameplayEffectContracts.cs,Assets/Scripts/Services/Effects/Runtime/GameplayEffectResultBoundsCatalog.cs,1,CharacterTraitSO,서로 다른 콘텐츠가 공유하는 상태 변화를 단일 실행 규약으로 정의한다. 다른 콘텐츠 1개가 이 정의를 참조한다.,서로 다른 콘텐츠가 공유하는 상태 변화를 단일 실행 규약으로 정의한다,작성 자산에서 직접 비용·위험 수치를 확인할 수 없음,GameplayEffectDefinitionSO,"비교 후보(대체 가능성 미검증): GameplayEffectDefinitionSO:effect:arcane:mana-recovery:multiply, GameplayEffectDefinitionSO:effect:capacity:arcane-conduction:multiply, GameplayEffectDefinitionSO:effect:capacity:auditory-sensing:multiply, GameplayEffectDefinitionSO:effect:capacity:communication:multiply, GameplayEffectDefinitionSO:effect:capacity:immune-defense:multiply, GameplayEffectDefinitionSO:effect:capacity:intake-processing:multiply, GameplayEffectDefinitionSO:effect:capacity:mental-maintenance:multiply, GameplayEffectDefinitionSO:effect:capacity:physical-mobility:multiply, GameplayEffectDefinitionSO:effect:capacity:physical-power:multiply, GameplayEffectDefinitionSO:effect:capacity:power-circulation:multiply, GameplayEffectDefinitionSO:effect:capacity:precision-manipulation:multiply, GameplayEffectDefinitionSO:effect:capacity:purification-processing:multiply 외 50개",직접 참조 1건에 영향: CharacterTraitSO:trait:306,type-contract+description-and-relations; niche=type-contract; cost=type-contract,Assets/Resources/SO/V26/Effects/Definitions/effect_arcane_power_multiply.asset,2def16a1f3203194fb94602201f7990f,63,GameplayEffectSourceKind,All,explicit-serialized,effect:arcane:power:multiply,effect_arcane_power_multiply,10,0,469160843,2,GameplayEffectOperation,Multiply,explicit-serialized,2,GameplayEffectProjectionPhase,Multiplicative,explicit-serialized,0,GameplayEffectStackingPolicy,Stack All,explicit-serialized,arcane:power
research-effects,GameplayEffectDefinitionSO,GameplayEffectDefinitionSO|effect:capacity:arcane-conduction:multiply,effect:capacity:arcane-conduction:multiply,effect_capacity_arcane-conduction_multiply,,작성 자산 정의,,서로 다른 콘텐츠가 공유하는 상태 변화를 단일 실행 규약으로 정의한다. 다른 콘텐츠 9개가 이 정의를 참조한다.,type-contract+description-and-relations,근거 확인,,active-authored,Assets/Resources/SO/Content/GameDomainContentCatalog.asset; Assets/Resources/SO/GameContentCatalog.asset,catalog-registered-static-consumer,Assets/Scripts/Services/Effects/Runtime/CharacterDerivedStatsSnapshot.cs; Assets/Scripts/Services/Effects/Runtime/GameplayEffectResultBoundsCatalog.cs; Assets/Scripts/Services/Foundation/GameplayEffectContracts.cs,Assets/Scripts/Services/Effects/Runtime/GameplayEffectResultBoundsCatalog.cs,9,CharacterSpeciesSO,서로 다른 콘텐츠가 공유하는 상태 변화를 단일 실행 규약으로 정의한다. 다른 콘텐츠 9개가 이 정의를 참조한다.,서로 다른 콘텐츠가 공유하는 상태 변화를 단일 실행 규약으로 정의한다,작성 자산에서 직접 비용·위험 수치를 확인할 수 없음,GameplayEffectDefinitionSO,"비교 후보(대체 가능성 미검증): GameplayEffectDefinitionSO:effect:arcane:mana-recovery:multiply, GameplayEffectDefinitionSO:effect:arcane:power:multiply, GameplayEffectDefinitionSO:effect:capacity:auditory-sensing:multiply, GameplayEffectDefinitionSO:effect:capacity:communication:multiply, GameplayEffectDefinitionSO:effect:capacity:immune-defense:multiply, GameplayEffectDefinitionSO:effect:capacity:intake-processing:multiply, GameplayEffectDefinitionSO:effect:capacity:mental-maintenance:multiply, GameplayEffectDefinitionSO:effect:capacity:physical-mobility:multiply, GameplayEffectDefinitionSO:effect:capacity:physical-power:multiply, GameplayEffectDefinitionSO:effect:capacity:power-circulation:multiply, GameplayEffectDefinitionSO:effect:capacity:precision-manipulation:multiply, GameplayEffectDefinitionSO:effect:capacity:purification-processing:multiply 외 50개","직접 참조 9건에 영향: CharacterSpeciesSO:characterspecies:1, CharacterSpeciesSO:characterspecies:2, CharacterSpeciesSO:characterspecies:3, CharacterSpeciesSO:characterspecies:4, CharacterSpeciesSO:characterspecies:5, CharacterSpeciesSO:characterspecies:6, CharacterSpeciesSO:characterspecies:7, CharacterSpeciesSO:characterspecies:8, CharacterSpeciesSO:characterspecies:9",type-contract+description-and-relations; niche=type-contract; cost=type-contract,Assets/Resources/SO/V26/Effects/Definitions/effect_capacity_arcane-conduction_multiply.asset,650cb7f5e730c0b46bc5dc495f7d1586,63,GameplayEffectSourceKind,All,explicit-serialized,effect:capacity:arcane-conduction:multiply,effect_capacity_arcane-conduction_multiply,10,0,1236567173,2,GameplayEffectOperation,Multiply,explicit-serialized,2,GameplayEffectProjectionPhase,Multiplicative,explicit-serialized,0,GameplayEffectStackingPolicy,Stack All,explicit-serialized,capacity:arcane-conduction
research-effects,GameplayEffectDefinitionSO,GameplayEffectDefinitionSO|effect:capacity:auditory-sensing:multiply,effect:capacity:auditory-sensing:multiply,effect_capacity_auditory-sensing_multiply,,작성 자산 정의,,서로 다른 콘텐츠가 공유하는 상태 변화를 단일 실행 규약으로 정의한다. 다른 콘텐츠 9개가 이 정의를 참조한다.,type-contract+description-and-relations,근거 확인,,active-authored,Assets/Resources/SO/Content/GameDomainContentCatalog.asset; Assets/Resources/SO/GameContentCatalog.asset,catalog-registered-static-consumer,Assets/Scripts/Services/Effects/Runtime/CharacterDerivedStatsSnapshot.cs; Assets/Scripts/Services/Effects/Runtime/GameplayEffectResultBoundsCatalog.cs; Assets/Scripts/Services/Foundation/GameplayEffectContracts.cs,Assets/Scripts/Services/Effects/Runtime/GameplayEffectResultBoundsCatalog.cs,9,CharacterSpeciesSO,서로 다른 콘텐츠가 공유하는 상태 변화를 단일 실행 규약으로 정의한다. 다른 콘텐츠 9개가 이 정의를 참조한다.,서로 다른 콘텐츠가 공유하는 상태 변화를 단일 실행 규약으로 정의한다,작성 자산에서 직접 비용·위험 수치를 확인할 수 없음,GameplayEffectDefinitionSO,"비교 후보(대체 가능성 미검증): GameplayEffectDefinitionSO:effect:arcane:mana-recovery:multiply, GameplayEffectDefinitionSO:effect:arcane:power:multiply, GameplayEffectDefinitionSO:effect:capacity:arcane-conduction:multiply, GameplayEffectDefinitionSO:effect:capacity:communication:multiply, GameplayEffectDefinitionSO:effect:capacity:immune-defense:multiply, GameplayEffectDefinitionSO:effect:capacity:intake-processing:multiply, GameplayEffectDefinitionSO:effect:capacity:mental-maintenance:multiply, GameplayEffectDefinitionSO:effect:capacity:physical-mobility:multiply, GameplayEffectDefinitionSO:effect:capacity:physical-power:multiply, GameplayEffectDefinitionSO:effect:capacity:power-circulation:multiply, GameplayEffectDefinitionSO:effect:capacity:precision-manipulation:multiply, GameplayEffectDefinitionSO:effect:capacity:purification-processing:multiply 외 50개","직접 참조 9건에 영향: CharacterSpeciesSO:characterspecies:1, CharacterSpeciesSO:characterspecies:2, CharacterSpeciesSO:characterspecies:3, CharacterSpeciesSO:characterspecies:4, CharacterSpeciesSO:characterspecies:5, CharacterSpeciesSO:characterspecies:6, CharacterSpeciesSO:characterspecies:7, CharacterSpeciesSO:characterspecies:8, CharacterSpeciesSO:characterspecies:9",type-contract+description-and-relations; niche=type-contract; cost=type-contract,Assets/Resources/SO/V26/Effects/Definitions/effect_capacity_auditory-sensing_multiply.asset,7aceac644d3d00d4bb23b8b446cd20ec,63,GameplayEffectSourceKind,All,explicit-serialized,effect:capacity:auditory-sensing:multiply,effect_capacity_auditory-sensing_multiply,10,0,487843195,2,GameplayEffectOperation,Multiply,explicit-serialized,2,GameplayEffectProjectionPhase,Multiplicative,explicit-serialized,0,GameplayEffectStackingPolicy,Stack All,explicit-serialized,capacity:auditory-sensing
research-effects,GameplayEffectDefinitionSO,GameplayEffectDefinitionSO|effect:capacity:communication:multiply,effect:capacity:communication:multiply,effect_capacity_communication_multiply,,작성 자산 정의,,서로 다른 콘텐츠가 공유하는 상태 변화를 단일 실행 규약으로 정의한다. 다른 콘텐츠 9개가 이 정의를 참조한다.,type-contract+description-and-relations,근거 확인,,active-authored,Assets/Resources/SO/Content/GameDomainContentCatalog.asset; Assets/Resources/SO/GameContentCatalog.asset,catalog-registered-static-consumer,Assets/Scripts/Services/Effects/Runtime/CharacterDerivedStatsSnapshot.cs; Assets/Scripts/Services/Effects/Runtime/GameplayEffectResultBoundsCatalog.cs; Assets/Scripts/Services/Foundation/GameplayEffectContracts.cs,Assets/Scripts/Services/Effects/Runtime/GameplayEffectResultBoundsCatalog.cs,9,CharacterSpeciesSO,서로 다른 콘텐츠가 공유하는 상태 변화를 단일 실행 규약으로 정의한다. 다른 콘텐츠 9개가 이 정의를 참조한다.,서로 다른 콘텐츠가 공유하는 상태 변화를 단일 실행 규약으로 정의한다,작성 자산에서 직접 비용·위험 수치를 확인할 수 없음,GameplayEffectDefinitionSO,"비교 후보(대체 가능성 미검증): GameplayEffectDefinitionSO:effect:arcane:mana-recovery:multiply, GameplayEffectDefinitionSO:effect:arcane:power:multiply, GameplayEffectDefinitionSO:effect:capacity:arcane-conduction:multiply, GameplayEffectDefinitionSO:effect:capacity:auditory-sensing:multiply, GameplayEffectDefinitionSO:effect:capacity:immune-defense:multiply, GameplayEffectDefinitionSO:effect:capacity:intake-processing:multiply, GameplayEffectDefinitionSO:effect:capacity:mental-maintenance:multiply, GameplayEffectDefinitionSO:effect:capacity:physical-mobility:multiply, GameplayEffectDefinitionSO:effect:capacity:physical-power:multiply, GameplayEffectDefinitionSO:effect:capacity:power-circulation:multiply, GameplayEffectDefinitionSO:effect:capacity:precision-manipulation:multiply, GameplayEffectDefinitionSO:effect:capacity:purification-processing:multiply 외 50개","직접 참조 9건에 영향: CharacterSpeciesSO:characterspecies:1, CharacterSpeciesSO:characterspecies:2, CharacterSpeciesSO:characterspecies:3, CharacterSpeciesSO:characterspecies:4, CharacterSpeciesSO:characterspecies:5, CharacterSpeciesSO:characterspecies:6, CharacterSpeciesSO:characterspecies:7, CharacterSpeciesSO:characterspecies:8, CharacterSpeciesSO:characterspecies:9",type-contract+description-and-relations; niche=type-contract; cost=type-contract,Assets/Resources/SO/V26/Effects/Definitions/effect_capacity_communication_multiply.asset,ad0a376957a1b5b42bfbd2975864c730,63,GameplayEffectSourceKind,All,explicit-serialized,effect:capacity:communication:multiply,effect_capacity_communication_multiply,10,0,1111728338,2,GameplayEffectOperation,Multiply,explicit-serialized,2,GameplayEffectProjectionPhase,Multiplicative,explicit-serialized,0,GameplayEffectStackingPolicy,Stack All,explicit-serialized,capacity:communication
research-effects,GameplayEffectDefinitionSO,GameplayEffectDefinitionSO|effect:capacity:immune-defense:multiply,effect:capacity:immune-defense:multiply,effect_capacity_immune-defense_multiply,,작성 자산 정의,,서로 다른 콘텐츠가 공유하는 상태 변화를 단일 실행 규약으로 정의한다. 다른 콘텐츠 9개가 이 정의를 참조한다.,type-contract+description-and-relations,근거 확인,,active-authored,Assets/Resources/SO/Content/GameDomainContentCatalog.asset; Assets/Resources/SO/GameContentCatalog.asset,catalog-registered-static-consumer,Assets/Scripts/Services/Effects/Runtime/CharacterDerivedStatsSnapshot.cs; Assets/Scripts/Services/Effects/Runtime/GameplayEffectResultBoundsCatalog.cs; Assets/Scripts/Services/Foundation/GameplayEffectContracts.cs,Assets/Scripts/Services/Effects/Runtime/GameplayEffectResultBoundsCatalog.cs,9,CharacterSpeciesSO,서로 다른 콘텐츠가 공유하는 상태 변화를 단일 실행 규약으로 정의한다. 다른 콘텐츠 9개가 이 정의를 참조한다.,서로 다른 콘텐츠가 공유하는 상태 변화를 단일 실행 규약으로 정의한다,작성 자산에서 직접 비용·위험 수치를 확인할 수 없음,GameplayEffectDefinitionSO,"비교 후보(대체 가능성 미검증): GameplayEffectDefinitionSO:effect:arcane:mana-recovery:multiply, GameplayEffectDefinitionSO:effect:arcane:power:multiply, GameplayEffectDefinitionSO:effect:capacity:arcane-conduction:multiply, GameplayEffectDefinitionSO:effect:capacity:auditory-sensing:multiply, GameplayEffectDefinitionSO:effect:capacity:communication:multiply, GameplayEffectDefinitionSO:effect:capacity:intake-processing:multiply, GameplayEffectDefinitionSO:effect:capacity:mental-maintenance:multiply, GameplayEffectDefinitionSO:effect:capacity:physical-mobility:multiply, GameplayEffectDefinitionSO:effect:capacity:physical-power:multiply, GameplayEffectDefinitionSO:effect:capacity:power-circulation:multiply, GameplayEffectDefinitionSO:effect:capacity:precision-manipulation:multiply, GameplayEffectDefinitionSO:effect:capacity:purification-processing:multiply 외 50개","직접 참조 9건에 영향: CharacterSpeciesSO:characterspecies:1, CharacterSpeciesSO:characterspecies:2, CharacterSpeciesSO:characterspecies:3, CharacterSpeciesSO:characterspecies:4, CharacterSpeciesSO:characterspecies:5, CharacterSpeciesSO:characterspecies:6, CharacterSpeciesSO:characterspecies:7, CharacterSpeciesSO:characterspecies:8, CharacterSpeciesSO:characterspecies:9",type-contract+description-and-relations; niche=type-contract; cost=type-contract,Assets/Resources/SO/V26/Effects/Definitions/effect_capacity_immune-defense_multiply.asset,ba0a979776169d34597d6d5c9e4e2d8e,63,GameplayEffectSourceKind,All,explicit-serialized,effect:capacity:immune-defense:multiply,effect_capacity_immune-defense_multiply,10,0,725713214,2,GameplayEffectOperation,Multiply,explicit-serialized,2,GameplayEffectProjectionPhase,Multiplicative,explicit-serialized,0,GameplayEffectStackingPolicy,Stack All,explicit-serialized,capacity:immune-defense
research-effects,GameplayEffectDefinitionSO,GameplayEffectDefinitionSO|effect:capacity:intake-processing:multiply,effect:capacity:intake-processing:multiply,effect_capacity_intake-processing_multiply,,작성 자산 정의,,서로 다른 콘텐츠가 공유하는 상태 변화를 단일 실행 규약으로 정의한다. 다른 콘텐츠 9개가 이 정의를 참조한다.,type-contract+description-and-relations,근거 확인,,active-authored,Assets/Resources/SO/Content/GameDomainContentCatalog.asset; Assets/Resources/SO/GameContentCatalog.asset,catalog-registered-static-consumer,Assets/Scripts/Services/Effects/Runtime/CharacterDerivedStatsSnapshot.cs; Assets/Scripts/Services/Effects/Runtime/GameplayEffectResultBoundsCatalog.cs; Assets/Scripts/Services/Foundation/GameplayEffectContracts.cs,Assets/Scripts/Services/Effects/Runtime/GameplayEffectResultBoundsCatalog.cs,9,CharacterSpeciesSO,서로 다른 콘텐츠가 공유하는 상태 변화를 단일 실행 규약으로 정의한다. 다른 콘텐츠 9개가 이 정의를 참조한다.,서로 다른 콘텐츠가 공유하는 상태 변화를 단일 실행 규약으로 정의한다,작성 자산에서 직접 비용·위험 수치를 확인할 수 없음,GameplayEffectDefinitionSO,"비교 후보(대체 가능성 미검증): GameplayEffectDefinitionSO:effect:arcane:mana-recovery:multiply, GameplayEffectDefinitionSO:effect:arcane:power:multiply, GameplayEffectDefinitionSO:effect:capacity:arcane-conduction:multiply, GameplayEffectDefinitionSO:effect:capacity:auditory-sensing:multiply, GameplayEffectDefinitionSO:effect:capacity:communication:multiply, GameplayEffectDefinitionSO:effect:capacity:immune-defense:multiply, GameplayEffectDefinitionSO:effect:capacity:mental-maintenance:multiply, GameplayEffectDefinitionSO:effect:capacity:physical-mobility:multiply, GameplayEffectDefinitionSO:effect:capacity:physical-power:multiply, GameplayEffectDefinitionSO:effect:capacity:power-circulation:multiply, GameplayEffectDefinitionSO:effect:capacity:precision-manipulation:multiply, GameplayEffectDefinitionSO:effect:capacity:purification-processing:multiply 외 50개","직접 참조 9건에 영향: CharacterSpeciesSO:characterspecies:1, CharacterSpeciesSO:characterspecies:2, CharacterSpeciesSO:characterspecies:3, CharacterSpeciesSO:characterspecies:4, CharacterSpeciesSO:characterspecies:5, CharacterSpeciesSO:characterspecies:6, CharacterSpeciesSO:characterspecies:7, CharacterSpeciesSO:characterspecies:8, CharacterSpeciesSO:characterspecies:9",type-contract+description-and-relations; niche=type-contract; cost=type-contract,Assets/Resources/SO/V26/Effects/Definitions/effect_capacity_intake-processing_multiply.asset,798519265bdbcb44e8d7179997823082,63,GameplayEffectSourceKind,All,explicit-serialized,effect:capacity:intake-processing:multiply,effect_capacity_intake-processing_multiply,10,0,1633113582,2,GameplayEffectOperation,Multiply,explicit-serialized,2,GameplayEffectProjectionPhase,Multiplicative,explicit-serialized,0,GameplayEffectStackingPolicy,Stack All,explicit-serialized,capacity:intake-processing
research-effects,GameplayEffectDefinitionSO,GameplayEffectDefinitionSO|effect:capacity:mental-maintenance:multiply,effect:capacity:mental-maintenance:multiply,effect_capacity_mental-maintenance_multiply,,작성 자산 정의,,서로 다른 콘텐츠가 공유하는 상태 변화를 단일 실행 규약으로 정의한다. 다른 콘텐츠 9개가 이 정의를 참조한다.,type-contract+description-and-relations,근거 확인,,active-authored,Assets/Resources/SO/Content/GameDomainContentCatalog.asset; Assets/Resources/SO/GameContentCatalog.asset,catalog-registered-static-consumer,Assets/Scripts/Services/Effects/Runtime/CharacterDerivedStatsSnapshot.cs; Assets/Scripts/Services/Effects/Runtime/GameplayEffectResultBoundsCatalog.cs; Assets/Scripts/Services/Foundation/GameplayEffectContracts.cs,Assets/Scripts/Services/Effects/Runtime/GameplayEffectResultBoundsCatalog.cs,9,CharacterSpeciesSO,서로 다른 콘텐츠가 공유하는 상태 변화를 단일 실행 규약으로 정의한다. 다른 콘텐츠 9개가 이 정의를 참조한다.,서로 다른 콘텐츠가 공유하는 상태 변화를 단일 실행 규약으로 정의한다,작성 자산에서 직접 비용·위험 수치를 확인할 수 없음,GameplayEffectDefinitionSO,"비교 후보(대체 가능성 미검증): GameplayEffectDefinitionSO:effect:arcane:mana-recovery:multiply, GameplayEffectDefinitionSO:effect:arcane:power:multiply, GameplayEffectDefinitionSO:effect:capacity:arcane-conduction:multiply, GameplayEffectDefinitionSO:effect:capacity:auditory-sensing:multiply, GameplayEffectDefinitionSO:effect:capacity:communication:multiply, GameplayEffectDefinitionSO:effect:capacity:immune-defense:multiply, GameplayEffectDefinitionSO:effect:capacity:intake-processing:multiply, GameplayEffectDefinitionSO:effect:capacity:physical-mobility:multiply, GameplayEffectDefinitionSO:effect:capacity:physical-power:multiply, GameplayEffectDefinitionSO:effect:capacity:power-circulation:multiply, GameplayEffectDefinitionSO:effect:capacity:precision-manipulation:multiply, GameplayEffectDefinitionSO:effect:capacity:purification-processing:multiply 외 50개","직접 참조 9건에 영향: CharacterSpeciesSO:characterspecies:1, CharacterSpeciesSO:characterspecies:2, CharacterSpeciesSO:characterspecies:3, CharacterSpeciesSO:characterspecies:4, CharacterSpeciesSO:characterspecies:5, CharacterSpeciesSO:characterspecies:6, CharacterSpeciesSO:characterspecies:7, CharacterSpeciesSO:characterspecies:8, CharacterSpeciesSO:characterspecies:9",type-contract+description-and-relations; niche=type-contract; cost=type-contract,Assets/Resources/SO/V26/Effects/Definitions/effect_capacity_mental-maintenance_multiply.asset,e824443ce8b009943965055bb5c84cce,63,GameplayEffectSourceKind,All,explicit-serialized,effect:capacity:mental-maintenance:multiply,effect_capacity_mental-maintenance_multiply,10,0,1455574801,2,GameplayEffectOperation,Multiply,explicit-serialized,2,GameplayEffectProjectionPhase,Multiplicative,explicit-serialized,0,GameplayEffectStackingPolicy,Stack All,explicit-serialized,capacity:mental-maintenance
research-effects,GameplayEffectDefinitionSO,GameplayEffectDefinitionSO|effect:capacity:physical-mobility:multiply,effect:capacity:physical-mobility:multiply,effect_capacity_physical-mobility_multiply,,작성 자산 정의,,서로 다른 콘텐츠가 공유하는 상태 변화를 단일 실행 규약으로 정의한다. 다른 콘텐츠 9개가 이 정의를 참조한다.,type-contract+description-and-relations,근거 확인,,active-authored,Assets/Resources/SO/Content/GameDomainContentCatalog.asset; Assets/Resources/SO/GameContentCatalog.asset,catalog-registered-static-consumer,Assets/Scripts/Services/Effects/Runtime/CharacterDerivedStatsSnapshot.cs; Assets/Scripts/Services/Effects/Runtime/GameplayEffectResultBoundsCatalog.cs; Assets/Scripts/Services/Foundation/GameplayEffectContracts.cs,Assets/Scripts/Services/Effects/Runtime/GameplayEffectResultBoundsCatalog.cs,9,CharacterSpeciesSO,서로 다른 콘텐츠가 공유하는 상태 변화를 단일 실행 규약으로 정의한다. 다른 콘텐츠 9개가 이 정의를 참조한다.,서로 다른 콘텐츠가 공유하는 상태 변화를 단일 실행 규약으로 정의한다,작성 자산에서 직접 비용·위험 수치를 확인할 수 없음,GameplayEffectDefinitionSO,"비교 후보(대체 가능성 미검증): GameplayEffectDefinitionSO:effect:arcane:mana-recovery:multiply, GameplayEffectDefinitionSO:effect:arcane:power:multiply, GameplayEffectDefinitionSO:effect:capacity:arcane-conduction:multiply, GameplayEffectDefinitionSO:effect:capacity:auditory-sensing:multiply, GameplayEffectDefinitionSO:effect:capacity:communication:multiply, GameplayEffectDefinitionSO:effect:capacity:immune-defense:multiply, GameplayEffectDefinitionSO:effect:capacity:intake-processing:multiply, GameplayEffectDefinitionSO:effect:capacity:mental-maintenance:multiply, GameplayEffectDefinitionSO:effect:capacity:physical-power:multiply, GameplayEffectDefinitionSO:effect:capacity:power-circulation:multiply, GameplayEffectDefinitionSO:effect:capacity:precision-manipulation:multiply, GameplayEffectDefinitionSO:effect:capacity:purification-processing:multiply 외 50개","직접 참조 9건에 영향: CharacterSpeciesSO:characterspecies:1, CharacterSpeciesSO:characterspecies:2, CharacterSpeciesSO:characterspecies:3, CharacterSpeciesSO:characterspecies:4, CharacterSpeciesSO:characterspecies:5, CharacterSpeciesSO:characterspecies:6, CharacterSpeciesSO:characterspecies:7, CharacterSpeciesSO:characterspecies:8, CharacterSpeciesSO:characterspecies:9",type-contract+description-and-relations; niche=type-contract; cost=type-contract,Assets/Resources/SO/V26/Effects/Definitions/effect_capacity_physical-mobility_multiply.asset,f663257780e25da4985e8411e2d66bbd,63,GameplayEffectSourceKind,All,explicit-serialized,effect:capacity:physical-mobility:multiply,effect_capacity_physical-mobility_multiply,10,0,954385273,2,GameplayEffectOperation,Multiply,explicit-serialized,2,GameplayEffectProjectionPhase,Multiplicative,explicit-serialized,0,GameplayEffectStackingPolicy,Stack All,explicit-serialized,capacity:physical-mobility
research-effects,GameplayEffectDefinitionSO,GameplayEffectDefinitionSO|effect:capacity:physical-power:multiply,effect:capacity:physical-power:multiply,effect_capacity_physical-power_multiply,,작성 자산 정의,,서로 다른 콘텐츠가 공유하는 상태 변화를 단일 실행 규약으로 정의한다. 다른 콘텐츠 9개가 이 정의를 참조한다.,type-contract+description-and-relations,근거 확인,,active-authored,Assets/Resources/SO/Content/GameDomainContentCatalog.asset; Assets/Resources/SO/GameContentCatalog.asset,catalog-registered-static-consumer,Assets/Scripts/Services/Effects/Runtime/CharacterDerivedStatsSnapshot.cs; Assets/Scripts/Services/Effects/Runtime/GameplayEffectResultBoundsCatalog.cs; Assets/Scripts/Services/Foundation/GameplayEffectContracts.cs,Assets/Scripts/Services/Effects/Runtime/GameplayEffectResultBoundsCatalog.cs,9,CharacterSpeciesSO,서로 다른 콘텐츠가 공유하는 상태 변화를 단일 실행 규약으로 정의한다. 다른 콘텐츠 9개가 이 정의를 참조한다.,서로 다른 콘텐츠가 공유하는 상태 변화를 단일 실행 규약으로 정의한다,작성 자산에서 직접 비용·위험 수치를 확인할 수 없음,GameplayEffectDefinitionSO,"비교 후보(대체 가능성 미검증): GameplayEffectDefinitionSO:effect:arcane:mana-recovery:multiply, GameplayEffectDefinitionSO:effect:arcane:power:multiply, GameplayEffectDefinitionSO:effect:capacity:arcane-conduction:multiply, GameplayEffectDefinitionSO:effect:capacity:auditory-sensing:multiply, GameplayEffectDefinitionSO:effect:capacity:communication:multiply, GameplayEffectDefinitionSO:effect:capacity:immune-defense:multiply, GameplayEffectDefinitionSO:effect:capacity:intake-processing:multiply, GameplayEffectDefinitionSO:effect:capacity:mental-maintenance:multiply, GameplayEffectDefinitionSO:effect:capacity:physical-mobility:multiply, GameplayEffectDefinitionSO:effect:capacity:power-circulation:multiply, GameplayEffectDefinitionSO:effect:capacity:precision-manipulation:multiply, GameplayEffectDefinitionSO:effect:capacity:purification-processing:multiply 외 50개","직접 참조 9건에 영향: CharacterSpeciesSO:characterspecies:1, CharacterSpeciesSO:characterspecies:2, CharacterSpeciesSO:characterspecies:3, CharacterSpeciesSO:characterspecies:4, CharacterSpeciesSO:characterspecies:5, CharacterSpeciesSO:characterspecies:6, CharacterSpeciesSO:characterspecies:7, CharacterSpeciesSO:characterspecies:8, CharacterSpeciesSO:characterspecies:9",type-contract+description-and-relations; niche=type-contract; cost=type-contract,Assets/Resources/SO/V26/Effects/Definitions/effect_capacity_physical-power_multiply.asset,3e6c3de3dbac42342ac392f653a710be,63,GameplayEffectSourceKind,All,explicit-serialized,effect:capacity:physical-power:multiply,effect_capacity_physical-power_multiply,10,0,1784987829,2,GameplayEffectOperation,Multiply,explicit-serialized,2,GameplayEffectProjectionPhase,Multiplicative,explicit-serialized,0,GameplayEffectStackingPolicy,Stack All,explicit-serialized,capacity:physical-power
research-effects,GameplayEffectDefinitionSO,GameplayEffectDefinitionSO|effect:capacity:power-circulation:multiply,effect:capacity:power-circulation:multiply,effect_capacity_power-circulation_multiply,,작성 자산 정의,,서로 다른 콘텐츠가 공유하는 상태 변화를 단일 실행 규약으로 정의한다. 다른 콘텐츠 9개가 이 정의를 참조한다.,type-contract+description-and-relations,근거 확인,,active-authored,Assets/Resources/SO/Content/GameDomainContentCatalog.asset; Assets/Resources/SO/GameContentCatalog.asset,catalog-registered-static-consumer,Assets/Scripts/Services/Effects/Runtime/CharacterDerivedStatsSnapshot.cs; Assets/Scripts/Services/Effects/Runtime/GameplayEffectResultBoundsCatalog.cs; Assets/Scripts/Services/Foundation/GameplayEffectContracts.cs,Assets/Scripts/Services/Effects/Runtime/GameplayEffectResultBoundsCatalog.cs,9,CharacterSpeciesSO,서로 다른 콘텐츠가 공유하는 상태 변화를 단일 실행 규약으로 정의한다. 다른 콘텐츠 9개가 이 정의를 참조한다.,서로 다른 콘텐츠가 공유하는 상태 변화를 단일 실행 규약으로 정의한다,작성 자산에서 직접 비용·위험 수치를 확인할 수 없음,GameplayEffectDefinitionSO,"비교 후보(대체 가능성 미검증): GameplayEffectDefinitionSO:effect:arcane:mana-recovery:multiply, GameplayEffectDefinitionSO:effect:arcane:power:multiply, GameplayEffectDefinitionSO:effect:capacity:arcane-conduction:multiply, GameplayEffectDefinitionSO:effect:capacity:auditory-sensing:multiply, GameplayEffectDefinitionSO:effect:capacity:communication:multiply, GameplayEffectDefinitionSO:effect:capacity:immune-defense:multiply, GameplayEffectDefinitionSO:effect:capacity:intake-processing:multiply, GameplayEffectDefinitionSO:effect:capacity:mental-maintenance:multiply, GameplayEffectDefinitionSO:effect:capacity:physical-mobility:multiply, GameplayEffectDefinitionSO:effect:capacity:physical-power:multiply, GameplayEffectDefinitionSO:effect:capacity:precision-manipulation:multiply, GameplayEffectDefinitionSO:effect:capacity:purification-processing:multiply 외 50개","직접 참조 9건에 영향: CharacterSpeciesSO:characterspecies:1, CharacterSpeciesSO:characterspecies:2, CharacterSpeciesSO:characterspecies:3, CharacterSpeciesSO:characterspecies:4, CharacterSpeciesSO:characterspecies:5, CharacterSpeciesSO:characterspecies:6, CharacterSpeciesSO:characterspecies:7, CharacterSpeciesSO:characterspecies:8, CharacterSpeciesSO:characterspecies:9",type-contract+description-and-relations; niche=type-contract; cost=type-contract,Assets/Resources/SO/V26/Effects/Definitions/effect_capacity_power-circulation_multiply.asset,c4320a922f47a944bac98c577c493f0b,63,GameplayEffectSourceKind,All,explicit-serialized,effect:capacity:power-circulation:multiply,effect_capacity_power-circulation_multiply,10,0,1860915367,2,GameplayEffectOperation,Multiply,explicit-serialized,2,GameplayEffectProjectionPhase,Multiplicative,explicit-serialized,0,GameplayEffectStackingPolicy,Stack All,explicit-serialized,capacity:power-circulation
research-effects,GameplayEffectDefinitionSO,GameplayEffectDefinitionSO|effect:capacity:precision-manipulation:multiply,effect:capacity:precision-manipulation:multiply,effect_capacity_precision-manipulation_multiply,,작성 자산 정의,,서로 다른 콘텐츠가 공유하는 상태 변화를 단일 실행 규약으로 정의한다. 다른 콘텐츠 9개가 이 정의를 참조한다.,type-contract+description-and-relations,근거 확인,,active-authored,Assets/Resources/SO/Content/GameDomainContentCatalog.asset; Assets/Resources/SO/GameContentCatalog.asset,catalog-registered-static-consumer,Assets/Scripts/Services/Effects/Runtime/CharacterDerivedStatsSnapshot.cs; Assets/Scripts/Services/Effects/Runtime/GameplayEffectResultBoundsCatalog.cs; Assets/Scripts/Services/Foundation/GameplayEffectContracts.cs,Assets/Scripts/Services/Effects/Runtime/GameplayEffectResultBoundsCatalog.cs,9,CharacterSpeciesSO,서로 다른 콘텐츠가 공유하는 상태 변화를 단일 실행 규약으로 정의한다. 다른 콘텐츠 9개가 이 정의를 참조한다.,서로 다른 콘텐츠가 공유하는 상태 변화를 단일 실행 규약으로 정의한다,작성 자산에서 직접 비용·위험 수치를 확인할 수 없음,GameplayEffectDefinitionSO,"비교 후보(대체 가능성 미검증): GameplayEffectDefinitionSO:effect:arcane:mana-recovery:multiply, GameplayEffectDefinitionSO:effect:arcane:power:multiply, GameplayEffectDefinitionSO:effect:capacity:arcane-conduction:multiply, GameplayEffectDefinitionSO:effect:capacity:auditory-sensing:multiply, GameplayEffectDefinitionSO:effect:capacity:communication:multiply, GameplayEffectDefinitionSO:effect:capacity:immune-defense:multiply, GameplayEffectDefinitionSO:effect:capacity:intake-processing:multiply, GameplayEffectDefinitionSO:effect:capacity:mental-maintenance:multiply, GameplayEffectDefinitionSO:effect:capacity:physical-mobility:multiply, GameplayEffectDefinitionSO:effect:capacity:physical-power:multiply, GameplayEffectDefinitionSO:effect:capacity:power-circulation:multiply, GameplayEffectDefinitionSO:effect:capacity:purification-processing:multiply 외 50개","직접 참조 9건에 영향: CharacterSpeciesSO:characterspecies:1, CharacterSpeciesSO:characterspecies:2, CharacterSpeciesSO:characterspecies:3, CharacterSpeciesSO:characterspecies:4, CharacterSpeciesSO:characterspecies:5, CharacterSpeciesSO:characterspecies:6, CharacterSpeciesSO:characterspecies:7, CharacterSpeciesSO:characterspecies:8, CharacterSpeciesSO:characterspecies:9",type-contract+description-and-relations; niche=type-contract; cost=type-contract,Assets/Resources/SO/V26/Effects/Definitions/effect_capacity_precision-manipulation_multiply.asset,65206679fe515374e90ed42156a79020,63,GameplayEffectSourceKind,All,explicit-serialized,effect:capacity:precision-manipulation:multiply,effect_capacity_precision-manipulation_multiply,10,0,1262135720,2,GameplayEffectOperation,Multiply,explicit-serialized,2,GameplayEffectProjectionPhase,Multiplicative,explicit-serialized,0,GameplayEffectStackingPolicy,Stack All,explicit-serialized,capacity:precision-manipulation
research-effects,GameplayEffectDefinitionSO,GameplayEffectDefinitionSO|effect:capacity:purification-processing:multiply,effect:capacity:purification-processing:multiply,effect_capacity_purification-processing_multiply,,작성 자산 정의,,서로 다른 콘텐츠가 공유하는 상태 변화를 단일 실행 규약으로 정의한다. 다른 콘텐츠 9개가 이 정의를 참조한다.,type-contract+description-and-relations,근거 확인,,active-authored,Assets/Resources/SO/Content/GameDomainContentCatalog.asset; Assets/Resources/SO/GameContentCatalog.asset,catalog-registered-static-consumer,Assets/Scripts/Services/Effects/Runtime/CharacterDerivedStatsSnapshot.cs; Assets/Scripts/Services/Effects/Runtime/GameplayEffectResultBoundsCatalog.cs; Assets/Scripts/Services/Foundation/GameplayEffectContracts.cs,Assets/Scripts/Services/Effects/Runtime/GameplayEffectResultBoundsCatalog.cs,9,CharacterSpeciesSO,서로 다른 콘텐츠가 공유하는 상태 변화를 단일 실행 규약으로 정의한다. 다른 콘텐츠 9개가 이 정의를 참조한다.,서로 다른 콘텐츠가 공유하는 상태 변화를 단일 실행 규약으로 정의한다,작성 자산에서 직접 비용·위험 수치를 확인할 수 없음,GameplayEffectDefinitionSO,"비교 후보(대체 가능성 미검증): GameplayEffectDefinitionSO:effect:arcane:mana-recovery:multiply, GameplayEffectDefinitionSO:effect:arcane:power:multiply, GameplayEffectDefinitionSO:effect:capacity:arcane-conduction:multiply, GameplayEffectDefinitionSO:effect:capacity:auditory-sensing:multiply, GameplayEffectDefinitionSO:effect:capacity:communication:multiply, GameplayEffectDefinitionSO:effect:capacity:immune-defense:multiply, GameplayEffectDefinitionSO:effect:capacity:intake-processing:multiply, GameplayEffectDefinitionSO:effect:capacity:mental-maintenance:multiply, GameplayEffectDefinitionSO:effect:capacity:physical-mobility:multiply, GameplayEffectDefinitionSO:effect:capacity:physical-power:multiply, GameplayEffectDefinitionSO:effect:capacity:power-circulation:multiply, GameplayEffectDefinitionSO:effect:capacity:precision-manipulation:multiply 외 50개","직접 참조 9건에 영향: CharacterSpeciesSO:characterspecies:1, CharacterSpeciesSO:characterspecies:2, CharacterSpeciesSO:characterspecies:3, CharacterSpeciesSO:characterspecies:4, CharacterSpeciesSO:characterspecies:5, CharacterSpeciesSO:characterspecies:6, CharacterSpeciesSO:characterspecies:7, CharacterSpeciesSO:characterspecies:8, CharacterSpeciesSO:characterspecies:9",type-contract+description-and-relations; niche=type-contract; cost=type-contract,Assets/Resources/SO/V26/Effects/Definitions/effect_capacity_purification-processing_multiply.asset,9646fe5d20b2ffb4691924f2c54f043c,63,GameplayEffectSourceKind,All,explicit-serialized,effect:capacity:purification-processing:multiply,effect_capacity_purification-processing_multiply,10,0,1710540267,2,GameplayEffectOperation,Multiply,explicit-serialized,2,GameplayEffectProjectionPhase,Multiplicative,explicit-serialized,0,GameplayEffectStackingPolicy,Stack All,explicit-serialized,capacity:purification-processing
research-effects,GameplayEffectDefinitionSO,GameplayEffectDefinitionSO|effect:capacity:respiratory-exchange:multiply,effect:capacity:respiratory-exchange:multiply,effect_capacity_respiratory-exchange_multiply,,작성 자산 정의,,서로 다른 콘텐츠가 공유하는 상태 변화를 단일 실행 규약으로 정의한다. 다른 콘텐츠 9개가 이 정의를 참조한다.,type-contract+description-and-relations,근거 확인,,active-authored,Assets/Resources/SO/Content/GameDomainContentCatalog.asset; Assets/Resources/SO/GameContentCatalog.asset,catalog-registered-static-consumer,Assets/Scripts/Services/Effects/Runtime/CharacterDerivedStatsSnapshot.cs; Assets/Scripts/Services/Effects/Runtime/GameplayEffectResultBoundsCatalog.cs; Assets/Scripts/Services/Foundation/GameplayEffectContracts.cs,Assets/Scripts/Services/Effects/Runtime/GameplayEffectResultBoundsCatalog.cs,9,CharacterSpeciesSO,서로 다른 콘텐츠가 공유하는 상태 변화를 단일 실행 규약으로 정의한다. 다른 콘텐츠 9개가 이 정의를 참조한다.,서로 다른 콘텐츠가 공유하는 상태 변화를 단일 실행 규약으로 정의한다,작성 자산에서 직접 비용·위험 수치를 확인할 수 없음,GameplayEffectDefinitionSO,"비교 후보(대체 가능성 미검증): GameplayEffectDefinitionSO:effect:arcane:mana-recovery:multiply, GameplayEffectDefinitionSO:effect:arcane:power:multiply, GameplayEffectDefinitionSO:effect:capacity:arcane-conduction:multiply, GameplayEffectDefinitionSO:effect:capacity:auditory-sensing:multiply, GameplayEffectDefinitionSO:effect:capacity:communication:multiply, GameplayEffectDefinitionSO:effect:capacity:immune-defense:multiply, GameplayEffectDefinitionSO:effect:capacity:intake-processing:multiply, GameplayEffectDefinitionSO:effect:capacity:mental-maintenance:multiply, GameplayEffectDefinitionSO:effect:capacity:physical-mobility:multiply, GameplayEffectDefinitionSO:effect:capacity:physical-power:multiply, GameplayEffectDefinitionSO:effect:capacity:power-circulation:multiply, GameplayEffectDefinitionSO:effect:capacity:precision-manipulation:multiply 외 50개","직접 참조 9건에 영향: CharacterSpeciesSO:characterspecies:1, CharacterSpeciesSO:characterspecies:2, CharacterSpeciesSO:characterspecies:3, CharacterSpeciesSO:characterspecies:4, CharacterSpeciesSO:characterspecies:5, CharacterSpeciesSO:characterspecies:6, CharacterSpeciesSO:characterspecies:7, CharacterSpeciesSO:characterspecies:8, CharacterSpeciesSO:characterspecies:9",type-contract+description-and-relations; niche=type-contract; cost=type-contract,Assets/Resources/SO/V26/Effects/Definitions/effect_capacity_respiratory-exchange_multiply.asset,bf0c7ee266c94734491fabbefc56f3bd,63,GameplayEffectSourceKind,All,explicit-serialized,effect:capacity:respiratory-exchange:multiply,effect_capacity_respiratory-exchange_multiply,10,0,1737094640,2,GameplayEffectOperation,Multiply,explicit-serialized,2,GameplayEffectProjectionPhase,Multiplicative,explicit-serialized,0,GameplayEffectStackingPolicy,Stack All,explicit-serialized,capacity:respiratory-exchange
research-effects,GameplayEffectDefinitionSO,GameplayEffectDefinitionSO|effect:capacity:visual-discernment:multiply,effect:capacity:visual-discernment:multiply,effect_capacity_visual-discernment_multiply,,작성 자산 정의,,서로 다른 콘텐츠가 공유하는 상태 변화를 단일 실행 규약으로 정의한다. 다른 콘텐츠 9개가 이 정의를 참조한다.,type-contract+description-and-relations,근거 확인,,active-authored,Assets/Resources/SO/Content/GameDomainContentCatalog.asset; Assets/Resources/SO/GameContentCatalog.asset,catalog-registered-static-consumer,Assets/Scripts/Services/Effects/Runtime/CharacterDerivedStatsSnapshot.cs; Assets/Scripts/Services/Effects/Runtime/GameplayEffectResultBoundsCatalog.cs; Assets/Scripts/Services/Foundation/GameplayEffectContracts.cs,Assets/Scripts/Services/Effects/Runtime/GameplayEffectResultBoundsCatalog.cs,9,CharacterSpeciesSO,서로 다른 콘텐츠가 공유하는 상태 변화를 단일 실행 규약으로 정의한다. 다른 콘텐츠 9개가 이 정의를 참조한다.,서로 다른 콘텐츠가 공유하는 상태 변화를 단일 실행 규약으로 정의한다,작성 자산에서 직접 비용·위험 수치를 확인할 수 없음,GameplayEffectDefinitionSO,"비교 후보(대체 가능성 미검증): GameplayEffectDefinitionSO:effect:arcane:mana-recovery:multiply, GameplayEffectDefinitionSO:effect:arcane:power:multiply, GameplayEffectDefinitionSO:effect:capacity:arcane-conduction:multiply, GameplayEffectDefinitionSO:effect:capacity:auditory-sensing:multiply, GameplayEffectDefinitionSO:effect:capacity:communication:multiply, GameplayEffectDefinitionSO:effect:capacity:immune-defense:multiply, GameplayEffectDefinitionSO:effect:capacity:intake-processing:multiply, GameplayEffectDefinitionSO:effect:capacity:mental-maintenance:multiply, GameplayEffectDefinitionSO:effect:capacity:physical-mobility:multiply, GameplayEffectDefinitionSO:effect:capacity:physical-power:multiply, GameplayEffectDefinitionSO:effect:capacity:power-circulation:multiply, GameplayEffectDefinitionSO:effect:capacity:precision-manipulation:multiply 외 50개","직접 참조 9건에 영향: CharacterSpeciesSO:characterspecies:1, CharacterSpeciesSO:characterspecies:2, CharacterSpeciesSO:characterspecies:3, CharacterSpeciesSO:characterspecies:4, CharacterSpeciesSO:characterspecies:5, CharacterSpeciesSO:characterspecies:6, CharacterSpeciesSO:characterspecies:7, CharacterSpeciesSO:characterspecies:8, CharacterSpeciesSO:characterspecies:9",type-contract+description-and-relations; niche=type-contract; cost=type-contract,Assets/Resources/SO/V26/Effects/Definitions/effect_capacity_visual-discernment_multiply.asset,7294ccb39b7adea47aadcc65dde9b29e,63,GameplayEffectSourceKind,All,explicit-serialized,effect:capacity:visual-discernment:multiply,effect_capacity_visual-discernment_multiply,10,0,485519475,2,GameplayEffectOperation,Multiply,explicit-serialized,2,GameplayEffectProjectionPhase,Multiplicative,explicit-serialized,0,GameplayEffectStackingPolicy,Stack All,explicit-serialized,capacity:visual-discernment
research-effects,GameplayEffectDefinitionSO,GameplayEffectDefinitionSO|effect:capacity:vitality-response:multiply,effect:capacity:vitality-response:multiply,effect_capacity_vitality-response_multiply,,작성 자산 정의,,서로 다른 콘텐츠가 공유하는 상태 변화를 단일 실행 규약으로 정의한다. 다른 콘텐츠 9개가 이 정의를 참조한다.,type-contract+description-and-relations,근거 확인,,active-authored,Assets/Resources/SO/Content/GameDomainContentCatalog.asset; Assets/Resources/SO/GameContentCatalog.asset,catalog-registered-static-consumer,Assets/Scripts/Services/Effects/Runtime/CharacterDerivedStatsSnapshot.cs; Assets/Scripts/Services/Effects/Runtime/GameplayEffectResultBoundsCatalog.cs; Assets/Scripts/Services/Foundation/GameplayEffectContracts.cs,Assets/Scripts/Services/Effects/Runtime/GameplayEffectResultBoundsCatalog.cs,9,CharacterSpeciesSO,서로 다른 콘텐츠가 공유하는 상태 변화를 단일 실행 규약으로 정의한다. 다른 콘텐츠 9개가 이 정의를 참조한다.,서로 다른 콘텐츠가 공유하는 상태 변화를 단일 실행 규약으로 정의한다,작성 자산에서 직접 비용·위험 수치를 확인할 수 없음,GameplayEffectDefinitionSO,"비교 후보(대체 가능성 미검증): GameplayEffectDefinitionSO:effect:arcane:mana-recovery:multiply, GameplayEffectDefinitionSO:effect:arcane:power:multiply, GameplayEffectDefinitionSO:effect:capacity:arcane-conduction:multiply, GameplayEffectDefinitionSO:effect:capacity:auditory-sensing:multiply, GameplayEffectDefinitionSO:effect:capacity:communication:multiply, GameplayEffectDefinitionSO:effect:capacity:immune-defense:multiply, GameplayEffectDefinitionSO:effect:capacity:intake-processing:multiply, GameplayEffectDefinitionSO:effect:capacity:mental-maintenance:multiply, GameplayEffectDefinitionSO:effect:capacity:physical-mobility:multiply, GameplayEffectDefinitionSO:effect:capacity:physical-power:multiply, GameplayEffectDefinitionSO:effect:capacity:power-circulation:multiply, GameplayEffectDefinitionSO:effect:capacity:precision-manipulation:multiply 외 50개","직접 참조 9건에 영향: CharacterSpeciesSO:characterspecies:1, CharacterSpeciesSO:characterspecies:2, CharacterSpeciesSO:characterspecies:3, CharacterSpeciesSO:characterspecies:4, CharacterSpeciesSO:characterspecies:5, CharacterSpeciesSO:characterspecies:6, CharacterSpeciesSO:characterspecies:7, CharacterSpeciesSO:characterspecies:8, CharacterSpeciesSO:characterspecies:9",type-contract+description-and-relations; niche=type-contract; cost=type-contract,Assets/Resources/SO/V26/Effects/Definitions/effect_capacity_vitality-response_multiply.asset,e505e4d6c6b105d41920604fab29dd97,63,GameplayEffectSourceKind,All,explicit-serialized,effect:capacity:vitality-response:multiply,effect_capacity_vitality-response_multiply,10,0,24882768,2,GameplayEffectOperation,Multiply,explicit-serialized,2,GameplayEffectProjectionPhase,Multiplicative,explicit-serialized,0,GameplayEffectStackingPolicy,Stack All,explicit-serialized,capacity:vitality-response
research-effects,GameplayEffectDefinitionSO,GameplayEffectDefinitionSO|effect:character:accident-chance:multiply,effect:character:accident-chance:multiply,effect_character_accident-chance_multiply,,작성 자산 정의,,서로 다른 콘텐츠가 공유하는 상태 변화를 단일 실행 규약으로 정의한다. 다른 콘텐츠 17개가 이 정의를 참조한다.,type-contract+description-and-relations,근거 확인,,active-authored,Assets/Resources/SO/Content/GameDomainContentCatalog.asset; Assets/Resources/SO/GameContentCatalog.asset,catalog-registered-static-consumer,Assets/Scripts/Services/Effects/Runtime/CharacterDerivedStatsSnapshot.cs; Assets/Scripts/Services/Effects/Runtime/GameplayEffectResultBoundsCatalog.cs; Assets/Scripts/Services/Foundation/GameplayEffectContracts.cs,Assets/Scripts/Services/Effects/Runtime/GameplayEffectResultBoundsCatalog.cs,17,CharacterTraitSO,서로 다른 콘텐츠가 공유하는 상태 변화를 단일 실행 규약으로 정의한다. 다른 콘텐츠 17개가 이 정의를 참조한다.,서로 다른 콘텐츠가 공유하는 상태 변화를 단일 실행 규약으로 정의한다,작성 자산에서 직접 비용·위험 수치를 확인할 수 없음,GameplayEffectDefinitionSO,"비교 후보(대체 가능성 미검증): GameplayEffectDefinitionSO:effect:arcane:mana-recovery:multiply, GameplayEffectDefinitionSO:effect:arcane:power:multiply, GameplayEffectDefinitionSO:effect:capacity:arcane-conduction:multiply, GameplayEffectDefinitionSO:effect:capacity:auditory-sensing:multiply, GameplayEffectDefinitionSO:effect:capacity:communication:multiply, GameplayEffectDefinitionSO:effect:capacity:immune-defense:multiply, GameplayEffectDefinitionSO:effect:capacity:intake-processing:multiply, GameplayEffectDefinitionSO:effect:capacity:mental-maintenance:multiply, GameplayEffectDefinitionSO:effect:capacity:physical-mobility:multiply, GameplayEffectDefinitionSO:effect:capacity:physical-power:multiply, GameplayEffectDefinitionSO:effect:capacity:power-circulation:multiply, GameplayEffectDefinitionSO:effect:capacity:precision-manipulation:multiply 외 50개","직접 참조 17건에 영향: CharacterTraitSO:trait:102, CharacterTraitSO:trait:104, CharacterTraitSO:trait:105, CharacterTraitSO:trait:106, CharacterTraitSO:trait:107, CharacterTraitSO:trait:108, CharacterTraitSO:trait:202, CharacterTraitSO:trait:211, CharacterTraitSO:trait:215, CharacterTraitSO:trait:216 외",type-contract+description-and-relations; niche=type-contract; cost=type-contract,Assets/Resources/SO/V26/Effects/Definitions/effect_character_accident-chance_multiply.asset,ab46736f68b07c442bc3c27bbc87e7cc,63,GameplayEffectSourceKind,All,explicit-serialized,effect:character:accident-chance:multiply,effect_character_accident-chance_multiply,10,0,898799307,2,GameplayEffectOperation,Multiply,explicit-serialized,2,GameplayEffectProjectionPhase,Multiplicative,explicit-serialized,0,GameplayEffectStackingPolicy,Stack All,explicit-serialized,character:accident-chance
research-effects,GameplayEffectDefinitionSO,GameplayEffectDefinitionSO|effect:character:alarm-response-delay:multiply,effect:character:alarm-response-delay:multiply,effect_character_alarm-response-delay_multiply,,작성 자산 정의,,서로 다른 콘텐츠가 공유하는 상태 변화를 단일 실행 규약으로 정의한다. 다른 콘텐츠 1개가 이 정의를 참조한다.,type-contract+description-and-relations,근거 확인,,active-authored,Assets/Resources/SO/Content/GameDomainContentCatalog.asset; Assets/Resources/SO/GameContentCatalog.asset,catalog-registered-static-consumer,Assets/Scripts/Services/Effects/Runtime/CharacterDerivedStatsSnapshot.cs; Assets/Scripts/Services/Effects/Runtime/GameplayEffectResultBoundsCatalog.cs; Assets/Scripts/Services/Foundation/GameplayEffectContracts.cs,Assets/Scripts/Services/Effects/Runtime/GameplayEffectResultBoundsCatalog.cs,1,CharacterTraitSO,서로 다른 콘텐츠가 공유하는 상태 변화를 단일 실행 규약으로 정의한다. 다른 콘텐츠 1개가 이 정의를 참조한다.,서로 다른 콘텐츠가 공유하는 상태 변화를 단일 실행 규약으로 정의한다,작성 자산에서 직접 비용·위험 수치를 확인할 수 없음,GameplayEffectDefinitionSO,"비교 후보(대체 가능성 미검증): GameplayEffectDefinitionSO:effect:arcane:mana-recovery:multiply, GameplayEffectDefinitionSO:effect:arcane:power:multiply, GameplayEffectDefinitionSO:effect:capacity:arcane-conduction:multiply, GameplayEffectDefinitionSO:effect:capacity:auditory-sensing:multiply, GameplayEffectDefinitionSO:effect:capacity:communication:multiply, GameplayEffectDefinitionSO:effect:capacity:immune-defense:multiply, GameplayEffectDefinitionSO:effect:capacity:intake-processing:multiply, GameplayEffectDefinitionSO:effect:capacity:mental-maintenance:multiply, GameplayEffectDefinitionSO:effect:capacity:physical-mobility:multiply, GameplayEffectDefinitionSO:effect:capacity:physical-power:multiply, GameplayEffectDefinitionSO:effect:capacity:power-circulation:multiply, GameplayEffectDefinitionSO:effect:capacity:precision-manipulation:multiply 외 50개",직접 참조 1건에 영향: CharacterTraitSO:trait:201,type-contract+description-and-relations; niche=type-contract; cost=type-contract,Assets/Resources/SO/V26/Effects/Definitions/effect_character_alarm-response-delay_multiply.asset,50ccd095fc99c1145881a98c9bbf5155,63,GameplayEffectSourceKind,All,explicit-serialized,effect:character:alarm-response-delay:multiply,effect_character_alarm-response-delay_multiply,10,0,697082914,2,GameplayEffectOperation,Multiply,explicit-serialized,2,GameplayEffectProjectionPhase,Multiplicative,explicit-serialized,0,GameplayEffectStackingPolicy,Stack All,explicit-serialized,character:alarm-response-delay
research-effects,GameplayEffectDefinitionSO,GameplayEffectDefinitionSO|effect:character:cold-exposure:multiply,effect:character:cold-exposure:multiply,effect_character_cold-exposure_multiply,,작성 자산 정의,,서로 다른 콘텐츠가 공유하는 상태 변화를 단일 실행 규약으로 정의한다. 다른 콘텐츠 6개가 이 정의를 참조한다.,type-contract+description-and-relations,근거 확인,,active-authored,Assets/Resources/SO/Content/GameDomainContentCatalog.asset; Assets/Resources/SO/GameContentCatalog.asset,catalog-registered-static-consumer,Assets/Scripts/Services/Effects/Runtime/CharacterDerivedStatsSnapshot.cs; Assets/Scripts/Services/Effects/Runtime/GameplayEffectResultBoundsCatalog.cs; Assets/Scripts/Services/Foundation/GameplayEffectContracts.cs,Assets/Scripts/Services/Effects/Runtime/GameplayEffectResultBoundsCatalog.cs,6,CharacterTraitSO,서로 다른 콘텐츠가 공유하는 상태 변화를 단일 실행 규약으로 정의한다. 다른 콘텐츠 6개가 이 정의를 참조한다.,서로 다른 콘텐츠가 공유하는 상태 변화를 단일 실행 규약으로 정의한다,작성 자산에서 직접 비용·위험 수치를 확인할 수 없음,GameplayEffectDefinitionSO,"비교 후보(대체 가능성 미검증): GameplayEffectDefinitionSO:effect:arcane:mana-recovery:multiply, GameplayEffectDefinitionSO:effect:arcane:power:multiply, GameplayEffectDefinitionSO:effect:capacity:arcane-conduction:multiply, GameplayEffectDefinitionSO:effect:capacity:auditory-sensing:multiply, GameplayEffectDefinitionSO:effect:capacity:communication:multiply, GameplayEffectDefinitionSO:effect:capacity:immune-defense:multiply, GameplayEffectDefinitionSO:effect:capacity:intake-processing:multiply, GameplayEffectDefinitionSO:effect:capacity:mental-maintenance:multiply, GameplayEffectDefinitionSO:effect:capacity:physical-mobility:multiply, GameplayEffectDefinitionSO:effect:capacity:physical-power:multiply, GameplayEffectDefinitionSO:effect:capacity:power-circulation:multiply, GameplayEffectDefinitionSO:effect:capacity:precision-manipulation:multiply 외 50개","직접 참조 6건에 영향: CharacterTraitSO:trait:109, CharacterTraitSO:trait:208, CharacterTraitSO:trait:209, CharacterTraitSO:trait:212, CharacterTraitSO:trait:417, CharacterTraitSO:trait:517",type-contract+description-and-relations; niche=type-contract; cost=type-contract,Assets/Resources/SO/V26/Effects/Definitions/effect_character_cold-exposure_multiply.asset,426f03603ba79a7459d9214b87e09318,63,GameplayEffectSourceKind,All,explicit-serialized,effect:character:cold-exposure:multiply,effect_character_cold-exposure_multiply,10,0,985877905,2,GameplayEffectOperation,Multiply,explicit-serialized,2,GameplayEffectProjectionPhase,Multiplicative,explicit-serialized,0,GameplayEffectStackingPolicy,Stack All,explicit-serialized,character:cold-exposure
research-effects,GameplayEffectDefinitionSO,GameplayEffectDefinitionSO|effect:character:combat-power:multiply,effect:character:combat-power:multiply,effect_character_combat-power_multiply,,작성 자산 정의,,서로 다른 콘텐츠가 공유하는 상태 변화를 단일 실행 규약으로 정의한다. 다른 콘텐츠 10개가 이 정의를 참조한다.,type-contract+description-and-relations,근거 확인,,active-authored,Assets/Resources/SO/Content/GameDomainContentCatalog.asset; Assets/Resources/SO/GameContentCatalog.asset,catalog-registered-static-consumer,Assets/Scripts/Services/Effects/Runtime/CharacterDerivedStatsSnapshot.cs; Assets/Scripts/Services/Effects/Runtime/GameplayEffectResultBoundsCatalog.cs; Assets/Scripts/Services/Foundation/GameplayEffectContracts.cs,Assets/Scripts/Services/Effects/Runtime/GameplayEffectResultBoundsCatalog.cs,10,CharacterTraitSO,서로 다른 콘텐츠가 공유하는 상태 변화를 단일 실행 규약으로 정의한다. 다른 콘텐츠 10개가 이 정의를 참조한다.,서로 다른 콘텐츠가 공유하는 상태 변화를 단일 실행 규약으로 정의한다,작성 자산에서 직접 비용·위험 수치를 확인할 수 없음,GameplayEffectDefinitionSO,"비교 후보(대체 가능성 미검증): GameplayEffectDefinitionSO:effect:arcane:mana-recovery:multiply, GameplayEffectDefinitionSO:effect:arcane:power:multiply, GameplayEffectDefinitionSO:effect:capacity:arcane-conduction:multiply, GameplayEffectDefinitionSO:effect:capacity:auditory-sensing:multiply, GameplayEffectDefinitionSO:effect:capacity:communication:multiply, GameplayEffectDefinitionSO:effect:capacity:immune-defense:multiply, GameplayEffectDefinitionSO:effect:capacity:intake-processing:multiply, GameplayEffectDefinitionSO:effect:capacity:mental-maintenance:multiply, GameplayEffectDefinitionSO:effect:capacity:physical-mobility:multiply, GameplayEffectDefinitionSO:effect:capacity:physical-power:multiply, GameplayEffectDefinitionSO:effect:capacity:power-circulation:multiply, GameplayEffectDefinitionSO:effect:capacity:precision-manipulation:multiply 외 50개","직접 참조 10건에 영향: CharacterTraitSO:trait:105, CharacterTraitSO:trait:106, CharacterTraitSO:trait:203, CharacterTraitSO:trait:204, CharacterTraitSO:trait:206, CharacterTraitSO:trait:209, CharacterTraitSO:trait:239, CharacterTraitSO:trait:301, CharacterTraitSO:trait:415, CharacterTraitSO:trait:515",type-contract+description-and-relations; niche=type-contract; cost=type-contract,Assets/Resources/SO/V26/Effects/Definitions/effect_character_combat-power_multiply.asset,137c7667173fc054eb6777aec0aa16f2,63,GameplayEffectSourceKind,All,explicit-serialized,effect:character:combat-power:multiply,effect_character_combat-power_multiply,10,0,1298647019,2,GameplayEffectOperation,Multiply,explicit-serialized,2,GameplayEffectProjectionPhase,Multiplicative,explicit-serialized,0,GameplayEffectStackingPolicy,Stack All,explicit-serialized,character:combat-power
research-effects,GameplayEffectDefinitionSO,GameplayEffectDefinitionSO|effect:character:combat-stress:multiply,effect:character:combat-stress:multiply,effect_character_combat-stress_multiply,,작성 자산 정의,,서로 다른 콘텐츠가 공유하는 상태 변화를 단일 실행 규약으로 정의한다. 다른 콘텐츠 1개가 이 정의를 참조한다.,type-contract+description-and-relations,근거 확인,,active-authored,Assets/Resources/SO/Content/GameDomainContentCatalog.asset; Assets/Resources/SO/GameContentCatalog.asset,catalog-registered-static-consumer,Assets/Scripts/Services/Effects/Runtime/CharacterDerivedStatsSnapshot.cs; Assets/Scripts/Services/Effects/Runtime/GameplayEffectResultBoundsCatalog.cs; Assets/Scripts/Services/Foundation/GameplayEffectContracts.cs,Assets/Scripts/Services/Effects/Runtime/GameplayEffectResultBoundsCatalog.cs,1,CharacterTraitSO,서로 다른 콘텐츠가 공유하는 상태 변화를 단일 실행 규약으로 정의한다. 다른 콘텐츠 1개가 이 정의를 참조한다.,서로 다른 콘텐츠가 공유하는 상태 변화를 단일 실행 규약으로 정의한다,작성 자산에서 직접 비용·위험 수치를 확인할 수 없음,GameplayEffectDefinitionSO,"비교 후보(대체 가능성 미검증): GameplayEffectDefinitionSO:effect:arcane:mana-recovery:multiply, GameplayEffectDefinitionSO:effect:arcane:power:multiply, GameplayEffectDefinitionSO:effect:capacity:arcane-conduction:multiply, GameplayEffectDefinitionSO:effect:capacity:auditory-sensing:multiply, GameplayEffectDefinitionSO:effect:capacity:communication:multiply, GameplayEffectDefinitionSO:effect:capacity:immune-defense:multiply, GameplayEffectDefinitionSO:effect:capacity:intake-processing:multiply, GameplayEffectDefinitionSO:effect:capacity:mental-maintenance:multiply, GameplayEffectDefinitionSO:effect:capacity:physical-mobility:multiply, GameplayEffectDefinitionSO:effect:capacity:physical-power:multiply, GameplayEffectDefinitionSO:effect:capacity:power-circulation:multiply, GameplayEffectDefinitionSO:effect:capacity:precision-manipulation:multiply 외 50개",직접 참조 1건에 영향: CharacterTraitSO:trait:239,type-contract+description-and-relations; niche=type-contract; cost=type-contract,Assets/Resources/SO/V26/Effects/Definitions/effect_character_combat-stress_multiply.asset,cb552d9648646504ab3b1ac07d03efa6,63,GameplayEffectSourceKind,All,explicit-serialized,effect:character:combat-stress:multiply,effect_character_combat-stress_multiply,10,0,1753027430,2,GameplayEffectOperation,Multiply,explicit-serialized,2,GameplayEffectProjectionPhase,Multiplicative,explicit-serialized,0,GameplayEffectStackingPolicy,Stack All,explicit-serialized,character:combat-stress
research-effects,GameplayEffectDefinitionSO,GameplayEffectDefinitionSO|effect:character:consumption:multiply,effect:character:consumption:multiply,effect_character_consumption_multiply,,작성 자산 정의,,서로 다른 콘텐츠가 공유하는 상태 변화를 단일 실행 규약으로 정의한다. 다른 콘텐츠 9개가 이 정의를 참조한다.,type-contract+description-and-relations,근거 확인,,active-authored,Assets/Resources/SO/Content/GameDomainContentCatalog.asset; Assets/Resources/SO/GameContentCatalog.asset,catalog-registered-static-consumer,Assets/Scripts/Services/Effects/Runtime/CharacterDerivedStatsSnapshot.cs; Assets/Scripts/Services/Effects/Runtime/GameplayEffectResultBoundsCatalog.cs; Assets/Scripts/Services/Foundation/GameplayEffectContracts.cs,Assets/Scripts/Services/Effects/Runtime/GameplayEffectResultBoundsCatalog.cs,9,CharacterTraitSO,서로 다른 콘텐츠가 공유하는 상태 변화를 단일 실행 규약으로 정의한다. 다른 콘텐츠 9개가 이 정의를 참조한다.,서로 다른 콘텐츠가 공유하는 상태 변화를 단일 실행 규약으로 정의한다,작성 자산에서 직접 비용·위험 수치를 확인할 수 없음,GameplayEffectDefinitionSO,"비교 후보(대체 가능성 미검증): GameplayEffectDefinitionSO:effect:arcane:mana-recovery:multiply, GameplayEffectDefinitionSO:effect:arcane:power:multiply, GameplayEffectDefinitionSO:effect:capacity:arcane-conduction:multiply, GameplayEffectDefinitionSO:effect:capacity:auditory-sensing:multiply, GameplayEffectDefinitionSO:effect:capacity:communication:multiply, GameplayEffectDefinitionSO:effect:capacity:immune-defense:multiply, GameplayEffectDefinitionSO:effect:capacity:intake-processing:multiply, GameplayEffectDefinitionSO:effect:capacity:mental-maintenance:multiply, GameplayEffectDefinitionSO:effect:capacity:physical-mobility:multiply, GameplayEffectDefinitionSO:effect:capacity:physical-power:multiply, GameplayEffectDefinitionSO:effect:capacity:power-circulation:multiply, GameplayEffectDefinitionSO:effect:capacity:precision-manipulation:multiply 외 50개","직접 참조 9건에 영향: CharacterTraitSO:trait:101, CharacterTraitSO:trait:102, CharacterTraitSO:trait:208, CharacterTraitSO:trait:210, CharacterTraitSO:trait:213, CharacterTraitSO:trait:214, CharacterTraitSO:trait:413, CharacterTraitSO:trait:513",type-contract+description-and-relations; niche=type-contract; cost=type-contract,Assets/Resources/SO/V26/Effects/Definitions/effect_character_consumption_multiply.asset,4c10a3b16899e31478c3820a16829879,63,GameplayEffectSourceKind,All,explicit-serialized,effect:character:consumption:multiply,effect_character_consumption_multiply,10,0,285684106,2,GameplayEffectOperation,Multiply,explicit-serialized,2,GameplayEffectProjectionPhase,Multiplicative,explicit-serialized,0,GameplayEffectStackingPolicy,Stack All,explicit-serialized,character:consumption
research-effects,GameplayEffectDefinitionSO,GameplayEffectDefinitionSO|effect:character:crowd-sensitivity:multiply,effect:character:crowd-sensitivity:multiply,effect_character_crowd-sensitivity_multiply,,작성 자산 정의,,서로 다른 콘텐츠가 공유하는 상태 변화를 단일 실행 규약으로 정의한다. 다른 콘텐츠 6개가 이 정의를 참조한다.,type-contract+description-and-relations,근거 확인,,active-authored,Assets/Resources/SO/Content/GameDomainContentCatalog.asset; Assets/Resources/SO/GameContentCatalog.asset,catalog-registered-static-consumer,Assets/Scripts/Services/Effects/Runtime/CharacterDerivedStatsSnapshot.cs; Assets/Scripts/Services/Effects/Runtime/GameplayEffectResultBoundsCatalog.cs; Assets/Scripts/Services/Foundation/GameplayEffectContracts.cs,Assets/Scripts/Services/Effects/Runtime/GameplayEffectResultBoundsCatalog.cs,6,CharacterSpeciesSO; CharacterTraitSO,서로 다른 콘텐츠가 공유하는 상태 변화를 단일 실행 규약으로 정의한다. 다른 콘텐츠 6개가 이 정의를 참조한다.,서로 다른 콘텐츠가 공유하는 상태 변화를 단일 실행 규약으로 정의한다,작성 자산에서 직접 비용·위험 수치를 확인할 수 없음,GameplayEffectDefinitionSO,"비교 후보(대체 가능성 미검증): GameplayEffectDefinitionSO:effect:arcane:mana-recovery:multiply, GameplayEffectDefinitionSO:effect:arcane:power:multiply, GameplayEffectDefinitionSO:effect:capacity:arcane-conduction:multiply, GameplayEffectDefinitionSO:effect:capacity:auditory-sensing:multiply, GameplayEffectDefinitionSO:effect:capacity:communication:multiply, GameplayEffectDefinitionSO:effect:capacity:immune-defense:multiply, GameplayEffectDefinitionSO:effect:capacity:intake-processing:multiply, GameplayEffectDefinitionSO:effect:capacity:mental-maintenance:multiply, GameplayEffectDefinitionSO:effect:capacity:physical-mobility:multiply, GameplayEffectDefinitionSO:effect:capacity:physical-power:multiply, GameplayEffectDefinitionSO:effect:capacity:power-circulation:multiply, GameplayEffectDefinitionSO:effect:capacity:precision-manipulation:multiply 외 50개","직접 참조 6건에 영향: CharacterSpeciesSO:characterspecies:2, CharacterSpeciesSO:characterspecies:3, CharacterSpeciesSO:characterspecies:4, CharacterTraitSO:trait:105, CharacterTraitSO:trait:205, CharacterTraitSO:trait:222",type-contract+description-and-relations; niche=type-contract; cost=type-contract,Assets/Resources/SO/V26/Effects/Definitions/effect_character_crowd-sensitivity_multiply.asset,8738886ff7b663646976ab00e31cb051,63,GameplayEffectSourceKind,All,explicit-serialized,effect:character:crowd-sensitivity:multiply,effect_character_crowd-sensitivity_multiply,10,0,1668475158,2,GameplayEffectOperation,Multiply,explicit-serialized,2,GameplayEffectProjectionPhase,Multiplicative,explicit-serialized,0,GameplayEffectStackingPolicy,Stack All,explicit-serialized,character:crowd-sensitivity
research-effects,GameplayEffectDefinitionSO,GameplayEffectDefinitionSO|effect:character:danger-detection:multiply,effect:character:danger-detection:multiply,effect_character_danger-detection_multiply,,작성 자산 정의,,서로 다른 콘텐츠가 공유하는 상태 변화를 단일 실행 규약으로 정의한다. 다른 콘텐츠 1개가 이 정의를 참조한다.,type-contract+description-and-relations,근거 확인,,active-authored,Assets/Resources/SO/Content/GameDomainContentCatalog.asset; Assets/Resources/SO/GameContentCatalog.asset,catalog-registered-static-consumer,Assets/Scripts/Services/Effects/Runtime/CharacterDerivedStatsSnapshot.cs; Assets/Scripts/Services/Effects/Runtime/GameplayEffectResultBoundsCatalog.cs; Assets/Scripts/Services/Foundation/GameplayEffectContracts.cs,Assets/Scripts/Services/Effects/Runtime/GameplayEffectResultBoundsCatalog.cs,1,CharacterTraitSO,서로 다른 콘텐츠가 공유하는 상태 변화를 단일 실행 규약으로 정의한다. 다른 콘텐츠 1개가 이 정의를 참조한다.,서로 다른 콘텐츠가 공유하는 상태 변화를 단일 실행 규약으로 정의한다,작성 자산에서 직접 비용·위험 수치를 확인할 수 없음,GameplayEffectDefinitionSO,"비교 후보(대체 가능성 미검증): GameplayEffectDefinitionSO:effect:arcane:mana-recovery:multiply, GameplayEffectDefinitionSO:effect:arcane:power:multiply, GameplayEffectDefinitionSO:effect:capacity:arcane-conduction:multiply, GameplayEffectDefinitionSO:effect:capacity:auditory-sensing:multiply, GameplayEffectDefinitionSO:effect:capacity:communication:multiply, GameplayEffectDefinitionSO:effect:capacity:immune-defense:multiply, GameplayEffectDefinitionSO:effect:capacity:intake-processing:multiply, GameplayEffectDefinitionSO:effect:capacity:mental-maintenance:multiply, GameplayEffectDefinitionSO:effect:capacity:physical-mobility:multiply, GameplayEffectDefinitionSO:effect:capacity:physical-power:multiply, GameplayEffectDefinitionSO:effect:capacity:power-circulation:multiply, GameplayEffectDefinitionSO:effect:capacity:precision-manipulation:multiply 외 50개",직접 참조 1건에 영향: CharacterTraitSO:trait:205,type-contract+description-and-relations; niche=type-contract; cost=type-contract,Assets/Resources/SO/V26/Effects/Definitions/effect_character_danger-detection_multiply.asset,9fb14758f44f78e4da0725ea2add69d8,63,GameplayEffectSourceKind,All,explicit-serialized,effect:character:danger-detection:multiply,effect_character_danger-detection_multiply,10,0,1795473098,2,GameplayEffectOperation,Multiply,explicit-serialized,2,GameplayEffectProjectionPhase,Multiplicative,explicit-serialized,0,GameplayEffectStackingPolicy,Stack All,explicit-serialized,character:danger-detection
research-effects,GameplayEffectDefinitionSO,GameplayEffectDefinitionSO|effect:character:disease-recovery-speed:multiply,effect:character:disease-recovery-speed:multiply,effect_character_disease-recovery-speed_multiply,,작성 자산 정의,,서로 다른 콘텐츠가 공유하는 상태 변화를 단일 실행 규약으로 정의한다. 다른 콘텐츠 1개가 이 정의를 참조한다.,type-contract+description-and-relations,근거 확인,,active-authored,Assets/Resources/SO/Content/GameDomainContentCatalog.asset; Assets/Resources/SO/GameContentCatalog.asset,catalog-registered-static-consumer,Assets/Scripts/Services/Effects/Runtime/CharacterDerivedStatsSnapshot.cs; Assets/Scripts/Services/Effects/Runtime/GameplayEffectResultBoundsCatalog.cs; Assets/Scripts/Services/Foundation/GameplayEffectContracts.cs,Assets/Scripts/Services/Effects/Runtime/GameplayEffectResultBoundsCatalog.cs,1,CharacterTraitSO,서로 다른 콘텐츠가 공유하는 상태 변화를 단일 실행 규약으로 정의한다. 다른 콘텐츠 1개가 이 정의를 참조한다.,서로 다른 콘텐츠가 공유하는 상태 변화를 단일 실행 규약으로 정의한다,작성 자산에서 직접 비용·위험 수치를 확인할 수 없음,GameplayEffectDefinitionSO,"비교 후보(대체 가능성 미검증): GameplayEffectDefinitionSO:effect:arcane:mana-recovery:multiply, GameplayEffectDefinitionSO:effect:arcane:power:multiply, GameplayEffectDefinitionSO:effect:capacity:arcane-conduction:multiply, GameplayEffectDefinitionSO:effect:capacity:auditory-sensing:multiply, GameplayEffectDefinitionSO:effect:capacity:communication:multiply, GameplayEffectDefinitionSO:effect:capacity:immune-defense:multiply, GameplayEffectDefinitionSO:effect:capacity:intake-processing:multiply, GameplayEffectDefinitionSO:effect:capacity:mental-maintenance:multiply, GameplayEffectDefinitionSO:effect:capacity:physical-mobility:multiply, GameplayEffectDefinitionSO:effect:capacity:physical-power:multiply, GameplayEffectDefinitionSO:effect:capacity:power-circulation:multiply, GameplayEffectDefinitionSO:effect:capacity:precision-manipulation:multiply 외 50개",직접 참조 1건에 영향: CharacterTraitSO:trait:207,type-contract+description-and-relations; niche=type-contract; cost=type-contract,Assets/Resources/SO/V26/Effects/Definitions/effect_character_disease-recovery-speed_multiply.asset,e1aa1fd23428f2c49827202a2edab2ef,63,GameplayEffectSourceKind,All,explicit-serialized,effect:character:disease-recovery-speed:multiply,effect_character_disease-recovery-speed_multiply,10,0,807106017,2,GameplayEffectOperation,Multiply,explicit-serialized,2,GameplayEffectProjectionPhase,Multiplicative,explicit-serialized,0,GameplayEffectStackingPolicy,Stack All,explicit-serialized,character:disease-recovery-speed
research-effects,GameplayEffectDefinitionSO,GameplayEffectDefinitionSO|effect:character:disease-resistance:multiply,effect:character:disease-resistance:multiply,effect_character_disease-resistance_multiply,,작성 자산 정의,,서로 다른 콘텐츠가 공유하는 상태 변화를 단일 실행 규약으로 정의한다. 다른 콘텐츠 1개가 이 정의를 참조한다.,type-contract+description-and-relations,근거 확인,,active-authored,Assets/Resources/SO/Content/GameDomainContentCatalog.asset; Assets/Resources/SO/GameContentCatalog.asset,catalog-registered-static-consumer,Assets/Scripts/Services/Effects/Runtime/CharacterDerivedStatsSnapshot.cs; Assets/Scripts/Services/Effects/Runtime/GameplayEffectResultBoundsCatalog.cs; Assets/Scripts/Services/Foundation/GameplayEffectContracts.cs,Assets/Scripts/Services/Effects/Runtime/GameplayEffectResultBoundsCatalog.cs,1,CharacterTraitSO,서로 다른 콘텐츠가 공유하는 상태 변화를 단일 실행 규약으로 정의한다. 다른 콘텐츠 1개가 이 정의를 참조한다.,서로 다른 콘텐츠가 공유하는 상태 변화를 단일 실행 규약으로 정의한다,작성 자산에서 직접 비용·위험 수치를 확인할 수 없음,GameplayEffectDefinitionSO,"비교 후보(대체 가능성 미검증): GameplayEffectDefinitionSO:effect:arcane:mana-recovery:multiply, GameplayEffectDefinitionSO:effect:arcane:power:multiply, GameplayEffectDefinitionSO:effect:capacity:arcane-conduction:multiply, GameplayEffectDefinitionSO:effect:capacity:auditory-sensing:multiply, GameplayEffectDefinitionSO:effect:capacity:communication:multiply, GameplayEffectDefinitionSO:effect:capacity:immune-defense:multiply, GameplayEffectDefinitionSO:effect:capacity:intake-processing:multiply, GameplayEffectDefinitionSO:effect:capacity:mental-maintenance:multiply, GameplayEffectDefinitionSO:effect:capacity:physical-mobility:multiply, GameplayEffectDefinitionSO:effect:capacity:physical-power:multiply, GameplayEffectDefinitionSO:effect:capacity:power-circulation:multiply, GameplayEffectDefinitionSO:effect:capacity:precision-manipulation:multiply 외 50개",직접 참조 1건에 영향: CharacterTraitSO:trait:207,type-contract+description-and-relations; niche=type-contract; cost=type-contract,Assets/Resources/SO/V26/Effects/Definitions/effect_character_disease-resistance_multiply.asset,d37f0659bb8467047a5cb4b1e1e071d8,63,GameplayEffectSourceKind,All,explicit-serialized,effect:character:disease-resistance:multiply,effect_character_disease-resistance_multiply,10,0,28274821,2,GameplayEffectOperation,Multiply,explicit-serialized,2,GameplayEffectProjectionPhase,Multiplicative,explicit-serialized,0,GameplayEffectStackingPolicy,Stack All,explicit-serialized,character:disease-resistance
research-effects,GameplayEffectDefinitionSO,GameplayEffectDefinitionSO|effect:character:earned-work-xp:multiply,effect:character:earned-work-xp:multiply,effect_character_earned-work-xp_multiply,,작성 자산 정의,,서로 다른 콘텐츠가 공유하는 상태 변화를 단일 실행 규약으로 정의한다. 다른 콘텐츠 3개가 이 정의를 참조한다.,type-contract+description-and-relations,근거 확인,,active-authored,Assets/Resources/SO/Content/GameDomainContentCatalog.asset; Assets/Resources/SO/GameContentCatalog.asset,catalog-registered-static-consumer,Assets/Scripts/Services/Effects/Runtime/CharacterDerivedStatsSnapshot.cs; Assets/Scripts/Services/Effects/Runtime/GameplayEffectResultBoundsCatalog.cs; Assets/Scripts/Services/Foundation/GameplayEffectContracts.cs,Assets/Scripts/Services/Effects/Runtime/GameplayEffectResultBoundsCatalog.cs,3,CharacterTraitSO,서로 다른 콘텐츠가 공유하는 상태 변화를 단일 실행 규약으로 정의한다. 다른 콘텐츠 3개가 이 정의를 참조한다.,서로 다른 콘텐츠가 공유하는 상태 변화를 단일 실행 규약으로 정의한다,작성 자산에서 직접 비용·위험 수치를 확인할 수 없음,GameplayEffectDefinitionSO,"비교 후보(대체 가능성 미검증): GameplayEffectDefinitionSO:effect:arcane:mana-recovery:multiply, GameplayEffectDefinitionSO:effect:arcane:power:multiply, GameplayEffectDefinitionSO:effect:capacity:arcane-conduction:multiply, GameplayEffectDefinitionSO:effect:capacity:auditory-sensing:multiply, GameplayEffectDefinitionSO:effect:capacity:communication:multiply, GameplayEffectDefinitionSO:effect:capacity:immune-defense:multiply, GameplayEffectDefinitionSO:effect:capacity:intake-processing:multiply, GameplayEffectDefinitionSO:effect:capacity:mental-maintenance:multiply, GameplayEffectDefinitionSO:effect:capacity:physical-mobility:multiply, GameplayEffectDefinitionSO:effect:capacity:physical-power:multiply, GameplayEffectDefinitionSO:effect:capacity:power-circulation:multiply, GameplayEffectDefinitionSO:effect:capacity:precision-manipulation:multiply 외 50개","직접 참조 3건에 영향: CharacterTraitSO:trait:230, CharacterTraitSO:trait:416, CharacterTraitSO:trait:516",type-contract+description-and-relations; niche=type-contract; cost=type-contract,Assets/Resources/SO/V26/Effects/Definitions/effect_character_earned-work-xp_multiply.asset,7b6cd223d9a9eda43964e6cfee0c6b8e,63,GameplayEffectSourceKind,All,explicit-serialized,effect:character:earned-work-xp:multiply,effect_character_earned-work-xp_multiply,10,0,341059715,2,GameplayEffectOperation,Multiply,explicit-serialized,2,GameplayEffectProjectionPhase,Multiplicative,explicit-serialized,0,GameplayEffectStackingPolicy,Stack All,explicit-serialized,character:earned-work-xp
research-effects,GameplayEffectDefinitionSO,GameplayEffectDefinitionSO|effect:character:fatigue-rate:multiply,effect:character:fatigue-rate:multiply,effect_character_fatigue-rate_multiply,,작성 자산 정의,,서로 다른 콘텐츠가 공유하는 상태 변화를 단일 실행 규약으로 정의한다. 다른 콘텐츠 2개가 이 정의를 참조한다.,type-contract+description-and-relations,근거 확인,,active-authored,Assets/Resources/SO/Content/GameDomainContentCatalog.asset; Assets/Resources/SO/GameContentCatalog.asset,catalog-registered-static-consumer,Assets/Scripts/Services/Effects/Runtime/CharacterDerivedStatsSnapshot.cs; Assets/Scripts/Services/Effects/Runtime/GameplayEffectResultBoundsCatalog.cs; Assets/Scripts/Services/Foundation/GameplayEffectContracts.cs,Assets/Scripts/Services/Effects/Runtime/GameplayEffectResultBoundsCatalog.cs,2,CharacterTraitSO,서로 다른 콘텐츠가 공유하는 상태 변화를 단일 실행 규약으로 정의한다. 다른 콘텐츠 2개가 이 정의를 참조한다.,서로 다른 콘텐츠가 공유하는 상태 변화를 단일 실행 규약으로 정의한다,작성 자산에서 직접 비용·위험 수치를 확인할 수 없음,GameplayEffectDefinitionSO,"비교 후보(대체 가능성 미검증): GameplayEffectDefinitionSO:effect:arcane:mana-recovery:multiply, GameplayEffectDefinitionSO:effect:arcane:power:multiply, GameplayEffectDefinitionSO:effect:capacity:arcane-conduction:multiply, GameplayEffectDefinitionSO:effect:capacity:auditory-sensing:multiply, GameplayEffectDefinitionSO:effect:capacity:communication:multiply, GameplayEffectDefinitionSO:effect:capacity:immune-defense:multiply, GameplayEffectDefinitionSO:effect:capacity:intake-processing:multiply, GameplayEffectDefinitionSO:effect:capacity:mental-maintenance:multiply, GameplayEffectDefinitionSO:effect:capacity:physical-mobility:multiply, GameplayEffectDefinitionSO:effect:capacity:physical-power:multiply, GameplayEffectDefinitionSO:effect:capacity:power-circulation:multiply, GameplayEffectDefinitionSO:effect:capacity:precision-manipulation:multiply 외 50개","직접 참조 2건에 영향: CharacterTraitSO:trait:200, CharacterTraitSO:trait:305",type-contract+description-and-relations; niche=type-contract; cost=type-contract,Assets/Resources/SO/V26/Effects/Definitions/effect_character_fatigue-rate_multiply.asset,0efffa6163b1c1d4ab0721b231ffa8ad,63,GameplayEffectSourceKind,All,explicit-serialized,effect:character:fatigue-rate:multiply,effect_character_fatigue-rate_multiply,10,0,1990869125,2,GameplayEffectOperation,Multiply,explicit-serialized,2,GameplayEffectProjectionPhase,Multiplicative,explicit-serialized,0,GameplayEffectStackingPolicy,Stack All,explicit-serialized,character:fatigue-rate
research-effects,GameplayEffectDefinitionSO,GameplayEffectDefinitionSO|effect:character:food-poisoning-chance:multiply,effect:character:food-poisoning-chance:multiply,effect_character_food-poisoning-chance_multiply,,작성 자산 정의,,서로 다른 콘텐츠가 공유하는 상태 변화를 단일 실행 규약으로 정의한다. 다른 콘텐츠 1개가 이 정의를 참조한다.,type-contract+description-and-relations,근거 확인,,active-authored,Assets/Resources/SO/Content/GameDomainContentCatalog.asset; Assets/Resources/SO/GameContentCatalog.asset,catalog-registered-static-consumer,Assets/Scripts/Services/Effects/Runtime/CharacterDerivedStatsSnapshot.cs; Assets/Scripts/Services/Effects/Runtime/GameplayEffectResultBoundsCatalog.cs; Assets/Scripts/Services/Foundation/GameplayEffectContracts.cs,Assets/Scripts/Services/Effects/Runtime/GameplayEffectResultBoundsCatalog.cs,1,CharacterTraitSO,서로 다른 콘텐츠가 공유하는 상태 변화를 단일 실행 규약으로 정의한다. 다른 콘텐츠 1개가 이 정의를 참조한다.,서로 다른 콘텐츠가 공유하는 상태 변화를 단일 실행 규약으로 정의한다,작성 자산에서 직접 비용·위험 수치를 확인할 수 없음,GameplayEffectDefinitionSO,"비교 후보(대체 가능성 미검증): GameplayEffectDefinitionSO:effect:arcane:mana-recovery:multiply, GameplayEffectDefinitionSO:effect:arcane:power:multiply, GameplayEffectDefinitionSO:effect:capacity:arcane-conduction:multiply, GameplayEffectDefinitionSO:effect:capacity:auditory-sensing:multiply, GameplayEffectDefinitionSO:effect:capacity:communication:multiply, GameplayEffectDefinitionSO:effect:capacity:immune-defense:multiply, GameplayEffectDefinitionSO:effect:capacity:intake-processing:multiply, GameplayEffectDefinitionSO:effect:capacity:mental-maintenance:multiply, GameplayEffectDefinitionSO:effect:capacity:physical-mobility:multiply, GameplayEffectDefinitionSO:effect:capacity:physical-power:multiply, GameplayEffectDefinitionSO:effect:capacity:power-circulation:multiply, GameplayEffectDefinitionSO:effect:capacity:precision-manipulation:multiply 외 50개",직접 참조 1건에 영향: CharacterTraitSO:trait:211,type-contract+description-and-relations; niche=type-contract; cost=type-contract,Assets/Resources/SO/V26/Effects/Definitions/effect_character_food-poisoning-chance_multiply.asset,ffdcdf8e15e0089408a2b667a5ba6a76,63,GameplayEffectSourceKind,All,explicit-serialized,effect:character:food-poisoning-chance:multiply,effect_character_food-poisoning-chance_multiply,10,0,1190700291,2,GameplayEffectOperation,Multiply,explicit-serialized,2,GameplayEffectProjectionPhase,Multiplicative,explicit-serialized,0,GameplayEffectStackingPolicy,Stack All,explicit-serialized,character:food-poisoning-chance
research-effects,GameplayEffectDefinitionSO,GameplayEffectDefinitionSO|effect:character:heat-exposure:multiply,effect:character:heat-exposure:multiply,effect_character_heat-exposure_multiply,,작성 자산 정의,,서로 다른 콘텐츠가 공유하는 상태 변화를 단일 실행 규약으로 정의한다. 다른 콘텐츠 3개가 이 정의를 참조한다.,type-contract+description-and-relations,근거 확인,,active-authored,Assets/Resources/SO/Content/GameDomainContentCatalog.asset; Assets/Resources/SO/GameContentCatalog.asset,catalog-registered-static-consumer,Assets/Scripts/Services/Effects/Runtime/CharacterDerivedStatsSnapshot.cs; Assets/Scripts/Services/Effects/Runtime/GameplayEffectResultBoundsCatalog.cs; Assets/Scripts/Services/Foundation/GameplayEffectContracts.cs,Assets/Scripts/Services/Effects/Runtime/GameplayEffectResultBoundsCatalog.cs,3,CharacterTraitSO,서로 다른 콘텐츠가 공유하는 상태 변화를 단일 실행 규약으로 정의한다. 다른 콘텐츠 3개가 이 정의를 참조한다.,서로 다른 콘텐츠가 공유하는 상태 변화를 단일 실행 규약으로 정의한다,작성 자산에서 직접 비용·위험 수치를 확인할 수 없음,GameplayEffectDefinitionSO,"비교 후보(대체 가능성 미검증): GameplayEffectDefinitionSO:effect:arcane:mana-recovery:multiply, GameplayEffectDefinitionSO:effect:arcane:power:multiply, GameplayEffectDefinitionSO:effect:capacity:arcane-conduction:multiply, GameplayEffectDefinitionSO:effect:capacity:auditory-sensing:multiply, GameplayEffectDefinitionSO:effect:capacity:communication:multiply, GameplayEffectDefinitionSO:effect:capacity:immune-defense:multiply, GameplayEffectDefinitionSO:effect:capacity:intake-processing:multiply, GameplayEffectDefinitionSO:effect:capacity:mental-maintenance:multiply, GameplayEffectDefinitionSO:effect:capacity:physical-mobility:multiply, GameplayEffectDefinitionSO:effect:capacity:physical-power:multiply, GameplayEffectDefinitionSO:effect:capacity:power-circulation:multiply, GameplayEffectDefinitionSO:effect:capacity:precision-manipulation:multiply 외 50개","직접 참조 3건에 영향: CharacterTraitSO:trait:212, CharacterTraitSO:trait:417, CharacterTraitSO:trait:518",type-contract+description-and-relations; niche=type-contract; cost=type-contract,Assets/Resources/SO/V26/Effects/Definitions/effect_character_heat-exposure_multiply.asset,e2cec60c35a7dd848919d427b9d0a433,63,GameplayEffectSourceKind,All,explicit-serialized,effect:character:heat-exposure:multiply,effect_character_heat-exposure_multiply,10,0,1114204525,2,GameplayEffectOperation,Multiply,explicit-serialized,2,GameplayEffectProjectionPhase,Multiplicative,explicit-serialized,0,GameplayEffectStackingPolicy,Stack All,explicit-serialized,character:heat-exposure
research-effects,GameplayEffectDefinitionSO,GameplayEffectDefinitionSO|effect:character:immunity-gain:multiply,effect:character:immunity-gain:multiply,effect_character_immunity-gain_multiply,,작성 자산 정의,,서로 다른 콘텐츠가 공유하는 상태 변화를 단일 실행 규약으로 정의한다. 다른 콘텐츠 1개가 이 정의를 참조한다.,type-contract+description-and-relations,근거 확인,,active-authored,Assets/Resources/SO/Content/GameDomainContentCatalog.asset; Assets/Resources/SO/GameContentCatalog.asset,catalog-registered-static-consumer,Assets/Scripts/Services/Effects/Runtime/CharacterDerivedStatsSnapshot.cs; Assets/Scripts/Services/Effects/Runtime/GameplayEffectResultBoundsCatalog.cs; Assets/Scripts/Services/Foundation/GameplayEffectContracts.cs,Assets/Scripts/Services/Effects/Runtime/GameplayEffectResultBoundsCatalog.cs,1,CharacterTraitSO,서로 다른 콘텐츠가 공유하는 상태 변화를 단일 실행 규약으로 정의한다. 다른 콘텐츠 1개가 이 정의를 참조한다.,서로 다른 콘텐츠가 공유하는 상태 변화를 단일 실행 규약으로 정의한다,작성 자산에서 직접 비용·위험 수치를 확인할 수 없음,GameplayEffectDefinitionSO,"비교 후보(대체 가능성 미검증): GameplayEffectDefinitionSO:effect:arcane:mana-recovery:multiply, GameplayEffectDefinitionSO:effect:arcane:power:multiply, GameplayEffectDefinitionSO:effect:capacity:arcane-conduction:multiply, GameplayEffectDefinitionSO:effect:capacity:auditory-sensing:multiply, GameplayEffectDefinitionSO:effect:capacity:communication:multiply, GameplayEffectDefinitionSO:effect:capacity:immune-defense:multiply, GameplayEffectDefinitionSO:effect:capacity:intake-processing:multiply, GameplayEffectDefinitionSO:effect:capacity:mental-maintenance:multiply, GameplayEffectDefinitionSO:effect:capacity:physical-mobility:multiply, GameplayEffectDefinitionSO:effect:capacity:physical-power:multiply, GameplayEffectDefinitionSO:effect:capacity:power-circulation:multiply, GameplayEffectDefinitionSO:effect:capacity:precision-manipulation:multiply 외 50개",직접 참조 1건에 영향: CharacterTraitSO:trait:207,type-contract+description-and-relations; niche=type-contract; cost=type-contract,Assets/Resources/SO/V26/Effects/Definitions/effect_character_immunity-gain_multiply.asset,1287b4c4540f6a74ba020616984e1b91,63,GameplayEffectSourceKind,All,explicit-serialized,effect:character:immunity-gain:multiply,effect_character_immunity-gain_multiply,10,0,1855193801,2,GameplayEffectOperation,Multiply,explicit-serialized,2,GameplayEffectProjectionPhase,Multiplicative,explicit-serialized,0,GameplayEffectStackingPolicy,Stack All,explicit-serialized,character:immunity-gain
research-effects,GameplayEffectDefinitionSO,GameplayEffectDefinitionSO|effect:character:immunity-retention:multiply,effect:character:immunity-retention:multiply,effect_character_immunity-retention_multiply,,작성 자산 정의,,서로 다른 콘텐츠가 공유하는 상태 변화를 단일 실행 규약으로 정의한다. 다른 콘텐츠 1개가 이 정의를 참조한다.,type-contract+description-and-relations,근거 확인,,active-authored,Assets/Resources/SO/Content/GameDomainContentCatalog.asset; Assets/Resources/SO/GameContentCatalog.asset,catalog-registered-static-consumer,Assets/Scripts/Services/Effects/Runtime/CharacterDerivedStatsSnapshot.cs; Assets/Scripts/Services/Effects/Runtime/GameplayEffectResultBoundsCatalog.cs; Assets/Scripts/Services/Foundation/GameplayEffectContracts.cs,Assets/Scripts/Services/Effects/Runtime/GameplayEffectResultBoundsCatalog.cs,1,CharacterTraitSO,서로 다른 콘텐츠가 공유하는 상태 변화를 단일 실행 규약으로 정의한다. 다른 콘텐츠 1개가 이 정의를 참조한다.,서로 다른 콘텐츠가 공유하는 상태 변화를 단일 실행 규약으로 정의한다,작성 자산에서 직접 비용·위험 수치를 확인할 수 없음,GameplayEffectDefinitionSO,"비교 후보(대체 가능성 미검증): GameplayEffectDefinitionSO:effect:arcane:mana-recovery:multiply, GameplayEffectDefinitionSO:effect:arcane:power:multiply, GameplayEffectDefinitionSO:effect:capacity:arcane-conduction:multiply, GameplayEffectDefinitionSO:effect:capacity:auditory-sensing:multiply, GameplayEffectDefinitionSO:effect:capacity:communication:multiply, GameplayEffectDefinitionSO:effect:capacity:immune-defense:multiply, GameplayEffectDefinitionSO:effect:capacity:intake-processing:multiply, GameplayEffectDefinitionSO:effect:capacity:mental-maintenance:multiply, GameplayEffectDefinitionSO:effect:capacity:physical-mobility:multiply, GameplayEffectDefinitionSO:effect:capacity:physical-power:multiply, GameplayEffectDefinitionSO:effect:capacity:power-circulation:multiply, GameplayEffectDefinitionSO:effect:capacity:precision-manipulation:multiply 외 50개",직접 참조 1건에 영향: CharacterTraitSO:trait:207,type-contract+description-and-relations; niche=type-contract; cost=type-contract,Assets/Resources/SO/V26/Effects/Definitions/effect_character_immunity-retention_multiply.asset,41dc7eaa6f18ee544929c46b62e8ad0c,63,GameplayEffectSourceKind,All,explicit-serialized,effect:character:immunity-retention:multiply,effect_character_immunity-retention_multiply,10,0,1812542342,2,GameplayEffectOperation,Multiply,explicit-serialized,2,GameplayEffectProjectionPhase,Multiplicative,explicit-serialized,0,GameplayEffectStackingPolicy,Stack All,explicit-serialized,character:immunity-retention
research-effects,GameplayEffectDefinitionSO,GameplayEffectDefinitionSO|effect:character:mentee-xp:multiply,effect:character:mentee-xp:multiply,effect_character_mentee-xp_multiply,,작성 자산 정의,,서로 다른 콘텐츠가 공유하는 상태 변화를 단일 실행 규약으로 정의한다. 다른 콘텐츠 1개가 이 정의를 참조한다.,type-contract+description-and-relations,근거 확인,,active-authored,Assets/Resources/SO/Content/GameDomainContentCatalog.asset; Assets/Resources/SO/GameContentCatalog.asset,catalog-registered-static-consumer,Assets/Scripts/Services/Effects/Runtime/CharacterDerivedStatsSnapshot.cs; Assets/Scripts/Services/Effects/Runtime/GameplayEffectResultBoundsCatalog.cs; Assets/Scripts/Services/Foundation/GameplayEffectContracts.cs,Assets/Scripts/Services/Effects/Runtime/GameplayEffectResultBoundsCatalog.cs,1,CharacterTraitSO,서로 다른 콘텐츠가 공유하는 상태 변화를 단일 실행 규약으로 정의한다. 다른 콘텐츠 1개가 이 정의를 참조한다.,서로 다른 콘텐츠가 공유하는 상태 변화를 단일 실행 규약으로 정의한다,작성 자산에서 직접 비용·위험 수치를 확인할 수 없음,GameplayEffectDefinitionSO,"비교 후보(대체 가능성 미검증): GameplayEffectDefinitionSO:effect:arcane:mana-recovery:multiply, GameplayEffectDefinitionSO:effect:arcane:power:multiply, GameplayEffectDefinitionSO:effect:capacity:arcane-conduction:multiply, GameplayEffectDefinitionSO:effect:capacity:auditory-sensing:multiply, GameplayEffectDefinitionSO:effect:capacity:communication:multiply, GameplayEffectDefinitionSO:effect:capacity:immune-defense:multiply, GameplayEffectDefinitionSO:effect:capacity:intake-processing:multiply, GameplayEffectDefinitionSO:effect:capacity:mental-maintenance:multiply, GameplayEffectDefinitionSO:effect:capacity:physical-mobility:multiply, GameplayEffectDefinitionSO:effect:capacity:physical-power:multiply, GameplayEffectDefinitionSO:effect:capacity:power-circulation:multiply, GameplayEffectDefinitionSO:effect:capacity:precision-manipulation:multiply 외 50개",직접 참조 1건에 영향: CharacterTraitSO:trait:226,type-contract+description-and-relations; niche=type-contract; cost=type-contract,Assets/Resources/SO/V26/Effects/Definitions/effect_character_mentee-xp_multiply.asset,91236b7225ff18640bfbae3381da97bc,63,GameplayEffectSourceKind,All,explicit-serialized,effect:character:mentee-xp:multiply,effect_character_mentee-xp_multiply,10,0,521070636,2,GameplayEffectOperation,Multiply,explicit-serialized,2,GameplayEffectProjectionPhase,Multiplicative,explicit-serialized,0,GameplayEffectStackingPolicy,Stack All,explicit-serialized,character:mentee-xp
research-effects,GameplayEffectDefinitionSO,GameplayEffectDefinitionSO|effect:character:move-speed:multiply,effect:character:move-speed:multiply,effect_character_move-speed_multiply,,작성 자산 정의,,서로 다른 콘텐츠가 공유하는 상태 변화를 단일 실행 규약으로 정의한다. 다른 콘텐츠 7개가 이 정의를 참조한다.,type-contract+description-and-relations,근거 확인,,active-authored,Assets/Resources/SO/Content/GameDomainContentCatalog.asset; Assets/Resources/SO/GameContentCatalog.asset,catalog-registered-static-consumer,Assets/Scripts/Services/Effects/Runtime/CharacterDerivedStatsSnapshot.cs; Assets/Scripts/Services/Effects/Runtime/GameplayEffectResultBoundsCatalog.cs; Assets/Scripts/Services/Foundation/GameplayEffectContracts.cs,Assets/Scripts/Services/Effects/Runtime/GameplayEffectResultBoundsCatalog.cs,7,CharacterTraitSO,서로 다른 콘텐츠가 공유하는 상태 변화를 단일 실행 규약으로 정의한다. 다른 콘텐츠 7개가 이 정의를 참조한다.,서로 다른 콘텐츠가 공유하는 상태 변화를 단일 실행 규약으로 정의한다,작성 자산에서 직접 비용·위험 수치를 확인할 수 없음,GameplayEffectDefinitionSO,"비교 후보(대체 가능성 미검증): GameplayEffectDefinitionSO:effect:arcane:mana-recovery:multiply, GameplayEffectDefinitionSO:effect:arcane:power:multiply, GameplayEffectDefinitionSO:effect:capacity:arcane-conduction:multiply, GameplayEffectDefinitionSO:effect:capacity:auditory-sensing:multiply, GameplayEffectDefinitionSO:effect:capacity:communication:multiply, GameplayEffectDefinitionSO:effect:capacity:immune-defense:multiply, GameplayEffectDefinitionSO:effect:capacity:intake-processing:multiply, GameplayEffectDefinitionSO:effect:capacity:mental-maintenance:multiply, GameplayEffectDefinitionSO:effect:capacity:physical-mobility:multiply, GameplayEffectDefinitionSO:effect:capacity:physical-power:multiply, GameplayEffectDefinitionSO:effect:capacity:power-circulation:multiply, GameplayEffectDefinitionSO:effect:capacity:precision-manipulation:multiply 외 50개","직접 참조 7건에 영향: CharacterTraitSO:trait:104, CharacterTraitSO:trait:202, CharacterTraitSO:trait:206, CharacterTraitSO:trait:208, CharacterTraitSO:trait:301, CharacterTraitSO:trait:410, CharacterTraitSO:trait:510",type-contract+description-and-relations; niche=type-contract; cost=type-contract,Assets/Resources/SO/V26/Effects/Definitions/effect_character_move-speed_multiply.asset,5efe462ac434ee74498e829584182490,63,GameplayEffectSourceKind,All,explicit-serialized,effect:character:move-speed:multiply,effect_character_move-speed_multiply,10,0,1170427628,2,GameplayEffectOperation,Multiply,explicit-serialized,2,GameplayEffectProjectionPhase,Multiplicative,explicit-serialized,0,GameplayEffectStackingPolicy,Stack All,explicit-serialized,character:move-speed
research-effects,GameplayEffectDefinitionSO,GameplayEffectDefinitionSO|effect:character:negative-mood-duration:multiply,effect:character:negative-mood-duration:multiply,effect_character_negative-mood-duration_multiply,,작성 자산 정의,,서로 다른 콘텐츠가 공유하는 상태 변화를 단일 실행 규약으로 정의한다. 다른 콘텐츠 1개가 이 정의를 참조한다.,type-contract+description-and-relations,근거 확인,,active-authored,Assets/Resources/SO/Content/GameDomainContentCatalog.asset; Assets/Resources/SO/GameContentCatalog.asset,catalog-registered-static-consumer,Assets/Scripts/Services/Effects/Runtime/CharacterDerivedStatsSnapshot.cs; Assets/Scripts/Services/Effects/Runtime/GameplayEffectResultBoundsCatalog.cs; Assets/Scripts/Services/Foundation/GameplayEffectContracts.cs,Assets/Scripts/Services/Effects/Runtime/GameplayEffectResultBoundsCatalog.cs,1,CharacterTraitSO,서로 다른 콘텐츠가 공유하는 상태 변화를 단일 실행 규약으로 정의한다. 다른 콘텐츠 1개가 이 정의를 참조한다.,서로 다른 콘텐츠가 공유하는 상태 변화를 단일 실행 규약으로 정의한다,작성 자산에서 직접 비용·위험 수치를 확인할 수 없음,GameplayEffectDefinitionSO,"비교 후보(대체 가능성 미검증): GameplayEffectDefinitionSO:effect:arcane:mana-recovery:multiply, GameplayEffectDefinitionSO:effect:arcane:power:multiply, GameplayEffectDefinitionSO:effect:capacity:arcane-conduction:multiply, GameplayEffectDefinitionSO:effect:capacity:auditory-sensing:multiply, GameplayEffectDefinitionSO:effect:capacity:communication:multiply, GameplayEffectDefinitionSO:effect:capacity:immune-defense:multiply, GameplayEffectDefinitionSO:effect:capacity:intake-processing:multiply, GameplayEffectDefinitionSO:effect:capacity:mental-maintenance:multiply, GameplayEffectDefinitionSO:effect:capacity:physical-mobility:multiply, GameplayEffectDefinitionSO:effect:capacity:physical-power:multiply, GameplayEffectDefinitionSO:effect:capacity:power-circulation:multiply, GameplayEffectDefinitionSO:effect:capacity:precision-manipulation:multiply 외 50개",직접 참조 1건에 영향: CharacterTraitSO:trait:217,type-contract+description-and-relations; niche=type-contract; cost=type-contract,Assets/Resources/SO/V26/Effects/Definitions/effect_character_negative-mood-duration_multiply.asset,a7ef984985d95a54899b99eaae3746c5,63,GameplayEffectSourceKind,All,explicit-serialized,effect:character:negative-mood-duration:multiply,effect_character_negative-mood-duration_multiply,10,0,629969807,2,GameplayEffectOperation,Multiply,explicit-serialized,2,GameplayEffectProjectionPhase,Multiplicative,explicit-serialized,0,GameplayEffectStackingPolicy,Stack All,explicit-serialized,character:negative-mood-duration
research-effects,GameplayEffectDefinitionSO,GameplayEffectDefinitionSO|effect:character:pain-work-penalty:multiply,effect:character:pain-work-penalty:multiply,effect_character_pain-work-penalty_multiply,,작성 자산 정의,,서로 다른 콘텐츠가 공유하는 상태 변화를 단일 실행 규약으로 정의한다. 다른 콘텐츠 1개가 이 정의를 참조한다.,type-contract+description-and-relations,근거 확인,,active-authored,Assets/Resources/SO/Content/GameDomainContentCatalog.asset; Assets/Resources/SO/GameContentCatalog.asset,catalog-registered-static-consumer,Assets/Scripts/Services/Effects/Runtime/CharacterDerivedStatsSnapshot.cs; Assets/Scripts/Services/Effects/Runtime/GameplayEffectResultBoundsCatalog.cs; Assets/Scripts/Services/Foundation/GameplayEffectContracts.cs,Assets/Scripts/Services/Effects/Runtime/GameplayEffectResultBoundsCatalog.cs,1,CharacterTraitSO,서로 다른 콘텐츠가 공유하는 상태 변화를 단일 실행 규약으로 정의한다. 다른 콘텐츠 1개가 이 정의를 참조한다.,서로 다른 콘텐츠가 공유하는 상태 변화를 단일 실행 규약으로 정의한다,작성 자산에서 직접 비용·위험 수치를 확인할 수 없음,GameplayEffectDefinitionSO,"비교 후보(대체 가능성 미검증): GameplayEffectDefinitionSO:effect:arcane:mana-recovery:multiply, GameplayEffectDefinitionSO:effect:arcane:power:multiply, GameplayEffectDefinitionSO:effect:capacity:arcane-conduction:multiply, GameplayEffectDefinitionSO:effect:capacity:auditory-sensing:multiply, GameplayEffectDefinitionSO:effect:capacity:communication:multiply, GameplayEffectDefinitionSO:effect:capacity:immune-defense:multiply, GameplayEffectDefinitionSO:effect:capacity:intake-processing:multiply, GameplayEffectDefinitionSO:effect:capacity:mental-maintenance:multiply, GameplayEffectDefinitionSO:effect:capacity:physical-mobility:multiply, GameplayEffectDefinitionSO:effect:capacity:physical-power:multiply, GameplayEffectDefinitionSO:effect:capacity:power-circulation:multiply, GameplayEffectDefinitionSO:effect:capacity:precision-manipulation:multiply 외 50개",직접 참조 1건에 영향: CharacterTraitSO:trait:204,type-contract+description-and-relations; niche=type-contract; cost=type-contract,Assets/Resources/SO/V26/Effects/Definitions/effect_character_pain-work-penalty_multiply.asset,4dd11f5641ac58047a71a36982861351,63,GameplayEffectSourceKind,All,explicit-serialized,effect:character:pain-work-penalty:multiply,effect_character_pain-work-penalty_multiply,10,0,1652391963,2,GameplayEffectOperation,Multiply,explicit-serialized,2,GameplayEffectProjectionPhase,Multiplicative,explicit-serialized,0,GameplayEffectStackingPolicy,Stack All,explicit-serialized,character:pain-work-penalty
research-effects,GameplayEffectDefinitionSO,GameplayEffectDefinitionSO|effect:character:recovery-speed:multiply,effect:character:recovery-speed:multiply,effect_character_recovery-speed_multiply,,작성 자산 정의,,서로 다른 콘텐츠가 공유하는 상태 변화를 단일 실행 규약으로 정의한다. 다른 콘텐츠 1개가 이 정의를 참조한다.,type-contract+description-and-relations,근거 확인,,active-authored,Assets/Resources/SO/Content/GameDomainContentCatalog.asset; Assets/Resources/SO/GameContentCatalog.asset,catalog-registered-static-consumer,Assets/Scripts/Services/Effects/Runtime/CharacterDerivedStatsSnapshot.cs; Assets/Scripts/Services/Effects/Runtime/GameplayEffectResultBoundsCatalog.cs; Assets/Scripts/Services/Foundation/GameplayEffectContracts.cs,Assets/Scripts/Services/Effects/Runtime/GameplayEffectResultBoundsCatalog.cs,1,CharacterTraitSO,서로 다른 콘텐츠가 공유하는 상태 변화를 단일 실행 규약으로 정의한다. 다른 콘텐츠 1개가 이 정의를 참조한다.,서로 다른 콘텐츠가 공유하는 상태 변화를 단일 실행 규약으로 정의한다,작성 자산에서 직접 비용·위험 수치를 확인할 수 없음,GameplayEffectDefinitionSO,"비교 후보(대체 가능성 미검증): GameplayEffectDefinitionSO:effect:arcane:mana-recovery:multiply, GameplayEffectDefinitionSO:effect:arcane:power:multiply, GameplayEffectDefinitionSO:effect:capacity:arcane-conduction:multiply, GameplayEffectDefinitionSO:effect:capacity:auditory-sensing:multiply, GameplayEffectDefinitionSO:effect:capacity:communication:multiply, GameplayEffectDefinitionSO:effect:capacity:immune-defense:multiply, GameplayEffectDefinitionSO:effect:capacity:intake-processing:multiply, GameplayEffectDefinitionSO:effect:capacity:mental-maintenance:multiply, GameplayEffectDefinitionSO:effect:capacity:physical-mobility:multiply, GameplayEffectDefinitionSO:effect:capacity:physical-power:multiply, GameplayEffectDefinitionSO:effect:capacity:power-circulation:multiply, GameplayEffectDefinitionSO:effect:capacity:precision-manipulation:multiply 외 50개",직접 참조 1건에 영향: CharacterTraitSO:trait:207,type-contract+description-and-relations; niche=type-contract; cost=type-contract,Assets/Resources/SO/V26/Effects/Definitions/effect_character_recovery-speed_multiply.asset,4e1b2145320295b44b5951b7e39bd52f,63,GameplayEffectSourceKind,All,explicit-serialized,effect:character:recovery-speed:multiply,effect_character_recovery-speed_multiply,10,0,2090418386,2,GameplayEffectOperation,Multiply,explicit-serialized,2,GameplayEffectProjectionPhase,Multiplicative,explicit-serialized,0,GameplayEffectStackingPolicy,Stack All,explicit-serialized,character:recovery-speed
research-effects,GameplayEffectDefinitionSO,GameplayEffectDefinitionSO|effect:character:relationship-recovery:multiply,effect:character:relationship-recovery:multiply,effect_character_relationship-recovery_multiply,,작성 자산 정의,,서로 다른 콘텐츠가 공유하는 상태 변화를 단일 실행 규약으로 정의한다. 다른 콘텐츠 2개가 이 정의를 참조한다.,type-contract+description-and-relations,근거 확인,,active-authored,Assets/Resources/SO/Content/GameDomainContentCatalog.asset; Assets/Resources/SO/GameContentCatalog.asset,catalog-registered-static-consumer,Assets/Scripts/Services/Effects/Runtime/CharacterDerivedStatsSnapshot.cs; Assets/Scripts/Services/Effects/Runtime/GameplayEffectResultBoundsCatalog.cs; Assets/Scripts/Services/Foundation/GameplayEffectContracts.cs,Assets/Scripts/Services/Effects/Runtime/GameplayEffectResultBoundsCatalog.cs,2,CharacterTraitSO,서로 다른 콘텐츠가 공유하는 상태 변화를 단일 실행 규약으로 정의한다. 다른 콘텐츠 2개가 이 정의를 참조한다.,서로 다른 콘텐츠가 공유하는 상태 변화를 단일 실행 규약으로 정의한다,작성 자산에서 직접 비용·위험 수치를 확인할 수 없음,GameplayEffectDefinitionSO,"비교 후보(대체 가능성 미검증): GameplayEffectDefinitionSO:effect:arcane:mana-recovery:multiply, GameplayEffectDefinitionSO:effect:arcane:power:multiply, GameplayEffectDefinitionSO:effect:capacity:arcane-conduction:multiply, GameplayEffectDefinitionSO:effect:capacity:auditory-sensing:multiply, GameplayEffectDefinitionSO:effect:capacity:communication:multiply, GameplayEffectDefinitionSO:effect:capacity:immune-defense:multiply, GameplayEffectDefinitionSO:effect:capacity:intake-processing:multiply, GameplayEffectDefinitionSO:effect:capacity:mental-maintenance:multiply, GameplayEffectDefinitionSO:effect:capacity:physical-mobility:multiply, GameplayEffectDefinitionSO:effect:capacity:physical-power:multiply, GameplayEffectDefinitionSO:effect:capacity:power-circulation:multiply, GameplayEffectDefinitionSO:effect:capacity:precision-manipulation:multiply 외 50개","직접 참조 2건에 영향: CharacterTraitSO:trait:218, CharacterTraitSO:trait:219",type-contract+description-and-relations; niche=type-contract; cost=type-contract,Assets/Resources/SO/V26/Effects/Definitions/effect_character_relationship-recovery_multiply.asset,32f31fef8eb6d494ca08d45179a5d427,63,GameplayEffectSourceKind,All,explicit-serialized,effect:character:relationship-recovery:multiply,effect_character_relationship-recovery_multiply,10,0,1783699611,2,GameplayEffectOperation,Multiply,explicit-serialized,2,GameplayEffectProjectionPhase,Multiplicative,explicit-serialized,0,GameplayEffectStackingPolicy,Stack All,explicit-serialized,character:relationship-recovery
research-effects,GameplayEffectDefinitionSO,GameplayEffectDefinitionSO|effect:character:research-speed:multiply,effect:character:research-speed:multiply,effect_character_research-speed_multiply,,작성 자산 정의,,서로 다른 콘텐츠가 공유하는 상태 변화를 단일 실행 규약으로 정의한다. 다른 콘텐츠 4개가 이 정의를 참조한다.,type-contract+description-and-relations,근거 확인,,active-authored,Assets/Resources/SO/Content/GameDomainContentCatalog.asset; Assets/Resources/SO/GameContentCatalog.asset,catalog-registered-static-consumer,Assets/Scripts/Services/Effects/Runtime/CharacterDerivedStatsSnapshot.cs; Assets/Scripts/Services/Effects/Runtime/GameplayEffectResultBoundsCatalog.cs; Assets/Scripts/Services/Foundation/GameplayEffectContracts.cs,Assets/Scripts/Services/Effects/Runtime/GameplayEffectResultBoundsCatalog.cs,4,CharacterTraitSO,서로 다른 콘텐츠가 공유하는 상태 변화를 단일 실행 규약으로 정의한다. 다른 콘텐츠 4개가 이 정의를 참조한다.,서로 다른 콘텐츠가 공유하는 상태 변화를 단일 실행 규약으로 정의한다,작성 자산에서 직접 비용·위험 수치를 확인할 수 없음,GameplayEffectDefinitionSO,"비교 후보(대체 가능성 미검증): GameplayEffectDefinitionSO:effect:arcane:mana-recovery:multiply, GameplayEffectDefinitionSO:effect:arcane:power:multiply, GameplayEffectDefinitionSO:effect:capacity:arcane-conduction:multiply, GameplayEffectDefinitionSO:effect:capacity:auditory-sensing:multiply, GameplayEffectDefinitionSO:effect:capacity:communication:multiply, GameplayEffectDefinitionSO:effect:capacity:immune-defense:multiply, GameplayEffectDefinitionSO:effect:capacity:intake-processing:multiply, GameplayEffectDefinitionSO:effect:capacity:mental-maintenance:multiply, GameplayEffectDefinitionSO:effect:capacity:physical-mobility:multiply, GameplayEffectDefinitionSO:effect:capacity:physical-power:multiply, GameplayEffectDefinitionSO:effect:capacity:power-circulation:multiply, GameplayEffectDefinitionSO:effect:capacity:precision-manipulation:multiply 외 50개","직접 참조 4건에 영향: CharacterTraitSO:trait:108, CharacterTraitSO:trait:302, CharacterTraitSO:trait:414, CharacterTraitSO:trait:514",type-contract+description-and-relations; niche=type-contract; cost=type-contract,Assets/Resources/SO/V26/Effects/Definitions/effect_character_research-speed_multiply.asset,3790d32843ae6be41bcfbace26296424,63,GameplayEffectSourceKind,All,explicit-serialized,effect:character:research-speed:multiply,effect_character_research-speed_multiply,10,0,780856668,2,GameplayEffectOperation,Multiply,explicit-serialized,2,GameplayEffectProjectionPhase,Multiplicative,explicit-serialized,0,GameplayEffectStackingPolicy,Stack All,explicit-serialized,character:research-speed
research-effects,GameplayEffectDefinitionSO,GameplayEffectDefinitionSO|effect:character:sleep-recovery:multiply,effect:character:sleep-recovery:multiply,effect_character_sleep-recovery_multiply,,작성 자산 정의,,서로 다른 콘텐츠가 공유하는 상태 변화를 단일 실행 규약으로 정의한다. 다른 콘텐츠 1개가 이 정의를 참조한다.,type-contract+description-and-relations,근거 확인,,active-authored,Assets/Resources/SO/Content/GameDomainContentCatalog.asset; Assets/Resources/SO/GameContentCatalog.asset,catalog-registered-static-consumer,Assets/Scripts/Services/Effects/Runtime/CharacterDerivedStatsSnapshot.cs; Assets/Scripts/Services/Effects/Runtime/GameplayEffectResultBoundsCatalog.cs; Assets/Scripts/Services/Foundation/GameplayEffectContracts.cs,Assets/Scripts/Services/Effects/Runtime/GameplayEffectResultBoundsCatalog.cs,1,CharacterTraitSO,서로 다른 콘텐츠가 공유하는 상태 변화를 단일 실행 규약으로 정의한다. 다른 콘텐츠 1개가 이 정의를 참조한다.,서로 다른 콘텐츠가 공유하는 상태 변화를 단일 실행 규약으로 정의한다,작성 자산에서 직접 비용·위험 수치를 확인할 수 없음,GameplayEffectDefinitionSO,"비교 후보(대체 가능성 미검증): GameplayEffectDefinitionSO:effect:arcane:mana-recovery:multiply, GameplayEffectDefinitionSO:effect:arcane:power:multiply, GameplayEffectDefinitionSO:effect:capacity:arcane-conduction:multiply, GameplayEffectDefinitionSO:effect:capacity:auditory-sensing:multiply, GameplayEffectDefinitionSO:effect:capacity:communication:multiply, GameplayEffectDefinitionSO:effect:capacity:immune-defense:multiply, GameplayEffectDefinitionSO:effect:capacity:intake-processing:multiply, GameplayEffectDefinitionSO:effect:capacity:mental-maintenance:multiply, GameplayEffectDefinitionSO:effect:capacity:physical-mobility:multiply, GameplayEffectDefinitionSO:effect:capacity:physical-power:multiply, GameplayEffectDefinitionSO:effect:capacity:power-circulation:multiply, GameplayEffectDefinitionSO:effect:capacity:precision-manipulation:multiply 외 50개",직접 참조 1건에 영향: CharacterTraitSO:trait:201,type-contract+description-and-relations; niche=type-contract; cost=type-contract,Assets/Resources/SO/V26/Effects/Definitions/effect_character_sleep-recovery_multiply.asset,a33ed0feb4b7e3145bca697ae2653a88,63,GameplayEffectSourceKind,All,explicit-serialized,effect:character:sleep-recovery:multiply,effect_character_sleep-recovery_multiply,10,0,539795130,2,GameplayEffectOperation,Multiply,explicit-serialized,2,GameplayEffectProjectionPhase,Multiplicative,explicit-serialized,0,GameplayEffectStackingPolicy,Stack All,explicit-serialized,character:sleep-recovery
research-effects,GameplayEffectDefinitionSO,GameplayEffectDefinitionSO|effect:character:spending:multiply,effect:character:spending:multiply,effect_character_spending_multiply,,작성 자산 정의,,서로 다른 콘텐츠가 공유하는 상태 변화를 단일 실행 규약으로 정의한다. 다른 콘텐츠 5개가 이 정의를 참조한다.,type-contract+description-and-relations,근거 확인,,active-authored,Assets/Resources/SO/Content/GameDomainContentCatalog.asset; Assets/Resources/SO/GameContentCatalog.asset,catalog-registered-static-consumer,Assets/Scripts/Services/Effects/Runtime/CharacterDerivedStatsSnapshot.cs; Assets/Scripts/Services/Effects/Runtime/GameplayEffectResultBoundsCatalog.cs; Assets/Scripts/Services/Foundation/GameplayEffectContracts.cs,Assets/Scripts/Services/Effects/Runtime/GameplayEffectResultBoundsCatalog.cs,5,CharacterSpeciesSO; CharacterTraitSO,서로 다른 콘텐츠가 공유하는 상태 변화를 단일 실행 규약으로 정의한다. 다른 콘텐츠 5개가 이 정의를 참조한다.,서로 다른 콘텐츠가 공유하는 상태 변화를 단일 실행 규약으로 정의한다,작성 자산에서 직접 비용·위험 수치를 확인할 수 없음,GameplayEffectDefinitionSO,"비교 후보(대체 가능성 미검증): GameplayEffectDefinitionSO:effect:arcane:mana-recovery:multiply, GameplayEffectDefinitionSO:effect:arcane:power:multiply, GameplayEffectDefinitionSO:effect:capacity:arcane-conduction:multiply, GameplayEffectDefinitionSO:effect:capacity:auditory-sensing:multiply, GameplayEffectDefinitionSO:effect:capacity:communication:multiply, GameplayEffectDefinitionSO:effect:capacity:immune-defense:multiply, GameplayEffectDefinitionSO:effect:capacity:intake-processing:multiply, GameplayEffectDefinitionSO:effect:capacity:mental-maintenance:multiply, GameplayEffectDefinitionSO:effect:capacity:physical-mobility:multiply, GameplayEffectDefinitionSO:effect:capacity:physical-power:multiply, GameplayEffectDefinitionSO:effect:capacity:power-circulation:multiply, GameplayEffectDefinitionSO:effect:capacity:precision-manipulation:multiply 외 50개","직접 참조 5건에 영향: CharacterSpeciesSO:characterspecies:1, CharacterSpeciesSO:characterspecies:2, CharacterSpeciesSO:characterspecies:3, CharacterSpeciesSO:characterspecies:5, CharacterTraitSO:trait:103",type-contract+description-and-relations; niche=type-contract; cost=type-contract,Assets/Resources/SO/V26/Effects/Definitions/effect_character_spending_multiply.asset,7b3eb087dd06731449587320d5c7cb29,63,GameplayEffectSourceKind,All,explicit-serialized,effect:character:spending:multiply,effect_character_spending_multiply,10,0,268453245,2,GameplayEffectOperation,Multiply,explicit-serialized,2,GameplayEffectProjectionPhase,Multiplicative,explicit-serialized,0,GameplayEffectStackingPolicy,Stack All,explicit-serialized,character:spending
research-effects,GameplayEffectDefinitionSO,GameplayEffectDefinitionSO|effect:character:wait-patience:multiply,effect:character:wait-patience:multiply,effect_character_wait-patience_multiply,,작성 자산 정의,,서로 다른 콘텐츠가 공유하는 상태 변화를 단일 실행 규약으로 정의한다. 다른 콘텐츠 4개가 이 정의를 참조한다.,type-contract+description-and-relations,근거 확인,,active-authored,Assets/Resources/SO/Content/GameDomainContentCatalog.asset; Assets/Resources/SO/GameContentCatalog.asset,catalog-registered-static-consumer,Assets/Scripts/Services/Effects/Runtime/CharacterDerivedStatsSnapshot.cs; Assets/Scripts/Services/Effects/Runtime/GameplayEffectResultBoundsCatalog.cs; Assets/Scripts/Services/Foundation/GameplayEffectContracts.cs,Assets/Scripts/Services/Effects/Runtime/GameplayEffectResultBoundsCatalog.cs,4,CharacterSpeciesSO; CharacterTraitSO,서로 다른 콘텐츠가 공유하는 상태 변화를 단일 실행 규약으로 정의한다. 다른 콘텐츠 4개가 이 정의를 참조한다.,서로 다른 콘텐츠가 공유하는 상태 변화를 단일 실행 규약으로 정의한다,작성 자산에서 직접 비용·위험 수치를 확인할 수 없음,GameplayEffectDefinitionSO,"비교 후보(대체 가능성 미검증): GameplayEffectDefinitionSO:effect:arcane:mana-recovery:multiply, GameplayEffectDefinitionSO:effect:arcane:power:multiply, GameplayEffectDefinitionSO:effect:capacity:arcane-conduction:multiply, GameplayEffectDefinitionSO:effect:capacity:auditory-sensing:multiply, GameplayEffectDefinitionSO:effect:capacity:communication:multiply, GameplayEffectDefinitionSO:effect:capacity:immune-defense:multiply, GameplayEffectDefinitionSO:effect:capacity:intake-processing:multiply, GameplayEffectDefinitionSO:effect:capacity:mental-maintenance:multiply, GameplayEffectDefinitionSO:effect:capacity:physical-mobility:multiply, GameplayEffectDefinitionSO:effect:capacity:physical-power:multiply, GameplayEffectDefinitionSO:effect:capacity:power-circulation:multiply, GameplayEffectDefinitionSO:effect:capacity:precision-manipulation:multiply 외 50개","직접 참조 4건에 영향: CharacterSpeciesSO:characterspecies:2, CharacterSpeciesSO:characterspecies:3, CharacterTraitSO:trait:412, CharacterTraitSO:trait:512",type-contract+description-and-relations; niche=type-contract; cost=type-contract,Assets/Resources/SO/V26/Effects/Definitions/effect_character_wait-patience_multiply.asset,4dd29e6ba2c3326468c633c54e6cd2a1,63,GameplayEffectSourceKind,All,explicit-serialized,effect:character:wait-patience:multiply,effect_character_wait-patience_multiply,10,0,1186953782,2,GameplayEffectOperation,Multiply,explicit-serialized,2,GameplayEffectProjectionPhase,Multiplicative,explicit-serialized,0,GameplayEffectStackingPolicy,Stack All,explicit-serialized,character:wait-patience
research-effects,GameplayEffectDefinitionSO,GameplayEffectDefinitionSO|effect:character:work-speed:multiply,effect:character:work-speed:multiply,effect_character_work-speed_multiply,,작성 자산 정의,,서로 다른 콘텐츠가 공유하는 상태 변화를 단일 실행 규약으로 정의한다. 다른 콘텐츠 28개가 이 정의를 참조한다.,type-contract+description-and-relations,근거 확인,,active-authored,Assets/Resources/SO/Content/GameDomainContentCatalog.asset; Assets/Resources/SO/GameContentCatalog.asset,catalog-registered-static-consumer,Assets/Scripts/Services/Effects/Runtime/CharacterDerivedStatsSnapshot.cs; Assets/Scripts/Services/Effects/Runtime/GameplayEffectResultBoundsCatalog.cs; Assets/Scripts/Services/Foundation/GameplayEffectContracts.cs,Assets/Scripts/Services/Effects/Runtime/GameplayEffectResultBoundsCatalog.cs,28,CharacterTraitSO; CombatArmorSO,서로 다른 콘텐츠가 공유하는 상태 변화를 단일 실행 규약으로 정의한다. 다른 콘텐츠 28개가 이 정의를 참조한다.,서로 다른 콘텐츠가 공유하는 상태 변화를 단일 실행 규약으로 정의한다,작성 자산에서 직접 비용·위험 수치를 확인할 수 없음,GameplayEffectDefinitionSO,"비교 후보(대체 가능성 미검증): GameplayEffectDefinitionSO:effect:arcane:mana-recovery:multiply, GameplayEffectDefinitionSO:effect:arcane:power:multiply, GameplayEffectDefinitionSO:effect:capacity:arcane-conduction:multiply, GameplayEffectDefinitionSO:effect:capacity:auditory-sensing:multiply, GameplayEffectDefinitionSO:effect:capacity:communication:multiply, GameplayEffectDefinitionSO:effect:capacity:immune-defense:multiply, GameplayEffectDefinitionSO:effect:capacity:intake-processing:multiply, GameplayEffectDefinitionSO:effect:capacity:mental-maintenance:multiply, GameplayEffectDefinitionSO:effect:capacity:physical-mobility:multiply, GameplayEffectDefinitionSO:effect:capacity:physical-power:multiply, GameplayEffectDefinitionSO:effect:capacity:power-circulation:multiply, GameplayEffectDefinitionSO:effect:capacity:precision-manipulation:multiply 외 50개","직접 참조 28건에 영향: CharacterTraitSO:trait:101, CharacterTraitSO:trait:102, CharacterTraitSO:trait:104, CharacterTraitSO:trait:107, CharacterTraitSO:trait:108, CharacterTraitSO:trait:200, CharacterTraitSO:trait:203, CharacterTraitSO:trait:210, CharacterTraitSO:trait:212, CharacterTraitSO:trait:221 외",type-contract+description-and-relations; niche=type-contract; cost=type-contract,Assets/Resources/SO/V26/Effects/Definitions/effect_character_work-speed_multiply.asset,c82e7a8d248986f4b8776ccbc743d601,63,GameplayEffectSourceKind,All,explicit-serialized,effect:character:work-speed:multiply,effect_character_work-speed_multiply,10,0,1979055192,2,GameplayEffectOperation,Multiply,explicit-serialized,2,GameplayEffectProjectionPhase,Multiplicative,explicit-serialized,0,GameplayEffectStackingPolicy,Stack All,explicit-serialized,character:work-speed
research-effects,GameplayEffectDefinitionSO,GameplayEffectDefinitionSO|effect:craft:quality-score:addflat,effect:craft:quality-score:addflat,effect_craft_quality-score_addflat,,작성 자산 정의,,서로 다른 콘텐츠가 공유하는 상태 변화를 단일 실행 규약으로 정의한다. 다른 콘텐츠 1개가 이 정의를 참조한다.,type-contract+description-and-relations,근거 확인,,active-authored,Assets/Resources/SO/Content/GameDomainContentCatalog.asset; Assets/Resources/SO/GameContentCatalog.asset,catalog-registered-static-consumer,Assets/Scripts/Services/Effects/Runtime/CharacterDerivedStatsSnapshot.cs; Assets/Scripts/Services/Effects/Runtime/GameplayEffectResultBoundsCatalog.cs; Assets/Scripts/Services/Foundation/GameplayEffectContracts.cs,Assets/Scripts/Services/Effects/Runtime/GameplayEffectResultBoundsCatalog.cs,1,CharacterTraitSO,서로 다른 콘텐츠가 공유하는 상태 변화를 단일 실행 규약으로 정의한다. 다른 콘텐츠 1개가 이 정의를 참조한다.,서로 다른 콘텐츠가 공유하는 상태 변화를 단일 실행 규약으로 정의한다,작성 자산에서 직접 비용·위험 수치를 확인할 수 없음,GameplayEffectDefinitionSO,"비교 후보(대체 가능성 미검증): GameplayEffectDefinitionSO:effect:arcane:mana-recovery:multiply, GameplayEffectDefinitionSO:effect:arcane:power:multiply, GameplayEffectDefinitionSO:effect:capacity:arcane-conduction:multiply, GameplayEffectDefinitionSO:effect:capacity:auditory-sensing:multiply, GameplayEffectDefinitionSO:effect:capacity:communication:multiply, GameplayEffectDefinitionSO:effect:capacity:immune-defense:multiply, GameplayEffectDefinitionSO:effect:capacity:intake-processing:multiply, GameplayEffectDefinitionSO:effect:capacity:mental-maintenance:multiply, GameplayEffectDefinitionSO:effect:capacity:physical-mobility:multiply, GameplayEffectDefinitionSO:effect:capacity:physical-power:multiply, GameplayEffectDefinitionSO:effect:capacity:power-circulation:multiply, GameplayEffectDefinitionSO:effect:capacity:precision-manipulation:multiply 외 50개",직접 참조 1건에 영향: CharacterTraitSO:trait:229,type-contract+description-and-relations; niche=type-contract; cost=type-contract,Assets/Resources/SO/V26/Effects/Definitions/effect_craft_quality-score_addflat.asset,8c26059caa737df4cb1c0d3159b1d8ec,63,GameplayEffectSourceKind,All,explicit-serialized,effect:craft:quality-score:addflat,effect_craft_quality-score_addflat,3.40282e+38,-3.40282e+38,271771398,0,GameplayEffectOperation,Add Flat,explicit-serialized,0,GameplayEffectProjectionPhase,Base Add,explicit-serialized,0,GameplayEffectStackingPolicy,Stack All,explicit-serialized,craft:quality-score
research-effects,GameplayEffectDefinitionSO,GameplayEffectDefinitionSO|effect:damage:blunt-taken:multiply,effect:damage:blunt-taken:multiply,effect_damage_blunt-taken_multiply,,작성 자산 정의,,서로 다른 콘텐츠가 공유하는 상태 변화를 단일 실행 규약으로 정의한다. 다른 콘텐츠 1개가 이 정의를 참조한다.,type-contract+description-and-relations,근거 확인,,active-authored,Assets/Resources/SO/Content/GameDomainContentCatalog.asset; Assets/Resources/SO/GameContentCatalog.asset,catalog-registered-static-consumer,Assets/Scripts/Services/Effects/Runtime/CharacterDerivedStatsSnapshot.cs; Assets/Scripts/Services/Effects/Runtime/GameplayEffectResultBoundsCatalog.cs; Assets/Scripts/Services/Foundation/GameplayEffectContracts.cs,Assets/Scripts/Services/Effects/Runtime/GameplayEffectResultBoundsCatalog.cs,1,CharacterTraitSO,서로 다른 콘텐츠가 공유하는 상태 변화를 단일 실행 규약으로 정의한다. 다른 콘텐츠 1개가 이 정의를 참조한다.,서로 다른 콘텐츠가 공유하는 상태 변화를 단일 실행 규약으로 정의한다,작성 자산에서 직접 비용·위험 수치를 확인할 수 없음,GameplayEffectDefinitionSO,"비교 후보(대체 가능성 미검증): GameplayEffectDefinitionSO:effect:arcane:mana-recovery:multiply, GameplayEffectDefinitionSO:effect:arcane:power:multiply, GameplayEffectDefinitionSO:effect:capacity:arcane-conduction:multiply, GameplayEffectDefinitionSO:effect:capacity:auditory-sensing:multiply, GameplayEffectDefinitionSO:effect:capacity:communication:multiply, GameplayEffectDefinitionSO:effect:capacity:immune-defense:multiply, GameplayEffectDefinitionSO:effect:capacity:intake-processing:multiply, GameplayEffectDefinitionSO:effect:capacity:mental-maintenance:multiply, GameplayEffectDefinitionSO:effect:capacity:physical-mobility:multiply, GameplayEffectDefinitionSO:effect:capacity:physical-power:multiply, GameplayEffectDefinitionSO:effect:capacity:power-circulation:multiply, GameplayEffectDefinitionSO:effect:capacity:precision-manipulation:multiply 외 50개",직접 참조 1건에 영향: CharacterTraitSO:trait:203,type-contract+description-and-relations; niche=type-contract; cost=type-contract,Assets/Resources/SO/V26/Effects/Definitions/effect_damage_blunt-taken_multiply.asset,3e9b142871b759e4280b9f9320ecb671,63,GameplayEffectSourceKind,All,explicit-serialized,effect:damage:blunt-taken:multiply,effect_damage_blunt-taken_multiply,10,0,1030091250,2,GameplayEffectOperation,Multiply,explicit-serialized,2,GameplayEffectProjectionPhase,Multiplicative,explicit-serialized,0,GameplayEffectStackingPolicy,Stack All,explicit-serialized,damage:blunt-taken
research-effects,GameplayEffectDefinitionSO,GameplayEffectDefinitionSO|effect:environment:comfort-minimum-offset:addflat,effect:environment:comfort-minimum-offset:addflat,effect_environment_comfort-minimum-offset_addflat,,작성 자산 정의,,서로 다른 콘텐츠가 공유하는 상태 변화를 단일 실행 규약으로 정의한다. 다른 콘텐츠 1개가 이 정의를 참조한다.,type-contract+description-and-relations,근거 확인,,active-authored,Assets/Resources/SO/Content/GameDomainContentCatalog.asset; Assets/Resources/SO/GameContentCatalog.asset,catalog-registered-static-consumer,Assets/Scripts/Services/Effects/Runtime/CharacterDerivedStatsSnapshot.cs; Assets/Scripts/Services/Effects/Runtime/GameplayEffectResultBoundsCatalog.cs; Assets/Scripts/Services/Foundation/GameplayEffectContracts.cs,Assets/Scripts/Services/Effects/Runtime/GameplayEffectResultBoundsCatalog.cs,1,CharacterTraitSO,서로 다른 콘텐츠가 공유하는 상태 변화를 단일 실행 규약으로 정의한다. 다른 콘텐츠 1개가 이 정의를 참조한다.,서로 다른 콘텐츠가 공유하는 상태 변화를 단일 실행 규약으로 정의한다,작성 자산에서 직접 비용·위험 수치를 확인할 수 없음,GameplayEffectDefinitionSO,"비교 후보(대체 가능성 미검증): GameplayEffectDefinitionSO:effect:arcane:mana-recovery:multiply, GameplayEffectDefinitionSO:effect:arcane:power:multiply, GameplayEffectDefinitionSO:effect:capacity:arcane-conduction:multiply, GameplayEffectDefinitionSO:effect:capacity:auditory-sensing:multiply, GameplayEffectDefinitionSO:effect:capacity:communication:multiply, GameplayEffectDefinitionSO:effect:capacity:immune-defense:multiply, GameplayEffectDefinitionSO:effect:capacity:intake-processing:multiply, GameplayEffectDefinitionSO:effect:capacity:mental-maintenance:multiply, GameplayEffectDefinitionSO:effect:capacity:physical-mobility:multiply, GameplayEffectDefinitionSO:effect:capacity:physical-power:multiply, GameplayEffectDefinitionSO:effect:capacity:power-circulation:multiply, GameplayEffectDefinitionSO:effect:capacity:precision-manipulation:multiply 외 50개",직접 참조 1건에 영향: CharacterTraitSO:trait:109,type-contract+description-and-relations; niche=type-contract; cost=type-contract,Assets/Resources/SO/V26/Effects/Definitions/effect_environment_comfort-minimum-offset_addflat.asset,49757900ee6413848a700e8bfa51d4f1,63,GameplayEffectSourceKind,All,explicit-serialized,effect:environment:comfort-minimum-offset:addflat,effect_environment_comfort-minimum-offset_addflat,3.40282e+38,-3.40282e+38,1395441850,0,GameplayEffectOperation,Add Flat,explicit-serialized,0,GameplayEffectProjectionPhase,Base Add,explicit-serialized,0,GameplayEffectStackingPolicy,Stack All,explicit-serialized,environment:comfort-minimum-offset
research-effects,GameplayEffectDefinitionSO,GameplayEffectDefinitionSO|effect:environment:safe-minimum-offset:addflat,effect:environment:safe-minimum-offset:addflat,effect_environment_safe-minimum-offset_addflat,,작성 자산 정의,,서로 다른 콘텐츠가 공유하는 상태 변화를 단일 실행 규약으로 정의한다. 다른 콘텐츠 1개가 이 정의를 참조한다.,type-contract+description-and-relations,근거 확인,,active-authored,Assets/Resources/SO/Content/GameDomainContentCatalog.asset; Assets/Resources/SO/GameContentCatalog.asset,catalog-registered-static-consumer,Assets/Scripts/Services/Effects/Runtime/CharacterDerivedStatsSnapshot.cs; Assets/Scripts/Services/Effects/Runtime/GameplayEffectResultBoundsCatalog.cs; Assets/Scripts/Services/Foundation/GameplayEffectContracts.cs,Assets/Scripts/Services/Effects/Runtime/GameplayEffectResultBoundsCatalog.cs,1,CharacterTraitSO,서로 다른 콘텐츠가 공유하는 상태 변화를 단일 실행 규약으로 정의한다. 다른 콘텐츠 1개가 이 정의를 참조한다.,서로 다른 콘텐츠가 공유하는 상태 변화를 단일 실행 규약으로 정의한다,작성 자산에서 직접 비용·위험 수치를 확인할 수 없음,GameplayEffectDefinitionSO,"비교 후보(대체 가능성 미검증): GameplayEffectDefinitionSO:effect:arcane:mana-recovery:multiply, GameplayEffectDefinitionSO:effect:arcane:power:multiply, GameplayEffectDefinitionSO:effect:capacity:arcane-conduction:multiply, GameplayEffectDefinitionSO:effect:capacity:auditory-sensing:multiply, GameplayEffectDefinitionSO:effect:capacity:communication:multiply, GameplayEffectDefinitionSO:effect:capacity:immune-defense:multiply, GameplayEffectDefinitionSO:effect:capacity:intake-processing:multiply, GameplayEffectDefinitionSO:effect:capacity:mental-maintenance:multiply, GameplayEffectDefinitionSO:effect:capacity:physical-mobility:multiply, GameplayEffectDefinitionSO:effect:capacity:physical-power:multiply, GameplayEffectDefinitionSO:effect:capacity:power-circulation:multiply, GameplayEffectDefinitionSO:effect:capacity:precision-manipulation:multiply 외 50개",직접 참조 1건에 영향: CharacterTraitSO:trait:109,type-contract+description-and-relations; niche=type-contract; cost=type-contract,Assets/Resources/SO/V26/Effects/Definitions/effect_environment_safe-minimum-offset_addflat.asset,d14afcef1ead760498f89740badb0eef,63,GameplayEffectSourceKind,All,explicit-serialized,effect:environment:safe-minimum-offset:addflat,effect_environment_safe-minimum-offset_addflat,3.40282e+38,-3.40282e+38,117846697,0,GameplayEffectOperation,Add Flat,explicit-serialized,0,GameplayEffectProjectionPhase,Base Add,explicit-serialized,0,GameplayEffectStackingPolicy,Stack All,explicit-serialized,environment:safe-minimum-offset
research-effects,GameplayEffectDefinitionSO,GameplayEffectDefinitionSO|effect:food:spoilage-detection:multiply,effect:food:spoilage-detection:multiply,effect_food_spoilage-detection_multiply,,작성 자산 정의,,서로 다른 콘텐츠가 공유하는 상태 변화를 단일 실행 규약으로 정의한다. 다른 콘텐츠 1개가 이 정의를 참조한다.,type-contract+description-and-relations,근거 확인,,active-authored,Assets/Resources/SO/Content/GameDomainContentCatalog.asset; Assets/Resources/SO/GameContentCatalog.asset,catalog-registered-static-consumer,Assets/Scripts/Services/Effects/Runtime/CharacterDerivedStatsSnapshot.cs; Assets/Scripts/Services/Effects/Runtime/GameplayEffectResultBoundsCatalog.cs; Assets/Scripts/Services/Foundation/GameplayEffectContracts.cs,Assets/Scripts/Services/Effects/Runtime/GameplayEffectResultBoundsCatalog.cs,1,CharacterTraitSO,서로 다른 콘텐츠가 공유하는 상태 변화를 단일 실행 규약으로 정의한다. 다른 콘텐츠 1개가 이 정의를 참조한다.,서로 다른 콘텐츠가 공유하는 상태 변화를 단일 실행 규약으로 정의한다,작성 자산에서 직접 비용·위험 수치를 확인할 수 없음,GameplayEffectDefinitionSO,"비교 후보(대체 가능성 미검증): GameplayEffectDefinitionSO:effect:arcane:mana-recovery:multiply, GameplayEffectDefinitionSO:effect:arcane:power:multiply, GameplayEffectDefinitionSO:effect:capacity:arcane-conduction:multiply, GameplayEffectDefinitionSO:effect:capacity:auditory-sensing:multiply, GameplayEffectDefinitionSO:effect:capacity:communication:multiply, GameplayEffectDefinitionSO:effect:capacity:immune-defense:multiply, GameplayEffectDefinitionSO:effect:capacity:intake-processing:multiply, GameplayEffectDefinitionSO:effect:capacity:mental-maintenance:multiply, GameplayEffectDefinitionSO:effect:capacity:physical-mobility:multiply, GameplayEffectDefinitionSO:effect:capacity:physical-power:multiply, GameplayEffectDefinitionSO:effect:capacity:power-circulation:multiply, GameplayEffectDefinitionSO:effect:capacity:precision-manipulation:multiply 외 50개",직접 참조 1건에 영향: CharacterTraitSO:trait:205,type-contract+description-and-relations; niche=type-contract; cost=type-contract,Assets/Resources/SO/V26/Effects/Definitions/effect_food_spoilage-detection_multiply.asset,0fc9237e2a8f7ea409c647c25c38c5f9,63,GameplayEffectSourceKind,All,explicit-serialized,effect:food:spoilage-detection:multiply,effect_food_spoilage-detection_multiply,10,0,59863732,2,GameplayEffectOperation,Multiply,explicit-serialized,2,GameplayEffectProjectionPhase,Multiplicative,explicit-serialized,0,GameplayEffectStackingPolicy,Stack All,explicit-serialized,food:spoilage-detection
research-effects,GameplayEffectDefinitionSO,GameplayEffectDefinitionSO|effect:harvest:seed-yield:multiply,effect:harvest:seed-yield:multiply,effect_harvest_seed-yield_multiply,,작성 자산 정의,,서로 다른 콘텐츠가 공유하는 상태 변화를 단일 실행 규약으로 정의한다. 다른 콘텐츠 1개가 이 정의를 참조한다.,type-contract+description-and-relations,근거 확인,,active-authored,Assets/Resources/SO/Content/GameDomainContentCatalog.asset; Assets/Resources/SO/GameContentCatalog.asset,catalog-registered-static-consumer,Assets/Scripts/Services/Effects/Runtime/CharacterDerivedStatsSnapshot.cs; Assets/Scripts/Services/Effects/Runtime/GameplayEffectResultBoundsCatalog.cs; Assets/Scripts/Services/Foundation/GameplayEffectContracts.cs,Assets/Scripts/Services/Effects/Runtime/GameplayEffectResultBoundsCatalog.cs,1,CharacterTraitSO,서로 다른 콘텐츠가 공유하는 상태 변화를 단일 실행 규약으로 정의한다. 다른 콘텐츠 1개가 이 정의를 참조한다.,서로 다른 콘텐츠가 공유하는 상태 변화를 단일 실행 규약으로 정의한다,작성 자산에서 직접 비용·위험 수치를 확인할 수 없음,GameplayEffectDefinitionSO,"비교 후보(대체 가능성 미검증): GameplayEffectDefinitionSO:effect:arcane:mana-recovery:multiply, GameplayEffectDefinitionSO:effect:arcane:power:multiply, GameplayEffectDefinitionSO:effect:capacity:arcane-conduction:multiply, GameplayEffectDefinitionSO:effect:capacity:auditory-sensing:multiply, GameplayEffectDefinitionSO:effect:capacity:communication:multiply, GameplayEffectDefinitionSO:effect:capacity:immune-defense:multiply, GameplayEffectDefinitionSO:effect:capacity:intake-processing:multiply, GameplayEffectDefinitionSO:effect:capacity:mental-maintenance:multiply, GameplayEffectDefinitionSO:effect:capacity:physical-mobility:multiply, GameplayEffectDefinitionSO:effect:capacity:physical-power:multiply, GameplayEffectDefinitionSO:effect:capacity:power-circulation:multiply, GameplayEffectDefinitionSO:effect:capacity:precision-manipulation:multiply 외 50개",직접 참조 1건에 영향: CharacterTraitSO:trait:304,type-contract+description-and-relations; niche=type-contract; cost=type-contract,Assets/Resources/SO/V26/Effects/Definitions/effect_harvest_seed-yield_multiply.asset,509b84b928b384d4289864f0d66db37c,63,GameplayEffectSourceKind,All,explicit-serialized,effect:harvest:seed-yield:multiply,effect_harvest_seed-yield_multiply,10,0,1678933936,2,GameplayEffectOperation,Multiply,explicit-serialized,2,GameplayEffectProjectionPhase,Multiplicative,explicit-serialized,0,GameplayEffectStackingPolicy,Stack All,explicit-serialized,harvest:seed-yield
research-effects,GameplayEffectDefinitionSO,GameplayEffectDefinitionSO|effect:harvest:yield:multiply,effect:harvest:yield:multiply,effect_harvest_yield_multiply,,작성 자산 정의,,서로 다른 콘텐츠가 공유하는 상태 변화를 단일 실행 규약으로 정의한다. 다른 콘텐츠 1개가 이 정의를 참조한다.,type-contract+description-and-relations,근거 확인,,active-authored,Assets/Resources/SO/Content/GameDomainContentCatalog.asset; Assets/Resources/SO/GameContentCatalog.asset,catalog-registered-static-consumer,Assets/Scripts/Services/Effects/Runtime/CharacterDerivedStatsSnapshot.cs; Assets/Scripts/Services/Effects/Runtime/GameplayEffectResultBoundsCatalog.cs; Assets/Scripts/Services/Foundation/GameplayEffectContracts.cs,Assets/Scripts/Services/Effects/Runtime/GameplayEffectResultBoundsCatalog.cs,1,CharacterTraitSO,서로 다른 콘텐츠가 공유하는 상태 변화를 단일 실행 규약으로 정의한다. 다른 콘텐츠 1개가 이 정의를 참조한다.,서로 다른 콘텐츠가 공유하는 상태 변화를 단일 실행 규약으로 정의한다,작성 자산에서 직접 비용·위험 수치를 확인할 수 없음,GameplayEffectDefinitionSO,"비교 후보(대체 가능성 미검증): GameplayEffectDefinitionSO:effect:arcane:mana-recovery:multiply, GameplayEffectDefinitionSO:effect:arcane:power:multiply, GameplayEffectDefinitionSO:effect:capacity:arcane-conduction:multiply, GameplayEffectDefinitionSO:effect:capacity:auditory-sensing:multiply, GameplayEffectDefinitionSO:effect:capacity:communication:multiply, GameplayEffectDefinitionSO:effect:capacity:immune-defense:multiply, GameplayEffectDefinitionSO:effect:capacity:intake-processing:multiply, GameplayEffectDefinitionSO:effect:capacity:mental-maintenance:multiply, GameplayEffectDefinitionSO:effect:capacity:physical-mobility:multiply, GameplayEffectDefinitionSO:effect:capacity:physical-power:multiply, GameplayEffectDefinitionSO:effect:capacity:power-circulation:multiply, GameplayEffectDefinitionSO:effect:capacity:precision-manipulation:multiply 외 50개",직접 참조 1건에 영향: CharacterTraitSO:trait:304,type-contract+description-and-relations; niche=type-contract; cost=type-contract,Assets/Resources/SO/V26/Effects/Definitions/effect_harvest_yield_multiply.asset,c740919488a757a40ad1986ce94700b3,63,GameplayEffectSourceKind,All,explicit-serialized,effect:harvest:yield:multiply,effect_harvest_yield_multiply,10,0,366298274,2,GameplayEffectOperation,Multiply,explicit-serialized,2,GameplayEffectProjectionPhase,Multiplicative,explicit-serialized,0,GameplayEffectStackingPolicy,Stack All,explicit-serialized,harvest:yield
research-effects,GameplayEffectDefinitionSO,GameplayEffectDefinitionSO|effect:medical:aftermath-duration:multiply,effect:medical:aftermath-duration:multiply,effect_medical_aftermath-duration_multiply,,작성 자산 정의,,서로 다른 콘텐츠가 공유하는 상태 변화를 단일 실행 규약으로 정의한다. 다른 콘텐츠 1개가 이 정의를 참조한다.,type-contract+description-and-relations,근거 확인,,active-authored,Assets/Resources/SO/Content/GameDomainContentCatalog.asset; Assets/Resources/SO/GameContentCatalog.asset,catalog-registered-static-consumer,Assets/Scripts/Services/Effects/Runtime/CharacterDerivedStatsSnapshot.cs; Assets/Scripts/Services/Effects/Runtime/GameplayEffectResultBoundsCatalog.cs; Assets/Scripts/Services/Foundation/GameplayEffectContracts.cs,Assets/Scripts/Services/Effects/Runtime/GameplayEffectResultBoundsCatalog.cs,1,CharacterTraitSO,서로 다른 콘텐츠가 공유하는 상태 변화를 단일 실행 규약으로 정의한다. 다른 콘텐츠 1개가 이 정의를 참조한다.,서로 다른 콘텐츠가 공유하는 상태 변화를 단일 실행 규약으로 정의한다,작성 자산에서 직접 비용·위험 수치를 확인할 수 없음,GameplayEffectDefinitionSO,"비교 후보(대체 가능성 미검증): GameplayEffectDefinitionSO:effect:arcane:mana-recovery:multiply, GameplayEffectDefinitionSO:effect:arcane:power:multiply, GameplayEffectDefinitionSO:effect:capacity:arcane-conduction:multiply, GameplayEffectDefinitionSO:effect:capacity:auditory-sensing:multiply, GameplayEffectDefinitionSO:effect:capacity:communication:multiply, GameplayEffectDefinitionSO:effect:capacity:immune-defense:multiply, GameplayEffectDefinitionSO:effect:capacity:intake-processing:multiply, GameplayEffectDefinitionSO:effect:capacity:mental-maintenance:multiply, GameplayEffectDefinitionSO:effect:capacity:physical-mobility:multiply, GameplayEffectDefinitionSO:effect:capacity:physical-power:multiply, GameplayEffectDefinitionSO:effect:capacity:power-circulation:multiply, GameplayEffectDefinitionSO:effect:capacity:precision-manipulation:multiply 외 50개",직접 참조 1건에 영향: CharacterTraitSO:trait:207,type-contract+description-and-relations; niche=type-contract; cost=type-contract,Assets/Resources/SO/V26/Effects/Definitions/effect_medical_aftermath-duration_multiply.asset,9ecd53579f00fc84c85ff965bebbdbab,63,GameplayEffectSourceKind,All,explicit-serialized,effect:medical:aftermath-duration:multiply,effect_medical_aftermath-duration_multiply,10,0,1950117832,2,GameplayEffectOperation,Multiply,explicit-serialized,2,GameplayEffectProjectionPhase,Multiplicative,explicit-serialized,0,GameplayEffectStackingPolicy,Stack All,explicit-serialized,medical:aftermath-duration
research-effects,GameplayEffectDefinitionSO,GameplayEffectDefinitionSO|effect:proficiency:construction-engineering:starting-xp:addflat,effect:proficiency:construction-engineering:starting-xp:addflat,effect_proficiency_construction-engineering_starting-xp_addflat,,작성 자산 정의,,서로 다른 콘텐츠가 공유하는 상태 변화를 단일 실행 규약으로 정의한다. 다른 콘텐츠 5개가 이 정의를 참조한다.,type-contract+description-and-relations,근거 확인,,active-authored,Assets/Resources/SO/Content/GameDomainContentCatalog.asset; Assets/Resources/SO/GameContentCatalog.asset,catalog-registered-static-consumer,Assets/Scripts/Services/Effects/Runtime/CharacterDerivedStatsSnapshot.cs; Assets/Scripts/Services/Effects/Runtime/GameplayEffectResultBoundsCatalog.cs; Assets/Scripts/Services/Foundation/GameplayEffectContracts.cs,Assets/Scripts/Services/Effects/Runtime/GameplayEffectResultBoundsCatalog.cs,5,CharacterTraitSO,서로 다른 콘텐츠가 공유하는 상태 변화를 단일 실행 규약으로 정의한다. 다른 콘텐츠 5개가 이 정의를 참조한다.,서로 다른 콘텐츠가 공유하는 상태 변화를 단일 실행 규약으로 정의한다,작성 자산에서 직접 비용·위험 수치를 확인할 수 없음,GameplayEffectDefinitionSO,"비교 후보(대체 가능성 미검증): GameplayEffectDefinitionSO:effect:arcane:mana-recovery:multiply, GameplayEffectDefinitionSO:effect:arcane:power:multiply, GameplayEffectDefinitionSO:effect:capacity:arcane-conduction:multiply, GameplayEffectDefinitionSO:effect:capacity:auditory-sensing:multiply, GameplayEffectDefinitionSO:effect:capacity:communication:multiply, GameplayEffectDefinitionSO:effect:capacity:immune-defense:multiply, GameplayEffectDefinitionSO:effect:capacity:intake-processing:multiply, GameplayEffectDefinitionSO:effect:capacity:mental-maintenance:multiply, GameplayEffectDefinitionSO:effect:capacity:physical-mobility:multiply, GameplayEffectDefinitionSO:effect:capacity:physical-power:multiply, GameplayEffectDefinitionSO:effect:capacity:power-circulation:multiply, GameplayEffectDefinitionSO:effect:capacity:precision-manipulation:multiply 외 50개","직접 참조 5건에 영향: CharacterTraitSO:trait:248, CharacterTraitSO:trait:252, CharacterTraitSO:trait:257, CharacterTraitSO:trait:401, CharacterTraitSO:trait:501",type-contract+description-and-relations; niche=type-contract; cost=type-contract,Assets/Resources/SO/V26/Effects/Definitions/effect_proficiency_construction-engineering_starting-xp_addflat.asset,9de64f9d1ea803d46a24bc8419d6fa59,63,GameplayEffectSourceKind,All,explicit-serialized,effect:proficiency:construction-engineering:starting-xp:addflat,effect_proficiency_construction-engineering_starting-xp_addflat,3.40282e+38,-3.40282e+38,1739951495,0,GameplayEffectOperation,Add Flat,explicit-serialized,0,GameplayEffectProjectionPhase,Base Add,explicit-serialized,0,GameplayEffectStackingPolicy,Stack All,explicit-serialized,proficiency:construction-engineering:starting-xp
research-effects,GameplayEffectDefinitionSO,GameplayEffectDefinitionSO|effect:proficiency:crafting:starting-xp:addflat,effect:proficiency:crafting:starting-xp:addflat,effect_proficiency_crafting_starting-xp_addflat,,작성 자산 정의,,서로 다른 콘텐츠가 공유하는 상태 변화를 단일 실행 규약으로 정의한다. 다른 콘텐츠 5개가 이 정의를 참조한다.,type-contract+description-and-relations,근거 확인,,active-authored,Assets/Resources/SO/Content/GameDomainContentCatalog.asset; Assets/Resources/SO/GameContentCatalog.asset,catalog-registered-static-consumer,Assets/Scripts/Services/Effects/Runtime/CharacterDerivedStatsSnapshot.cs; Assets/Scripts/Services/Effects/Runtime/GameplayEffectResultBoundsCatalog.cs; Assets/Scripts/Services/Foundation/GameplayEffectContracts.cs,Assets/Scripts/Services/Effects/Runtime/GameplayEffectResultBoundsCatalog.cs,5,CharacterTraitSO,서로 다른 콘텐츠가 공유하는 상태 변화를 단일 실행 규약으로 정의한다. 다른 콘텐츠 5개가 이 정의를 참조한다.,서로 다른 콘텐츠가 공유하는 상태 변화를 단일 실행 규약으로 정의한다,작성 자산에서 직접 비용·위험 수치를 확인할 수 없음,GameplayEffectDefinitionSO,"비교 후보(대체 가능성 미검증): GameplayEffectDefinitionSO:effect:arcane:mana-recovery:multiply, GameplayEffectDefinitionSO:effect:arcane:power:multiply, GameplayEffectDefinitionSO:effect:capacity:arcane-conduction:multiply, GameplayEffectDefinitionSO:effect:capacity:auditory-sensing:multiply, GameplayEffectDefinitionSO:effect:capacity:communication:multiply, GameplayEffectDefinitionSO:effect:capacity:immune-defense:multiply, GameplayEffectDefinitionSO:effect:capacity:intake-processing:multiply, GameplayEffectDefinitionSO:effect:capacity:mental-maintenance:multiply, GameplayEffectDefinitionSO:effect:capacity:physical-mobility:multiply, GameplayEffectDefinitionSO:effect:capacity:physical-power:multiply, GameplayEffectDefinitionSO:effect:capacity:power-circulation:multiply, GameplayEffectDefinitionSO:effect:capacity:precision-manipulation:multiply 외 50개","직접 참조 5건에 영향: CharacterTraitSO:trait:249, CharacterTraitSO:trait:254, CharacterTraitSO:trait:258, CharacterTraitSO:trait:402, CharacterTraitSO:trait:502",type-contract+description-and-relations; niche=type-contract; cost=type-contract,Assets/Resources/SO/V26/Effects/Definitions/effect_proficiency_crafting_starting-xp_addflat.asset,3817800b42ae9114197156bbc03eee5b,63,GameplayEffectSourceKind,All,explicit-serialized,effect:proficiency:crafting:starting-xp:addflat,effect_proficiency_crafting_starting-xp_addflat,3.40282e+38,-3.40282e+38,513236082,0,GameplayEffectOperation,Add Flat,explicit-serialized,0,GameplayEffectProjectionPhase,Base Add,explicit-serialized,0,GameplayEffectStackingPolicy,Stack All,explicit-serialized,proficiency:crafting:starting-xp
research-effects,GameplayEffectDefinitionSO,GameplayEffectDefinitionSO|effect:proficiency:fieldwork:starting-xp:addflat,effect:proficiency:fieldwork:starting-xp:addflat,effect_proficiency_fieldwork_starting-xp_addflat,,작성 자산 정의,,서로 다른 콘텐츠가 공유하는 상태 변화를 단일 실행 규약으로 정의한다. 다른 콘텐츠 5개가 이 정의를 참조한다.,type-contract+description-and-relations,근거 확인,,active-authored,Assets/Resources/SO/Content/GameDomainContentCatalog.asset; Assets/Resources/SO/GameContentCatalog.asset,catalog-registered-static-consumer,Assets/Scripts/Services/Effects/Runtime/CharacterDerivedStatsSnapshot.cs; Assets/Scripts/Services/Effects/Runtime/GameplayEffectResultBoundsCatalog.cs; Assets/Scripts/Services/Foundation/GameplayEffectContracts.cs,Assets/Scripts/Services/Effects/Runtime/GameplayEffectResultBoundsCatalog.cs,5,CharacterTraitSO,서로 다른 콘텐츠가 공유하는 상태 변화를 단일 실행 규약으로 정의한다. 다른 콘텐츠 5개가 이 정의를 참조한다.,서로 다른 콘텐츠가 공유하는 상태 변화를 단일 실행 규약으로 정의한다,작성 자산에서 직접 비용·위험 수치를 확인할 수 없음,GameplayEffectDefinitionSO,"비교 후보(대체 가능성 미검증): GameplayEffectDefinitionSO:effect:arcane:mana-recovery:multiply, GameplayEffectDefinitionSO:effect:arcane:power:multiply, GameplayEffectDefinitionSO:effect:capacity:arcane-conduction:multiply, GameplayEffectDefinitionSO:effect:capacity:auditory-sensing:multiply, GameplayEffectDefinitionSO:effect:capacity:communication:multiply, GameplayEffectDefinitionSO:effect:capacity:immune-defense:multiply, GameplayEffectDefinitionSO:effect:capacity:intake-processing:multiply, GameplayEffectDefinitionSO:effect:capacity:mental-maintenance:multiply, GameplayEffectDefinitionSO:effect:capacity:physical-mobility:multiply, GameplayEffectDefinitionSO:effect:capacity:physical-power:multiply, GameplayEffectDefinitionSO:effect:capacity:power-circulation:multiply, GameplayEffectDefinitionSO:effect:capacity:precision-manipulation:multiply 외 50개","직접 참조 5건에 영향: CharacterTraitSO:trait:247, CharacterTraitSO:trait:256, CharacterTraitSO:trait:259, CharacterTraitSO:trait:400, CharacterTraitSO:trait:500",type-contract+description-and-relations; niche=type-contract; cost=type-contract,Assets/Resources/SO/V26/Effects/Definitions/effect_proficiency_fieldwork_starting-xp_addflat.asset,28ddb8baa5d5de24eb070abbad1e30a5,63,GameplayEffectSourceKind,All,explicit-serialized,effect:proficiency:fieldwork:starting-xp:addflat,effect_proficiency_fieldwork_starting-xp_addflat,3.40282e+38,-3.40282e+38,378488681,0,GameplayEffectOperation,Add Flat,explicit-serialized,0,GameplayEffectProjectionPhase,Base Add,explicit-serialized,0,GameplayEffectStackingPolicy,Stack All,explicit-serialized,proficiency:fieldwork:starting-xp
research-effects,GameplayEffectDefinitionSO,GameplayEffectDefinitionSO|effect:proficiency:food-production:starting-xp:addflat,effect:proficiency:food-production:starting-xp:addflat,effect_proficiency_food-production_starting-xp_addflat,,작성 자산 정의,,서로 다른 콘텐츠가 공유하는 상태 변화를 단일 실행 규약으로 정의한다. 다른 콘텐츠 3개가 이 정의를 참조한다.,type-contract+description-and-relations,근거 확인,,active-authored,Assets/Resources/SO/Content/GameDomainContentCatalog.asset; Assets/Resources/SO/GameContentCatalog.asset,catalog-registered-static-consumer,Assets/Scripts/Services/Effects/Runtime/CharacterDerivedStatsSnapshot.cs; Assets/Scripts/Services/Effects/Runtime/GameplayEffectResultBoundsCatalog.cs; Assets/Scripts/Services/Foundation/GameplayEffectContracts.cs,Assets/Scripts/Services/Effects/Runtime/GameplayEffectResultBoundsCatalog.cs,3,CharacterTraitSO,서로 다른 콘텐츠가 공유하는 상태 변화를 단일 실행 규약으로 정의한다. 다른 콘텐츠 3개가 이 정의를 참조한다.,서로 다른 콘텐츠가 공유하는 상태 변화를 단일 실행 규약으로 정의한다,작성 자산에서 직접 비용·위험 수치를 확인할 수 없음,GameplayEffectDefinitionSO,"비교 후보(대체 가능성 미검증): GameplayEffectDefinitionSO:effect:arcane:mana-recovery:multiply, GameplayEffectDefinitionSO:effect:arcane:power:multiply, GameplayEffectDefinitionSO:effect:capacity:arcane-conduction:multiply, GameplayEffectDefinitionSO:effect:capacity:auditory-sensing:multiply, GameplayEffectDefinitionSO:effect:capacity:communication:multiply, GameplayEffectDefinitionSO:effect:capacity:immune-defense:multiply, GameplayEffectDefinitionSO:effect:capacity:intake-processing:multiply, GameplayEffectDefinitionSO:effect:capacity:mental-maintenance:multiply, GameplayEffectDefinitionSO:effect:capacity:physical-mobility:multiply, GameplayEffectDefinitionSO:effect:capacity:physical-power:multiply, GameplayEffectDefinitionSO:effect:capacity:power-circulation:multiply, GameplayEffectDefinitionSO:effect:capacity:precision-manipulation:multiply 외 50개","직접 참조 3건에 영향: CharacterTraitSO:trait:250, CharacterTraitSO:trait:403, CharacterTraitSO:trait:503",type-contract+description-and-relations; niche=type-contract; cost=type-contract,Assets/Resources/SO/V26/Effects/Definitions/effect_proficiency_food-production_starting-xp_addflat.asset,bfa483e3a284430479f3248cdb201545,63,GameplayEffectSourceKind,All,explicit-serialized,effect:proficiency:food-production:starting-xp:addflat,effect_proficiency_food-production_starting-xp_addflat,3.40282e+38,-3.40282e+38,674307278,0,GameplayEffectOperation,Add Flat,explicit-serialized,0,GameplayEffectProjectionPhase,Base Add,explicit-serialized,0,GameplayEffectStackingPolicy,Stack All,explicit-serialized,proficiency:food-production:starting-xp
research-effects,GameplayEffectDefinitionSO,GameplayEffectDefinitionSO|effect:proficiency:medicine:starting-xp:addflat,effect:proficiency:medicine:starting-xp:addflat,effect_proficiency_medicine_starting-xp_addflat,,작성 자산 정의,,서로 다른 콘텐츠가 공유하는 상태 변화를 단일 실행 규약으로 정의한다. 다른 콘텐츠 5개가 이 정의를 참조한다.,type-contract+description-and-relations,근거 확인,,active-authored,Assets/Resources/SO/Content/GameDomainContentCatalog.asset; Assets/Resources/SO/GameContentCatalog.asset,catalog-registered-static-consumer,Assets/Scripts/Services/Effects/Runtime/CharacterDerivedStatsSnapshot.cs; Assets/Scripts/Services/Effects/Runtime/GameplayEffectResultBoundsCatalog.cs; Assets/Scripts/Services/Foundation/GameplayEffectContracts.cs,Assets/Scripts/Services/Effects/Runtime/GameplayEffectResultBoundsCatalog.cs,5,CharacterTraitSO,서로 다른 콘텐츠가 공유하는 상태 변화를 단일 실행 규약으로 정의한다. 다른 콘텐츠 5개가 이 정의를 참조한다.,서로 다른 콘텐츠가 공유하는 상태 변화를 단일 실행 규약으로 정의한다,작성 자산에서 직접 비용·위험 수치를 확인할 수 없음,GameplayEffectDefinitionSO,"비교 후보(대체 가능성 미검증): GameplayEffectDefinitionSO:effect:arcane:mana-recovery:multiply, GameplayEffectDefinitionSO:effect:arcane:power:multiply, GameplayEffectDefinitionSO:effect:capacity:arcane-conduction:multiply, GameplayEffectDefinitionSO:effect:capacity:auditory-sensing:multiply, GameplayEffectDefinitionSO:effect:capacity:communication:multiply, GameplayEffectDefinitionSO:effect:capacity:immune-defense:multiply, GameplayEffectDefinitionSO:effect:capacity:intake-processing:multiply, GameplayEffectDefinitionSO:effect:capacity:mental-maintenance:multiply, GameplayEffectDefinitionSO:effect:capacity:physical-mobility:multiply, GameplayEffectDefinitionSO:effect:capacity:physical-power:multiply, GameplayEffectDefinitionSO:effect:capacity:power-circulation:multiply, GameplayEffectDefinitionSO:effect:capacity:precision-manipulation:multiply 외 50개","직접 참조 5건에 영향: CharacterTraitSO:trait:247, CharacterTraitSO:trait:252, CharacterTraitSO:trait:257, CharacterTraitSO:trait:405, CharacterTraitSO:trait:505",type-contract+description-and-relations; niche=type-contract; cost=type-contract,Assets/Resources/SO/V26/Effects/Definitions/effect_proficiency_medicine_starting-xp_addflat.asset,f6f85a33238adf84c9342e3e696c3d06,63,GameplayEffectSourceKind,All,explicit-serialized,effect:proficiency:medicine:starting-xp:addflat,effect_proficiency_medicine_starting-xp_addflat,3.40282e+38,-3.40282e+38,286220372,0,GameplayEffectOperation,Add Flat,explicit-serialized,0,GameplayEffectProjectionPhase,Base Add,explicit-serialized,0,GameplayEffectStackingPolicy,Stack All,explicit-serialized,proficiency:medicine:starting-xp
research-effects,GameplayEffectDefinitionSO,GameplayEffectDefinitionSO|effect:proficiency:melee-combat:starting-xp:addflat,effect:proficiency:melee-combat:starting-xp:addflat,effect_proficiency_melee-combat_starting-xp_addflat,,작성 자산 정의,,서로 다른 콘텐츠가 공유하는 상태 변화를 단일 실행 규약으로 정의한다. 다른 콘텐츠 5개가 이 정의를 참조한다.,type-contract+description-and-relations,근거 확인,,active-authored,Assets/Resources/SO/Content/GameDomainContentCatalog.asset; Assets/Resources/SO/GameContentCatalog.asset,catalog-registered-static-consumer,Assets/Scripts/Services/Effects/Runtime/CharacterDerivedStatsSnapshot.cs; Assets/Scripts/Services/Effects/Runtime/GameplayEffectResultBoundsCatalog.cs; Assets/Scripts/Services/Foundation/GameplayEffectContracts.cs,Assets/Scripts/Services/Effects/Runtime/GameplayEffectResultBoundsCatalog.cs,5,CharacterTraitSO,서로 다른 콘텐츠가 공유하는 상태 변화를 단일 실행 규약으로 정의한다. 다른 콘텐츠 5개가 이 정의를 참조한다.,서로 다른 콘텐츠가 공유하는 상태 변화를 단일 실행 규약으로 정의한다,작성 자산에서 직접 비용·위험 수치를 확인할 수 없음,GameplayEffectDefinitionSO,"비교 후보(대체 가능성 미검증): GameplayEffectDefinitionSO:effect:arcane:mana-recovery:multiply, GameplayEffectDefinitionSO:effect:arcane:power:multiply, GameplayEffectDefinitionSO:effect:capacity:arcane-conduction:multiply, GameplayEffectDefinitionSO:effect:capacity:auditory-sensing:multiply, GameplayEffectDefinitionSO:effect:capacity:communication:multiply, GameplayEffectDefinitionSO:effect:capacity:immune-defense:multiply, GameplayEffectDefinitionSO:effect:capacity:intake-processing:multiply, GameplayEffectDefinitionSO:effect:capacity:mental-maintenance:multiply, GameplayEffectDefinitionSO:effect:capacity:physical-mobility:multiply, GameplayEffectDefinitionSO:effect:capacity:physical-power:multiply, GameplayEffectDefinitionSO:effect:capacity:power-circulation:multiply, GameplayEffectDefinitionSO:effect:capacity:precision-manipulation:multiply 외 50개","직접 참조 5건에 영향: CharacterTraitSO:trait:249, CharacterTraitSO:trait:254, CharacterTraitSO:trait:255, CharacterTraitSO:trait:407, CharacterTraitSO:trait:507",type-contract+description-and-relations; niche=type-contract; cost=type-contract,Assets/Resources/SO/V26/Effects/Definitions/effect_proficiency_melee-combat_starting-xp_addflat.asset,ff966416bc6000346b169cbc321f6286,63,GameplayEffectSourceKind,All,explicit-serialized,effect:proficiency:melee-combat:starting-xp:addflat,effect_proficiency_melee-combat_starting-xp_addflat,3.40282e+38,-3.40282e+38,404977737,0,GameplayEffectOperation,Add Flat,explicit-serialized,0,GameplayEffectProjectionPhase,Base Add,explicit-serialized,0,GameplayEffectStackingPolicy,Stack All,explicit-serialized,proficiency:melee-combat:starting-xp
research-effects,GameplayEffectDefinitionSO,GameplayEffectDefinitionSO|effect:proficiency:ranged-combat:starting-xp:addflat,effect:proficiency:ranged-combat:starting-xp:addflat,effect_proficiency_ranged-combat_starting-xp_addflat,,작성 자산 정의,,서로 다른 콘텐츠가 공유하는 상태 변화를 단일 실행 규약으로 정의한다. 다른 콘텐츠 4개가 이 정의를 참조한다.,type-contract+description-and-relations,근거 확인,,active-authored,Assets/Resources/SO/Content/GameDomainContentCatalog.asset; Assets/Resources/SO/GameContentCatalog.asset,catalog-registered-static-consumer,Assets/Scripts/Services/Effects/Runtime/CharacterDerivedStatsSnapshot.cs; Assets/Scripts/Services/Effects/Runtime/GameplayEffectResultBoundsCatalog.cs; Assets/Scripts/Services/Foundation/GameplayEffectContracts.cs,Assets/Scripts/Services/Effects/Runtime/GameplayEffectResultBoundsCatalog.cs,4,CharacterTraitSO,서로 다른 콘텐츠가 공유하는 상태 변화를 단일 실행 규약으로 정의한다. 다른 콘텐츠 4개가 이 정의를 참조한다.,서로 다른 콘텐츠가 공유하는 상태 변화를 단일 실행 규약으로 정의한다,작성 자산에서 직접 비용·위험 수치를 확인할 수 없음,GameplayEffectDefinitionSO,"비교 후보(대체 가능성 미검증): GameplayEffectDefinitionSO:effect:arcane:mana-recovery:multiply, GameplayEffectDefinitionSO:effect:arcane:power:multiply, GameplayEffectDefinitionSO:effect:capacity:arcane-conduction:multiply, GameplayEffectDefinitionSO:effect:capacity:auditory-sensing:multiply, GameplayEffectDefinitionSO:effect:capacity:communication:multiply, GameplayEffectDefinitionSO:effect:capacity:immune-defense:multiply, GameplayEffectDefinitionSO:effect:capacity:intake-processing:multiply, GameplayEffectDefinitionSO:effect:capacity:mental-maintenance:multiply, GameplayEffectDefinitionSO:effect:capacity:physical-mobility:multiply, GameplayEffectDefinitionSO:effect:capacity:physical-power:multiply, GameplayEffectDefinitionSO:effect:capacity:power-circulation:multiply, GameplayEffectDefinitionSO:effect:capacity:precision-manipulation:multiply 외 50개","직접 참조 4건에 영향: CharacterTraitSO:trait:255, CharacterTraitSO:trait:258, CharacterTraitSO:trait:408, CharacterTraitSO:trait:508",type-contract+description-and-relations; niche=type-contract; cost=type-contract,Assets/Resources/SO/V26/Effects/Definitions/effect_proficiency_ranged-combat_starting-xp_addflat.asset,489d1d7e603c7be41a51098a7c4657b0,63,GameplayEffectSourceKind,All,explicit-serialized,effect:proficiency:ranged-combat:starting-xp:addflat,effect_proficiency_ranged-combat_starting-xp_addflat,3.40282e+38,-3.40282e+38,415855316,0,GameplayEffectOperation,Add Flat,explicit-serialized,0,GameplayEffectProjectionPhase,Base Add,explicit-serialized,0,GameplayEffectStackingPolicy,Stack All,explicit-serialized,proficiency:ranged-combat:starting-xp
research-effects,GameplayEffectDefinitionSO,GameplayEffectDefinitionSO|effect:proficiency:scholarship:starting-xp:addflat,effect:proficiency:scholarship:starting-xp:addflat,effect_proficiency_scholarship_starting-xp_addflat,,작성 자산 정의,,서로 다른 콘텐츠가 공유하는 상태 변화를 단일 실행 규약으로 정의한다. 다른 콘텐츠 6개가 이 정의를 참조한다.,type-contract+description-and-relations,근거 확인,,active-authored,Assets/Resources/SO/Content/GameDomainContentCatalog.asset; Assets/Resources/SO/GameContentCatalog.asset,catalog-registered-static-consumer,Assets/Scripts/Services/Effects/Runtime/CharacterDerivedStatsSnapshot.cs; Assets/Scripts/Services/Effects/Runtime/GameplayEffectResultBoundsCatalog.cs; Assets/Scripts/Services/Foundation/GameplayEffectContracts.cs,Assets/Scripts/Services/Effects/Runtime/GameplayEffectResultBoundsCatalog.cs,6,CharacterTraitSO,서로 다른 콘텐츠가 공유하는 상태 변화를 단일 실행 규약으로 정의한다. 다른 콘텐츠 6개가 이 정의를 참조한다.,서로 다른 콘텐츠가 공유하는 상태 변화를 단일 실행 규약으로 정의한다,작성 자산에서 직접 비용·위험 수치를 확인할 수 없음,GameplayEffectDefinitionSO,"비교 후보(대체 가능성 미검증): GameplayEffectDefinitionSO:effect:arcane:mana-recovery:multiply, GameplayEffectDefinitionSO:effect:arcane:power:multiply, GameplayEffectDefinitionSO:effect:capacity:arcane-conduction:multiply, GameplayEffectDefinitionSO:effect:capacity:auditory-sensing:multiply, GameplayEffectDefinitionSO:effect:capacity:communication:multiply, GameplayEffectDefinitionSO:effect:capacity:immune-defense:multiply, GameplayEffectDefinitionSO:effect:capacity:intake-processing:multiply, GameplayEffectDefinitionSO:effect:capacity:mental-maintenance:multiply, GameplayEffectDefinitionSO:effect:capacity:physical-mobility:multiply, GameplayEffectDefinitionSO:effect:capacity:physical-power:multiply, GameplayEffectDefinitionSO:effect:capacity:power-circulation:multiply, GameplayEffectDefinitionSO:effect:capacity:precision-manipulation:multiply 외 50개","직접 참조 6건에 영향: CharacterTraitSO:trait:248, CharacterTraitSO:trait:250, CharacterTraitSO:trait:251, CharacterTraitSO:trait:253, CharacterTraitSO:trait:404, CharacterTraitSO:trait:504",type-contract+description-and-relations; niche=type-contract; cost=type-contract,Assets/Resources/SO/V26/Effects/Definitions/effect_proficiency_scholarship_starting-xp_addflat.asset,e8b8830d77f4c3a43b51df5f520c53e1,63,GameplayEffectSourceKind,All,explicit-serialized,effect:proficiency:scholarship:starting-xp:addflat,effect_proficiency_scholarship_starting-xp_addflat,3.40282e+38,-3.40282e+38,71717098,0,GameplayEffectOperation,Add Flat,explicit-serialized,0,GameplayEffectProjectionPhase,Base Add,explicit-serialized,0,GameplayEffectStackingPolicy,Stack All,explicit-serialized,proficiency:scholarship:starting-xp
research-effects,GameplayEffectDefinitionSO,GameplayEffectDefinitionSO|effect:proficiency:social:starting-xp:addflat,effect:proficiency:social:starting-xp:addflat,effect_proficiency_social_starting-xp_addflat,,작성 자산 정의,,서로 다른 콘텐츠가 공유하는 상태 변화를 단일 실행 규약으로 정의한다. 다른 콘텐츠 7개가 이 정의를 참조한다.,type-contract+description-and-relations,근거 확인,,active-authored,Assets/Resources/SO/Content/GameDomainContentCatalog.asset; Assets/Resources/SO/GameContentCatalog.asset,catalog-registered-static-consumer,Assets/Scripts/Services/Effects/Runtime/CharacterDerivedStatsSnapshot.cs; Assets/Scripts/Services/Effects/Runtime/GameplayEffectResultBoundsCatalog.cs; Assets/Scripts/Services/Foundation/GameplayEffectContracts.cs,Assets/Scripts/Services/Effects/Runtime/GameplayEffectResultBoundsCatalog.cs,7,CharacterTraitSO,서로 다른 콘텐츠가 공유하는 상태 변화를 단일 실행 규약으로 정의한다. 다른 콘텐츠 7개가 이 정의를 참조한다.,서로 다른 콘텐츠가 공유하는 상태 변화를 단일 실행 규약으로 정의한다,작성 자산에서 직접 비용·위험 수치를 확인할 수 없음,GameplayEffectDefinitionSO,"비교 후보(대체 가능성 미검증): GameplayEffectDefinitionSO:effect:arcane:mana-recovery:multiply, GameplayEffectDefinitionSO:effect:arcane:power:multiply, GameplayEffectDefinitionSO:effect:capacity:arcane-conduction:multiply, GameplayEffectDefinitionSO:effect:capacity:auditory-sensing:multiply, GameplayEffectDefinitionSO:effect:capacity:communication:multiply, GameplayEffectDefinitionSO:effect:capacity:immune-defense:multiply, GameplayEffectDefinitionSO:effect:capacity:intake-processing:multiply, GameplayEffectDefinitionSO:effect:capacity:mental-maintenance:multiply, GameplayEffectDefinitionSO:effect:capacity:physical-mobility:multiply, GameplayEffectDefinitionSO:effect:capacity:physical-power:multiply, GameplayEffectDefinitionSO:effect:capacity:power-circulation:multiply, GameplayEffectDefinitionSO:effect:capacity:precision-manipulation:multiply 외 50개","직접 참조 7건에 영향: CharacterTraitSO:trait:103, CharacterTraitSO:trait:251, CharacterTraitSO:trait:253, CharacterTraitSO:trait:256, CharacterTraitSO:trait:259, CharacterTraitSO:trait:406, CharacterTraitSO:trait:506",type-contract+description-and-relations; niche=type-contract; cost=type-contract,Assets/Resources/SO/V26/Effects/Definitions/effect_proficiency_social_starting-xp_addflat.asset,45048702899454f4fa42cb7be9ea3975,63,GameplayEffectSourceKind,All,explicit-serialized,effect:proficiency:social:starting-xp:addflat,effect_proficiency_social_starting-xp_addflat,3.40282e+38,-3.40282e+38,1877317773,0,GameplayEffectOperation,Add Flat,explicit-serialized,0,GameplayEffectProjectionPhase,Base Add,explicit-serialized,0,GameplayEffectStackingPolicy,Stack All,explicit-serialized,proficiency:social:starting-xp
research-effects,GameplayEffectDefinitionSO,GameplayEffectDefinitionSO|effect:social:negotiation:multiply,effect:social:negotiation:multiply,effect_social_negotiation_multiply,,작성 자산 정의,,서로 다른 콘텐츠가 공유하는 상태 변화를 단일 실행 규약으로 정의한다. 다른 콘텐츠 1개가 이 정의를 참조한다.,type-contract+description-and-relations,근거 확인,,active-authored,Assets/Resources/SO/Content/GameDomainContentCatalog.asset; Assets/Resources/SO/GameContentCatalog.asset,catalog-registered-static-consumer,Assets/Scripts/Services/Effects/Runtime/CharacterDerivedStatsSnapshot.cs; Assets/Scripts/Services/Effects/Runtime/GameplayEffectResultBoundsCatalog.cs; Assets/Scripts/Services/Foundation/GameplayEffectContracts.cs,Assets/Scripts/Services/Effects/Runtime/GameplayEffectResultBoundsCatalog.cs,1,CharacterTraitSO,서로 다른 콘텐츠가 공유하는 상태 변화를 단일 실행 규약으로 정의한다. 다른 콘텐츠 1개가 이 정의를 참조한다.,서로 다른 콘텐츠가 공유하는 상태 변화를 단일 실행 규약으로 정의한다,작성 자산에서 직접 비용·위험 수치를 확인할 수 없음,GameplayEffectDefinitionSO,"비교 후보(대체 가능성 미검증): GameplayEffectDefinitionSO:effect:arcane:mana-recovery:multiply, GameplayEffectDefinitionSO:effect:arcane:power:multiply, GameplayEffectDefinitionSO:effect:capacity:arcane-conduction:multiply, GameplayEffectDefinitionSO:effect:capacity:auditory-sensing:multiply, GameplayEffectDefinitionSO:effect:capacity:communication:multiply, GameplayEffectDefinitionSO:effect:capacity:immune-defense:multiply, GameplayEffectDefinitionSO:effect:capacity:intake-processing:multiply, GameplayEffectDefinitionSO:effect:capacity:mental-maintenance:multiply, GameplayEffectDefinitionSO:effect:capacity:physical-mobility:multiply, GameplayEffectDefinitionSO:effect:capacity:physical-power:multiply, GameplayEffectDefinitionSO:effect:capacity:power-circulation:multiply, GameplayEffectDefinitionSO:effect:capacity:precision-manipulation:multiply 외 50개",직접 참조 1건에 영향: CharacterTraitSO:trait:235,type-contract+description-and-relations; niche=type-contract; cost=type-contract,Assets/Resources/SO/V26/Effects/Definitions/effect_social_negotiation_multiply.asset,a6a5232c248956b44ba6f7050d535b20,63,GameplayEffectSourceKind,All,explicit-serialized,effect:social:negotiation:multiply,effect_social_negotiation_multiply,10,0,1086585172,2,GameplayEffectOperation,Multiply,explicit-serialized,2,GameplayEffectProjectionPhase,Multiplicative,explicit-serialized,0,GameplayEffectStackingPolicy,Stack All,explicit-serialized,social:negotiation
research-effects,GameplayEffectDefinitionSO,GameplayEffectDefinitionSO|effect:work:haul-capacity:multiply,effect:work:haul-capacity:multiply,effect_work_haul-capacity_multiply,,작성 자산 정의,,서로 다른 콘텐츠가 공유하는 상태 변화를 단일 실행 규약으로 정의한다. 다른 콘텐츠 1개가 이 정의를 참조한다.,type-contract+description-and-relations,근거 확인,,active-authored,Assets/Resources/SO/Content/GameDomainContentCatalog.asset; Assets/Resources/SO/GameContentCatalog.asset,catalog-registered-static-consumer,Assets/Scripts/Services/Effects/Runtime/CharacterDerivedStatsSnapshot.cs; Assets/Scripts/Services/Effects/Runtime/GameplayEffectResultBoundsCatalog.cs; Assets/Scripts/Services/Foundation/GameplayEffectContracts.cs,Assets/Scripts/Services/Effects/Runtime/GameplayEffectResultBoundsCatalog.cs,1,CharacterTraitSO,서로 다른 콘텐츠가 공유하는 상태 변화를 단일 실행 규약으로 정의한다. 다른 콘텐츠 1개가 이 정의를 참조한다.,서로 다른 콘텐츠가 공유하는 상태 변화를 단일 실행 규약으로 정의한다,작성 자산에서 직접 비용·위험 수치를 확인할 수 없음,GameplayEffectDefinitionSO,"비교 후보(대체 가능성 미검증): GameplayEffectDefinitionSO:effect:arcane:mana-recovery:multiply, GameplayEffectDefinitionSO:effect:arcane:power:multiply, GameplayEffectDefinitionSO:effect:capacity:arcane-conduction:multiply, GameplayEffectDefinitionSO:effect:capacity:auditory-sensing:multiply, GameplayEffectDefinitionSO:effect:capacity:communication:multiply, GameplayEffectDefinitionSO:effect:capacity:immune-defense:multiply, GameplayEffectDefinitionSO:effect:capacity:intake-processing:multiply, GameplayEffectDefinitionSO:effect:capacity:mental-maintenance:multiply, GameplayEffectDefinitionSO:effect:capacity:physical-mobility:multiply, GameplayEffectDefinitionSO:effect:capacity:physical-power:multiply, GameplayEffectDefinitionSO:effect:capacity:power-circulation:multiply, GameplayEffectDefinitionSO:effect:capacity:precision-manipulation:multiply 외 50개",직접 참조 1건에 영향: CharacterTraitSO:trait:206,type-contract+description-and-relations; niche=type-contract; cost=type-contract,Assets/Resources/SO/V26/Effects/Definitions/effect_work_haul-capacity_multiply.asset,751701faebc52fe48b9475917d457fc6,63,GameplayEffectSourceKind,All,explicit-serialized,effect:work:haul-capacity:multiply,effect_work_haul-capacity_multiply,10,0,1847886670,2,GameplayEffectOperation,Multiply,explicit-serialized,2,GameplayEffectProjectionPhase,Multiplicative,explicit-serialized,0,GameplayEffectStackingPolicy,Stack All,explicit-serialized,work:haul-capacity
research-effects,GameplayEffectDefinitionSO,GameplayEffectDefinitionSO|effect:work:salvage-yield:multiply,effect:work:salvage-yield:multiply,effect_work_salvage-yield_multiply,,작성 자산 정의,,서로 다른 콘텐츠가 공유하는 상태 변화를 단일 실행 규약으로 정의한다. 다른 콘텐츠 1개가 이 정의를 참조한다.,type-contract+description-and-relations,근거 확인,,active-authored,Assets/Resources/SO/Content/GameDomainContentCatalog.asset; Assets/Resources/SO/GameContentCatalog.asset,catalog-registered-static-consumer,Assets/Scripts/Services/Effects/Runtime/CharacterDerivedStatsSnapshot.cs; Assets/Scripts/Services/Effects/Runtime/GameplayEffectResultBoundsCatalog.cs; Assets/Scripts/Services/Foundation/GameplayEffectContracts.cs,Assets/Scripts/Services/Effects/Runtime/GameplayEffectResultBoundsCatalog.cs,1,CharacterTraitSO,서로 다른 콘텐츠가 공유하는 상태 변화를 단일 실행 규약으로 정의한다. 다른 콘텐츠 1개가 이 정의를 참조한다.,서로 다른 콘텐츠가 공유하는 상태 변화를 단일 실행 규약으로 정의한다,작성 자산에서 직접 비용·위험 수치를 확인할 수 없음,GameplayEffectDefinitionSO,"비교 후보(대체 가능성 미검증): GameplayEffectDefinitionSO:effect:arcane:mana-recovery:multiply, GameplayEffectDefinitionSO:effect:arcane:power:multiply, GameplayEffectDefinitionSO:effect:capacity:arcane-conduction:multiply, GameplayEffectDefinitionSO:effect:capacity:auditory-sensing:multiply, GameplayEffectDefinitionSO:effect:capacity:communication:multiply, GameplayEffectDefinitionSO:effect:capacity:immune-defense:multiply, GameplayEffectDefinitionSO:effect:capacity:intake-processing:multiply, GameplayEffectDefinitionSO:effect:capacity:mental-maintenance:multiply, GameplayEffectDefinitionSO:effect:capacity:physical-mobility:multiply, GameplayEffectDefinitionSO:effect:capacity:physical-power:multiply, GameplayEffectDefinitionSO:effect:capacity:power-circulation:multiply, GameplayEffectDefinitionSO:effect:capacity:precision-manipulation:multiply 외 50개",직접 참조 1건에 영향: CharacterTraitSO:trait:227,type-contract+description-and-relations; niche=type-contract; cost=type-contract,Assets/Resources/SO/V26/Effects/Definitions/effect_work_salvage-yield_multiply.asset,d12b9b7b836e4b74ba36c9f9731971ea,63,GameplayEffectSourceKind,All,explicit-serialized,effect:work:salvage-yield:multiply,effect_work_salvage-yield_multiply,10,0,857645966,2,GameplayEffectOperation,Multiply,explicit-serialized,2,GameplayEffectProjectionPhase,Multiplicative,explicit-serialized,0,GameplayEffectStackingPolicy,Stack All,explicit-serialized,work:salvage-yield
