"recipe_id","flow_role","solid_inputs","outputs","direct_wu","processing_hours","clean_water_kg","wastewater_kg","expected_output_units","output_mass_g","output_market_gold","transform_residual_g","final_value_source","throughput_formula","price_formula","static_status"
"recipe:advanced-medicine","Transform","medicine:standard×1 | resource:mana-crystal×1 | resource:moonflower×2 | resource:milk×1","medicine:advanced×1@1","30","0","0","0","1","1500","235","110","serialized ItemDefinition/ProductionRecipe assets + production-recipe-contract.csv","effective-WU-per-day / direct-WU × available lanes","expected output units × authored unit price","mass-closed"
"recipe:alcohol","Transform","material:fermented-liquor×2","material:alcohol×2@1","38","0","0","0","2","1000","44","0","serialized ItemDefinition/ProductionRecipe assets + production-recipe-contract.csv","effective-WU-per-day / direct-WU × available lanes","expected output units × authored unit price","mass-closed"
"recipe:ammo:armor-piercing-cartridge","Transform","material:lead-shot×4 | material:granulated-powder×1 | material:cartridge-paper×1","ammo:armor-piercing-cartridge×6@1","106","0","0","0","6","1650","96","125","serialized ItemDefinition/ProductionRecipe assets + production-recipe-contract.csv","effective-WU-per-day / direct-WU × available lanes","expected output units × authored unit price","mass-closed"
"recipe:ammo:blacksteel-bolt","Transform","material:blacksteel-ingot×1 | material:laminated-lumber×1","ammo:blacksteel-bolt×6@1","152","0","0","0","6","900","714","1700","serialized ItemDefinition/ProductionRecipe assets + production-recipe-contract.csv","effective-WU-per-day / direct-WU × available lanes","expected output units × authored unit price","mass-closed"
"recipe:ammo:blasting-charge","Transform","material:black-powder×2 | material:paper×1 | material:rope×1","ammo:blasting-charge×2@1","52","0","0","0","2","5800","64","400","serialized ItemDefinition/ProductionRecipe assets + production-recipe-contract.csv","effective-WU-per-day / direct-WU × available lanes","expected output units × authored unit price","mass-closed"
"recipe:ammo:incendiary-arrow","Transform","ammo:arrow-steel×6 | material:granulated-powder×1","ammo:incendiary-arrow×6@1","98","0","0","0","6","900","156","460","serialized ItemDefinition/ProductionRecipe assets + production-recipe-contract.csv","effective-WU-per-day / direct-WU × available lanes","expected output units × authored unit price","mass-closed"
"recipe:ammo:incendiary-bolt","Transform","ammo:bolt-steel×6 | material:granulated-powder×1","ammo:incendiary-bolt×6@1","98","0","0","0","6","900","156","580","serialized ItemDefinition/ProductionRecipe assets + production-recipe-contract.csv","effective-WU-per-day / direct-WU × available lanes","expected output units × authored unit price","mass-closed"
"recipe:ammo:mana-disruptor-bolt","Transform","ammo:bolt-steel×6 | material:mana-alloy×1","ammo:mana-disruptor-bolt×6@1","100","0","0","0","6","900","378","2130","serialized ItemDefinition/ProductionRecipe assets + production-recipe-contract.csv","effective-WU-per-day / direct-WU × available lanes","expected output units × authored unit price","mass-closed"
"recipe:ammo:paper-cartridge","Transform","material:lead-shot×6 | material:black-powder×1 | material:paper×1","ammo:paper-cartridge×12@1","168","0","0","0","12","3600","132","400","serialized ItemDefinition/ProductionRecipe assets + production-recipe-contract.csv","effective-WU-per-day / direct-WU × available lanes","expected output units × authored unit price","mass-closed"
"recipe:ammo:rune-cartridge","Transform","material:mana-alloy×1 | material:granulated-powder×1 | material:cartridge-paper×1","ammo:rune-cartridge×6@1","136","0","0","0","6","3450","318","125","serialized ItemDefinition/ProductionRecipe assets + production-recipe-contract.csv","effective-WU-per-day / direct-WU × available lanes","expected output units × authored unit price","mass-closed"
"recipe:ammo:scatter-cartridge","Transform","material:lead-shot×6 | material:granulated-powder×1 | material:cartridge-paper×1","ammo:scatter-cartridge×6@1","106","0","0","0","6","1950","114","125","serialized ItemDefinition/ProductionRecipe assets + production-recipe-contract.csv","effective-WU-per-day / direct-WU × available lanes","expected output units × authored unit price","mass-closed"
"recipe:ammo:signal-flare","Transform","material:granulated-powder×1 | material:cartridge-paper×1 | resource:rune-dust×1","ammo:signal-flare×4@1","82","0","0","0","4","1100","72","125","serialized ItemDefinition/ProductionRecipe assets + production-recipe-contract.csv","effective-WU-per-day / direct-WU × available lanes","expected output units × authored unit price","mass-closed"
"recipe:ammo:smoke-cartridge","Transform","material:granulated-powder×1 | material:cartridge-paper×1","ammo:smoke-cartridge×6@1","98","0","0","0","6","1050","66","125","serialized ItemDefinition/ProductionRecipe assets + production-recipe-contract.csv","effective-WU-per-day / direct-WU × available lanes","expected output units × authored unit price","mass-closed"
"recipe:ammo:tranquilizer-dart","Transform","medicine:standard×1 | material:paper×1","ammo:tranquilizer-dart×6@1","98","0","0","0","6","900","84","300","serialized ItemDefinition/ProductionRecipe assets + production-recipe-contract.csv","effective-WU-per-day / direct-WU × available lanes","expected output units × authored unit price","mass-closed"
"recipe:ammo:trap-canister","Transform","material:lead-shot×6 | material:black-powder×1 | material:paper×1","ammo:trap-canister×2@1","54","0","0","0","2","3800","88","200","serialized ItemDefinition/ProductionRecipe assets + production-recipe-contract.csv","effective-WU-per-day / direct-WU × available lanes","expected output units × authored unit price","mass-closed"
"recipe:anesthetic","Transform","resource:dreamleaf×2 | material:alcohol×1 | container:medical-vial×1","medicine:anesthetic×1@1","28","0","0","0","1","120","46","570","serialized ItemDefinition/ProductionRecipe assets + production-recipe-contract.csv","effective-WU-per-day / direct-WU × available lanes","expected output units × authored unit price","mass-closed"
"recipe:antidote","Transform","resource:bloodleaf×1 | resource:cave-mushroom×1 | material:alchemical-solvent×1","medicine:antidote×1@1","26","0","0","0","1","600","56","50","serialized ItemDefinition/ProductionRecipe assets + production-recipe-contract.csv","effective-WU-per-day / direct-WU × available lanes","expected output units × authored unit price","mass-closed"
"recipe:antiseptic","Transform","resource:bloodleaf×1 | resource:saltstone×1","medicine:antiseptic×2@1","46","0","0","0","2","560","30","40","serialized ItemDefinition/ProductionRecipe assets + production-recipe-contract.csv","effective-WU-per-day / direct-WU × available lanes","expected output units × authored unit price","mass-closed"
"recipe:arrow-bone","Transform","material:lumber×1 | resource:bone×1 | resource:feather×1","ammo:arrow-bone×10@1","98","0","0","0","10","800","50","850","serialized ItemDefinition/ProductionRecipe assets + production-recipe-contract.csv","effective-WU-per-day / direct-WU × available lanes","expected output units × authored unit price","mass-closed"
"recipe:arrow-iron","Transform","material:lumber×1 | material:iron-ingot×1 | resource:feather×1","ammo:arrow-iron×10@1","102","0","0","0","10","900","90","1250","serialized ItemDefinition/ProductionRecipe assets + production-recipe-contract.csv","effective-WU-per-day / direct-WU × available lanes","expected output units × authored unit price","mass-closed"
"recipe:arrow-rune","Transform","material:treated-lumber×1 | resource:horn×1 | resource:mana-crystal×1","ammo:arrow-rune×8@1","154","0","0","0","8","640","264","1310","serialized ItemDefinition/ProductionRecipe assets + production-recipe-contract.csv","effective-WU-per-day / direct-WU × available lanes","expected output units × authored unit price","mass-closed"
"recipe:arrow-steel","Transform","material:lumber×1 | material:steel-ingot×1 | resource:feather×1","ammo:arrow-steel×10@1","102","0","0","0","10","850","170","1250","serialized ItemDefinition/ProductionRecipe assets + production-recipe-contract.csv","effective-WU-per-day / direct-WU × available lanes","expected output units × authored unit price","mass-closed"
"recipe:bedding-animal","Transform","resource:wool×1 | resource:feather×2 | resource:hide×1","husbandry:bedding×2@1","24","0","0","0","2","1000","14","350","serialized ItemDefinition/ProductionRecipe assets + production-recipe-contract.csv","effective-WU-per-day / direct-WU × available lanes","expected output units × authored unit price","mass-closed"
"recipe:bedding-straw","Transform","resource:grass-straw×10 | resource:shade-fiber×2","husbandry:bedding×2@1","20","0","0","0","2","1000","14","40","production-physical-bom-ledger.csv","effective-WU-per-day / direct-WU × available lanes","expected output units × authored unit price","mass-closed"
"recipe:blacksteel","Transform","material:steel-ingot×2 | resource:mana-crystal×2 | material:charcoal×1","material:blacksteel-ingot×1@1","40","0","0","0","1","1000","609","1850","serialized ItemDefinition/ProductionRecipe assets + production-recipe-contract.csv","effective-WU-per-day / direct-WU × available lanes","expected output units × authored unit price","mass-closed"
"recipe:blood-stimulant","Transform","resource:bloodleaf×2 | resource:blood×1 | material:alchemical-solvent×1","drug:blood-stimulant×1@1","26","0","0","0","1","900","59","100","serialized ItemDefinition/ProductionRecipe assets + production-recipe-contract.csv","effective-WU-per-day / direct-WU × available lanes","expected output units × authored unit price","mass-closed"
"recipe:boar-stew","Transform","resource:meat×2 | resource:ember-root×1 | resource:fat×1","food:boar-stew×2@1","42","0","0.25","0.2","2","1700","26","650","serialized ItemDefinition/ProductionRecipe assets + production-recipe-contract.csv","effective-WU-per-day / direct-WU × available lanes","expected output units × authored unit price","mass-closed"
"recipe:bolt-bone","Transform","material:lumber×1 | resource:bone×1 | resource:fang×1","ammo:bolt-bone×10@1","100","0","0","0","10","1000","60","750","serialized ItemDefinition/ProductionRecipe assets + production-recipe-contract.csv","effective-WU-per-day / direct-WU × available lanes","expected output units × authored unit price","mass-closed"
"recipe:bolt-iron","Transform","material:lumber×1 | material:iron-ingot×1 | resource:fang×1","ammo:bolt-iron×10@1","102","0","0","0","10","1100","100","1150","serialized ItemDefinition/ProductionRecipe assets + production-recipe-contract.csv","effective-WU-per-day / direct-WU × available lanes","expected output units × authored unit price","mass-closed"
"recipe:bolt-rune","Transform","material:treated-lumber×1 | resource:horn×1 | resource:mana-crystal×1","ammo:bolt-rune×8@1","154","0","0","0","8","800","264","1150","serialized ItemDefinition/ProductionRecipe assets + production-recipe-contract.csv","effective-WU-per-day / direct-WU × available lanes","expected output units × authored unit price","mass-closed"
"recipe:bolt-steel","Transform","material:lumber×1 | material:steel-ingot×1 | resource:fang×1","ammo:bolt-steel×10@1","102","0","0","0","10","1050","170","1150","serialized ItemDefinition/ProductionRecipe assets + production-recipe-contract.csv","effective-WU-per-day / direct-WU × available lanes","expected output units × authored unit price","mass-closed"
"recipe:bone-charm","Transform","resource:bone×2 | resource:horn×1 | resource:fang×1","craft:bone-charm×1@1","32","0","0","0","1","200","24","1200","serialized ItemDefinition/ProductionRecipe assets + production-recipe-contract.csv","effective-WU-per-day / direct-WU × available lanes","expected output units × authored unit price","mass-closed"
"recipe:book:seasonal-almanac","Transform","material:paper×2 | material:charcoal×1","book:seasonal-almanac×2@1","46","0","0","0","2","2200","44","50","serialized ItemDefinition/ProductionRecipe assets + production-recipe-contract.csv","effective-WU-per-day / direct-WU × available lanes","expected output units × authored unit price","mass-closed"
"recipe:bowstring-fiber","Transform","resource:shade-fiber×2","material:bowstring×1@1","10","0","0","0","1","80","9","160","serialized ItemDefinition/ProductionRecipe assets + production-recipe-contract.csv","effective-WU-per-day / direct-WU × available lanes","expected output units × authored unit price","mass-closed"
"recipe:bowstring-sinew","Transform","resource:horn×1 | resource:hide×1","material:bowstring×1@1","14","0","0","0","1","80","9","1270","serialized ItemDefinition/ProductionRecipe assets + production-recipe-contract.csv","effective-WU-per-day / direct-WU × available lanes","expected output units × authored unit price","mass-closed"
"recipe:brined-vegetable","Transform","material:washed-vegetable×2 | resource:saltstone×1","material:brined-vegetable×2@1","34","0","0.7","1","2","1000","40","100","production-physical-bom-ledger.csv","effective-WU-per-day / direct-WU × available lanes","expected output units × authored unit price","mass-closed"
"recipe:candle","Transform","material:tallow×1 | resource:shade-fiber×1","craft:candle×2@1","46","0","0","0","2","400","32","70","serialized ItemDefinition/ProductionRecipe assets + production-recipe-contract.csv","effective-WU-per-day / direct-WU × available lanes","expected output units × authored unit price","mass-closed"
"recipe:charcoal","Transform","resource:log×3","material:charcoal×2@1","16","0","0","0","2","900","14","4500","serialized ItemDefinition/ProductionRecipe assets + production-recipe-contract.csv","effective-WU-per-day / direct-WU × available lanes","expected output units × authored unit price","mass-closed"
"recipe:cheese","Transform","material:curd×2","material:cheese×2@1","36","16","0","0","2","800","42","100","serialized ItemDefinition/ProductionRecipe assets + production-recipe-contract.csv","effective-WU-per-day / direct-WU × available lanes","expected output units × authored unit price","mass-closed"
"recipe:cheese-mushroom","Transform","material:cheese×1 | resource:cave-mushroom×2","food:cheese-mushroom×2@1","18","0","0","0","2","900","34","0","serialized ItemDefinition/ProductionRecipe assets + production-recipe-contract.csv","effective-WU-per-day / direct-WU × available lanes","expected output units × authored unit price","mass-closed"
"recipe:cloth","Transform","resource:shade-fiber×4","material:cloth×2@1","16","0","0","0","2","400","12","80","production-physical-bom-ledger.csv","effective-WU-per-day / direct-WU × available lanes","expected output units × authored unit price","mass-closed"
"recipe:cold-work-suit","Transform","material:cloth×2 | material:leather×2","equipment:cold-work-suit×1@1","14","0","0","0","1","900","25","400","serialized ItemDefinition/ProductionRecipe assets + production-recipe-contract.csv","effective-WU-per-day / direct-WU × available lanes","expected output units × authored unit price","mass-closed"
"recipe:component:blacksteel-defense-plate","Transform","material:blacksteel-ingot×2 | component:engineering-drawing×1","component:blacksteel-defense-plate×1@1","20","0","0","0","1","2350","653","550","serialized ItemDefinition/ProductionRecipe assets + production-recipe-contract.csv","effective-WU-per-day / direct-WU × available lanes","expected output units × authored unit price","mass-closed"
"recipe:component:blast-coat-shell","Transform","textile:sterile-cloth×1 | textile:quilted-liner×1","component:blast-coat-shell×1@1","16","0","0","0","1","1150","46","800","serialized ItemDefinition/ProductionRecipe assets + production-recipe-contract.csv","effective-WU-per-day / direct-WU × available lanes","expected output units × authored unit price","mass-closed"
"recipe:component:brigandine-padding","Transform","textile:quilted-liner×1 | material:leather×1","component:brigandine-padding×1@1","16","0","0","0","1","1150","40","250","serialized ItemDefinition/ProductionRecipe assets + production-recipe-contract.csv","effective-WU-per-day / direct-WU × available lanes","expected output units × authored unit price","mass-closed"
"recipe:component:climate-control-manifold","Transform","component:machine-parts×1 | textile:insulating-cloth×1","component:climate-control-manifold×1@1","46","0","0","0","1","2350","130","700","serialized ItemDefinition/ProductionRecipe assets + production-recipe-contract.csv","effective-WU-per-day / direct-WU × available lanes","expected output units × authored unit price","mass-closed"
"recipe:component:corridor-detonator","Transform","material:spring-steel×1 | material:granulated-powder×1","component:corridor-detonator×1@1","32","0","0","0","1","2350","161","650","serialized ItemDefinition/ProductionRecipe assets + production-recipe-contract.csv","effective-WU-per-day / direct-WU × available lanes","expected output units × authored unit price","mass-closed"
"recipe:component:dreamweave-rune-lining","Transform","material:dreamweave×1 | component:rune-conductor×1","component:dreamweave-rune-lining×1@1","18","0","0","0","1","1350","378","1170","serialized ItemDefinition/ProductionRecipe assets + production-recipe-contract.csv","effective-WU-per-day / direct-WU × available lanes","expected output units × authored unit price","mass-closed"
"recipe:component:engineering-drawing","Transform","material:paper×2 | material:charcoal×1","component:engineering-drawing×2@1","46","0","0","0","2","1800","44","450","serialized ItemDefinition/ProductionRecipe assets + production-recipe-contract.csv","effective-WU-per-day / direct-WU × available lanes","expected output units × authored unit price","mass-closed"
"recipe:component:factory-installation-plan","Transform","component:engineering-drawing×1 | material:paper×1 | component:paper-paste×1","component:factory-installation-plan×1@1","32","0","0","0","1","1150","59","1750","serialized ItemDefinition/ProductionRecipe assets + production-recipe-contract.csv","effective-WU-per-day / direct-WU × available lanes","expected output units × authored unit price","mass-closed"
"recipe:component:golem-core-case","Transform","material:sterile-composite×1 | component:rune-conductor×1","component:golem-core-case×1@1","34","0","0","0","1","2550","476","1050","serialized ItemDefinition/ProductionRecipe assets + production-recipe-contract.csv","effective-WU-per-day / direct-WU × available lanes","expected output units × authored unit price","mass-closed"
"recipe:component:growth-frame","Transform","material:steel-ingot×2 | component:machine-parts×1 | component:precision-parts×1 | material:treated-lumber×1","component:growth-frame×1@1","40","0","0","0","1","3050","654","4050","serialized ItemDefinition/ProductionRecipe assets + production-recipe-contract.csv","effective-WU-per-day / direct-WU × available lanes","expected output units × authored unit price","mass-closed"
"recipe:component:insulated-wiring","Transform","material:gold-ingot×2 | textile:insulating-cloth×3","component:insulated-wiring×2@1","72","0","0","0","2","5000","186","550","serialized ItemDefinition/ProductionRecipe assets + production-recipe-contract.csv","effective-WU-per-day / direct-WU × available lanes","expected output units × authored unit price","mass-closed"
"recipe:component:lead-counterweight","Transform","material:lead-ingot×2","component:lead-counterweight×1@1","18","0","0","0","1","2100","58","2200","serialized ItemDefinition/ProductionRecipe assets + production-recipe-contract.csv","effective-WU-per-day / direct-WU × available lanes","expected output units × authored unit price","mass-closed"
"recipe:component:machine-parts","Transform","material:iron-ingot×3","component:machine-parts×1@1","18","0","0","0","1","2100","91","600","serialized ItemDefinition/ProductionRecipe assets + production-recipe-contract.csv","effective-WU-per-day / direct-WU × available lanes","expected output units × authored unit price","mass-closed"
"recipe:component:mana-shield-plate","Transform","material:lead-ingot×1 | resource:rune-dust×1 | resource:mana-crystal×1","component:mana-shield-plate×1@1","32","0","0","0","1","2350","52","200","serialized ItemDefinition/ProductionRecipe assets + production-recipe-contract.csv","effective-WU-per-day / direct-WU × available lanes","expected output units × authored unit price","mass-closed"
"recipe:component:material-test-coupon","Transform","material:steel-ingot×1 | material:plate-blank×2","component:material-test-coupon×2@1","48","0","0","0","2","4700","264","350","serialized ItemDefinition/ProductionRecipe assets + production-recipe-contract.csv","effective-WU-per-day / direct-WU × available lanes","expected output units × authored unit price","mass-closed"
"recipe:component:paper-paste","Transform","material:starch×1 | resource:clean-water×4","component:paper-paste×2@1","44","0","0","0","2","2200","26","50","serialized ItemDefinition/ProductionRecipe assets + production-recipe-contract.csv","effective-WU-per-day / direct-WU × available lanes","expected output units × authored unit price","mass-closed"
"recipe:component:powered-armor-joint","Transform","material:blacksteel-ingot×1 | component:machine-parts×1","component:powered-armor-joint×1@1","20","0","0","0","1","2350","723","750","serialized ItemDefinition/ProductionRecipe assets + production-recipe-contract.csv","effective-WU-per-day / direct-WU × available lanes","expected output units × authored unit price","mass-closed"
"recipe:component:precision-optics","Transform","material:gold-ingot×1 | resource:mana-crystal×3","component:precision-optics×1@1","32","0","0","0","1","2350","327","50","serialized ItemDefinition/ProductionRecipe assets + production-recipe-contract.csv","effective-WU-per-day / direct-WU × available lanes","expected output units × authored unit price","mass-closed"
"recipe:component:precision-parts","Transform","material:steel-ingot×2 | material:iron-ingot×1","component:precision-parts×1@1","32","0","0","0","1","2150","290","450","serialized ItemDefinition/ProductionRecipe assets + production-recipe-contract.csv","effective-WU-per-day / direct-WU × available lanes","expected output units × authored unit price","mass-closed"
"recipe:component:price-board","Transform","material:lumber×1 | material:paper×1","component:price-board×1@1","30","0","0","0","1","1800","27","300","serialized ItemDefinition/ProductionRecipe assets + production-recipe-contract.csv","effective-WU-per-day / direct-WU × available lanes","expected output units × authored unit price","mass-closed"
"recipe:component:prototype-package","Transform","component:engineering-drawing×1 | component:machine-parts×1","component:prototype-package×1@1","32","0","0","0","1","1100","129","1900","serialized ItemDefinition/ProductionRecipe assets + production-recipe-contract.csv","effective-WU-per-day / direct-WU × available lanes","expected output units × authored unit price","mass-closed"
"recipe:component:reclaimed-water-filter","Transform","textile:sterile-cloth×2 | material:charcoal×1","component:reclaimed-water-filter×2@1","38","0","0","0","2","2300","40","150","serialized ItemDefinition/ProductionRecipe assets + production-recipe-contract.csv","effective-WU-per-day / direct-WU × available lanes","expected output units × authored unit price","mass-closed"
"recipe:component:room-partition-kit","Transform","material:treated-lumber×2 | material:cloth×2","component:room-partition-kit×1@1","30","0","0","0","1","1950","54","750","serialized ItemDefinition/ProductionRecipe assets + production-recipe-contract.csv","effective-WU-per-day / direct-WU × available lanes","expected output units × authored unit price","mass-closed"
"recipe:component:rune-bus-coupler","Transform","component:rune-conductor×1 | material:gold-ingot×1","component:rune-bus-coupler×1@1","42","0","0","0","1","1200","509","2550","serialized ItemDefinition/ProductionRecipe assets + production-recipe-contract.csv","effective-WU-per-day / direct-WU × available lanes","expected output units × authored unit price","mass-closed"
"recipe:component:rune-conductor","Transform","material:gold-ingot×1 | resource:mana-crystal×3 | resource:rune-dust×1","component:rune-conductor×1@1","42","0","0","0","1","2400","345","50","serialized ItemDefinition/ProductionRecipe assets + production-recipe-contract.csv","effective-WU-per-day / direct-WU × available lanes","expected output units × authored unit price","mass-closed"
"recipe:component:rune-control-panel","Transform","component:rune-conductor×1 | component:precision-parts×1","component:rune-control-panel×1@1","42","0","0","0","1","1200","667","3350","serialized ItemDefinition/ProductionRecipe assets + production-recipe-contract.csv","effective-WU-per-day / direct-WU × available lanes","expected output units × authored unit price","mass-closed"
"recipe:component:rune-leather-lining","Transform","material:rune-leather×2 | material:cloth×2 | resource:mana-crystal×1","component:rune-leather-lining×1@1","16","0","0","0","1","1350","234","200","serialized ItemDefinition/ProductionRecipe assets + production-recipe-contract.csv","effective-WU-per-day / direct-WU × available lanes","expected output units × authored unit price","mass-closed"
"recipe:component:rune-leather-strap","Transform","material:rune-leather×1 | component:rune-conductor×1","component:rune-leather-strap×1@1","34","0","0","0","1","1350","587","1450","serialized ItemDefinition/ProductionRecipe assets + production-recipe-contract.csv","effective-WU-per-day / direct-WU × available lanes","expected output units × authored unit price","mass-closed"
"recipe:component:rune-purification-crystal","Transform","material:mana-alloy×1 | resource:mana-crystal×1","component:rune-purification-crystal×1@1","42","0","0","0","1","1200","429","1550","serialized ItemDefinition/ProductionRecipe assets + production-recipe-contract.csv","effective-WU-per-day / direct-WU × available lanes","expected output units × authored unit price","mass-closed"
"recipe:component:rune-tuning-shield","Transform","component:mana-shield-plate×1 | component:rune-conductor×1","component:rune-tuning-shield×1@1","36","0","0","0","1","2550","421","2200","serialized ItemDefinition/ProductionRecipe assets + production-recipe-contract.csv","effective-WU-per-day / direct-WU × available lanes","expected output units × authored unit price","mass-closed"
"recipe:component:sealed-seasonal-container","Transform","material:laminated-lumber×2 | material:hardened-leather×1","component:sealed-seasonal-container×1@1","16","0","0","0","1","1800","75","2350","serialized ItemDefinition/ProductionRecipe assets + production-recipe-contract.csv","effective-WU-per-day / direct-WU × available lanes","expected output units × authored unit price","mass-closed"
"recipe:component:siege-counterweight","Transform","component:lead-counterweight×1 | component:machine-parts×1","component:siege-counterweight×1@1","20","0","0","0","1","2350","161","1850","serialized ItemDefinition/ProductionRecipe assets + production-recipe-contract.csv","effective-WU-per-day / direct-WU × available lanes","expected output units × authored unit price","mass-closed"
"recipe:component:siege-reinforcement-kit","Transform","material:plate-blank×2 | component:machine-parts×1","component:siege-reinforcement-kit×1@1","20","0","0","0","1","2350","354","3950","serialized ItemDefinition/ProductionRecipe assets + production-recipe-contract.csv","effective-WU-per-day / direct-WU × available lanes","expected output units × authored unit price","mass-closed"
"recipe:component:stock-sensor-panel","Transform","component:machine-parts×1 | component:precision-parts×1","component:stock-sensor-panel×1@1","32","0","0","0","1","2350","402","1900","serialized ItemDefinition/ProductionRecipe assets + production-recipe-contract.csv","effective-WU-per-day / direct-WU × available lanes","expected output units × authored unit price","mass-closed"
"recipe:component:temporal-stasis-seal","Transform","component:precision-parts×2 | component:rune-conductor×2 | component:mana-shield-plate×1 | resource:mana-crystal×2","component:temporal-stasis-seal×1@1","42","0","0","0","1","2650","1715","9500","serialized ItemDefinition/ProductionRecipe assets + production-recipe-contract.csv","effective-WU-per-day / direct-WU × available lanes","expected output units × authored unit price","mass-closed"
"recipe:component:textile-hardener","Transform","material:starch×2 | resource:dark-resin×1 | resource:clean-water×3","component:textile-hardener×2@1","22","0","0","0","2","2200","24","0","serialized ItemDefinition/ProductionRecipe assets + production-recipe-contract.csv","effective-WU-per-day / direct-WU × available lanes","expected output units × authored unit price","mass-closed"
"recipe:component:waterwheel-drive-shaft","Transform","material:laminated-lumber×2 | material:spring-steel×1","component:waterwheel-drive-shaft×1@1","20","0","0","0","1","3150","190","2200","serialized ItemDefinition/ProductionRecipe assets + production-recipe-contract.csv","effective-WU-per-day / direct-WU × available lanes","expected output units × authored unit price","mass-closed"
"recipe:compost-animal","Transform","waste:animal-rot×2 | resource:bone×1","material:compost×1@1","10","0","0","0","1","700","11","1100","serialized ItemDefinition/ProductionRecipe assets + production-recipe-contract.csv","effective-WU-per-day / direct-WU × available lanes","expected output units × authored unit price","mass-closed"
"recipe:compost-manure","Transform","resource:manure×2 | resource:grass-straw×1","material:compost×1@1","10","0","0","0","1","700","11","380","serialized ItemDefinition/ProductionRecipe assets + production-recipe-contract.csv","effective-WU-per-day / direct-WU × available lanes","expected output units × authored unit price","mass-closed"
"recipe:compost-mixed","Transform","waste:mixed-rot×2 | resource:grass-straw×1","material:compost×1@1","10","0","0","0","1","700","11","680","serialized ItemDefinition/ProductionRecipe assets + production-recipe-contract.csv","effective-WU-per-day / direct-WU × available lanes","expected output units × authored unit price","mass-closed"
"recipe:compost-plant","Transform","waste:plant-rot×2","material:compost×1@1","8","0","0","0","1","700","11","500","serialized ItemDefinition/ProductionRecipe assets + production-recipe-contract.csv","effective-WU-per-day / direct-WU × available lanes","expected output units × authored unit price","mass-closed"
"recipe:craft:dreamweave-ritual-banner","Transform","material:dreamweave×1 | material:gold-ingot×1","craft:dreamweave-ritual-banner×1@1","40","0","0","0","1","1350","174","120","serialized ItemDefinition/ProductionRecipe assets + production-recipe-contract.csv","effective-WU-per-day / direct-WU × available lanes","expected output units × authored unit price","mass-closed"
"recipe:craft:toxic-trap-coating","Transform","material:rot-toxin×5 | resource:dark-resin×5","craft:toxic-trap-coating×2@1","44","0","0","0","2","2000","44","0","serialized ItemDefinition/ProductionRecipe assets + production-recipe-contract.csv","effective-WU-per-day / direct-WU × available lanes","expected output units × authored unit price","mass-closed"
"recipe:curd","Transform","resource:milk×3 | resource:saltstone×1","material:curd×2@1","32","0","0.2","2.1","2","900","26","100","production-physical-bom-ledger.csv","effective-WU-per-day / direct-WU × available lanes","expected output units × authored unit price","mass-closed"
"recipe:dog-food","Transform","waste:animal-rot×1 | resource:twilight-grain×1","feed:dog-food×2@1","16","0","0","0","2","1050","12","0","serialized ItemDefinition/ProductionRecipe assets + production-recipe-contract.csv","effective-WU-per-day / direct-WU × available lanes","expected output units × authored unit price","mass-closed"
"recipe:dog-food-fresh","Transform","resource:meat×1 | resource:twilight-grain×1","feed:dog-food×2@1","18","0","0","0","2","1050","12","0","serialized ItemDefinition/ProductionRecipe assets + production-recipe-contract.csv","effective-WU-per-day / direct-WU × available lanes","expected output units × authored unit price","mass-closed"
"recipe:dough","Transform","material:flour×2 | resource:egg×1","material:dough×2@1","34","0","0.3","0.1","2","1000","28","50","production-physical-bom-ledger.csv","effective-WU-per-day / direct-WU × available lanes","expected output units × authored unit price","mass-closed"
"recipe:dreamleaf-analgesic","Transform","resource:dreamleaf×2 | material:alchemical-solvent×1","drug:dreamleaf-analgesic×1@1","30","0","0","0","1","425","60","35","serialized ItemDefinition/ProductionRecipe assets + production-recipe-contract.csv","effective-WU-per-day / direct-WU × available lanes","expected output units × authored unit price","mass-closed"
"recipe:dreamweave","Transform","material:cloth×2 | resource:dreamleaf×2 | resource:mana-crystal×1","material:dreamweave×1@1","38","0","0","0","1","120","17","790","serialized ItemDefinition/ProductionRecipe assets + production-recipe-contract.csv","effective-WU-per-day / direct-WU × available lanes","expected output units × authored unit price","mass-closed"
"recipe:egg-pancake","Transform","resource:egg×2 | material:flour×1 | resource:milk×1","food:egg-pancake×2@1","44","0","0.2","0.15","2","1300","30","350","serialized ItemDefinition/ProductionRecipe assets + production-recipe-contract.csv","effective-WU-per-day / direct-WU × available lanes","expected output units × authored unit price","mass-closed"
"recipe:expedition-ration-pack","Transform","material:ration-mixture×1 | material:salted-meat×1 | material:starch×2","food:expedition-ration-pack×2@1","24","0","0","0","2","1500","40","200","production-physical-bom-ledger.csv","effective-WU-per-day / direct-WU × available lanes","expected output units × authored unit price","mass-closed"
"recipe:fang-poison","Transform","resource:fang×2 | material:alchemical-solvent×1","craft:fang-poison×1@1","22","0","0","0","1","550","55","50","serialized ItemDefinition/ProductionRecipe assets + production-recipe-contract.csv","effective-WU-per-day / direct-WU × available lanes","expected output units × authored unit price","mass-closed"
"recipe:fermented-liquor","Transform","material:malt×2","material:fermented-liquor×2@1","34","12","0.7","0","2","1000","28","400","serialized ItemDefinition/ProductionRecipe assets + production-recipe-contract.csv","effective-WU-per-day / direct-WU × available lanes","expected output units × authored unit price","mass-closed"
"recipe:fermented-pickle","Transform","material:brined-vegetable×2 | craft:fermented-vinegar×1","food:fermented-pickle×2@1","37","12","0.6","1","2","900","70","100","production-physical-bom-ledger.csv","effective-WU-per-day / direct-WU × available lanes","expected output units × authored unit price","mass-closed"
"recipe:fermented-vinegar","Transform","material:fermented-liquor×1","craft:fermented-vinegar×2@1","20","0","0.7","0","2","800","24","400","serialized ItemDefinition/ProductionRecipe assets + production-recipe-contract.csv","effective-WU-per-day / direct-WU × available lanes","expected output units × authored unit price","mass-closed"
"recipe:fresh-curd","Transform","material:curd×1","food:fresh-curd×2@1","20","0","0","0","2","450","24","0","serialized ItemDefinition/ProductionRecipe assets + production-recipe-contract.csv","effective-WU-per-day / direct-WU × available lanes","expected output units × authored unit price","mass-closed"
"recipe:garden-meal","Transform","resource:twilight-grain×1 | resource:ember-root×1 | resource:cave-mushroom×1","food:garden-meal×2@1","42","0","0.7","0.2","2","1500","24","50","production-physical-bom-ledger.csv","effective-WU-per-day / direct-WU × available lanes","expected output units × authored unit price","mass-closed"
"recipe:gold-ingot","Transform","resource:gold-ore×2 | resource:coal×1","material:gold-ingot×1@1","18","0","0","0","1","1350","135","2050","serialized ItemDefinition/ProductionRecipe assets + production-recipe-contract.csv","effective-WU-per-day / direct-WU × available lanes","expected output units × authored unit price","mass-closed"
"recipe:gold-leaf","Transform","resource:gold-ore×1 | resource:dark-resin×1","craft:gold-ornament×1@1","28","0","0","0","1","400","79","1100","serialized ItemDefinition/ProductionRecipe assets + production-recipe-contract.csv","effective-WU-per-day / direct-WU × available lanes","expected output units × authored unit price","mass-closed"
"recipe:gold-ornament","Transform","material:gold-ingot×1 | resource:mana-crystal×1","craft:gold-ornament×1@1","32","0","0","0","1","400","79","1300","serialized ItemDefinition/ProductionRecipe assets + production-recipe-contract.csv","effective-WU-per-day / direct-WU × available lanes","expected output units × authored unit price","mass-closed"
"recipe:grain-porridge","Transform","resource:twilight-grain×6","food:grain-porridge×6@1","28","0","1.7","0.1","6","3600","24","100","production-physical-bom-ledger.csv","effective-WU-per-day / direct-WU × available lanes","expected output units × authored unit price","mass-closed"
"recipe:grape-juice","Transform","resource:night-grape×3","material:grape-juice×2@1","28","0","0.1","0.05","2","750","22","50","serialized ItemDefinition/ProductionRecipe assets + production-recipe-contract.csv","effective-WU-per-day / direct-WU × available lanes","expected output units × authored unit price","mass-closed"
"recipe:grape-syrup","Transform","material:grape-juice×1","food:grape-syrup×2@1","20","0","0","0","2","350","20","25","serialized ItemDefinition/ProductionRecipe assets + production-recipe-contract.csv","effective-WU-per-day / direct-WU × available lanes","expected output units × authored unit price","mass-closed"
"recipe:hallucinogenic-distillate","Transform","resource:cave-mushroom×2 | material:alcohol×1","drug:hallucinogenic-distillate×1@1","22","0","0","0","1","900","37","100","serialized ItemDefinition/ProductionRecipe assets + production-recipe-contract.csv","effective-WU-per-day / direct-WU × available lanes","expected output units × authored unit price","mass-closed"
"recipe:hay-feed","Transform","resource:grass-straw×3 | resource:twilight-grain×1","feed:hay×3@1","22","0","0","0","3","588","18","2","serialized ItemDefinition/ProductionRecipe assets + production-recipe-contract.csv","effective-WU-per-day / direct-WU × available lanes","expected output units × authored unit price","mass-closed"
"recipe:herbal-poultice","Transform","resource:moonflower×1 | resource:shade-fiber×1","medicine:herbal-poultice×2@1","46","0","0.25","0","2","400","28","50","production-physical-bom-ledger.csv","effective-WU-per-day / direct-WU × available lanes","expected output units × authored unit price","mass-closed"
"recipe:incinerate-animal","Sink","waste:animal-rot×1","none","6","0","0","0","0","0","0","n/a","serialized ItemDefinition/ProductionRecipe assets + production-recipe-contract.csv","effective-WU-per-day / direct-WU × available lanes","expected output units × authored unit price","terminal-sink"
"recipe:incinerate-forbidden","Sink","waste:forbidden-rot×1","none","6","0","0","0","0","0","0","n/a","serialized ItemDefinition/ProductionRecipe assets + production-recipe-contract.csv","effective-WU-per-day / direct-WU × available lanes","expected output units × authored unit price","terminal-sink"
"recipe:incinerate-mixed","Sink","waste:mixed-rot×1","none","6","0","0","0","0","0","0","n/a","serialized ItemDefinition/ProductionRecipe assets + production-recipe-contract.csv","effective-WU-per-day / direct-WU × available lanes","expected output units × authored unit price","terminal-sink"
"recipe:incinerate-plant","Sink","waste:plant-rot×1","none","6","0","0","0","0","0","0","n/a","serialized ItemDefinition/ProductionRecipe assets + production-recipe-contract.csv","effective-WU-per-day / direct-WU × available lanes","expected output units × authored unit price","terminal-sink"
"recipe:iron-ingot","Transform","resource:iron-ore×2 | resource:coal×1","material:iron-ingot×1@1","18","0","0","0","1","900","40","2300","serialized ItemDefinition/ProductionRecipe assets + production-recipe-contract.csv","effective-WU-per-day / direct-WU × available lanes","expected output units × authored unit price","mass-closed"
"recipe:iron-slag-block","Transform","resource:iron-ore×2","material:stone-block×1@1","16","0","0","0","1","1300","6","1100","serialized ItemDefinition/ProductionRecipe assets + production-recipe-contract.csv","effective-WU-per-day / direct-WU × available lanes","expected output units × authored unit price","mass-closed"
"recipe:jerky","Transform","material:salted-meat×2","food:jerky×2@1","20","0","0","0","2","900","36","400","serialized ItemDefinition/ProductionRecipe assets + production-recipe-contract.csv","effective-WU-per-day / direct-WU × available lanes","expected output units × authored unit price","mass-closed"
"recipe:lavish-meat","Transform","resource:meat×2 | material:cheese×1 | resource:night-grape×2","food:lavish-meat×2@1","54","0","0.3","0.25","2","2000","54","350","serialized ItemDefinition/ProductionRecipe assets + production-recipe-contract.csv","effective-WU-per-day / direct-WU × available lanes","expected output units × authored unit price","mass-closed"
"recipe:lavish-vegan","Transform","material:flour×2 | material:syrup×1 | resource:cave-mushroom×2 | resource:ember-root×1","food:lavish-vegan×2@1","58","0","0.3","0.25","2","1800","50","150","serialized ItemDefinition/ProductionRecipe assets + production-recipe-contract.csv","effective-WU-per-day / direct-WU × available lanes","expected output units × authored unit price","mass-closed"
"recipe:leather","Transform","resource:hide×2 | resource:saltstone×1","material:leather×2@1","22","0","0","0","2","900","22","1400","serialized ItemDefinition/ProductionRecipe assets + production-recipe-contract.csv","effective-WU-per-day / direct-WU × available lanes","expected output units × authored unit price","mass-closed"
"recipe:loot-appraisal","Transform","offense:unappraised-loot×10","offense:appraised-valuables×10@1","122","0","0","0","10","500","140","0","serialized ItemDefinition/ProductionRecipe assets + production-recipe-contract.csv","effective-WU-per-day / direct-WU × available lanes","expected output units × authored unit price","mass-closed"
"recipe:low-fuel-animal","Transform","waste:animal-rot×4 | resource:grass-straw×1","material:low-fuel×1@1","10","0","0","0","1","800","13","2080","serialized ItemDefinition/ProductionRecipe assets + production-recipe-contract.csv","effective-WU-per-day / direct-WU × available lanes","expected output units × authored unit price","mass-closed"
"recipe:low-fuel-manure","Transform","resource:manure×3 | resource:grass-straw×1","material:low-fuel×1@1","10","0","0","0","1","800","13","780","serialized ItemDefinition/ProductionRecipe assets + production-recipe-contract.csv","effective-WU-per-day / direct-WU × available lanes","expected output units × authored unit price","mass-closed"
"recipe:low-fuel-plant","Transform","waste:plant-rot×4 | resource:grass-straw×1","material:low-fuel×1@1","10","0","0","0","1","800","13","1680","serialized ItemDefinition/ProductionRecipe assets + production-recipe-contract.csv","effective-WU-per-day / direct-WU × available lanes","expected output units × authored unit price","mass-closed"
"recipe:low-fuel-rot","Transform","waste:mixed-rot×4 | resource:grass-straw×1","material:low-fuel×1@1","10","0","0","0","1","800","13","1880","serialized ItemDefinition/ProductionRecipe assets + production-recipe-contract.csv","effective-WU-per-day / direct-WU × available lanes","expected output units × authored unit price","mass-closed"
"recipe:malt","Transform","resource:twilight-grain×2","material:malt×2@1","16","0","0","0","2","700","12","0","serialized ItemDefinition/ProductionRecipe assets + production-recipe-contract.csv","effective-WU-per-day / direct-WU × available lanes","expected output units × authored unit price","mass-closed"
"recipe:malt-porridge","Transform","material:malt×1","food:malt-porridge×2@1","20","0","1.5","0","2","1100","16","750","serialized ItemDefinition/ProductionRecipe assets + production-recipe-contract.csv","effective-WU-per-day / direct-WU × available lanes","expected output units × authored unit price","mass-closed"
"recipe:mana-awakener","Transform","resource:moonflower×1 | resource:mana-crystal×1 | material:alchemical-solvent×1","drug:mana-awakener×1@1","28","0","0","0","1","650","232","80","serialized ItemDefinition/ProductionRecipe assets + production-recipe-contract.csv","effective-WU-per-day / direct-WU × available lanes","expected output units × authored unit price","mass-closed"
"recipe:material:barrel-steel","Transform","material:spring-steel×1 | material:steel-ingot×3","material:barrel-steel×2@1","48","0","0","0","2","4300","388","400","serialized ItemDefinition/ProductionRecipe assets + production-recipe-contract.csv","effective-WU-per-day / direct-WU × available lanes","expected output units × authored unit price","mass-closed"
"recipe:material:black-powder","Transform","material:charcoal×2 | resource:sulfur×2 | material:niter×4","material:black-powder×6@1","86","0","0","0","6","13200","78","-0","serialized ItemDefinition/ProductionRecipe assets + production-recipe-contract.csv","effective-WU-per-day / direct-WU × available lanes","expected output units × authored unit price","mass-closed"
"recipe:material:cartridge-paper","Transform","material:paper×2 | material:starch×1","material:cartridge-paper×6@1","94","0","0","0","6","1950","66","100","serialized ItemDefinition/ProductionRecipe assets + production-recipe-contract.csv","effective-WU-per-day / direct-WU × available lanes","expected output units × authored unit price","mass-closed"
"recipe:material:chain-mesh","Transform","material:iron-ingot×5","material:chain-mesh×2@1","28","0","0","0","2","4200","96","300","serialized ItemDefinition/ProductionRecipe assets + production-recipe-contract.csv","effective-WU-per-day / direct-WU × available lanes","expected output units × authored unit price","mass-closed"
"recipe:material:granulated-powder","Transform","material:black-powder×2 | material:paper×1","material:granulated-powder×6@1","98","0","0","0","6","5100","78","200","serialized ItemDefinition/ProductionRecipe assets + production-recipe-contract.csv","effective-WU-per-day / direct-WU × available lanes","expected output units × authored unit price","mass-closed"
"recipe:material:hardened-leather","Transform","material:leather×4 | resource:dark-resin×1","material:hardened-leather×2@1","22","0","0","0","2","1900","40","100","serialized ItemDefinition/ProductionRecipe assets + production-recipe-contract.csv","effective-WU-per-day / direct-WU × available lanes","expected output units × authored unit price","mass-closed"
"recipe:material:laminated-lumber","Transform","material:treated-lumber×2 | resource:dark-resin×5","material:laminated-lumber×2@1","22","0","0","0","2","3200","46","100","serialized ItemDefinition/ProductionRecipe assets + production-recipe-contract.csv","effective-WU-per-day / direct-WU × available lanes","expected output units × authored unit price","mass-closed"
"recipe:material:lead-ingot","Transform","resource:lead-ore×2 | material:charcoal×1","material:lead-ingot×1@1","30","0","0","0","1","2150","24","2000","serialized ItemDefinition/ProductionRecipe assets + production-recipe-contract.csv","effective-WU-per-day / direct-WU × available lanes","expected output units × authored unit price","mass-closed"
"recipe:material:lead-shot","Transform","material:lead-ingot×1","material:lead-shot×12@1","140","0","0","0","12","1800","84","350","serialized ItemDefinition/ProductionRecipe assets + production-recipe-contract.csv","effective-WU-per-day / direct-WU × available lanes","expected output units × authored unit price","mass-closed"
"recipe:material:mana-alloy","Transform","material:steel-ingot×2 | material:gold-ingot×2 | resource:mana-crystal×2","material:mana-alloy×2@1","64","0","0","0","2","4800","460","300","serialized ItemDefinition/ProductionRecipe assets + production-recipe-contract.csv","effective-WU-per-day / direct-WU × available lanes","expected output units × authored unit price","mass-closed"
"recipe:material:niter","Transform","resource:manure×8 | resource:clean-water×1","material:niter×2@1","36","0","0","0","2","4300","24","200","serialized ItemDefinition/ProductionRecipe assets + production-recipe-contract.csv","effective-WU-per-day / direct-WU × available lanes","expected output units × authored unit price","mass-closed"
"recipe:material:paper","Transform","material:lumber×3 | resource:clean-water×1","material:paper×4@1","68","0","0","0","4","3600","36","500","serialized ItemDefinition/ProductionRecipe assets + production-recipe-contract.csv","effective-WU-per-day / direct-WU × available lanes","expected output units × authored unit price","mass-closed"
"recipe:material:plate-blank","Transform","material:steel-ingot×5","material:plate-blank×2@1","28","0","0","0","2","4200","248","50","serialized ItemDefinition/ProductionRecipe assets + production-recipe-contract.csv","effective-WU-per-day / direct-WU × available lanes","expected output units × authored unit price","mass-closed"
"recipe:material:rope","Transform","resource:shade-fiber×15","material:rope×2@1","16","0","0","0","2","1800","14","-0","serialized ItemDefinition/ProductionRecipe assets + production-recipe-contract.csv","effective-WU-per-day / direct-WU × available lanes","expected output units × authored unit price","mass-closed"
"recipe:material:spring-steel","Transform","material:steel-ingot×4 | material:charcoal×2","material:spring-steel×2@1","46","0","0","0","2","4300","262","0","serialized ItemDefinition/ProductionRecipe assets + production-recipe-contract.csv","effective-WU-per-day / direct-WU × available lanes","expected output units × authored unit price","mass-closed"
"recipe:material:sterile-composite","Transform","material:cloth×4 | resource:mana-crystal×1 | resource:clean-water×3","material:sterile-composite×2@1","52","0","0","0","2","2400","212","250","serialized ItemDefinition/ProductionRecipe assets + production-recipe-contract.csv","effective-WU-per-day / direct-WU × available lanes","expected output units × authored unit price","mass-closed"
"recipe:meat-pie","Transform","material:dough×1 | material:seasoned-filling×1","food:meat-pie×2@1","24","0","0","0","2","1150","38","0","serialized ItemDefinition/ProductionRecipe assets + production-recipe-contract.csv","effective-WU-per-day / direct-WU × available lanes","expected output units × authored unit price","mass-closed"
"recipe:medical-vial","Transform","material:iron-ingot×1","container:medical-vial×30@1","160","0","0","0","30","900","120","0","serialized ItemDefinition/ProductionRecipe assets + production-recipe-contract.csv","effective-WU-per-day / direct-WU × available lanes","expected output units × authored unit price","mass-closed"
"recipe:medical:cross-lineage-medium","Transform","material:sterile-composite×1 | component:rune-conductor×1","medical:cross-lineage-medium×1@1","34","0","0","0","1","3400","476","200","serialized ItemDefinition/ProductionRecipe assets + production-recipe-contract.csv","effective-WU-per-day / direct-WU × available lanes","expected output units × authored unit price","mass-closed"
"recipe:medical:fertility-treatment","Transform","medicine:standard×1 | material:sterile-composite×1","medical:fertility-treatment×1@1","34","0","0","0","1","1400","159","100","serialized ItemDefinition/ProductionRecipe assets + production-recipe-contract.csv","effective-WU-per-day / direct-WU × available lanes","expected output units × authored unit price","mass-closed"
"recipe:medical:isolation-care-kit","Transform","medical:sterile-bandage×1 | medicine:antiseptic×1","medical:isolation-care-kit×1@1","34","0","0","0","1","700","58","80","serialized ItemDefinition/ProductionRecipe assets + production-recipe-contract.csv","effective-WU-per-day / direct-WU × available lanes","expected output units × authored unit price","mass-closed"
"recipe:medical:mana-core-case","Transform","component:rune-conductor×1 | component:precision-parts×1","medical:mana-core-case×1@1","34","0","0","0","1","1200","662","3350","serialized ItemDefinition/ProductionRecipe assets + production-recipe-contract.csv","effective-WU-per-day / direct-WU × available lanes","expected output units × authored unit price","mass-closed"
"recipe:medical:organ-preservation-canister","Transform","material:sterile-composite×1 | component:machine-parts×1","medical:organ-preservation-canister×1@1","32","0","0","0","1","3000","215","300","serialized ItemDefinition/ProductionRecipe assets + production-recipe-contract.csv","effective-WU-per-day / direct-WU × available lanes","expected output units × authored unit price","mass-closed"
"recipe:medical:organ-regeneration-scaffold","Transform","material:sterile-composite×2 | medicine:mycelial-culture-pack×1","medical:organ-regeneration-scaffold×1@1","34","0","0","0","1","2600","256","300","serialized ItemDefinition/ProductionRecipe assets + production-recipe-contract.csv","effective-WU-per-day / direct-WU × available lanes","expected output units × authored unit price","mass-closed"
"recipe:medical:regenerative-medium","Transform","medicine:advanced×1 | resource:clean-water×2","medical:regenerative-medium×2@1","50","0","0","0","2","2300","264","200","serialized ItemDefinition/ProductionRecipe assets + production-recipe-contract.csv","effective-WU-per-day / direct-WU × available lanes","expected output units × authored unit price","mass-closed"
"recipe:medical:rejuvenation-serum","Transform","medicine:standard×2 | material:sterile-composite×1 | resource:mana-crystal×1","medical:rejuvenation-serum×1@1","36","0","0","0","1","2000","370","150","serialized ItemDefinition/ProductionRecipe assets + production-recipe-contract.csv","effective-WU-per-day / direct-WU × available lanes","expected output units × authored unit price","mass-closed"
"recipe:medical:rune-hibernation-catalyst","Transform","component:rune-conductor×1 | material:sterile-composite×1","medical:rune-hibernation-catalyst×1@1","34","0","0","0","1","550","476","3050","serialized ItemDefinition/ProductionRecipe assets + production-recipe-contract.csv","effective-WU-per-day / direct-WU × available lanes","expected output units × authored unit price","mass-closed"
"recipe:medical:slime-coagulation-frame","Transform","textile:sterile-cloth×1 | material:alchemical-solvent×1","medical:slime-coagulation-frame×1@1","32","0","0","0","1","1150","70","150","serialized ItemDefinition/ProductionRecipe assets + production-recipe-contract.csv","effective-WU-per-day / direct-WU × available lanes","expected output units × authored unit price","mass-closed"
"recipe:medical:sterile-bandage","Transform","textile:sterile-cloth×1 | medicine:antiseptic×1","medical:sterile-bandage×2@1","48","0","0","0","2","1000","52","280","serialized ItemDefinition/ProductionRecipe assets + production-recipe-contract.csv","effective-WU-per-day / direct-WU × available lanes","expected output units × authored unit price","mass-closed"
"recipe:medical:sterile-mycelium-graft","Transform","textile:sterile-cloth×1 | resource:cave-mushroom×2","medical:sterile-mycelium-graft×1@1","28","0","0","0","1","1150","33","350","serialized ItemDefinition/ProductionRecipe assets + production-recipe-contract.csv","effective-WU-per-day / direct-WU × available lanes","expected output units × authored unit price","mass-closed"
"recipe:medical:trait-analysis-kit","Transform","material:sterile-composite×1 | material:paper×1","medical:trait-analysis-kit×1@1","32","0","0","0","1","1950","132","150","serialized ItemDefinition/ProductionRecipe assets + production-recipe-contract.csv","effective-WU-per-day / direct-WU × available lanes","expected output units × authored unit price","mass-closed"
"recipe:medical:trauma-care-kit","Transform","medicine:advanced×1 | material:paper×1","medical:trauma-care-kit×1@1","34","0","0","0","1","2200","264","200","serialized ItemDefinition/ProductionRecipe assets + production-recipe-contract.csv","effective-WU-per-day / direct-WU × available lanes","expected output units × authored unit price","mass-closed"
"recipe:medical:whole-body-regeneration-medium","Transform","medicine:advanced×4 | textile:sterile-cloth×4 | medicine:mycelial-culture-pack×2 | resource:mana-crystal×2 | resource:clean-water×8","medical:whole-body-regeneration-medium×1@1","40","0","0","0","1","14500","1443","1200","serialized ItemDefinition/ProductionRecipe assets + production-recipe-contract.csv","effective-WU-per-day / direct-WU × available lanes","expected output units × authored unit price","mass-closed"
"recipe:medicine:vaccine:blood-wasting","Transform","sample:antigen:blood-wasting×1 | medicine:advanced×1 | resource:clean-water×1","medicine:vaccine:blood-wasting×4@1","88","0","0","0","4","2800","300","100","serialized ItemDefinition/ProductionRecipe assets + production-recipe-contract.csv","effective-WU-per-day / direct-WU × available lanes","expected output units × authored unit price","mass-closed"
"recipe:medicine:vaccine:cave-flu","Transform","sample:antigen:cave-flu×1 | medicine:advanced×1 | resource:clean-water×1","medicine:vaccine:cave-flu×4@1","88","0","0","0","4","2800","300","100","serialized ItemDefinition/ProductionRecipe assets + production-recipe-contract.csv","effective-WU-per-day / direct-WU × available lanes","expected output units × authored unit price","mass-closed"
"recipe:medicine:vaccine:gut-rot","Transform","sample:antigen:gut-rot×1 | medicine:advanced×1 | resource:clean-water×1","medicine:vaccine:gut-rot×4@1","88","0","0","0","4","2800","300","100","serialized ItemDefinition/ProductionRecipe assets + production-recipe-contract.csv","effective-WU-per-day / direct-WU × available lanes","expected output units × authored unit price","mass-closed"
"recipe:medicine:vaccine:mana-pox","Transform","sample:antigen:mana-pox×1 | medicine:advanced×1 | resource:clean-water×1","medicine:vaccine:mana-pox×4@1","90","0","0","0","4","3000","304","100","serialized ItemDefinition/ProductionRecipe assets + production-recipe-contract.csv","effective-WU-per-day / direct-WU × available lanes","expected output units × authored unit price","mass-closed"
"recipe:medicine:vaccine:red-fever","Transform","sample:antigen:red-fever×1 | medicine:advanced×1 | resource:clean-water×1","medicine:vaccine:red-fever×4@1","88","0","0","0","4","2800","300","100","serialized ItemDefinition/ProductionRecipe assets + production-recipe-contract.csv","effective-WU-per-day / direct-WU × available lanes","expected output units × authored unit price","mass-closed"
"recipe:medicine:vaccine:slime-blight","Transform","sample:antigen:slime-blight×1 | medicine:advanced×1 | resource:clean-water×1","medicine:vaccine:slime-blight×4@1","88","0","0","0","4","2800","300","100","serialized ItemDefinition/ProductionRecipe assets + production-recipe-contract.csv","effective-WU-per-day / direct-WU × available lanes","expected output units × authored unit price","mass-closed"
"recipe:medicine:vaccine:spore-lung","Transform","sample:antigen:spore-lung×1 | medicine:advanced×1 | resource:clean-water×1","medicine:vaccine:spore-lung×4@1","88","0","0","0","4","2800","300","100","serialized ItemDefinition/ProductionRecipe assets + production-recipe-contract.csv","effective-WU-per-day / direct-WU × available lanes","expected output units × authored unit price","mass-closed"
"recipe:milling-flour","Transform","resource:twilight-grain×3","material:flour×2@1","10","0","0","0","2","600","12","450","serialized ItemDefinition/ProductionRecipe assets + production-recipe-contract.csv","effective-WU-per-day / direct-WU × available lanes","expected output units × authored unit price","mass-closed"
"recipe:moonflower-tea","Transform","resource:moonflower×1","drug:moonflower-tea×2@1","30","0","0.55","0.1","2","500","18","30","production-physical-bom-ledger.csv","effective-WU-per-day / direct-WU × available lanes","expected output units × authored unit price","mass-closed"
"recipe:mushroom-soup","Transform","resource:cave-mushroom×2","food:mushroom-soup×2@1","28","0","0.95","0.1","2","1300","16","50","production-physical-bom-ledger.csv","effective-WU-per-day / direct-WU × available lanes","expected output units × authored unit price","mass-closed"
"recipe:night-spirit","Transform","material:young-wine×2 | material:syrup×1","food:night-spirit×2@1","39","12","0","0","2","900","64","150","serialized ItemDefinition/ProductionRecipe assets + production-recipe-contract.csv","effective-WU-per-day / direct-WU × available lanes","expected output units × authored unit price","mass-closed"
"recipe:night-wine","Transform","material:young-wine×2","drug:night-wine×2@1","35","18","0","0","2","650","54","50","serialized ItemDefinition/ProductionRecipe assets + production-recipe-contract.csv","effective-WU-per-day / direct-WU × available lanes","expected output units × authored unit price","mass-closed"
"recipe:preserved-ration","Transform","material:ration-mixture×2 | material:starch×2","food:preserved-ration×3@1","26","0","0","0","3","1500","45","100","production-physical-bom-ledger.csv","effective-WU-per-day / direct-WU × available lanes","expected output units × authored unit price","mass-closed"
"recipe:preserved-vegetable","Transform","material:brined-vegetable×1 | material:washed-vegetable×1 | craft:fermented-vinegar×1","food:preserved-vegetable×2@1","30","0","0","0","2","1100","54","250","serialized ItemDefinition/ProductionRecipe assets + production-recipe-contract.csv","effective-WU-per-day / direct-WU × available lanes","expected output units × authored unit price","mass-closed"
"recipe:ration-mixture","Transform","material:flour×2 | resource:saltstone×1","material:ration-mixture×2@1","34","0","0.1","0.1","2","1100","32","0","serialized ItemDefinition/ProductionRecipe assets + production-recipe-contract.csv","effective-WU-per-day / direct-WU × available lanes","expected output units × authored unit price","mass-closed"
"recipe:record:arcane-index","Transform","material:paper×2 | resource:rune-dust×1","record:arcane-index×1@1","30","0","0","0","1","1300","44","550","serialized ItemDefinition/ProductionRecipe assets + production-recipe-contract.csv","effective-WU-per-day / direct-WU × available lanes","expected output units × authored unit price","mass-closed"
"recipe:record:breeding-ledger","Transform","material:paper×3 | material:leather×1","record:breeding-ledger×1@1","30","0","0","0","1","1100","50","2050","serialized ItemDefinition/ProductionRecipe assets + production-recipe-contract.csv","effective-WU-per-day / direct-WU × available lanes","expected output units × authored unit price","mass-closed"
"recipe:record:career-ledger","Transform","material:paper×3 | material:leather×1","record:career-ledger×1@1","30","0","0","0","1","1100","50","2050","serialized ItemDefinition/ProductionRecipe assets + production-recipe-contract.csv","effective-WU-per-day / direct-WU × available lanes","expected output units × authored unit price","mass-closed"
"recipe:resin-balm","Transform","resource:dark-resin×1 | material:tallow×1 | resource:moonflower×1","craft:resin-balm×1@1","32","0","0","0","1","600","37","30","serialized ItemDefinition/ProductionRecipe assets + production-recipe-contract.csv","effective-WU-per-day / direct-WU × available lanes","expected output units × authored unit price","mass-closed"
"recipe:resource:clean-water","Source","none","resource:clean-water×8@1","10","0","0","0","8","4000","8","n/a","serialized ItemDefinition/ProductionRecipe assets + production-recipe-contract.csv","effective-WU-per-day / direct-WU × available lanes","expected output units × authored unit price","external-source-contract"
"recipe:resource:lead-ore","Source","none","resource:lead-ore×2@1","6","0","0","0","2","3700","4","n/a","serialized ItemDefinition/ProductionRecipe assets + production-recipe-contract.csv","effective-WU-per-day / direct-WU × available lanes","expected output units × authored unit price","external-source-contract"
"recipe:resource:sulfur","Source","none","resource:sulfur×2@1","6","0","0","0","2","3700","4","n/a","serialized ItemDefinition/ProductionRecipe assets + production-recipe-contract.csv","effective-WU-per-day / direct-WU × available lanes","expected output units × authored unit price","external-source-contract"
"recipe:ritual-reagent","Transform","resource:blood×2 | material:rot-toxin×1","craft:ritual-reagent×1@1","22","0","0","0","1","1100","31","100","serialized ItemDefinition/ProductionRecipe assets + production-recipe-contract.csv","effective-WU-per-day / direct-WU × available lanes","expected output units × authored unit price","mass-closed"
"recipe:roasted-meat","Transform","resource:meat×2","food:roasted-meat×2@1","20","0","0.15","0","2","1500","12","50","production-physical-bom-ledger.csv","effective-WU-per-day / direct-WU × available lanes","expected output units × authored unit price","mass-closed"
"recipe:root-stew","Transform","resource:ember-root×2","food:root-stew×2@1","28","0","0.65","0.1","2","1400","18","50","production-physical-bom-ledger.csv","effective-WU-per-day / direct-WU × available lanes","expected output units × authored unit price","mass-closed"
"recipe:rot-toxin","Transform","waste:forbidden-rot×1 | resource:bloodleaf×1","material:rot-toxin×1@1","20","0","0","0","1","200","16","600","serialized ItemDefinition/ProductionRecipe assets + production-recipe-contract.csv","effective-WU-per-day / direct-WU × available lanes","expected output units × authored unit price","mass-closed"
"recipe:rune-cold-suit","Transform","material:rune-leather×2 | resource:mana-crystal×1 | resource:rune-dust×1","equipment:rune-cold-suit×1@1","18","0","0","0","1","800","25","400","serialized ItemDefinition/ProductionRecipe assets + production-recipe-contract.csv","effective-WU-per-day / direct-WU × available lanes","expected output units × authored unit price","mass-closed"
"recipe:rune-leather","Transform","material:leather×2 | resource:mana-crystal×1 | resource:dark-resin×1","material:rune-leather×1@1","26","0","0","0","1","400","216","1050","serialized ItemDefinition/ProductionRecipe assets + production-recipe-contract.csv","effective-WU-per-day / direct-WU × available lanes","expected output units × authored unit price","mass-closed"
"recipe:salted-meat","Transform","resource:meat×3 | resource:saltstone×1","material:salted-meat×2@1","32","0","0.1","0.1","2","1300","26","1300","serialized ItemDefinition/ProductionRecipe assets + production-recipe-contract.csv","effective-WU-per-day / direct-WU × available lanes","expected output units × authored unit price","mass-closed"
"recipe:salted-meat-stew","Transform","material:salted-meat×1 | resource:ember-root×1","food:salted-meat-stew×2@1","24","0","0.6","0","2","1600","26","100","production-physical-bom-ledger.csv","effective-WU-per-day / direct-WU × available lanes","expected output units × authored unit price","mass-closed"
"recipe:sawmill-lumber","Transform","resource:log×2","material:lumber×3@1","22","0","0","0","3","3600","15","0","serialized ItemDefinition/ProductionRecipe assets + production-recipe-contract.csv","effective-WU-per-day / direct-WU × available lanes","expected output units × authored unit price","mass-closed"
"recipe:seasoned-filling","Transform","resource:meat×2 | material:washed-vegetable×1","material:seasoned-filling×2@1","30","0","0","0","2","1300","26","550","serialized ItemDefinition/ProductionRecipe assets + production-recipe-contract.csv","effective-WU-per-day / direct-WU × available lanes","expected output units × authored unit price","mass-closed"
"recipe:silage","Transform","resource:grass-straw×3 | resource:twilight-grain×1","feed:silage×3@1","50","12","0.2","0","3","690","27","100","serialized ItemDefinition/ProductionRecipe assets + production-recipe-contract.csv","effective-WU-per-day / direct-WU × available lanes","expected output units × authored unit price","mass-closed"
"recipe:slime-warming-pad","Transform","material:cloth×1 | resource:dark-resin×1","equipment:slime-warming-pad×1@1","14","0","0","0","1","300","22","100","serialized ItemDefinition/ProductionRecipe assets + production-recipe-contract.csv","effective-WU-per-day / direct-WU × available lanes","expected output units × authored unit price","mass-closed"
"recipe:soap","Transform","material:tallow×1 | resource:dark-resin×1","craft:soap×2@1","46","0","0","0","2","500","38","50","serialized ItemDefinition/ProductionRecipe assets + production-recipe-contract.csv","effective-WU-per-day / direct-WU × available lanes","expected output units × authored unit price","mass-closed"
"recipe:solvent","Transform","resource:dark-resin×2 | resource:coal×1 | resource:cave-mushroom×1","material:alchemical-solvent×1@1","24","0","0","0","1","300","39","1150","serialized ItemDefinition/ProductionRecipe assets + production-recipe-contract.csv","effective-WU-per-day / direct-WU × available lanes","expected output units × authored unit price","mass-closed"
"recipe:standard-medicine","Transform","resource:cave-mushroom×1 | resource:moonflower×1 | material:alchemical-solvent×1","medicine:standard×2@1","52","0","0","0","2","600","70","30","serialized ItemDefinition/ProductionRecipe assets + production-recipe-contract.csv","effective-WU-per-day / direct-WU × available lanes","expected output units × authored unit price","mass-closed"
"recipe:starch","Transform","resource:twilight-grain×2","material:starch×2@1","10","0","0","0","2","500","10","200","serialized ItemDefinition/ProductionRecipe assets + production-recipe-contract.csv","effective-WU-per-day / direct-WU × available lanes","expected output units × authored unit price","mass-closed"
"recipe:steel-ingot","Transform","material:iron-ingot×2 | material:charcoal×2","material:steel-ingot×1@1","46","0","0","0","1","850","115","1850","serialized ItemDefinition/ProductionRecipe assets + production-recipe-contract.csv","effective-WU-per-day / direct-WU × available lanes","expected output units × authored unit price","mass-closed"
"recipe:stone-block","Transform","resource:stone×3","material:stone-block×2@1","10","0","0","0","2","2600","12","2200","serialized ItemDefinition/ProductionRecipe assets + production-recipe-contract.csv","effective-WU-per-day / direct-WU × available lanes","expected output units × authored unit price","mass-closed"
"recipe:stone-ornament","Transform","material:stone-block×2 | resource:stone×1","craft:stone-ornament×1@1","12","0","0","0","1","1600","19","2600","serialized ItemDefinition/ProductionRecipe assets + production-recipe-contract.csv","effective-WU-per-day / direct-WU × available lanes","expected output units × authored unit price","mass-closed"
"recipe:stuffed-mushroom","Transform","material:seasoned-filling×1 | resource:cave-mushroom×2","food:stuffed-mushroom×2@1","22","0","0","0","2","1150","28","0","serialized ItemDefinition/ProductionRecipe assets + production-recipe-contract.csv","effective-WU-per-day / direct-WU × available lanes","expected output units × authored unit price","mass-closed"
"recipe:supply:alliance-signal-kit","Transform","material:cloth×2 | material:granulated-powder×1","supply:alliance-signal-kit×1@1","30","0","0","0","1","1150","39","100","serialized ItemDefinition/ProductionRecipe assets + production-recipe-contract.csv","effective-WU-per-day / direct-WU × available lanes","expected output units × authored unit price","mass-closed"
"recipe:supply:botanical-pesticide","Transform","material:rot-toxin×1 | material:alcohol×1 | resource:clean-water×4","supply:botanical-pesticide×2@1","40","0","0","0","2","2300","58","400","serialized ItemDefinition/ProductionRecipe assets + production-recipe-contract.csv","effective-WU-per-day / direct-WU × available lanes","expected output units × authored unit price","mass-closed"
"recipe:supply:certified-seed-kit","Transform","material:paper×2 | material:cloth×2","supply:certified-seed-kit×2@1","46","0","0","0","2","2200","36","0","serialized ItemDefinition/ProductionRecipe assets + production-recipe-contract.csv","effective-WU-per-day / direct-WU × available lanes","expected output units × authored unit price","mass-closed"
"recipe:supply:defense-mixed-ammo-box","Transform","material:lead-shot×8 | material:granulated-powder×2 | material:cartridge-paper×2","supply:defense-mixed-ammo-box×1@1","34","0","0","0","1","3400","118","150","serialized ItemDefinition/ProductionRecipe assets + production-recipe-contract.csv","effective-WU-per-day / direct-WU × available lanes","expected output units × authored unit price","mass-closed"
"recipe:supply:funeral-preparation-kit","Transform","material:cloth×2 | material:paper×1 | resource:rune-dust×1","supply:funeral-preparation-kit×1@1","32","0","0","0","1","1200","49","150","serialized ItemDefinition/ProductionRecipe assets + production-recipe-contract.csv","effective-WU-per-day / direct-WU × available lanes","expected output units × authored unit price","mass-closed"
"recipe:supply:fungicide","Transform","medicine:antiseptic×2 | material:charcoal×1 | resource:clean-water×3","supply:fungicide×2@1","40","0","0","0","2","2300","42","210","serialized ItemDefinition/ProductionRecipe assets + production-recipe-contract.csv","effective-WU-per-day / direct-WU × available lanes","expected output units × authored unit price","mass-closed"
"recipe:supply:greenhouse-nutrient","Transform","supply:nitrate-fertilizer×3 | resource:clean-water×3","supply:greenhouse-nutrient×4@1","68","0","0","0","4","4400","48","400","serialized ItemDefinition/ProductionRecipe assets + production-recipe-contract.csv","effective-WU-per-day / direct-WU × available lanes","expected output units × authored unit price","mass-closed"
"recipe:supply:inoculated-log","Transform","material:treated-lumber×1 | resource:cave-mushroom×1","supply:inoculated-log×2@1","22","0","0","0","2","1400","26","0","serialized ItemDefinition/ProductionRecipe assets + production-recipe-contract.csv","effective-WU-per-day / direct-WU × available lanes","expected output units × authored unit price","mass-closed"
"recipe:supply:mushroom-substrate","Transform","material:compost×3 | resource:cave-mushroom×1","supply:mushroom-substrate×2@1","18","0","0","0","2","2200","22","150","serialized ItemDefinition/ProductionRecipe assets + production-recipe-contract.csv","effective-WU-per-day / direct-WU × available lanes","expected output units × authored unit price","mass-closed"
"recipe:supply:nitrate-fertilizer","Transform","material:niter×1 | material:compost×2 | resource:manure×2","supply:nitrate-fertilizer×4@1","60","0","0","0","4","4400","60","150","serialized ItemDefinition/ProductionRecipe assets + production-recipe-contract.csv","effective-WU-per-day / direct-WU × available lanes","expected output units × authored unit price","mass-closed"
"recipe:supply:performance-prop-box","Transform","material:lumber×2 | material:cloth×2","supply:performance-prop-box×1@1","16","0","0","0","1","1950","30","850","serialized ItemDefinition/ProductionRecipe assets + production-recipe-contract.csv","effective-WU-per-day / direct-WU × available lanes","expected output units × authored unit price","mass-closed"
"recipe:supply:pest-lure","Transform","resource:dark-resin×4 | resource:meat×1 | material:paper×1","supply:pest-lure×2@1","40","0","0","0","2","2300","38","100","serialized ItemDefinition/ProductionRecipe assets + production-recipe-contract.csv","effective-WU-per-day / direct-WU × available lanes","expected output units × authored unit price","mass-closed"
"recipe:surgery:artificial-eye","Transform","material:steel-ingot×1 | resource:mana-crystal×1 | medicine:advanced×1","surgery:prosthetic:eye:left×1@1","36","0","0","0","1","1800","548","900","serialized ItemDefinition/ProductionRecipe assets + production-recipe-contract.csv","effective-WU-per-day / direct-WU × available lanes","expected output units × authored unit price","mass-closed"
"recipe:surgery:prosthetic-arm","Transform","material:steel-ingot×2 | material:lumber×1 | material:cloth×1","surgery:prosthetic:arm:left×1@1","32","0","0","0","1","1800","260","1300","serialized ItemDefinition/ProductionRecipe assets + production-recipe-contract.csv","effective-WU-per-day / direct-WU × available lanes","expected output units × authored unit price","mass-closed"
"recipe:surgery:prosthetic-leg","Transform","material:steel-ingot×3 | material:lumber×1 | material:leather×1","surgery:prosthetic:leg:left×1@1","32","0","0","0","1","1800","381","2400","serialized ItemDefinition/ProductionRecipe assets + production-recipe-contract.csv","effective-WU-per-day / direct-WU × available lanes","expected output units × authored unit price","mass-closed"
"recipe:syrup","Transform","resource:night-grape×3","material:syrup×2@1","14","0","0","0","2","700","16","50","serialized ItemDefinition/ProductionRecipe assets + production-recipe-contract.csv","effective-WU-per-day / direct-WU × available lanes","expected output units × authored unit price","mass-closed"
"recipe:tallow","Transform","resource:fat×2","material:tallow×1@1","8","0","0","0","1","350","9","550","serialized ItemDefinition/ProductionRecipe assets + production-recipe-contract.csv","effective-WU-per-day / direct-WU × available lanes","expected output units × authored unit price","mass-closed"
"recipe:textile:insulating-cloth","Transform","material:cloth×5 | material:leather×2","textile:insulating-cloth×2@1","22","0","0","0","2","1900","34","0","serialized ItemDefinition/ProductionRecipe assets + production-recipe-contract.csv","effective-WU-per-day / direct-WU × available lanes","expected output units × authored unit price","mass-closed"
"recipe:textile:quilted-liner","Transform","material:cloth×3 | resource:wool×1","textile:quilted-liner×1@1","14","0","0","0","1","950","21","0","serialized ItemDefinition/ProductionRecipe assets + production-recipe-contract.csv","effective-WU-per-day / direct-WU × available lanes","expected output units × authored unit price","mass-closed"
"recipe:textile:sterile-cloth","Transform","material:cloth×5 | resource:saltstone×1 | resource:clean-water×1","textile:sterile-cloth×2@1","26","0","0","0","2","2000","32","0","serialized ItemDefinition/ProductionRecipe assets + production-recipe-contract.csv","effective-WU-per-day / direct-WU × available lanes","expected output units × authored unit price","mass-closed"
"recipe:tool:administrative-seal","Transform","material:iron-ingot×1 | material:paper×1 | resource:dark-resin×3","tool:administrative-seal×1@1","30","0","0","0","1","2350","64","50","serialized ItemDefinition/ProductionRecipe assets + production-recipe-contract.csv","effective-WU-per-day / direct-WU × available lanes","expected output units × authored unit price","mass-closed"
"recipe:tool:alloy-crucible","Transform","material:stone-block×2 | material:steel-ingot×1","tool:alloy-crucible×1@1","32","0","0","0","1","2350","143","1100","serialized ItemDefinition/ProductionRecipe assets + production-recipe-contract.csv","effective-WU-per-day / direct-WU × available lanes","expected output units × authored unit price","mass-closed"
"recipe:tool:banquet-cart","Transform","material:laminated-lumber×2 | component:machine-parts×1","tool:banquet-cart×1@1","16","0","0","0","1","3150","147","2150","serialized ItemDefinition/ProductionRecipe assets + production-recipe-contract.csv","effective-WU-per-day / direct-WU × available lanes","expected output units × authored unit price","mass-closed"
"recipe:tool:deep-shaft-hoist","Transform","material:rope×2 | component:lead-counterweight×1 | component:machine-parts×1","tool:deep-shaft-hoist×1@1","24","0","0","0","1","2400","177","3600","serialized ItemDefinition/ProductionRecipe assets + production-recipe-contract.csv","effective-WU-per-day / direct-WU × available lanes","expected output units × authored unit price","mass-closed"
"recipe:tool:field-repair-kit","Transform","component:machine-parts×1 | material:cloth×2","tool:field-repair-kit×1@1","20","0","0","0","1","2500","108","0","serialized ItemDefinition/ProductionRecipe assets + production-recipe-contract.csv","effective-WU-per-day / direct-WU × available lanes","expected output units × authored unit price","mass-closed"
"recipe:tool:hauling-harness","Transform","material:leather×2 | material:rope×1","tool:hauling-harness×1@1","16","0","0","0","1","1150","19","650","serialized ItemDefinition/ProductionRecipe assets + production-recipe-contract.csv","effective-WU-per-day / direct-WU × available lanes","expected output units × authored unit price","mass-closed"
"recipe:tool:inspection-gauge","Transform","component:precision-parts×1 | material:spring-steel×1","tool:inspection-gauge×1@1","32","0","0","0","1","2350","443","1950","serialized ItemDefinition/ProductionRecipe assets + production-recipe-contract.csv","effective-WU-per-day / direct-WU × available lanes","expected output units × authored unit price","mass-closed"
"recipe:tool:maintenance-kit","Transform","component:machine-parts×1 | material:cloth×2","tool:maintenance-kit×1@1","20","0","0","0","1","2350","108","150","serialized ItemDefinition/ProductionRecipe assets + production-recipe-contract.csv","effective-WU-per-day / direct-WU × available lanes","expected output units × authored unit price","mass-closed"
"recipe:tool:mana-probe","Transform","component:precision-parts×1 | component:mana-shield-plate×1","tool:mana-probe×1@1","34","0","0","0","1","1200","364","3300","serialized ItemDefinition/ProductionRecipe assets + production-recipe-contract.csv","effective-WU-per-day / direct-WU × available lanes","expected output units × authored unit price","mass-closed"
"recipe:tool:powered-tool-head","Transform","component:machine-parts×1 | material:steel-ingot×1","tool:powered-tool-head×1@1","48","0","0","0","1","2350","231","600","serialized ItemDefinition/ProductionRecipe assets + production-recipe-contract.csv","effective-WU-per-day / direct-WU × available lanes","expected output units × authored unit price","mass-closed"
"recipe:tool:precision-gauge","Transform","component:precision-parts×1 | component:engineering-drawing×1","tool:precision-gauge×1@1","32","0","0","0","1","2350","332","700","serialized ItemDefinition/ProductionRecipe assets + production-recipe-contract.csv","effective-WU-per-day / direct-WU × available lanes","expected output units × authored unit price","mass-closed"
"recipe:tool:prisoner-work-kit","Transform","material:iron-ingot×1 | material:lumber×1 | resource:dark-resin×2","tool:prisoner-work-kit×1@1","20","0","0","0","1","2350","56","150","serialized ItemDefinition/ProductionRecipe assets + production-recipe-contract.csv","effective-WU-per-day / direct-WU × available lanes","expected output units × authored unit price","mass-closed"
"recipe:tool:prospecting-kit","Transform","material:rope×1 | material:treated-lumber×1 | resource:dark-resin×2","tool:prospecting-kit×1@1","30","0","0","0","1","2350","35","100","serialized ItemDefinition/ProductionRecipe assets + production-recipe-contract.csv","effective-WU-per-day / direct-WU × available lanes","expected output units × authored unit price","mass-closed"
"recipe:tool:reinforced-restraint","Transform","material:hardened-leather×1 | material:chain-mesh×1","tool:reinforced-restraint×1@1","20","0","0","0","1","2500","78","550","serialized ItemDefinition/ProductionRecipe assets + production-recipe-contract.csv","effective-WU-per-day / direct-WU × available lanes","expected output units × authored unit price","mass-closed"
"recipe:tool:rune-identification-lens","Transform","component:precision-optics×1 | resource:rune-dust×1","tool:rune-identification-lens×1@1","34","0","0","0","1","1200","361","1200","serialized ItemDefinition/ProductionRecipe assets + production-recipe-contract.csv","effective-WU-per-day / direct-WU × available lanes","expected output units × authored unit price","mass-closed"
"recipe:tool:watch-signal-horn","Transform","material:iron-ingot×2 | material:leather×1 | resource:rune-dust×2","tool:watch-signal-horn×1@1","30","0","0","0","1","2350","65","0","serialized ItemDefinition/ProductionRecipe assets + production-recipe-contract.csv","effective-WU-per-day / direct-WU × available lanes","expected output units × authored unit price","mass-closed"
"recipe:tool:weather-observation-kit","Transform","component:precision-optics×1 | material:treated-lumber×1","tool:weather-observation-kit×1@1","32","0","0","0","1","2350","362","1150","serialized ItemDefinition/ProductionRecipe assets + production-recipe-contract.csv","effective-WU-per-day / direct-WU × available lanes","expected output units × authored unit price","mass-closed"
"recipe:trail-charm","Transform","resource:rune-dust×1 | resource:fang×1","resource:trail-charm×1@1","30","0","0","0","1","100","29","100","serialized ItemDefinition/ProductionRecipe assets + production-recipe-contract.csv","effective-WU-per-day / direct-WU × available lanes","expected output units × authored unit price","mass-closed"
"recipe:treated-lumber","Transform","material:lumber×2 | resource:dark-resin×1","material:treated-lumber×2@1","22","0","0","0","2","2300","28","300","serialized ItemDefinition/ProductionRecipe assets + production-recipe-contract.csv","effective-WU-per-day / direct-WU × available lanes","expected output units × authored unit price","mass-closed"
"recipe:twilight-beer","Transform","material:fermented-liquor×2","food:twilight-beer×2@1","35","12","0","0","2","950","42","50","serialized ItemDefinition/ProductionRecipe assets + production-recipe-contract.csv","effective-WU-per-day / direct-WU × available lanes","expected output units × authored unit price","mass-closed"
"recipe:v22:apparel:apron","Transform","material:cloth×2 | material:sewing-thread×1","apparel:apron×1@1","12","0","0","0","1","420","19","30","serialized ItemDefinition/ProductionRecipe assets + production-recipe-contract.csv","effective-WU-per-day / direct-WU × available lanes","expected output units × authored unit price","mass-closed"
"recipe:v22:apparel:belt","Transform","material:cloth×2","apparel:belt×1@1","12","0","0","0","1","200","19","200","serialized ItemDefinition/ProductionRecipe assets + production-recipe-contract.csv","effective-WU-per-day / direct-WU × available lanes","expected output units × authored unit price","mass-closed"
"recipe:v22:apparel:blouse","Transform","material:cloth×2","apparel:blouse×1@1","12","0","0","0","1","380","19","20","serialized ItemDefinition/ProductionRecipe assets + production-recipe-contract.csv","effective-WU-per-day / direct-WU × available lanes","expected output units × authored unit price","mass-closed"
"recipe:v22:apparel:boots","Transform","material:cloth×3 | material:sewing-thread×2","apparel:boots×1@1","12","0","0","0","1","650","19","50","serialized ItemDefinition/ProductionRecipe assets + production-recipe-contract.csv","effective-WU-per-day / direct-WU × available lanes","expected output units × authored unit price","mass-closed"
"recipe:v22:apparel:ceremonial-dress","Transform","material:cloth×5 | material:sewing-thread×2","apparel:ceremonial-dress×1@1","12","0","0","0","1","1050","25","50","serialized ItemDefinition/ProductionRecipe assets + production-recipe-contract.csv","effective-WU-per-day / direct-WU × available lanes","expected output units × authored unit price","mass-closed"
"recipe:v22:apparel:chest-wrap","Transform","material:cloth×2","apparel:chest-wrap×1@1","12","0","0","0","1","150","19","250","serialized ItemDefinition/ProductionRecipe assets + production-recipe-contract.csv","effective-WU-per-day / direct-WU × available lanes","expected output units × authored unit price","mass-closed"
"recipe:v22:apparel:cloak","Transform","material:cloth×3 | material:sewing-thread×3","apparel:cloak×1@1","12","0","0","0","1","720","19","30","serialized ItemDefinition/ProductionRecipe assets + production-recipe-contract.csv","effective-WU-per-day / direct-WU × available lanes","expected output units × authored unit price","mass-closed"
"recipe:v22:apparel:cold-work-suit","Transform","material:cloth×4 | material:sewing-thread×3","equipment:cold-work-suit×1@1","12","0","0","0","1","900","25","50","serialized ItemDefinition/ProductionRecipe assets + production-recipe-contract.csv","effective-WU-per-day / direct-WU × available lanes","expected output units × authored unit price","mass-closed"
"recipe:v22:apparel:contract-sash","Transform","material:cloth×2","apparel:contract-sash×1@1","12","0","0","0","1","150","19","250","serialized ItemDefinition/ProductionRecipe assets + production-recipe-contract.csv","effective-WU-per-day / direct-WU × available lanes","expected output units × authored unit price","mass-closed"
"recipe:v22:apparel:daily-robe","Transform","material:cloth×4 | material:sewing-thread×2","apparel:daily-robe×1@1","12","0","0","0","1","850","19","50","serialized ItemDefinition/ProductionRecipe assets + production-recipe-contract.csv","effective-WU-per-day / direct-WU × available lanes","expected output units × authored unit price","mass-closed"
"recipe:v22:apparel:envoy-coat","Transform","material:cloth×4 | material:sewing-thread×3","apparel:envoy-coat×1@1","12","0","0","0","1","900","25","50","serialized ItemDefinition/ProductionRecipe assets + production-recipe-contract.csv","effective-WU-per-day / direct-WU × available lanes","expected output units × authored unit price","mass-closed"
"recipe:v22:apparel:farmer-workwear","Transform","material:cloth×5 | material:sewing-thread×1","apparel:farmer-workwear×1@1","12","0","0","0","1","1000","19","50","serialized ItemDefinition/ProductionRecipe assets + production-recipe-contract.csv","effective-WU-per-day / direct-WU × available lanes","expected output units × authored unit price","mass-closed"
"recipe:v22:apparel:festival-vest","Transform","material:cloth×2 | material:sewing-thread×2","apparel:festival-vest×1@1","12","0","0","0","1","480","19","20","serialized ItemDefinition/ProductionRecipe assets + production-recipe-contract.csv","effective-WU-per-day / direct-WU × available lanes","expected output units × authored unit price","mass-closed"
"recipe:v22:apparel:footwraps","Transform","material:cloth×2","apparel:footwraps×1@1","12","0","0","0","1","100","19","300","serialized ItemDefinition/ProductionRecipe assets + production-recipe-contract.csv","effective-WU-per-day / direct-WU × available lanes","expected output units × authored unit price","mass-closed"
"recipe:v22:apparel:formal-coat","Transform","material:cloth×4 | material:sewing-thread×1","apparel:formal-coat×1@1","12","0","0","0","1","820","25","30","serialized ItemDefinition/ProductionRecipe assets + production-recipe-contract.csv","effective-WU-per-day / direct-WU × available lanes","expected output units × authored unit price","mass-closed"
"recipe:v22:apparel:gloves","Transform","material:cloth×2","apparel:gloves×1@1","12","0","0","0","1","250","19","150","serialized ItemDefinition/ProductionRecipe assets + production-recipe-contract.csv","effective-WU-per-day / direct-WU × available lanes","expected output units × authored unit price","mass-closed"
"recipe:v22:apparel:golem-functional-lining","Transform","material:cloth×3 | material:sewing-thread×3","apparel:golem-functional-lining×1@1","12","0","0","0","1","700","19","50","serialized ItemDefinition/ProductionRecipe assets + production-recipe-contract.csv","effective-WU-per-day / direct-WU × available lanes","expected output units × authored unit price","mass-closed"
"recipe:v22:apparel:hat","Transform","material:cloth×2","apparel:hat×1@1","12","0","0","0","1","200","19","200","serialized ItemDefinition/ProductionRecipe assets + production-recipe-contract.csv","effective-WU-per-day / direct-WU × available lanes","expected output units × authored unit price","mass-closed"
"recipe:v22:apparel:hauling-harness","Transform","material:cloth×5 | material:sewing-thread×4","tool:hauling-harness×1@1","12","0","0","0","1","1150","19","50","serialized ItemDefinition/ProductionRecipe assets + production-recipe-contract.csv","effective-WU-per-day / direct-WU × available lanes","expected output units × authored unit price","mass-closed"
"recipe:v22:apparel:heat-work-suit","Transform","material:cloth×6 | material:sewing-thread×4","apparel:heat-work-suit×1@1","12","0","0","0","1","1350","25","50","serialized ItemDefinition/ProductionRecipe assets + production-recipe-contract.csv","effective-WU-per-day / direct-WU × available lanes","expected output units × authored unit price","mass-closed"
"recipe:v22:apparel:hooded-robe","Transform","material:cloth×5 | material:sewing-thread×1","apparel:hooded-robe×1@1","12","0","0","0","1","1000","25","50","serialized ItemDefinition/ProductionRecipe assets + production-recipe-contract.csv","effective-WU-per-day / direct-WU × available lanes","expected output units × authored unit price","mass-closed"
"recipe:v22:apparel:horn-ring","Transform","material:cloth×1","apparel:horn-ring×1@1","12","0","0","0","1","100","13","100","serialized ItemDefinition/ProductionRecipe assets + production-recipe-contract.csv","effective-WU-per-day / direct-WU × available lanes","expected output units × authored unit price","mass-closed"
"recipe:v22:apparel:keeper-coat","Transform","material:cloth×5 | material:sewing-thread×4","apparel:keeper-coat×1@1","12","0","0","0","1","1150","25","50","serialized ItemDefinition/ProductionRecipe assets + production-recipe-contract.csv","effective-WU-per-day / direct-WU × available lanes","expected output units × authored unit price","mass-closed"
"recipe:v22:apparel:loincloth-underwear","Transform","material:cloth×2","apparel:loincloth-underwear×1@1","12","0","0","0","1","160","19","240","serialized ItemDefinition/ProductionRecipe assets + production-recipe-contract.csv","effective-WU-per-day / direct-WU × available lanes","expected output units × authored unit price","mass-closed"
"recipe:v22:apparel:long-underpants","Transform","material:cloth×2","apparel:long-underpants×1@1","12","0","0","0","1","350","19","50","serialized ItemDefinition/ProductionRecipe assets + production-recipe-contract.csv","effective-WU-per-day / direct-WU × available lanes","expected output units × authored unit price","mass-closed"
"recipe:v22:apparel:lower-underwear","Transform","material:cloth×2","apparel:lower-underwear×1@1","12","0","0","0","1","180","19","220","serialized ItemDefinition/ProductionRecipe assets + production-recipe-contract.csv","effective-WU-per-day / direct-WU × available lanes","expected output units × authored unit price","mass-closed"
"recipe:v22:apparel:miner-workwear","Transform","material:cloth×6 | material:sewing-thread×2","apparel:miner-workwear×1@1","12","0","0","0","1","1250","25","50","serialized ItemDefinition/ProductionRecipe assets + production-recipe-contract.csv","effective-WU-per-day / direct-WU × available lanes","expected output units × authored unit price","mass-closed"
"recipe:v22:apparel:mourning-clothes","Transform","material:cloth×4 | material:sewing-thread×2","apparel:mourning-clothes×1@1","12","0","0","0","1","850","19","50","serialized ItemDefinition/ProductionRecipe assets + production-recipe-contract.csv","effective-WU-per-day / direct-WU × available lanes","expected output units × authored unit price","mass-closed"
"recipe:v22:apparel:raincoat","Transform","material:cloth×5 | material:sewing-thread×3","apparel:raincoat×1@1","12","0","0","0","1","1100","25","50","serialized ItemDefinition/ProductionRecipe assets + production-recipe-contract.csv","effective-WU-per-day / direct-WU × available lanes","expected output units × authored unit price","mass-closed"
"recipe:v22:apparel:ritual-robe","Transform","material:cloth×4 | material:sewing-thread×4","apparel:ritual-robe×1@1","12","0","0","0","1","950","25","50","serialized ItemDefinition/ProductionRecipe assets + production-recipe-contract.csv","effective-WU-per-day / direct-WU × available lanes","expected output units × authored unit price","mass-closed"
"recipe:v22:apparel:rune-cold-suit","Transform","material:cloth×4 | material:sewing-thread×1","equipment:rune-cold-suit×1@1","12","0","0","0","1","800","25","50","serialized ItemDefinition/ProductionRecipe assets + production-recipe-contract.csv","effective-WU-per-day / direct-WU × available lanes","expected output units × authored unit price","mass-closed"
"recipe:v22:apparel:scarf","Transform","material:cloth×2","apparel:scarf×1@1","12","0","0","0","1","180","19","220","serialized ItemDefinition/ProductionRecipe assets + production-recipe-contract.csv","effective-WU-per-day / direct-WU × available lanes","expected output units × authored unit price","mass-closed"
"recipe:v22:apparel:shorts","Transform","material:cloth×2","apparel:shorts×1@1","12","0","0","0","1","320","19","80","serialized ItemDefinition/ProductionRecipe assets + production-recipe-contract.csv","effective-WU-per-day / direct-WU × available lanes","expected output units × authored unit price","mass-closed"
"recipe:v22:apparel:skirt","Transform","material:cloth×2 | material:sewing-thread×1","apparel:skirt×1@1","12","0","0","0","1","420","19","30","serialized ItemDefinition/ProductionRecipe assets + production-recipe-contract.csv","effective-WU-per-day / direct-WU × available lanes","expected output units × authored unit price","mass-closed"
"recipe:v22:apparel:sky-chorus-shawl","Transform","material:cloth×2","apparel:sky-chorus-shawl×1@1","12","0","0","0","1","220","19","180","serialized ItemDefinition/ProductionRecipe assets + production-recipe-contract.csv","effective-WU-per-day / direct-WU × available lanes","expected output units × authored unit price","mass-closed"
"recipe:v22:apparel:sleep-bottom","Transform","material:cloth×2","apparel:sleep-bottom×1@1","12","0","0","0","1","320","19","80","serialized ItemDefinition/ProductionRecipe assets + production-recipe-contract.csv","effective-WU-per-day / direct-WU × available lanes","expected output units × authored unit price","mass-closed"
"recipe:v22:apparel:sleep-top","Transform","material:cloth×2","apparel:sleep-top×1@1","12","0","0","0","1","350","19","50","serialized ItemDefinition/ProductionRecipe assets + production-recipe-contract.csv","effective-WU-per-day / direct-WU × available lanes","expected output units × authored unit price","mass-closed"
"recipe:v22:apparel:slime-warming-pad","Transform","material:cloth×3","equipment:slime-warming-pad×1@1","12","0","0","0","1","300","22","300","serialized ItemDefinition/ProductionRecipe assets + production-recipe-contract.csv","effective-WU-per-day / direct-WU × available lanes","expected output units × authored unit price","mass-closed"
"recipe:v22:apparel:smith-apron","Transform","material:cloth×4 | material:sewing-thread×3","apparel:smith-apron×1@1","12","0","0","0","1","900","25","50","serialized ItemDefinition/ProductionRecipe assets + production-recipe-contract.csv","effective-WU-per-day / direct-WU × available lanes","expected output units × authored unit price","mass-closed"
"recipe:v22:apparel:smoke-protection-hood","Transform","material:cloth×3","apparel:smoke-protection-hood×1@1","12","0","0","0","1","380","25","220","serialized ItemDefinition/ProductionRecipe assets + production-recipe-contract.csv","effective-WU-per-day / direct-WU × available lanes","expected output units × authored unit price","mass-closed"
"recipe:v22:apparel:socks","Transform","material:cloth×2","apparel:socks×1@1","12","0","0","0","1","120","19","280","serialized ItemDefinition/ProductionRecipe assets + production-recipe-contract.csv","effective-WU-per-day / direct-WU × available lanes","expected output units × authored unit price","mass-closed"
"recipe:v22:apparel:spore-garden-cloak","Transform","material:cloth×3 | material:sewing-thread×4","apparel:spore-garden-cloak×1@1","12","0","0","0","1","780","25","20","serialized ItemDefinition/ProductionRecipe assets + production-recipe-contract.csv","effective-WU-per-day / direct-WU × available lanes","expected output units × authored unit price","mass-closed"
"recipe:v22:apparel:spore-protection-hood","Transform","material:cloth×3","apparel:spore-protection-hood×1@1","12","0","0","0","1","350","25","250","serialized ItemDefinition/ProductionRecipe assets + production-recipe-contract.csv","effective-WU-per-day / direct-WU × available lanes","expected output units × authored unit price","mass-closed"
"recipe:v22:apparel:sterile-gown","Transform","material:cloth×2 | material:sewing-thread×3","apparel:sterile-gown×1@1","12","0","0","0","1","520","19","30","serialized ItemDefinition/ProductionRecipe assets + production-recipe-contract.csv","effective-WU-per-day / direct-WU × available lanes","expected output units × authored unit price","mass-closed"
"recipe:v22:apparel:surgical-apron","Transform","material:cloth×3 | material:sewing-thread×1","apparel:surgical-apron×1@1","12","0","0","0","1","620","25","30","serialized ItemDefinition/ProductionRecipe assets + production-recipe-contract.csv","effective-WU-per-day / direct-WU × available lanes","expected output units × authored unit price","mass-closed"
"recipe:v22:apparel:tail-guard","Transform","material:cloth×2","apparel:tail-guard×1@1","12","0","0","0","1","350","19","50","serialized ItemDefinition/ProductionRecipe assets + production-recipe-contract.csv","effective-WU-per-day / direct-WU × available lanes","expected output units × authored unit price","mass-closed"
"recipe:v22:apparel:tail-ribbon","Transform","material:cloth×2","apparel:tail-ribbon×1@1","12","0","0","0","1","80","19","320","serialized ItemDefinition/ProductionRecipe assets + production-recipe-contract.csv","effective-WU-per-day / direct-WU × available lanes","expected output units × authored unit price","mass-closed"
"recipe:v22:apparel:trousers","Transform","material:cloth×2 | material:sewing-thread×3","apparel:trousers×1@1","12","0","0","0","1","500","19","50","serialized ItemDefinition/ProductionRecipe assets + production-recipe-contract.csv","effective-WU-per-day / direct-WU × available lanes","expected output units × authored unit price","mass-closed"
"recipe:v22:apparel:tunic","Transform","material:cloth×2 | material:sewing-thread×2","apparel:tunic×1@1","12","0","0","0","1","450","19","50","serialized ItemDefinition/ProductionRecipe assets + production-recipe-contract.csv","effective-WU-per-day / direct-WU × available lanes","expected output units × authored unit price","mass-closed"
"recipe:v22:apparel:undershirt","Transform","material:cloth×2","apparel:undershirt×1@1","12","0","0","0","1","200","19","200","serialized ItemDefinition/ProductionRecipe assets + production-recipe-contract.csv","effective-WU-per-day / direct-WU × available lanes","expected output units × authored unit price","mass-closed"
"recipe:v22:apparel:vest","Transform","material:cloth×2","apparel:vest×1@1","12","0","0","0","1","400","19","0","serialized ItemDefinition/ProductionRecipe assets + production-recipe-contract.csv","effective-WU-per-day / direct-WU × available lanes","expected output units × authored unit price","mass-closed"
"recipe:v22:apparel:waterproof-work-suit","Transform","material:cloth×6 | material:sewing-thread×4","apparel:waterproof-work-suit×1@1","12","0","0","0","1","1380","25","20","serialized ItemDefinition/ProductionRecipe assets + production-recipe-contract.csv","effective-WU-per-day / direct-WU × available lanes","expected output units × authored unit price","mass-closed"
"recipe:v22:apparel:weapon-vigil-cloak","Transform","material:cloth×4 | material:sewing-thread×1","apparel:weapon-vigil-cloak×1@1","12","0","0","0","1","800","25","50","serialized ItemDefinition/ProductionRecipe assets + production-recipe-contract.csv","effective-WU-per-day / direct-WU × available lanes","expected output units × authored unit price","mass-closed"
"recipe:v22:apparel:wing-cloak","Transform","material:cloth×3 | material:sewing-thread×1","apparel:wing-cloak×1@1","12","0","0","0","1","600","19","50","serialized ItemDefinition/ProductionRecipe assets + production-recipe-contract.csv","effective-WU-per-day / direct-WU × available lanes","expected output units × authored unit price","mass-closed"
"recipe:v22:apparel:wing-harness","Transform","material:cloth×2 | material:sewing-thread×3","apparel:wing-harness×1@1","12","0","0","0","1","500","19","50","serialized ItemDefinition/ProductionRecipe assets + production-recipe-contract.csv","effective-WU-per-day / direct-WU × available lanes","expected output units × authored unit price","mass-closed"
"recipe:v22:apparel:work-shirt","Transform","material:cloth×2 | material:sewing-thread×2","apparel:work-shirt×1@1","12","0","0","0","1","480","19","20","serialized ItemDefinition/ProductionRecipe assets + production-recipe-contract.csv","effective-WU-per-day / direct-WU × available lanes","expected output units × authored unit price","mass-closed"
"recipe:v22:mending-scrap","Transform","material:cloth×1","material:mending-scrap×2@1","16","0","0","0","2","100","14","100","serialized ItemDefinition/ProductionRecipe assets + production-recipe-contract.csv","effective-WU-per-day / direct-WU × available lanes","expected output units × authored unit price","mass-closed"
"recipe:v22:sewing-kit","Transform","component:machine-parts×1","tool:sewing-kit×1@1","12","0","0","0","1","2000","99","100","serialized ItemDefinition/ProductionRecipe assets + production-recipe-contract.csv","effective-WU-per-day / direct-WU × available lanes","expected output units × authored unit price","mass-closed"
"recipe:v22:sewing-thread","Transform","yarn:shade-cloth×4","material:sewing-thread×6@1","32","0","0","0","6","300","30","20","serialized ItemDefinition/ProductionRecipe assets + production-recipe-contract.csv","effective-WU-per-day / direct-WU × available lanes","expected output units × authored unit price","mass-closed"
"recipe:v22:spin-powered:cave-silk","Transform","fiber:cave-silk×3","yarn:cave-silk×2@1","16","0","0","0","2","160","28","80","serialized ItemDefinition/ProductionRecipe assets + production-recipe-contract.csv","effective-WU-per-day / direct-WU × available lanes","expected output units × authored unit price","mass-closed"
"recipe:v22:spin-powered:common-wool","Transform","resource:wool×3","yarn:common-wool×2@1","16","0","0","0","2","160","12","890","serialized ItemDefinition/ProductionRecipe assets + production-recipe-contract.csv","effective-WU-per-day / direct-WU × available lanes","expected output units × authored unit price","mass-closed"
"recipe:v22:spin-powered:deep-goat-wool","Transform","fiber:deep-goat-wool×3","yarn:deep-goat-wool×2@1","16","0","0","0","2","160","28","80","serialized ItemDefinition/ProductionRecipe assets + production-recipe-contract.csv","effective-WU-per-day / direct-WU × available lanes","expected output units × authored unit price","mass-closed"
"recipe:v22:spin-powered:dreamweave","Transform","resource:dreamleaf×3","yarn:dreamweave×2@1","16","0","0","0","2","160","18","80","serialized ItemDefinition/ProductionRecipe assets + production-recipe-contract.csv","effective-WU-per-day / direct-WU × available lanes","expected output units × authored unit price","mass-closed"
"recipe:v22:spin-powered:ember-cotton","Transform","fiber:ember-cotton×3","yarn:ember-cotton×2@1","16","0","0","0","2","160","16","80","serialized ItemDefinition/ProductionRecipe assets + production-recipe-contract.csv","effective-WU-per-day / direct-WU × available lanes","expected output units × authored unit price","mass-closed"
"recipe:v22:spin-powered:frost-linen","Transform","fiber:frost-flax×3","yarn:frost-linen×2@1","16","0","0","0","2","160","16","80","serialized ItemDefinition/ProductionRecipe assets + production-recipe-contract.csv","effective-WU-per-day / direct-WU × available lanes","expected output units × authored unit price","mass-closed"
"recipe:v22:spin-powered:frost-wool","Transform","fiber:frost-wool×3","yarn:frost-wool×2@1","16","0","0","0","2","160","28","80","serialized ItemDefinition/ProductionRecipe assets + production-recipe-contract.csv","effective-WU-per-day / direct-WU × available lanes","expected output units × authored unit price","mass-closed"
"recipe:v22:spin-powered:mire-canvas","Transform","fiber:mire-reed×3","yarn:mire-canvas×2@1","16","0","0","0","2","160","16","80","serialized ItemDefinition/ProductionRecipe assets + production-recipe-contract.csv","effective-WU-per-day / direct-WU × available lanes","expected output units × authored unit price","mass-closed"
"recipe:v22:spin-powered:shade-cloth","Transform","resource:shade-fiber×3","yarn:shade-cloth×2@1","16","0","0","0","2","160","14","200","serialized ItemDefinition/ProductionRecipe assets + production-recipe-contract.csv","effective-WU-per-day / direct-WU × available lanes","expected output units × authored unit price","mass-closed"
"recipe:v22:spin-powered:spore-hemp","Transform","fiber:spore-hemp×3","yarn:spore-hemp×2@1","16","0","0","0","2","160","18","80","serialized ItemDefinition/ProductionRecipe assets + production-recipe-contract.csv","effective-WU-per-day / direct-WU × available lanes","expected output units × authored unit price","mass-closed"
"recipe:v22:spin:cave-silk","Transform","fiber:cave-silk×3","yarn:cave-silk×2@1","16","0","0","0","2","160","28","80","serialized ItemDefinition/ProductionRecipe assets + production-recipe-contract.csv","effective-WU-per-day / direct-WU × available lanes","expected output units × authored unit price","mass-closed"
"recipe:v22:spin:common-wool","Transform","resource:wool×3","yarn:common-wool×2@1","16","0","0","0","2","160","12","890","serialized ItemDefinition/ProductionRecipe assets + production-recipe-contract.csv","effective-WU-per-day / direct-WU × available lanes","expected output units × authored unit price","mass-closed"
"recipe:v22:spin:deep-goat-wool","Transform","fiber:deep-goat-wool×3","yarn:deep-goat-wool×2@1","16","0","0","0","2","160","28","80","serialized ItemDefinition/ProductionRecipe assets + production-recipe-contract.csv","effective-WU-per-day / direct-WU × available lanes","expected output units × authored unit price","mass-closed"
"recipe:v22:spin:dreamweave","Transform","resource:dreamleaf×3","yarn:dreamweave×2@1","16","0","0","0","2","160","18","80","serialized ItemDefinition/ProductionRecipe assets + production-recipe-contract.csv","effective-WU-per-day / direct-WU × available lanes","expected output units × authored unit price","mass-closed"
"recipe:v22:spin:ember-cotton","Transform","fiber:ember-cotton×3","yarn:ember-cotton×2@1","16","0","0","0","2","160","16","80","serialized ItemDefinition/ProductionRecipe assets + production-recipe-contract.csv","effective-WU-per-day / direct-WU × available lanes","expected output units × authored unit price","mass-closed"
"recipe:v22:spin:frost-linen","Transform","fiber:frost-flax×3","yarn:frost-linen×2@1","16","0","0","0","2","160","16","80","serialized ItemDefinition/ProductionRecipe assets + production-recipe-contract.csv","effective-WU-per-day / direct-WU × available lanes","expected output units × authored unit price","mass-closed"
"recipe:v22:spin:frost-wool","Transform","fiber:frost-wool×3","yarn:frost-wool×2@1","16","0","0","0","2","160","28","80","serialized ItemDefinition/ProductionRecipe assets + production-recipe-contract.csv","effective-WU-per-day / direct-WU × available lanes","expected output units × authored unit price","mass-closed"
"recipe:v22:spin:mire-canvas","Transform","fiber:mire-reed×3","yarn:mire-canvas×2@1","16","0","0","0","2","160","16","80","serialized ItemDefinition/ProductionRecipe assets + production-recipe-contract.csv","effective-WU-per-day / direct-WU × available lanes","expected output units × authored unit price","mass-closed"
"recipe:v22:spin:shade-cloth","Transform","resource:shade-fiber×3","yarn:shade-cloth×2@1","16","0","0","0","2","160","14","200","serialized ItemDefinition/ProductionRecipe assets + production-recipe-contract.csv","effective-WU-per-day / direct-WU × available lanes","expected output units × authored unit price","mass-closed"
"recipe:v22:spin:spore-hemp","Transform","fiber:spore-hemp×3","yarn:spore-hemp×2@1","16","0","0","0","2","160","18","80","serialized ItemDefinition/ProductionRecipe assets + production-recipe-contract.csv","effective-WU-per-day / direct-WU × available lanes","expected output units × authored unit price","mass-closed"
"recipe:v22:weave:cave-silk","Transform","yarn:cave-silk×3","material:cave-silk×2@1","16","0","0","0","2","220","50","20","serialized ItemDefinition/ProductionRecipe assets + production-recipe-contract.csv","effective-WU-per-day / direct-WU × available lanes","expected output units × authored unit price","mass-closed"
"recipe:v22:weave:common-wool","Transform","yarn:common-wool×7","material:common-wool×2@1","16","0","0","0","2","480","26","80","serialized ItemDefinition/ProductionRecipe assets + production-recipe-contract.csv","effective-WU-per-day / direct-WU × available lanes","expected output units × authored unit price","mass-closed"
"recipe:v22:weave:deep-goat-wool","Transform","yarn:deep-goat-wool×7","material:deep-goat-wool×2@1","16","0","0","0","2","520","50","40","serialized ItemDefinition/ProductionRecipe assets + production-recipe-contract.csv","effective-WU-per-day / direct-WU × available lanes","expected output units × authored unit price","mass-closed"
"recipe:v22:weave:dreamweave","Transform","yarn:dreamweave×3","material:dreamweave×2@1","16","0","0","0","2","240","34","0","serialized ItemDefinition/ProductionRecipe assets + production-recipe-contract.csv","effective-WU-per-day / direct-WU × available lanes","expected output units × authored unit price","mass-closed"
"recipe:v22:weave:ember-cotton","Transform","yarn:ember-cotton×5","material:ember-cotton×2@1","16","0","0","0","2","352","32","48","serialized ItemDefinition/ProductionRecipe assets + production-recipe-contract.csv","effective-WU-per-day / direct-WU × available lanes","expected output units × authored unit price","mass-closed"
"recipe:v22:weave:frost-linen","Transform","yarn:frost-linen×5","material:frost-linen×2@1","16","0","0","0","2","328","32","72","serialized ItemDefinition/ProductionRecipe assets + production-recipe-contract.csv","effective-WU-per-day / direct-WU × available lanes","expected output units × authored unit price","mass-closed"
"recipe:v22:weave:frost-wool","Transform","yarn:frost-wool×7","material:frost-wool×2@1","16","0","0","0","2","512","50","48","serialized ItemDefinition/ProductionRecipe assets + production-recipe-contract.csv","effective-WU-per-day / direct-WU × available lanes","expected output units × authored unit price","mass-closed"
"recipe:v22:weave:mire-canvas","Transform","yarn:mire-canvas×7","material:mire-canvas×2@1","16","0","0","0","2","540","34","20","serialized ItemDefinition/ProductionRecipe assets + production-recipe-contract.csv","effective-WU-per-day / direct-WU × available lanes","expected output units × authored unit price","mass-closed"
"recipe:v22:weave:shade-cloth","Transform","yarn:shade-cloth×6","material:cloth×2@1","16","0","0","0","2","400","12","80","serialized ItemDefinition/ProductionRecipe assets + production-recipe-contract.csv","effective-WU-per-day / direct-WU × available lanes","expected output units × authored unit price","mass-closed"
"recipe:v22:weave:spore-hemp","Transform","yarn:spore-hemp×6","material:spore-hemp×2@1","16","0","0","0","2","420","34","60","serialized ItemDefinition/ProductionRecipe assets + production-recipe-contract.csv","effective-WU-per-day / direct-WU × available lanes","expected output units × authored unit price","mass-closed"
"recipe:vegetable-pie","Transform","material:dough×1 | material:washed-vegetable×1","food:vegetable-pie×2@1","24","0","0","0","2","950","34","0","serialized ItemDefinition/ProductionRecipe assets + production-recipe-contract.csv","effective-WU-per-day / direct-WU × available lanes","expected output units × authored unit price","mass-closed"
"recipe:vitality-tonic","Transform","resource:ember-root×1 | resource:bloodleaf×1 | material:syrup×1","drug:vitality-tonic×2@1","50","0","0","0","2","850","36","50","serialized ItemDefinition/ProductionRecipe assets + production-recipe-contract.csv","effective-WU-per-day / direct-WU × available lanes","expected output units × authored unit price","mass-closed"
"recipe:washed-vegetable","Transform","resource:ember-root×2","material:washed-vegetable×2@1","28","0","0.25","0.25","2","900","18","0","serialized ItemDefinition/ProductionRecipe assets + production-recipe-contract.csv","effective-WU-per-day / direct-WU × available lanes","expected output units × authored unit price","mass-closed"
"recipe:wool-cloth","Transform","resource:wool×3","material:cloth×2@1","16","0","0","0","2","400","12","650","serialized ItemDefinition/ProductionRecipe assets + production-recipe-contract.csv","effective-WU-per-day / direct-WU × available lanes","expected output units × authored unit price","mass-closed"
"recipe:young-wine","Transform","material:grape-juice×2","material:young-wine×2@1","35","18","0","0","2","700","38","50","serialized ItemDefinition/ProductionRecipe assets + production-recipe-contract.csv","effective-WU-per-day / direct-WU × available lanes","expected output units × authored unit price","mass-closed"
"source:animal-blood","Source","none","resource:blood×2@1","6","0","0","0","2","1000","4","n/a","serialized ItemDefinition/ProductionRecipe assets + production-recipe-contract.csv","effective-WU-per-day / direct-WU × available lanes","expected output units × authored unit price","external-source-contract"
"source:animal-bone","Source","none","resource:bone×2@1","6","0","0","0","2","800","4","n/a","serialized ItemDefinition/ProductionRecipe assets + production-recipe-contract.csv","effective-WU-per-day / direct-WU × available lanes","expected output units × authored unit price","external-source-contract"
"source:animal-egg","Source","none","resource:egg×3@1","8","0","0","0","3","750","6","n/a","serialized ItemDefinition/ProductionRecipe assets + production-recipe-contract.csv","effective-WU-per-day / direct-WU × available lanes","expected output units × authored unit price","external-source-contract"
"source:animal-fang","Source","none","resource:fang×1@1","4","0","0","0","1","150","3","n/a","serialized ItemDefinition/ProductionRecipe assets + production-recipe-contract.csv","effective-WU-per-day / direct-WU × available lanes","expected output units × authored unit price","external-source-contract"
"source:animal-fat","Source","none","resource:fat×2@1","6","0","0","0","2","900","4","n/a","serialized ItemDefinition/ProductionRecipe assets + production-recipe-contract.csv","effective-WU-per-day / direct-WU × available lanes","expected output units × authored unit price","external-source-contract"
"source:animal-feather","Source","none","resource:feather×4@1","10","0","0","0","4","200","8","n/a","serialized ItemDefinition/ProductionRecipe assets + production-recipe-contract.csv","effective-WU-per-day / direct-WU × available lanes","expected output units × authored unit price","external-source-contract"
"source:animal-hide","Source","none","resource:hide×2@1","6","0","0","0","2","1800","4","n/a","serialized ItemDefinition/ProductionRecipe assets + production-recipe-contract.csv","effective-WU-per-day / direct-WU × available lanes","expected output units × authored unit price","external-source-contract"
"source:animal-horn","Source","none","resource:horn×1@1","4","0","0","0","1","450","3","n/a","serialized ItemDefinition/ProductionRecipe assets + production-recipe-contract.csv","effective-WU-per-day / direct-WU × available lanes","expected output units × authored unit price","external-source-contract"
"source:animal-manure","Source","none","resource:manure×2@1","6","0","0","0","2","1000","4","n/a","serialized ItemDefinition/ProductionRecipe assets + production-recipe-contract.csv","effective-WU-per-day / direct-WU × available lanes","expected output units × authored unit price","external-source-contract"
"source:animal-meat","Source","none","resource:meat×4@1","10","0","0","0","4","2800","8","n/a","serialized ItemDefinition/ProductionRecipe assets + production-recipe-contract.csv","effective-WU-per-day / direct-WU × available lanes","expected output units × authored unit price","external-source-contract"
"source:animal-milk","Source","none","resource:milk×3@1","8","0","0","0","3","2400","6","n/a","serialized ItemDefinition/ProductionRecipe assets + production-recipe-contract.csv","effective-WU-per-day / direct-WU × available lanes","expected output units × authored unit price","external-source-contract"
"source:animal-wool","Source","none","resource:wool×3@1","8","0","0","0","3","1050","6","n/a","serialized ItemDefinition/ProductionRecipe assets + production-recipe-contract.csv","effective-WU-per-day / direct-WU × available lanes","expected output units × authored unit price","external-source-contract"
"source:grass","Source","none","resource:grass-straw×4@1","10","0","0","0","4","320","8","n/a","serialized ItemDefinition/ProductionRecipe assets + production-recipe-contract.csv","effective-WU-per-day / direct-WU × available lanes","expected output units × authored unit price","external-source-contract"
"source:logging","Source","none","resource:log×5@1 | resource:dark-resin×1@0.18","18","0","0","0","5.18","9036","11.44","n/a","serialized ItemDefinition/ProductionRecipe assets + production-recipe-contract.csv","effective-WU-per-day / direct-WU × available lanes","expected output units × authored unit price","external-source-contract"
"source:quarry","Source","none","resource:stone×4@1 | resource:coal×1@0.2 | resource:iron-ore×1@0.16 | resource:gold-ore×1@0.03 | resource:mana-crystal×1@0.01","32","0","0","0","4.4","6794.5","15.02","n/a","serialized ItemDefinition/ProductionRecipe assets + production-recipe-contract.csv","effective-WU-per-day / direct-WU × available lanes","expected output units × authored unit price","external-source-contract"
"source:saltstone","Source","none","resource:stone×3@1 | resource:saltstone×1@0.25","12","0","0","0","3.25","4925","7.75","n/a","serialized ItemDefinition/ProductionRecipe assets + production-recipe-contract.csv","effective-WU-per-day / direct-WU × available lanes","expected output units × authored unit price","external-source-contract"
"source:spoilage-animal","Source","none","waste:animal-rot×1@1","4","0","0","0","1","700","3","n/a","serialized ItemDefinition/ProductionRecipe assets + production-recipe-contract.csv","effective-WU-per-day / direct-WU × available lanes","expected output units × authored unit price","external-source-contract"
"source:spoilage-forbidden","Source","none","waste:forbidden-rot×1@1","4","0","0","0","1","700","3","n/a","serialized ItemDefinition/ProductionRecipe assets + production-recipe-contract.csv","effective-WU-per-day / direct-WU × available lanes","expected output units × authored unit price","external-source-contract"
"source:spoilage-mixed","Source","none","waste:mixed-rot×1@1","4","0","0","0","1","650","3","n/a","serialized ItemDefinition/ProductionRecipe assets + production-recipe-contract.csv","effective-WU-per-day / direct-WU × available lanes","expected output units × authored unit price","external-source-contract"
"source:spoilage-plant","Source","none","waste:plant-rot×1@1","4","0","0","0","1","600","3","n/a","serialized ItemDefinition/ProductionRecipe assets + production-recipe-contract.csv","effective-WU-per-day / direct-WU × available lanes","expected output units × authored unit price","external-source-contract"
