record_key,stable_id,field_path,raw_value,enum_type,enum_label,value_origin
FactionChapterDefinitionSO|faction-chapter:beastkin:1,faction-chapter:beastkin:1,m_Name,chapter_beastkin_1,,,explicit-serialized
FactionChapterDefinitionSO|faction-chapter:beastkin:1,faction-chapter:beastkin:1,stableId,faction-chapter:beastkin:1,,,explicit-serialized
FactionChapterDefinitionSO|faction-chapter:beastkin:1,faction-chapter:beastkin:1,displayName,피 묻은 사냥깃,,,explicit-serialized
FactionChapterDefinitionSO|faction-chapter:beastkin:1,faction-chapter:beastkin:1,description,붉은발톱 사절이 부상한 사냥꾼과 함께 식량을 요구한다.,,,explicit-serialized
FactionChapterDefinitionSO|faction-chapter:beastkin:1,faction-chapter:beastkin:1,authoringRevision,1,,,explicit-serialized
FactionChapterDefinitionSO|faction-chapter:beastkin:1,faction-chapter:beastkin:1,sourceNote,V20 hand-authored faction/service manifest.,,,explicit-serialized
FactionChapterDefinitionSO|faction-chapter:beastkin:1,faction-chapter:beastkin:1,factionId,faction:dungeon:beastkin,,,explicit-serialized
FactionChapterDefinitionSO|faction-chapter:beastkin:1,faction-chapter:beastkin:1,chapterNumber,1,,,explicit-serialized
FactionChapterDefinitionSO|faction-chapter:beastkin:1,faction-chapter:beastkin:1,kind,0,FactionChapterKind,First Contact,explicit-serialized
FactionChapterDefinitionSO|faction-chapter:beastkin:1,faction-chapter:beastkin:1,crossFactionId,,,,explicit-serialized
FactionChapterDefinitionSO|faction-chapter:beastkin:1,faction-chapter:beastkin:1,triggerRequirements.items,[],,,explicit-serialized
FactionChapterDefinitionSO|faction-chapter:beastkin:1,faction-chapter:beastkin:1,triggerRequirements.facilities,[],,,explicit-serialized
FactionChapterDefinitionSO|faction-chapter:beastkin:1,faction-chapter:beastkin:1,triggerRequirements.research,[],,,explicit-serialized
FactionChapterDefinitionSO|faction-chapter:beastkin:1,faction-chapter:beastkin:1,triggerRequirements.characters,[],,,explicit-serialized
FactionChapterDefinitionSO|faction-chapter:beastkin:1,faction-chapter:beastkin:1,triggerRequirements.factions.0.factionId,faction:dungeon:beastkin,,,explicit-serialized
FactionChapterDefinitionSO|faction-chapter:beastkin:1,faction-chapter:beastkin:1,triggerRequirements.factions.0.minimumRapport,-100,,,explicit-serialized
FactionChapterDefinitionSO|faction-chapter:beastkin:1,faction-chapter:beastkin:1,triggerRequirements.factions.0.maximumGrievance,100,,,explicit-serialized
FactionChapterDefinitionSO|faction-chapter:beastkin:1,faction-chapter:beastkin:1,triggerRequirements.factions.0.minimumObligationTokens,0,,,explicit-serialized
FactionChapterDefinitionSO|faction-chapter:beastkin:1,faction-chapter:beastkin:1,triggerRequirements.worldMetrics,[],,,explicit-serialized
FactionChapterDefinitionSO|faction-chapter:beastkin:1,faction-chapter:beastkin:1,triggerRequirements.requiredFlags,[],,,explicit-serialized
FactionChapterDefinitionSO|faction-chapter:beastkin:1,faction-chapter:beastkin:1,triggerRequirements.excludedFlags,[],,,explicit-serialized
FactionChapterDefinitionSO|faction-chapter:beastkin:1,faction-chapter:beastkin:1,choices.0.choiceId,support,,,explicit-serialized
FactionChapterDefinitionSO|faction-chapter:beastkin:1,faction-chapter:beastkin:1,choices.0.title,요구를 지원한다,,,explicit-serialized
FactionChapterDefinitionSO|faction-chapter:beastkin:1,faction-chapter:beastkin:1,choices.0.outcomeText,요구를 지원한다,,,explicit-serialized
FactionChapterDefinitionSO|faction-chapter:beastkin:1,faction-chapter:beastkin:1,choices.0.requirements.items.0.itemDefinitionId,food:salted-meat-stew,,,explicit-serialized
FactionChapterDefinitionSO|faction-chapter:beastkin:1,faction-chapter:beastkin:1,choices.0.requirements.items.0.amount,4,,,explicit-serialized
FactionChapterDefinitionSO|faction-chapter:beastkin:1,faction-chapter:beastkin:1,choices.0.requirements.items.0.consume,1,,,explicit-serialized
FactionChapterDefinitionSO|faction-chapter:beastkin:1,faction-chapter:beastkin:1,choices.0.requirements.facilities.0.buildingDefinitionId,,,,explicit-serialized
FactionChapterDefinitionSO|faction-chapter:beastkin:1,faction-chapter:beastkin:1,choices.0.requirements.facilities.0.capabilityId,Administration,,,explicit-serialized
FactionChapterDefinitionSO|faction-chapter:beastkin:1,faction-chapter:beastkin:1,choices.0.requirements.facilities.0.minimumCount,1,,,explicit-serialized
FactionChapterDefinitionSO|faction-chapter:beastkin:1,faction-chapter:beastkin:1,choices.0.requirements.facilities.0.mustBeOperational,1,,,explicit-serialized
FactionChapterDefinitionSO|faction-chapter:beastkin:1,faction-chapter:beastkin:1,choices.0.requirements.research,[],,,explicit-serialized
FactionChapterDefinitionSO|faction-chapter:beastkin:1,faction-chapter:beastkin:1,choices.0.requirements.characters,[],,,explicit-serialized
FactionChapterDefinitionSO|faction-chapter:beastkin:1,faction-chapter:beastkin:1,choices.0.requirements.factions,[],,,explicit-serialized
FactionChapterDefinitionSO|faction-chapter:beastkin:1,faction-chapter:beastkin:1,choices.0.requirements.worldMetrics,[],,,explicit-serialized
FactionChapterDefinitionSO|faction-chapter:beastkin:1,faction-chapter:beastkin:1,choices.0.requirements.requiredFlags,[],,,explicit-serialized
FactionChapterDefinitionSO|faction-chapter:beastkin:1,faction-chapter:beastkin:1,choices.0.requirements.excludedFlags,[],,,explicit-serialized
FactionChapterDefinitionSO|faction-chapter:beastkin:1,faction-chapter:beastkin:1,choices.0.effects.0.kind,6,V20ContentEffectKind,FactionRapport (세력 우호도),explicit-serialized
FactionChapterDefinitionSO|faction-chapter:beastkin:1,faction-chapter:beastkin:1,choices.0.effects.0.targetId,faction:dungeon:beastkin,,,explicit-serialized
FactionChapterDefinitionSO|faction-chapter:beastkin:1,faction-chapter:beastkin:1,choices.0.effects.0.amount,6,,,explicit-serialized
FactionChapterDefinitionSO|faction-chapter:beastkin:1,faction-chapter:beastkin:1,choices.0.effects.0.durationDays,0,,,explicit-serialized
FactionChapterDefinitionSO|faction-chapter:beastkin:1,faction-chapter:beastkin:1,choices.0.effects.1.kind,13,V20ContentEffectKind,WorkDelayDays (작업 지연),explicit-serialized
FactionChapterDefinitionSO|faction-chapter:beastkin:1,faction-chapter:beastkin:1,choices.0.effects.1.targetId,faction-work:beastkin:1,,,explicit-serialized
FactionChapterDefinitionSO|faction-chapter:beastkin:1,faction-chapter:beastkin:1,choices.0.effects.1.amount,2,,,explicit-serialized
FactionChapterDefinitionSO|faction-chapter:beastkin:1,faction-chapter:beastkin:1,choices.0.effects.1.durationDays,0,,,explicit-serialized
FactionChapterDefinitionSO|faction-chapter:beastkin:1,faction-chapter:beastkin:1,choices.1.choiceId,bargain,,,explicit-serialized
FactionChapterDefinitionSO|faction-chapter:beastkin:1,faction-chapter:beastkin:1,choices.1.title,절반의 비용과 의무를 협상한다,,,explicit-serialized
FactionChapterDefinitionSO|faction-chapter:beastkin:1,faction-chapter:beastkin:1,choices.1.outcomeText,절반의 비용과 의무를 협상한다,,,explicit-serialized
FactionChapterDefinitionSO|faction-chapter:beastkin:1,faction-chapter:beastkin:1,choices.1.requirements.items.0.itemDefinitionId,food:salted-meat-stew,,,explicit-serialized
FactionChapterDefinitionSO|faction-chapter:beastkin:1,faction-chapter:beastkin:1,choices.1.requirements.items.0.amount,2,,,explicit-serialized
FactionChapterDefinitionSO|faction-chapter:beastkin:1,faction-chapter:beastkin:1,choices.1.requirements.items.0.consume,1,,,explicit-serialized
FactionChapterDefinitionSO|faction-chapter:beastkin:1,faction-chapter:beastkin:1,choices.1.requirements.facilities.0.buildingDefinitionId,,,,explicit-serialized
FactionChapterDefinitionSO|faction-chapter:beastkin:1,faction-chapter:beastkin:1,choices.1.requirements.facilities.0.capabilityId,Administration,,,explicit-serialized
FactionChapterDefinitionSO|faction-chapter:beastkin:1,faction-chapter:beastkin:1,choices.1.requirements.facilities.0.minimumCount,1,,,explicit-serialized
FactionChapterDefinitionSO|faction-chapter:beastkin:1,faction-chapter:beastkin:1,choices.1.requirements.facilities.0.mustBeOperational,1,,,explicit-serialized
FactionChapterDefinitionSO|faction-chapter:beastkin:1,faction-chapter:beastkin:1,choices.1.requirements.research,[],,,explicit-serialized
FactionChapterDefinitionSO|faction-chapter:beastkin:1,faction-chapter:beastkin:1,choices.1.requirements.characters,[],,,explicit-serialized
FactionChapterDefinitionSO|faction-chapter:beastkin:1,faction-chapter:beastkin:1,choices.1.requirements.factions,[],,,explicit-serialized
FactionChapterDefinitionSO|faction-chapter:beastkin:1,faction-chapter:beastkin:1,choices.1.requirements.worldMetrics,[],,,explicit-serialized
FactionChapterDefinitionSO|faction-chapter:beastkin:1,faction-chapter:beastkin:1,choices.1.requirements.requiredFlags,[],,,explicit-serialized
FactionChapterDefinitionSO|faction-chapter:beastkin:1,faction-chapter:beastkin:1,choices.1.requirements.excludedFlags,[],,,explicit-serialized
FactionChapterDefinitionSO|faction-chapter:beastkin:1,faction-chapter:beastkin:1,choices.1.effects.0.kind,6,V20ContentEffectKind,FactionRapport (세력 우호도),explicit-serialized
FactionChapterDefinitionSO|faction-chapter:beastkin:1,faction-chapter:beastkin:1,choices.1.effects.0.targetId,faction:dungeon:beastkin,,,explicit-serialized
FactionChapterDefinitionSO|faction-chapter:beastkin:1,faction-chapter:beastkin:1,choices.1.effects.0.amount,2,,,explicit-serialized
FactionChapterDefinitionSO|faction-chapter:beastkin:1,faction-chapter:beastkin:1,choices.1.effects.0.durationDays,0,,,explicit-serialized
FactionChapterDefinitionSO|faction-chapter:beastkin:1,faction-chapter:beastkin:1,choices.1.effects.1.kind,8,V20ContentEffectKind,FactionObligation (세력 의무),explicit-serialized
FactionChapterDefinitionSO|faction-chapter:beastkin:1,faction-chapter:beastkin:1,choices.1.effects.1.targetId,faction:dungeon:beastkin,,,explicit-serialized
FactionChapterDefinitionSO|faction-chapter:beastkin:1,faction-chapter:beastkin:1,choices.1.effects.1.amount,1,,,explicit-serialized
FactionChapterDefinitionSO|faction-chapter:beastkin:1,faction-chapter:beastkin:1,choices.1.effects.1.durationDays,0,,,explicit-serialized
FactionChapterDefinitionSO|faction-chapter:beastkin:1,faction-chapter:beastkin:1,choices.1.effects.2.kind,13,V20ContentEffectKind,WorkDelayDays (작업 지연),explicit-serialized
FactionChapterDefinitionSO|faction-chapter:beastkin:1,faction-chapter:beastkin:1,choices.1.effects.2.targetId,faction-work:beastkin:1:bargain,,,explicit-serialized
FactionChapterDefinitionSO|faction-chapter:beastkin:1,faction-chapter:beastkin:1,choices.1.effects.2.amount,1,,,explicit-serialized
FactionChapterDefinitionSO|faction-chapter:beastkin:1,faction-chapter:beastkin:1,choices.1.effects.2.durationDays,0,,,explicit-serialized
FactionChapterDefinitionSO|faction-chapter:beastkin:1,faction-chapter:beastkin:1,choices.2.choiceId,refuse,,,explicit-serialized
FactionChapterDefinitionSO|faction-chapter:beastkin:1,faction-chapter:beastkin:1,choices.2.title,거절하고 후속 위험을 감수한다,,,explicit-serialized
FactionChapterDefinitionSO|faction-chapter:beastkin:1,faction-chapter:beastkin:1,choices.2.outcomeText,거절로 물자를 보존하지만 원한과 후속 위협이 남는다.,,,explicit-serialized
FactionChapterDefinitionSO|faction-chapter:beastkin:1,faction-chapter:beastkin:1,choices.2.requirements.items,[],,,explicit-serialized
FactionChapterDefinitionSO|faction-chapter:beastkin:1,faction-chapter:beastkin:1,choices.2.requirements.facilities,[],,,explicit-serialized
FactionChapterDefinitionSO|faction-chapter:beastkin:1,faction-chapter:beastkin:1,choices.2.requirements.research,[],,,explicit-serialized
FactionChapterDefinitionSO|faction-chapter:beastkin:1,faction-chapter:beastkin:1,choices.2.requirements.characters,[],,,explicit-serialized
FactionChapterDefinitionSO|faction-chapter:beastkin:1,faction-chapter:beastkin:1,choices.2.requirements.factions,[],,,explicit-serialized
FactionChapterDefinitionSO|faction-chapter:beastkin:1,faction-chapter:beastkin:1,choices.2.requirements.worldMetrics,[],,,explicit-serialized
FactionChapterDefinitionSO|faction-chapter:beastkin:1,faction-chapter:beastkin:1,choices.2.requirements.requiredFlags,[],,,explicit-serialized
FactionChapterDefinitionSO|faction-chapter:beastkin:1,faction-chapter:beastkin:1,choices.2.requirements.excludedFlags,[],,,explicit-serialized
FactionChapterDefinitionSO|faction-chapter:beastkin:1,faction-chapter:beastkin:1,choices.2.effects.0.kind,7,V20ContentEffectKind,FactionGrievance (세력 원한),explicit-serialized
FactionChapterDefinitionSO|faction-chapter:beastkin:1,faction-chapter:beastkin:1,choices.2.effects.0.targetId,faction:dungeon:beastkin,,,explicit-serialized
FactionChapterDefinitionSO|faction-chapter:beastkin:1,faction-chapter:beastkin:1,choices.2.effects.0.amount,4,,,explicit-serialized
FactionChapterDefinitionSO|faction-chapter:beastkin:1,faction-chapter:beastkin:1,choices.2.effects.0.durationDays,0,,,explicit-serialized
FactionChapterDefinitionSO|faction-chapter:beastkin:1,faction-chapter:beastkin:1,choices.2.effects.1.kind,14,V20ContentEffectKind,Threat (위협),explicit-serialized
FactionChapterDefinitionSO|faction-chapter:beastkin:1,faction-chapter:beastkin:1,choices.2.effects.1.targetId,faction-followup:beastkin:1,,,explicit-serialized
FactionChapterDefinitionSO|faction-chapter:beastkin:1,faction-chapter:beastkin:1,choices.2.effects.1.amount,1,,,explicit-serialized
FactionChapterDefinitionSO|faction-chapter:beastkin:1,faction-chapter:beastkin:1,choices.2.effects.1.durationDays,0,,,explicit-serialized
FactionChapterDefinitionSO|faction-chapter:beastkin:2,faction-chapter:beastkin:2,m_Name,chapter_beastkin_2,,,explicit-serialized
FactionChapterDefinitionSO|faction-chapter:beastkin:2,faction-chapter:beastkin:2,stableId,faction-chapter:beastkin:2,,,explicit-serialized
FactionChapterDefinitionSO|faction-chapter:beastkin:2,faction-chapter:beastkin:2,displayName,비어 가는 사냥터,,,explicit-serialized
FactionChapterDefinitionSO|faction-chapter:beastkin:2,faction-chapter:beastkin:2,description,과도한 사냥으로 먹잇감이 줄고 젊은 무리가 이탈한다.,,,explicit-serialized
FactionChapterDefinitionSO|faction-chapter:beastkin:2,faction-chapter:beastkin:2,authoringRevision,1,,,explicit-serialized
FactionChapterDefinitionSO|faction-chapter:beastkin:2,faction-chapter:beastkin:2,sourceNote,V20 hand-authored faction/service manifest.,,,explicit-serialized
FactionChapterDefinitionSO|faction-chapter:beastkin:2,faction-chapter:beastkin:2,factionId,faction:dungeon:beastkin,,,explicit-serialized
FactionChapterDefinitionSO|faction-chapter:beastkin:2,faction-chapter:beastkin:2,chapterNumber,2,,,explicit-serialized
FactionChapterDefinitionSO|faction-chapter:beastkin:2,faction-chapter:beastkin:2,kind,1,FactionChapterKind,Internal Problem,explicit-serialized
FactionChapterDefinitionSO|faction-chapter:beastkin:2,faction-chapter:beastkin:2,crossFactionId,,,,explicit-serialized
FactionChapterDefinitionSO|faction-chapter:beastkin:2,faction-chapter:beastkin:2,triggerRequirements.items,[],,,explicit-serialized
FactionChapterDefinitionSO|faction-chapter:beastkin:2,faction-chapter:beastkin:2,triggerRequirements.facilities,[],,,explicit-serialized
FactionChapterDefinitionSO|faction-chapter:beastkin:2,faction-chapter:beastkin:2,triggerRequirements.research,[],,,explicit-serialized
FactionChapterDefinitionSO|faction-chapter:beastkin:2,faction-chapter:beastkin:2,triggerRequirements.characters,[],,,explicit-serialized
FactionChapterDefinitionSO|faction-chapter:beastkin:2,faction-chapter:beastkin:2,triggerRequirements.factions.0.factionId,faction:dungeon:beastkin,,,explicit-serialized
FactionChapterDefinitionSO|faction-chapter:beastkin:2,faction-chapter:beastkin:2,triggerRequirements.factions.0.minimumRapport,-100,,,explicit-serialized
FactionChapterDefinitionSO|faction-chapter:beastkin:2,faction-chapter:beastkin:2,triggerRequirements.factions.0.maximumGrievance,100,,,explicit-serialized
FactionChapterDefinitionSO|faction-chapter:beastkin:2,faction-chapter:beastkin:2,triggerRequirements.factions.0.minimumObligationTokens,0,,,explicit-serialized
FactionChapterDefinitionSO|faction-chapter:beastkin:2,faction-chapter:beastkin:2,triggerRequirements.worldMetrics,[],,,explicit-serialized
FactionChapterDefinitionSO|faction-chapter:beastkin:2,faction-chapter:beastkin:2,triggerRequirements.requiredFlags,[],,,explicit-serialized
FactionChapterDefinitionSO|faction-chapter:beastkin:2,faction-chapter:beastkin:2,triggerRequirements.excludedFlags,[],,,explicit-serialized
FactionChapterDefinitionSO|faction-chapter:beastkin:2,faction-chapter:beastkin:2,choices.0.choiceId,support,,,explicit-serialized
FactionChapterDefinitionSO|faction-chapter:beastkin:2,faction-chapter:beastkin:2,choices.0.title,요구를 지원한다,,,explicit-serialized
FactionChapterDefinitionSO|faction-chapter:beastkin:2,faction-chapter:beastkin:2,choices.0.outcomeText,요구를 지원한다,,,explicit-serialized
FactionChapterDefinitionSO|faction-chapter:beastkin:2,faction-chapter:beastkin:2,choices.0.requirements.items.0.itemDefinitionId,medicine:standard,,,explicit-serialized
FactionChapterDefinitionSO|faction-chapter:beastkin:2,faction-chapter:beastkin:2,choices.0.requirements.items.0.amount,5,,,explicit-serialized
FactionChapterDefinitionSO|faction-chapter:beastkin:2,faction-chapter:beastkin:2,choices.0.requirements.items.0.consume,1,,,explicit-serialized
FactionChapterDefinitionSO|faction-chapter:beastkin:2,faction-chapter:beastkin:2,choices.0.requirements.facilities.0.buildingDefinitionId,,,,explicit-serialized
FactionChapterDefinitionSO|faction-chapter:beastkin:2,faction-chapter:beastkin:2,choices.0.requirements.facilities.0.capabilityId,Medical,,,explicit-serialized
FactionChapterDefinitionSO|faction-chapter:beastkin:2,faction-chapter:beastkin:2,choices.0.requirements.facilities.0.minimumCount,1,,,explicit-serialized
FactionChapterDefinitionSO|faction-chapter:beastkin:2,faction-chapter:beastkin:2,choices.0.requirements.facilities.0.mustBeOperational,1,,,explicit-serialized
FactionChapterDefinitionSO|faction-chapter:beastkin:2,faction-chapter:beastkin:2,choices.0.requirements.research,[],,,explicit-serialized
FactionChapterDefinitionSO|faction-chapter:beastkin:2,faction-chapter:beastkin:2,choices.0.requirements.characters,[],,,explicit-serialized
FactionChapterDefinitionSO|faction-chapter:beastkin:2,faction-chapter:beastkin:2,choices.0.requirements.factions,[],,,explicit-serialized
FactionChapterDefinitionSO|faction-chapter:beastkin:2,faction-chapter:beastkin:2,choices.0.requirements.worldMetrics,[],,,explicit-serialized
FactionChapterDefinitionSO|faction-chapter:beastkin:2,faction-chapter:beastkin:2,choices.0.requirements.requiredFlags,[],,,explicit-serialized
FactionChapterDefinitionSO|faction-chapter:beastkin:2,faction-chapter:beastkin:2,choices.0.requirements.excludedFlags,[],,,explicit-serialized
FactionChapterDefinitionSO|faction-chapter:beastkin:2,faction-chapter:beastkin:2,choices.0.effects.0.kind,6,V20ContentEffectKind,FactionRapport (세력 우호도),explicit-serialized
FactionChapterDefinitionSO|faction-chapter:beastkin:2,faction-chapter:beastkin:2,choices.0.effects.0.targetId,faction:dungeon:beastkin,,,explicit-serialized
FactionChapterDefinitionSO|faction-chapter:beastkin:2,faction-chapter:beastkin:2,choices.0.effects.0.amount,7,,,explicit-serialized
FactionChapterDefinitionSO|faction-chapter:beastkin:2,faction-chapter:beastkin:2,choices.0.effects.0.durationDays,0,,,explicit-serialized
FactionChapterDefinitionSO|faction-chapter:beastkin:2,faction-chapter:beastkin:2,choices.0.effects.1.kind,13,V20ContentEffectKind,WorkDelayDays (작업 지연),explicit-serialized
FactionChapterDefinitionSO|faction-chapter:beastkin:2,faction-chapter:beastkin:2,choices.0.effects.1.targetId,faction-work:beastkin:2,,,explicit-serialized
FactionChapterDefinitionSO|faction-chapter:beastkin:2,faction-chapter:beastkin:2,choices.0.effects.1.amount,3,,,explicit-serialized
FactionChapterDefinitionSO|faction-chapter:beastkin:2,faction-chapter:beastkin:2,choices.0.effects.1.durationDays,0,,,explicit-serialized
FactionChapterDefinitionSO|faction-chapter:beastkin:2,faction-chapter:beastkin:2,choices.1.choiceId,bargain,,,explicit-serialized
FactionChapterDefinitionSO|faction-chapter:beastkin:2,faction-chapter:beastkin:2,choices.1.title,절반의 비용과 의무를 협상한다,,,explicit-serialized
FactionChapterDefinitionSO|faction-chapter:beastkin:2,faction-chapter:beastkin:2,choices.1.outcomeText,절반의 비용과 의무를 협상한다,,,explicit-serialized
FactionChapterDefinitionSO|faction-chapter:beastkin:2,faction-chapter:beastkin:2,choices.1.requirements.items.0.itemDefinitionId,medicine:standard,,,explicit-serialized
FactionChapterDefinitionSO|faction-chapter:beastkin:2,faction-chapter:beastkin:2,choices.1.requirements.items.0.amount,3,,,explicit-serialized
FactionChapterDefinitionSO|faction-chapter:beastkin:2,faction-chapter:beastkin:2,choices.1.requirements.items.0.consume,1,,,explicit-serialized
FactionChapterDefinitionSO|faction-chapter:beastkin:2,faction-chapter:beastkin:2,choices.1.requirements.facilities.0.buildingDefinitionId,,,,explicit-serialized
FactionChapterDefinitionSO|faction-chapter:beastkin:2,faction-chapter:beastkin:2,choices.1.requirements.facilities.0.capabilityId,Medical,,,explicit-serialized
FactionChapterDefinitionSO|faction-chapter:beastkin:2,faction-chapter:beastkin:2,choices.1.requirements.facilities.0.minimumCount,1,,,explicit-serialized
FactionChapterDefinitionSO|faction-chapter:beastkin:2,faction-chapter:beastkin:2,choices.1.requirements.facilities.0.mustBeOperational,1,,,explicit-serialized
FactionChapterDefinitionSO|faction-chapter:beastkin:2,faction-chapter:beastkin:2,choices.1.requirements.research,[],,,explicit-serialized
FactionChapterDefinitionSO|faction-chapter:beastkin:2,faction-chapter:beastkin:2,choices.1.requirements.characters,[],,,explicit-serialized
FactionChapterDefinitionSO|faction-chapter:beastkin:2,faction-chapter:beastkin:2,choices.1.requirements.factions,[],,,explicit-serialized
FactionChapterDefinitionSO|faction-chapter:beastkin:2,faction-chapter:beastkin:2,choices.1.requirements.worldMetrics,[],,,explicit-serialized
FactionChapterDefinitionSO|faction-chapter:beastkin:2,faction-chapter:beastkin:2,choices.1.requirements.requiredFlags,[],,,explicit-serialized
FactionChapterDefinitionSO|faction-chapter:beastkin:2,faction-chapter:beastkin:2,choices.1.requirements.excludedFlags,[],,,explicit-serialized
FactionChapterDefinitionSO|faction-chapter:beastkin:2,faction-chapter:beastkin:2,choices.1.effects.0.kind,6,V20ContentEffectKind,FactionRapport (세력 우호도),explicit-serialized
FactionChapterDefinitionSO|faction-chapter:beastkin:2,faction-chapter:beastkin:2,choices.1.effects.0.targetId,faction:dungeon:beastkin,,,explicit-serialized
FactionChapterDefinitionSO|faction-chapter:beastkin:2,faction-chapter:beastkin:2,choices.1.effects.0.amount,3,,,explicit-serialized
FactionChapterDefinitionSO|faction-chapter:beastkin:2,faction-chapter:beastkin:2,choices.1.effects.0.durationDays,0,,,explicit-serialized
FactionChapterDefinitionSO|faction-chapter:beastkin:2,faction-chapter:beastkin:2,choices.1.effects.1.kind,8,V20ContentEffectKind,FactionObligation (세력 의무),explicit-serialized
FactionChapterDefinitionSO|faction-chapter:beastkin:2,faction-chapter:beastkin:2,choices.1.effects.1.targetId,faction:dungeon:beastkin,,,explicit-serialized
FactionChapterDefinitionSO|faction-chapter:beastkin:2,faction-chapter:beastkin:2,choices.1.effects.1.amount,1,,,explicit-serialized
FactionChapterDefinitionSO|faction-chapter:beastkin:2,faction-chapter:beastkin:2,choices.1.effects.1.durationDays,0,,,explicit-serialized
FactionChapterDefinitionSO|faction-chapter:beastkin:2,faction-chapter:beastkin:2,choices.1.effects.2.kind,13,V20ContentEffectKind,WorkDelayDays (작업 지연),explicit-serialized
FactionChapterDefinitionSO|faction-chapter:beastkin:2,faction-chapter:beastkin:2,choices.1.effects.2.targetId,faction-work:beastkin:2:bargain,,,explicit-serialized
FactionChapterDefinitionSO|faction-chapter:beastkin:2,faction-chapter:beastkin:2,choices.1.effects.2.amount,1,,,explicit-serialized
FactionChapterDefinitionSO|faction-chapter:beastkin:2,faction-chapter:beastkin:2,choices.1.effects.2.durationDays,0,,,explicit-serialized
FactionChapterDefinitionSO|faction-chapter:beastkin:2,faction-chapter:beastkin:2,choices.2.choiceId,refuse,,,explicit-serialized
FactionChapterDefinitionSO|faction-chapter:beastkin:2,faction-chapter:beastkin:2,choices.2.title,거절하고 후속 위험을 감수한다,,,explicit-serialized
FactionChapterDefinitionSO|faction-chapter:beastkin:2,faction-chapter:beastkin:2,choices.2.outcomeText,거절로 물자를 보존하지만 원한과 후속 위협이 남는다.,,,explicit-serialized
FactionChapterDefinitionSO|faction-chapter:beastkin:2,faction-chapter:beastkin:2,choices.2.requirements.items,[],,,explicit-serialized
FactionChapterDefinitionSO|faction-chapter:beastkin:2,faction-chapter:beastkin:2,choices.2.requirements.facilities,[],,,explicit-serialized
FactionChapterDefinitionSO|faction-chapter:beastkin:2,faction-chapter:beastkin:2,choices.2.requirements.research,[],,,explicit-serialized
FactionChapterDefinitionSO|faction-chapter:beastkin:2,faction-chapter:beastkin:2,choices.2.requirements.characters,[],,,explicit-serialized
FactionChapterDefinitionSO|faction-chapter:beastkin:2,faction-chapter:beastkin:2,choices.2.requirements.factions,[],,,explicit-serialized
FactionChapterDefinitionSO|faction-chapter:beastkin:2,faction-chapter:beastkin:2,choices.2.requirements.worldMetrics,[],,,explicit-serialized
FactionChapterDefinitionSO|faction-chapter:beastkin:2,faction-chapter:beastkin:2,choices.2.requirements.requiredFlags,[],,,explicit-serialized
FactionChapterDefinitionSO|faction-chapter:beastkin:2,faction-chapter:beastkin:2,choices.2.requirements.excludedFlags,[],,,explicit-serialized
FactionChapterDefinitionSO|faction-chapter:beastkin:2,faction-chapter:beastkin:2,choices.2.effects.0.kind,7,V20ContentEffectKind,FactionGrievance (세력 원한),explicit-serialized
FactionChapterDefinitionSO|faction-chapter:beastkin:2,faction-chapter:beastkin:2,choices.2.effects.0.targetId,faction:dungeon:beastkin,,,explicit-serialized
FactionChapterDefinitionSO|faction-chapter:beastkin:2,faction-chapter:beastkin:2,choices.2.effects.0.amount,5,,,explicit-serialized
FactionChapterDefinitionSO|faction-chapter:beastkin:2,faction-chapter:beastkin:2,choices.2.effects.0.durationDays,0,,,explicit-serialized
FactionChapterDefinitionSO|faction-chapter:beastkin:2,faction-chapter:beastkin:2,choices.2.effects.1.kind,14,V20ContentEffectKind,Threat (위협),explicit-serialized
FactionChapterDefinitionSO|faction-chapter:beastkin:2,faction-chapter:beastkin:2,choices.2.effects.1.targetId,faction-followup:beastkin:2,,,explicit-serialized
FactionChapterDefinitionSO|faction-chapter:beastkin:2,faction-chapter:beastkin:2,choices.2.effects.1.amount,1,,,explicit-serialized
FactionChapterDefinitionSO|faction-chapter:beastkin:2,faction-chapter:beastkin:2,choices.2.effects.1.durationDays,0,,,explicit-serialized
FactionChapterDefinitionSO|faction-chapter:beastkin:3,faction-chapter:beastkin:3,m_Name,chapter_beastkin_3,,,explicit-serialized
FactionChapterDefinitionSO|faction-chapter:beastkin:3,faction-chapter:beastkin:3,stableId,faction-chapter:beastkin:3,,,explicit-serialized
FactionChapterDefinitionSO|faction-chapter:beastkin:3,faction-chapter:beastkin:3,displayName,재의 계약 사냥꾼,,,explicit-serialized
FactionChapterDefinitionSO|faction-chapter:beastkin:3,faction-chapter:beastkin:3,description,악마 계약단이 같은 사냥터의 포획권을 주장한다.,,,explicit-serialized
FactionChapterDefinitionSO|faction-chapter:beastkin:3,faction-chapter:beastkin:3,authoringRevision,1,,,explicit-serialized
FactionChapterDefinitionSO|faction-chapter:beastkin:3,faction-chapter:beastkin:3,sourceNote,V20 hand-authored faction/service manifest.,,,explicit-serialized
FactionChapterDefinitionSO|faction-chapter:beastkin:3,faction-chapter:beastkin:3,factionId,faction:dungeon:beastkin,,,explicit-serialized
FactionChapterDefinitionSO|faction-chapter:beastkin:3,faction-chapter:beastkin:3,chapterNumber,3,,,explicit-serialized
FactionChapterDefinitionSO|faction-chapter:beastkin:3,faction-chapter:beastkin:3,kind,2,FactionChapterKind,Rival Conflict,explicit-serialized
FactionChapterDefinitionSO|faction-chapter:beastkin:3,faction-chapter:beastkin:3,crossFactionId,faction:dungeon:demon,,,explicit-serialized
FactionChapterDefinitionSO|faction-chapter:beastkin:3,faction-chapter:beastkin:3,triggerRequirements.items,[],,,explicit-serialized
FactionChapterDefinitionSO|faction-chapter:beastkin:3,faction-chapter:beastkin:3,triggerRequirements.facilities,[],,,explicit-serialized
FactionChapterDefinitionSO|faction-chapter:beastkin:3,faction-chapter:beastkin:3,triggerRequirements.research,[],,,explicit-serialized
FactionChapterDefinitionSO|faction-chapter:beastkin:3,faction-chapter:beastkin:3,triggerRequirements.characters,[],,,explicit-serialized
FactionChapterDefinitionSO|faction-chapter:beastkin:3,faction-chapter:beastkin:3,triggerRequirements.factions.0.factionId,faction:dungeon:beastkin,,,explicit-serialized
FactionChapterDefinitionSO|faction-chapter:beastkin:3,faction-chapter:beastkin:3,triggerRequirements.factions.0.minimumRapport,-100,,,explicit-serialized
FactionChapterDefinitionSO|faction-chapter:beastkin:3,faction-chapter:beastkin:3,triggerRequirements.factions.0.maximumGrievance,100,,,explicit-serialized
FactionChapterDefinitionSO|faction-chapter:beastkin:3,faction-chapter:beastkin:3,triggerRequirements.factions.0.minimumObligationTokens,0,,,explicit-serialized
FactionChapterDefinitionSO|faction-chapter:beastkin:3,faction-chapter:beastkin:3,triggerRequirements.worldMetrics,[],,,explicit-serialized
FactionChapterDefinitionSO|faction-chapter:beastkin:3,faction-chapter:beastkin:3,triggerRequirements.requiredFlags,[],,,explicit-serialized
FactionChapterDefinitionSO|faction-chapter:beastkin:3,faction-chapter:beastkin:3,triggerRequirements.excludedFlags,[],,,explicit-serialized
FactionChapterDefinitionSO|faction-chapter:beastkin:3,faction-chapter:beastkin:3,choices.0.choiceId,support,,,explicit-serialized
FactionChapterDefinitionSO|faction-chapter:beastkin:3,faction-chapter:beastkin:3,choices.0.title,요구를 지원한다,,,explicit-serialized
FactionChapterDefinitionSO|faction-chapter:beastkin:3,faction-chapter:beastkin:3,choices.0.outcomeText,요구를 지원한다,,,explicit-serialized
FactionChapterDefinitionSO|faction-chapter:beastkin:3,faction-chapter:beastkin:3,choices.0.requirements.items.0.itemDefinitionId,equipment-item:shield:tower,,,explicit-serialized
FactionChapterDefinitionSO|faction-chapter:beastkin:3,faction-chapter:beastkin:3,choices.0.requirements.items.0.amount,6,,,explicit-serialized
FactionChapterDefinitionSO|faction-chapter:beastkin:3,faction-chapter:beastkin:3,choices.0.requirements.items.0.consume,1,,,explicit-serialized
FactionChapterDefinitionSO|faction-chapter:beastkin:3,faction-chapter:beastkin:3,choices.0.requirements.facilities.0.buildingDefinitionId,,,,explicit-serialized
FactionChapterDefinitionSO|faction-chapter:beastkin:3,faction-chapter:beastkin:3,choices.0.requirements.facilities.0.capabilityId,Security,,,explicit-serialized
FactionChapterDefinitionSO|faction-chapter:beastkin:3,faction-chapter:beastkin:3,choices.0.requirements.facilities.0.minimumCount,1,,,explicit-serialized
FactionChapterDefinitionSO|faction-chapter:beastkin:3,faction-chapter:beastkin:3,choices.0.requirements.facilities.0.mustBeOperational,1,,,explicit-serialized
FactionChapterDefinitionSO|faction-chapter:beastkin:3,faction-chapter:beastkin:3,choices.0.requirements.research,[],,,explicit-serialized
FactionChapterDefinitionSO|faction-chapter:beastkin:3,faction-chapter:beastkin:3,choices.0.requirements.characters,[],,,explicit-serialized
FactionChapterDefinitionSO|faction-chapter:beastkin:3,faction-chapter:beastkin:3,choices.0.requirements.factions,[],,,explicit-serialized
FactionChapterDefinitionSO|faction-chapter:beastkin:3,faction-chapter:beastkin:3,choices.0.requirements.worldMetrics,[],,,explicit-serialized
FactionChapterDefinitionSO|faction-chapter:beastkin:3,faction-chapter:beastkin:3,choices.0.requirements.requiredFlags,[],,,explicit-serialized
FactionChapterDefinitionSO|faction-chapter:beastkin:3,faction-chapter:beastkin:3,choices.0.requirements.excludedFlags,[],,,explicit-serialized
FactionChapterDefinitionSO|faction-chapter:beastkin:3,faction-chapter:beastkin:3,choices.0.effects.0.kind,6,V20ContentEffectKind,FactionRapport (세력 우호도),explicit-serialized
FactionChapterDefinitionSO|faction-chapter:beastkin:3,faction-chapter:beastkin:3,choices.0.effects.0.targetId,faction:dungeon:beastkin,,,explicit-serialized
FactionChapterDefinitionSO|faction-chapter:beastkin:3,faction-chapter:beastkin:3,choices.0.effects.0.amount,8,,,explicit-serialized
FactionChapterDefinitionSO|faction-chapter:beastkin:3,faction-chapter:beastkin:3,choices.0.effects.0.durationDays,0,,,explicit-serialized
FactionChapterDefinitionSO|faction-chapter:beastkin:3,faction-chapter:beastkin:3,choices.0.effects.1.kind,13,V20ContentEffectKind,WorkDelayDays (작업 지연),explicit-serialized
FactionChapterDefinitionSO|faction-chapter:beastkin:3,faction-chapter:beastkin:3,choices.0.effects.1.targetId,faction-work:beastkin:3,,,explicit-serialized
FactionChapterDefinitionSO|faction-chapter:beastkin:3,faction-chapter:beastkin:3,choices.0.effects.1.amount,1,,,explicit-serialized
FactionChapterDefinitionSO|faction-chapter:beastkin:3,faction-chapter:beastkin:3,choices.0.effects.1.durationDays,0,,,explicit-serialized
FactionChapterDefinitionSO|faction-chapter:beastkin:3,faction-chapter:beastkin:3,choices.0.effects.2.kind,7,V20ContentEffectKind,FactionGrievance (세력 원한),explicit-serialized
FactionChapterDefinitionSO|faction-chapter:beastkin:3,faction-chapter:beastkin:3,choices.0.effects.2.targetId,faction:dungeon:demon,,,explicit-serialized
FactionChapterDefinitionSO|faction-chapter:beastkin:3,faction-chapter:beastkin:3,choices.0.effects.2.amount,3,,,explicit-serialized
FactionChapterDefinitionSO|faction-chapter:beastkin:3,faction-chapter:beastkin:3,choices.0.effects.2.durationDays,0,,,explicit-serialized
FactionChapterDefinitionSO|faction-chapter:beastkin:3,faction-chapter:beastkin:3,choices.1.choiceId,bargain,,,explicit-serialized
FactionChapterDefinitionSO|faction-chapter:beastkin:3,faction-chapter:beastkin:3,choices.1.title,절반의 비용과 의무를 협상한다,,,explicit-serialized
FactionChapterDefinitionSO|faction-chapter:beastkin:3,faction-chapter:beastkin:3,choices.1.outcomeText,절반의 비용과 의무를 협상한다,,,explicit-serialized
FactionChapterDefinitionSO|faction-chapter:beastkin:3,faction-chapter:beastkin:3,choices.1.requirements.items.0.itemDefinitionId,equipment-item:shield:tower,,,explicit-serialized
FactionChapterDefinitionSO|faction-chapter:beastkin:3,faction-chapter:beastkin:3,choices.1.requirements.items.0.amount,3,,,explicit-serialized
FactionChapterDefinitionSO|faction-chapter:beastkin:3,faction-chapter:beastkin:3,choices.1.requirements.items.0.consume,1,,,explicit-serialized
FactionChapterDefinitionSO|faction-chapter:beastkin:3,faction-chapter:beastkin:3,choices.1.requirements.facilities.0.buildingDefinitionId,,,,explicit-serialized
FactionChapterDefinitionSO|faction-chapter:beastkin:3,faction-chapter:beastkin:3,choices.1.requirements.facilities.0.capabilityId,Security,,,explicit-serialized
FactionChapterDefinitionSO|faction-chapter:beastkin:3,faction-chapter:beastkin:3,choices.1.requirements.facilities.0.minimumCount,1,,,explicit-serialized
FactionChapterDefinitionSO|faction-chapter:beastkin:3,faction-chapter:beastkin:3,choices.1.requirements.facilities.0.mustBeOperational,1,,,explicit-serialized
FactionChapterDefinitionSO|faction-chapter:beastkin:3,faction-chapter:beastkin:3,choices.1.requirements.research,[],,,explicit-serialized
FactionChapterDefinitionSO|faction-chapter:beastkin:3,faction-chapter:beastkin:3,choices.1.requirements.characters,[],,,explicit-serialized
FactionChapterDefinitionSO|faction-chapter:beastkin:3,faction-chapter:beastkin:3,choices.1.requirements.factions,[],,,explicit-serialized
FactionChapterDefinitionSO|faction-chapter:beastkin:3,faction-chapter:beastkin:3,choices.1.requirements.worldMetrics,[],,,explicit-serialized
FactionChapterDefinitionSO|faction-chapter:beastkin:3,faction-chapter:beastkin:3,choices.1.requirements.requiredFlags,[],,,explicit-serialized
FactionChapterDefinitionSO|faction-chapter:beastkin:3,faction-chapter:beastkin:3,choices.1.requirements.excludedFlags,[],,,explicit-serialized
FactionChapterDefinitionSO|faction-chapter:beastkin:3,faction-chapter:beastkin:3,choices.1.effects.0.kind,6,V20ContentEffectKind,FactionRapport (세력 우호도),explicit-serialized
FactionChapterDefinitionSO|faction-chapter:beastkin:3,faction-chapter:beastkin:3,choices.1.effects.0.targetId,faction:dungeon:beastkin,,,explicit-serialized
FactionChapterDefinitionSO|faction-chapter:beastkin:3,faction-chapter:beastkin:3,choices.1.effects.0.amount,3,,,explicit-serialized
FactionChapterDefinitionSO|faction-chapter:beastkin:3,faction-chapter:beastkin:3,choices.1.effects.0.durationDays,0,,,explicit-serialized
FactionChapterDefinitionSO|faction-chapter:beastkin:3,faction-chapter:beastkin:3,choices.1.effects.1.kind,8,V20ContentEffectKind,FactionObligation (세력 의무),explicit-serialized
FactionChapterDefinitionSO|faction-chapter:beastkin:3,faction-chapter:beastkin:3,choices.1.effects.1.targetId,faction:dungeon:beastkin,,,explicit-serialized
FactionChapterDefinitionSO|faction-chapter:beastkin:3,faction-chapter:beastkin:3,choices.1.effects.1.amount,1,,,explicit-serialized
FactionChapterDefinitionSO|faction-chapter:beastkin:3,faction-chapter:beastkin:3,choices.1.effects.1.durationDays,0,,,explicit-serialized
FactionChapterDefinitionSO|faction-chapter:beastkin:3,faction-chapter:beastkin:3,choices.1.effects.2.kind,13,V20ContentEffectKind,WorkDelayDays (작업 지연),explicit-serialized
FactionChapterDefinitionSO|faction-chapter:beastkin:3,faction-chapter:beastkin:3,choices.1.effects.2.targetId,faction-work:beastkin:3:bargain,,,explicit-serialized
FactionChapterDefinitionSO|faction-chapter:beastkin:3,faction-chapter:beastkin:3,choices.1.effects.2.amount,1,,,explicit-serialized
FactionChapterDefinitionSO|faction-chapter:beastkin:3,faction-chapter:beastkin:3,choices.1.effects.2.durationDays,0,,,explicit-serialized
FactionChapterDefinitionSO|faction-chapter:beastkin:3,faction-chapter:beastkin:3,choices.1.effects.3.kind,6,V20ContentEffectKind,FactionRapport (세력 우호도),explicit-serialized
FactionChapterDefinitionSO|faction-chapter:beastkin:3,faction-chapter:beastkin:3,choices.1.effects.3.targetId,faction:dungeon:demon,,,explicit-serialized
FactionChapterDefinitionSO|faction-chapter:beastkin:3,faction-chapter:beastkin:3,choices.1.effects.3.amount,1,,,explicit-serialized
FactionChapterDefinitionSO|faction-chapter:beastkin:3,faction-chapter:beastkin:3,choices.1.effects.3.durationDays,0,,,explicit-serialized
FactionChapterDefinitionSO|faction-chapter:beastkin:3,faction-chapter:beastkin:3,choices.2.choiceId,refuse,,,explicit-serialized
FactionChapterDefinitionSO|faction-chapter:beastkin:3,faction-chapter:beastkin:3,choices.2.title,거절하고 후속 위험을 감수한다,,,explicit-serialized
FactionChapterDefinitionSO|faction-chapter:beastkin:3,faction-chapter:beastkin:3,choices.2.outcomeText,거절로 물자를 보존하지만 원한과 후속 위협이 남는다.,,,explicit-serialized
FactionChapterDefinitionSO|faction-chapter:beastkin:3,faction-chapter:beastkin:3,choices.2.requirements.items,[],,,explicit-serialized
FactionChapterDefinitionSO|faction-chapter:beastkin:3,faction-chapter:beastkin:3,choices.2.requirements.facilities,[],,,explicit-serialized
FactionChapterDefinitionSO|faction-chapter:beastkin:3,faction-chapter:beastkin:3,choices.2.requirements.research,[],,,explicit-serialized
FactionChapterDefinitionSO|faction-chapter:beastkin:3,faction-chapter:beastkin:3,choices.2.requirements.characters,[],,,explicit-serialized
FactionChapterDefinitionSO|faction-chapter:beastkin:3,faction-chapter:beastkin:3,choices.2.requirements.factions,[],,,explicit-serialized
FactionChapterDefinitionSO|faction-chapter:beastkin:3,faction-chapter:beastkin:3,choices.2.requirements.worldMetrics,[],,,explicit-serialized
FactionChapterDefinitionSO|faction-chapter:beastkin:3,faction-chapter:beastkin:3,choices.2.requirements.requiredFlags,[],,,explicit-serialized
FactionChapterDefinitionSO|faction-chapter:beastkin:3,faction-chapter:beastkin:3,choices.2.requirements.excludedFlags,[],,,explicit-serialized
FactionChapterDefinitionSO|faction-chapter:beastkin:3,faction-chapter:beastkin:3,choices.2.effects.0.kind,7,V20ContentEffectKind,FactionGrievance (세력 원한),explicit-serialized
FactionChapterDefinitionSO|faction-chapter:beastkin:3,faction-chapter:beastkin:3,choices.2.effects.0.targetId,faction:dungeon:beastkin,,,explicit-serialized
FactionChapterDefinitionSO|faction-chapter:beastkin:3,faction-chapter:beastkin:3,choices.2.effects.0.amount,6,,,explicit-serialized
FactionChapterDefinitionSO|faction-chapter:beastkin:3,faction-chapter:beastkin:3,choices.2.effects.0.durationDays,0,,,explicit-serialized
FactionChapterDefinitionSO|faction-chapter:beastkin:3,faction-chapter:beastkin:3,choices.2.effects.1.kind,14,V20ContentEffectKind,Threat (위협),explicit-serialized
FactionChapterDefinitionSO|faction-chapter:beastkin:3,faction-chapter:beastkin:3,choices.2.effects.1.targetId,faction-followup:beastkin:3,,,explicit-serialized
FactionChapterDefinitionSO|faction-chapter:beastkin:3,faction-chapter:beastkin:3,choices.2.effects.1.amount,1,,,explicit-serialized
FactionChapterDefinitionSO|faction-chapter:beastkin:3,faction-chapter:beastkin:3,choices.2.effects.1.durationDays,0,,,explicit-serialized
FactionChapterDefinitionSO|faction-chapter:beastkin:3,faction-chapter:beastkin:3,choices.2.effects.2.kind,6,V20ContentEffectKind,FactionRapport (세력 우호도),explicit-serialized
FactionChapterDefinitionSO|faction-chapter:beastkin:3,faction-chapter:beastkin:3,choices.2.effects.2.targetId,faction:dungeon:demon,,,explicit-serialized
FactionChapterDefinitionSO|faction-chapter:beastkin:3,faction-chapter:beastkin:3,choices.2.effects.2.amount,2,,,explicit-serialized
FactionChapterDefinitionSO|faction-chapter:beastkin:3,faction-chapter:beastkin:3,choices.2.effects.2.durationDays,0,,,explicit-serialized
FactionChapterDefinitionSO|faction-chapter:beastkin:4,faction-chapter:beastkin:4,m_Name,chapter_beastkin_4,,,explicit-serialized
FactionChapterDefinitionSO|faction-chapter:beastkin:4,faction-chapter:beastkin:4,stableId,faction-chapter:beastkin:4,,,explicit-serialized
FactionChapterDefinitionSO|faction-chapter:beastkin:4,faction-chapter:beastkin:4,displayName,누구의 무리인가,,,explicit-serialized
FactionChapterDefinitionSO|faction-chapter:beastkin:4,faction-chapter:beastkin:4,description,"던전은 보존 사육, 공동 사냥, 무기 지원 중 개입 방식을 정한다.",,,explicit-serialized
FactionChapterDefinitionSO|faction-chapter:beastkin:4,faction-chapter:beastkin:4,authoringRevision,1,,,explicit-serialized
FactionChapterDefinitionSO|faction-chapter:beastkin:4,faction-chapter:beastkin:4,sourceNote,V20 hand-authored faction/service manifest.,,,explicit-serialized
FactionChapterDefinitionSO|faction-chapter:beastkin:4,faction-chapter:beastkin:4,factionId,faction:dungeon:beastkin,,,explicit-serialized
FactionChapterDefinitionSO|faction-chapter:beastkin:4,faction-chapter:beastkin:4,chapterNumber,4,,,explicit-serialized
FactionChapterDefinitionSO|faction-chapter:beastkin:4,faction-chapter:beastkin:4,kind,3,FactionChapterKind,Intervention,explicit-serialized
FactionChapterDefinitionSO|faction-chapter:beastkin:4,faction-chapter:beastkin:4,crossFactionId,,,,explicit-serialized
FactionChapterDefinitionSO|faction-chapter:beastkin:4,faction-chapter:beastkin:4,triggerRequirements.items,[],,,explicit-serialized
FactionChapterDefinitionSO|faction-chapter:beastkin:4,faction-chapter:beastkin:4,triggerRequirements.facilities,[],,,explicit-serialized
FactionChapterDefinitionSO|faction-chapter:beastkin:4,faction-chapter:beastkin:4,triggerRequirements.research,[],,,explicit-serialized
FactionChapterDefinitionSO|faction-chapter:beastkin:4,faction-chapter:beastkin:4,triggerRequirements.characters,[],,,explicit-serialized
FactionChapterDefinitionSO|faction-chapter:beastkin:4,faction-chapter:beastkin:4,triggerRequirements.factions.0.factionId,faction:dungeon:beastkin,,,explicit-serialized
FactionChapterDefinitionSO|faction-chapter:beastkin:4,faction-chapter:beastkin:4,triggerRequirements.factions.0.minimumRapport,-100,,,explicit-serialized
FactionChapterDefinitionSO|faction-chapter:beastkin:4,faction-chapter:beastkin:4,triggerRequirements.factions.0.maximumGrievance,100,,,explicit-serialized
FactionChapterDefinitionSO|faction-chapter:beastkin:4,faction-chapter:beastkin:4,triggerRequirements.factions.0.minimumObligationTokens,0,,,explicit-serialized
FactionChapterDefinitionSO|faction-chapter:beastkin:4,faction-chapter:beastkin:4,triggerRequirements.worldMetrics,[],,,explicit-serialized
FactionChapterDefinitionSO|faction-chapter:beastkin:4,faction-chapter:beastkin:4,triggerRequirements.requiredFlags,[],,,explicit-serialized
FactionChapterDefinitionSO|faction-chapter:beastkin:4,faction-chapter:beastkin:4,triggerRequirements.excludedFlags,[],,,explicit-serialized
FactionChapterDefinitionSO|faction-chapter:beastkin:4,faction-chapter:beastkin:4,choices.0.choiceId,support,,,explicit-serialized
FactionChapterDefinitionSO|faction-chapter:beastkin:4,faction-chapter:beastkin:4,choices.0.title,요구를 지원한다,,,explicit-serialized
FactionChapterDefinitionSO|faction-chapter:beastkin:4,faction-chapter:beastkin:4,choices.0.outcomeText,요구를 지원한다,,,explicit-serialized
FactionChapterDefinitionSO|faction-chapter:beastkin:4,faction-chapter:beastkin:4,choices.0.requirements.items.0.itemDefinitionId,food:salted-meat-stew,,,explicit-serialized
FactionChapterDefinitionSO|faction-chapter:beastkin:4,faction-chapter:beastkin:4,choices.0.requirements.items.0.amount,7,,,explicit-serialized
FactionChapterDefinitionSO|faction-chapter:beastkin:4,faction-chapter:beastkin:4,choices.0.requirements.items.0.consume,1,,,explicit-serialized
FactionChapterDefinitionSO|faction-chapter:beastkin:4,faction-chapter:beastkin:4,choices.0.requirements.facilities.0.buildingDefinitionId,,,,explicit-serialized
FactionChapterDefinitionSO|faction-chapter:beastkin:4,faction-chapter:beastkin:4,choices.0.requirements.facilities.0.capabilityId,Administration,,,explicit-serialized
FactionChapterDefinitionSO|faction-chapter:beastkin:4,faction-chapter:beastkin:4,choices.0.requirements.facilities.0.minimumCount,1,,,explicit-serialized
FactionChapterDefinitionSO|faction-chapter:beastkin:4,faction-chapter:beastkin:4,choices.0.requirements.facilities.0.mustBeOperational,1,,,explicit-serialized
FactionChapterDefinitionSO|faction-chapter:beastkin:4,faction-chapter:beastkin:4,choices.0.requirements.research,[],,,explicit-serialized
FactionChapterDefinitionSO|faction-chapter:beastkin:4,faction-chapter:beastkin:4,choices.0.requirements.characters,[],,,explicit-serialized
FactionChapterDefinitionSO|faction-chapter:beastkin:4,faction-chapter:beastkin:4,choices.0.requirements.factions,[],,,explicit-serialized
FactionChapterDefinitionSO|faction-chapter:beastkin:4,faction-chapter:beastkin:4,choices.0.requirements.worldMetrics,[],,,explicit-serialized
FactionChapterDefinitionSO|faction-chapter:beastkin:4,faction-chapter:beastkin:4,choices.0.requirements.requiredFlags,[],,,explicit-serialized
FactionChapterDefinitionSO|faction-chapter:beastkin:4,faction-chapter:beastkin:4,choices.0.requirements.excludedFlags,[],,,explicit-serialized
FactionChapterDefinitionSO|faction-chapter:beastkin:4,faction-chapter:beastkin:4,choices.0.effects.0.kind,6,V20ContentEffectKind,FactionRapport (세력 우호도),explicit-serialized
FactionChapterDefinitionSO|faction-chapter:beastkin:4,faction-chapter:beastkin:4,choices.0.effects.0.targetId,faction:dungeon:beastkin,,,explicit-serialized
FactionChapterDefinitionSO|faction-chapter:beastkin:4,faction-chapter:beastkin:4,choices.0.effects.0.amount,9,,,explicit-serialized
FactionChapterDefinitionSO|faction-chapter:beastkin:4,faction-chapter:beastkin:4,choices.0.effects.0.durationDays,0,,,explicit-serialized
FactionChapterDefinitionSO|faction-chapter:beastkin:4,faction-chapter:beastkin:4,choices.0.effects.1.kind,13,V20ContentEffectKind,WorkDelayDays (작업 지연),explicit-serialized
FactionChapterDefinitionSO|faction-chapter:beastkin:4,faction-chapter:beastkin:4,choices.0.effects.1.targetId,faction-work:beastkin:4,,,explicit-serialized
FactionChapterDefinitionSO|faction-chapter:beastkin:4,faction-chapter:beastkin:4,choices.0.effects.1.amount,2,,,explicit-serialized
FactionChapterDefinitionSO|faction-chapter:beastkin:4,faction-chapter:beastkin:4,choices.0.effects.1.durationDays,0,,,explicit-serialized
FactionChapterDefinitionSO|faction-chapter:beastkin:4,faction-chapter:beastkin:4,choices.1.choiceId,bargain,,,explicit-serialized
FactionChapterDefinitionSO|faction-chapter:beastkin:4,faction-chapter:beastkin:4,choices.1.title,절반의 비용과 의무를 협상한다,,,explicit-serialized
FactionChapterDefinitionSO|faction-chapter:beastkin:4,faction-chapter:beastkin:4,choices.1.outcomeText,절반의 비용과 의무를 협상한다,,,explicit-serialized
FactionChapterDefinitionSO|faction-chapter:beastkin:4,faction-chapter:beastkin:4,choices.1.requirements.items.0.itemDefinitionId,food:salted-meat-stew,,,explicit-serialized
FactionChapterDefinitionSO|faction-chapter:beastkin:4,faction-chapter:beastkin:4,choices.1.requirements.items.0.amount,4,,,explicit-serialized
FactionChapterDefinitionSO|faction-chapter:beastkin:4,faction-chapter:beastkin:4,choices.1.requirements.items.0.consume,1,,,explicit-serialized
FactionChapterDefinitionSO|faction-chapter:beastkin:4,faction-chapter:beastkin:4,choices.1.requirements.facilities.0.buildingDefinitionId,,,,explicit-serialized
FactionChapterDefinitionSO|faction-chapter:beastkin:4,faction-chapter:beastkin:4,choices.1.requirements.facilities.0.capabilityId,Administration,,,explicit-serialized
FactionChapterDefinitionSO|faction-chapter:beastkin:4,faction-chapter:beastkin:4,choices.1.requirements.facilities.0.minimumCount,1,,,explicit-serialized
FactionChapterDefinitionSO|faction-chapter:beastkin:4,faction-chapter:beastkin:4,choices.1.requirements.facilities.0.mustBeOperational,1,,,explicit-serialized
FactionChapterDefinitionSO|faction-chapter:beastkin:4,faction-chapter:beastkin:4,choices.1.requirements.research,[],,,explicit-serialized
FactionChapterDefinitionSO|faction-chapter:beastkin:4,faction-chapter:beastkin:4,choices.1.requirements.characters,[],,,explicit-serialized
FactionChapterDefinitionSO|faction-chapter:beastkin:4,faction-chapter:beastkin:4,choices.1.requirements.factions,[],,,explicit-serialized
FactionChapterDefinitionSO|faction-chapter:beastkin:4,faction-chapter:beastkin:4,choices.1.requirements.worldMetrics,[],,,explicit-serialized
FactionChapterDefinitionSO|faction-chapter:beastkin:4,faction-chapter:beastkin:4,choices.1.requirements.requiredFlags,[],,,explicit-serialized
FactionChapterDefinitionSO|faction-chapter:beastkin:4,faction-chapter:beastkin:4,choices.1.requirements.excludedFlags,[],,,explicit-serialized
FactionChapterDefinitionSO|faction-chapter:beastkin:4,faction-chapter:beastkin:4,choices.1.effects.0.kind,6,V20ContentEffectKind,FactionRapport (세력 우호도),explicit-serialized
FactionChapterDefinitionSO|faction-chapter:beastkin:4,faction-chapter:beastkin:4,choices.1.effects.0.targetId,faction:dungeon:beastkin,,,explicit-serialized
FactionChapterDefinitionSO|faction-chapter:beastkin:4,faction-chapter:beastkin:4,choices.1.effects.0.amount,4,,,explicit-serialized
FactionChapterDefinitionSO|faction-chapter:beastkin:4,faction-chapter:beastkin:4,choices.1.effects.0.durationDays,0,,,explicit-serialized
FactionChapterDefinitionSO|faction-chapter:beastkin:4,faction-chapter:beastkin:4,choices.1.effects.1.kind,8,V20ContentEffectKind,FactionObligation (세력 의무),explicit-serialized
FactionChapterDefinitionSO|faction-chapter:beastkin:4,faction-chapter:beastkin:4,choices.1.effects.1.targetId,faction:dungeon:beastkin,,,explicit-serialized
FactionChapterDefinitionSO|faction-chapter:beastkin:4,faction-chapter:beastkin:4,choices.1.effects.1.amount,1,,,explicit-serialized
FactionChapterDefinitionSO|faction-chapter:beastkin:4,faction-chapter:beastkin:4,choices.1.effects.1.durationDays,0,,,explicit-serialized
FactionChapterDefinitionSO|faction-chapter:beastkin:4,faction-chapter:beastkin:4,choices.1.effects.2.kind,13,V20ContentEffectKind,WorkDelayDays (작업 지연),explicit-serialized
FactionChapterDefinitionSO|faction-chapter:beastkin:4,faction-chapter:beastkin:4,choices.1.effects.2.targetId,faction-work:beastkin:4:bargain,,,explicit-serialized
FactionChapterDefinitionSO|faction-chapter:beastkin:4,faction-chapter:beastkin:4,choices.1.effects.2.amount,1,,,explicit-serialized
FactionChapterDefinitionSO|faction-chapter:beastkin:4,faction-chapter:beastkin:4,choices.1.effects.2.durationDays,0,,,explicit-serialized
FactionChapterDefinitionSO|faction-chapter:beastkin:4,faction-chapter:beastkin:4,choices.2.choiceId,refuse,,,explicit-serialized
FactionChapterDefinitionSO|faction-chapter:beastkin:4,faction-chapter:beastkin:4,choices.2.title,거절하고 후속 위험을 감수한다,,,explicit-serialized
FactionChapterDefinitionSO|faction-chapter:beastkin:4,faction-chapter:beastkin:4,choices.2.outcomeText,거절로 물자를 보존하지만 원한과 후속 위협이 남는다.,,,explicit-serialized
FactionChapterDefinitionSO|faction-chapter:beastkin:4,faction-chapter:beastkin:4,choices.2.requirements.items,[],,,explicit-serialized
FactionChapterDefinitionSO|faction-chapter:beastkin:4,faction-chapter:beastkin:4,choices.2.requirements.facilities,[],,,explicit-serialized
FactionChapterDefinitionSO|faction-chapter:beastkin:4,faction-chapter:beastkin:4,choices.2.requirements.research,[],,,explicit-serialized
FactionChapterDefinitionSO|faction-chapter:beastkin:4,faction-chapter:beastkin:4,choices.2.requirements.characters,[],,,explicit-serialized
FactionChapterDefinitionSO|faction-chapter:beastkin:4,faction-chapter:beastkin:4,choices.2.requirements.factions,[],,,explicit-serialized
FactionChapterDefinitionSO|faction-chapter:beastkin:4,faction-chapter:beastkin:4,choices.2.requirements.worldMetrics,[],,,explicit-serialized
FactionChapterDefinitionSO|faction-chapter:beastkin:4,faction-chapter:beastkin:4,choices.2.requirements.requiredFlags,[],,,explicit-serialized
FactionChapterDefinitionSO|faction-chapter:beastkin:4,faction-chapter:beastkin:4,choices.2.requirements.excludedFlags,[],,,explicit-serialized
FactionChapterDefinitionSO|faction-chapter:beastkin:4,faction-chapter:beastkin:4,choices.2.effects.0.kind,7,V20ContentEffectKind,FactionGrievance (세력 원한),explicit-serialized
FactionChapterDefinitionSO|faction-chapter:beastkin:4,faction-chapter:beastkin:4,choices.2.effects.0.targetId,faction:dungeon:beastkin,,,explicit-serialized
FactionChapterDefinitionSO|faction-chapter:beastkin:4,faction-chapter:beastkin:4,choices.2.effects.0.amount,7,,,explicit-serialized
FactionChapterDefinitionSO|faction-chapter:beastkin:4,faction-chapter:beastkin:4,choices.2.effects.0.durationDays,0,,,explicit-serialized
FactionChapterDefinitionSO|faction-chapter:beastkin:4,faction-chapter:beastkin:4,choices.2.effects.1.kind,14,V20ContentEffectKind,Threat (위협),explicit-serialized
FactionChapterDefinitionSO|faction-chapter:beastkin:4,faction-chapter:beastkin:4,choices.2.effects.1.targetId,faction-followup:beastkin:4,,,explicit-serialized
FactionChapterDefinitionSO|faction-chapter:beastkin:4,faction-chapter:beastkin:4,choices.2.effects.1.amount,1,,,explicit-serialized
FactionChapterDefinitionSO|faction-chapter:beastkin:4,faction-chapter:beastkin:4,choices.2.effects.1.durationDays,0,,,explicit-serialized
FactionChapterDefinitionSO|faction-chapter:beastkin:5,faction-chapter:beastkin:5,m_Name,chapter_beastkin_5,,,explicit-serialized
FactionChapterDefinitionSO|faction-chapter:beastkin:5,faction-chapter:beastkin:5,stableId,faction-chapter:beastkin:5,,,explicit-serialized
FactionChapterDefinitionSO|faction-chapter:beastkin:5,faction-chapter:beastkin:5,displayName,우두머리의 실종,,,explicit-serialized
FactionChapterDefinitionSO|faction-chapter:beastkin:5,faction-chapter:beastkin:5,description,강경파가 우두머리의 실종을 던전의 배신으로 몰아간다.,,,explicit-serialized
FactionChapterDefinitionSO|faction-chapter:beastkin:5,faction-chapter:beastkin:5,authoringRevision,1,,,explicit-serialized
FactionChapterDefinitionSO|faction-chapter:beastkin:5,faction-chapter:beastkin:5,sourceNote,V20 hand-authored faction/service manifest.,,,explicit-serialized
FactionChapterDefinitionSO|faction-chapter:beastkin:5,faction-chapter:beastkin:5,factionId,faction:dungeon:beastkin,,,explicit-serialized
FactionChapterDefinitionSO|faction-chapter:beastkin:5,faction-chapter:beastkin:5,chapterNumber,5,,,explicit-serialized
FactionChapterDefinitionSO|faction-chapter:beastkin:5,faction-chapter:beastkin:5,kind,4,FactionChapterKind,Crisis Or Betrayal,explicit-serialized
FactionChapterDefinitionSO|faction-chapter:beastkin:5,faction-chapter:beastkin:5,crossFactionId,,,,explicit-serialized
FactionChapterDefinitionSO|faction-chapter:beastkin:5,faction-chapter:beastkin:5,triggerRequirements.items,[],,,explicit-serialized
FactionChapterDefinitionSO|faction-chapter:beastkin:5,faction-chapter:beastkin:5,triggerRequirements.facilities,[],,,explicit-serialized
FactionChapterDefinitionSO|faction-chapter:beastkin:5,faction-chapter:beastkin:5,triggerRequirements.research,[],,,explicit-serialized
FactionChapterDefinitionSO|faction-chapter:beastkin:5,faction-chapter:beastkin:5,triggerRequirements.characters,[],,,explicit-serialized
FactionChapterDefinitionSO|faction-chapter:beastkin:5,faction-chapter:beastkin:5,triggerRequirements.factions.0.factionId,faction:dungeon:beastkin,,,explicit-serialized
FactionChapterDefinitionSO|faction-chapter:beastkin:5,faction-chapter:beastkin:5,triggerRequirements.factions.0.minimumRapport,-100,,,explicit-serialized
FactionChapterDefinitionSO|faction-chapter:beastkin:5,faction-chapter:beastkin:5,triggerRequirements.factions.0.maximumGrievance,100,,,explicit-serialized
FactionChapterDefinitionSO|faction-chapter:beastkin:5,faction-chapter:beastkin:5,triggerRequirements.factions.0.minimumObligationTokens,0,,,explicit-serialized
FactionChapterDefinitionSO|faction-chapter:beastkin:5,faction-chapter:beastkin:5,triggerRequirements.worldMetrics,[],,,explicit-serialized
FactionChapterDefinitionSO|faction-chapter:beastkin:5,faction-chapter:beastkin:5,triggerRequirements.requiredFlags,[],,,explicit-serialized
FactionChapterDefinitionSO|faction-chapter:beastkin:5,faction-chapter:beastkin:5,triggerRequirements.excludedFlags,[],,,explicit-serialized
FactionChapterDefinitionSO|faction-chapter:beastkin:5,faction-chapter:beastkin:5,choices.0.choiceId,support,,,explicit-serialized
FactionChapterDefinitionSO|faction-chapter:beastkin:5,faction-chapter:beastkin:5,choices.0.title,요구를 지원한다,,,explicit-serialized
FactionChapterDefinitionSO|faction-chapter:beastkin:5,faction-chapter:beastkin:5,choices.0.outcomeText,요구를 지원한다,,,explicit-serialized
FactionChapterDefinitionSO|faction-chapter:beastkin:5,faction-chapter:beastkin:5,choices.0.requirements.items.0.itemDefinitionId,medicine:standard,,,explicit-serialized
FactionChapterDefinitionSO|faction-chapter:beastkin:5,faction-chapter:beastkin:5,choices.0.requirements.items.0.amount,8,,,explicit-serialized
FactionChapterDefinitionSO|faction-chapter:beastkin:5,faction-chapter:beastkin:5,choices.0.requirements.items.0.consume,1,,,explicit-serialized
FactionChapterDefinitionSO|faction-chapter:beastkin:5,faction-chapter:beastkin:5,choices.0.requirements.facilities.0.buildingDefinitionId,,,,explicit-serialized
FactionChapterDefinitionSO|faction-chapter:beastkin:5,faction-chapter:beastkin:5,choices.0.requirements.facilities.0.capabilityId,Security,,,explicit-serialized
FactionChapterDefinitionSO|faction-chapter:beastkin:5,faction-chapter:beastkin:5,choices.0.requirements.facilities.0.minimumCount,1,,,explicit-serialized
FactionChapterDefinitionSO|faction-chapter:beastkin:5,faction-chapter:beastkin:5,choices.0.requirements.facilities.0.mustBeOperational,1,,,explicit-serialized
FactionChapterDefinitionSO|faction-chapter:beastkin:5,faction-chapter:beastkin:5,choices.0.requirements.research,[],,,explicit-serialized
FactionChapterDefinitionSO|faction-chapter:beastkin:5,faction-chapter:beastkin:5,choices.0.requirements.characters,[],,,explicit-serialized
FactionChapterDefinitionSO|faction-chapter:beastkin:5,faction-chapter:beastkin:5,choices.0.requirements.factions,[],,,explicit-serialized
FactionChapterDefinitionSO|faction-chapter:beastkin:5,faction-chapter:beastkin:5,choices.0.requirements.worldMetrics,[],,,explicit-serialized
FactionChapterDefinitionSO|faction-chapter:beastkin:5,faction-chapter:beastkin:5,choices.0.requirements.requiredFlags,[],,,explicit-serialized
FactionChapterDefinitionSO|faction-chapter:beastkin:5,faction-chapter:beastkin:5,choices.0.requirements.excludedFlags,[],,,explicit-serialized
FactionChapterDefinitionSO|faction-chapter:beastkin:5,faction-chapter:beastkin:5,choices.0.effects.0.kind,6,V20ContentEffectKind,FactionRapport (세력 우호도),explicit-serialized
FactionChapterDefinitionSO|faction-chapter:beastkin:5,faction-chapter:beastkin:5,choices.0.effects.0.targetId,faction:dungeon:beastkin,,,explicit-serialized
FactionChapterDefinitionSO|faction-chapter:beastkin:5,faction-chapter:beastkin:5,choices.0.effects.0.amount,10,,,explicit-serialized
FactionChapterDefinitionSO|faction-chapter:beastkin:5,faction-chapter:beastkin:5,choices.0.effects.0.durationDays,0,,,explicit-serialized
FactionChapterDefinitionSO|faction-chapter:beastkin:5,faction-chapter:beastkin:5,choices.0.effects.1.kind,13,V20ContentEffectKind,WorkDelayDays (작업 지연),explicit-serialized
FactionChapterDefinitionSO|faction-chapter:beastkin:5,faction-chapter:beastkin:5,choices.0.effects.1.targetId,faction-work:beastkin:5,,,explicit-serialized
FactionChapterDefinitionSO|faction-chapter:beastkin:5,faction-chapter:beastkin:5,choices.0.effects.1.amount,3,,,explicit-serialized
FactionChapterDefinitionSO|faction-chapter:beastkin:5,faction-chapter:beastkin:5,choices.0.effects.1.durationDays,0,,,explicit-serialized
FactionChapterDefinitionSO|faction-chapter:beastkin:5,faction-chapter:beastkin:5,choices.1.choiceId,bargain,,,explicit-serialized
FactionChapterDefinitionSO|faction-chapter:beastkin:5,faction-chapter:beastkin:5,choices.1.title,절반의 비용과 의무를 협상한다,,,explicit-serialized
FactionChapterDefinitionSO|faction-chapter:beastkin:5,faction-chapter:beastkin:5,choices.1.outcomeText,절반의 비용과 의무를 협상한다,,,explicit-serialized
FactionChapterDefinitionSO|faction-chapter:beastkin:5,faction-chapter:beastkin:5,choices.1.requirements.items.0.itemDefinitionId,medicine:standard,,,explicit-serialized
FactionChapterDefinitionSO|faction-chapter:beastkin:5,faction-chapter:beastkin:5,choices.1.requirements.items.0.amount,4,,,explicit-serialized
FactionChapterDefinitionSO|faction-chapter:beastkin:5,faction-chapter:beastkin:5,choices.1.requirements.items.0.consume,1,,,explicit-serialized
FactionChapterDefinitionSO|faction-chapter:beastkin:5,faction-chapter:beastkin:5,choices.1.requirements.facilities.0.buildingDefinitionId,,,,explicit-serialized
FactionChapterDefinitionSO|faction-chapter:beastkin:5,faction-chapter:beastkin:5,choices.1.requirements.facilities.0.capabilityId,Security,,,explicit-serialized
FactionChapterDefinitionSO|faction-chapter:beastkin:5,faction-chapter:beastkin:5,choices.1.requirements.facilities.0.minimumCount,1,,,explicit-serialized
FactionChapterDefinitionSO|faction-chapter:beastkin:5,faction-chapter:beastkin:5,choices.1.requirements.facilities.0.mustBeOperational,1,,,explicit-serialized
FactionChapterDefinitionSO|faction-chapter:beastkin:5,faction-chapter:beastkin:5,choices.1.requirements.research,[],,,explicit-serialized
FactionChapterDefinitionSO|faction-chapter:beastkin:5,faction-chapter:beastkin:5,choices.1.requirements.characters,[],,,explicit-serialized
FactionChapterDefinitionSO|faction-chapter:beastkin:5,faction-chapter:beastkin:5,choices.1.requirements.factions,[],,,explicit-serialized
FactionChapterDefinitionSO|faction-chapter:beastkin:5,faction-chapter:beastkin:5,choices.1.requirements.worldMetrics,[],,,explicit-serialized
FactionChapterDefinitionSO|faction-chapter:beastkin:5,faction-chapter:beastkin:5,choices.1.requirements.requiredFlags,[],,,explicit-serialized
FactionChapterDefinitionSO|faction-chapter:beastkin:5,faction-chapter:beastkin:5,choices.1.requirements.excludedFlags,[],,,explicit-serialized
FactionChapterDefinitionSO|faction-chapter:beastkin:5,faction-chapter:beastkin:5,choices.1.effects.0.kind,6,V20ContentEffectKind,FactionRapport (세력 우호도),explicit-serialized
FactionChapterDefinitionSO|faction-chapter:beastkin:5,faction-chapter:beastkin:5,choices.1.effects.0.targetId,faction:dungeon:beastkin,,,explicit-serialized
FactionChapterDefinitionSO|faction-chapter:beastkin:5,faction-chapter:beastkin:5,choices.1.effects.0.amount,4,,,explicit-serialized
FactionChapterDefinitionSO|faction-chapter:beastkin:5,faction-chapter:beastkin:5,choices.1.effects.0.durationDays,0,,,explicit-serialized
FactionChapterDefinitionSO|faction-chapter:beastkin:5,faction-chapter:beastkin:5,choices.1.effects.1.kind,8,V20ContentEffectKind,FactionObligation (세력 의무),explicit-serialized
FactionChapterDefinitionSO|faction-chapter:beastkin:5,faction-chapter:beastkin:5,choices.1.effects.1.targetId,faction:dungeon:beastkin,,,explicit-serialized
FactionChapterDefinitionSO|faction-chapter:beastkin:5,faction-chapter:beastkin:5,choices.1.effects.1.amount,1,,,explicit-serialized
FactionChapterDefinitionSO|faction-chapter:beastkin:5,faction-chapter:beastkin:5,choices.1.effects.1.durationDays,0,,,explicit-serialized
FactionChapterDefinitionSO|faction-chapter:beastkin:5,faction-chapter:beastkin:5,choices.1.effects.2.kind,13,V20ContentEffectKind,WorkDelayDays (작업 지연),explicit-serialized
FactionChapterDefinitionSO|faction-chapter:beastkin:5,faction-chapter:beastkin:5,choices.1.effects.2.targetId,faction-work:beastkin:5:bargain,,,explicit-serialized
FactionChapterDefinitionSO|faction-chapter:beastkin:5,faction-chapter:beastkin:5,choices.1.effects.2.amount,1,,,explicit-serialized
FactionChapterDefinitionSO|faction-chapter:beastkin:5,faction-chapter:beastkin:5,choices.1.effects.2.durationDays,0,,,explicit-serialized
FactionChapterDefinitionSO|faction-chapter:beastkin:5,faction-chapter:beastkin:5,choices.2.choiceId,refuse,,,explicit-serialized
FactionChapterDefinitionSO|faction-chapter:beastkin:5,faction-chapter:beastkin:5,choices.2.title,거절하고 후속 위험을 감수한다,,,explicit-serialized
FactionChapterDefinitionSO|faction-chapter:beastkin:5,faction-chapter:beastkin:5,choices.2.outcomeText,거절로 물자를 보존하지만 원한과 후속 위협이 남는다.,,,explicit-serialized
FactionChapterDefinitionSO|faction-chapter:beastkin:5,faction-chapter:beastkin:5,choices.2.requirements.items,[],,,explicit-serialized
FactionChapterDefinitionSO|faction-chapter:beastkin:5,faction-chapter:beastkin:5,choices.2.requirements.facilities,[],,,explicit-serialized
FactionChapterDefinitionSO|faction-chapter:beastkin:5,faction-chapter:beastkin:5,choices.2.requirements.research,[],,,explicit-serialized
FactionChapterDefinitionSO|faction-chapter:beastkin:5,faction-chapter:beastkin:5,choices.2.requirements.characters,[],,,explicit-serialized
FactionChapterDefinitionSO|faction-chapter:beastkin:5,faction-chapter:beastkin:5,choices.2.requirements.factions,[],,,explicit-serialized
FactionChapterDefinitionSO|faction-chapter:beastkin:5,faction-chapter:beastkin:5,choices.2.requirements.worldMetrics,[],,,explicit-serialized
FactionChapterDefinitionSO|faction-chapter:beastkin:5,faction-chapter:beastkin:5,choices.2.requirements.requiredFlags,[],,,explicit-serialized
FactionChapterDefinitionSO|faction-chapter:beastkin:5,faction-chapter:beastkin:5,choices.2.requirements.excludedFlags,[],,,explicit-serialized
FactionChapterDefinitionSO|faction-chapter:beastkin:5,faction-chapter:beastkin:5,choices.2.effects.0.kind,7,V20ContentEffectKind,FactionGrievance (세력 원한),explicit-serialized
FactionChapterDefinitionSO|faction-chapter:beastkin:5,faction-chapter:beastkin:5,choices.2.effects.0.targetId,faction:dungeon:beastkin,,,explicit-serialized
FactionChapterDefinitionSO|faction-chapter:beastkin:5,faction-chapter:beastkin:5,choices.2.effects.0.amount,8,,,explicit-serialized
FactionChapterDefinitionSO|faction-chapter:beastkin:5,faction-chapter:beastkin:5,choices.2.effects.0.durationDays,0,,,explicit-serialized
FactionChapterDefinitionSO|faction-chapter:beastkin:5,faction-chapter:beastkin:5,choices.2.effects.1.kind,14,V20ContentEffectKind,Threat (위협),explicit-serialized
FactionChapterDefinitionSO|faction-chapter:beastkin:5,faction-chapter:beastkin:5,choices.2.effects.1.targetId,faction-followup:beastkin:5,,,explicit-serialized
FactionChapterDefinitionSO|faction-chapter:beastkin:5,faction-chapter:beastkin:5,choices.2.effects.1.amount,1,,,explicit-serialized
FactionChapterDefinitionSO|faction-chapter:beastkin:5,faction-chapter:beastkin:5,choices.2.effects.1.durationDays,0,,,explicit-serialized
FactionChapterDefinitionSO|faction-chapter:beastkin:6,faction-chapter:beastkin:6,m_Name,chapter_beastkin_6,,,explicit-serialized
FactionChapterDefinitionSO|faction-chapter:beastkin:6,faction-chapter:beastkin:6,stableId,faction-chapter:beastkin:6,,,explicit-serialized
FactionChapterDefinitionSO|faction-chapter:beastkin:6,faction-chapter:beastkin:6,displayName,새로운 사냥 경계,,,explicit-serialized
FactionChapterDefinitionSO|faction-chapter:beastkin:6,faction-chapter:beastkin:6,description,무리와 던전이 동맹·종속·결별 중 새로운 경계를 확정한다.,,,explicit-serialized
FactionChapterDefinitionSO|faction-chapter:beastkin:6,faction-chapter:beastkin:6,authoringRevision,1,,,explicit-serialized
FactionChapterDefinitionSO|faction-chapter:beastkin:6,faction-chapter:beastkin:6,sourceNote,V20 hand-authored faction/service manifest.,,,explicit-serialized
FactionChapterDefinitionSO|faction-chapter:beastkin:6,faction-chapter:beastkin:6,factionId,faction:dungeon:beastkin,,,explicit-serialized
FactionChapterDefinitionSO|faction-chapter:beastkin:6,faction-chapter:beastkin:6,chapterNumber,6,,,explicit-serialized
FactionChapterDefinitionSO|faction-chapter:beastkin:6,faction-chapter:beastkin:6,kind,5,FactionChapterKind,Resolution,explicit-serialized
FactionChapterDefinitionSO|faction-chapter:beastkin:6,faction-chapter:beastkin:6,crossFactionId,,,,explicit-serialized
FactionChapterDefinitionSO|faction-chapter:beastkin:6,faction-chapter:beastkin:6,triggerRequirements.items,[],,,explicit-serialized
FactionChapterDefinitionSO|faction-chapter:beastkin:6,faction-chapter:beastkin:6,triggerRequirements.facilities,[],,,explicit-serialized
FactionChapterDefinitionSO|faction-chapter:beastkin:6,faction-chapter:beastkin:6,triggerRequirements.research,[],,,explicit-serialized
FactionChapterDefinitionSO|faction-chapter:beastkin:6,faction-chapter:beastkin:6,triggerRequirements.characters,[],,,explicit-serialized
FactionChapterDefinitionSO|faction-chapter:beastkin:6,faction-chapter:beastkin:6,triggerRequirements.factions.0.factionId,faction:dungeon:beastkin,,,explicit-serialized
FactionChapterDefinitionSO|faction-chapter:beastkin:6,faction-chapter:beastkin:6,triggerRequirements.factions.0.minimumRapport,-100,,,explicit-serialized
FactionChapterDefinitionSO|faction-chapter:beastkin:6,faction-chapter:beastkin:6,triggerRequirements.factions.0.maximumGrievance,100,,,explicit-serialized
FactionChapterDefinitionSO|faction-chapter:beastkin:6,faction-chapter:beastkin:6,triggerRequirements.factions.0.minimumObligationTokens,0,,,explicit-serialized
FactionChapterDefinitionSO|faction-chapter:beastkin:6,faction-chapter:beastkin:6,triggerRequirements.worldMetrics,[],,,explicit-serialized
FactionChapterDefinitionSO|faction-chapter:beastkin:6,faction-chapter:beastkin:6,triggerRequirements.requiredFlags,[],,,explicit-serialized
FactionChapterDefinitionSO|faction-chapter:beastkin:6,faction-chapter:beastkin:6,triggerRequirements.excludedFlags,[],,,explicit-serialized
FactionChapterDefinitionSO|faction-chapter:beastkin:6,faction-chapter:beastkin:6,choices.0.choiceId,support,,,explicit-serialized
FactionChapterDefinitionSO|faction-chapter:beastkin:6,faction-chapter:beastkin:6,choices.0.title,요구를 지원한다,,,explicit-serialized
FactionChapterDefinitionSO|faction-chapter:beastkin:6,faction-chapter:beastkin:6,choices.0.outcomeText,요구를 지원한다,,,explicit-serialized
FactionChapterDefinitionSO|faction-chapter:beastkin:6,faction-chapter:beastkin:6,choices.0.requirements.items.0.itemDefinitionId,equipment-item:shield:tower,,,explicit-serialized
FactionChapterDefinitionSO|faction-chapter:beastkin:6,faction-chapter:beastkin:6,choices.0.requirements.items.0.amount,9,,,explicit-serialized
FactionChapterDefinitionSO|faction-chapter:beastkin:6,faction-chapter:beastkin:6,choices.0.requirements.items.0.consume,1,,,explicit-serialized
FactionChapterDefinitionSO|faction-chapter:beastkin:6,faction-chapter:beastkin:6,choices.0.requirements.facilities.0.buildingDefinitionId,,,,explicit-serialized
FactionChapterDefinitionSO|faction-chapter:beastkin:6,faction-chapter:beastkin:6,choices.0.requirements.facilities.0.capabilityId,Administration,,,explicit-serialized
FactionChapterDefinitionSO|faction-chapter:beastkin:6,faction-chapter:beastkin:6,choices.0.requirements.facilities.0.minimumCount,1,,,explicit-serialized
FactionChapterDefinitionSO|faction-chapter:beastkin:6,faction-chapter:beastkin:6,choices.0.requirements.facilities.0.mustBeOperational,1,,,explicit-serialized
FactionChapterDefinitionSO|faction-chapter:beastkin:6,faction-chapter:beastkin:6,choices.0.requirements.research,[],,,explicit-serialized
FactionChapterDefinitionSO|faction-chapter:beastkin:6,faction-chapter:beastkin:6,choices.0.requirements.characters,[],,,explicit-serialized
FactionChapterDefinitionSO|faction-chapter:beastkin:6,faction-chapter:beastkin:6,choices.0.requirements.factions,[],,,explicit-serialized
FactionChapterDefinitionSO|faction-chapter:beastkin:6,faction-chapter:beastkin:6,choices.0.requirements.worldMetrics,[],,,explicit-serialized
FactionChapterDefinitionSO|faction-chapter:beastkin:6,faction-chapter:beastkin:6,choices.0.requirements.requiredFlags,[],,,explicit-serialized
FactionChapterDefinitionSO|faction-chapter:beastkin:6,faction-chapter:beastkin:6,choices.0.requirements.excludedFlags,[],,,explicit-serialized
FactionChapterDefinitionSO|faction-chapter:beastkin:6,faction-chapter:beastkin:6,choices.0.effects.0.kind,6,V20ContentEffectKind,FactionRapport (세력 우호도),explicit-serialized
FactionChapterDefinitionSO|faction-chapter:beastkin:6,faction-chapter:beastkin:6,choices.0.effects.0.targetId,faction:dungeon:beastkin,,,explicit-serialized
FactionChapterDefinitionSO|faction-chapter:beastkin:6,faction-chapter:beastkin:6,choices.0.effects.0.amount,11,,,explicit-serialized
FactionChapterDefinitionSO|faction-chapter:beastkin:6,faction-chapter:beastkin:6,choices.0.effects.0.durationDays,0,,,explicit-serialized
FactionChapterDefinitionSO|faction-chapter:beastkin:6,faction-chapter:beastkin:6,choices.0.effects.1.kind,13,V20ContentEffectKind,WorkDelayDays (작업 지연),explicit-serialized
FactionChapterDefinitionSO|faction-chapter:beastkin:6,faction-chapter:beastkin:6,choices.0.effects.1.targetId,faction-work:beastkin:6,,,explicit-serialized
FactionChapterDefinitionSO|faction-chapter:beastkin:6,faction-chapter:beastkin:6,choices.0.effects.1.amount,1,,,explicit-serialized
FactionChapterDefinitionSO|faction-chapter:beastkin:6,faction-chapter:beastkin:6,choices.0.effects.1.durationDays,0,,,explicit-serialized
FactionChapterDefinitionSO|faction-chapter:beastkin:6,faction-chapter:beastkin:6,choices.1.choiceId,bargain,,,explicit-serialized
FactionChapterDefinitionSO|faction-chapter:beastkin:6,faction-chapter:beastkin:6,choices.1.title,절반의 비용과 의무를 협상한다,,,explicit-serialized
FactionChapterDefinitionSO|faction-chapter:beastkin:6,faction-chapter:beastkin:6,choices.1.outcomeText,절반의 비용과 의무를 협상한다,,,explicit-serialized
FactionChapterDefinitionSO|faction-chapter:beastkin:6,faction-chapter:beastkin:6,choices.1.requirements.items.0.itemDefinitionId,equipment-item:shield:tower,,,explicit-serialized
FactionChapterDefinitionSO|faction-chapter:beastkin:6,faction-chapter:beastkin:6,choices.1.requirements.items.0.amount,5,,,explicit-serialized
FactionChapterDefinitionSO|faction-chapter:beastkin:6,faction-chapter:beastkin:6,choices.1.requirements.items.0.consume,1,,,explicit-serialized
FactionChapterDefinitionSO|faction-chapter:beastkin:6,faction-chapter:beastkin:6,choices.1.requirements.facilities.0.buildingDefinitionId,,,,explicit-serialized
FactionChapterDefinitionSO|faction-chapter:beastkin:6,faction-chapter:beastkin:6,choices.1.requirements.facilities.0.capabilityId,Administration,,,explicit-serialized
FactionChapterDefinitionSO|faction-chapter:beastkin:6,faction-chapter:beastkin:6,choices.1.requirements.facilities.0.minimumCount,1,,,explicit-serialized
FactionChapterDefinitionSO|faction-chapter:beastkin:6,faction-chapter:beastkin:6,choices.1.requirements.facilities.0.mustBeOperational,1,,,explicit-serialized
FactionChapterDefinitionSO|faction-chapter:beastkin:6,faction-chapter:beastkin:6,choices.1.requirements.research,[],,,explicit-serialized
FactionChapterDefinitionSO|faction-chapter:beastkin:6,faction-chapter:beastkin:6,choices.1.requirements.characters,[],,,explicit-serialized
FactionChapterDefinitionSO|faction-chapter:beastkin:6,faction-chapter:beastkin:6,choices.1.requirements.factions,[],,,explicit-serialized
FactionChapterDefinitionSO|faction-chapter:beastkin:6,faction-chapter:beastkin:6,choices.1.requirements.worldMetrics,[],,,explicit-serialized
FactionChapterDefinitionSO|faction-chapter:beastkin:6,faction-chapter:beastkin:6,choices.1.requirements.requiredFlags,[],,,explicit-serialized
FactionChapterDefinitionSO|faction-chapter:beastkin:6,faction-chapter:beastkin:6,choices.1.requirements.excludedFlags,[],,,explicit-serialized
FactionChapterDefinitionSO|faction-chapter:beastkin:6,faction-chapter:beastkin:6,choices.1.effects.0.kind,6,V20ContentEffectKind,FactionRapport (세력 우호도),explicit-serialized
FactionChapterDefinitionSO|faction-chapter:beastkin:6,faction-chapter:beastkin:6,choices.1.effects.0.targetId,faction:dungeon:beastkin,,,explicit-serialized
FactionChapterDefinitionSO|faction-chapter:beastkin:6,faction-chapter:beastkin:6,choices.1.effects.0.amount,5,,,explicit-serialized
FactionChapterDefinitionSO|faction-chapter:beastkin:6,faction-chapter:beastkin:6,choices.1.effects.0.durationDays,0,,,explicit-serialized
FactionChapterDefinitionSO|faction-chapter:beastkin:6,faction-chapter:beastkin:6,choices.1.effects.1.kind,8,V20ContentEffectKind,FactionObligation (세력 의무),explicit-serialized
FactionChapterDefinitionSO|faction-chapter:beastkin:6,faction-chapter:beastkin:6,choices.1.effects.1.targetId,faction:dungeon:beastkin,,,explicit-serialized
FactionChapterDefinitionSO|faction-chapter:beastkin:6,faction-chapter:beastkin:6,choices.1.effects.1.amount,1,,,explicit-serialized
FactionChapterDefinitionSO|faction-chapter:beastkin:6,faction-chapter:beastkin:6,choices.1.effects.1.durationDays,0,,,explicit-serialized
FactionChapterDefinitionSO|faction-chapter:beastkin:6,faction-chapter:beastkin:6,choices.1.effects.2.kind,13,V20ContentEffectKind,WorkDelayDays (작업 지연),explicit-serialized
FactionChapterDefinitionSO|faction-chapter:beastkin:6,faction-chapter:beastkin:6,choices.1.effects.2.targetId,faction-work:beastkin:6:bargain,,,explicit-serialized
FactionChapterDefinitionSO|faction-chapter:beastkin:6,faction-chapter:beastkin:6,choices.1.effects.2.amount,1,,,explicit-serialized
FactionChapterDefinitionSO|faction-chapter:beastkin:6,faction-chapter:beastkin:6,choices.1.effects.2.durationDays,0,,,explicit-serialized
FactionChapterDefinitionSO|faction-chapter:beastkin:6,faction-chapter:beastkin:6,choices.2.choiceId,refuse,,,explicit-serialized
FactionChapterDefinitionSO|faction-chapter:beastkin:6,faction-chapter:beastkin:6,choices.2.title,거절하고 후속 위험을 감수한다,,,explicit-serialized
FactionChapterDefinitionSO|faction-chapter:beastkin:6,faction-chapter:beastkin:6,choices.2.outcomeText,거절로 물자를 보존하지만 원한과 후속 위협이 남는다.,,,explicit-serialized
FactionChapterDefinitionSO|faction-chapter:beastkin:6,faction-chapter:beastkin:6,choices.2.requirements.items,[],,,explicit-serialized
FactionChapterDefinitionSO|faction-chapter:beastkin:6,faction-chapter:beastkin:6,choices.2.requirements.facilities,[],,,explicit-serialized
FactionChapterDefinitionSO|faction-chapter:beastkin:6,faction-chapter:beastkin:6,choices.2.requirements.research,[],,,explicit-serialized
FactionChapterDefinitionSO|faction-chapter:beastkin:6,faction-chapter:beastkin:6,choices.2.requirements.characters,[],,,explicit-serialized
FactionChapterDefinitionSO|faction-chapter:beastkin:6,faction-chapter:beastkin:6,choices.2.requirements.factions,[],,,explicit-serialized
FactionChapterDefinitionSO|faction-chapter:beastkin:6,faction-chapter:beastkin:6,choices.2.requirements.worldMetrics,[],,,explicit-serialized
FactionChapterDefinitionSO|faction-chapter:beastkin:6,faction-chapter:beastkin:6,choices.2.requirements.requiredFlags,[],,,explicit-serialized
FactionChapterDefinitionSO|faction-chapter:beastkin:6,faction-chapter:beastkin:6,choices.2.requirements.excludedFlags,[],,,explicit-serialized
FactionChapterDefinitionSO|faction-chapter:beastkin:6,faction-chapter:beastkin:6,choices.2.effects.0.kind,7,V20ContentEffectKind,FactionGrievance (세력 원한),explicit-serialized
FactionChapterDefinitionSO|faction-chapter:beastkin:6,faction-chapter:beastkin:6,choices.2.effects.0.targetId,faction:dungeon:beastkin,,,explicit-serialized
FactionChapterDefinitionSO|faction-chapter:beastkin:6,faction-chapter:beastkin:6,choices.2.effects.0.amount,9,,,explicit-serialized
FactionChapterDefinitionSO|faction-chapter:beastkin:6,faction-chapter:beastkin:6,choices.2.effects.0.durationDays,0,,,explicit-serialized
FactionChapterDefinitionSO|faction-chapter:beastkin:6,faction-chapter:beastkin:6,choices.2.effects.1.kind,14,V20ContentEffectKind,Threat (위협),explicit-serialized
FactionChapterDefinitionSO|faction-chapter:beastkin:6,faction-chapter:beastkin:6,choices.2.effects.1.targetId,faction-followup:beastkin:6,,,explicit-serialized
FactionChapterDefinitionSO|faction-chapter:beastkin:6,faction-chapter:beastkin:6,choices.2.effects.1.amount,1,,,explicit-serialized
FactionChapterDefinitionSO|faction-chapter:beastkin:6,faction-chapter:beastkin:6,choices.2.effects.1.durationDays,0,,,explicit-serialized
FactionChapterDefinitionSO|faction-chapter:demon:1,faction-chapter:demon:1,m_Name,chapter_demon_1,,,explicit-serialized
FactionChapterDefinitionSO|faction-chapter:demon:1,faction-chapter:demon:1,stableId,faction-chapter:demon:1,,,explicit-serialized
FactionChapterDefinitionSO|faction-chapter:demon:1,faction-chapter:demon:1,displayName,세 번 접힌 계약,,,explicit-serialized
FactionChapterDefinitionSO|faction-chapter:demon:1,faction-chapter:demon:1,description,계약정 사절이 세 번 봉인된 협정의 증인을 요구한다.,,,explicit-serialized
FactionChapterDefinitionSO|faction-chapter:demon:1,faction-chapter:demon:1,authoringRevision,1,,,explicit-serialized
FactionChapterDefinitionSO|faction-chapter:demon:1,faction-chapter:demon:1,sourceNote,V20 hand-authored faction/service manifest.,,,explicit-serialized
FactionChapterDefinitionSO|faction-chapter:demon:1,faction-chapter:demon:1,factionId,faction:dungeon:demon,,,explicit-serialized
FactionChapterDefinitionSO|faction-chapter:demon:1,faction-chapter:demon:1,chapterNumber,1,,,explicit-serialized
FactionChapterDefinitionSO|faction-chapter:demon:1,faction-chapter:demon:1,kind,0,FactionChapterKind,First Contact,explicit-serialized
FactionChapterDefinitionSO|faction-chapter:demon:1,faction-chapter:demon:1,crossFactionId,,,,explicit-serialized
FactionChapterDefinitionSO|faction-chapter:demon:1,faction-chapter:demon:1,triggerRequirements.items,[],,,explicit-serialized
FactionChapterDefinitionSO|faction-chapter:demon:1,faction-chapter:demon:1,triggerRequirements.facilities,[],,,explicit-serialized
FactionChapterDefinitionSO|faction-chapter:demon:1,faction-chapter:demon:1,triggerRequirements.research,[],,,explicit-serialized
FactionChapterDefinitionSO|faction-chapter:demon:1,faction-chapter:demon:1,triggerRequirements.characters,[],,,explicit-serialized
FactionChapterDefinitionSO|faction-chapter:demon:1,faction-chapter:demon:1,triggerRequirements.factions.0.factionId,faction:dungeon:demon,,,explicit-serialized
FactionChapterDefinitionSO|faction-chapter:demon:1,faction-chapter:demon:1,triggerRequirements.factions.0.minimumRapport,-100,,,explicit-serialized
FactionChapterDefinitionSO|faction-chapter:demon:1,faction-chapter:demon:1,triggerRequirements.factions.0.maximumGrievance,100,,,explicit-serialized
FactionChapterDefinitionSO|faction-chapter:demon:1,faction-chapter:demon:1,triggerRequirements.factions.0.minimumObligationTokens,0,,,explicit-serialized
FactionChapterDefinitionSO|faction-chapter:demon:1,faction-chapter:demon:1,triggerRequirements.worldMetrics,[],,,explicit-serialized
FactionChapterDefinitionSO|faction-chapter:demon:1,faction-chapter:demon:1,triggerRequirements.requiredFlags,[],,,explicit-serialized
FactionChapterDefinitionSO|faction-chapter:demon:1,faction-chapter:demon:1,triggerRequirements.excludedFlags,[],,,explicit-serialized
FactionChapterDefinitionSO|faction-chapter:demon:1,faction-chapter:demon:1,choices.0.choiceId,support,,,explicit-serialized
FactionChapterDefinitionSO|faction-chapter:demon:1,faction-chapter:demon:1,choices.0.title,요구를 지원한다,,,explicit-serialized
FactionChapterDefinitionSO|faction-chapter:demon:1,faction-chapter:demon:1,choices.0.outcomeText,요구를 지원한다,,,explicit-serialized
FactionChapterDefinitionSO|faction-chapter:demon:1,faction-chapter:demon:1,choices.0.requirements.items.0.itemDefinitionId,material:paper,,,explicit-serialized
FactionChapterDefinitionSO|faction-chapter:demon:1,faction-chapter:demon:1,choices.0.requirements.items.0.amount,4,,,explicit-serialized
FactionChapterDefinitionSO|faction-chapter:demon:1,faction-chapter:demon:1,choices.0.requirements.items.0.consume,1,,,explicit-serialized
FactionChapterDefinitionSO|faction-chapter:demon:1,faction-chapter:demon:1,choices.0.requirements.facilities.0.buildingDefinitionId,,,,explicit-serialized
FactionChapterDefinitionSO|faction-chapter:demon:1,faction-chapter:demon:1,choices.0.requirements.facilities.0.capabilityId,Administration,,,explicit-serialized
FactionChapterDefinitionSO|faction-chapter:demon:1,faction-chapter:demon:1,choices.0.requirements.facilities.0.minimumCount,1,,,explicit-serialized
FactionChapterDefinitionSO|faction-chapter:demon:1,faction-chapter:demon:1,choices.0.requirements.facilities.0.mustBeOperational,1,,,explicit-serialized
FactionChapterDefinitionSO|faction-chapter:demon:1,faction-chapter:demon:1,choices.0.requirements.research,[],,,explicit-serialized
FactionChapterDefinitionSO|faction-chapter:demon:1,faction-chapter:demon:1,choices.0.requirements.characters,[],,,explicit-serialized
FactionChapterDefinitionSO|faction-chapter:demon:1,faction-chapter:demon:1,choices.0.requirements.factions,[],,,explicit-serialized
FactionChapterDefinitionSO|faction-chapter:demon:1,faction-chapter:demon:1,choices.0.requirements.worldMetrics,[],,,explicit-serialized
FactionChapterDefinitionSO|faction-chapter:demon:1,faction-chapter:demon:1,choices.0.requirements.requiredFlags,[],,,explicit-serialized
FactionChapterDefinitionSO|faction-chapter:demon:1,faction-chapter:demon:1,choices.0.requirements.excludedFlags,[],,,explicit-serialized
FactionChapterDefinitionSO|faction-chapter:demon:1,faction-chapter:demon:1,choices.0.effects.0.kind,6,V20ContentEffectKind,FactionRapport (세력 우호도),explicit-serialized
FactionChapterDefinitionSO|faction-chapter:demon:1,faction-chapter:demon:1,choices.0.effects.0.targetId,faction:dungeon:demon,,,explicit-serialized
FactionChapterDefinitionSO|faction-chapter:demon:1,faction-chapter:demon:1,choices.0.effects.0.amount,6,,,explicit-serialized
FactionChapterDefinitionSO|faction-chapter:demon:1,faction-chapter:demon:1,choices.0.effects.0.durationDays,0,,,explicit-serialized
FactionChapterDefinitionSO|faction-chapter:demon:1,faction-chapter:demon:1,choices.0.effects.1.kind,13,V20ContentEffectKind,WorkDelayDays (작업 지연),explicit-serialized
FactionChapterDefinitionSO|faction-chapter:demon:1,faction-chapter:demon:1,choices.0.effects.1.targetId,faction-work:demon:1,,,explicit-serialized
FactionChapterDefinitionSO|faction-chapter:demon:1,faction-chapter:demon:1,choices.0.effects.1.amount,2,,,explicit-serialized
FactionChapterDefinitionSO|faction-chapter:demon:1,faction-chapter:demon:1,choices.0.effects.1.durationDays,0,,,explicit-serialized
FactionChapterDefinitionSO|faction-chapter:demon:1,faction-chapter:demon:1,choices.1.choiceId,bargain,,,explicit-serialized
FactionChapterDefinitionSO|faction-chapter:demon:1,faction-chapter:demon:1,choices.1.title,절반의 비용과 의무를 협상한다,,,explicit-serialized
FactionChapterDefinitionSO|faction-chapter:demon:1,faction-chapter:demon:1,choices.1.outcomeText,절반의 비용과 의무를 협상한다,,,explicit-serialized
FactionChapterDefinitionSO|faction-chapter:demon:1,faction-chapter:demon:1,choices.1.requirements.items.0.itemDefinitionId,material:paper,,,explicit-serialized
FactionChapterDefinitionSO|faction-chapter:demon:1,faction-chapter:demon:1,choices.1.requirements.items.0.amount,2,,,explicit-serialized
FactionChapterDefinitionSO|faction-chapter:demon:1,faction-chapter:demon:1,choices.1.requirements.items.0.consume,1,,,explicit-serialized
FactionChapterDefinitionSO|faction-chapter:demon:1,faction-chapter:demon:1,choices.1.requirements.facilities.0.buildingDefinitionId,,,,explicit-serialized
FactionChapterDefinitionSO|faction-chapter:demon:1,faction-chapter:demon:1,choices.1.requirements.facilities.0.capabilityId,Administration,,,explicit-serialized
FactionChapterDefinitionSO|faction-chapter:demon:1,faction-chapter:demon:1,choices.1.requirements.facilities.0.minimumCount,1,,,explicit-serialized
FactionChapterDefinitionSO|faction-chapter:demon:1,faction-chapter:demon:1,choices.1.requirements.facilities.0.mustBeOperational,1,,,explicit-serialized
FactionChapterDefinitionSO|faction-chapter:demon:1,faction-chapter:demon:1,choices.1.requirements.research,[],,,explicit-serialized
FactionChapterDefinitionSO|faction-chapter:demon:1,faction-chapter:demon:1,choices.1.requirements.characters,[],,,explicit-serialized
FactionChapterDefinitionSO|faction-chapter:demon:1,faction-chapter:demon:1,choices.1.requirements.factions,[],,,explicit-serialized
FactionChapterDefinitionSO|faction-chapter:demon:1,faction-chapter:demon:1,choices.1.requirements.worldMetrics,[],,,explicit-serialized
FactionChapterDefinitionSO|faction-chapter:demon:1,faction-chapter:demon:1,choices.1.requirements.requiredFlags,[],,,explicit-serialized
FactionChapterDefinitionSO|faction-chapter:demon:1,faction-chapter:demon:1,choices.1.requirements.excludedFlags,[],,,explicit-serialized
FactionChapterDefinitionSO|faction-chapter:demon:1,faction-chapter:demon:1,choices.1.effects.0.kind,6,V20ContentEffectKind,FactionRapport (세력 우호도),explicit-serialized
FactionChapterDefinitionSO|faction-chapter:demon:1,faction-chapter:demon:1,choices.1.effects.0.targetId,faction:dungeon:demon,,,explicit-serialized
FactionChapterDefinitionSO|faction-chapter:demon:1,faction-chapter:demon:1,choices.1.effects.0.amount,2,,,explicit-serialized
FactionChapterDefinitionSO|faction-chapter:demon:1,faction-chapter:demon:1,choices.1.effects.0.durationDays,0,,,explicit-serialized
FactionChapterDefinitionSO|faction-chapter:demon:1,faction-chapter:demon:1,choices.1.effects.1.kind,8,V20ContentEffectKind,FactionObligation (세력 의무),explicit-serialized
FactionChapterDefinitionSO|faction-chapter:demon:1,faction-chapter:demon:1,choices.1.effects.1.targetId,faction:dungeon:demon,,,explicit-serialized
FactionChapterDefinitionSO|faction-chapter:demon:1,faction-chapter:demon:1,choices.1.effects.1.amount,1,,,explicit-serialized
FactionChapterDefinitionSO|faction-chapter:demon:1,faction-chapter:demon:1,choices.1.effects.1.durationDays,0,,,explicit-serialized
FactionChapterDefinitionSO|faction-chapter:demon:1,faction-chapter:demon:1,choices.1.effects.2.kind,13,V20ContentEffectKind,WorkDelayDays (작업 지연),explicit-serialized
FactionChapterDefinitionSO|faction-chapter:demon:1,faction-chapter:demon:1,choices.1.effects.2.targetId,faction-work:demon:1:bargain,,,explicit-serialized
FactionChapterDefinitionSO|faction-chapter:demon:1,faction-chapter:demon:1,choices.1.effects.2.amount,1,,,explicit-serialized
FactionChapterDefinitionSO|faction-chapter:demon:1,faction-chapter:demon:1,choices.1.effects.2.durationDays,0,,,explicit-serialized
FactionChapterDefinitionSO|faction-chapter:demon:1,faction-chapter:demon:1,choices.2.choiceId,refuse,,,explicit-serialized
FactionChapterDefinitionSO|faction-chapter:demon:1,faction-chapter:demon:1,choices.2.title,거절하고 후속 위험을 감수한다,,,explicit-serialized
FactionChapterDefinitionSO|faction-chapter:demon:1,faction-chapter:demon:1,choices.2.outcomeText,거절로 물자를 보존하지만 원한과 후속 위협이 남는다.,,,explicit-serialized
FactionChapterDefinitionSO|faction-chapter:demon:1,faction-chapter:demon:1,choices.2.requirements.items,[],,,explicit-serialized
FactionChapterDefinitionSO|faction-chapter:demon:1,faction-chapter:demon:1,choices.2.requirements.facilities,[],,,explicit-serialized
FactionChapterDefinitionSO|faction-chapter:demon:1,faction-chapter:demon:1,choices.2.requirements.research,[],,,explicit-serialized
FactionChapterDefinitionSO|faction-chapter:demon:1,faction-chapter:demon:1,choices.2.requirements.characters,[],,,explicit-serialized
FactionChapterDefinitionSO|faction-chapter:demon:1,faction-chapter:demon:1,choices.2.requirements.factions,[],,,explicit-serialized
FactionChapterDefinitionSO|faction-chapter:demon:1,faction-chapter:demon:1,choices.2.requirements.worldMetrics,[],,,explicit-serialized
FactionChapterDefinitionSO|faction-chapter:demon:1,faction-chapter:demon:1,choices.2.requirements.requiredFlags,[],,,explicit-serialized
FactionChapterDefinitionSO|faction-chapter:demon:1,faction-chapter:demon:1,choices.2.requirements.excludedFlags,[],,,explicit-serialized
FactionChapterDefinitionSO|faction-chapter:demon:1,faction-chapter:demon:1,choices.2.effects.0.kind,7,V20ContentEffectKind,FactionGrievance (세력 원한),explicit-serialized
FactionChapterDefinitionSO|faction-chapter:demon:1,faction-chapter:demon:1,choices.2.effects.0.targetId,faction:dungeon:demon,,,explicit-serialized
FactionChapterDefinitionSO|faction-chapter:demon:1,faction-chapter:demon:1,choices.2.effects.0.amount,4,,,explicit-serialized
FactionChapterDefinitionSO|faction-chapter:demon:1,faction-chapter:demon:1,choices.2.effects.0.durationDays,0,,,explicit-serialized
FactionChapterDefinitionSO|faction-chapter:demon:1,faction-chapter:demon:1,choices.2.effects.1.kind,14,V20ContentEffectKind,Threat (위협),explicit-serialized
FactionChapterDefinitionSO|faction-chapter:demon:1,faction-chapter:demon:1,choices.2.effects.1.targetId,faction-followup:demon:1,,,explicit-serialized
FactionChapterDefinitionSO|faction-chapter:demon:1,faction-chapter:demon:1,choices.2.effects.1.amount,1,,,explicit-serialized
FactionChapterDefinitionSO|faction-chapter:demon:1,faction-chapter:demon:1,choices.2.effects.1.durationDays,0,,,explicit-serialized
FactionChapterDefinitionSO|faction-chapter:demon:2,faction-chapter:demon:2,m_Name,chapter_demon_2,,,explicit-serialized
FactionChapterDefinitionSO|faction-chapter:demon:2,faction-chapter:demon:2,stableId,faction-chapter:demon:2,,,explicit-serialized
FactionChapterDefinitionSO|faction-chapter:demon:2,faction-chapter:demon:2,displayName,서명 없는 채무,,,explicit-serialized
FactionChapterDefinitionSO|faction-chapter:demon:2,faction-chapter:demon:2,description,주인의 죽음으로 서명 없는 채무가 여러 가구에 흩어진다.,,,explicit-serialized
FactionChapterDefinitionSO|faction-chapter:demon:2,faction-chapter:demon:2,authoringRevision,1,,,explicit-serialized
FactionChapterDefinitionSO|faction-chapter:demon:2,faction-chapter:demon:2,sourceNote,V20 hand-authored faction/service manifest.,,,explicit-serialized
FactionChapterDefinitionSO|faction-chapter:demon:2,faction-chapter:demon:2,factionId,faction:dungeon:demon,,,explicit-serialized
FactionChapterDefinitionSO|faction-chapter:demon:2,faction-chapter:demon:2,chapterNumber,2,,,explicit-serialized
FactionChapterDefinitionSO|faction-chapter:demon:2,faction-chapter:demon:2,kind,1,FactionChapterKind,Internal Problem,explicit-serialized
FactionChapterDefinitionSO|faction-chapter:demon:2,faction-chapter:demon:2,crossFactionId,,,,explicit-serialized
FactionChapterDefinitionSO|faction-chapter:demon:2,faction-chapter:demon:2,triggerRequirements.items,[],,,explicit-serialized
FactionChapterDefinitionSO|faction-chapter:demon:2,faction-chapter:demon:2,triggerRequirements.facilities,[],,,explicit-serialized
FactionChapterDefinitionSO|faction-chapter:demon:2,faction-chapter:demon:2,triggerRequirements.research,[],,,explicit-serialized
FactionChapterDefinitionSO|faction-chapter:demon:2,faction-chapter:demon:2,triggerRequirements.characters,[],,,explicit-serialized
FactionChapterDefinitionSO|faction-chapter:demon:2,faction-chapter:demon:2,triggerRequirements.factions.0.factionId,faction:dungeon:demon,,,explicit-serialized
FactionChapterDefinitionSO|faction-chapter:demon:2,faction-chapter:demon:2,triggerRequirements.factions.0.minimumRapport,-100,,,explicit-serialized
FactionChapterDefinitionSO|faction-chapter:demon:2,faction-chapter:demon:2,triggerRequirements.factions.0.maximumGrievance,100,,,explicit-serialized
FactionChapterDefinitionSO|faction-chapter:demon:2,faction-chapter:demon:2,triggerRequirements.factions.0.minimumObligationTokens,0,,,explicit-serialized
FactionChapterDefinitionSO|faction-chapter:demon:2,faction-chapter:demon:2,triggerRequirements.worldMetrics,[],,,explicit-serialized
FactionChapterDefinitionSO|faction-chapter:demon:2,faction-chapter:demon:2,triggerRequirements.requiredFlags,[],,,explicit-serialized
FactionChapterDefinitionSO|faction-chapter:demon:2,faction-chapter:demon:2,triggerRequirements.excludedFlags,[],,,explicit-serialized
FactionChapterDefinitionSO|faction-chapter:demon:2,faction-chapter:demon:2,choices.0.choiceId,support,,,explicit-serialized
FactionChapterDefinitionSO|faction-chapter:demon:2,faction-chapter:demon:2,choices.0.title,요구를 지원한다,,,explicit-serialized
FactionChapterDefinitionSO|faction-chapter:demon:2,faction-chapter:demon:2,choices.0.outcomeText,요구를 지원한다,,,explicit-serialized
FactionChapterDefinitionSO|faction-chapter:demon:2,faction-chapter:demon:2,choices.0.requirements.items.0.itemDefinitionId,component:rune-conductor,,,explicit-serialized
FactionChapterDefinitionSO|faction-chapter:demon:2,faction-chapter:demon:2,choices.0.requirements.items.0.amount,5,,,explicit-serialized
FactionChapterDefinitionSO|faction-chapter:demon:2,faction-chapter:demon:2,choices.0.requirements.items.0.consume,1,,,explicit-serialized
FactionChapterDefinitionSO|faction-chapter:demon:2,faction-chapter:demon:2,choices.0.requirements.facilities.0.buildingDefinitionId,,,,explicit-serialized
FactionChapterDefinitionSO|faction-chapter:demon:2,faction-chapter:demon:2,choices.0.requirements.facilities.0.capabilityId,Medical,,,explicit-serialized
FactionChapterDefinitionSO|faction-chapter:demon:2,faction-chapter:demon:2,choices.0.requirements.facilities.0.minimumCount,1,,,explicit-serialized
FactionChapterDefinitionSO|faction-chapter:demon:2,faction-chapter:demon:2,choices.0.requirements.facilities.0.mustBeOperational,1,,,explicit-serialized
FactionChapterDefinitionSO|faction-chapter:demon:2,faction-chapter:demon:2,choices.0.requirements.research,[],,,explicit-serialized
FactionChapterDefinitionSO|faction-chapter:demon:2,faction-chapter:demon:2,choices.0.requirements.characters,[],,,explicit-serialized
FactionChapterDefinitionSO|faction-chapter:demon:2,faction-chapter:demon:2,choices.0.requirements.factions,[],,,explicit-serialized
FactionChapterDefinitionSO|faction-chapter:demon:2,faction-chapter:demon:2,choices.0.requirements.worldMetrics,[],,,explicit-serialized
FactionChapterDefinitionSO|faction-chapter:demon:2,faction-chapter:demon:2,choices.0.requirements.requiredFlags,[],,,explicit-serialized
FactionChapterDefinitionSO|faction-chapter:demon:2,faction-chapter:demon:2,choices.0.requirements.excludedFlags,[],,,explicit-serialized
FactionChapterDefinitionSO|faction-chapter:demon:2,faction-chapter:demon:2,choices.0.effects.0.kind,6,V20ContentEffectKind,FactionRapport (세력 우호도),explicit-serialized
FactionChapterDefinitionSO|faction-chapter:demon:2,faction-chapter:demon:2,choices.0.effects.0.targetId,faction:dungeon:demon,,,explicit-serialized
FactionChapterDefinitionSO|faction-chapter:demon:2,faction-chapter:demon:2,choices.0.effects.0.amount,7,,,explicit-serialized
FactionChapterDefinitionSO|faction-chapter:demon:2,faction-chapter:demon:2,choices.0.effects.0.durationDays,0,,,explicit-serialized
FactionChapterDefinitionSO|faction-chapter:demon:2,faction-chapter:demon:2,choices.0.effects.1.kind,13,V20ContentEffectKind,WorkDelayDays (작업 지연),explicit-serialized
FactionChapterDefinitionSO|faction-chapter:demon:2,faction-chapter:demon:2,choices.0.effects.1.targetId,faction-work:demon:2,,,explicit-serialized
FactionChapterDefinitionSO|faction-chapter:demon:2,faction-chapter:demon:2,choices.0.effects.1.amount,3,,,explicit-serialized
FactionChapterDefinitionSO|faction-chapter:demon:2,faction-chapter:demon:2,choices.0.effects.1.durationDays,0,,,explicit-serialized
FactionChapterDefinitionSO|faction-chapter:demon:2,faction-chapter:demon:2,choices.1.choiceId,bargain,,,explicit-serialized
FactionChapterDefinitionSO|faction-chapter:demon:2,faction-chapter:demon:2,choices.1.title,절반의 비용과 의무를 협상한다,,,explicit-serialized
FactionChapterDefinitionSO|faction-chapter:demon:2,faction-chapter:demon:2,choices.1.outcomeText,절반의 비용과 의무를 협상한다,,,explicit-serialized
FactionChapterDefinitionSO|faction-chapter:demon:2,faction-chapter:demon:2,choices.1.requirements.items.0.itemDefinitionId,component:rune-conductor,,,explicit-serialized
FactionChapterDefinitionSO|faction-chapter:demon:2,faction-chapter:demon:2,choices.1.requirements.items.0.amount,3,,,explicit-serialized
FactionChapterDefinitionSO|faction-chapter:demon:2,faction-chapter:demon:2,choices.1.requirements.items.0.consume,1,,,explicit-serialized
FactionChapterDefinitionSO|faction-chapter:demon:2,faction-chapter:demon:2,choices.1.requirements.facilities.0.buildingDefinitionId,,,,explicit-serialized
FactionChapterDefinitionSO|faction-chapter:demon:2,faction-chapter:demon:2,choices.1.requirements.facilities.0.capabilityId,Medical,,,explicit-serialized
FactionChapterDefinitionSO|faction-chapter:demon:2,faction-chapter:demon:2,choices.1.requirements.facilities.0.minimumCount,1,,,explicit-serialized
FactionChapterDefinitionSO|faction-chapter:demon:2,faction-chapter:demon:2,choices.1.requirements.facilities.0.mustBeOperational,1,,,explicit-serialized
FactionChapterDefinitionSO|faction-chapter:demon:2,faction-chapter:demon:2,choices.1.requirements.research,[],,,explicit-serialized
FactionChapterDefinitionSO|faction-chapter:demon:2,faction-chapter:demon:2,choices.1.requirements.characters,[],,,explicit-serialized
FactionChapterDefinitionSO|faction-chapter:demon:2,faction-chapter:demon:2,choices.1.requirements.factions,[],,,explicit-serialized
FactionChapterDefinitionSO|faction-chapter:demon:2,faction-chapter:demon:2,choices.1.requirements.worldMetrics,[],,,explicit-serialized
FactionChapterDefinitionSO|faction-chapter:demon:2,faction-chapter:demon:2,choices.1.requirements.requiredFlags,[],,,explicit-serialized
FactionChapterDefinitionSO|faction-chapter:demon:2,faction-chapter:demon:2,choices.1.requirements.excludedFlags,[],,,explicit-serialized
FactionChapterDefinitionSO|faction-chapter:demon:2,faction-chapter:demon:2,choices.1.effects.0.kind,6,V20ContentEffectKind,FactionRapport (세력 우호도),explicit-serialized
FactionChapterDefinitionSO|faction-chapter:demon:2,faction-chapter:demon:2,choices.1.effects.0.targetId,faction:dungeon:demon,,,explicit-serialized
FactionChapterDefinitionSO|faction-chapter:demon:2,faction-chapter:demon:2,choices.1.effects.0.amount,3,,,explicit-serialized
FactionChapterDefinitionSO|faction-chapter:demon:2,faction-chapter:demon:2,choices.1.effects.0.durationDays,0,,,explicit-serialized
FactionChapterDefinitionSO|faction-chapter:demon:2,faction-chapter:demon:2,choices.1.effects.1.kind,8,V20ContentEffectKind,FactionObligation (세력 의무),explicit-serialized
FactionChapterDefinitionSO|faction-chapter:demon:2,faction-chapter:demon:2,choices.1.effects.1.targetId,faction:dungeon:demon,,,explicit-serialized
FactionChapterDefinitionSO|faction-chapter:demon:2,faction-chapter:demon:2,choices.1.effects.1.amount,1,,,explicit-serialized
FactionChapterDefinitionSO|faction-chapter:demon:2,faction-chapter:demon:2,choices.1.effects.1.durationDays,0,,,explicit-serialized
FactionChapterDefinitionSO|faction-chapter:demon:2,faction-chapter:demon:2,choices.1.effects.2.kind,13,V20ContentEffectKind,WorkDelayDays (작업 지연),explicit-serialized
FactionChapterDefinitionSO|faction-chapter:demon:2,faction-chapter:demon:2,choices.1.effects.2.targetId,faction-work:demon:2:bargain,,,explicit-serialized
FactionChapterDefinitionSO|faction-chapter:demon:2,faction-chapter:demon:2,choices.1.effects.2.amount,1,,,explicit-serialized
FactionChapterDefinitionSO|faction-chapter:demon:2,faction-chapter:demon:2,choices.1.effects.2.durationDays,0,,,explicit-serialized
FactionChapterDefinitionSO|faction-chapter:demon:2,faction-chapter:demon:2,choices.2.choiceId,refuse,,,explicit-serialized
FactionChapterDefinitionSO|faction-chapter:demon:2,faction-chapter:demon:2,choices.2.title,거절하고 후속 위험을 감수한다,,,explicit-serialized
FactionChapterDefinitionSO|faction-chapter:demon:2,faction-chapter:demon:2,choices.2.outcomeText,거절로 물자를 보존하지만 원한과 후속 위협이 남는다.,,,explicit-serialized
FactionChapterDefinitionSO|faction-chapter:demon:2,faction-chapter:demon:2,choices.2.requirements.items,[],,,explicit-serialized
FactionChapterDefinitionSO|faction-chapter:demon:2,faction-chapter:demon:2,choices.2.requirements.facilities,[],,,explicit-serialized
FactionChapterDefinitionSO|faction-chapter:demon:2,faction-chapter:demon:2,choices.2.requirements.research,[],,,explicit-serialized
FactionChapterDefinitionSO|faction-chapter:demon:2,faction-chapter:demon:2,choices.2.requirements.characters,[],,,explicit-serialized
FactionChapterDefinitionSO|faction-chapter:demon:2,faction-chapter:demon:2,choices.2.requirements.factions,[],,,explicit-serialized
FactionChapterDefinitionSO|faction-chapter:demon:2,faction-chapter:demon:2,choices.2.requirements.worldMetrics,[],,,explicit-serialized
FactionChapterDefinitionSO|faction-chapter:demon:2,faction-chapter:demon:2,choices.2.requirements.requiredFlags,[],,,explicit-serialized
FactionChapterDefinitionSO|faction-chapter:demon:2,faction-chapter:demon:2,choices.2.requirements.excludedFlags,[],,,explicit-serialized
FactionChapterDefinitionSO|faction-chapter:demon:2,faction-chapter:demon:2,choices.2.effects.0.kind,7,V20ContentEffectKind,FactionGrievance (세력 원한),explicit-serialized
FactionChapterDefinitionSO|faction-chapter:demon:2,faction-chapter:demon:2,choices.2.effects.0.targetId,faction:dungeon:demon,,,explicit-serialized
FactionChapterDefinitionSO|faction-chapter:demon:2,faction-chapter:demon:2,choices.2.effects.0.amount,5,,,explicit-serialized
FactionChapterDefinitionSO|faction-chapter:demon:2,faction-chapter:demon:2,choices.2.effects.0.durationDays,0,,,explicit-serialized
FactionChapterDefinitionSO|faction-chapter:demon:2,faction-chapter:demon:2,choices.2.effects.1.kind,14,V20ContentEffectKind,Threat (위협),explicit-serialized
FactionChapterDefinitionSO|faction-chapter:demon:2,faction-chapter:demon:2,choices.2.effects.1.targetId,faction-followup:demon:2,,,explicit-serialized
FactionChapterDefinitionSO|faction-chapter:demon:2,faction-chapter:demon:2,choices.2.effects.1.amount,1,,,explicit-serialized
FactionChapterDefinitionSO|faction-chapter:demon:2,faction-chapter:demon:2,choices.2.effects.1.durationDays,0,,,explicit-serialized
FactionChapterDefinitionSO|faction-chapter:demon:3,faction-chapter:demon:3,m_Name,chapter_demon_3,,,explicit-serialized
FactionChapterDefinitionSO|faction-chapter:demon:3,faction-chapter:demon:3,stableId,faction-chapter:demon:3,,,explicit-serialized
FactionChapterDefinitionSO|faction-chapter:demon:3,faction-chapter:demon:3,displayName,돌맥 주조소의 담보,,,explicit-serialized
FactionChapterDefinitionSO|faction-chapter:demon:3,faction-chapter:demon:3,description,골렘 주조소가 계약 담보로 잡힌 룬 도체의 반환을 거부한다.,,,explicit-serialized
FactionChapterDefinitionSO|faction-chapter:demon:3,faction-chapter:demon:3,authoringRevision,1,,,explicit-serialized
FactionChapterDefinitionSO|faction-chapter:demon:3,faction-chapter:demon:3,sourceNote,V20 hand-authored faction/service manifest.,,,explicit-serialized
FactionChapterDefinitionSO|faction-chapter:demon:3,faction-chapter:demon:3,factionId,faction:dungeon:demon,,,explicit-serialized
FactionChapterDefinitionSO|faction-chapter:demon:3,faction-chapter:demon:3,chapterNumber,3,,,explicit-serialized
FactionChapterDefinitionSO|faction-chapter:demon:3,faction-chapter:demon:3,kind,2,FactionChapterKind,Rival Conflict,explicit-serialized
FactionChapterDefinitionSO|faction-chapter:demon:3,faction-chapter:demon:3,crossFactionId,faction:dungeon:golem,,,explicit-serialized
FactionChapterDefinitionSO|faction-chapter:demon:3,faction-chapter:demon:3,triggerRequirements.items,[],,,explicit-serialized
FactionChapterDefinitionSO|faction-chapter:demon:3,faction-chapter:demon:3,triggerRequirements.facilities,[],,,explicit-serialized
FactionChapterDefinitionSO|faction-chapter:demon:3,faction-chapter:demon:3,triggerRequirements.research,[],,,explicit-serialized
FactionChapterDefinitionSO|faction-chapter:demon:3,faction-chapter:demon:3,triggerRequirements.characters,[],,,explicit-serialized
FactionChapterDefinitionSO|faction-chapter:demon:3,faction-chapter:demon:3,triggerRequirements.factions.0.factionId,faction:dungeon:demon,,,explicit-serialized
FactionChapterDefinitionSO|faction-chapter:demon:3,faction-chapter:demon:3,triggerRequirements.factions.0.minimumRapport,-100,,,explicit-serialized
FactionChapterDefinitionSO|faction-chapter:demon:3,faction-chapter:demon:3,triggerRequirements.factions.0.maximumGrievance,100,,,explicit-serialized
FactionChapterDefinitionSO|faction-chapter:demon:3,faction-chapter:demon:3,triggerRequirements.factions.0.minimumObligationTokens,0,,,explicit-serialized
FactionChapterDefinitionSO|faction-chapter:demon:3,faction-chapter:demon:3,triggerRequirements.worldMetrics,[],,,explicit-serialized
FactionChapterDefinitionSO|faction-chapter:demon:3,faction-chapter:demon:3,triggerRequirements.requiredFlags,[],,,explicit-serialized
FactionChapterDefinitionSO|faction-chapter:demon:3,faction-chapter:demon:3,triggerRequirements.excludedFlags,[],,,explicit-serialized
FactionChapterDefinitionSO|faction-chapter:demon:3,faction-chapter:demon:3,choices.0.choiceId,support,,,explicit-serialized
FactionChapterDefinitionSO|faction-chapter:demon:3,faction-chapter:demon:3,choices.0.title,요구를 지원한다,,,explicit-serialized
FactionChapterDefinitionSO|faction-chapter:demon:3,faction-chapter:demon:3,choices.0.outcomeText,요구를 지원한다,,,explicit-serialized
FactionChapterDefinitionSO|faction-chapter:demon:3,faction-chapter:demon:3,choices.0.requirements.items.0.itemDefinitionId,component:rune-conductor,,,explicit-serialized
FactionChapterDefinitionSO|faction-chapter:demon:3,faction-chapter:demon:3,choices.0.requirements.items.0.amount,6,,,explicit-serialized
FactionChapterDefinitionSO|faction-chapter:demon:3,faction-chapter:demon:3,choices.0.requirements.items.0.consume,1,,,explicit-serialized
FactionChapterDefinitionSO|faction-chapter:demon:3,faction-chapter:demon:3,choices.0.requirements.facilities.0.buildingDefinitionId,,,,explicit-serialized
FactionChapterDefinitionSO|faction-chapter:demon:3,faction-chapter:demon:3,choices.0.requirements.facilities.0.capabilityId,Security,,,explicit-serialized
FactionChapterDefinitionSO|faction-chapter:demon:3,faction-chapter:demon:3,choices.0.requirements.facilities.0.minimumCount,1,,,explicit-serialized
FactionChapterDefinitionSO|faction-chapter:demon:3,faction-chapter:demon:3,choices.0.requirements.facilities.0.mustBeOperational,1,,,explicit-serialized
FactionChapterDefinitionSO|faction-chapter:demon:3,faction-chapter:demon:3,choices.0.requirements.research,[],,,explicit-serialized
FactionChapterDefinitionSO|faction-chapter:demon:3,faction-chapter:demon:3,choices.0.requirements.characters,[],,,explicit-serialized
FactionChapterDefinitionSO|faction-chapter:demon:3,faction-chapter:demon:3,choices.0.requirements.factions,[],,,explicit-serialized
FactionChapterDefinitionSO|faction-chapter:demon:3,faction-chapter:demon:3,choices.0.requirements.worldMetrics,[],,,explicit-serialized
FactionChapterDefinitionSO|faction-chapter:demon:3,faction-chapter:demon:3,choices.0.requirements.requiredFlags,[],,,explicit-serialized
FactionChapterDefinitionSO|faction-chapter:demon:3,faction-chapter:demon:3,choices.0.requirements.excludedFlags,[],,,explicit-serialized
FactionChapterDefinitionSO|faction-chapter:demon:3,faction-chapter:demon:3,choices.0.effects.0.kind,6,V20ContentEffectKind,FactionRapport (세력 우호도),explicit-serialized
FactionChapterDefinitionSO|faction-chapter:demon:3,faction-chapter:demon:3,choices.0.effects.0.targetId,faction:dungeon:demon,,,explicit-serialized
FactionChapterDefinitionSO|faction-chapter:demon:3,faction-chapter:demon:3,choices.0.effects.0.amount,8,,,explicit-serialized
FactionChapterDefinitionSO|faction-chapter:demon:3,faction-chapter:demon:3,choices.0.effects.0.durationDays,0,,,explicit-serialized
FactionChapterDefinitionSO|faction-chapter:demon:3,faction-chapter:demon:3,choices.0.effects.1.kind,13,V20ContentEffectKind,WorkDelayDays (작업 지연),explicit-serialized
FactionChapterDefinitionSO|faction-chapter:demon:3,faction-chapter:demon:3,choices.0.effects.1.targetId,faction-work:demon:3,,,explicit-serialized
FactionChapterDefinitionSO|faction-chapter:demon:3,faction-chapter:demon:3,choices.0.effects.1.amount,1,,,explicit-serialized
FactionChapterDefinitionSO|faction-chapter:demon:3,faction-chapter:demon:3,choices.0.effects.1.durationDays,0,,,explicit-serialized
FactionChapterDefinitionSO|faction-chapter:demon:3,faction-chapter:demon:3,choices.0.effects.2.kind,7,V20ContentEffectKind,FactionGrievance (세력 원한),explicit-serialized
FactionChapterDefinitionSO|faction-chapter:demon:3,faction-chapter:demon:3,choices.0.effects.2.targetId,faction:dungeon:golem,,,explicit-serialized
FactionChapterDefinitionSO|faction-chapter:demon:3,faction-chapter:demon:3,choices.0.effects.2.amount,3,,,explicit-serialized
FactionChapterDefinitionSO|faction-chapter:demon:3,faction-chapter:demon:3,choices.0.effects.2.durationDays,0,,,explicit-serialized
FactionChapterDefinitionSO|faction-chapter:demon:3,faction-chapter:demon:3,choices.1.choiceId,bargain,,,explicit-serialized
FactionChapterDefinitionSO|faction-chapter:demon:3,faction-chapter:demon:3,choices.1.title,절반의 비용과 의무를 협상한다,,,explicit-serialized
FactionChapterDefinitionSO|faction-chapter:demon:3,faction-chapter:demon:3,choices.1.outcomeText,절반의 비용과 의무를 협상한다,,,explicit-serialized
FactionChapterDefinitionSO|faction-chapter:demon:3,faction-chapter:demon:3,choices.1.requirements.items.0.itemDefinitionId,component:rune-conductor,,,explicit-serialized
FactionChapterDefinitionSO|faction-chapter:demon:3,faction-chapter:demon:3,choices.1.requirements.items.0.amount,3,,,explicit-serialized
FactionChapterDefinitionSO|faction-chapter:demon:3,faction-chapter:demon:3,choices.1.requirements.items.0.consume,1,,,explicit-serialized
FactionChapterDefinitionSO|faction-chapter:demon:3,faction-chapter:demon:3,choices.1.requirements.facilities.0.buildingDefinitionId,,,,explicit-serialized
FactionChapterDefinitionSO|faction-chapter:demon:3,faction-chapter:demon:3,choices.1.requirements.facilities.0.capabilityId,Security,,,explicit-serialized
FactionChapterDefinitionSO|faction-chapter:demon:3,faction-chapter:demon:3,choices.1.requirements.facilities.0.minimumCount,1,,,explicit-serialized
FactionChapterDefinitionSO|faction-chapter:demon:3,faction-chapter:demon:3,choices.1.requirements.facilities.0.mustBeOperational,1,,,explicit-serialized
FactionChapterDefinitionSO|faction-chapter:demon:3,faction-chapter:demon:3,choices.1.requirements.research,[],,,explicit-serialized
FactionChapterDefinitionSO|faction-chapter:demon:3,faction-chapter:demon:3,choices.1.requirements.characters,[],,,explicit-serialized
FactionChapterDefinitionSO|faction-chapter:demon:3,faction-chapter:demon:3,choices.1.requirements.factions,[],,,explicit-serialized
FactionChapterDefinitionSO|faction-chapter:demon:3,faction-chapter:demon:3,choices.1.requirements.worldMetrics,[],,,explicit-serialized
FactionChapterDefinitionSO|faction-chapter:demon:3,faction-chapter:demon:3,choices.1.requirements.requiredFlags,[],,,explicit-serialized
FactionChapterDefinitionSO|faction-chapter:demon:3,faction-chapter:demon:3,choices.1.requirements.excludedFlags,[],,,explicit-serialized
FactionChapterDefinitionSO|faction-chapter:demon:3,faction-chapter:demon:3,choices.1.effects.0.kind,6,V20ContentEffectKind,FactionRapport (세력 우호도),explicit-serialized
FactionChapterDefinitionSO|faction-chapter:demon:3,faction-chapter:demon:3,choices.1.effects.0.targetId,faction:dungeon:demon,,,explicit-serialized
FactionChapterDefinitionSO|faction-chapter:demon:3,faction-chapter:demon:3,choices.1.effects.0.amount,3,,,explicit-serialized
FactionChapterDefinitionSO|faction-chapter:demon:3,faction-chapter:demon:3,choices.1.effects.0.durationDays,0,,,explicit-serialized
FactionChapterDefinitionSO|faction-chapter:demon:3,faction-chapter:demon:3,choices.1.effects.1.kind,8,V20ContentEffectKind,FactionObligation (세력 의무),explicit-serialized
FactionChapterDefinitionSO|faction-chapter:demon:3,faction-chapter:demon:3,choices.1.effects.1.targetId,faction:dungeon:demon,,,explicit-serialized
FactionChapterDefinitionSO|faction-chapter:demon:3,faction-chapter:demon:3,choices.1.effects.1.amount,1,,,explicit-serialized
FactionChapterDefinitionSO|faction-chapter:demon:3,faction-chapter:demon:3,choices.1.effects.1.durationDays,0,,,explicit-serialized
FactionChapterDefinitionSO|faction-chapter:demon:3,faction-chapter:demon:3,choices.1.effects.2.kind,13,V20ContentEffectKind,WorkDelayDays (작업 지연),explicit-serialized
FactionChapterDefinitionSO|faction-chapter:demon:3,faction-chapter:demon:3,choices.1.effects.2.targetId,faction-work:demon:3:bargain,,,explicit-serialized
FactionChapterDefinitionSO|faction-chapter:demon:3,faction-chapter:demon:3,choices.1.effects.2.amount,1,,,explicit-serialized
FactionChapterDefinitionSO|faction-chapter:demon:3,faction-chapter:demon:3,choices.1.effects.2.durationDays,0,,,explicit-serialized
FactionChapterDefinitionSO|faction-chapter:demon:3,faction-chapter:demon:3,choices.1.effects.3.kind,6,V20ContentEffectKind,FactionRapport (세력 우호도),explicit-serialized
FactionChapterDefinitionSO|faction-chapter:demon:3,faction-chapter:demon:3,choices.1.effects.3.targetId,faction:dungeon:golem,,,explicit-serialized
FactionChapterDefinitionSO|faction-chapter:demon:3,faction-chapter:demon:3,choices.1.effects.3.amount,1,,,explicit-serialized
FactionChapterDefinitionSO|faction-chapter:demon:3,faction-chapter:demon:3,choices.1.effects.3.durationDays,0,,,explicit-serialized
FactionChapterDefinitionSO|faction-chapter:demon:3,faction-chapter:demon:3,choices.2.choiceId,refuse,,,explicit-serialized
FactionChapterDefinitionSO|faction-chapter:demon:3,faction-chapter:demon:3,choices.2.title,거절하고 후속 위험을 감수한다,,,explicit-serialized
FactionChapterDefinitionSO|faction-chapter:demon:3,faction-chapter:demon:3,choices.2.outcomeText,거절로 물자를 보존하지만 원한과 후속 위협이 남는다.,,,explicit-serialized
FactionChapterDefinitionSO|faction-chapter:demon:3,faction-chapter:demon:3,choices.2.requirements.items,[],,,explicit-serialized
FactionChapterDefinitionSO|faction-chapter:demon:3,faction-chapter:demon:3,choices.2.requirements.facilities,[],,,explicit-serialized
FactionChapterDefinitionSO|faction-chapter:demon:3,faction-chapter:demon:3,choices.2.requirements.research,[],,,explicit-serialized
FactionChapterDefinitionSO|faction-chapter:demon:3,faction-chapter:demon:3,choices.2.requirements.characters,[],,,explicit-serialized
FactionChapterDefinitionSO|faction-chapter:demon:3,faction-chapter:demon:3,choices.2.requirements.factions,[],,,explicit-serialized
FactionChapterDefinitionSO|faction-chapter:demon:3,faction-chapter:demon:3,choices.2.requirements.worldMetrics,[],,,explicit-serialized
FactionChapterDefinitionSO|faction-chapter:demon:3,faction-chapter:demon:3,choices.2.requirements.requiredFlags,[],,,explicit-serialized
FactionChapterDefinitionSO|faction-chapter:demon:3,faction-chapter:demon:3,choices.2.requirements.excludedFlags,[],,,explicit-serialized
FactionChapterDefinitionSO|faction-chapter:demon:3,faction-chapter:demon:3,choices.2.effects.0.kind,7,V20ContentEffectKind,FactionGrievance (세력 원한),explicit-serialized
FactionChapterDefinitionSO|faction-chapter:demon:3,faction-chapter:demon:3,choices.2.effects.0.targetId,faction:dungeon:demon,,,explicit-serialized
FactionChapterDefinitionSO|faction-chapter:demon:3,faction-chapter:demon:3,choices.2.effects.0.amount,6,,,explicit-serialized
FactionChapterDefinitionSO|faction-chapter:demon:3,faction-chapter:demon:3,choices.2.effects.0.durationDays,0,,,explicit-serialized
FactionChapterDefinitionSO|faction-chapter:demon:3,faction-chapter:demon:3,choices.2.effects.1.kind,14,V20ContentEffectKind,Threat (위협),explicit-serialized
FactionChapterDefinitionSO|faction-chapter:demon:3,faction-chapter:demon:3,choices.2.effects.1.targetId,faction-followup:demon:3,,,explicit-serialized
FactionChapterDefinitionSO|faction-chapter:demon:3,faction-chapter:demon:3,choices.2.effects.1.amount,1,,,explicit-serialized
FactionChapterDefinitionSO|faction-chapter:demon:3,faction-chapter:demon:3,choices.2.effects.1.durationDays,0,,,explicit-serialized
FactionChapterDefinitionSO|faction-chapter:demon:3,faction-chapter:demon:3,choices.2.effects.2.kind,6,V20ContentEffectKind,FactionRapport (세력 우호도),explicit-serialized
FactionChapterDefinitionSO|faction-chapter:demon:3,faction-chapter:demon:3,choices.2.effects.2.targetId,faction:dungeon:golem,,,explicit-serialized
FactionChapterDefinitionSO|faction-chapter:demon:3,faction-chapter:demon:3,choices.2.effects.2.amount,2,,,explicit-serialized
FactionChapterDefinitionSO|faction-chapter:demon:3,faction-chapter:demon:3,choices.2.effects.2.durationDays,0,,,explicit-serialized
FactionChapterDefinitionSO|faction-chapter:demon:4,faction-chapter:demon:4,m_Name,chapter_demon_4,,,explicit-serialized
FactionChapterDefinitionSO|faction-chapter:demon:4,faction-chapter:demon:4,stableId,faction-chapter:demon:4,,,explicit-serialized
FactionChapterDefinitionSO|faction-chapter:demon:4,faction-chapter:demon:4,displayName,계약을 고치는 손,,,explicit-serialized
FactionChapterDefinitionSO|faction-chapter:demon:4,faction-chapter:demon:4,description,"던전은 공개 중재, 채무 매입, 계약 파기 중 하나를 선택한다.",,,explicit-serialized
FactionChapterDefinitionSO|faction-chapter:demon:4,faction-chapter:demon:4,authoringRevision,1,,,explicit-serialized
FactionChapterDefinitionSO|faction-chapter:demon:4,faction-chapter:demon:4,sourceNote,V20 hand-authored faction/service manifest.,,,explicit-serialized
FactionChapterDefinitionSO|faction-chapter:demon:4,faction-chapter:demon:4,factionId,faction:dungeon:demon,,,explicit-serialized
FactionChapterDefinitionSO|faction-chapter:demon:4,faction-chapter:demon:4,chapterNumber,4,,,explicit-serialized
FactionChapterDefinitionSO|faction-chapter:demon:4,faction-chapter:demon:4,kind,3,FactionChapterKind,Intervention,explicit-serialized
FactionChapterDefinitionSO|faction-chapter:demon:4,faction-chapter:demon:4,crossFactionId,,,,explicit-serialized
FactionChapterDefinitionSO|faction-chapter:demon:4,faction-chapter:demon:4,triggerRequirements.items,[],,,explicit-serialized
FactionChapterDefinitionSO|faction-chapter:demon:4,faction-chapter:demon:4,triggerRequirements.facilities,[],,,explicit-serialized
FactionChapterDefinitionSO|faction-chapter:demon:4,faction-chapter:demon:4,triggerRequirements.research,[],,,explicit-serialized
FactionChapterDefinitionSO|faction-chapter:demon:4,faction-chapter:demon:4,triggerRequirements.characters,[],,,explicit-serialized
FactionChapterDefinitionSO|faction-chapter:demon:4,faction-chapter:demon:4,triggerRequirements.factions.0.factionId,faction:dungeon:demon,,,explicit-serialized
FactionChapterDefinitionSO|faction-chapter:demon:4,faction-chapter:demon:4,triggerRequirements.factions.0.minimumRapport,-100,,,explicit-serialized
FactionChapterDefinitionSO|faction-chapter:demon:4,faction-chapter:demon:4,triggerRequirements.factions.0.maximumGrievance,100,,,explicit-serialized
FactionChapterDefinitionSO|faction-chapter:demon:4,faction-chapter:demon:4,triggerRequirements.factions.0.minimumObligationTokens,0,,,explicit-serialized
FactionChapterDefinitionSO|faction-chapter:demon:4,faction-chapter:demon:4,triggerRequirements.worldMetrics,[],,,explicit-serialized
FactionChapterDefinitionSO|faction-chapter:demon:4,faction-chapter:demon:4,triggerRequirements.requiredFlags,[],,,explicit-serialized
FactionChapterDefinitionSO|faction-chapter:demon:4,faction-chapter:demon:4,triggerRequirements.excludedFlags,[],,,explicit-serialized
FactionChapterDefinitionSO|faction-chapter:demon:4,faction-chapter:demon:4,choices.0.choiceId,support,,,explicit-serialized
FactionChapterDefinitionSO|faction-chapter:demon:4,faction-chapter:demon:4,choices.0.title,요구를 지원한다,,,explicit-serialized
FactionChapterDefinitionSO|faction-chapter:demon:4,faction-chapter:demon:4,choices.0.outcomeText,요구를 지원한다,,,explicit-serialized
FactionChapterDefinitionSO|faction-chapter:demon:4,faction-chapter:demon:4,choices.0.requirements.items.0.itemDefinitionId,material:paper,,,explicit-serialized
FactionChapterDefinitionSO|faction-chapter:demon:4,faction-chapter:demon:4,choices.0.requirements.items.0.amount,7,,,explicit-serialized
FactionChapterDefinitionSO|faction-chapter:demon:4,faction-chapter:demon:4,choices.0.requirements.items.0.consume,1,,,explicit-serialized
FactionChapterDefinitionSO|faction-chapter:demon:4,faction-chapter:demon:4,choices.0.requirements.facilities.0.buildingDefinitionId,,,,explicit-serialized
FactionChapterDefinitionSO|faction-chapter:demon:4,faction-chapter:demon:4,choices.0.requirements.facilities.0.capabilityId,Administration,,,explicit-serialized
FactionChapterDefinitionSO|faction-chapter:demon:4,faction-chapter:demon:4,choices.0.requirements.facilities.0.minimumCount,1,,,explicit-serialized
FactionChapterDefinitionSO|faction-chapter:demon:4,faction-chapter:demon:4,choices.0.requirements.facilities.0.mustBeOperational,1,,,explicit-serialized
FactionChapterDefinitionSO|faction-chapter:demon:4,faction-chapter:demon:4,choices.0.requirements.research,[],,,explicit-serialized
FactionChapterDefinitionSO|faction-chapter:demon:4,faction-chapter:demon:4,choices.0.requirements.characters,[],,,explicit-serialized
FactionChapterDefinitionSO|faction-chapter:demon:4,faction-chapter:demon:4,choices.0.requirements.factions,[],,,explicit-serialized
FactionChapterDefinitionSO|faction-chapter:demon:4,faction-chapter:demon:4,choices.0.requirements.worldMetrics,[],,,explicit-serialized
FactionChapterDefinitionSO|faction-chapter:demon:4,faction-chapter:demon:4,choices.0.requirements.requiredFlags,[],,,explicit-serialized
FactionChapterDefinitionSO|faction-chapter:demon:4,faction-chapter:demon:4,choices.0.requirements.excludedFlags,[],,,explicit-serialized
FactionChapterDefinitionSO|faction-chapter:demon:4,faction-chapter:demon:4,choices.0.effects.0.kind,6,V20ContentEffectKind,FactionRapport (세력 우호도),explicit-serialized
FactionChapterDefinitionSO|faction-chapter:demon:4,faction-chapter:demon:4,choices.0.effects.0.targetId,faction:dungeon:demon,,,explicit-serialized
FactionChapterDefinitionSO|faction-chapter:demon:4,faction-chapter:demon:4,choices.0.effects.0.amount,9,,,explicit-serialized
FactionChapterDefinitionSO|faction-chapter:demon:4,faction-chapter:demon:4,choices.0.effects.0.durationDays,0,,,explicit-serialized
FactionChapterDefinitionSO|faction-chapter:demon:4,faction-chapter:demon:4,choices.0.effects.1.kind,13,V20ContentEffectKind,WorkDelayDays (작업 지연),explicit-serialized
FactionChapterDefinitionSO|faction-chapter:demon:4,faction-chapter:demon:4,choices.0.effects.1.targetId,faction-work:demon:4,,,explicit-serialized
FactionChapterDefinitionSO|faction-chapter:demon:4,faction-chapter:demon:4,choices.0.effects.1.amount,2,,,explicit-serialized
FactionChapterDefinitionSO|faction-chapter:demon:4,faction-chapter:demon:4,choices.0.effects.1.durationDays,0,,,explicit-serialized
FactionChapterDefinitionSO|faction-chapter:demon:4,faction-chapter:demon:4,choices.1.choiceId,bargain,,,explicit-serialized
FactionChapterDefinitionSO|faction-chapter:demon:4,faction-chapter:demon:4,choices.1.title,절반의 비용과 의무를 협상한다,,,explicit-serialized
FactionChapterDefinitionSO|faction-chapter:demon:4,faction-chapter:demon:4,choices.1.outcomeText,절반의 비용과 의무를 협상한다,,,explicit-serialized
FactionChapterDefinitionSO|faction-chapter:demon:4,faction-chapter:demon:4,choices.1.requirements.items.0.itemDefinitionId,material:paper,,,explicit-serialized
FactionChapterDefinitionSO|faction-chapter:demon:4,faction-chapter:demon:4,choices.1.requirements.items.0.amount,4,,,explicit-serialized
FactionChapterDefinitionSO|faction-chapter:demon:4,faction-chapter:demon:4,choices.1.requirements.items.0.consume,1,,,explicit-serialized
FactionChapterDefinitionSO|faction-chapter:demon:4,faction-chapter:demon:4,choices.1.requirements.facilities.0.buildingDefinitionId,,,,explicit-serialized
FactionChapterDefinitionSO|faction-chapter:demon:4,faction-chapter:demon:4,choices.1.requirements.facilities.0.capabilityId,Administration,,,explicit-serialized
FactionChapterDefinitionSO|faction-chapter:demon:4,faction-chapter:demon:4,choices.1.requirements.facilities.0.minimumCount,1,,,explicit-serialized
FactionChapterDefinitionSO|faction-chapter:demon:4,faction-chapter:demon:4,choices.1.requirements.facilities.0.mustBeOperational,1,,,explicit-serialized
FactionChapterDefinitionSO|faction-chapter:demon:4,faction-chapter:demon:4,choices.1.requirements.research,[],,,explicit-serialized
FactionChapterDefinitionSO|faction-chapter:demon:4,faction-chapter:demon:4,choices.1.requirements.characters,[],,,explicit-serialized
FactionChapterDefinitionSO|faction-chapter:demon:4,faction-chapter:demon:4,choices.1.requirements.factions,[],,,explicit-serialized
FactionChapterDefinitionSO|faction-chapter:demon:4,faction-chapter:demon:4,choices.1.requirements.worldMetrics,[],,,explicit-serialized
FactionChapterDefinitionSO|faction-chapter:demon:4,faction-chapter:demon:4,choices.1.requirements.requiredFlags,[],,,explicit-serialized
FactionChapterDefinitionSO|faction-chapter:demon:4,faction-chapter:demon:4,choices.1.requirements.excludedFlags,[],,,explicit-serialized
FactionChapterDefinitionSO|faction-chapter:demon:4,faction-chapter:demon:4,choices.1.effects.0.kind,6,V20ContentEffectKind,FactionRapport (세력 우호도),explicit-serialized
FactionChapterDefinitionSO|faction-chapter:demon:4,faction-chapter:demon:4,choices.1.effects.0.targetId,faction:dungeon:demon,,,explicit-serialized
FactionChapterDefinitionSO|faction-chapter:demon:4,faction-chapter:demon:4,choices.1.effects.0.amount,4,,,explicit-serialized
FactionChapterDefinitionSO|faction-chapter:demon:4,faction-chapter:demon:4,choices.1.effects.0.durationDays,0,,,explicit-serialized
FactionChapterDefinitionSO|faction-chapter:demon:4,faction-chapter:demon:4,choices.1.effects.1.kind,8,V20ContentEffectKind,FactionObligation (세력 의무),explicit-serialized
FactionChapterDefinitionSO|faction-chapter:demon:4,faction-chapter:demon:4,choices.1.effects.1.targetId,faction:dungeon:demon,,,explicit-serialized
FactionChapterDefinitionSO|faction-chapter:demon:4,faction-chapter:demon:4,choices.1.effects.1.amount,1,,,explicit-serialized
FactionChapterDefinitionSO|faction-chapter:demon:4,faction-chapter:demon:4,choices.1.effects.1.durationDays,0,,,explicit-serialized
FactionChapterDefinitionSO|faction-chapter:demon:4,faction-chapter:demon:4,choices.1.effects.2.kind,13,V20ContentEffectKind,WorkDelayDays (작업 지연),explicit-serialized
FactionChapterDefinitionSO|faction-chapter:demon:4,faction-chapter:demon:4,choices.1.effects.2.targetId,faction-work:demon:4:bargain,,,explicit-serialized
FactionChapterDefinitionSO|faction-chapter:demon:4,faction-chapter:demon:4,choices.1.effects.2.amount,1,,,explicit-serialized
FactionChapterDefinitionSO|faction-chapter:demon:4,faction-chapter:demon:4,choices.1.effects.2.durationDays,0,,,explicit-serialized
FactionChapterDefinitionSO|faction-chapter:demon:4,faction-chapter:demon:4,choices.2.choiceId,refuse,,,explicit-serialized
FactionChapterDefinitionSO|faction-chapter:demon:4,faction-chapter:demon:4,choices.2.title,거절하고 후속 위험을 감수한다,,,explicit-serialized
FactionChapterDefinitionSO|faction-chapter:demon:4,faction-chapter:demon:4,choices.2.outcomeText,거절로 물자를 보존하지만 원한과 후속 위협이 남는다.,,,explicit-serialized
FactionChapterDefinitionSO|faction-chapter:demon:4,faction-chapter:demon:4,choices.2.requirements.items,[],,,explicit-serialized
FactionChapterDefinitionSO|faction-chapter:demon:4,faction-chapter:demon:4,choices.2.requirements.facilities,[],,,explicit-serialized
FactionChapterDefinitionSO|faction-chapter:demon:4,faction-chapter:demon:4,choices.2.requirements.research,[],,,explicit-serialized
FactionChapterDefinitionSO|faction-chapter:demon:4,faction-chapter:demon:4,choices.2.requirements.characters,[],,,explicit-serialized
FactionChapterDefinitionSO|faction-chapter:demon:4,faction-chapter:demon:4,choices.2.requirements.factions,[],,,explicit-serialized
FactionChapterDefinitionSO|faction-chapter:demon:4,faction-chapter:demon:4,choices.2.requirements.worldMetrics,[],,,explicit-serialized
FactionChapterDefinitionSO|faction-chapter:demon:4,faction-chapter:demon:4,choices.2.requirements.requiredFlags,[],,,explicit-serialized
FactionChapterDefinitionSO|faction-chapter:demon:4,faction-chapter:demon:4,choices.2.requirements.excludedFlags,[],,,explicit-serialized
FactionChapterDefinitionSO|faction-chapter:demon:4,faction-chapter:demon:4,choices.2.effects.0.kind,7,V20ContentEffectKind,FactionGrievance (세력 원한),explicit-serialized
FactionChapterDefinitionSO|faction-chapter:demon:4,faction-chapter:demon:4,choices.2.effects.0.targetId,faction:dungeon:demon,,,explicit-serialized
FactionChapterDefinitionSO|faction-chapter:demon:4,faction-chapter:demon:4,choices.2.effects.0.amount,7,,,explicit-serialized
FactionChapterDefinitionSO|faction-chapter:demon:4,faction-chapter:demon:4,choices.2.effects.0.durationDays,0,,,explicit-serialized
FactionChapterDefinitionSO|faction-chapter:demon:4,faction-chapter:demon:4,choices.2.effects.1.kind,14,V20ContentEffectKind,Threat (위협),explicit-serialized
FactionChapterDefinitionSO|faction-chapter:demon:4,faction-chapter:demon:4,choices.2.effects.1.targetId,faction-followup:demon:4,,,explicit-serialized
FactionChapterDefinitionSO|faction-chapter:demon:4,faction-chapter:demon:4,choices.2.effects.1.amount,1,,,explicit-serialized
FactionChapterDefinitionSO|faction-chapter:demon:4,faction-chapter:demon:4,choices.2.effects.1.durationDays,0,,,explicit-serialized
FactionChapterDefinitionSO|faction-chapter:demon:5,faction-chapter:demon:5,m_Name,chapter_demon_5,,,explicit-serialized
FactionChapterDefinitionSO|faction-chapter:demon:5,faction-chapter:demon:5,stableId,faction-chapter:demon:5,,,explicit-serialized
FactionChapterDefinitionSO|faction-chapter:demon:5,faction-chapter:demon:5,displayName,불타지 않는 조항,,,explicit-serialized
FactionChapterDefinitionSO|faction-chapter:demon:5,faction-chapter:demon:5,description,강경 계약자가 파기해도 사라지지 않는 숨은 조항을 발동한다.,,,explicit-serialized
FactionChapterDefinitionSO|faction-chapter:demon:5,faction-chapter:demon:5,authoringRevision,1,,,explicit-serialized
FactionChapterDefinitionSO|faction-chapter:demon:5,faction-chapter:demon:5,sourceNote,V20 hand-authored faction/service manifest.,,,explicit-serialized
FactionChapterDefinitionSO|faction-chapter:demon:5,faction-chapter:demon:5,factionId,faction:dungeon:demon,,,explicit-serialized
FactionChapterDefinitionSO|faction-chapter:demon:5,faction-chapter:demon:5,chapterNumber,5,,,explicit-serialized
FactionChapterDefinitionSO|faction-chapter:demon:5,faction-chapter:demon:5,kind,4,FactionChapterKind,Crisis Or Betrayal,explicit-serialized
FactionChapterDefinitionSO|faction-chapter:demon:5,faction-chapter:demon:5,crossFactionId,,,,explicit-serialized
FactionChapterDefinitionSO|faction-chapter:demon:5,faction-chapter:demon:5,triggerRequirements.items,[],,,explicit-serialized
FactionChapterDefinitionSO|faction-chapter:demon:5,faction-chapter:demon:5,triggerRequirements.facilities,[],,,explicit-serialized
FactionChapterDefinitionSO|faction-chapter:demon:5,faction-chapter:demon:5,triggerRequirements.research,[],,,explicit-serialized
FactionChapterDefinitionSO|faction-chapter:demon:5,faction-chapter:demon:5,triggerRequirements.characters,[],,,explicit-serialized
FactionChapterDefinitionSO|faction-chapter:demon:5,faction-chapter:demon:5,triggerRequirements.factions.0.factionId,faction:dungeon:demon,,,explicit-serialized
FactionChapterDefinitionSO|faction-chapter:demon:5,faction-chapter:demon:5,triggerRequirements.factions.0.minimumRapport,-100,,,explicit-serialized
FactionChapterDefinitionSO|faction-chapter:demon:5,faction-chapter:demon:5,triggerRequirements.factions.0.maximumGrievance,100,,,explicit-serialized
FactionChapterDefinitionSO|faction-chapter:demon:5,faction-chapter:demon:5,triggerRequirements.factions.0.minimumObligationTokens,0,,,explicit-serialized
FactionChapterDefinitionSO|faction-chapter:demon:5,faction-chapter:demon:5,triggerRequirements.worldMetrics,[],,,explicit-serialized
FactionChapterDefinitionSO|faction-chapter:demon:5,faction-chapter:demon:5,triggerRequirements.requiredFlags,[],,,explicit-serialized
FactionChapterDefinitionSO|faction-chapter:demon:5,faction-chapter:demon:5,triggerRequirements.excludedFlags,[],,,explicit-serialized
FactionChapterDefinitionSO|faction-chapter:demon:5,faction-chapter:demon:5,choices.0.choiceId,support,,,explicit-serialized
FactionChapterDefinitionSO|faction-chapter:demon:5,faction-chapter:demon:5,choices.0.title,요구를 지원한다,,,explicit-serialized
FactionChapterDefinitionSO|faction-chapter:demon:5,faction-chapter:demon:5,choices.0.outcomeText,요구를 지원한다,,,explicit-serialized
FactionChapterDefinitionSO|faction-chapter:demon:5,faction-chapter:demon:5,choices.0.requirements.items.0.itemDefinitionId,component:rune-conductor,,,explicit-serialized
FactionChapterDefinitionSO|faction-chapter:demon:5,faction-chapter:demon:5,choices.0.requirements.items.0.amount,8,,,explicit-serialized
FactionChapterDefinitionSO|faction-chapter:demon:5,faction-chapter:demon:5,choices.0.requirements.items.0.consume,1,,,explicit-serialized
FactionChapterDefinitionSO|faction-chapter:demon:5,faction-chapter:demon:5,choices.0.requirements.facilities.0.buildingDefinitionId,,,,explicit-serialized
FactionChapterDefinitionSO|faction-chapter:demon:5,faction-chapter:demon:5,choices.0.requirements.facilities.0.capabilityId,Security,,,explicit-serialized
FactionChapterDefinitionSO|faction-chapter:demon:5,faction-chapter:demon:5,choices.0.requirements.facilities.0.minimumCount,1,,,explicit-serialized
FactionChapterDefinitionSO|faction-chapter:demon:5,faction-chapter:demon:5,choices.0.requirements.facilities.0.mustBeOperational,1,,,explicit-serialized
FactionChapterDefinitionSO|faction-chapter:demon:5,faction-chapter:demon:5,choices.0.requirements.research,[],,,explicit-serialized
FactionChapterDefinitionSO|faction-chapter:demon:5,faction-chapter:demon:5,choices.0.requirements.characters,[],,,explicit-serialized
FactionChapterDefinitionSO|faction-chapter:demon:5,faction-chapter:demon:5,choices.0.requirements.factions,[],,,explicit-serialized
FactionChapterDefinitionSO|faction-chapter:demon:5,faction-chapter:demon:5,choices.0.requirements.worldMetrics,[],,,explicit-serialized
FactionChapterDefinitionSO|faction-chapter:demon:5,faction-chapter:demon:5,choices.0.requirements.requiredFlags,[],,,explicit-serialized
FactionChapterDefinitionSO|faction-chapter:demon:5,faction-chapter:demon:5,choices.0.requirements.excludedFlags,[],,,explicit-serialized
FactionChapterDefinitionSO|faction-chapter:demon:5,faction-chapter:demon:5,choices.0.effects.0.kind,6,V20ContentEffectKind,FactionRapport (세력 우호도),explicit-serialized
FactionChapterDefinitionSO|faction-chapter:demon:5,faction-chapter:demon:5,choices.0.effects.0.targetId,faction:dungeon:demon,,,explicit-serialized
FactionChapterDefinitionSO|faction-chapter:demon:5,faction-chapter:demon:5,choices.0.effects.0.amount,10,,,explicit-serialized
FactionChapterDefinitionSO|faction-chapter:demon:5,faction-chapter:demon:5,choices.0.effects.0.durationDays,0,,,explicit-serialized
FactionChapterDefinitionSO|faction-chapter:demon:5,faction-chapter:demon:5,choices.0.effects.1.kind,13,V20ContentEffectKind,WorkDelayDays (작업 지연),explicit-serialized
FactionChapterDefinitionSO|faction-chapter:demon:5,faction-chapter:demon:5,choices.0.effects.1.targetId,faction-work:demon:5,,,explicit-serialized
FactionChapterDefinitionSO|faction-chapter:demon:5,faction-chapter:demon:5,choices.0.effects.1.amount,3,,,explicit-serialized
FactionChapterDefinitionSO|faction-chapter:demon:5,faction-chapter:demon:5,choices.0.effects.1.durationDays,0,,,explicit-serialized
FactionChapterDefinitionSO|faction-chapter:demon:5,faction-chapter:demon:5,choices.1.choiceId,bargain,,,explicit-serialized
FactionChapterDefinitionSO|faction-chapter:demon:5,faction-chapter:demon:5,choices.1.title,절반의 비용과 의무를 협상한다,,,explicit-serialized
FactionChapterDefinitionSO|faction-chapter:demon:5,faction-chapter:demon:5,choices.1.outcomeText,절반의 비용과 의무를 협상한다,,,explicit-serialized
FactionChapterDefinitionSO|faction-chapter:demon:5,faction-chapter:demon:5,choices.1.requirements.items.0.itemDefinitionId,component:rune-conductor,,,explicit-serialized
FactionChapterDefinitionSO|faction-chapter:demon:5,faction-chapter:demon:5,choices.1.requirements.items.0.amount,4,,,explicit-serialized
FactionChapterDefinitionSO|faction-chapter:demon:5,faction-chapter:demon:5,choices.1.requirements.items.0.consume,1,,,explicit-serialized
FactionChapterDefinitionSO|faction-chapter:demon:5,faction-chapter:demon:5,choices.1.requirements.facilities.0.buildingDefinitionId,,,,explicit-serialized
FactionChapterDefinitionSO|faction-chapter:demon:5,faction-chapter:demon:5,choices.1.requirements.facilities.0.capabilityId,Security,,,explicit-serialized
FactionChapterDefinitionSO|faction-chapter:demon:5,faction-chapter:demon:5,choices.1.requirements.facilities.0.minimumCount,1,,,explicit-serialized
FactionChapterDefinitionSO|faction-chapter:demon:5,faction-chapter:demon:5,choices.1.requirements.facilities.0.mustBeOperational,1,,,explicit-serialized
FactionChapterDefinitionSO|faction-chapter:demon:5,faction-chapter:demon:5,choices.1.requirements.research,[],,,explicit-serialized
FactionChapterDefinitionSO|faction-chapter:demon:5,faction-chapter:demon:5,choices.1.requirements.characters,[],,,explicit-serialized
FactionChapterDefinitionSO|faction-chapter:demon:5,faction-chapter:demon:5,choices.1.requirements.factions,[],,,explicit-serialized
FactionChapterDefinitionSO|faction-chapter:demon:5,faction-chapter:demon:5,choices.1.requirements.worldMetrics,[],,,explicit-serialized
FactionChapterDefinitionSO|faction-chapter:demon:5,faction-chapter:demon:5,choices.1.requirements.requiredFlags,[],,,explicit-serialized
FactionChapterDefinitionSO|faction-chapter:demon:5,faction-chapter:demon:5,choices.1.requirements.excludedFlags,[],,,explicit-serialized
FactionChapterDefinitionSO|faction-chapter:demon:5,faction-chapter:demon:5,choices.1.effects.0.kind,6,V20ContentEffectKind,FactionRapport (세력 우호도),explicit-serialized
FactionChapterDefinitionSO|faction-chapter:demon:5,faction-chapter:demon:5,choices.1.effects.0.targetId,faction:dungeon:demon,,,explicit-serialized
FactionChapterDefinitionSO|faction-chapter:demon:5,faction-chapter:demon:5,choices.1.effects.0.amount,4,,,explicit-serialized
FactionChapterDefinitionSO|faction-chapter:demon:5,faction-chapter:demon:5,choices.1.effects.0.durationDays,0,,,explicit-serialized
FactionChapterDefinitionSO|faction-chapter:demon:5,faction-chapter:demon:5,choices.1.effects.1.kind,8,V20ContentEffectKind,FactionObligation (세력 의무),explicit-serialized
FactionChapterDefinitionSO|faction-chapter:demon:5,faction-chapter:demon:5,choices.1.effects.1.targetId,faction:dungeon:demon,,,explicit-serialized
FactionChapterDefinitionSO|faction-chapter:demon:5,faction-chapter:demon:5,choices.1.effects.1.amount,1,,,explicit-serialized
FactionChapterDefinitionSO|faction-chapter:demon:5,faction-chapter:demon:5,choices.1.effects.1.durationDays,0,,,explicit-serialized
FactionChapterDefinitionSO|faction-chapter:demon:5,faction-chapter:demon:5,choices.1.effects.2.kind,13,V20ContentEffectKind,WorkDelayDays (작업 지연),explicit-serialized
FactionChapterDefinitionSO|faction-chapter:demon:5,faction-chapter:demon:5,choices.1.effects.2.targetId,faction-work:demon:5:bargain,,,explicit-serialized
FactionChapterDefinitionSO|faction-chapter:demon:5,faction-chapter:demon:5,choices.1.effects.2.amount,1,,,explicit-serialized
FactionChapterDefinitionSO|faction-chapter:demon:5,faction-chapter:demon:5,choices.1.effects.2.durationDays,0,,,explicit-serialized
FactionChapterDefinitionSO|faction-chapter:demon:5,faction-chapter:demon:5,choices.2.choiceId,refuse,,,explicit-serialized
FactionChapterDefinitionSO|faction-chapter:demon:5,faction-chapter:demon:5,choices.2.title,거절하고 후속 위험을 감수한다,,,explicit-serialized
FactionChapterDefinitionSO|faction-chapter:demon:5,faction-chapter:demon:5,choices.2.outcomeText,거절로 물자를 보존하지만 원한과 후속 위협이 남는다.,,,explicit-serialized
FactionChapterDefinitionSO|faction-chapter:demon:5,faction-chapter:demon:5,choices.2.requirements.items,[],,,explicit-serialized
FactionChapterDefinitionSO|faction-chapter:demon:5,faction-chapter:demon:5,choices.2.requirements.facilities,[],,,explicit-serialized
FactionChapterDefinitionSO|faction-chapter:demon:5,faction-chapter:demon:5,choices.2.requirements.research,[],,,explicit-serialized
FactionChapterDefinitionSO|faction-chapter:demon:5,faction-chapter:demon:5,choices.2.requirements.characters,[],,,explicit-serialized
FactionChapterDefinitionSO|faction-chapter:demon:5,faction-chapter:demon:5,choices.2.requirements.factions,[],,,explicit-serialized
FactionChapterDefinitionSO|faction-chapter:demon:5,faction-chapter:demon:5,choices.2.requirements.worldMetrics,[],,,explicit-serialized
FactionChapterDefinitionSO|faction-chapter:demon:5,faction-chapter:demon:5,choices.2.requirements.requiredFlags,[],,,explicit-serialized
FactionChapterDefinitionSO|faction-chapter:demon:5,faction-chapter:demon:5,choices.2.requirements.excludedFlags,[],,,explicit-serialized
FactionChapterDefinitionSO|faction-chapter:demon:5,faction-chapter:demon:5,choices.2.effects.0.kind,7,V20ContentEffectKind,FactionGrievance (세력 원한),explicit-serialized
FactionChapterDefinitionSO|faction-chapter:demon:5,faction-chapter:demon:5,choices.2.effects.0.targetId,faction:dungeon:demon,,,explicit-serialized
FactionChapterDefinitionSO|faction-chapter:demon:5,faction-chapter:demon:5,choices.2.effects.0.amount,8,,,explicit-serialized
FactionChapterDefinitionSO|faction-chapter:demon:5,faction-chapter:demon:5,choices.2.effects.0.durationDays,0,,,explicit-serialized
FactionChapterDefinitionSO|faction-chapter:demon:5,faction-chapter:demon:5,choices.2.effects.1.kind,14,V20ContentEffectKind,Threat (위협),explicit-serialized
FactionChapterDefinitionSO|faction-chapter:demon:5,faction-chapter:demon:5,choices.2.effects.1.targetId,faction-followup:demon:5,,,explicit-serialized
FactionChapterDefinitionSO|faction-chapter:demon:5,faction-chapter:demon:5,choices.2.effects.1.amount,1,,,explicit-serialized
FactionChapterDefinitionSO|faction-chapter:demon:5,faction-chapter:demon:5,choices.2.effects.1.durationDays,0,,,explicit-serialized
FactionChapterDefinitionSO|faction-chapter:demon:6,faction-chapter:demon:6,m_Name,chapter_demon_6,,,explicit-serialized
FactionChapterDefinitionSO|faction-chapter:demon:6,faction-chapter:demon:6,stableId,faction-chapter:demon:6,,,explicit-serialized
FactionChapterDefinitionSO|faction-chapter:demon:6,faction-chapter:demon:6,displayName,재 위의 새 인장,,,explicit-serialized
FactionChapterDefinitionSO|faction-chapter:demon:6,faction-chapter:demon:6,description,계약정과의 관계를 동맹·종속·결별로 새 인장에 새긴다.,,,explicit-serialized
FactionChapterDefinitionSO|faction-chapter:demon:6,faction-chapter:demon:6,authoringRevision,1,,,explicit-serialized
FactionChapterDefinitionSO|faction-chapter:demon:6,faction-chapter:demon:6,sourceNote,V20 hand-authored faction/service manifest.,,,explicit-serialized
FactionChapterDefinitionSO|faction-chapter:demon:6,faction-chapter:demon:6,factionId,faction:dungeon:demon,,,explicit-serialized
FactionChapterDefinitionSO|faction-chapter:demon:6,faction-chapter:demon:6,chapterNumber,6,,,explicit-serialized
FactionChapterDefinitionSO|faction-chapter:demon:6,faction-chapter:demon:6,kind,5,FactionChapterKind,Resolution,explicit-serialized
FactionChapterDefinitionSO|faction-chapter:demon:6,faction-chapter:demon:6,crossFactionId,,,,explicit-serialized
FactionChapterDefinitionSO|faction-chapter:demon:6,faction-chapter:demon:6,triggerRequirements.items,[],,,explicit-serialized
FactionChapterDefinitionSO|faction-chapter:demon:6,faction-chapter:demon:6,triggerRequirements.facilities,[],,,explicit-serialized
FactionChapterDefinitionSO|faction-chapter:demon:6,faction-chapter:demon:6,triggerRequirements.research,[],,,explicit-serialized
FactionChapterDefinitionSO|faction-chapter:demon:6,faction-chapter:demon:6,triggerRequirements.characters,[],,,explicit-serialized
FactionChapterDefinitionSO|faction-chapter:demon:6,faction-chapter:demon:6,triggerRequirements.factions.0.factionId,faction:dungeon:demon,,,explicit-serialized
FactionChapterDefinitionSO|faction-chapter:demon:6,faction-chapter:demon:6,triggerRequirements.factions.0.minimumRapport,-100,,,explicit-serialized
FactionChapterDefinitionSO|faction-chapter:demon:6,faction-chapter:demon:6,triggerRequirements.factions.0.maximumGrievance,100,,,explicit-serialized
FactionChapterDefinitionSO|faction-chapter:demon:6,faction-chapter:demon:6,triggerRequirements.factions.0.minimumObligationTokens,0,,,explicit-serialized
FactionChapterDefinitionSO|faction-chapter:demon:6,faction-chapter:demon:6,triggerRequirements.worldMetrics,[],,,explicit-serialized
FactionChapterDefinitionSO|faction-chapter:demon:6,faction-chapter:demon:6,triggerRequirements.requiredFlags,[],,,explicit-serialized
FactionChapterDefinitionSO|faction-chapter:demon:6,faction-chapter:demon:6,triggerRequirements.excludedFlags,[],,,explicit-serialized
FactionChapterDefinitionSO|faction-chapter:demon:6,faction-chapter:demon:6,choices.0.choiceId,support,,,explicit-serialized
FactionChapterDefinitionSO|faction-chapter:demon:6,faction-chapter:demon:6,choices.0.title,요구를 지원한다,,,explicit-serialized
FactionChapterDefinitionSO|faction-chapter:demon:6,faction-chapter:demon:6,choices.0.outcomeText,요구를 지원한다,,,explicit-serialized
FactionChapterDefinitionSO|faction-chapter:demon:6,faction-chapter:demon:6,choices.0.requirements.items.0.itemDefinitionId,tool:administrative-seal,,,explicit-serialized
FactionChapterDefinitionSO|faction-chapter:demon:6,faction-chapter:demon:6,choices.0.requirements.items.0.amount,9,,,explicit-serialized
FactionChapterDefinitionSO|faction-chapter:demon:6,faction-chapter:demon:6,choices.0.requirements.items.0.consume,1,,,explicit-serialized
FactionChapterDefinitionSO|faction-chapter:demon:6,faction-chapter:demon:6,choices.0.requirements.facilities.0.buildingDefinitionId,,,,explicit-serialized
FactionChapterDefinitionSO|faction-chapter:demon:6,faction-chapter:demon:6,choices.0.requirements.facilities.0.capabilityId,Administration,,,explicit-serialized
FactionChapterDefinitionSO|faction-chapter:demon:6,faction-chapter:demon:6,choices.0.requirements.facilities.0.minimumCount,1,,,explicit-serialized
FactionChapterDefinitionSO|faction-chapter:demon:6,faction-chapter:demon:6,choices.0.requirements.facilities.0.mustBeOperational,1,,,explicit-serialized
FactionChapterDefinitionSO|faction-chapter:demon:6,faction-chapter:demon:6,choices.0.requirements.research,[],,,explicit-serialized
FactionChapterDefinitionSO|faction-chapter:demon:6,faction-chapter:demon:6,choices.0.requirements.characters,[],,,explicit-serialized
FactionChapterDefinitionSO|faction-chapter:demon:6,faction-chapter:demon:6,choices.0.requirements.factions,[],,,explicit-serialized
FactionChapterDefinitionSO|faction-chapter:demon:6,faction-chapter:demon:6,choices.0.requirements.worldMetrics,[],,,explicit-serialized
FactionChapterDefinitionSO|faction-chapter:demon:6,faction-chapter:demon:6,choices.0.requirements.requiredFlags,[],,,explicit-serialized
FactionChapterDefinitionSO|faction-chapter:demon:6,faction-chapter:demon:6,choices.0.requirements.excludedFlags,[],,,explicit-serialized
FactionChapterDefinitionSO|faction-chapter:demon:6,faction-chapter:demon:6,choices.0.effects.0.kind,6,V20ContentEffectKind,FactionRapport (세력 우호도),explicit-serialized
FactionChapterDefinitionSO|faction-chapter:demon:6,faction-chapter:demon:6,choices.0.effects.0.targetId,faction:dungeon:demon,,,explicit-serialized
FactionChapterDefinitionSO|faction-chapter:demon:6,faction-chapter:demon:6,choices.0.effects.0.amount,11,,,explicit-serialized
FactionChapterDefinitionSO|faction-chapter:demon:6,faction-chapter:demon:6,choices.0.effects.0.durationDays,0,,,explicit-serialized
FactionChapterDefinitionSO|faction-chapter:demon:6,faction-chapter:demon:6,choices.0.effects.1.kind,13,V20ContentEffectKind,WorkDelayDays (작업 지연),explicit-serialized
FactionChapterDefinitionSO|faction-chapter:demon:6,faction-chapter:demon:6,choices.0.effects.1.targetId,faction-work:demon:6,,,explicit-serialized
FactionChapterDefinitionSO|faction-chapter:demon:6,faction-chapter:demon:6,choices.0.effects.1.amount,1,,,explicit-serialized
FactionChapterDefinitionSO|faction-chapter:demon:6,faction-chapter:demon:6,choices.0.effects.1.durationDays,0,,,explicit-serialized
FactionChapterDefinitionSO|faction-chapter:demon:6,faction-chapter:demon:6,choices.1.choiceId,bargain,,,explicit-serialized
FactionChapterDefinitionSO|faction-chapter:demon:6,faction-chapter:demon:6,choices.1.title,절반의 비용과 의무를 협상한다,,,explicit-serialized
FactionChapterDefinitionSO|faction-chapter:demon:6,faction-chapter:demon:6,choices.1.outcomeText,절반의 비용과 의무를 협상한다,,,explicit-serialized
FactionChapterDefinitionSO|faction-chapter:demon:6,faction-chapter:demon:6,choices.1.requirements.items.0.itemDefinitionId,tool:administrative-seal,,,explicit-serialized
FactionChapterDefinitionSO|faction-chapter:demon:6,faction-chapter:demon:6,choices.1.requirements.items.0.amount,5,,,explicit-serialized
FactionChapterDefinitionSO|faction-chapter:demon:6,faction-chapter:demon:6,choices.1.requirements.items.0.consume,1,,,explicit-serialized
FactionChapterDefinitionSO|faction-chapter:demon:6,faction-chapter:demon:6,choices.1.requirements.facilities.0.buildingDefinitionId,,,,explicit-serialized
FactionChapterDefinitionSO|faction-chapter:demon:6,faction-chapter:demon:6,choices.1.requirements.facilities.0.capabilityId,Administration,,,explicit-serialized
FactionChapterDefinitionSO|faction-chapter:demon:6,faction-chapter:demon:6,choices.1.requirements.facilities.0.minimumCount,1,,,explicit-serialized
FactionChapterDefinitionSO|faction-chapter:demon:6,faction-chapter:demon:6,choices.1.requirements.facilities.0.mustBeOperational,1,,,explicit-serialized
FactionChapterDefinitionSO|faction-chapter:demon:6,faction-chapter:demon:6,choices.1.requirements.research,[],,,explicit-serialized
FactionChapterDefinitionSO|faction-chapter:demon:6,faction-chapter:demon:6,choices.1.requirements.characters,[],,,explicit-serialized
FactionChapterDefinitionSO|faction-chapter:demon:6,faction-chapter:demon:6,choices.1.requirements.factions,[],,,explicit-serialized
FactionChapterDefinitionSO|faction-chapter:demon:6,faction-chapter:demon:6,choices.1.requirements.worldMetrics,[],,,explicit-serialized
FactionChapterDefinitionSO|faction-chapter:demon:6,faction-chapter:demon:6,choices.1.requirements.requiredFlags,[],,,explicit-serialized
FactionChapterDefinitionSO|faction-chapter:demon:6,faction-chapter:demon:6,choices.1.requirements.excludedFlags,[],,,explicit-serialized
FactionChapterDefinitionSO|faction-chapter:demon:6,faction-chapter:demon:6,choices.1.effects.0.kind,6,V20ContentEffectKind,FactionRapport (세력 우호도),explicit-serialized
FactionChapterDefinitionSO|faction-chapter:demon:6,faction-chapter:demon:6,choices.1.effects.0.targetId,faction:dungeon:demon,,,explicit-serialized
FactionChapterDefinitionSO|faction-chapter:demon:6,faction-chapter:demon:6,choices.1.effects.0.amount,5,,,explicit-serialized
FactionChapterDefinitionSO|faction-chapter:demon:6,faction-chapter:demon:6,choices.1.effects.0.durationDays,0,,,explicit-serialized
FactionChapterDefinitionSO|faction-chapter:demon:6,faction-chapter:demon:6,choices.1.effects.1.kind,8,V20ContentEffectKind,FactionObligation (세력 의무),explicit-serialized
FactionChapterDefinitionSO|faction-chapter:demon:6,faction-chapter:demon:6,choices.1.effects.1.targetId,faction:dungeon:demon,,,explicit-serialized
FactionChapterDefinitionSO|faction-chapter:demon:6,faction-chapter:demon:6,choices.1.effects.1.amount,1,,,explicit-serialized
FactionChapterDefinitionSO|faction-chapter:demon:6,faction-chapter:demon:6,choices.1.effects.1.durationDays,0,,,explicit-serialized
FactionChapterDefinitionSO|faction-chapter:demon:6,faction-chapter:demon:6,choices.1.effects.2.kind,13,V20ContentEffectKind,WorkDelayDays (작업 지연),explicit-serialized
FactionChapterDefinitionSO|faction-chapter:demon:6,faction-chapter:demon:6,choices.1.effects.2.targetId,faction-work:demon:6:bargain,,,explicit-serialized
FactionChapterDefinitionSO|faction-chapter:demon:6,faction-chapter:demon:6,choices.1.effects.2.amount,1,,,explicit-serialized
FactionChapterDefinitionSO|faction-chapter:demon:6,faction-chapter:demon:6,choices.1.effects.2.durationDays,0,,,explicit-serialized
FactionChapterDefinitionSO|faction-chapter:demon:6,faction-chapter:demon:6,choices.2.choiceId,refuse,,,explicit-serialized
FactionChapterDefinitionSO|faction-chapter:demon:6,faction-chapter:demon:6,choices.2.title,거절하고 후속 위험을 감수한다,,,explicit-serialized
FactionChapterDefinitionSO|faction-chapter:demon:6,faction-chapter:demon:6,choices.2.outcomeText,거절로 물자를 보존하지만 원한과 후속 위협이 남는다.,,,explicit-serialized
FactionChapterDefinitionSO|faction-chapter:demon:6,faction-chapter:demon:6,choices.2.requirements.items,[],,,explicit-serialized
FactionChapterDefinitionSO|faction-chapter:demon:6,faction-chapter:demon:6,choices.2.requirements.facilities,[],,,explicit-serialized
FactionChapterDefinitionSO|faction-chapter:demon:6,faction-chapter:demon:6,choices.2.requirements.research,[],,,explicit-serialized
FactionChapterDefinitionSO|faction-chapter:demon:6,faction-chapter:demon:6,choices.2.requirements.characters,[],,,explicit-serialized
FactionChapterDefinitionSO|faction-chapter:demon:6,faction-chapter:demon:6,choices.2.requirements.factions,[],,,explicit-serialized
FactionChapterDefinitionSO|faction-chapter:demon:6,faction-chapter:demon:6,choices.2.requirements.worldMetrics,[],,,explicit-serialized
FactionChapterDefinitionSO|faction-chapter:demon:6,faction-chapter:demon:6,choices.2.requirements.requiredFlags,[],,,explicit-serialized
FactionChapterDefinitionSO|faction-chapter:demon:6,faction-chapter:demon:6,choices.2.requirements.excludedFlags,[],,,explicit-serialized
FactionChapterDefinitionSO|faction-chapter:demon:6,faction-chapter:demon:6,choices.2.effects.0.kind,7,V20ContentEffectKind,FactionGrievance (세력 원한),explicit-serialized
FactionChapterDefinitionSO|faction-chapter:demon:6,faction-chapter:demon:6,choices.2.effects.0.targetId,faction:dungeon:demon,,,explicit-serialized
FactionChapterDefinitionSO|faction-chapter:demon:6,faction-chapter:demon:6,choices.2.effects.0.amount,9,,,explicit-serialized
FactionChapterDefinitionSO|faction-chapter:demon:6,faction-chapter:demon:6,choices.2.effects.0.durationDays,0,,,explicit-serialized
FactionChapterDefinitionSO|faction-chapter:demon:6,faction-chapter:demon:6,choices.2.effects.1.kind,14,V20ContentEffectKind,Threat (위협),explicit-serialized
FactionChapterDefinitionSO|faction-chapter:demon:6,faction-chapter:demon:6,choices.2.effects.1.targetId,faction-followup:demon:6,,,explicit-serialized
FactionChapterDefinitionSO|faction-chapter:demon:6,faction-chapter:demon:6,choices.2.effects.1.amount,1,,,explicit-serialized
FactionChapterDefinitionSO|faction-chapter:demon:6,faction-chapter:demon:6,choices.2.effects.1.durationDays,0,,,explicit-serialized
FactionChapterDefinitionSO|faction-chapter:golem:1,faction-chapter:golem:1,m_Name,chapter_golem_1,,,explicit-serialized
FactionChapterDefinitionSO|faction-chapter:golem:1,faction-chapter:golem:1,stableId,faction-chapter:golem:1,,,explicit-serialized
FactionChapterDefinitionSO|faction-chapter:golem:1,faction-chapter:golem:1,displayName,멈춘 운반자,,,explicit-serialized
FactionChapterDefinitionSO|faction-chapter:golem:1,faction-chapter:golem:1,description,정지한 골렘 운반자가 던전 문 앞에서 긴급 정비를 요청한다.,,,explicit-serialized
FactionChapterDefinitionSO|faction-chapter:golem:1,faction-chapter:golem:1,authoringRevision,1,,,explicit-serialized
FactionChapterDefinitionSO|faction-chapter:golem:1,faction-chapter:golem:1,sourceNote,V20 hand-authored faction/service manifest.,,,explicit-serialized
FactionChapterDefinitionSO|faction-chapter:golem:1,faction-chapter:golem:1,factionId,faction:dungeon:golem,,,explicit-serialized
FactionChapterDefinitionSO|faction-chapter:golem:1,faction-chapter:golem:1,chapterNumber,1,,,explicit-serialized
FactionChapterDefinitionSO|faction-chapter:golem:1,faction-chapter:golem:1,kind,0,FactionChapterKind,First Contact,explicit-serialized
FactionChapterDefinitionSO|faction-chapter:golem:1,faction-chapter:golem:1,crossFactionId,,,,explicit-serialized
FactionChapterDefinitionSO|faction-chapter:golem:1,faction-chapter:golem:1,triggerRequirements.items,[],,,explicit-serialized
FactionChapterDefinitionSO|faction-chapter:golem:1,faction-chapter:golem:1,triggerRequirements.facilities,[],,,explicit-serialized
FactionChapterDefinitionSO|faction-chapter:golem:1,faction-chapter:golem:1,triggerRequirements.research,[],,,explicit-serialized
FactionChapterDefinitionSO|faction-chapter:golem:1,faction-chapter:golem:1,triggerRequirements.characters,[],,,explicit-serialized
FactionChapterDefinitionSO|faction-chapter:golem:1,faction-chapter:golem:1,triggerRequirements.factions.0.factionId,faction:dungeon:golem,,,explicit-serialized
FactionChapterDefinitionSO|faction-chapter:golem:1,faction-chapter:golem:1,triggerRequirements.factions.0.minimumRapport,-100,,,explicit-serialized
FactionChapterDefinitionSO|faction-chapter:golem:1,faction-chapter:golem:1,triggerRequirements.factions.0.maximumGrievance,100,,,explicit-serialized
FactionChapterDefinitionSO|faction-chapter:golem:1,faction-chapter:golem:1,triggerRequirements.factions.0.minimumObligationTokens,0,,,explicit-serialized
FactionChapterDefinitionSO|faction-chapter:golem:1,faction-chapter:golem:1,triggerRequirements.worldMetrics,[],,,explicit-serialized
FactionChapterDefinitionSO|faction-chapter:golem:1,faction-chapter:golem:1,triggerRequirements.requiredFlags,[],,,explicit-serialized
FactionChapterDefinitionSO|faction-chapter:golem:1,faction-chapter:golem:1,triggerRequirements.excludedFlags,[],,,explicit-serialized
FactionChapterDefinitionSO|faction-chapter:golem:1,faction-chapter:golem:1,choices.0.choiceId,support,,,explicit-serialized
FactionChapterDefinitionSO|faction-chapter:golem:1,faction-chapter:golem:1,choices.0.title,요구를 지원한다,,,explicit-serialized
FactionChapterDefinitionSO|faction-chapter:golem:1,faction-chapter:golem:1,choices.0.outcomeText,요구를 지원한다,,,explicit-serialized
FactionChapterDefinitionSO|faction-chapter:golem:1,faction-chapter:golem:1,choices.0.requirements.items.0.itemDefinitionId,component:machine-parts,,,explicit-serialized
FactionChapterDefinitionSO|faction-chapter:golem:1,faction-chapter:golem:1,choices.0.requirements.items.0.amount,4,,,explicit-serialized
FactionChapterDefinitionSO|faction-chapter:golem:1,faction-chapter:golem:1,choices.0.requirements.items.0.consume,1,,,explicit-serialized
FactionChapterDefinitionSO|faction-chapter:golem:1,faction-chapter:golem:1,choices.0.requirements.facilities.0.buildingDefinitionId,,,,explicit-serialized
FactionChapterDefinitionSO|faction-chapter:golem:1,faction-chapter:golem:1,choices.0.requirements.facilities.0.capabilityId,Administration,,,explicit-serialized
FactionChapterDefinitionSO|faction-chapter:golem:1,faction-chapter:golem:1,choices.0.requirements.facilities.0.minimumCount,1,,,explicit-serialized
FactionChapterDefinitionSO|faction-chapter:golem:1,faction-chapter:golem:1,choices.0.requirements.facilities.0.mustBeOperational,1,,,explicit-serialized
FactionChapterDefinitionSO|faction-chapter:golem:1,faction-chapter:golem:1,choices.0.requirements.research,[],,,explicit-serialized
FactionChapterDefinitionSO|faction-chapter:golem:1,faction-chapter:golem:1,choices.0.requirements.characters,[],,,explicit-serialized
FactionChapterDefinitionSO|faction-chapter:golem:1,faction-chapter:golem:1,choices.0.requirements.factions,[],,,explicit-serialized
FactionChapterDefinitionSO|faction-chapter:golem:1,faction-chapter:golem:1,choices.0.requirements.worldMetrics,[],,,explicit-serialized
FactionChapterDefinitionSO|faction-chapter:golem:1,faction-chapter:golem:1,choices.0.requirements.requiredFlags,[],,,explicit-serialized
FactionChapterDefinitionSO|faction-chapter:golem:1,faction-chapter:golem:1,choices.0.requirements.excludedFlags,[],,,explicit-serialized
FactionChapterDefinitionSO|faction-chapter:golem:1,faction-chapter:golem:1,choices.0.effects.0.kind,6,V20ContentEffectKind,FactionRapport (세력 우호도),explicit-serialized
FactionChapterDefinitionSO|faction-chapter:golem:1,faction-chapter:golem:1,choices.0.effects.0.targetId,faction:dungeon:golem,,,explicit-serialized
FactionChapterDefinitionSO|faction-chapter:golem:1,faction-chapter:golem:1,choices.0.effects.0.amount,6,,,explicit-serialized
FactionChapterDefinitionSO|faction-chapter:golem:1,faction-chapter:golem:1,choices.0.effects.0.durationDays,0,,,explicit-serialized
FactionChapterDefinitionSO|faction-chapter:golem:1,faction-chapter:golem:1,choices.0.effects.1.kind,13,V20ContentEffectKind,WorkDelayDays (작업 지연),explicit-serialized
FactionChapterDefinitionSO|faction-chapter:golem:1,faction-chapter:golem:1,choices.0.effects.1.targetId,faction-work:golem:1,,,explicit-serialized
FactionChapterDefinitionSO|faction-chapter:golem:1,faction-chapter:golem:1,choices.0.effects.1.amount,2,,,explicit-serialized
FactionChapterDefinitionSO|faction-chapter:golem:1,faction-chapter:golem:1,choices.0.effects.1.durationDays,0,,,explicit-serialized
FactionChapterDefinitionSO|faction-chapter:golem:1,faction-chapter:golem:1,choices.1.choiceId,bargain,,,explicit-serialized
FactionChapterDefinitionSO|faction-chapter:golem:1,faction-chapter:golem:1,choices.1.title,절반의 비용과 의무를 협상한다,,,explicit-serialized
FactionChapterDefinitionSO|faction-chapter:golem:1,faction-chapter:golem:1,choices.1.outcomeText,절반의 비용과 의무를 협상한다,,,explicit-serialized
FactionChapterDefinitionSO|faction-chapter:golem:1,faction-chapter:golem:1,choices.1.requirements.items.0.itemDefinitionId,component:machine-parts,,,explicit-serialized
FactionChapterDefinitionSO|faction-chapter:golem:1,faction-chapter:golem:1,choices.1.requirements.items.0.amount,2,,,explicit-serialized
FactionChapterDefinitionSO|faction-chapter:golem:1,faction-chapter:golem:1,choices.1.requirements.items.0.consume,1,,,explicit-serialized
FactionChapterDefinitionSO|faction-chapter:golem:1,faction-chapter:golem:1,choices.1.requirements.facilities.0.buildingDefinitionId,,,,explicit-serialized
FactionChapterDefinitionSO|faction-chapter:golem:1,faction-chapter:golem:1,choices.1.requirements.facilities.0.capabilityId,Administration,,,explicit-serialized
FactionChapterDefinitionSO|faction-chapter:golem:1,faction-chapter:golem:1,choices.1.requirements.facilities.0.minimumCount,1,,,explicit-serialized
FactionChapterDefinitionSO|faction-chapter:golem:1,faction-chapter:golem:1,choices.1.requirements.facilities.0.mustBeOperational,1,,,explicit-serialized
FactionChapterDefinitionSO|faction-chapter:golem:1,faction-chapter:golem:1,choices.1.requirements.research,[],,,explicit-serialized
FactionChapterDefinitionSO|faction-chapter:golem:1,faction-chapter:golem:1,choices.1.requirements.characters,[],,,explicit-serialized
FactionChapterDefinitionSO|faction-chapter:golem:1,faction-chapter:golem:1,choices.1.requirements.factions,[],,,explicit-serialized
FactionChapterDefinitionSO|faction-chapter:golem:1,faction-chapter:golem:1,choices.1.requirements.worldMetrics,[],,,explicit-serialized
FactionChapterDefinitionSO|faction-chapter:golem:1,faction-chapter:golem:1,choices.1.requirements.requiredFlags,[],,,explicit-serialized
FactionChapterDefinitionSO|faction-chapter:golem:1,faction-chapter:golem:1,choices.1.requirements.excludedFlags,[],,,explicit-serialized
FactionChapterDefinitionSO|faction-chapter:golem:1,faction-chapter:golem:1,choices.1.effects.0.kind,6,V20ContentEffectKind,FactionRapport (세력 우호도),explicit-serialized
FactionChapterDefinitionSO|faction-chapter:golem:1,faction-chapter:golem:1,choices.1.effects.0.targetId,faction:dungeon:golem,,,explicit-serialized
FactionChapterDefinitionSO|faction-chapter:golem:1,faction-chapter:golem:1,choices.1.effects.0.amount,2,,,explicit-serialized
FactionChapterDefinitionSO|faction-chapter:golem:1,faction-chapter:golem:1,choices.1.effects.0.durationDays,0,,,explicit-serialized
FactionChapterDefinitionSO|faction-chapter:golem:1,faction-chapter:golem:1,choices.1.effects.1.kind,8,V20ContentEffectKind,FactionObligation (세력 의무),explicit-serialized
FactionChapterDefinitionSO|faction-chapter:golem:1,faction-chapter:golem:1,choices.1.effects.1.targetId,faction:dungeon:golem,,,explicit-serialized
FactionChapterDefinitionSO|faction-chapter:golem:1,faction-chapter:golem:1,choices.1.effects.1.amount,1,,,explicit-serialized
FactionChapterDefinitionSO|faction-chapter:golem:1,faction-chapter:golem:1,choices.1.effects.1.durationDays,0,,,explicit-serialized
FactionChapterDefinitionSO|faction-chapter:golem:1,faction-chapter:golem:1,choices.1.effects.2.kind,13,V20ContentEffectKind,WorkDelayDays (작업 지연),explicit-serialized
FactionChapterDefinitionSO|faction-chapter:golem:1,faction-chapter:golem:1,choices.1.effects.2.targetId,faction-work:golem:1:bargain,,,explicit-serialized
FactionChapterDefinitionSO|faction-chapter:golem:1,faction-chapter:golem:1,choices.1.effects.2.amount,1,,,explicit-serialized
FactionChapterDefinitionSO|faction-chapter:golem:1,faction-chapter:golem:1,choices.1.effects.2.durationDays,0,,,explicit-serialized
FactionChapterDefinitionSO|faction-chapter:golem:1,faction-chapter:golem:1,choices.2.choiceId,refuse,,,explicit-serialized
FactionChapterDefinitionSO|faction-chapter:golem:1,faction-chapter:golem:1,choices.2.title,거절하고 후속 위험을 감수한다,,,explicit-serialized
FactionChapterDefinitionSO|faction-chapter:golem:1,faction-chapter:golem:1,choices.2.outcomeText,거절로 물자를 보존하지만 원한과 후속 위협이 남는다.,,,explicit-serialized
FactionChapterDefinitionSO|faction-chapter:golem:1,faction-chapter:golem:1,choices.2.requirements.items,[],,,explicit-serialized
FactionChapterDefinitionSO|faction-chapter:golem:1,faction-chapter:golem:1,choices.2.requirements.facilities,[],,,explicit-serialized
FactionChapterDefinitionSO|faction-chapter:golem:1,faction-chapter:golem:1,choices.2.requirements.research,[],,,explicit-serialized
FactionChapterDefinitionSO|faction-chapter:golem:1,faction-chapter:golem:1,choices.2.requirements.characters,[],,,explicit-serialized
FactionChapterDefinitionSO|faction-chapter:golem:1,faction-chapter:golem:1,choices.2.requirements.factions,[],,,explicit-serialized
FactionChapterDefinitionSO|faction-chapter:golem:1,faction-chapter:golem:1,choices.2.requirements.worldMetrics,[],,,explicit-serialized
FactionChapterDefinitionSO|faction-chapter:golem:1,faction-chapter:golem:1,choices.2.requirements.requiredFlags,[],,,explicit-serialized
FactionChapterDefinitionSO|faction-chapter:golem:1,faction-chapter:golem:1,choices.2.requirements.excludedFlags,[],,,explicit-serialized
FactionChapterDefinitionSO|faction-chapter:golem:1,faction-chapter:golem:1,choices.2.effects.0.kind,7,V20ContentEffectKind,FactionGrievance (세력 원한),explicit-serialized
FactionChapterDefinitionSO|faction-chapter:golem:1,faction-chapter:golem:1,choices.2.effects.0.targetId,faction:dungeon:golem,,,explicit-serialized
FactionChapterDefinitionSO|faction-chapter:golem:1,faction-chapter:golem:1,choices.2.effects.0.amount,4,,,explicit-serialized
FactionChapterDefinitionSO|faction-chapter:golem:1,faction-chapter:golem:1,choices.2.effects.0.durationDays,0,,,explicit-serialized
FactionChapterDefinitionSO|faction-chapter:golem:1,faction-chapter:golem:1,choices.2.effects.1.kind,14,V20ContentEffectKind,Threat (위협),explicit-serialized
FactionChapterDefinitionSO|faction-chapter:golem:1,faction-chapter:golem:1,choices.2.effects.1.targetId,faction-followup:golem:1,,,explicit-serialized
FactionChapterDefinitionSO|faction-chapter:golem:1,faction-chapter:golem:1,choices.2.effects.1.amount,1,,,explicit-serialized
FactionChapterDefinitionSO|faction-chapter:golem:1,faction-chapter:golem:1,choices.2.effects.1.durationDays,0,,,explicit-serialized
FactionChapterDefinitionSO|faction-chapter:golem:2,faction-chapter:golem:2,m_Name,chapter_golem_2,,,explicit-serialized
FactionChapterDefinitionSO|faction-chapter:golem:2,faction-chapter:golem:2,stableId,faction-chapter:golem:2,,,explicit-serialized
FactionChapterDefinitionSO|faction-chapter:golem:2,faction-chapter:golem:2,displayName,기억 누락 보고,,,explicit-serialized
FactionChapterDefinitionSO|faction-chapter:golem:2,faction-chapter:golem:2,description,정기 초기화 과정에서 여러 골렘의 기억 일부가 사라진다.,,,explicit-serialized
FactionChapterDefinitionSO|faction-chapter:golem:2,faction-chapter:golem:2,authoringRevision,1,,,explicit-serialized
FactionChapterDefinitionSO|faction-chapter:golem:2,faction-chapter:golem:2,sourceNote,V20 hand-authored faction/service manifest.,,,explicit-serialized
FactionChapterDefinitionSO|faction-chapter:golem:2,faction-chapter:golem:2,factionId,faction:dungeon:golem,,,explicit-serialized
FactionChapterDefinitionSO|faction-chapter:golem:2,faction-chapter:golem:2,chapterNumber,2,,,explicit-serialized
FactionChapterDefinitionSO|faction-chapter:golem:2,faction-chapter:golem:2,kind,1,FactionChapterKind,Internal Problem,explicit-serialized
FactionChapterDefinitionSO|faction-chapter:golem:2,faction-chapter:golem:2,crossFactionId,,,,explicit-serialized
FactionChapterDefinitionSO|faction-chapter:golem:2,faction-chapter:golem:2,triggerRequirements.items,[],,,explicit-serialized
FactionChapterDefinitionSO|faction-chapter:golem:2,faction-chapter:golem:2,triggerRequirements.facilities,[],,,explicit-serialized
FactionChapterDefinitionSO|faction-chapter:golem:2,faction-chapter:golem:2,triggerRequirements.research,[],,,explicit-serialized
FactionChapterDefinitionSO|faction-chapter:golem:2,faction-chapter:golem:2,triggerRequirements.characters,[],,,explicit-serialized
FactionChapterDefinitionSO|faction-chapter:golem:2,faction-chapter:golem:2,triggerRequirements.factions.0.factionId,faction:dungeon:golem,,,explicit-serialized
FactionChapterDefinitionSO|faction-chapter:golem:2,faction-chapter:golem:2,triggerRequirements.factions.0.minimumRapport,-100,,,explicit-serialized
FactionChapterDefinitionSO|faction-chapter:golem:2,faction-chapter:golem:2,triggerRequirements.factions.0.maximumGrievance,100,,,explicit-serialized
FactionChapterDefinitionSO|faction-chapter:golem:2,faction-chapter:golem:2,triggerRequirements.factions.0.minimumObligationTokens,0,,,explicit-serialized
FactionChapterDefinitionSO|faction-chapter:golem:2,faction-chapter:golem:2,triggerRequirements.worldMetrics,[],,,explicit-serialized
FactionChapterDefinitionSO|faction-chapter:golem:2,faction-chapter:golem:2,triggerRequirements.requiredFlags,[],,,explicit-serialized
FactionChapterDefinitionSO|faction-chapter:golem:2,faction-chapter:golem:2,triggerRequirements.excludedFlags,[],,,explicit-serialized
FactionChapterDefinitionSO|faction-chapter:golem:2,faction-chapter:golem:2,choices.0.choiceId,support,,,explicit-serialized
FactionChapterDefinitionSO|faction-chapter:golem:2,faction-chapter:golem:2,choices.0.title,요구를 지원한다,,,explicit-serialized
FactionChapterDefinitionSO|faction-chapter:golem:2,faction-chapter:golem:2,choices.0.outcomeText,요구를 지원한다,,,explicit-serialized
FactionChapterDefinitionSO|faction-chapter:golem:2,faction-chapter:golem:2,choices.0.requirements.items.0.itemDefinitionId,tool:maintenance-kit,,,explicit-serialized
FactionChapterDefinitionSO|faction-chapter:golem:2,faction-chapter:golem:2,choices.0.requirements.items.0.amount,5,,,explicit-serialized
FactionChapterDefinitionSO|faction-chapter:golem:2,faction-chapter:golem:2,choices.0.requirements.items.0.consume,1,,,explicit-serialized
FactionChapterDefinitionSO|faction-chapter:golem:2,faction-chapter:golem:2,choices.0.requirements.facilities.0.buildingDefinitionId,,,,explicit-serialized
FactionChapterDefinitionSO|faction-chapter:golem:2,faction-chapter:golem:2,choices.0.requirements.facilities.0.capabilityId,Medical,,,explicit-serialized
FactionChapterDefinitionSO|faction-chapter:golem:2,faction-chapter:golem:2,choices.0.requirements.facilities.0.minimumCount,1,,,explicit-serialized
FactionChapterDefinitionSO|faction-chapter:golem:2,faction-chapter:golem:2,choices.0.requirements.facilities.0.mustBeOperational,1,,,explicit-serialized
FactionChapterDefinitionSO|faction-chapter:golem:2,faction-chapter:golem:2,choices.0.requirements.research,[],,,explicit-serialized
FactionChapterDefinitionSO|faction-chapter:golem:2,faction-chapter:golem:2,choices.0.requirements.characters,[],,,explicit-serialized
FactionChapterDefinitionSO|faction-chapter:golem:2,faction-chapter:golem:2,choices.0.requirements.factions,[],,,explicit-serialized
FactionChapterDefinitionSO|faction-chapter:golem:2,faction-chapter:golem:2,choices.0.requirements.worldMetrics,[],,,explicit-serialized
FactionChapterDefinitionSO|faction-chapter:golem:2,faction-chapter:golem:2,choices.0.requirements.requiredFlags,[],,,explicit-serialized
FactionChapterDefinitionSO|faction-chapter:golem:2,faction-chapter:golem:2,choices.0.requirements.excludedFlags,[],,,explicit-serialized
FactionChapterDefinitionSO|faction-chapter:golem:2,faction-chapter:golem:2,choices.0.effects.0.kind,6,V20ContentEffectKind,FactionRapport (세력 우호도),explicit-serialized
FactionChapterDefinitionSO|faction-chapter:golem:2,faction-chapter:golem:2,choices.0.effects.0.targetId,faction:dungeon:golem,,,explicit-serialized
FactionChapterDefinitionSO|faction-chapter:golem:2,faction-chapter:golem:2,choices.0.effects.0.amount,7,,,explicit-serialized
FactionChapterDefinitionSO|faction-chapter:golem:2,faction-chapter:golem:2,choices.0.effects.0.durationDays,0,,,explicit-serialized
FactionChapterDefinitionSO|faction-chapter:golem:2,faction-chapter:golem:2,choices.0.effects.1.kind,13,V20ContentEffectKind,WorkDelayDays (작업 지연),explicit-serialized
FactionChapterDefinitionSO|faction-chapter:golem:2,faction-chapter:golem:2,choices.0.effects.1.targetId,faction-work:golem:2,,,explicit-serialized
FactionChapterDefinitionSO|faction-chapter:golem:2,faction-chapter:golem:2,choices.0.effects.1.amount,3,,,explicit-serialized
FactionChapterDefinitionSO|faction-chapter:golem:2,faction-chapter:golem:2,choices.0.effects.1.durationDays,0,,,explicit-serialized
FactionChapterDefinitionSO|faction-chapter:golem:2,faction-chapter:golem:2,choices.1.choiceId,bargain,,,explicit-serialized
FactionChapterDefinitionSO|faction-chapter:golem:2,faction-chapter:golem:2,choices.1.title,절반의 비용과 의무를 협상한다,,,explicit-serialized
FactionChapterDefinitionSO|faction-chapter:golem:2,faction-chapter:golem:2,choices.1.outcomeText,절반의 비용과 의무를 협상한다,,,explicit-serialized
FactionChapterDefinitionSO|faction-chapter:golem:2,faction-chapter:golem:2,choices.1.requirements.items.0.itemDefinitionId,tool:maintenance-kit,,,explicit-serialized
FactionChapterDefinitionSO|faction-chapter:golem:2,faction-chapter:golem:2,choices.1.requirements.items.0.amount,3,,,explicit-serialized
FactionChapterDefinitionSO|faction-chapter:golem:2,faction-chapter:golem:2,choices.1.requirements.items.0.consume,1,,,explicit-serialized
FactionChapterDefinitionSO|faction-chapter:golem:2,faction-chapter:golem:2,choices.1.requirements.facilities.0.buildingDefinitionId,,,,explicit-serialized
FactionChapterDefinitionSO|faction-chapter:golem:2,faction-chapter:golem:2,choices.1.requirements.facilities.0.capabilityId,Medical,,,explicit-serialized
FactionChapterDefinitionSO|faction-chapter:golem:2,faction-chapter:golem:2,choices.1.requirements.facilities.0.minimumCount,1,,,explicit-serialized
FactionChapterDefinitionSO|faction-chapter:golem:2,faction-chapter:golem:2,choices.1.requirements.facilities.0.mustBeOperational,1,,,explicit-serialized
FactionChapterDefinitionSO|faction-chapter:golem:2,faction-chapter:golem:2,choices.1.requirements.research,[],,,explicit-serialized
FactionChapterDefinitionSO|faction-chapter:golem:2,faction-chapter:golem:2,choices.1.requirements.characters,[],,,explicit-serialized
FactionChapterDefinitionSO|faction-chapter:golem:2,faction-chapter:golem:2,choices.1.requirements.factions,[],,,explicit-serialized
FactionChapterDefinitionSO|faction-chapter:golem:2,faction-chapter:golem:2,choices.1.requirements.worldMetrics,[],,,explicit-serialized
FactionChapterDefinitionSO|faction-chapter:golem:2,faction-chapter:golem:2,choices.1.requirements.requiredFlags,[],,,explicit-serialized
FactionChapterDefinitionSO|faction-chapter:golem:2,faction-chapter:golem:2,choices.1.requirements.excludedFlags,[],,,explicit-serialized
FactionChapterDefinitionSO|faction-chapter:golem:2,faction-chapter:golem:2,choices.1.effects.0.kind,6,V20ContentEffectKind,FactionRapport (세력 우호도),explicit-serialized
FactionChapterDefinitionSO|faction-chapter:golem:2,faction-chapter:golem:2,choices.1.effects.0.targetId,faction:dungeon:golem,,,explicit-serialized
FactionChapterDefinitionSO|faction-chapter:golem:2,faction-chapter:golem:2,choices.1.effects.0.amount,3,,,explicit-serialized
FactionChapterDefinitionSO|faction-chapter:golem:2,faction-chapter:golem:2,choices.1.effects.0.durationDays,0,,,explicit-serialized
FactionChapterDefinitionSO|faction-chapter:golem:2,faction-chapter:golem:2,choices.1.effects.1.kind,8,V20ContentEffectKind,FactionObligation (세력 의무),explicit-serialized
FactionChapterDefinitionSO|faction-chapter:golem:2,faction-chapter:golem:2,choices.1.effects.1.targetId,faction:dungeon:golem,,,explicit-serialized
FactionChapterDefinitionSO|faction-chapter:golem:2,faction-chapter:golem:2,choices.1.effects.1.amount,1,,,explicit-serialized
FactionChapterDefinitionSO|faction-chapter:golem:2,faction-chapter:golem:2,choices.1.effects.1.durationDays,0,,,explicit-serialized
FactionChapterDefinitionSO|faction-chapter:golem:2,faction-chapter:golem:2,choices.1.effects.2.kind,13,V20ContentEffectKind,WorkDelayDays (작업 지연),explicit-serialized
FactionChapterDefinitionSO|faction-chapter:golem:2,faction-chapter:golem:2,choices.1.effects.2.targetId,faction-work:golem:2:bargain,,,explicit-serialized
FactionChapterDefinitionSO|faction-chapter:golem:2,faction-chapter:golem:2,choices.1.effects.2.amount,1,,,explicit-serialized
FactionChapterDefinitionSO|faction-chapter:golem:2,faction-chapter:golem:2,choices.1.effects.2.durationDays,0,,,explicit-serialized
FactionChapterDefinitionSO|faction-chapter:golem:2,faction-chapter:golem:2,choices.2.choiceId,refuse,,,explicit-serialized
FactionChapterDefinitionSO|faction-chapter:golem:2,faction-chapter:golem:2,choices.2.title,거절하고 후속 위험을 감수한다,,,explicit-serialized
FactionChapterDefinitionSO|faction-chapter:golem:2,faction-chapter:golem:2,choices.2.outcomeText,거절로 물자를 보존하지만 원한과 후속 위협이 남는다.,,,explicit-serialized
FactionChapterDefinitionSO|faction-chapter:golem:2,faction-chapter:golem:2,choices.2.requirements.items,[],,,explicit-serialized
FactionChapterDefinitionSO|faction-chapter:golem:2,faction-chapter:golem:2,choices.2.requirements.facilities,[],,,explicit-serialized
FactionChapterDefinitionSO|faction-chapter:golem:2,faction-chapter:golem:2,choices.2.requirements.research,[],,,explicit-serialized
FactionChapterDefinitionSO|faction-chapter:golem:2,faction-chapter:golem:2,choices.2.requirements.characters,[],,,explicit-serialized
FactionChapterDefinitionSO|faction-chapter:golem:2,faction-chapter:golem:2,choices.2.requirements.factions,[],,,explicit-serialized
FactionChapterDefinitionSO|faction-chapter:golem:2,faction-chapter:golem:2,choices.2.requirements.worldMetrics,[],,,explicit-serialized
FactionChapterDefinitionSO|faction-chapter:golem:2,faction-chapter:golem:2,choices.2.requirements.requiredFlags,[],,,explicit-serialized
FactionChapterDefinitionSO|faction-chapter:golem:2,faction-chapter:golem:2,choices.2.requirements.excludedFlags,[],,,explicit-serialized
FactionChapterDefinitionSO|faction-chapter:golem:2,faction-chapter:golem:2,choices.2.effects.0.kind,7,V20ContentEffectKind,FactionGrievance (세력 원한),explicit-serialized
FactionChapterDefinitionSO|faction-chapter:golem:2,faction-chapter:golem:2,choices.2.effects.0.targetId,faction:dungeon:golem,,,explicit-serialized
FactionChapterDefinitionSO|faction-chapter:golem:2,faction-chapter:golem:2,choices.2.effects.0.amount,5,,,explicit-serialized
FactionChapterDefinitionSO|faction-chapter:golem:2,faction-chapter:golem:2,choices.2.effects.0.durationDays,0,,,explicit-serialized
FactionChapterDefinitionSO|faction-chapter:golem:2,faction-chapter:golem:2,choices.2.effects.1.kind,14,V20ContentEffectKind,Threat (위협),explicit-serialized
FactionChapterDefinitionSO|faction-chapter:golem:2,faction-chapter:golem:2,choices.2.effects.1.targetId,faction-followup:golem:2,,,explicit-serialized
FactionChapterDefinitionSO|faction-chapter:golem:2,faction-chapter:golem:2,choices.2.effects.1.amount,1,,,explicit-serialized
FactionChapterDefinitionSO|faction-chapter:golem:2,faction-chapter:golem:2,choices.2.effects.1.durationDays,0,,,explicit-serialized
FactionChapterDefinitionSO|faction-chapter:golem:3,faction-chapter:golem:3,m_Name,chapter_golem_3,,,explicit-serialized
FactionChapterDefinitionSO|faction-chapter:golem:3,faction-chapter:golem:3,stableId,faction-chapter:golem:3,,,explicit-serialized
FactionChapterDefinitionSO|faction-chapter:golem:3,faction-chapter:golem:3,displayName,도구씨족의 설계권,,,explicit-serialized
FactionChapterDefinitionSO|faction-chapter:golem:3,faction-chapter:golem:3,description,코볼트 도구씨족이 골렘 관절 설계의 소유권을 주장한다.,,,explicit-serialized
FactionChapterDefinitionSO|faction-chapter:golem:3,faction-chapter:golem:3,authoringRevision,1,,,explicit-serialized
FactionChapterDefinitionSO|faction-chapter:golem:3,faction-chapter:golem:3,sourceNote,V20 hand-authored faction/service manifest.,,,explicit-serialized
FactionChapterDefinitionSO|faction-chapter:golem:3,faction-chapter:golem:3,factionId,faction:dungeon:golem,,,explicit-serialized
FactionChapterDefinitionSO|faction-chapter:golem:3,faction-chapter:golem:3,chapterNumber,3,,,explicit-serialized
FactionChapterDefinitionSO|faction-chapter:golem:3,faction-chapter:golem:3,kind,2,FactionChapterKind,Rival Conflict,explicit-serialized
FactionChapterDefinitionSO|faction-chapter:golem:3,faction-chapter:golem:3,crossFactionId,faction:dungeon:kobold,,,explicit-serialized
FactionChapterDefinitionSO|faction-chapter:golem:3,faction-chapter:golem:3,triggerRequirements.items,[],,,explicit-serialized
FactionChapterDefinitionSO|faction-chapter:golem:3,faction-chapter:golem:3,triggerRequirements.facilities,[],,,explicit-serialized
FactionChapterDefinitionSO|faction-chapter:golem:3,faction-chapter:golem:3,triggerRequirements.research,[],,,explicit-serialized
FactionChapterDefinitionSO|faction-chapter:golem:3,faction-chapter:golem:3,triggerRequirements.characters,[],,,explicit-serialized
FactionChapterDefinitionSO|faction-chapter:golem:3,faction-chapter:golem:3,triggerRequirements.factions.0.factionId,faction:dungeon:golem,,,explicit-serialized
FactionChapterDefinitionSO|faction-chapter:golem:3,faction-chapter:golem:3,triggerRequirements.factions.0.minimumRapport,-100,,,explicit-serialized
FactionChapterDefinitionSO|faction-chapter:golem:3,faction-chapter:golem:3,triggerRequirements.factions.0.maximumGrievance,100,,,explicit-serialized
FactionChapterDefinitionSO|faction-chapter:golem:3,faction-chapter:golem:3,triggerRequirements.factions.0.minimumObligationTokens,0,,,explicit-serialized
FactionChapterDefinitionSO|faction-chapter:golem:3,faction-chapter:golem:3,triggerRequirements.worldMetrics,[],,,explicit-serialized
FactionChapterDefinitionSO|faction-chapter:golem:3,faction-chapter:golem:3,triggerRequirements.requiredFlags,[],,,explicit-serialized
FactionChapterDefinitionSO|faction-chapter:golem:3,faction-chapter:golem:3,triggerRequirements.excludedFlags,[],,,explicit-serialized
FactionChapterDefinitionSO|faction-chapter:golem:3,faction-chapter:golem:3,choices.0.choiceId,support,,,explicit-serialized
FactionChapterDefinitionSO|faction-chapter:golem:3,faction-chapter:golem:3,choices.0.title,요구를 지원한다,,,explicit-serialized
FactionChapterDefinitionSO|faction-chapter:golem:3,faction-chapter:golem:3,choices.0.outcomeText,요구를 지원한다,,,explicit-serialized
FactionChapterDefinitionSO|faction-chapter:golem:3,faction-chapter:golem:3,choices.0.requirements.items.0.itemDefinitionId,component:rune-conductor,,,explicit-serialized
FactionChapterDefinitionSO|faction-chapter:golem:3,faction-chapter:golem:3,choices.0.requirements.items.0.amount,6,,,explicit-serialized
FactionChapterDefinitionSO|faction-chapter:golem:3,faction-chapter:golem:3,choices.0.requirements.items.0.consume,1,,,explicit-serialized
FactionChapterDefinitionSO|faction-chapter:golem:3,faction-chapter:golem:3,choices.0.requirements.facilities.0.buildingDefinitionId,,,,explicit-serialized
FactionChapterDefinitionSO|faction-chapter:golem:3,faction-chapter:golem:3,choices.0.requirements.facilities.0.capabilityId,Security,,,explicit-serialized
FactionChapterDefinitionSO|faction-chapter:golem:3,faction-chapter:golem:3,choices.0.requirements.facilities.0.minimumCount,1,,,explicit-serialized
FactionChapterDefinitionSO|faction-chapter:golem:3,faction-chapter:golem:3,choices.0.requirements.facilities.0.mustBeOperational,1,,,explicit-serialized
FactionChapterDefinitionSO|faction-chapter:golem:3,faction-chapter:golem:3,choices.0.requirements.research,[],,,explicit-serialized
FactionChapterDefinitionSO|faction-chapter:golem:3,faction-chapter:golem:3,choices.0.requirements.characters,[],,,explicit-serialized
FactionChapterDefinitionSO|faction-chapter:golem:3,faction-chapter:golem:3,choices.0.requirements.factions,[],,,explicit-serialized
FactionChapterDefinitionSO|faction-chapter:golem:3,faction-chapter:golem:3,choices.0.requirements.worldMetrics,[],,,explicit-serialized
FactionChapterDefinitionSO|faction-chapter:golem:3,faction-chapter:golem:3,choices.0.requirements.requiredFlags,[],,,explicit-serialized
FactionChapterDefinitionSO|faction-chapter:golem:3,faction-chapter:golem:3,choices.0.requirements.excludedFlags,[],,,explicit-serialized
FactionChapterDefinitionSO|faction-chapter:golem:3,faction-chapter:golem:3,choices.0.effects.0.kind,6,V20ContentEffectKind,FactionRapport (세력 우호도),explicit-serialized
FactionChapterDefinitionSO|faction-chapter:golem:3,faction-chapter:golem:3,choices.0.effects.0.targetId,faction:dungeon:golem,,,explicit-serialized
FactionChapterDefinitionSO|faction-chapter:golem:3,faction-chapter:golem:3,choices.0.effects.0.amount,8,,,explicit-serialized
FactionChapterDefinitionSO|faction-chapter:golem:3,faction-chapter:golem:3,choices.0.effects.0.durationDays,0,,,explicit-serialized
FactionChapterDefinitionSO|faction-chapter:golem:3,faction-chapter:golem:3,choices.0.effects.1.kind,13,V20ContentEffectKind,WorkDelayDays (작업 지연),explicit-serialized
FactionChapterDefinitionSO|faction-chapter:golem:3,faction-chapter:golem:3,choices.0.effects.1.targetId,faction-work:golem:3,,,explicit-serialized
FactionChapterDefinitionSO|faction-chapter:golem:3,faction-chapter:golem:3,choices.0.effects.1.amount,1,,,explicit-serialized
FactionChapterDefinitionSO|faction-chapter:golem:3,faction-chapter:golem:3,choices.0.effects.1.durationDays,0,,,explicit-serialized
FactionChapterDefinitionSO|faction-chapter:golem:3,faction-chapter:golem:3,choices.0.effects.2.kind,7,V20ContentEffectKind,FactionGrievance (세력 원한),explicit-serialized
FactionChapterDefinitionSO|faction-chapter:golem:3,faction-chapter:golem:3,choices.0.effects.2.targetId,faction:dungeon:kobold,,,explicit-serialized
FactionChapterDefinitionSO|faction-chapter:golem:3,faction-chapter:golem:3,choices.0.effects.2.amount,3,,,explicit-serialized
FactionChapterDefinitionSO|faction-chapter:golem:3,faction-chapter:golem:3,choices.0.effects.2.durationDays,0,,,explicit-serialized
FactionChapterDefinitionSO|faction-chapter:golem:3,faction-chapter:golem:3,choices.1.choiceId,bargain,,,explicit-serialized
FactionChapterDefinitionSO|faction-chapter:golem:3,faction-chapter:golem:3,choices.1.title,절반의 비용과 의무를 협상한다,,,explicit-serialized
FactionChapterDefinitionSO|faction-chapter:golem:3,faction-chapter:golem:3,choices.1.outcomeText,절반의 비용과 의무를 협상한다,,,explicit-serialized
FactionChapterDefinitionSO|faction-chapter:golem:3,faction-chapter:golem:3,choices.1.requirements.items.0.itemDefinitionId,component:rune-conductor,,,explicit-serialized
FactionChapterDefinitionSO|faction-chapter:golem:3,faction-chapter:golem:3,choices.1.requirements.items.0.amount,3,,,explicit-serialized
FactionChapterDefinitionSO|faction-chapter:golem:3,faction-chapter:golem:3,choices.1.requirements.items.0.consume,1,,,explicit-serialized
FactionChapterDefinitionSO|faction-chapter:golem:3,faction-chapter:golem:3,choices.1.requirements.facilities.0.buildingDefinitionId,,,,explicit-serialized
FactionChapterDefinitionSO|faction-chapter:golem:3,faction-chapter:golem:3,choices.1.requirements.facilities.0.capabilityId,Security,,,explicit-serialized
FactionChapterDefinitionSO|faction-chapter:golem:3,faction-chapter:golem:3,choices.1.requirements.facilities.0.minimumCount,1,,,explicit-serialized
FactionChapterDefinitionSO|faction-chapter:golem:3,faction-chapter:golem:3,choices.1.requirements.facilities.0.mustBeOperational,1,,,explicit-serialized
FactionChapterDefinitionSO|faction-chapter:golem:3,faction-chapter:golem:3,choices.1.requirements.research,[],,,explicit-serialized
FactionChapterDefinitionSO|faction-chapter:golem:3,faction-chapter:golem:3,choices.1.requirements.characters,[],,,explicit-serialized
FactionChapterDefinitionSO|faction-chapter:golem:3,faction-chapter:golem:3,choices.1.requirements.factions,[],,,explicit-serialized
FactionChapterDefinitionSO|faction-chapter:golem:3,faction-chapter:golem:3,choices.1.requirements.worldMetrics,[],,,explicit-serialized
FactionChapterDefinitionSO|faction-chapter:golem:3,faction-chapter:golem:3,choices.1.requirements.requiredFlags,[],,,explicit-serialized
FactionChapterDefinitionSO|faction-chapter:golem:3,faction-chapter:golem:3,choices.1.requirements.excludedFlags,[],,,explicit-serialized
FactionChapterDefinitionSO|faction-chapter:golem:3,faction-chapter:golem:3,choices.1.effects.0.kind,6,V20ContentEffectKind,FactionRapport (세력 우호도),explicit-serialized
FactionChapterDefinitionSO|faction-chapter:golem:3,faction-chapter:golem:3,choices.1.effects.0.targetId,faction:dungeon:golem,,,explicit-serialized
FactionChapterDefinitionSO|faction-chapter:golem:3,faction-chapter:golem:3,choices.1.effects.0.amount,3,,,explicit-serialized
FactionChapterDefinitionSO|faction-chapter:golem:3,faction-chapter:golem:3,choices.1.effects.0.durationDays,0,,,explicit-serialized
FactionChapterDefinitionSO|faction-chapter:golem:3,faction-chapter:golem:3,choices.1.effects.1.kind,8,V20ContentEffectKind,FactionObligation (세력 의무),explicit-serialized
FactionChapterDefinitionSO|faction-chapter:golem:3,faction-chapter:golem:3,choices.1.effects.1.targetId,faction:dungeon:golem,,,explicit-serialized
FactionChapterDefinitionSO|faction-chapter:golem:3,faction-chapter:golem:3,choices.1.effects.1.amount,1,,,explicit-serialized
FactionChapterDefinitionSO|faction-chapter:golem:3,faction-chapter:golem:3,choices.1.effects.1.durationDays,0,,,explicit-serialized
FactionChapterDefinitionSO|faction-chapter:golem:3,faction-chapter:golem:3,choices.1.effects.2.kind,13,V20ContentEffectKind,WorkDelayDays (작업 지연),explicit-serialized
FactionChapterDefinitionSO|faction-chapter:golem:3,faction-chapter:golem:3,choices.1.effects.2.targetId,faction-work:golem:3:bargain,,,explicit-serialized
FactionChapterDefinitionSO|faction-chapter:golem:3,faction-chapter:golem:3,choices.1.effects.2.amount,1,,,explicit-serialized
FactionChapterDefinitionSO|faction-chapter:golem:3,faction-chapter:golem:3,choices.1.effects.2.durationDays,0,,,explicit-serialized
FactionChapterDefinitionSO|faction-chapter:golem:3,faction-chapter:golem:3,choices.1.effects.3.kind,6,V20ContentEffectKind,FactionRapport (세력 우호도),explicit-serialized
FactionChapterDefinitionSO|faction-chapter:golem:3,faction-chapter:golem:3,choices.1.effects.3.targetId,faction:dungeon:kobold,,,explicit-serialized
FactionChapterDefinitionSO|faction-chapter:golem:3,faction-chapter:golem:3,choices.1.effects.3.amount,1,,,explicit-serialized
FactionChapterDefinitionSO|faction-chapter:golem:3,faction-chapter:golem:3,choices.1.effects.3.durationDays,0,,,explicit-serialized
FactionChapterDefinitionSO|faction-chapter:golem:3,faction-chapter:golem:3,choices.2.choiceId,refuse,,,explicit-serialized
FactionChapterDefinitionSO|faction-chapter:golem:3,faction-chapter:golem:3,choices.2.title,거절하고 후속 위험을 감수한다,,,explicit-serialized
FactionChapterDefinitionSO|faction-chapter:golem:3,faction-chapter:golem:3,choices.2.outcomeText,거절로 물자를 보존하지만 원한과 후속 위협이 남는다.,,,explicit-serialized
FactionChapterDefinitionSO|faction-chapter:golem:3,faction-chapter:golem:3,choices.2.requirements.items,[],,,explicit-serialized
FactionChapterDefinitionSO|faction-chapter:golem:3,faction-chapter:golem:3,choices.2.requirements.facilities,[],,,explicit-serialized
FactionChapterDefinitionSO|faction-chapter:golem:3,faction-chapter:golem:3,choices.2.requirements.research,[],,,explicit-serialized
FactionChapterDefinitionSO|faction-chapter:golem:3,faction-chapter:golem:3,choices.2.requirements.characters,[],,,explicit-serialized
FactionChapterDefinitionSO|faction-chapter:golem:3,faction-chapter:golem:3,choices.2.requirements.factions,[],,,explicit-serialized
FactionChapterDefinitionSO|faction-chapter:golem:3,faction-chapter:golem:3,choices.2.requirements.worldMetrics,[],,,explicit-serialized
FactionChapterDefinitionSO|faction-chapter:golem:3,faction-chapter:golem:3,choices.2.requirements.requiredFlags,[],,,explicit-serialized
FactionChapterDefinitionSO|faction-chapter:golem:3,faction-chapter:golem:3,choices.2.requirements.excludedFlags,[],,,explicit-serialized
FactionChapterDefinitionSO|faction-chapter:golem:3,faction-chapter:golem:3,choices.2.effects.0.kind,7,V20ContentEffectKind,FactionGrievance (세력 원한),explicit-serialized
FactionChapterDefinitionSO|faction-chapter:golem:3,faction-chapter:golem:3,choices.2.effects.0.targetId,faction:dungeon:golem,,,explicit-serialized
FactionChapterDefinitionSO|faction-chapter:golem:3,faction-chapter:golem:3,choices.2.effects.0.amount,6,,,explicit-serialized
FactionChapterDefinitionSO|faction-chapter:golem:3,faction-chapter:golem:3,choices.2.effects.0.durationDays,0,,,explicit-serialized
FactionChapterDefinitionSO|faction-chapter:golem:3,faction-chapter:golem:3,choices.2.effects.1.kind,14,V20ContentEffectKind,Threat (위협),explicit-serialized
FactionChapterDefinitionSO|faction-chapter:golem:3,faction-chapter:golem:3,choices.2.effects.1.targetId,faction-followup:golem:3,,,explicit-serialized
FactionChapterDefinitionSO|faction-chapter:golem:3,faction-chapter:golem:3,choices.2.effects.1.amount,1,,,explicit-serialized
FactionChapterDefinitionSO|faction-chapter:golem:3,faction-chapter:golem:3,choices.2.effects.1.durationDays,0,,,explicit-serialized
FactionChapterDefinitionSO|faction-chapter:golem:3,faction-chapter:golem:3,choices.2.effects.2.kind,6,V20ContentEffectKind,FactionRapport (세력 우호도),explicit-serialized
FactionChapterDefinitionSO|faction-chapter:golem:3,faction-chapter:golem:3,choices.2.effects.2.targetId,faction:dungeon:kobold,,,explicit-serialized
FactionChapterDefinitionSO|faction-chapter:golem:3,faction-chapter:golem:3,choices.2.effects.2.amount,2,,,explicit-serialized
FactionChapterDefinitionSO|faction-chapter:golem:3,faction-chapter:golem:3,choices.2.effects.2.durationDays,0,,,explicit-serialized
FactionChapterDefinitionSO|faction-chapter:golem:4,faction-chapter:golem:4,m_Name,chapter_golem_4,,,explicit-serialized
FactionChapterDefinitionSO|faction-chapter:golem:4,faction-chapter:golem:4,stableId,faction-chapter:golem:4,,,explicit-serialized
FactionChapterDefinitionSO|faction-chapter:golem:4,faction-chapter:golem:4,displayName,수리인가 해방인가,,,explicit-serialized
FactionChapterDefinitionSO|faction-chapter:golem:4,faction-chapter:golem:4,description,"던전은 정비 지원, 독립 작업반, 생산 계약 중 개입 방식을 정한다.",,,explicit-serialized
FactionChapterDefinitionSO|faction-chapter:golem:4,faction-chapter:golem:4,authoringRevision,1,,,explicit-serialized
FactionChapterDefinitionSO|faction-chapter:golem:4,faction-chapter:golem:4,sourceNote,V20 hand-authored faction/service manifest.,,,explicit-serialized
FactionChapterDefinitionSO|faction-chapter:golem:4,faction-chapter:golem:4,factionId,faction:dungeon:golem,,,explicit-serialized
FactionChapterDefinitionSO|faction-chapter:golem:4,faction-chapter:golem:4,chapterNumber,4,,,explicit-serialized
FactionChapterDefinitionSO|faction-chapter:golem:4,faction-chapter:golem:4,kind,3,FactionChapterKind,Intervention,explicit-serialized
FactionChapterDefinitionSO|faction-chapter:golem:4,faction-chapter:golem:4,crossFactionId,,,,explicit-serialized
FactionChapterDefinitionSO|faction-chapter:golem:4,faction-chapter:golem:4,triggerRequirements.items,[],,,explicit-serialized
FactionChapterDefinitionSO|faction-chapter:golem:4,faction-chapter:golem:4,triggerRequirements.facilities,[],,,explicit-serialized
FactionChapterDefinitionSO|faction-chapter:golem:4,faction-chapter:golem:4,triggerRequirements.research,[],,,explicit-serialized
FactionChapterDefinitionSO|faction-chapter:golem:4,faction-chapter:golem:4,triggerRequirements.characters,[],,,explicit-serialized
FactionChapterDefinitionSO|faction-chapter:golem:4,faction-chapter:golem:4,triggerRequirements.factions.0.factionId,faction:dungeon:golem,,,explicit-serialized
FactionChapterDefinitionSO|faction-chapter:golem:4,faction-chapter:golem:4,triggerRequirements.factions.0.minimumRapport,-100,,,explicit-serialized
FactionChapterDefinitionSO|faction-chapter:golem:4,faction-chapter:golem:4,triggerRequirements.factions.0.maximumGrievance,100,,,explicit-serialized
FactionChapterDefinitionSO|faction-chapter:golem:4,faction-chapter:golem:4,triggerRequirements.factions.0.minimumObligationTokens,0,,,explicit-serialized
FactionChapterDefinitionSO|faction-chapter:golem:4,faction-chapter:golem:4,triggerRequirements.worldMetrics,[],,,explicit-serialized
FactionChapterDefinitionSO|faction-chapter:golem:4,faction-chapter:golem:4,triggerRequirements.requiredFlags,[],,,explicit-serialized
FactionChapterDefinitionSO|faction-chapter:golem:4,faction-chapter:golem:4,triggerRequirements.excludedFlags,[],,,explicit-serialized
FactionChapterDefinitionSO|faction-chapter:golem:4,faction-chapter:golem:4,choices.0.choiceId,support,,,explicit-serialized
FactionChapterDefinitionSO|faction-chapter:golem:4,faction-chapter:golem:4,choices.0.title,요구를 지원한다,,,explicit-serialized
FactionChapterDefinitionSO|faction-chapter:golem:4,faction-chapter:golem:4,choices.0.outcomeText,요구를 지원한다,,,explicit-serialized
FactionChapterDefinitionSO|faction-chapter:golem:4,faction-chapter:golem:4,choices.0.requirements.items.0.itemDefinitionId,component:machine-parts,,,explicit-serialized
FactionChapterDefinitionSO|faction-chapter:golem:4,faction-chapter:golem:4,choices.0.requirements.items.0.amount,7,,,explicit-serialized
FactionChapterDefinitionSO|faction-chapter:golem:4,faction-chapter:golem:4,choices.0.requirements.items.0.consume,1,,,explicit-serialized
FactionChapterDefinitionSO|faction-chapter:golem:4,faction-chapter:golem:4,choices.0.requirements.facilities.0.buildingDefinitionId,,,,explicit-serialized
FactionChapterDefinitionSO|faction-chapter:golem:4,faction-chapter:golem:4,choices.0.requirements.facilities.0.capabilityId,Administration,,,explicit-serialized
FactionChapterDefinitionSO|faction-chapter:golem:4,faction-chapter:golem:4,choices.0.requirements.facilities.0.minimumCount,1,,,explicit-serialized
FactionChapterDefinitionSO|faction-chapter:golem:4,faction-chapter:golem:4,choices.0.requirements.facilities.0.mustBeOperational,1,,,explicit-serialized
FactionChapterDefinitionSO|faction-chapter:golem:4,faction-chapter:golem:4,choices.0.requirements.research,[],,,explicit-serialized
FactionChapterDefinitionSO|faction-chapter:golem:4,faction-chapter:golem:4,choices.0.requirements.characters,[],,,explicit-serialized
FactionChapterDefinitionSO|faction-chapter:golem:4,faction-chapter:golem:4,choices.0.requirements.factions,[],,,explicit-serialized
FactionChapterDefinitionSO|faction-chapter:golem:4,faction-chapter:golem:4,choices.0.requirements.worldMetrics,[],,,explicit-serialized
FactionChapterDefinitionSO|faction-chapter:golem:4,faction-chapter:golem:4,choices.0.requirements.requiredFlags,[],,,explicit-serialized
FactionChapterDefinitionSO|faction-chapter:golem:4,faction-chapter:golem:4,choices.0.requirements.excludedFlags,[],,,explicit-serialized
FactionChapterDefinitionSO|faction-chapter:golem:4,faction-chapter:golem:4,choices.0.effects.0.kind,6,V20ContentEffectKind,FactionRapport (세력 우호도),explicit-serialized
FactionChapterDefinitionSO|faction-chapter:golem:4,faction-chapter:golem:4,choices.0.effects.0.targetId,faction:dungeon:golem,,,explicit-serialized
FactionChapterDefinitionSO|faction-chapter:golem:4,faction-chapter:golem:4,choices.0.effects.0.amount,9,,,explicit-serialized
FactionChapterDefinitionSO|faction-chapter:golem:4,faction-chapter:golem:4,choices.0.effects.0.durationDays,0,,,explicit-serialized
FactionChapterDefinitionSO|faction-chapter:golem:4,faction-chapter:golem:4,choices.0.effects.1.kind,13,V20ContentEffectKind,WorkDelayDays (작업 지연),explicit-serialized
FactionChapterDefinitionSO|faction-chapter:golem:4,faction-chapter:golem:4,choices.0.effects.1.targetId,faction-work:golem:4,,,explicit-serialized
FactionChapterDefinitionSO|faction-chapter:golem:4,faction-chapter:golem:4,choices.0.effects.1.amount,2,,,explicit-serialized
FactionChapterDefinitionSO|faction-chapter:golem:4,faction-chapter:golem:4,choices.0.effects.1.durationDays,0,,,explicit-serialized
FactionChapterDefinitionSO|faction-chapter:golem:4,faction-chapter:golem:4,choices.1.choiceId,bargain,,,explicit-serialized
FactionChapterDefinitionSO|faction-chapter:golem:4,faction-chapter:golem:4,choices.1.title,절반의 비용과 의무를 협상한다,,,explicit-serialized
FactionChapterDefinitionSO|faction-chapter:golem:4,faction-chapter:golem:4,choices.1.outcomeText,절반의 비용과 의무를 협상한다,,,explicit-serialized
FactionChapterDefinitionSO|faction-chapter:golem:4,faction-chapter:golem:4,choices.1.requirements.items.0.itemDefinitionId,component:machine-parts,,,explicit-serialized
FactionChapterDefinitionSO|faction-chapter:golem:4,faction-chapter:golem:4,choices.1.requirements.items.0.amount,4,,,explicit-serialized
FactionChapterDefinitionSO|faction-chapter:golem:4,faction-chapter:golem:4,choices.1.requirements.items.0.consume,1,,,explicit-serialized
FactionChapterDefinitionSO|faction-chapter:golem:4,faction-chapter:golem:4,choices.1.requirements.facilities.0.buildingDefinitionId,,,,explicit-serialized
FactionChapterDefinitionSO|faction-chapter:golem:4,faction-chapter:golem:4,choices.1.requirements.facilities.0.capabilityId,Administration,,,explicit-serialized
FactionChapterDefinitionSO|faction-chapter:golem:4,faction-chapter:golem:4,choices.1.requirements.facilities.0.minimumCount,1,,,explicit-serialized
FactionChapterDefinitionSO|faction-chapter:golem:4,faction-chapter:golem:4,choices.1.requirements.facilities.0.mustBeOperational,1,,,explicit-serialized
FactionChapterDefinitionSO|faction-chapter:golem:4,faction-chapter:golem:4,choices.1.requirements.research,[],,,explicit-serialized
FactionChapterDefinitionSO|faction-chapter:golem:4,faction-chapter:golem:4,choices.1.requirements.characters,[],,,explicit-serialized
FactionChapterDefinitionSO|faction-chapter:golem:4,faction-chapter:golem:4,choices.1.requirements.factions,[],,,explicit-serialized
FactionChapterDefinitionSO|faction-chapter:golem:4,faction-chapter:golem:4,choices.1.requirements.worldMetrics,[],,,explicit-serialized
FactionChapterDefinitionSO|faction-chapter:golem:4,faction-chapter:golem:4,choices.1.requirements.requiredFlags,[],,,explicit-serialized
FactionChapterDefinitionSO|faction-chapter:golem:4,faction-chapter:golem:4,choices.1.requirements.excludedFlags,[],,,explicit-serialized
FactionChapterDefinitionSO|faction-chapter:golem:4,faction-chapter:golem:4,choices.1.effects.0.kind,6,V20ContentEffectKind,FactionRapport (세력 우호도),explicit-serialized
FactionChapterDefinitionSO|faction-chapter:golem:4,faction-chapter:golem:4,choices.1.effects.0.targetId,faction:dungeon:golem,,,explicit-serialized
FactionChapterDefinitionSO|faction-chapter:golem:4,faction-chapter:golem:4,choices.1.effects.0.amount,4,,,explicit-serialized
FactionChapterDefinitionSO|faction-chapter:golem:4,faction-chapter:golem:4,choices.1.effects.0.durationDays,0,,,explicit-serialized
FactionChapterDefinitionSO|faction-chapter:golem:4,faction-chapter:golem:4,choices.1.effects.1.kind,8,V20ContentEffectKind,FactionObligation (세력 의무),explicit-serialized
FactionChapterDefinitionSO|faction-chapter:golem:4,faction-chapter:golem:4,choices.1.effects.1.targetId,faction:dungeon:golem,,,explicit-serialized
FactionChapterDefinitionSO|faction-chapter:golem:4,faction-chapter:golem:4,choices.1.effects.1.amount,1,,,explicit-serialized
FactionChapterDefinitionSO|faction-chapter:golem:4,faction-chapter:golem:4,choices.1.effects.1.durationDays,0,,,explicit-serialized
FactionChapterDefinitionSO|faction-chapter:golem:4,faction-chapter:golem:4,choices.1.effects.2.kind,13,V20ContentEffectKind,WorkDelayDays (작업 지연),explicit-serialized
FactionChapterDefinitionSO|faction-chapter:golem:4,faction-chapter:golem:4,choices.1.effects.2.targetId,faction-work:golem:4:bargain,,,explicit-serialized
FactionChapterDefinitionSO|faction-chapter:golem:4,faction-chapter:golem:4,choices.1.effects.2.amount,1,,,explicit-serialized
FactionChapterDefinitionSO|faction-chapter:golem:4,faction-chapter:golem:4,choices.1.effects.2.durationDays,0,,,explicit-serialized
FactionChapterDefinitionSO|faction-chapter:golem:4,faction-chapter:golem:4,choices.2.choiceId,refuse,,,explicit-serialized
FactionChapterDefinitionSO|faction-chapter:golem:4,faction-chapter:golem:4,choices.2.title,거절하고 후속 위험을 감수한다,,,explicit-serialized
FactionChapterDefinitionSO|faction-chapter:golem:4,faction-chapter:golem:4,choices.2.outcomeText,거절로 물자를 보존하지만 원한과 후속 위협이 남는다.,,,explicit-serialized
FactionChapterDefinitionSO|faction-chapter:golem:4,faction-chapter:golem:4,choices.2.requirements.items,[],,,explicit-serialized
FactionChapterDefinitionSO|faction-chapter:golem:4,faction-chapter:golem:4,choices.2.requirements.facilities,[],,,explicit-serialized
FactionChapterDefinitionSO|faction-chapter:golem:4,faction-chapter:golem:4,choices.2.requirements.research,[],,,explicit-serialized
FactionChapterDefinitionSO|faction-chapter:golem:4,faction-chapter:golem:4,choices.2.requirements.characters,[],,,explicit-serialized
FactionChapterDefinitionSO|faction-chapter:golem:4,faction-chapter:golem:4,choices.2.requirements.factions,[],,,explicit-serialized
FactionChapterDefinitionSO|faction-chapter:golem:4,faction-chapter:golem:4,choices.2.requirements.worldMetrics,[],,,explicit-serialized
FactionChapterDefinitionSO|faction-chapter:golem:4,faction-chapter:golem:4,choices.2.requirements.requiredFlags,[],,,explicit-serialized
FactionChapterDefinitionSO|faction-chapter:golem:4,faction-chapter:golem:4,choices.2.requirements.excludedFlags,[],,,explicit-serialized
FactionChapterDefinitionSO|faction-chapter:golem:4,faction-chapter:golem:4,choices.2.effects.0.kind,7,V20ContentEffectKind,FactionGrievance (세력 원한),explicit-serialized
FactionChapterDefinitionSO|faction-chapter:golem:4,faction-chapter:golem:4,choices.2.effects.0.targetId,faction:dungeon:golem,,,explicit-serialized
FactionChapterDefinitionSO|faction-chapter:golem:4,faction-chapter:golem:4,choices.2.effects.0.amount,7,,,explicit-serialized
FactionChapterDefinitionSO|faction-chapter:golem:4,faction-chapter:golem:4,choices.2.effects.0.durationDays,0,,,explicit-serialized
FactionChapterDefinitionSO|faction-chapter:golem:4,faction-chapter:golem:4,choices.2.effects.1.kind,14,V20ContentEffectKind,Threat (위협),explicit-serialized
FactionChapterDefinitionSO|faction-chapter:golem:4,faction-chapter:golem:4,choices.2.effects.1.targetId,faction-followup:golem:4,,,explicit-serialized
FactionChapterDefinitionSO|faction-chapter:golem:4,faction-chapter:golem:4,choices.2.effects.1.amount,1,,,explicit-serialized
FactionChapterDefinitionSO|faction-chapter:golem:4,faction-chapter:golem:4,choices.2.effects.1.durationDays,0,,,explicit-serialized
FactionChapterDefinitionSO|faction-chapter:golem:5,faction-chapter:golem:5,m_Name,chapter_golem_5,,,explicit-serialized
FactionChapterDefinitionSO|faction-chapter:golem:5,faction-chapter:golem:5,stableId,faction-chapter:golem:5,,,explicit-serialized
FactionChapterDefinitionSO|faction-chapter:golem:5,faction-chapter:golem:5,displayName,주조핵의 명령,,,explicit-serialized
FactionChapterDefinitionSO|faction-chapter:golem:5,faction-chapter:golem:5,description,중앙 주조핵이 모든 골렘에게 강제 귀환 명령을 송신한다.,,,explicit-serialized
FactionChapterDefinitionSO|faction-chapter:golem:5,faction-chapter:golem:5,authoringRevision,1,,,explicit-serialized
FactionChapterDefinitionSO|faction-chapter:golem:5,faction-chapter:golem:5,sourceNote,V20 hand-authored faction/service manifest.,,,explicit-serialized
FactionChapterDefinitionSO|faction-chapter:golem:5,faction-chapter:golem:5,factionId,faction:dungeon:golem,,,explicit-serialized
FactionChapterDefinitionSO|faction-chapter:golem:5,faction-chapter:golem:5,chapterNumber,5,,,explicit-serialized
FactionChapterDefinitionSO|faction-chapter:golem:5,faction-chapter:golem:5,kind,4,FactionChapterKind,Crisis Or Betrayal,explicit-serialized
FactionChapterDefinitionSO|faction-chapter:golem:5,faction-chapter:golem:5,crossFactionId,,,,explicit-serialized
FactionChapterDefinitionSO|faction-chapter:golem:5,faction-chapter:golem:5,triggerRequirements.items,[],,,explicit-serialized
FactionChapterDefinitionSO|faction-chapter:golem:5,faction-chapter:golem:5,triggerRequirements.facilities,[],,,explicit-serialized
FactionChapterDefinitionSO|faction-chapter:golem:5,faction-chapter:golem:5,triggerRequirements.research,[],,,explicit-serialized
FactionChapterDefinitionSO|faction-chapter:golem:5,faction-chapter:golem:5,triggerRequirements.characters,[],,,explicit-serialized
FactionChapterDefinitionSO|faction-chapter:golem:5,faction-chapter:golem:5,triggerRequirements.factions.0.factionId,faction:dungeon:golem,,,explicit-serialized
FactionChapterDefinitionSO|faction-chapter:golem:5,faction-chapter:golem:5,triggerRequirements.factions.0.minimumRapport,-100,,,explicit-serialized
FactionChapterDefinitionSO|faction-chapter:golem:5,faction-chapter:golem:5,triggerRequirements.factions.0.maximumGrievance,100,,,explicit-serialized
FactionChapterDefinitionSO|faction-chapter:golem:5,faction-chapter:golem:5,triggerRequirements.factions.0.minimumObligationTokens,0,,,explicit-serialized
FactionChapterDefinitionSO|faction-chapter:golem:5,faction-chapter:golem:5,triggerRequirements.worldMetrics,[],,,explicit-serialized
FactionChapterDefinitionSO|faction-chapter:golem:5,faction-chapter:golem:5,triggerRequirements.requiredFlags,[],,,explicit-serialized
FactionChapterDefinitionSO|faction-chapter:golem:5,faction-chapter:golem:5,triggerRequirements.excludedFlags,[],,,explicit-serialized
FactionChapterDefinitionSO|faction-chapter:golem:5,faction-chapter:golem:5,choices.0.choiceId,support,,,explicit-serialized
FactionChapterDefinitionSO|faction-chapter:golem:5,faction-chapter:golem:5,choices.0.title,요구를 지원한다,,,explicit-serialized
FactionChapterDefinitionSO|faction-chapter:golem:5,faction-chapter:golem:5,choices.0.outcomeText,요구를 지원한다,,,explicit-serialized
FactionChapterDefinitionSO|faction-chapter:golem:5,faction-chapter:golem:5,choices.0.requirements.items.0.itemDefinitionId,tool:maintenance-kit,,,explicit-serialized
FactionChapterDefinitionSO|faction-chapter:golem:5,faction-chapter:golem:5,choices.0.requirements.items.0.amount,8,,,explicit-serialized
FactionChapterDefinitionSO|faction-chapter:golem:5,faction-chapter:golem:5,choices.0.requirements.items.0.consume,1,,,explicit-serialized
FactionChapterDefinitionSO|faction-chapter:golem:5,faction-chapter:golem:5,choices.0.requirements.facilities.0.buildingDefinitionId,,,,explicit-serialized
FactionChapterDefinitionSO|faction-chapter:golem:5,faction-chapter:golem:5,choices.0.requirements.facilities.0.capabilityId,Security,,,explicit-serialized
FactionChapterDefinitionSO|faction-chapter:golem:5,faction-chapter:golem:5,choices.0.requirements.facilities.0.minimumCount,1,,,explicit-serialized
FactionChapterDefinitionSO|faction-chapter:golem:5,faction-chapter:golem:5,choices.0.requirements.facilities.0.mustBeOperational,1,,,explicit-serialized
FactionChapterDefinitionSO|faction-chapter:golem:5,faction-chapter:golem:5,choices.0.requirements.research,[],,,explicit-serialized
FactionChapterDefinitionSO|faction-chapter:golem:5,faction-chapter:golem:5,choices.0.requirements.characters,[],,,explicit-serialized
FactionChapterDefinitionSO|faction-chapter:golem:5,faction-chapter:golem:5,choices.0.requirements.factions,[],,,explicit-serialized
FactionChapterDefinitionSO|faction-chapter:golem:5,faction-chapter:golem:5,choices.0.requirements.worldMetrics,[],,,explicit-serialized
FactionChapterDefinitionSO|faction-chapter:golem:5,faction-chapter:golem:5,choices.0.requirements.requiredFlags,[],,,explicit-serialized
FactionChapterDefinitionSO|faction-chapter:golem:5,faction-chapter:golem:5,choices.0.requirements.excludedFlags,[],,,explicit-serialized
FactionChapterDefinitionSO|faction-chapter:golem:5,faction-chapter:golem:5,choices.0.effects.0.kind,6,V20ContentEffectKind,FactionRapport (세력 우호도),explicit-serialized
FactionChapterDefinitionSO|faction-chapter:golem:5,faction-chapter:golem:5,choices.0.effects.0.targetId,faction:dungeon:golem,,,explicit-serialized
FactionChapterDefinitionSO|faction-chapter:golem:5,faction-chapter:golem:5,choices.0.effects.0.amount,10,,,explicit-serialized
FactionChapterDefinitionSO|faction-chapter:golem:5,faction-chapter:golem:5,choices.0.effects.0.durationDays,0,,,explicit-serialized
FactionChapterDefinitionSO|faction-chapter:golem:5,faction-chapter:golem:5,choices.0.effects.1.kind,13,V20ContentEffectKind,WorkDelayDays (작업 지연),explicit-serialized
FactionChapterDefinitionSO|faction-chapter:golem:5,faction-chapter:golem:5,choices.0.effects.1.targetId,faction-work:golem:5,,,explicit-serialized
FactionChapterDefinitionSO|faction-chapter:golem:5,faction-chapter:golem:5,choices.0.effects.1.amount,3,,,explicit-serialized
FactionChapterDefinitionSO|faction-chapter:golem:5,faction-chapter:golem:5,choices.0.effects.1.durationDays,0,,,explicit-serialized
FactionChapterDefinitionSO|faction-chapter:golem:5,faction-chapter:golem:5,choices.1.choiceId,bargain,,,explicit-serialized
FactionChapterDefinitionSO|faction-chapter:golem:5,faction-chapter:golem:5,choices.1.title,절반의 비용과 의무를 협상한다,,,explicit-serialized
FactionChapterDefinitionSO|faction-chapter:golem:5,faction-chapter:golem:5,choices.1.outcomeText,절반의 비용과 의무를 협상한다,,,explicit-serialized
FactionChapterDefinitionSO|faction-chapter:golem:5,faction-chapter:golem:5,choices.1.requirements.items.0.itemDefinitionId,tool:maintenance-kit,,,explicit-serialized
FactionChapterDefinitionSO|faction-chapter:golem:5,faction-chapter:golem:5,choices.1.requirements.items.0.amount,4,,,explicit-serialized
FactionChapterDefinitionSO|faction-chapter:golem:5,faction-chapter:golem:5,choices.1.requirements.items.0.consume,1,,,explicit-serialized
FactionChapterDefinitionSO|faction-chapter:golem:5,faction-chapter:golem:5,choices.1.requirements.facilities.0.buildingDefinitionId,,,,explicit-serialized
FactionChapterDefinitionSO|faction-chapter:golem:5,faction-chapter:golem:5,choices.1.requirements.facilities.0.capabilityId,Security,,,explicit-serialized
FactionChapterDefinitionSO|faction-chapter:golem:5,faction-chapter:golem:5,choices.1.requirements.facilities.0.minimumCount,1,,,explicit-serialized
FactionChapterDefinitionSO|faction-chapter:golem:5,faction-chapter:golem:5,choices.1.requirements.facilities.0.mustBeOperational,1,,,explicit-serialized
FactionChapterDefinitionSO|faction-chapter:golem:5,faction-chapter:golem:5,choices.1.requirements.research,[],,,explicit-serialized
FactionChapterDefinitionSO|faction-chapter:golem:5,faction-chapter:golem:5,choices.1.requirements.characters,[],,,explicit-serialized
FactionChapterDefinitionSO|faction-chapter:golem:5,faction-chapter:golem:5,choices.1.requirements.factions,[],,,explicit-serialized
FactionChapterDefinitionSO|faction-chapter:golem:5,faction-chapter:golem:5,choices.1.requirements.worldMetrics,[],,,explicit-serialized
FactionChapterDefinitionSO|faction-chapter:golem:5,faction-chapter:golem:5,choices.1.requirements.requiredFlags,[],,,explicit-serialized
FactionChapterDefinitionSO|faction-chapter:golem:5,faction-chapter:golem:5,choices.1.requirements.excludedFlags,[],,,explicit-serialized
FactionChapterDefinitionSO|faction-chapter:golem:5,faction-chapter:golem:5,choices.1.effects.0.kind,6,V20ContentEffectKind,FactionRapport (세력 우호도),explicit-serialized
FactionChapterDefinitionSO|faction-chapter:golem:5,faction-chapter:golem:5,choices.1.effects.0.targetId,faction:dungeon:golem,,,explicit-serialized
FactionChapterDefinitionSO|faction-chapter:golem:5,faction-chapter:golem:5,choices.1.effects.0.amount,4,,,explicit-serialized
FactionChapterDefinitionSO|faction-chapter:golem:5,faction-chapter:golem:5,choices.1.effects.0.durationDays,0,,,explicit-serialized
FactionChapterDefinitionSO|faction-chapter:golem:5,faction-chapter:golem:5,choices.1.effects.1.kind,8,V20ContentEffectKind,FactionObligation (세력 의무),explicit-serialized
FactionChapterDefinitionSO|faction-chapter:golem:5,faction-chapter:golem:5,choices.1.effects.1.targetId,faction:dungeon:golem,,,explicit-serialized
FactionChapterDefinitionSO|faction-chapter:golem:5,faction-chapter:golem:5,choices.1.effects.1.amount,1,,,explicit-serialized
FactionChapterDefinitionSO|faction-chapter:golem:5,faction-chapter:golem:5,choices.1.effects.1.durationDays,0,,,explicit-serialized
FactionChapterDefinitionSO|faction-chapter:golem:5,faction-chapter:golem:5,choices.1.effects.2.kind,13,V20ContentEffectKind,WorkDelayDays (작업 지연),explicit-serialized
FactionChapterDefinitionSO|faction-chapter:golem:5,faction-chapter:golem:5,choices.1.effects.2.targetId,faction-work:golem:5:bargain,,,explicit-serialized
FactionChapterDefinitionSO|faction-chapter:golem:5,faction-chapter:golem:5,choices.1.effects.2.amount,1,,,explicit-serialized
FactionChapterDefinitionSO|faction-chapter:golem:5,faction-chapter:golem:5,choices.1.effects.2.durationDays,0,,,explicit-serialized
FactionChapterDefinitionSO|faction-chapter:golem:5,faction-chapter:golem:5,choices.2.choiceId,refuse,,,explicit-serialized
FactionChapterDefinitionSO|faction-chapter:golem:5,faction-chapter:golem:5,choices.2.title,거절하고 후속 위험을 감수한다,,,explicit-serialized
FactionChapterDefinitionSO|faction-chapter:golem:5,faction-chapter:golem:5,choices.2.outcomeText,거절로 물자를 보존하지만 원한과 후속 위협이 남는다.,,,explicit-serialized
FactionChapterDefinitionSO|faction-chapter:golem:5,faction-chapter:golem:5,choices.2.requirements.items,[],,,explicit-serialized
FactionChapterDefinitionSO|faction-chapter:golem:5,faction-chapter:golem:5,choices.2.requirements.facilities,[],,,explicit-serialized
FactionChapterDefinitionSO|faction-chapter:golem:5,faction-chapter:golem:5,choices.2.requirements.research,[],,,explicit-serialized
FactionChapterDefinitionSO|faction-chapter:golem:5,faction-chapter:golem:5,choices.2.requirements.characters,[],,,explicit-serialized
FactionChapterDefinitionSO|faction-chapter:golem:5,faction-chapter:golem:5,choices.2.requirements.factions,[],,,explicit-serialized
FactionChapterDefinitionSO|faction-chapter:golem:5,faction-chapter:golem:5,choices.2.requirements.worldMetrics,[],,,explicit-serialized
FactionChapterDefinitionSO|faction-chapter:golem:5,faction-chapter:golem:5,choices.2.requirements.requiredFlags,[],,,explicit-serialized
FactionChapterDefinitionSO|faction-chapter:golem:5,faction-chapter:golem:5,choices.2.requirements.excludedFlags,[],,,explicit-serialized
FactionChapterDefinitionSO|faction-chapter:golem:5,faction-chapter:golem:5,choices.2.effects.0.kind,7,V20ContentEffectKind,FactionGrievance (세력 원한),explicit-serialized
FactionChapterDefinitionSO|faction-chapter:golem:5,faction-chapter:golem:5,choices.2.effects.0.targetId,faction:dungeon:golem,,,explicit-serialized
FactionChapterDefinitionSO|faction-chapter:golem:5,faction-chapter:golem:5,choices.2.effects.0.amount,8,,,explicit-serialized
FactionChapterDefinitionSO|faction-chapter:golem:5,faction-chapter:golem:5,choices.2.effects.0.durationDays,0,,,explicit-serialized
FactionChapterDefinitionSO|faction-chapter:golem:5,faction-chapter:golem:5,choices.2.effects.1.kind,14,V20ContentEffectKind,Threat (위협),explicit-serialized
FactionChapterDefinitionSO|faction-chapter:golem:5,faction-chapter:golem:5,choices.2.effects.1.targetId,faction-followup:golem:5,,,explicit-serialized
FactionChapterDefinitionSO|faction-chapter:golem:5,faction-chapter:golem:5,choices.2.effects.1.amount,1,,,explicit-serialized
FactionChapterDefinitionSO|faction-chapter:golem:5,faction-chapter:golem:5,choices.2.effects.1.durationDays,0,,,explicit-serialized
FactionChapterDefinitionSO|faction-chapter:golem:6,faction-chapter:golem:6,m_Name,chapter_golem_6,,,explicit-serialized
FactionChapterDefinitionSO|faction-chapter:golem:6,faction-chapter:golem:6,stableId,faction-chapter:golem:6,,,explicit-serialized
FactionChapterDefinitionSO|faction-chapter:golem:6,faction-chapter:golem:6,displayName,스스로 선택한 형상,,,explicit-serialized
FactionChapterDefinitionSO|faction-chapter:golem:6,faction-chapter:golem:6,description,돌맥 구성체가 동맹·종속·결별 뒤 자신의 형상을 선택한다.,,,explicit-serialized
FactionChapterDefinitionSO|faction-chapter:golem:6,faction-chapter:golem:6,authoringRevision,1,,,explicit-serialized
FactionChapterDefinitionSO|faction-chapter:golem:6,faction-chapter:golem:6,sourceNote,V20 hand-authored faction/service manifest.,,,explicit-serialized
FactionChapterDefinitionSO|faction-chapter:golem:6,faction-chapter:golem:6,factionId,faction:dungeon:golem,,,explicit-serialized
FactionChapterDefinitionSO|faction-chapter:golem:6,faction-chapter:golem:6,chapterNumber,6,,,explicit-serialized
FactionChapterDefinitionSO|faction-chapter:golem:6,faction-chapter:golem:6,kind,5,FactionChapterKind,Resolution,explicit-serialized
FactionChapterDefinitionSO|faction-chapter:golem:6,faction-chapter:golem:6,crossFactionId,,,,explicit-serialized
FactionChapterDefinitionSO|faction-chapter:golem:6,faction-chapter:golem:6,triggerRequirements.items,[],,,explicit-serialized
FactionChapterDefinitionSO|faction-chapter:golem:6,faction-chapter:golem:6,triggerRequirements.facilities,[],,,explicit-serialized
FactionChapterDefinitionSO|faction-chapter:golem:6,faction-chapter:golem:6,triggerRequirements.research,[],,,explicit-serialized
FactionChapterDefinitionSO|faction-chapter:golem:6,faction-chapter:golem:6,triggerRequirements.characters,[],,,explicit-serialized
FactionChapterDefinitionSO|faction-chapter:golem:6,faction-chapter:golem:6,triggerRequirements.factions.0.factionId,faction:dungeon:golem,,,explicit-serialized
FactionChapterDefinitionSO|faction-chapter:golem:6,faction-chapter:golem:6,triggerRequirements.factions.0.minimumRapport,-100,,,explicit-serialized
FactionChapterDefinitionSO|faction-chapter:golem:6,faction-chapter:golem:6,triggerRequirements.factions.0.maximumGrievance,100,,,explicit-serialized
FactionChapterDefinitionSO|faction-chapter:golem:6,faction-chapter:golem:6,triggerRequirements.factions.0.minimumObligationTokens,0,,,explicit-serialized
FactionChapterDefinitionSO|faction-chapter:golem:6,faction-chapter:golem:6,triggerRequirements.worldMetrics,[],,,explicit-serialized
FactionChapterDefinitionSO|faction-chapter:golem:6,faction-chapter:golem:6,triggerRequirements.requiredFlags,[],,,explicit-serialized
FactionChapterDefinitionSO|faction-chapter:golem:6,faction-chapter:golem:6,triggerRequirements.excludedFlags,[],,,explicit-serialized
FactionChapterDefinitionSO|faction-chapter:golem:6,faction-chapter:golem:6,choices.0.choiceId,support,,,explicit-serialized
FactionChapterDefinitionSO|faction-chapter:golem:6,faction-chapter:golem:6,choices.0.title,요구를 지원한다,,,explicit-serialized
FactionChapterDefinitionSO|faction-chapter:golem:6,faction-chapter:golem:6,choices.0.outcomeText,요구를 지원한다,,,explicit-serialized
FactionChapterDefinitionSO|faction-chapter:golem:6,faction-chapter:golem:6,choices.0.requirements.items.0.itemDefinitionId,component:rune-conductor,,,explicit-serialized
FactionChapterDefinitionSO|faction-chapter:golem:6,faction-chapter:golem:6,choices.0.requirements.items.0.amount,9,,,explicit-serialized
FactionChapterDefinitionSO|faction-chapter:golem:6,faction-chapter:golem:6,choices.0.requirements.items.0.consume,1,,,explicit-serialized
FactionChapterDefinitionSO|faction-chapter:golem:6,faction-chapter:golem:6,choices.0.requirements.facilities.0.buildingDefinitionId,,,,explicit-serialized
FactionChapterDefinitionSO|faction-chapter:golem:6,faction-chapter:golem:6,choices.0.requirements.facilities.0.capabilityId,Administration,,,explicit-serialized
FactionChapterDefinitionSO|faction-chapter:golem:6,faction-chapter:golem:6,choices.0.requirements.facilities.0.minimumCount,1,,,explicit-serialized
FactionChapterDefinitionSO|faction-chapter:golem:6,faction-chapter:golem:6,choices.0.requirements.facilities.0.mustBeOperational,1,,,explicit-serialized
FactionChapterDefinitionSO|faction-chapter:golem:6,faction-chapter:golem:6,choices.0.requirements.research,[],,,explicit-serialized
FactionChapterDefinitionSO|faction-chapter:golem:6,faction-chapter:golem:6,choices.0.requirements.characters,[],,,explicit-serialized
FactionChapterDefinitionSO|faction-chapter:golem:6,faction-chapter:golem:6,choices.0.requirements.factions,[],,,explicit-serialized
FactionChapterDefinitionSO|faction-chapter:golem:6,faction-chapter:golem:6,choices.0.requirements.worldMetrics,[],,,explicit-serialized
FactionChapterDefinitionSO|faction-chapter:golem:6,faction-chapter:golem:6,choices.0.requirements.requiredFlags,[],,,explicit-serialized
FactionChapterDefinitionSO|faction-chapter:golem:6,faction-chapter:golem:6,choices.0.requirements.excludedFlags,[],,,explicit-serialized
FactionChapterDefinitionSO|faction-chapter:golem:6,faction-chapter:golem:6,choices.0.effects.0.kind,6,V20ContentEffectKind,FactionRapport (세력 우호도),explicit-serialized
FactionChapterDefinitionSO|faction-chapter:golem:6,faction-chapter:golem:6,choices.0.effects.0.targetId,faction:dungeon:golem,,,explicit-serialized
FactionChapterDefinitionSO|faction-chapter:golem:6,faction-chapter:golem:6,choices.0.effects.0.amount,11,,,explicit-serialized
FactionChapterDefinitionSO|faction-chapter:golem:6,faction-chapter:golem:6,choices.0.effects.0.durationDays,0,,,explicit-serialized
FactionChapterDefinitionSO|faction-chapter:golem:6,faction-chapter:golem:6,choices.0.effects.1.kind,13,V20ContentEffectKind,WorkDelayDays (작업 지연),explicit-serialized
FactionChapterDefinitionSO|faction-chapter:golem:6,faction-chapter:golem:6,choices.0.effects.1.targetId,faction-work:golem:6,,,explicit-serialized
FactionChapterDefinitionSO|faction-chapter:golem:6,faction-chapter:golem:6,choices.0.effects.1.amount,1,,,explicit-serialized
FactionChapterDefinitionSO|faction-chapter:golem:6,faction-chapter:golem:6,choices.0.effects.1.durationDays,0,,,explicit-serialized
FactionChapterDefinitionSO|faction-chapter:golem:6,faction-chapter:golem:6,choices.1.choiceId,bargain,,,explicit-serialized
FactionChapterDefinitionSO|faction-chapter:golem:6,faction-chapter:golem:6,choices.1.title,절반의 비용과 의무를 협상한다,,,explicit-serialized
FactionChapterDefinitionSO|faction-chapter:golem:6,faction-chapter:golem:6,choices.1.outcomeText,절반의 비용과 의무를 협상한다,,,explicit-serialized
FactionChapterDefinitionSO|faction-chapter:golem:6,faction-chapter:golem:6,choices.1.requirements.items.0.itemDefinitionId,component:rune-conductor,,,explicit-serialized
FactionChapterDefinitionSO|faction-chapter:golem:6,faction-chapter:golem:6,choices.1.requirements.items.0.amount,5,,,explicit-serialized
FactionChapterDefinitionSO|faction-chapter:golem:6,faction-chapter:golem:6,choices.1.requirements.items.0.consume,1,,,explicit-serialized
FactionChapterDefinitionSO|faction-chapter:golem:6,faction-chapter:golem:6,choices.1.requirements.facilities.0.buildingDefinitionId,,,,explicit-serialized
FactionChapterDefinitionSO|faction-chapter:golem:6,faction-chapter:golem:6,choices.1.requirements.facilities.0.capabilityId,Administration,,,explicit-serialized
FactionChapterDefinitionSO|faction-chapter:golem:6,faction-chapter:golem:6,choices.1.requirements.facilities.0.minimumCount,1,,,explicit-serialized
FactionChapterDefinitionSO|faction-chapter:golem:6,faction-chapter:golem:6,choices.1.requirements.facilities.0.mustBeOperational,1,,,explicit-serialized
FactionChapterDefinitionSO|faction-chapter:golem:6,faction-chapter:golem:6,choices.1.requirements.research,[],,,explicit-serialized
FactionChapterDefinitionSO|faction-chapter:golem:6,faction-chapter:golem:6,choices.1.requirements.characters,[],,,explicit-serialized
FactionChapterDefinitionSO|faction-chapter:golem:6,faction-chapter:golem:6,choices.1.requirements.factions,[],,,explicit-serialized
FactionChapterDefinitionSO|faction-chapter:golem:6,faction-chapter:golem:6,choices.1.requirements.worldMetrics,[],,,explicit-serialized
FactionChapterDefinitionSO|faction-chapter:golem:6,faction-chapter:golem:6,choices.1.requirements.requiredFlags,[],,,explicit-serialized
FactionChapterDefinitionSO|faction-chapter:golem:6,faction-chapter:golem:6,choices.1.requirements.excludedFlags,[],,,explicit-serialized
FactionChapterDefinitionSO|faction-chapter:golem:6,faction-chapter:golem:6,choices.1.effects.0.kind,6,V20ContentEffectKind,FactionRapport (세력 우호도),explicit-serialized
FactionChapterDefinitionSO|faction-chapter:golem:6,faction-chapter:golem:6,choices.1.effects.0.targetId,faction:dungeon:golem,,,explicit-serialized
FactionChapterDefinitionSO|faction-chapter:golem:6,faction-chapter:golem:6,choices.1.effects.0.amount,5,,,explicit-serialized
FactionChapterDefinitionSO|faction-chapter:golem:6,faction-chapter:golem:6,choices.1.effects.0.durationDays,0,,,explicit-serialized
FactionChapterDefinitionSO|faction-chapter:golem:6,faction-chapter:golem:6,choices.1.effects.1.kind,8,V20ContentEffectKind,FactionObligation (세력 의무),explicit-serialized
FactionChapterDefinitionSO|faction-chapter:golem:6,faction-chapter:golem:6,choices.1.effects.1.targetId,faction:dungeon:golem,,,explicit-serialized
FactionChapterDefinitionSO|faction-chapter:golem:6,faction-chapter:golem:6,choices.1.effects.1.amount,1,,,explicit-serialized
FactionChapterDefinitionSO|faction-chapter:golem:6,faction-chapter:golem:6,choices.1.effects.1.durationDays,0,,,explicit-serialized
FactionChapterDefinitionSO|faction-chapter:golem:6,faction-chapter:golem:6,choices.1.effects.2.kind,13,V20ContentEffectKind,WorkDelayDays (작업 지연),explicit-serialized
FactionChapterDefinitionSO|faction-chapter:golem:6,faction-chapter:golem:6,choices.1.effects.2.targetId,faction-work:golem:6:bargain,,,explicit-serialized
FactionChapterDefinitionSO|faction-chapter:golem:6,faction-chapter:golem:6,choices.1.effects.2.amount,1,,,explicit-serialized
FactionChapterDefinitionSO|faction-chapter:golem:6,faction-chapter:golem:6,choices.1.effects.2.durationDays,0,,,explicit-serialized
FactionChapterDefinitionSO|faction-chapter:golem:6,faction-chapter:golem:6,choices.2.choiceId,refuse,,,explicit-serialized
FactionChapterDefinitionSO|faction-chapter:golem:6,faction-chapter:golem:6,choices.2.title,거절하고 후속 위험을 감수한다,,,explicit-serialized
FactionChapterDefinitionSO|faction-chapter:golem:6,faction-chapter:golem:6,choices.2.outcomeText,거절로 물자를 보존하지만 원한과 후속 위협이 남는다.,,,explicit-serialized
FactionChapterDefinitionSO|faction-chapter:golem:6,faction-chapter:golem:6,choices.2.requirements.items,[],,,explicit-serialized
FactionChapterDefinitionSO|faction-chapter:golem:6,faction-chapter:golem:6,choices.2.requirements.facilities,[],,,explicit-serialized
FactionChapterDefinitionSO|faction-chapter:golem:6,faction-chapter:golem:6,choices.2.requirements.research,[],,,explicit-serialized
FactionChapterDefinitionSO|faction-chapter:golem:6,faction-chapter:golem:6,choices.2.requirements.characters,[],,,explicit-serialized
FactionChapterDefinitionSO|faction-chapter:golem:6,faction-chapter:golem:6,choices.2.requirements.factions,[],,,explicit-serialized
FactionChapterDefinitionSO|faction-chapter:golem:6,faction-chapter:golem:6,choices.2.requirements.worldMetrics,[],,,explicit-serialized
FactionChapterDefinitionSO|faction-chapter:golem:6,faction-chapter:golem:6,choices.2.requirements.requiredFlags,[],,,explicit-serialized
FactionChapterDefinitionSO|faction-chapter:golem:6,faction-chapter:golem:6,choices.2.requirements.excludedFlags,[],,,explicit-serialized
FactionChapterDefinitionSO|faction-chapter:golem:6,faction-chapter:golem:6,choices.2.effects.0.kind,7,V20ContentEffectKind,FactionGrievance (세력 원한),explicit-serialized
FactionChapterDefinitionSO|faction-chapter:golem:6,faction-chapter:golem:6,choices.2.effects.0.targetId,faction:dungeon:golem,,,explicit-serialized
FactionChapterDefinitionSO|faction-chapter:golem:6,faction-chapter:golem:6,choices.2.effects.0.amount,9,,,explicit-serialized
FactionChapterDefinitionSO|faction-chapter:golem:6,faction-chapter:golem:6,choices.2.effects.0.durationDays,0,,,explicit-serialized
FactionChapterDefinitionSO|faction-chapter:golem:6,faction-chapter:golem:6,choices.2.effects.1.kind,14,V20ContentEffectKind,Threat (위협),explicit-serialized
FactionChapterDefinitionSO|faction-chapter:golem:6,faction-chapter:golem:6,choices.2.effects.1.targetId,faction-followup:golem:6,,,explicit-serialized
FactionChapterDefinitionSO|faction-chapter:golem:6,faction-chapter:golem:6,choices.2.effects.1.amount,1,,,explicit-serialized
FactionChapterDefinitionSO|faction-chapter:golem:6,faction-chapter:golem:6,choices.2.effects.1.durationDays,0,,,explicit-serialized
FactionChapterDefinitionSO|faction-chapter:harpy:1,faction-chapter:harpy:1,m_Name,chapter_harpy_1,,,explicit-serialized
FactionChapterDefinitionSO|faction-chapter:harpy:1,faction-chapter:harpy:1,stableId,faction-chapter:harpy:1,,,explicit-serialized
FactionChapterDefinitionSO|faction-chapter:harpy:1,faction-chapter:harpy:1,displayName,끊어진 전령줄,,,explicit-serialized
FactionChapterDefinitionSO|faction-chapter:harpy:1,faction-chapter:harpy:1,description,폭풍둥지 전령이 끊어진 공중 운반로의 밧줄을 요구한다.,,,explicit-serialized
FactionChapterDefinitionSO|faction-chapter:harpy:1,faction-chapter:harpy:1,authoringRevision,1,,,explicit-serialized
FactionChapterDefinitionSO|faction-chapter:harpy:1,faction-chapter:harpy:1,sourceNote,V20 hand-authored faction/service manifest.,,,explicit-serialized
FactionChapterDefinitionSO|faction-chapter:harpy:1,faction-chapter:harpy:1,factionId,faction:dungeon:harpy,,,explicit-serialized
FactionChapterDefinitionSO|faction-chapter:harpy:1,faction-chapter:harpy:1,chapterNumber,1,,,explicit-serialized
FactionChapterDefinitionSO|faction-chapter:harpy:1,faction-chapter:harpy:1,kind,0,FactionChapterKind,First Contact,explicit-serialized
FactionChapterDefinitionSO|faction-chapter:harpy:1,faction-chapter:harpy:1,crossFactionId,,,,explicit-serialized
FactionChapterDefinitionSO|faction-chapter:harpy:1,faction-chapter:harpy:1,triggerRequirements.items,[],,,explicit-serialized
FactionChapterDefinitionSO|faction-chapter:harpy:1,faction-chapter:harpy:1,triggerRequirements.facilities,[],,,explicit-serialized
FactionChapterDefinitionSO|faction-chapter:harpy:1,faction-chapter:harpy:1,triggerRequirements.research,[],,,explicit-serialized
FactionChapterDefinitionSO|faction-chapter:harpy:1,faction-chapter:harpy:1,triggerRequirements.characters,[],,,explicit-serialized
FactionChapterDefinitionSO|faction-chapter:harpy:1,faction-chapter:harpy:1,triggerRequirements.factions.0.factionId,faction:dungeon:harpy,,,explicit-serialized
FactionChapterDefinitionSO|faction-chapter:harpy:1,faction-chapter:harpy:1,triggerRequirements.factions.0.minimumRapport,-100,,,explicit-serialized
FactionChapterDefinitionSO|faction-chapter:harpy:1,faction-chapter:harpy:1,triggerRequirements.factions.0.maximumGrievance,100,,,explicit-serialized
FactionChapterDefinitionSO|faction-chapter:harpy:1,faction-chapter:harpy:1,triggerRequirements.factions.0.minimumObligationTokens,0,,,explicit-serialized
FactionChapterDefinitionSO|faction-chapter:harpy:1,faction-chapter:harpy:1,triggerRequirements.worldMetrics,[],,,explicit-serialized
FactionChapterDefinitionSO|faction-chapter:harpy:1,faction-chapter:harpy:1,triggerRequirements.requiredFlags,[],,,explicit-serialized
FactionChapterDefinitionSO|faction-chapter:harpy:1,faction-chapter:harpy:1,triggerRequirements.excludedFlags,[],,,explicit-serialized
FactionChapterDefinitionSO|faction-chapter:harpy:1,faction-chapter:harpy:1,choices.0.choiceId,support,,,explicit-serialized
FactionChapterDefinitionSO|faction-chapter:harpy:1,faction-chapter:harpy:1,choices.0.title,요구를 지원한다,,,explicit-serialized
FactionChapterDefinitionSO|faction-chapter:harpy:1,faction-chapter:harpy:1,choices.0.outcomeText,요구를 지원한다,,,explicit-serialized
FactionChapterDefinitionSO|faction-chapter:harpy:1,faction-chapter:harpy:1,choices.0.requirements.items.0.itemDefinitionId,material:rope,,,explicit-serialized
FactionChapterDefinitionSO|faction-chapter:harpy:1,faction-chapter:harpy:1,choices.0.requirements.items.0.amount,4,,,explicit-serialized
FactionChapterDefinitionSO|faction-chapter:harpy:1,faction-chapter:harpy:1,choices.0.requirements.items.0.consume,1,,,explicit-serialized
FactionChapterDefinitionSO|faction-chapter:harpy:1,faction-chapter:harpy:1,choices.0.requirements.facilities.0.buildingDefinitionId,,,,explicit-serialized
FactionChapterDefinitionSO|faction-chapter:harpy:1,faction-chapter:harpy:1,choices.0.requirements.facilities.0.capabilityId,Administration,,,explicit-serialized
FactionChapterDefinitionSO|faction-chapter:harpy:1,faction-chapter:harpy:1,choices.0.requirements.facilities.0.minimumCount,1,,,explicit-serialized
FactionChapterDefinitionSO|faction-chapter:harpy:1,faction-chapter:harpy:1,choices.0.requirements.facilities.0.mustBeOperational,1,,,explicit-serialized
FactionChapterDefinitionSO|faction-chapter:harpy:1,faction-chapter:harpy:1,choices.0.requirements.research,[],,,explicit-serialized
FactionChapterDefinitionSO|faction-chapter:harpy:1,faction-chapter:harpy:1,choices.0.requirements.characters,[],,,explicit-serialized
FactionChapterDefinitionSO|faction-chapter:harpy:1,faction-chapter:harpy:1,choices.0.requirements.factions,[],,,explicit-serialized
FactionChapterDefinitionSO|faction-chapter:harpy:1,faction-chapter:harpy:1,choices.0.requirements.worldMetrics,[],,,explicit-serialized
FactionChapterDefinitionSO|faction-chapter:harpy:1,faction-chapter:harpy:1,choices.0.requirements.requiredFlags,[],,,explicit-serialized
FactionChapterDefinitionSO|faction-chapter:harpy:1,faction-chapter:harpy:1,choices.0.requirements.excludedFlags,[],,,explicit-serialized
FactionChapterDefinitionSO|faction-chapter:harpy:1,faction-chapter:harpy:1,choices.0.effects.0.kind,6,V20ContentEffectKind,FactionRapport (세력 우호도),explicit-serialized
FactionChapterDefinitionSO|faction-chapter:harpy:1,faction-chapter:harpy:1,choices.0.effects.0.targetId,faction:dungeon:harpy,,,explicit-serialized
FactionChapterDefinitionSO|faction-chapter:harpy:1,faction-chapter:harpy:1,choices.0.effects.0.amount,6,,,explicit-serialized
FactionChapterDefinitionSO|faction-chapter:harpy:1,faction-chapter:harpy:1,choices.0.effects.0.durationDays,0,,,explicit-serialized
FactionChapterDefinitionSO|faction-chapter:harpy:1,faction-chapter:harpy:1,choices.0.effects.1.kind,13,V20ContentEffectKind,WorkDelayDays (작업 지연),explicit-serialized
FactionChapterDefinitionSO|faction-chapter:harpy:1,faction-chapter:harpy:1,choices.0.effects.1.targetId,faction-work:harpy:1,,,explicit-serialized
FactionChapterDefinitionSO|faction-chapter:harpy:1,faction-chapter:harpy:1,choices.0.effects.1.amount,2,,,explicit-serialized
FactionChapterDefinitionSO|faction-chapter:harpy:1,faction-chapter:harpy:1,choices.0.effects.1.durationDays,0,,,explicit-serialized
FactionChapterDefinitionSO|faction-chapter:harpy:1,faction-chapter:harpy:1,choices.1.choiceId,bargain,,,explicit-serialized
FactionChapterDefinitionSO|faction-chapter:harpy:1,faction-chapter:harpy:1,choices.1.title,절반의 비용과 의무를 협상한다,,,explicit-serialized
FactionChapterDefinitionSO|faction-chapter:harpy:1,faction-chapter:harpy:1,choices.1.outcomeText,절반의 비용과 의무를 협상한다,,,explicit-serialized
FactionChapterDefinitionSO|faction-chapter:harpy:1,faction-chapter:harpy:1,choices.1.requirements.items.0.itemDefinitionId,material:rope,,,explicit-serialized
FactionChapterDefinitionSO|faction-chapter:harpy:1,faction-chapter:harpy:1,choices.1.requirements.items.0.amount,2,,,explicit-serialized
FactionChapterDefinitionSO|faction-chapter:harpy:1,faction-chapter:harpy:1,choices.1.requirements.items.0.consume,1,,,explicit-serialized
FactionChapterDefinitionSO|faction-chapter:harpy:1,faction-chapter:harpy:1,choices.1.requirements.facilities.0.buildingDefinitionId,,,,explicit-serialized
FactionChapterDefinitionSO|faction-chapter:harpy:1,faction-chapter:harpy:1,choices.1.requirements.facilities.0.capabilityId,Administration,,,explicit-serialized
FactionChapterDefinitionSO|faction-chapter:harpy:1,faction-chapter:harpy:1,choices.1.requirements.facilities.0.minimumCount,1,,,explicit-serialized
FactionChapterDefinitionSO|faction-chapter:harpy:1,faction-chapter:harpy:1,choices.1.requirements.facilities.0.mustBeOperational,1,,,explicit-serialized
FactionChapterDefinitionSO|faction-chapter:harpy:1,faction-chapter:harpy:1,choices.1.requirements.research,[],,,explicit-serialized
FactionChapterDefinitionSO|faction-chapter:harpy:1,faction-chapter:harpy:1,choices.1.requirements.characters,[],,,explicit-serialized
FactionChapterDefinitionSO|faction-chapter:harpy:1,faction-chapter:harpy:1,choices.1.requirements.factions,[],,,explicit-serialized
FactionChapterDefinitionSO|faction-chapter:harpy:1,faction-chapter:harpy:1,choices.1.requirements.worldMetrics,[],,,explicit-serialized
FactionChapterDefinitionSO|faction-chapter:harpy:1,faction-chapter:harpy:1,choices.1.requirements.requiredFlags,[],,,explicit-serialized
FactionChapterDefinitionSO|faction-chapter:harpy:1,faction-chapter:harpy:1,choices.1.requirements.excludedFlags,[],,,explicit-serialized
FactionChapterDefinitionSO|faction-chapter:harpy:1,faction-chapter:harpy:1,choices.1.effects.0.kind,6,V20ContentEffectKind,FactionRapport (세력 우호도),explicit-serialized
FactionChapterDefinitionSO|faction-chapter:harpy:1,faction-chapter:harpy:1,choices.1.effects.0.targetId,faction:dungeon:harpy,,,explicit-serialized
FactionChapterDefinitionSO|faction-chapter:harpy:1,faction-chapter:harpy:1,choices.1.effects.0.amount,2,,,explicit-serialized
FactionChapterDefinitionSO|faction-chapter:harpy:1,faction-chapter:harpy:1,choices.1.effects.0.durationDays,0,,,explicit-serialized
FactionChapterDefinitionSO|faction-chapter:harpy:1,faction-chapter:harpy:1,choices.1.effects.1.kind,8,V20ContentEffectKind,FactionObligation (세력 의무),explicit-serialized
FactionChapterDefinitionSO|faction-chapter:harpy:1,faction-chapter:harpy:1,choices.1.effects.1.targetId,faction:dungeon:harpy,,,explicit-serialized
FactionChapterDefinitionSO|faction-chapter:harpy:1,faction-chapter:harpy:1,choices.1.effects.1.amount,1,,,explicit-serialized
FactionChapterDefinitionSO|faction-chapter:harpy:1,faction-chapter:harpy:1,choices.1.effects.1.durationDays,0,,,explicit-serialized
FactionChapterDefinitionSO|faction-chapter:harpy:1,faction-chapter:harpy:1,choices.1.effects.2.kind,13,V20ContentEffectKind,WorkDelayDays (작업 지연),explicit-serialized
FactionChapterDefinitionSO|faction-chapter:harpy:1,faction-chapter:harpy:1,choices.1.effects.2.targetId,faction-work:harpy:1:bargain,,,explicit-serialized
FactionChapterDefinitionSO|faction-chapter:harpy:1,faction-chapter:harpy:1,choices.1.effects.2.amount,1,,,explicit-serialized
FactionChapterDefinitionSO|faction-chapter:harpy:1,faction-chapter:harpy:1,choices.1.effects.2.durationDays,0,,,explicit-serialized
FactionChapterDefinitionSO|faction-chapter:harpy:1,faction-chapter:harpy:1,choices.2.choiceId,refuse,,,explicit-serialized
FactionChapterDefinitionSO|faction-chapter:harpy:1,faction-chapter:harpy:1,choices.2.title,거절하고 후속 위험을 감수한다,,,explicit-serialized
FactionChapterDefinitionSO|faction-chapter:harpy:1,faction-chapter:harpy:1,choices.2.outcomeText,거절로 물자를 보존하지만 원한과 후속 위협이 남는다.,,,explicit-serialized
FactionChapterDefinitionSO|faction-chapter:harpy:1,faction-chapter:harpy:1,choices.2.requirements.items,[],,,explicit-serialized
FactionChapterDefinitionSO|faction-chapter:harpy:1,faction-chapter:harpy:1,choices.2.requirements.facilities,[],,,explicit-serialized
FactionChapterDefinitionSO|faction-chapter:harpy:1,faction-chapter:harpy:1,choices.2.requirements.research,[],,,explicit-serialized
FactionChapterDefinitionSO|faction-chapter:harpy:1,faction-chapter:harpy:1,choices.2.requirements.characters,[],,,explicit-serialized
FactionChapterDefinitionSO|faction-chapter:harpy:1,faction-chapter:harpy:1,choices.2.requirements.factions,[],,,explicit-serialized
FactionChapterDefinitionSO|faction-chapter:harpy:1,faction-chapter:harpy:1,choices.2.requirements.worldMetrics,[],,,explicit-serialized
FactionChapterDefinitionSO|faction-chapter:harpy:1,faction-chapter:harpy:1,choices.2.requirements.requiredFlags,[],,,explicit-serialized
FactionChapterDefinitionSO|faction-chapter:harpy:1,faction-chapter:harpy:1,choices.2.requirements.excludedFlags,[],,,explicit-serialized
FactionChapterDefinitionSO|faction-chapter:harpy:1,faction-chapter:harpy:1,choices.2.effects.0.kind,7,V20ContentEffectKind,FactionGrievance (세력 원한),explicit-serialized
FactionChapterDefinitionSO|faction-chapter:harpy:1,faction-chapter:harpy:1,choices.2.effects.0.targetId,faction:dungeon:harpy,,,explicit-serialized
FactionChapterDefinitionSO|faction-chapter:harpy:1,faction-chapter:harpy:1,choices.2.effects.0.amount,4,,,explicit-serialized
FactionChapterDefinitionSO|faction-chapter:harpy:1,faction-chapter:harpy:1,choices.2.effects.0.durationDays,0,,,explicit-serialized
FactionChapterDefinitionSO|faction-chapter:harpy:1,faction-chapter:harpy:1,choices.2.effects.1.kind,14,V20ContentEffectKind,Threat (위협),explicit-serialized
FactionChapterDefinitionSO|faction-chapter:harpy:1,faction-chapter:harpy:1,choices.2.effects.1.targetId,faction-followup:harpy:1,,,explicit-serialized
FactionChapterDefinitionSO|faction-chapter:harpy:1,faction-chapter:harpy:1,choices.2.effects.1.amount,1,,,explicit-serialized
FactionChapterDefinitionSO|faction-chapter:harpy:1,faction-chapter:harpy:1,choices.2.effects.1.durationDays,0,,,explicit-serialized
FactionChapterDefinitionSO|faction-chapter:harpy:2,faction-chapter:harpy:2,m_Name,chapter_harpy_2,,,explicit-serialized
FactionChapterDefinitionSO|faction-chapter:harpy:2,faction-chapter:harpy:2,stableId,faction-chapter:harpy:2,,,explicit-serialized
FactionChapterDefinitionSO|faction-chapter:harpy:2,faction-chapter:harpy:2,displayName,침묵한 합창단,,,explicit-serialized
FactionChapterDefinitionSO|faction-chapter:harpy:2,faction-chapter:harpy:2,description,젊은 합창단이 장로의 전령 노래를 더는 부르지 않는다.,,,explicit-serialized
FactionChapterDefinitionSO|faction-chapter:harpy:2,faction-chapter:harpy:2,authoringRevision,1,,,explicit-serialized
FactionChapterDefinitionSO|faction-chapter:harpy:2,faction-chapter:harpy:2,sourceNote,V20 hand-authored faction/service manifest.,,,explicit-serialized
FactionChapterDefinitionSO|faction-chapter:harpy:2,faction-chapter:harpy:2,factionId,faction:dungeon:harpy,,,explicit-serialized
FactionChapterDefinitionSO|faction-chapter:harpy:2,faction-chapter:harpy:2,chapterNumber,2,,,explicit-serialized
FactionChapterDefinitionSO|faction-chapter:harpy:2,faction-chapter:harpy:2,kind,1,FactionChapterKind,Internal Problem,explicit-serialized
FactionChapterDefinitionSO|faction-chapter:harpy:2,faction-chapter:harpy:2,crossFactionId,,,,explicit-serialized
FactionChapterDefinitionSO|faction-chapter:harpy:2,faction-chapter:harpy:2,triggerRequirements.items,[],,,explicit-serialized
FactionChapterDefinitionSO|faction-chapter:harpy:2,faction-chapter:harpy:2,triggerRequirements.facilities,[],,,explicit-serialized
FactionChapterDefinitionSO|faction-chapter:harpy:2,faction-chapter:harpy:2,triggerRequirements.research,[],,,explicit-serialized
FactionChapterDefinitionSO|faction-chapter:harpy:2,faction-chapter:harpy:2,triggerRequirements.characters,[],,,explicit-serialized
FactionChapterDefinitionSO|faction-chapter:harpy:2,faction-chapter:harpy:2,triggerRequirements.factions.0.factionId,faction:dungeon:harpy,,,explicit-serialized
FactionChapterDefinitionSO|faction-chapter:harpy:2,faction-chapter:harpy:2,triggerRequirements.factions.0.minimumRapport,-100,,,explicit-serialized
FactionChapterDefinitionSO|faction-chapter:harpy:2,faction-chapter:harpy:2,triggerRequirements.factions.0.maximumGrievance,100,,,explicit-serialized
FactionChapterDefinitionSO|faction-chapter:harpy:2,faction-chapter:harpy:2,triggerRequirements.factions.0.minimumObligationTokens,0,,,explicit-serialized
FactionChapterDefinitionSO|faction-chapter:harpy:2,faction-chapter:harpy:2,triggerRequirements.worldMetrics,[],,,explicit-serialized
FactionChapterDefinitionSO|faction-chapter:harpy:2,faction-chapter:harpy:2,triggerRequirements.requiredFlags,[],,,explicit-serialized
FactionChapterDefinitionSO|faction-chapter:harpy:2,faction-chapter:harpy:2,triggerRequirements.excludedFlags,[],,,explicit-serialized
FactionChapterDefinitionSO|faction-chapter:harpy:2,faction-chapter:harpy:2,choices.0.choiceId,support,,,explicit-serialized
FactionChapterDefinitionSO|faction-chapter:harpy:2,faction-chapter:harpy:2,choices.0.title,요구를 지원한다,,,explicit-serialized
FactionChapterDefinitionSO|faction-chapter:harpy:2,faction-chapter:harpy:2,choices.0.outcomeText,요구를 지원한다,,,explicit-serialized
FactionChapterDefinitionSO|faction-chapter:harpy:2,faction-chapter:harpy:2,choices.0.requirements.items.0.itemDefinitionId,medicine:antiseptic,,,explicit-serialized
FactionChapterDefinitionSO|faction-chapter:harpy:2,faction-chapter:harpy:2,choices.0.requirements.items.0.amount,5,,,explicit-serialized
FactionChapterDefinitionSO|faction-chapter:harpy:2,faction-chapter:harpy:2,choices.0.requirements.items.0.consume,1,,,explicit-serialized
FactionChapterDefinitionSO|faction-chapter:harpy:2,faction-chapter:harpy:2,choices.0.requirements.facilities.0.buildingDefinitionId,,,,explicit-serialized
FactionChapterDefinitionSO|faction-chapter:harpy:2,faction-chapter:harpy:2,choices.0.requirements.facilities.0.capabilityId,Medical,,,explicit-serialized
FactionChapterDefinitionSO|faction-chapter:harpy:2,faction-chapter:harpy:2,choices.0.requirements.facilities.0.minimumCount,1,,,explicit-serialized
FactionChapterDefinitionSO|faction-chapter:harpy:2,faction-chapter:harpy:2,choices.0.requirements.facilities.0.mustBeOperational,1,,,explicit-serialized
FactionChapterDefinitionSO|faction-chapter:harpy:2,faction-chapter:harpy:2,choices.0.requirements.research,[],,,explicit-serialized
FactionChapterDefinitionSO|faction-chapter:harpy:2,faction-chapter:harpy:2,choices.0.requirements.characters,[],,,explicit-serialized
FactionChapterDefinitionSO|faction-chapter:harpy:2,faction-chapter:harpy:2,choices.0.requirements.factions,[],,,explicit-serialized
FactionChapterDefinitionSO|faction-chapter:harpy:2,faction-chapter:harpy:2,choices.0.requirements.worldMetrics,[],,,explicit-serialized
FactionChapterDefinitionSO|faction-chapter:harpy:2,faction-chapter:harpy:2,choices.0.requirements.requiredFlags,[],,,explicit-serialized
FactionChapterDefinitionSO|faction-chapter:harpy:2,faction-chapter:harpy:2,choices.0.requirements.excludedFlags,[],,,explicit-serialized
FactionChapterDefinitionSO|faction-chapter:harpy:2,faction-chapter:harpy:2,choices.0.effects.0.kind,6,V20ContentEffectKind,FactionRapport (세력 우호도),explicit-serialized
FactionChapterDefinitionSO|faction-chapter:harpy:2,faction-chapter:harpy:2,choices.0.effects.0.targetId,faction:dungeon:harpy,,,explicit-serialized
FactionChapterDefinitionSO|faction-chapter:harpy:2,faction-chapter:harpy:2,choices.0.effects.0.amount,7,,,explicit-serialized
FactionChapterDefinitionSO|faction-chapter:harpy:2,faction-chapter:harpy:2,choices.0.effects.0.durationDays,0,,,explicit-serialized
FactionChapterDefinitionSO|faction-chapter:harpy:2,faction-chapter:harpy:2,choices.0.effects.1.kind,13,V20ContentEffectKind,WorkDelayDays (작업 지연),explicit-serialized
FactionChapterDefinitionSO|faction-chapter:harpy:2,faction-chapter:harpy:2,choices.0.effects.1.targetId,faction-work:harpy:2,,,explicit-serialized
FactionChapterDefinitionSO|faction-chapter:harpy:2,faction-chapter:harpy:2,choices.0.effects.1.amount,3,,,explicit-serialized
FactionChapterDefinitionSO|faction-chapter:harpy:2,faction-chapter:harpy:2,choices.0.effects.1.durationDays,0,,,explicit-serialized
FactionChapterDefinitionSO|faction-chapter:harpy:2,faction-chapter:harpy:2,choices.1.choiceId,bargain,,,explicit-serialized
FactionChapterDefinitionSO|faction-chapter:harpy:2,faction-chapter:harpy:2,choices.1.title,절반의 비용과 의무를 협상한다,,,explicit-serialized
FactionChapterDefinitionSO|faction-chapter:harpy:2,faction-chapter:harpy:2,choices.1.outcomeText,절반의 비용과 의무를 협상한다,,,explicit-serialized
FactionChapterDefinitionSO|faction-chapter:harpy:2,faction-chapter:harpy:2,choices.1.requirements.items.0.itemDefinitionId,medicine:antiseptic,,,explicit-serialized
FactionChapterDefinitionSO|faction-chapter:harpy:2,faction-chapter:harpy:2,choices.1.requirements.items.0.amount,3,,,explicit-serialized
FactionChapterDefinitionSO|faction-chapter:harpy:2,faction-chapter:harpy:2,choices.1.requirements.items.0.consume,1,,,explicit-serialized
FactionChapterDefinitionSO|faction-chapter:harpy:2,faction-chapter:harpy:2,choices.1.requirements.facilities.0.buildingDefinitionId,,,,explicit-serialized
FactionChapterDefinitionSO|faction-chapter:harpy:2,faction-chapter:harpy:2,choices.1.requirements.facilities.0.capabilityId,Medical,,,explicit-serialized
FactionChapterDefinitionSO|faction-chapter:harpy:2,faction-chapter:harpy:2,choices.1.requirements.facilities.0.minimumCount,1,,,explicit-serialized
FactionChapterDefinitionSO|faction-chapter:harpy:2,faction-chapter:harpy:2,choices.1.requirements.facilities.0.mustBeOperational,1,,,explicit-serialized
FactionChapterDefinitionSO|faction-chapter:harpy:2,faction-chapter:harpy:2,choices.1.requirements.research,[],,,explicit-serialized
FactionChapterDefinitionSO|faction-chapter:harpy:2,faction-chapter:harpy:2,choices.1.requirements.characters,[],,,explicit-serialized
FactionChapterDefinitionSO|faction-chapter:harpy:2,faction-chapter:harpy:2,choices.1.requirements.factions,[],,,explicit-serialized
FactionChapterDefinitionSO|faction-chapter:harpy:2,faction-chapter:harpy:2,choices.1.requirements.worldMetrics,[],,,explicit-serialized
FactionChapterDefinitionSO|faction-chapter:harpy:2,faction-chapter:harpy:2,choices.1.requirements.requiredFlags,[],,,explicit-serialized
FactionChapterDefinitionSO|faction-chapter:harpy:2,faction-chapter:harpy:2,choices.1.requirements.excludedFlags,[],,,explicit-serialized
FactionChapterDefinitionSO|faction-chapter:harpy:2,faction-chapter:harpy:2,choices.1.effects.0.kind,6,V20ContentEffectKind,FactionRapport (세력 우호도),explicit-serialized
FactionChapterDefinitionSO|faction-chapter:harpy:2,faction-chapter:harpy:2,choices.1.effects.0.targetId,faction:dungeon:harpy,,,explicit-serialized
FactionChapterDefinitionSO|faction-chapter:harpy:2,faction-chapter:harpy:2,choices.1.effects.0.amount,3,,,explicit-serialized
FactionChapterDefinitionSO|faction-chapter:harpy:2,faction-chapter:harpy:2,choices.1.effects.0.durationDays,0,,,explicit-serialized
FactionChapterDefinitionSO|faction-chapter:harpy:2,faction-chapter:harpy:2,choices.1.effects.1.kind,8,V20ContentEffectKind,FactionObligation (세력 의무),explicit-serialized
FactionChapterDefinitionSO|faction-chapter:harpy:2,faction-chapter:harpy:2,choices.1.effects.1.targetId,faction:dungeon:harpy,,,explicit-serialized
FactionChapterDefinitionSO|faction-chapter:harpy:2,faction-chapter:harpy:2,choices.1.effects.1.amount,1,,,explicit-serialized
FactionChapterDefinitionSO|faction-chapter:harpy:2,faction-chapter:harpy:2,choices.1.effects.1.durationDays,0,,,explicit-serialized
FactionChapterDefinitionSO|faction-chapter:harpy:2,faction-chapter:harpy:2,choices.1.effects.2.kind,13,V20ContentEffectKind,WorkDelayDays (작업 지연),explicit-serialized
FactionChapterDefinitionSO|faction-chapter:harpy:2,faction-chapter:harpy:2,choices.1.effects.2.targetId,faction-work:harpy:2:bargain,,,explicit-serialized
FactionChapterDefinitionSO|faction-chapter:harpy:2,faction-chapter:harpy:2,choices.1.effects.2.amount,1,,,explicit-serialized
FactionChapterDefinitionSO|faction-chapter:harpy:2,faction-chapter:harpy:2,choices.1.effects.2.durationDays,0,,,explicit-serialized
FactionChapterDefinitionSO|faction-chapter:harpy:2,faction-chapter:harpy:2,choices.2.choiceId,refuse,,,explicit-serialized
FactionChapterDefinitionSO|faction-chapter:harpy:2,faction-chapter:harpy:2,choices.2.title,거절하고 후속 위험을 감수한다,,,explicit-serialized
FactionChapterDefinitionSO|faction-chapter:harpy:2,faction-chapter:harpy:2,choices.2.outcomeText,거절로 물자를 보존하지만 원한과 후속 위협이 남는다.,,,explicit-serialized
FactionChapterDefinitionSO|faction-chapter:harpy:2,faction-chapter:harpy:2,choices.2.requirements.items,[],,,explicit-serialized
FactionChapterDefinitionSO|faction-chapter:harpy:2,faction-chapter:harpy:2,choices.2.requirements.facilities,[],,,explicit-serialized
FactionChapterDefinitionSO|faction-chapter:harpy:2,faction-chapter:harpy:2,choices.2.requirements.research,[],,,explicit-serialized
FactionChapterDefinitionSO|faction-chapter:harpy:2,faction-chapter:harpy:2,choices.2.requirements.characters,[],,,explicit-serialized
FactionChapterDefinitionSO|faction-chapter:harpy:2,faction-chapter:harpy:2,choices.2.requirements.factions,[],,,explicit-serialized
FactionChapterDefinitionSO|faction-chapter:harpy:2,faction-chapter:harpy:2,choices.2.requirements.worldMetrics,[],,,explicit-serialized
FactionChapterDefinitionSO|faction-chapter:harpy:2,faction-chapter:harpy:2,choices.2.requirements.requiredFlags,[],,,explicit-serialized
FactionChapterDefinitionSO|faction-chapter:harpy:2,faction-chapter:harpy:2,choices.2.requirements.excludedFlags,[],,,explicit-serialized
FactionChapterDefinitionSO|faction-chapter:harpy:2,faction-chapter:harpy:2,choices.2.effects.0.kind,7,V20ContentEffectKind,FactionGrievance (세력 원한),explicit-serialized
FactionChapterDefinitionSO|faction-chapter:harpy:2,faction-chapter:harpy:2,choices.2.effects.0.targetId,faction:dungeon:harpy,,,explicit-serialized
FactionChapterDefinitionSO|faction-chapter:harpy:2,faction-chapter:harpy:2,choices.2.effects.0.amount,5,,,explicit-serialized
FactionChapterDefinitionSO|faction-chapter:harpy:2,faction-chapter:harpy:2,choices.2.effects.0.durationDays,0,,,explicit-serialized
FactionChapterDefinitionSO|faction-chapter:harpy:2,faction-chapter:harpy:2,choices.2.effects.1.kind,14,V20ContentEffectKind,Threat (위협),explicit-serialized
FactionChapterDefinitionSO|faction-chapter:harpy:2,faction-chapter:harpy:2,choices.2.effects.1.targetId,faction-followup:harpy:2,,,explicit-serialized
FactionChapterDefinitionSO|faction-chapter:harpy:2,faction-chapter:harpy:2,choices.2.effects.1.amount,1,,,explicit-serialized
FactionChapterDefinitionSO|faction-chapter:harpy:2,faction-chapter:harpy:2,choices.2.effects.1.durationDays,0,,,explicit-serialized
FactionChapterDefinitionSO|faction-chapter:harpy:3,faction-chapter:harpy:3,m_Name,chapter_harpy_3,,,explicit-serialized
FactionChapterDefinitionSO|faction-chapter:harpy:3,faction-chapter:harpy:3,stableId,faction-chapter:harpy:3,,,explicit-serialized
FactionChapterDefinitionSO|faction-chapter:harpy:3,faction-chapter:harpy:3,displayName,포자구름의 하늘길,,,explicit-serialized
FactionChapterDefinitionSO|faction-chapter:harpy:3,faction-chapter:harpy:3,description,균사 정원의 포자구름이 전통 하늘길을 막는다.,,,explicit-serialized
FactionChapterDefinitionSO|faction-chapter:harpy:3,faction-chapter:harpy:3,authoringRevision,1,,,explicit-serialized
FactionChapterDefinitionSO|faction-chapter:harpy:3,faction-chapter:harpy:3,sourceNote,V20 hand-authored faction/service manifest.,,,explicit-serialized
FactionChapterDefinitionSO|faction-chapter:harpy:3,faction-chapter:harpy:3,factionId,faction:dungeon:harpy,,,explicit-serialized
FactionChapterDefinitionSO|faction-chapter:harpy:3,faction-chapter:harpy:3,chapterNumber,3,,,explicit-serialized
FactionChapterDefinitionSO|faction-chapter:harpy:3,faction-chapter:harpy:3,kind,2,FactionChapterKind,Rival Conflict,explicit-serialized
FactionChapterDefinitionSO|faction-chapter:harpy:3,faction-chapter:harpy:3,crossFactionId,faction:dungeon:myconid,,,explicit-serialized
FactionChapterDefinitionSO|faction-chapter:harpy:3,faction-chapter:harpy:3,triggerRequirements.items,[],,,explicit-serialized
FactionChapterDefinitionSO|faction-chapter:harpy:3,faction-chapter:harpy:3,triggerRequirements.facilities,[],,,explicit-serialized
FactionChapterDefinitionSO|faction-chapter:harpy:3,faction-chapter:harpy:3,triggerRequirements.research,[],,,explicit-serialized
FactionChapterDefinitionSO|faction-chapter:harpy:3,faction-chapter:harpy:3,triggerRequirements.characters,[],,,explicit-serialized
FactionChapterDefinitionSO|faction-chapter:harpy:3,faction-chapter:harpy:3,triggerRequirements.factions.0.factionId,faction:dungeon:harpy,,,explicit-serialized
FactionChapterDefinitionSO|faction-chapter:harpy:3,faction-chapter:harpy:3,triggerRequirements.factions.0.minimumRapport,-100,,,explicit-serialized
FactionChapterDefinitionSO|faction-chapter:harpy:3,faction-chapter:harpy:3,triggerRequirements.factions.0.maximumGrievance,100,,,explicit-serialized
FactionChapterDefinitionSO|faction-chapter:harpy:3,faction-chapter:harpy:3,triggerRequirements.factions.0.minimumObligationTokens,0,,,explicit-serialized
FactionChapterDefinitionSO|faction-chapter:harpy:3,faction-chapter:harpy:3,triggerRequirements.worldMetrics,[],,,explicit-serialized
FactionChapterDefinitionSO|faction-chapter:harpy:3,faction-chapter:harpy:3,triggerRequirements.requiredFlags,[],,,explicit-serialized
FactionChapterDefinitionSO|faction-chapter:harpy:3,faction-chapter:harpy:3,triggerRequirements.excludedFlags,[],,,explicit-serialized
FactionChapterDefinitionSO|faction-chapter:harpy:3,faction-chapter:harpy:3,choices.0.choiceId,support,,,explicit-serialized
FactionChapterDefinitionSO|faction-chapter:harpy:3,faction-chapter:harpy:3,choices.0.title,요구를 지원한다,,,explicit-serialized
FactionChapterDefinitionSO|faction-chapter:harpy:3,faction-chapter:harpy:3,choices.0.outcomeText,요구를 지원한다,,,explicit-serialized
FactionChapterDefinitionSO|faction-chapter:harpy:3,faction-chapter:harpy:3,choices.0.requirements.items.0.itemDefinitionId,tool:weather-observation-kit,,,explicit-serialized
FactionChapterDefinitionSO|faction-chapter:harpy:3,faction-chapter:harpy:3,choices.0.requirements.items.0.amount,6,,,explicit-serialized
FactionChapterDefinitionSO|faction-chapter:harpy:3,faction-chapter:harpy:3,choices.0.requirements.items.0.consume,1,,,explicit-serialized
FactionChapterDefinitionSO|faction-chapter:harpy:3,faction-chapter:harpy:3,choices.0.requirements.facilities.0.buildingDefinitionId,,,,explicit-serialized
FactionChapterDefinitionSO|faction-chapter:harpy:3,faction-chapter:harpy:3,choices.0.requirements.facilities.0.capabilityId,Security,,,explicit-serialized
FactionChapterDefinitionSO|faction-chapter:harpy:3,faction-chapter:harpy:3,choices.0.requirements.facilities.0.minimumCount,1,,,explicit-serialized
FactionChapterDefinitionSO|faction-chapter:harpy:3,faction-chapter:harpy:3,choices.0.requirements.facilities.0.mustBeOperational,1,,,explicit-serialized
FactionChapterDefinitionSO|faction-chapter:harpy:3,faction-chapter:harpy:3,choices.0.requirements.research,[],,,explicit-serialized
FactionChapterDefinitionSO|faction-chapter:harpy:3,faction-chapter:harpy:3,choices.0.requirements.characters,[],,,explicit-serialized
FactionChapterDefinitionSO|faction-chapter:harpy:3,faction-chapter:harpy:3,choices.0.requirements.factions,[],,,explicit-serialized
FactionChapterDefinitionSO|faction-chapter:harpy:3,faction-chapter:harpy:3,choices.0.requirements.worldMetrics,[],,,explicit-serialized
FactionChapterDefinitionSO|faction-chapter:harpy:3,faction-chapter:harpy:3,choices.0.requirements.requiredFlags,[],,,explicit-serialized
FactionChapterDefinitionSO|faction-chapter:harpy:3,faction-chapter:harpy:3,choices.0.requirements.excludedFlags,[],,,explicit-serialized
FactionChapterDefinitionSO|faction-chapter:harpy:3,faction-chapter:harpy:3,choices.0.effects.0.kind,6,V20ContentEffectKind,FactionRapport (세력 우호도),explicit-serialized
FactionChapterDefinitionSO|faction-chapter:harpy:3,faction-chapter:harpy:3,choices.0.effects.0.targetId,faction:dungeon:harpy,,,explicit-serialized
FactionChapterDefinitionSO|faction-chapter:harpy:3,faction-chapter:harpy:3,choices.0.effects.0.amount,8,,,explicit-serialized
FactionChapterDefinitionSO|faction-chapter:harpy:3,faction-chapter:harpy:3,choices.0.effects.0.durationDays,0,,,explicit-serialized
FactionChapterDefinitionSO|faction-chapter:harpy:3,faction-chapter:harpy:3,choices.0.effects.1.kind,13,V20ContentEffectKind,WorkDelayDays (작업 지연),explicit-serialized
FactionChapterDefinitionSO|faction-chapter:harpy:3,faction-chapter:harpy:3,choices.0.effects.1.targetId,faction-work:harpy:3,,,explicit-serialized
FactionChapterDefinitionSO|faction-chapter:harpy:3,faction-chapter:harpy:3,choices.0.effects.1.amount,1,,,explicit-serialized
FactionChapterDefinitionSO|faction-chapter:harpy:3,faction-chapter:harpy:3,choices.0.effects.1.durationDays,0,,,explicit-serialized
FactionChapterDefinitionSO|faction-chapter:harpy:3,faction-chapter:harpy:3,choices.0.effects.2.kind,7,V20ContentEffectKind,FactionGrievance (세력 원한),explicit-serialized
FactionChapterDefinitionSO|faction-chapter:harpy:3,faction-chapter:harpy:3,choices.0.effects.2.targetId,faction:dungeon:myconid,,,explicit-serialized
FactionChapterDefinitionSO|faction-chapter:harpy:3,faction-chapter:harpy:3,choices.0.effects.2.amount,3,,,explicit-serialized
FactionChapterDefinitionSO|faction-chapter:harpy:3,faction-chapter:harpy:3,choices.0.effects.2.durationDays,0,,,explicit-serialized
FactionChapterDefinitionSO|faction-chapter:harpy:3,faction-chapter:harpy:3,choices.1.choiceId,bargain,,,explicit-serialized
FactionChapterDefinitionSO|faction-chapter:harpy:3,faction-chapter:harpy:3,choices.1.title,절반의 비용과 의무를 협상한다,,,explicit-serialized
FactionChapterDefinitionSO|faction-chapter:harpy:3,faction-chapter:harpy:3,choices.1.outcomeText,절반의 비용과 의무를 협상한다,,,explicit-serialized
FactionChapterDefinitionSO|faction-chapter:harpy:3,faction-chapter:harpy:3,choices.1.requirements.items.0.itemDefinitionId,tool:weather-observation-kit,,,explicit-serialized
FactionChapterDefinitionSO|faction-chapter:harpy:3,faction-chapter:harpy:3,choices.1.requirements.items.0.amount,3,,,explicit-serialized
FactionChapterDefinitionSO|faction-chapter:harpy:3,faction-chapter:harpy:3,choices.1.requirements.items.0.consume,1,,,explicit-serialized
FactionChapterDefinitionSO|faction-chapter:harpy:3,faction-chapter:harpy:3,choices.1.requirements.facilities.0.buildingDefinitionId,,,,explicit-serialized
FactionChapterDefinitionSO|faction-chapter:harpy:3,faction-chapter:harpy:3,choices.1.requirements.facilities.0.capabilityId,Security,,,explicit-serialized
FactionChapterDefinitionSO|faction-chapter:harpy:3,faction-chapter:harpy:3,choices.1.requirements.facilities.0.minimumCount,1,,,explicit-serialized
FactionChapterDefinitionSO|faction-chapter:harpy:3,faction-chapter:harpy:3,choices.1.requirements.facilities.0.mustBeOperational,1,,,explicit-serialized
FactionChapterDefinitionSO|faction-chapter:harpy:3,faction-chapter:harpy:3,choices.1.requirements.research,[],,,explicit-serialized
FactionChapterDefinitionSO|faction-chapter:harpy:3,faction-chapter:harpy:3,choices.1.requirements.characters,[],,,explicit-serialized
FactionChapterDefinitionSO|faction-chapter:harpy:3,faction-chapter:harpy:3,choices.1.requirements.factions,[],,,explicit-serialized
FactionChapterDefinitionSO|faction-chapter:harpy:3,faction-chapter:harpy:3,choices.1.requirements.worldMetrics,[],,,explicit-serialized
FactionChapterDefinitionSO|faction-chapter:harpy:3,faction-chapter:harpy:3,choices.1.requirements.requiredFlags,[],,,explicit-serialized
FactionChapterDefinitionSO|faction-chapter:harpy:3,faction-chapter:harpy:3,choices.1.requirements.excludedFlags,[],,,explicit-serialized
FactionChapterDefinitionSO|faction-chapter:harpy:3,faction-chapter:harpy:3,choices.1.effects.0.kind,6,V20ContentEffectKind,FactionRapport (세력 우호도),explicit-serialized
FactionChapterDefinitionSO|faction-chapter:harpy:3,faction-chapter:harpy:3,choices.1.effects.0.targetId,faction:dungeon:harpy,,,explicit-serialized
FactionChapterDefinitionSO|faction-chapter:harpy:3,faction-chapter:harpy:3,choices.1.effects.0.amount,3,,,explicit-serialized
FactionChapterDefinitionSO|faction-chapter:harpy:3,faction-chapter:harpy:3,choices.1.effects.0.durationDays,0,,,explicit-serialized
FactionChapterDefinitionSO|faction-chapter:harpy:3,faction-chapter:harpy:3,choices.1.effects.1.kind,8,V20ContentEffectKind,FactionObligation (세력 의무),explicit-serialized
FactionChapterDefinitionSO|faction-chapter:harpy:3,faction-chapter:harpy:3,choices.1.effects.1.targetId,faction:dungeon:harpy,,,explicit-serialized
FactionChapterDefinitionSO|faction-chapter:harpy:3,faction-chapter:harpy:3,choices.1.effects.1.amount,1,,,explicit-serialized
FactionChapterDefinitionSO|faction-chapter:harpy:3,faction-chapter:harpy:3,choices.1.effects.1.durationDays,0,,,explicit-serialized
FactionChapterDefinitionSO|faction-chapter:harpy:3,faction-chapter:harpy:3,choices.1.effects.2.kind,13,V20ContentEffectKind,WorkDelayDays (작업 지연),explicit-serialized
FactionChapterDefinitionSO|faction-chapter:harpy:3,faction-chapter:harpy:3,choices.1.effects.2.targetId,faction-work:harpy:3:bargain,,,explicit-serialized
FactionChapterDefinitionSO|faction-chapter:harpy:3,faction-chapter:harpy:3,choices.1.effects.2.amount,1,,,explicit-serialized
FactionChapterDefinitionSO|faction-chapter:harpy:3,faction-chapter:harpy:3,choices.1.effects.2.durationDays,0,,,explicit-serialized
FactionChapterDefinitionSO|faction-chapter:harpy:3,faction-chapter:harpy:3,choices.1.effects.3.kind,6,V20ContentEffectKind,FactionRapport (세력 우호도),explicit-serialized
FactionChapterDefinitionSO|faction-chapter:harpy:3,faction-chapter:harpy:3,choices.1.effects.3.targetId,faction:dungeon:myconid,,,explicit-serialized
FactionChapterDefinitionSO|faction-chapter:harpy:3,faction-chapter:harpy:3,choices.1.effects.3.amount,1,,,explicit-serialized
FactionChapterDefinitionSO|faction-chapter:harpy:3,faction-chapter:harpy:3,choices.1.effects.3.durationDays,0,,,explicit-serialized
FactionChapterDefinitionSO|faction-chapter:harpy:3,faction-chapter:harpy:3,choices.2.choiceId,refuse,,,explicit-serialized
FactionChapterDefinitionSO|faction-chapter:harpy:3,faction-chapter:harpy:3,choices.2.title,거절하고 후속 위험을 감수한다,,,explicit-serialized
FactionChapterDefinitionSO|faction-chapter:harpy:3,faction-chapter:harpy:3,choices.2.outcomeText,거절로 물자를 보존하지만 원한과 후속 위협이 남는다.,,,explicit-serialized
FactionChapterDefinitionSO|faction-chapter:harpy:3,faction-chapter:harpy:3,choices.2.requirements.items,[],,,explicit-serialized
FactionChapterDefinitionSO|faction-chapter:harpy:3,faction-chapter:harpy:3,choices.2.requirements.facilities,[],,,explicit-serialized
FactionChapterDefinitionSO|faction-chapter:harpy:3,faction-chapter:harpy:3,choices.2.requirements.research,[],,,explicit-serialized
FactionChapterDefinitionSO|faction-chapter:harpy:3,faction-chapter:harpy:3,choices.2.requirements.characters,[],,,explicit-serialized
FactionChapterDefinitionSO|faction-chapter:harpy:3,faction-chapter:harpy:3,choices.2.requirements.factions,[],,,explicit-serialized
FactionChapterDefinitionSO|faction-chapter:harpy:3,faction-chapter:harpy:3,choices.2.requirements.worldMetrics,[],,,explicit-serialized
FactionChapterDefinitionSO|faction-chapter:harpy:3,faction-chapter:harpy:3,choices.2.requirements.requiredFlags,[],,,explicit-serialized
FactionChapterDefinitionSO|faction-chapter:harpy:3,faction-chapter:harpy:3,choices.2.requirements.excludedFlags,[],,,explicit-serialized
FactionChapterDefinitionSO|faction-chapter:harpy:3,faction-chapter:harpy:3,choices.2.effects.0.kind,7,V20ContentEffectKind,FactionGrievance (세력 원한),explicit-serialized
FactionChapterDefinitionSO|faction-chapter:harpy:3,faction-chapter:harpy:3,choices.2.effects.0.targetId,faction:dungeon:harpy,,,explicit-serialized
FactionChapterDefinitionSO|faction-chapter:harpy:3,faction-chapter:harpy:3,choices.2.effects.0.amount,6,,,explicit-serialized
FactionChapterDefinitionSO|faction-chapter:harpy:3,faction-chapter:harpy:3,choices.2.effects.0.durationDays,0,,,explicit-serialized
FactionChapterDefinitionSO|faction-chapter:harpy:3,faction-chapter:harpy:3,choices.2.effects.1.kind,14,V20ContentEffectKind,Threat (위협),explicit-serialized
FactionChapterDefinitionSO|faction-chapter:harpy:3,faction-chapter:harpy:3,choices.2.effects.1.targetId,faction-followup:harpy:3,,,explicit-serialized
FactionChapterDefinitionSO|faction-chapter:harpy:3,faction-chapter:harpy:3,choices.2.effects.1.amount,1,,,explicit-serialized
FactionChapterDefinitionSO|faction-chapter:harpy:3,faction-chapter:harpy:3,choices.2.effects.1.durationDays,0,,,explicit-serialized
FactionChapterDefinitionSO|faction-chapter:harpy:3,faction-chapter:harpy:3,choices.2.effects.2.kind,6,V20ContentEffectKind,FactionRapport (세력 우호도),explicit-serialized
FactionChapterDefinitionSO|faction-chapter:harpy:3,faction-chapter:harpy:3,choices.2.effects.2.targetId,faction:dungeon:myconid,,,explicit-serialized
FactionChapterDefinitionSO|faction-chapter:harpy:3,faction-chapter:harpy:3,choices.2.effects.2.amount,2,,,explicit-serialized
FactionChapterDefinitionSO|faction-chapter:harpy:3,faction-chapter:harpy:3,choices.2.effects.2.durationDays,0,,,explicit-serialized
FactionChapterDefinitionSO|faction-chapter:harpy:4,faction-chapter:harpy:4,m_Name,chapter_harpy_4,,,explicit-serialized
FactionChapterDefinitionSO|faction-chapter:harpy:4,faction-chapter:harpy:4,stableId,faction-chapter:harpy:4,,,explicit-serialized
FactionChapterDefinitionSO|faction-chapter:harpy:4,faction-chapter:harpy:4,displayName,높이를 나누는 법,,,explicit-serialized
FactionChapterDefinitionSO|faction-chapter:harpy:4,faction-chapter:harpy:4,description,"던전은 새 통로, 공동 관측, 전령 호위 중 개입 방식을 정한다.",,,explicit-serialized
FactionChapterDefinitionSO|faction-chapter:harpy:4,faction-chapter:harpy:4,authoringRevision,1,,,explicit-serialized
FactionChapterDefinitionSO|faction-chapter:harpy:4,faction-chapter:harpy:4,sourceNote,V20 hand-authored faction/service manifest.,,,explicit-serialized
FactionChapterDefinitionSO|faction-chapter:harpy:4,faction-chapter:harpy:4,factionId,faction:dungeon:harpy,,,explicit-serialized
FactionChapterDefinitionSO|faction-chapter:harpy:4,faction-chapter:harpy:4,chapterNumber,4,,,explicit-serialized
FactionChapterDefinitionSO|faction-chapter:harpy:4,faction-chapter:harpy:4,kind,3,FactionChapterKind,Intervention,explicit-serialized
FactionChapterDefinitionSO|faction-chapter:harpy:4,faction-chapter:harpy:4,crossFactionId,,,,explicit-serialized
FactionChapterDefinitionSO|faction-chapter:harpy:4,faction-chapter:harpy:4,triggerRequirements.items,[],,,explicit-serialized
FactionChapterDefinitionSO|faction-chapter:harpy:4,faction-chapter:harpy:4,triggerRequirements.facilities,[],,,explicit-serialized
FactionChapterDefinitionSO|faction-chapter:harpy:4,faction-chapter:harpy:4,triggerRequirements.research,[],,,explicit-serialized
FactionChapterDefinitionSO|faction-chapter:harpy:4,faction-chapter:harpy:4,triggerRequirements.characters,[],,,explicit-serialized
FactionChapterDefinitionSO|faction-chapter:harpy:4,faction-chapter:harpy:4,triggerRequirements.factions.0.factionId,faction:dungeon:harpy,,,explicit-serialized
FactionChapterDefinitionSO|faction-chapter:harpy:4,faction-chapter:harpy:4,triggerRequirements.factions.0.minimumRapport,-100,,,explicit-serialized
FactionChapterDefinitionSO|faction-chapter:harpy:4,faction-chapter:harpy:4,triggerRequirements.factions.0.maximumGrievance,100,,,explicit-serialized
FactionChapterDefinitionSO|faction-chapter:harpy:4,faction-chapter:harpy:4,triggerRequirements.factions.0.minimumObligationTokens,0,,,explicit-serialized
FactionChapterDefinitionSO|faction-chapter:harpy:4,faction-chapter:harpy:4,triggerRequirements.worldMetrics,[],,,explicit-serialized
FactionChapterDefinitionSO|faction-chapter:harpy:4,faction-chapter:harpy:4,triggerRequirements.requiredFlags,[],,,explicit-serialized
FactionChapterDefinitionSO|faction-chapter:harpy:4,faction-chapter:harpy:4,triggerRequirements.excludedFlags,[],,,explicit-serialized
FactionChapterDefinitionSO|faction-chapter:harpy:4,faction-chapter:harpy:4,choices.0.choiceId,support,,,explicit-serialized
FactionChapterDefinitionSO|faction-chapter:harpy:4,faction-chapter:harpy:4,choices.0.title,요구를 지원한다,,,explicit-serialized
FactionChapterDefinitionSO|faction-chapter:harpy:4,faction-chapter:harpy:4,choices.0.outcomeText,요구를 지원한다,,,explicit-serialized
FactionChapterDefinitionSO|faction-chapter:harpy:4,faction-chapter:harpy:4,choices.0.requirements.items.0.itemDefinitionId,material:rope,,,explicit-serialized
FactionChapterDefinitionSO|faction-chapter:harpy:4,faction-chapter:harpy:4,choices.0.requirements.items.0.amount,7,,,explicit-serialized
FactionChapterDefinitionSO|faction-chapter:harpy:4,faction-chapter:harpy:4,choices.0.requirements.items.0.consume,1,,,explicit-serialized
FactionChapterDefinitionSO|faction-chapter:harpy:4,faction-chapter:harpy:4,choices.0.requirements.facilities.0.buildingDefinitionId,,,,explicit-serialized
FactionChapterDefinitionSO|faction-chapter:harpy:4,faction-chapter:harpy:4,choices.0.requirements.facilities.0.capabilityId,Administration,,,explicit-serialized
FactionChapterDefinitionSO|faction-chapter:harpy:4,faction-chapter:harpy:4,choices.0.requirements.facilities.0.minimumCount,1,,,explicit-serialized
FactionChapterDefinitionSO|faction-chapter:harpy:4,faction-chapter:harpy:4,choices.0.requirements.facilities.0.mustBeOperational,1,,,explicit-serialized
FactionChapterDefinitionSO|faction-chapter:harpy:4,faction-chapter:harpy:4,choices.0.requirements.research,[],,,explicit-serialized
FactionChapterDefinitionSO|faction-chapter:harpy:4,faction-chapter:harpy:4,choices.0.requirements.characters,[],,,explicit-serialized
FactionChapterDefinitionSO|faction-chapter:harpy:4,faction-chapter:harpy:4,choices.0.requirements.factions,[],,,explicit-serialized
FactionChapterDefinitionSO|faction-chapter:harpy:4,faction-chapter:harpy:4,choices.0.requirements.worldMetrics,[],,,explicit-serialized
FactionChapterDefinitionSO|faction-chapter:harpy:4,faction-chapter:harpy:4,choices.0.requirements.requiredFlags,[],,,explicit-serialized
FactionChapterDefinitionSO|faction-chapter:harpy:4,faction-chapter:harpy:4,choices.0.requirements.excludedFlags,[],,,explicit-serialized
FactionChapterDefinitionSO|faction-chapter:harpy:4,faction-chapter:harpy:4,choices.0.effects.0.kind,6,V20ContentEffectKind,FactionRapport (세력 우호도),explicit-serialized
FactionChapterDefinitionSO|faction-chapter:harpy:4,faction-chapter:harpy:4,choices.0.effects.0.targetId,faction:dungeon:harpy,,,explicit-serialized
FactionChapterDefinitionSO|faction-chapter:harpy:4,faction-chapter:harpy:4,choices.0.effects.0.amount,9,,,explicit-serialized
FactionChapterDefinitionSO|faction-chapter:harpy:4,faction-chapter:harpy:4,choices.0.effects.0.durationDays,0,,,explicit-serialized
FactionChapterDefinitionSO|faction-chapter:harpy:4,faction-chapter:harpy:4,choices.0.effects.1.kind,13,V20ContentEffectKind,WorkDelayDays (작업 지연),explicit-serialized
FactionChapterDefinitionSO|faction-chapter:harpy:4,faction-chapter:harpy:4,choices.0.effects.1.targetId,faction-work:harpy:4,,,explicit-serialized
FactionChapterDefinitionSO|faction-chapter:harpy:4,faction-chapter:harpy:4,choices.0.effects.1.amount,2,,,explicit-serialized
FactionChapterDefinitionSO|faction-chapter:harpy:4,faction-chapter:harpy:4,choices.0.effects.1.durationDays,0,,,explicit-serialized
FactionChapterDefinitionSO|faction-chapter:harpy:4,faction-chapter:harpy:4,choices.1.choiceId,bargain,,,explicit-serialized
FactionChapterDefinitionSO|faction-chapter:harpy:4,faction-chapter:harpy:4,choices.1.title,절반의 비용과 의무를 협상한다,,,explicit-serialized
FactionChapterDefinitionSO|faction-chapter:harpy:4,faction-chapter:harpy:4,choices.1.outcomeText,절반의 비용과 의무를 협상한다,,,explicit-serialized
FactionChapterDefinitionSO|faction-chapter:harpy:4,faction-chapter:harpy:4,choices.1.requirements.items.0.itemDefinitionId,material:rope,,,explicit-serialized
FactionChapterDefinitionSO|faction-chapter:harpy:4,faction-chapter:harpy:4,choices.1.requirements.items.0.amount,4,,,explicit-serialized
FactionChapterDefinitionSO|faction-chapter:harpy:4,faction-chapter:harpy:4,choices.1.requirements.items.0.consume,1,,,explicit-serialized
FactionChapterDefinitionSO|faction-chapter:harpy:4,faction-chapter:harpy:4,choices.1.requirements.facilities.0.buildingDefinitionId,,,,explicit-serialized
FactionChapterDefinitionSO|faction-chapter:harpy:4,faction-chapter:harpy:4,choices.1.requirements.facilities.0.capabilityId,Administration,,,explicit-serialized
FactionChapterDefinitionSO|faction-chapter:harpy:4,faction-chapter:harpy:4,choices.1.requirements.facilities.0.minimumCount,1,,,explicit-serialized
FactionChapterDefinitionSO|faction-chapter:harpy:4,faction-chapter:harpy:4,choices.1.requirements.facilities.0.mustBeOperational,1,,,explicit-serialized
FactionChapterDefinitionSO|faction-chapter:harpy:4,faction-chapter:harpy:4,choices.1.requirements.research,[],,,explicit-serialized
FactionChapterDefinitionSO|faction-chapter:harpy:4,faction-chapter:harpy:4,choices.1.requirements.characters,[],,,explicit-serialized
FactionChapterDefinitionSO|faction-chapter:harpy:4,faction-chapter:harpy:4,choices.1.requirements.factions,[],,,explicit-serialized
FactionChapterDefinitionSO|faction-chapter:harpy:4,faction-chapter:harpy:4,choices.1.requirements.worldMetrics,[],,,explicit-serialized
FactionChapterDefinitionSO|faction-chapter:harpy:4,faction-chapter:harpy:4,choices.1.requirements.requiredFlags,[],,,explicit-serialized
FactionChapterDefinitionSO|faction-chapter:harpy:4,faction-chapter:harpy:4,choices.1.requirements.excludedFlags,[],,,explicit-serialized
FactionChapterDefinitionSO|faction-chapter:harpy:4,faction-chapter:harpy:4,choices.1.effects.0.kind,6,V20ContentEffectKind,FactionRapport (세력 우호도),explicit-serialized
FactionChapterDefinitionSO|faction-chapter:harpy:4,faction-chapter:harpy:4,choices.1.effects.0.targetId,faction:dungeon:harpy,,,explicit-serialized
FactionChapterDefinitionSO|faction-chapter:harpy:4,faction-chapter:harpy:4,choices.1.effects.0.amount,4,,,explicit-serialized
FactionChapterDefinitionSO|faction-chapter:harpy:4,faction-chapter:harpy:4,choices.1.effects.0.durationDays,0,,,explicit-serialized
FactionChapterDefinitionSO|faction-chapter:harpy:4,faction-chapter:harpy:4,choices.1.effects.1.kind,8,V20ContentEffectKind,FactionObligation (세력 의무),explicit-serialized
FactionChapterDefinitionSO|faction-chapter:harpy:4,faction-chapter:harpy:4,choices.1.effects.1.targetId,faction:dungeon:harpy,,,explicit-serialized
FactionChapterDefinitionSO|faction-chapter:harpy:4,faction-chapter:harpy:4,choices.1.effects.1.amount,1,,,explicit-serialized
FactionChapterDefinitionSO|faction-chapter:harpy:4,faction-chapter:harpy:4,choices.1.effects.1.durationDays,0,,,explicit-serialized
FactionChapterDefinitionSO|faction-chapter:harpy:4,faction-chapter:harpy:4,choices.1.effects.2.kind,13,V20ContentEffectKind,WorkDelayDays (작업 지연),explicit-serialized
FactionChapterDefinitionSO|faction-chapter:harpy:4,faction-chapter:harpy:4,choices.1.effects.2.targetId,faction-work:harpy:4:bargain,,,explicit-serialized
FactionChapterDefinitionSO|faction-chapter:harpy:4,faction-chapter:harpy:4,choices.1.effects.2.amount,1,,,explicit-serialized
FactionChapterDefinitionSO|faction-chapter:harpy:4,faction-chapter:harpy:4,choices.1.effects.2.durationDays,0,,,explicit-serialized
FactionChapterDefinitionSO|faction-chapter:harpy:4,faction-chapter:harpy:4,choices.2.choiceId,refuse,,,explicit-serialized
FactionChapterDefinitionSO|faction-chapter:harpy:4,faction-chapter:harpy:4,choices.2.title,거절하고 후속 위험을 감수한다,,,explicit-serialized
FactionChapterDefinitionSO|faction-chapter:harpy:4,faction-chapter:harpy:4,choices.2.outcomeText,거절로 물자를 보존하지만 원한과 후속 위협이 남는다.,,,explicit-serialized
FactionChapterDefinitionSO|faction-chapter:harpy:4,faction-chapter:harpy:4,choices.2.requirements.items,[],,,explicit-serialized
FactionChapterDefinitionSO|faction-chapter:harpy:4,faction-chapter:harpy:4,choices.2.requirements.facilities,[],,,explicit-serialized
FactionChapterDefinitionSO|faction-chapter:harpy:4,faction-chapter:harpy:4,choices.2.requirements.research,[],,,explicit-serialized
FactionChapterDefinitionSO|faction-chapter:harpy:4,faction-chapter:harpy:4,choices.2.requirements.characters,[],,,explicit-serialized
FactionChapterDefinitionSO|faction-chapter:harpy:4,faction-chapter:harpy:4,choices.2.requirements.factions,[],,,explicit-serialized
FactionChapterDefinitionSO|faction-chapter:harpy:4,faction-chapter:harpy:4,choices.2.requirements.worldMetrics,[],,,explicit-serialized
FactionChapterDefinitionSO|faction-chapter:harpy:4,faction-chapter:harpy:4,choices.2.requirements.requiredFlags,[],,,explicit-serialized
FactionChapterDefinitionSO|faction-chapter:harpy:4,faction-chapter:harpy:4,choices.2.requirements.excludedFlags,[],,,explicit-serialized
FactionChapterDefinitionSO|faction-chapter:harpy:4,faction-chapter:harpy:4,choices.2.effects.0.kind,7,V20ContentEffectKind,FactionGrievance (세력 원한),explicit-serialized
FactionChapterDefinitionSO|faction-chapter:harpy:4,faction-chapter:harpy:4,choices.2.effects.0.targetId,faction:dungeon:harpy,,,explicit-serialized
FactionChapterDefinitionSO|faction-chapter:harpy:4,faction-chapter:harpy:4,choices.2.effects.0.amount,7,,,explicit-serialized
FactionChapterDefinitionSO|faction-chapter:harpy:4,faction-chapter:harpy:4,choices.2.effects.0.durationDays,0,,,explicit-serialized
FactionChapterDefinitionSO|faction-chapter:harpy:4,faction-chapter:harpy:4,choices.2.effects.1.kind,14,V20ContentEffectKind,Threat (위협),explicit-serialized
FactionChapterDefinitionSO|faction-chapter:harpy:4,faction-chapter:harpy:4,choices.2.effects.1.targetId,faction-followup:harpy:4,,,explicit-serialized
FactionChapterDefinitionSO|faction-chapter:harpy:4,faction-chapter:harpy:4,choices.2.effects.1.amount,1,,,explicit-serialized
FactionChapterDefinitionSO|faction-chapter:harpy:4,faction-chapter:harpy:4,choices.2.effects.1.durationDays,0,,,explicit-serialized
FactionChapterDefinitionSO|faction-chapter:harpy:5,faction-chapter:harpy:5,m_Name,chapter_harpy_5,,,explicit-serialized
FactionChapterDefinitionSO|faction-chapter:harpy:5,faction-chapter:harpy:5,stableId,faction-chapter:harpy:5,,,explicit-serialized
FactionChapterDefinitionSO|faction-chapter:harpy:5,faction-chapter:harpy:5,displayName,폭풍여왕의 거짓 노래,,,explicit-serialized
FactionChapterDefinitionSO|faction-chapter:harpy:5,faction-chapter:harpy:5,description,폭풍여왕이 조작된 경보 노래로 경쟁 둥지를 공격한다.,,,explicit-serialized
FactionChapterDefinitionSO|faction-chapter:harpy:5,faction-chapter:harpy:5,authoringRevision,1,,,explicit-serialized
FactionChapterDefinitionSO|faction-chapter:harpy:5,faction-chapter:harpy:5,sourceNote,V20 hand-authored faction/service manifest.,,,explicit-serialized
FactionChapterDefinitionSO|faction-chapter:harpy:5,faction-chapter:harpy:5,factionId,faction:dungeon:harpy,,,explicit-serialized
FactionChapterDefinitionSO|faction-chapter:harpy:5,faction-chapter:harpy:5,chapterNumber,5,,,explicit-serialized
FactionChapterDefinitionSO|faction-chapter:harpy:5,faction-chapter:harpy:5,kind,4,FactionChapterKind,Crisis Or Betrayal,explicit-serialized
FactionChapterDefinitionSO|faction-chapter:harpy:5,faction-chapter:harpy:5,crossFactionId,,,,explicit-serialized
FactionChapterDefinitionSO|faction-chapter:harpy:5,faction-chapter:harpy:5,triggerRequirements.items,[],,,explicit-serialized
FactionChapterDefinitionSO|faction-chapter:harpy:5,faction-chapter:harpy:5,triggerRequirements.facilities,[],,,explicit-serialized
FactionChapterDefinitionSO|faction-chapter:harpy:5,faction-chapter:harpy:5,triggerRequirements.research,[],,,explicit-serialized
FactionChapterDefinitionSO|faction-chapter:harpy:5,faction-chapter:harpy:5,triggerRequirements.characters,[],,,explicit-serialized
FactionChapterDefinitionSO|faction-chapter:harpy:5,faction-chapter:harpy:5,triggerRequirements.factions.0.factionId,faction:dungeon:harpy,,,explicit-serialized
FactionChapterDefinitionSO|faction-chapter:harpy:5,faction-chapter:harpy:5,triggerRequirements.factions.0.minimumRapport,-100,,,explicit-serialized
FactionChapterDefinitionSO|faction-chapter:harpy:5,faction-chapter:harpy:5,triggerRequirements.factions.0.maximumGrievance,100,,,explicit-serialized
FactionChapterDefinitionSO|faction-chapter:harpy:5,faction-chapter:harpy:5,triggerRequirements.factions.0.minimumObligationTokens,0,,,explicit-serialized
FactionChapterDefinitionSO|faction-chapter:harpy:5,faction-chapter:harpy:5,triggerRequirements.worldMetrics,[],,,explicit-serialized
FactionChapterDefinitionSO|faction-chapter:harpy:5,faction-chapter:harpy:5,triggerRequirements.requiredFlags,[],,,explicit-serialized
FactionChapterDefinitionSO|faction-chapter:harpy:5,faction-chapter:harpy:5,triggerRequirements.excludedFlags,[],,,explicit-serialized
FactionChapterDefinitionSO|faction-chapter:harpy:5,faction-chapter:harpy:5,choices.0.choiceId,support,,,explicit-serialized
FactionChapterDefinitionSO|faction-chapter:harpy:5,faction-chapter:harpy:5,choices.0.title,요구를 지원한다,,,explicit-serialized
FactionChapterDefinitionSO|faction-chapter:harpy:5,faction-chapter:harpy:5,choices.0.outcomeText,요구를 지원한다,,,explicit-serialized
FactionChapterDefinitionSO|faction-chapter:harpy:5,faction-chapter:harpy:5,choices.0.requirements.items.0.itemDefinitionId,medicine:antiseptic,,,explicit-serialized
FactionChapterDefinitionSO|faction-chapter:harpy:5,faction-chapter:harpy:5,choices.0.requirements.items.0.amount,8,,,explicit-serialized
FactionChapterDefinitionSO|faction-chapter:harpy:5,faction-chapter:harpy:5,choices.0.requirements.items.0.consume,1,,,explicit-serialized
FactionChapterDefinitionSO|faction-chapter:harpy:5,faction-chapter:harpy:5,choices.0.requirements.facilities.0.buildingDefinitionId,,,,explicit-serialized
FactionChapterDefinitionSO|faction-chapter:harpy:5,faction-chapter:harpy:5,choices.0.requirements.facilities.0.capabilityId,Security,,,explicit-serialized
FactionChapterDefinitionSO|faction-chapter:harpy:5,faction-chapter:harpy:5,choices.0.requirements.facilities.0.minimumCount,1,,,explicit-serialized
FactionChapterDefinitionSO|faction-chapter:harpy:5,faction-chapter:harpy:5,choices.0.requirements.facilities.0.mustBeOperational,1,,,explicit-serialized
FactionChapterDefinitionSO|faction-chapter:harpy:5,faction-chapter:harpy:5,choices.0.requirements.research,[],,,explicit-serialized
FactionChapterDefinitionSO|faction-chapter:harpy:5,faction-chapter:harpy:5,choices.0.requirements.characters,[],,,explicit-serialized
FactionChapterDefinitionSO|faction-chapter:harpy:5,faction-chapter:harpy:5,choices.0.requirements.factions,[],,,explicit-serialized
FactionChapterDefinitionSO|faction-chapter:harpy:5,faction-chapter:harpy:5,choices.0.requirements.worldMetrics,[],,,explicit-serialized
FactionChapterDefinitionSO|faction-chapter:harpy:5,faction-chapter:harpy:5,choices.0.requirements.requiredFlags,[],,,explicit-serialized
FactionChapterDefinitionSO|faction-chapter:harpy:5,faction-chapter:harpy:5,choices.0.requirements.excludedFlags,[],,,explicit-serialized
FactionChapterDefinitionSO|faction-chapter:harpy:5,faction-chapter:harpy:5,choices.0.effects.0.kind,6,V20ContentEffectKind,FactionRapport (세력 우호도),explicit-serialized
FactionChapterDefinitionSO|faction-chapter:harpy:5,faction-chapter:harpy:5,choices.0.effects.0.targetId,faction:dungeon:harpy,,,explicit-serialized
FactionChapterDefinitionSO|faction-chapter:harpy:5,faction-chapter:harpy:5,choices.0.effects.0.amount,10,,,explicit-serialized
FactionChapterDefinitionSO|faction-chapter:harpy:5,faction-chapter:harpy:5,choices.0.effects.0.durationDays,0,,,explicit-serialized
FactionChapterDefinitionSO|faction-chapter:harpy:5,faction-chapter:harpy:5,choices.0.effects.1.kind,13,V20ContentEffectKind,WorkDelayDays (작업 지연),explicit-serialized
FactionChapterDefinitionSO|faction-chapter:harpy:5,faction-chapter:harpy:5,choices.0.effects.1.targetId,faction-work:harpy:5,,,explicit-serialized
FactionChapterDefinitionSO|faction-chapter:harpy:5,faction-chapter:harpy:5,choices.0.effects.1.amount,3,,,explicit-serialized
FactionChapterDefinitionSO|faction-chapter:harpy:5,faction-chapter:harpy:5,choices.0.effects.1.durationDays,0,,,explicit-serialized
FactionChapterDefinitionSO|faction-chapter:harpy:5,faction-chapter:harpy:5,choices.1.choiceId,bargain,,,explicit-serialized
FactionChapterDefinitionSO|faction-chapter:harpy:5,faction-chapter:harpy:5,choices.1.title,절반의 비용과 의무를 협상한다,,,explicit-serialized
FactionChapterDefinitionSO|faction-chapter:harpy:5,faction-chapter:harpy:5,choices.1.outcomeText,절반의 비용과 의무를 협상한다,,,explicit-serialized
FactionChapterDefinitionSO|faction-chapter:harpy:5,faction-chapter:harpy:5,choices.1.requirements.items.0.itemDefinitionId,medicine:antiseptic,,,explicit-serialized
FactionChapterDefinitionSO|faction-chapter:harpy:5,faction-chapter:harpy:5,choices.1.requirements.items.0.amount,4,,,explicit-serialized
FactionChapterDefinitionSO|faction-chapter:harpy:5,faction-chapter:harpy:5,choices.1.requirements.items.0.consume,1,,,explicit-serialized
FactionChapterDefinitionSO|faction-chapter:harpy:5,faction-chapter:harpy:5,choices.1.requirements.facilities.0.buildingDefinitionId,,,,explicit-serialized
FactionChapterDefinitionSO|faction-chapter:harpy:5,faction-chapter:harpy:5,choices.1.requirements.facilities.0.capabilityId,Security,,,explicit-serialized
FactionChapterDefinitionSO|faction-chapter:harpy:5,faction-chapter:harpy:5,choices.1.requirements.facilities.0.minimumCount,1,,,explicit-serialized
FactionChapterDefinitionSO|faction-chapter:harpy:5,faction-chapter:harpy:5,choices.1.requirements.facilities.0.mustBeOperational,1,,,explicit-serialized
FactionChapterDefinitionSO|faction-chapter:harpy:5,faction-chapter:harpy:5,choices.1.requirements.research,[],,,explicit-serialized
FactionChapterDefinitionSO|faction-chapter:harpy:5,faction-chapter:harpy:5,choices.1.requirements.characters,[],,,explicit-serialized
FactionChapterDefinitionSO|faction-chapter:harpy:5,faction-chapter:harpy:5,choices.1.requirements.factions,[],,,explicit-serialized
FactionChapterDefinitionSO|faction-chapter:harpy:5,faction-chapter:harpy:5,choices.1.requirements.worldMetrics,[],,,explicit-serialized
FactionChapterDefinitionSO|faction-chapter:harpy:5,faction-chapter:harpy:5,choices.1.requirements.requiredFlags,[],,,explicit-serialized
FactionChapterDefinitionSO|faction-chapter:harpy:5,faction-chapter:harpy:5,choices.1.requirements.excludedFlags,[],,,explicit-serialized
FactionChapterDefinitionSO|faction-chapter:harpy:5,faction-chapter:harpy:5,choices.1.effects.0.kind,6,V20ContentEffectKind,FactionRapport (세력 우호도),explicit-serialized
FactionChapterDefinitionSO|faction-chapter:harpy:5,faction-chapter:harpy:5,choices.1.effects.0.targetId,faction:dungeon:harpy,,,explicit-serialized
FactionChapterDefinitionSO|faction-chapter:harpy:5,faction-chapter:harpy:5,choices.1.effects.0.amount,4,,,explicit-serialized
FactionChapterDefinitionSO|faction-chapter:harpy:5,faction-chapter:harpy:5,choices.1.effects.0.durationDays,0,,,explicit-serialized
FactionChapterDefinitionSO|faction-chapter:harpy:5,faction-chapter:harpy:5,choices.1.effects.1.kind,8,V20ContentEffectKind,FactionObligation (세력 의무),explicit-serialized
FactionChapterDefinitionSO|faction-chapter:harpy:5,faction-chapter:harpy:5,choices.1.effects.1.targetId,faction:dungeon:harpy,,,explicit-serialized
FactionChapterDefinitionSO|faction-chapter:harpy:5,faction-chapter:harpy:5,choices.1.effects.1.amount,1,,,explicit-serialized
FactionChapterDefinitionSO|faction-chapter:harpy:5,faction-chapter:harpy:5,choices.1.effects.1.durationDays,0,,,explicit-serialized
FactionChapterDefinitionSO|faction-chapter:harpy:5,faction-chapter:harpy:5,choices.1.effects.2.kind,13,V20ContentEffectKind,WorkDelayDays (작업 지연),explicit-serialized
FactionChapterDefinitionSO|faction-chapter:harpy:5,faction-chapter:harpy:5,choices.1.effects.2.targetId,faction-work:harpy:5:bargain,,,explicit-serialized
FactionChapterDefinitionSO|faction-chapter:harpy:5,faction-chapter:harpy:5,choices.1.effects.2.amount,1,,,explicit-serialized
FactionChapterDefinitionSO|faction-chapter:harpy:5,faction-chapter:harpy:5,choices.1.effects.2.durationDays,0,,,explicit-serialized
FactionChapterDefinitionSO|faction-chapter:harpy:5,faction-chapter:harpy:5,choices.2.choiceId,refuse,,,explicit-serialized
FactionChapterDefinitionSO|faction-chapter:harpy:5,faction-chapter:harpy:5,choices.2.title,거절하고 후속 위험을 감수한다,,,explicit-serialized
FactionChapterDefinitionSO|faction-chapter:harpy:5,faction-chapter:harpy:5,choices.2.outcomeText,거절로 물자를 보존하지만 원한과 후속 위협이 남는다.,,,explicit-serialized
FactionChapterDefinitionSO|faction-chapter:harpy:5,faction-chapter:harpy:5,choices.2.requirements.items,[],,,explicit-serialized
FactionChapterDefinitionSO|faction-chapter:harpy:5,faction-chapter:harpy:5,choices.2.requirements.facilities,[],,,explicit-serialized
FactionChapterDefinitionSO|faction-chapter:harpy:5,faction-chapter:harpy:5,choices.2.requirements.research,[],,,explicit-serialized
FactionChapterDefinitionSO|faction-chapter:harpy:5,faction-chapter:harpy:5,choices.2.requirements.characters,[],,,explicit-serialized
FactionChapterDefinitionSO|faction-chapter:harpy:5,faction-chapter:harpy:5,choices.2.requirements.factions,[],,,explicit-serialized
FactionChapterDefinitionSO|faction-chapter:harpy:5,faction-chapter:harpy:5,choices.2.requirements.worldMetrics,[],,,explicit-serialized
FactionChapterDefinitionSO|faction-chapter:harpy:5,faction-chapter:harpy:5,choices.2.requirements.requiredFlags,[],,,explicit-serialized
FactionChapterDefinitionSO|faction-chapter:harpy:5,faction-chapter:harpy:5,choices.2.requirements.excludedFlags,[],,,explicit-serialized
FactionChapterDefinitionSO|faction-chapter:harpy:5,faction-chapter:harpy:5,choices.2.effects.0.kind,7,V20ContentEffectKind,FactionGrievance (세력 원한),explicit-serialized
FactionChapterDefinitionSO|faction-chapter:harpy:5,faction-chapter:harpy:5,choices.2.effects.0.targetId,faction:dungeon:harpy,,,explicit-serialized
FactionChapterDefinitionSO|faction-chapter:harpy:5,faction-chapter:harpy:5,choices.2.effects.0.amount,8,,,explicit-serialized
FactionChapterDefinitionSO|faction-chapter:harpy:5,faction-chapter:harpy:5,choices.2.effects.0.durationDays,0,,,explicit-serialized
FactionChapterDefinitionSO|faction-chapter:harpy:5,faction-chapter:harpy:5,choices.2.effects.1.kind,14,V20ContentEffectKind,Threat (위협),explicit-serialized
FactionChapterDefinitionSO|faction-chapter:harpy:5,faction-chapter:harpy:5,choices.2.effects.1.targetId,faction-followup:harpy:5,,,explicit-serialized
FactionChapterDefinitionSO|faction-chapter:harpy:5,faction-chapter:harpy:5,choices.2.effects.1.amount,1,,,explicit-serialized
FactionChapterDefinitionSO|faction-chapter:harpy:5,faction-chapter:harpy:5,choices.2.effects.1.durationDays,0,,,explicit-serialized
FactionChapterDefinitionSO|faction-chapter:harpy:6,faction-chapter:harpy:6,m_Name,chapter_harpy_6,,,explicit-serialized
FactionChapterDefinitionSO|faction-chapter:harpy:6,faction-chapter:harpy:6,stableId,faction-chapter:harpy:6,,,explicit-serialized
FactionChapterDefinitionSO|faction-chapter:harpy:6,faction-chapter:harpy:6,displayName,열린 바람의 맹세,,,explicit-serialized
FactionChapterDefinitionSO|faction-chapter:harpy:6,faction-chapter:harpy:6,description,둥지는 동맹·종속·결별 뒤 하늘길을 누구에게 열지 맹세한다.,,,explicit-serialized
FactionChapterDefinitionSO|faction-chapter:harpy:6,faction-chapter:harpy:6,authoringRevision,1,,,explicit-serialized
FactionChapterDefinitionSO|faction-chapter:harpy:6,faction-chapter:harpy:6,sourceNote,V20 hand-authored faction/service manifest.,,,explicit-serialized
FactionChapterDefinitionSO|faction-chapter:harpy:6,faction-chapter:harpy:6,factionId,faction:dungeon:harpy,,,explicit-serialized
FactionChapterDefinitionSO|faction-chapter:harpy:6,faction-chapter:harpy:6,chapterNumber,6,,,explicit-serialized
FactionChapterDefinitionSO|faction-chapter:harpy:6,faction-chapter:harpy:6,kind,5,FactionChapterKind,Resolution,explicit-serialized
FactionChapterDefinitionSO|faction-chapter:harpy:6,faction-chapter:harpy:6,crossFactionId,,,,explicit-serialized
FactionChapterDefinitionSO|faction-chapter:harpy:6,faction-chapter:harpy:6,triggerRequirements.items,[],,,explicit-serialized
FactionChapterDefinitionSO|faction-chapter:harpy:6,faction-chapter:harpy:6,triggerRequirements.facilities,[],,,explicit-serialized
FactionChapterDefinitionSO|faction-chapter:harpy:6,faction-chapter:harpy:6,triggerRequirements.research,[],,,explicit-serialized
FactionChapterDefinitionSO|faction-chapter:harpy:6,faction-chapter:harpy:6,triggerRequirements.characters,[],,,explicit-serialized
FactionChapterDefinitionSO|faction-chapter:harpy:6,faction-chapter:harpy:6,triggerRequirements.factions.0.factionId,faction:dungeon:harpy,,,explicit-serialized
FactionChapterDefinitionSO|faction-chapter:harpy:6,faction-chapter:harpy:6,triggerRequirements.factions.0.minimumRapport,-100,,,explicit-serialized
FactionChapterDefinitionSO|faction-chapter:harpy:6,faction-chapter:harpy:6,triggerRequirements.factions.0.maximumGrievance,100,,,explicit-serialized
FactionChapterDefinitionSO|faction-chapter:harpy:6,faction-chapter:harpy:6,triggerRequirements.factions.0.minimumObligationTokens,0,,,explicit-serialized
FactionChapterDefinitionSO|faction-chapter:harpy:6,faction-chapter:harpy:6,triggerRequirements.worldMetrics,[],,,explicit-serialized
FactionChapterDefinitionSO|faction-chapter:harpy:6,faction-chapter:harpy:6,triggerRequirements.requiredFlags,[],,,explicit-serialized
FactionChapterDefinitionSO|faction-chapter:harpy:6,faction-chapter:harpy:6,triggerRequirements.excludedFlags,[],,,explicit-serialized
FactionChapterDefinitionSO|faction-chapter:harpy:6,faction-chapter:harpy:6,choices.0.choiceId,support,,,explicit-serialized
FactionChapterDefinitionSO|faction-chapter:harpy:6,faction-chapter:harpy:6,choices.0.title,요구를 지원한다,,,explicit-serialized
FactionChapterDefinitionSO|faction-chapter:harpy:6,faction-chapter:harpy:6,choices.0.outcomeText,요구를 지원한다,,,explicit-serialized
FactionChapterDefinitionSO|faction-chapter:harpy:6,faction-chapter:harpy:6,choices.0.requirements.items.0.itemDefinitionId,tool:weather-observation-kit,,,explicit-serialized
FactionChapterDefinitionSO|faction-chapter:harpy:6,faction-chapter:harpy:6,choices.0.requirements.items.0.amount,9,,,explicit-serialized
FactionChapterDefinitionSO|faction-chapter:harpy:6,faction-chapter:harpy:6,choices.0.requirements.items.0.consume,1,,,explicit-serialized
FactionChapterDefinitionSO|faction-chapter:harpy:6,faction-chapter:harpy:6,choices.0.requirements.facilities.0.buildingDefinitionId,,,,explicit-serialized
FactionChapterDefinitionSO|faction-chapter:harpy:6,faction-chapter:harpy:6,choices.0.requirements.facilities.0.capabilityId,Administration,,,explicit-serialized
FactionChapterDefinitionSO|faction-chapter:harpy:6,faction-chapter:harpy:6,choices.0.requirements.facilities.0.minimumCount,1,,,explicit-serialized
FactionChapterDefinitionSO|faction-chapter:harpy:6,faction-chapter:harpy:6,choices.0.requirements.facilities.0.mustBeOperational,1,,,explicit-serialized
FactionChapterDefinitionSO|faction-chapter:harpy:6,faction-chapter:harpy:6,choices.0.requirements.research,[],,,explicit-serialized
FactionChapterDefinitionSO|faction-chapter:harpy:6,faction-chapter:harpy:6,choices.0.requirements.characters,[],,,explicit-serialized
FactionChapterDefinitionSO|faction-chapter:harpy:6,faction-chapter:harpy:6,choices.0.requirements.factions,[],,,explicit-serialized
FactionChapterDefinitionSO|faction-chapter:harpy:6,faction-chapter:harpy:6,choices.0.requirements.worldMetrics,[],,,explicit-serialized
FactionChapterDefinitionSO|faction-chapter:harpy:6,faction-chapter:harpy:6,choices.0.requirements.requiredFlags,[],,,explicit-serialized
FactionChapterDefinitionSO|faction-chapter:harpy:6,faction-chapter:harpy:6,choices.0.requirements.excludedFlags,[],,,explicit-serialized
FactionChapterDefinitionSO|faction-chapter:harpy:6,faction-chapter:harpy:6,choices.0.effects.0.kind,6,V20ContentEffectKind,FactionRapport (세력 우호도),explicit-serialized
FactionChapterDefinitionSO|faction-chapter:harpy:6,faction-chapter:harpy:6,choices.0.effects.0.targetId,faction:dungeon:harpy,,,explicit-serialized
FactionChapterDefinitionSO|faction-chapter:harpy:6,faction-chapter:harpy:6,choices.0.effects.0.amount,11,,,explicit-serialized
FactionChapterDefinitionSO|faction-chapter:harpy:6,faction-chapter:harpy:6,choices.0.effects.0.durationDays,0,,,explicit-serialized
FactionChapterDefinitionSO|faction-chapter:harpy:6,faction-chapter:harpy:6,choices.0.effects.1.kind,13,V20ContentEffectKind,WorkDelayDays (작업 지연),explicit-serialized
FactionChapterDefinitionSO|faction-chapter:harpy:6,faction-chapter:harpy:6,choices.0.effects.1.targetId,faction-work:harpy:6,,,explicit-serialized
FactionChapterDefinitionSO|faction-chapter:harpy:6,faction-chapter:harpy:6,choices.0.effects.1.amount,1,,,explicit-serialized
FactionChapterDefinitionSO|faction-chapter:harpy:6,faction-chapter:harpy:6,choices.0.effects.1.durationDays,0,,,explicit-serialized
FactionChapterDefinitionSO|faction-chapter:harpy:6,faction-chapter:harpy:6,choices.1.choiceId,bargain,,,explicit-serialized
FactionChapterDefinitionSO|faction-chapter:harpy:6,faction-chapter:harpy:6,choices.1.title,절반의 비용과 의무를 협상한다,,,explicit-serialized
FactionChapterDefinitionSO|faction-chapter:harpy:6,faction-chapter:harpy:6,choices.1.outcomeText,절반의 비용과 의무를 협상한다,,,explicit-serialized
FactionChapterDefinitionSO|faction-chapter:harpy:6,faction-chapter:harpy:6,choices.1.requirements.items.0.itemDefinitionId,tool:weather-observation-kit,,,explicit-serialized
FactionChapterDefinitionSO|faction-chapter:harpy:6,faction-chapter:harpy:6,choices.1.requirements.items.0.amount,5,,,explicit-serialized
FactionChapterDefinitionSO|faction-chapter:harpy:6,faction-chapter:harpy:6,choices.1.requirements.items.0.consume,1,,,explicit-serialized
FactionChapterDefinitionSO|faction-chapter:harpy:6,faction-chapter:harpy:6,choices.1.requirements.facilities.0.buildingDefinitionId,,,,explicit-serialized
FactionChapterDefinitionSO|faction-chapter:harpy:6,faction-chapter:harpy:6,choices.1.requirements.facilities.0.capabilityId,Administration,,,explicit-serialized
FactionChapterDefinitionSO|faction-chapter:harpy:6,faction-chapter:harpy:6,choices.1.requirements.facilities.0.minimumCount,1,,,explicit-serialized
FactionChapterDefinitionSO|faction-chapter:harpy:6,faction-chapter:harpy:6,choices.1.requirements.facilities.0.mustBeOperational,1,,,explicit-serialized
FactionChapterDefinitionSO|faction-chapter:harpy:6,faction-chapter:harpy:6,choices.1.requirements.research,[],,,explicit-serialized
FactionChapterDefinitionSO|faction-chapter:harpy:6,faction-chapter:harpy:6,choices.1.requirements.characters,[],,,explicit-serialized
FactionChapterDefinitionSO|faction-chapter:harpy:6,faction-chapter:harpy:6,choices.1.requirements.factions,[],,,explicit-serialized
FactionChapterDefinitionSO|faction-chapter:harpy:6,faction-chapter:harpy:6,choices.1.requirements.worldMetrics,[],,,explicit-serialized
FactionChapterDefinitionSO|faction-chapter:harpy:6,faction-chapter:harpy:6,choices.1.requirements.requiredFlags,[],,,explicit-serialized
FactionChapterDefinitionSO|faction-chapter:harpy:6,faction-chapter:harpy:6,choices.1.requirements.excludedFlags,[],,,explicit-serialized
FactionChapterDefinitionSO|faction-chapter:harpy:6,faction-chapter:harpy:6,choices.1.effects.0.kind,6,V20ContentEffectKind,FactionRapport (세력 우호도),explicit-serialized
FactionChapterDefinitionSO|faction-chapter:harpy:6,faction-chapter:harpy:6,choices.1.effects.0.targetId,faction:dungeon:harpy,,,explicit-serialized
FactionChapterDefinitionSO|faction-chapter:harpy:6,faction-chapter:harpy:6,choices.1.effects.0.amount,5,,,explicit-serialized
FactionChapterDefinitionSO|faction-chapter:harpy:6,faction-chapter:harpy:6,choices.1.effects.0.durationDays,0,,,explicit-serialized
FactionChapterDefinitionSO|faction-chapter:harpy:6,faction-chapter:harpy:6,choices.1.effects.1.kind,8,V20ContentEffectKind,FactionObligation (세력 의무),explicit-serialized
FactionChapterDefinitionSO|faction-chapter:harpy:6,faction-chapter:harpy:6,choices.1.effects.1.targetId,faction:dungeon:harpy,,,explicit-serialized
FactionChapterDefinitionSO|faction-chapter:harpy:6,faction-chapter:harpy:6,choices.1.effects.1.amount,1,,,explicit-serialized
FactionChapterDefinitionSO|faction-chapter:harpy:6,faction-chapter:harpy:6,choices.1.effects.1.durationDays,0,,,explicit-serialized
FactionChapterDefinitionSO|faction-chapter:harpy:6,faction-chapter:harpy:6,choices.1.effects.2.kind,13,V20ContentEffectKind,WorkDelayDays (작업 지연),explicit-serialized
FactionChapterDefinitionSO|faction-chapter:harpy:6,faction-chapter:harpy:6,choices.1.effects.2.targetId,faction-work:harpy:6:bargain,,,explicit-serialized
FactionChapterDefinitionSO|faction-chapter:harpy:6,faction-chapter:harpy:6,choices.1.effects.2.amount,1,,,explicit-serialized
FactionChapterDefinitionSO|faction-chapter:harpy:6,faction-chapter:harpy:6,choices.1.effects.2.durationDays,0,,,explicit-serialized
FactionChapterDefinitionSO|faction-chapter:harpy:6,faction-chapter:harpy:6,choices.2.choiceId,refuse,,,explicit-serialized
FactionChapterDefinitionSO|faction-chapter:harpy:6,faction-chapter:harpy:6,choices.2.title,거절하고 후속 위험을 감수한다,,,explicit-serialized
FactionChapterDefinitionSO|faction-chapter:harpy:6,faction-chapter:harpy:6,choices.2.outcomeText,거절로 물자를 보존하지만 원한과 후속 위협이 남는다.,,,explicit-serialized
FactionChapterDefinitionSO|faction-chapter:harpy:6,faction-chapter:harpy:6,choices.2.requirements.items,[],,,explicit-serialized
FactionChapterDefinitionSO|faction-chapter:harpy:6,faction-chapter:harpy:6,choices.2.requirements.facilities,[],,,explicit-serialized
FactionChapterDefinitionSO|faction-chapter:harpy:6,faction-chapter:harpy:6,choices.2.requirements.research,[],,,explicit-serialized
FactionChapterDefinitionSO|faction-chapter:harpy:6,faction-chapter:harpy:6,choices.2.requirements.characters,[],,,explicit-serialized
FactionChapterDefinitionSO|faction-chapter:harpy:6,faction-chapter:harpy:6,choices.2.requirements.factions,[],,,explicit-serialized
FactionChapterDefinitionSO|faction-chapter:harpy:6,faction-chapter:harpy:6,choices.2.requirements.worldMetrics,[],,,explicit-serialized
FactionChapterDefinitionSO|faction-chapter:harpy:6,faction-chapter:harpy:6,choices.2.requirements.requiredFlags,[],,,explicit-serialized
FactionChapterDefinitionSO|faction-chapter:harpy:6,faction-chapter:harpy:6,choices.2.requirements.excludedFlags,[],,,explicit-serialized
FactionChapterDefinitionSO|faction-chapter:harpy:6,faction-chapter:harpy:6,choices.2.effects.0.kind,7,V20ContentEffectKind,FactionGrievance (세력 원한),explicit-serialized
FactionChapterDefinitionSO|faction-chapter:harpy:6,faction-chapter:harpy:6,choices.2.effects.0.targetId,faction:dungeon:harpy,,,explicit-serialized
FactionChapterDefinitionSO|faction-chapter:harpy:6,faction-chapter:harpy:6,choices.2.effects.0.amount,9,,,explicit-serialized
FactionChapterDefinitionSO|faction-chapter:harpy:6,faction-chapter:harpy:6,choices.2.effects.0.durationDays,0,,,explicit-serialized
FactionChapterDefinitionSO|faction-chapter:harpy:6,faction-chapter:harpy:6,choices.2.effects.1.kind,14,V20ContentEffectKind,Threat (위협),explicit-serialized
FactionChapterDefinitionSO|faction-chapter:harpy:6,faction-chapter:harpy:6,choices.2.effects.1.targetId,faction-followup:harpy:6,,,explicit-serialized
FactionChapterDefinitionSO|faction-chapter:harpy:6,faction-chapter:harpy:6,choices.2.effects.1.amount,1,,,explicit-serialized
FactionChapterDefinitionSO|faction-chapter:harpy:6,faction-chapter:harpy:6,choices.2.effects.1.durationDays,0,,,explicit-serialized
FactionChapterDefinitionSO|faction-chapter:kobold:1,faction-chapter:kobold:1,m_Name,chapter_kobold_1,,,explicit-serialized
FactionChapterDefinitionSO|faction-chapter:kobold:1,faction-chapter:kobold:1,stableId,faction-chapter:kobold:1,,,explicit-serialized
FactionChapterDefinitionSO|faction-chapter:kobold:1,faction-chapter:kobold:1,displayName,한 톱니 모자란 상자,,,explicit-serialized
FactionChapterDefinitionSO|faction-chapter:kobold:1,faction-chapter:kobold:1,description,코볼트 사절이 기계 부품 상자를 내밀며 누락 책임을 따진다.,,,explicit-serialized
FactionChapterDefinitionSO|faction-chapter:kobold:1,faction-chapter:kobold:1,authoringRevision,1,,,explicit-serialized
FactionChapterDefinitionSO|faction-chapter:kobold:1,faction-chapter:kobold:1,sourceNote,V20 hand-authored faction/service manifest.,,,explicit-serialized
FactionChapterDefinitionSO|faction-chapter:kobold:1,faction-chapter:kobold:1,factionId,faction:dungeon:kobold,,,explicit-serialized
FactionChapterDefinitionSO|faction-chapter:kobold:1,faction-chapter:kobold:1,chapterNumber,1,,,explicit-serialized
FactionChapterDefinitionSO|faction-chapter:kobold:1,faction-chapter:kobold:1,kind,0,FactionChapterKind,First Contact,explicit-serialized
FactionChapterDefinitionSO|faction-chapter:kobold:1,faction-chapter:kobold:1,crossFactionId,,,,explicit-serialized
FactionChapterDefinitionSO|faction-chapter:kobold:1,faction-chapter:kobold:1,triggerRequirements.items,[],,,explicit-serialized
FactionChapterDefinitionSO|faction-chapter:kobold:1,faction-chapter:kobold:1,triggerRequirements.facilities,[],,,explicit-serialized
FactionChapterDefinitionSO|faction-chapter:kobold:1,faction-chapter:kobold:1,triggerRequirements.research,[],,,explicit-serialized
FactionChapterDefinitionSO|faction-chapter:kobold:1,faction-chapter:kobold:1,triggerRequirements.characters,[],,,explicit-serialized
FactionChapterDefinitionSO|faction-chapter:kobold:1,faction-chapter:kobold:1,triggerRequirements.factions.0.factionId,faction:dungeon:kobold,,,explicit-serialized
FactionChapterDefinitionSO|faction-chapter:kobold:1,faction-chapter:kobold:1,triggerRequirements.factions.0.minimumRapport,-100,,,explicit-serialized
FactionChapterDefinitionSO|faction-chapter:kobold:1,faction-chapter:kobold:1,triggerRequirements.factions.0.maximumGrievance,100,,,explicit-serialized
FactionChapterDefinitionSO|faction-chapter:kobold:1,faction-chapter:kobold:1,triggerRequirements.factions.0.minimumObligationTokens,0,,,explicit-serialized
FactionChapterDefinitionSO|faction-chapter:kobold:1,faction-chapter:kobold:1,triggerRequirements.worldMetrics,[],,,explicit-serialized
FactionChapterDefinitionSO|faction-chapter:kobold:1,faction-chapter:kobold:1,triggerRequirements.requiredFlags,[],,,explicit-serialized
FactionChapterDefinitionSO|faction-chapter:kobold:1,faction-chapter:kobold:1,triggerRequirements.excludedFlags,[],,,explicit-serialized
FactionChapterDefinitionSO|faction-chapter:kobold:1,faction-chapter:kobold:1,choices.0.choiceId,support,,,explicit-serialized
FactionChapterDefinitionSO|faction-chapter:kobold:1,faction-chapter:kobold:1,choices.0.title,요구를 지원한다,,,explicit-serialized
FactionChapterDefinitionSO|faction-chapter:kobold:1,faction-chapter:kobold:1,choices.0.outcomeText,요구를 지원한다,,,explicit-serialized
FactionChapterDefinitionSO|faction-chapter:kobold:1,faction-chapter:kobold:1,choices.0.requirements.items.0.itemDefinitionId,component:machine-parts,,,explicit-serialized
FactionChapterDefinitionSO|faction-chapter:kobold:1,faction-chapter:kobold:1,choices.0.requirements.items.0.amount,4,,,explicit-serialized
FactionChapterDefinitionSO|faction-chapter:kobold:1,faction-chapter:kobold:1,choices.0.requirements.items.0.consume,1,,,explicit-serialized
FactionChapterDefinitionSO|faction-chapter:kobold:1,faction-chapter:kobold:1,choices.0.requirements.facilities.0.buildingDefinitionId,,,,explicit-serialized
FactionChapterDefinitionSO|faction-chapter:kobold:1,faction-chapter:kobold:1,choices.0.requirements.facilities.0.capabilityId,Administration,,,explicit-serialized
FactionChapterDefinitionSO|faction-chapter:kobold:1,faction-chapter:kobold:1,choices.0.requirements.facilities.0.minimumCount,1,,,explicit-serialized
FactionChapterDefinitionSO|faction-chapter:kobold:1,faction-chapter:kobold:1,choices.0.requirements.facilities.0.mustBeOperational,1,,,explicit-serialized
FactionChapterDefinitionSO|faction-chapter:kobold:1,faction-chapter:kobold:1,choices.0.requirements.research,[],,,explicit-serialized
FactionChapterDefinitionSO|faction-chapter:kobold:1,faction-chapter:kobold:1,choices.0.requirements.characters,[],,,explicit-serialized
FactionChapterDefinitionSO|faction-chapter:kobold:1,faction-chapter:kobold:1,choices.0.requirements.factions,[],,,explicit-serialized
FactionChapterDefinitionSO|faction-chapter:kobold:1,faction-chapter:kobold:1,choices.0.requirements.worldMetrics,[],,,explicit-serialized
FactionChapterDefinitionSO|faction-chapter:kobold:1,faction-chapter:kobold:1,choices.0.requirements.requiredFlags,[],,,explicit-serialized
FactionChapterDefinitionSO|faction-chapter:kobold:1,faction-chapter:kobold:1,choices.0.requirements.excludedFlags,[],,,explicit-serialized
FactionChapterDefinitionSO|faction-chapter:kobold:1,faction-chapter:kobold:1,choices.0.effects.0.kind,6,V20ContentEffectKind,FactionRapport (세력 우호도),explicit-serialized
FactionChapterDefinitionSO|faction-chapter:kobold:1,faction-chapter:kobold:1,choices.0.effects.0.targetId,faction:dungeon:kobold,,,explicit-serialized
FactionChapterDefinitionSO|faction-chapter:kobold:1,faction-chapter:kobold:1,choices.0.effects.0.amount,6,,,explicit-serialized
FactionChapterDefinitionSO|faction-chapter:kobold:1,faction-chapter:kobold:1,choices.0.effects.0.durationDays,0,,,explicit-serialized
FactionChapterDefinitionSO|faction-chapter:kobold:1,faction-chapter:kobold:1,choices.0.effects.1.kind,13,V20ContentEffectKind,WorkDelayDays (작업 지연),explicit-serialized
FactionChapterDefinitionSO|faction-chapter:kobold:1,faction-chapter:kobold:1,choices.0.effects.1.targetId,faction-work:kobold:1,,,explicit-serialized
FactionChapterDefinitionSO|faction-chapter:kobold:1,faction-chapter:kobold:1,choices.0.effects.1.amount,2,,,explicit-serialized
FactionChapterDefinitionSO|faction-chapter:kobold:1,faction-chapter:kobold:1,choices.0.effects.1.durationDays,0,,,explicit-serialized
FactionChapterDefinitionSO|faction-chapter:kobold:1,faction-chapter:kobold:1,choices.1.choiceId,bargain,,,explicit-serialized
FactionChapterDefinitionSO|faction-chapter:kobold:1,faction-chapter:kobold:1,choices.1.title,절반의 비용과 의무를 협상한다,,,explicit-serialized
FactionChapterDefinitionSO|faction-chapter:kobold:1,faction-chapter:kobold:1,choices.1.outcomeText,절반의 비용과 의무를 협상한다,,,explicit-serialized
FactionChapterDefinitionSO|faction-chapter:kobold:1,faction-chapter:kobold:1,choices.1.requirements.items.0.itemDefinitionId,component:machine-parts,,,explicit-serialized
FactionChapterDefinitionSO|faction-chapter:kobold:1,faction-chapter:kobold:1,choices.1.requirements.items.0.amount,2,,,explicit-serialized
FactionChapterDefinitionSO|faction-chapter:kobold:1,faction-chapter:kobold:1,choices.1.requirements.items.0.consume,1,,,explicit-serialized
FactionChapterDefinitionSO|faction-chapter:kobold:1,faction-chapter:kobold:1,choices.1.requirements.facilities.0.buildingDefinitionId,,,,explicit-serialized
FactionChapterDefinitionSO|faction-chapter:kobold:1,faction-chapter:kobold:1,choices.1.requirements.facilities.0.capabilityId,Administration,,,explicit-serialized
FactionChapterDefinitionSO|faction-chapter:kobold:1,faction-chapter:kobold:1,choices.1.requirements.facilities.0.minimumCount,1,,,explicit-serialized
FactionChapterDefinitionSO|faction-chapter:kobold:1,faction-chapter:kobold:1,choices.1.requirements.facilities.0.mustBeOperational,1,,,explicit-serialized
FactionChapterDefinitionSO|faction-chapter:kobold:1,faction-chapter:kobold:1,choices.1.requirements.research,[],,,explicit-serialized
FactionChapterDefinitionSO|faction-chapter:kobold:1,faction-chapter:kobold:1,choices.1.requirements.characters,[],,,explicit-serialized
FactionChapterDefinitionSO|faction-chapter:kobold:1,faction-chapter:kobold:1,choices.1.requirements.factions,[],,,explicit-serialized
FactionChapterDefinitionSO|faction-chapter:kobold:1,faction-chapter:kobold:1,choices.1.requirements.worldMetrics,[],,,explicit-serialized
FactionChapterDefinitionSO|faction-chapter:kobold:1,faction-chapter:kobold:1,choices.1.requirements.requiredFlags,[],,,explicit-serialized
FactionChapterDefinitionSO|faction-chapter:kobold:1,faction-chapter:kobold:1,choices.1.requirements.excludedFlags,[],,,explicit-serialized
FactionChapterDefinitionSO|faction-chapter:kobold:1,faction-chapter:kobold:1,choices.1.effects.0.kind,6,V20ContentEffectKind,FactionRapport (세력 우호도),explicit-serialized
FactionChapterDefinitionSO|faction-chapter:kobold:1,faction-chapter:kobold:1,choices.1.effects.0.targetId,faction:dungeon:kobold,,,explicit-serialized
FactionChapterDefinitionSO|faction-chapter:kobold:1,faction-chapter:kobold:1,choices.1.effects.0.amount,2,,,explicit-serialized
FactionChapterDefinitionSO|faction-chapter:kobold:1,faction-chapter:kobold:1,choices.1.effects.0.durationDays,0,,,explicit-serialized
FactionChapterDefinitionSO|faction-chapter:kobold:1,faction-chapter:kobold:1,choices.1.effects.1.kind,8,V20ContentEffectKind,FactionObligation (세력 의무),explicit-serialized
FactionChapterDefinitionSO|faction-chapter:kobold:1,faction-chapter:kobold:1,choices.1.effects.1.targetId,faction:dungeon:kobold,,,explicit-serialized
FactionChapterDefinitionSO|faction-chapter:kobold:1,faction-chapter:kobold:1,choices.1.effects.1.amount,1,,,explicit-serialized
FactionChapterDefinitionSO|faction-chapter:kobold:1,faction-chapter:kobold:1,choices.1.effects.1.durationDays,0,,,explicit-serialized
FactionChapterDefinitionSO|faction-chapter:kobold:1,faction-chapter:kobold:1,choices.1.effects.2.kind,13,V20ContentEffectKind,WorkDelayDays (작업 지연),explicit-serialized
FactionChapterDefinitionSO|faction-chapter:kobold:1,faction-chapter:kobold:1,choices.1.effects.2.targetId,faction-work:kobold:1:bargain,,,explicit-serialized
FactionChapterDefinitionSO|faction-chapter:kobold:1,faction-chapter:kobold:1,choices.1.effects.2.amount,1,,,explicit-serialized
FactionChapterDefinitionSO|faction-chapter:kobold:1,faction-chapter:kobold:1,choices.1.effects.2.durationDays,0,,,explicit-serialized
FactionChapterDefinitionSO|faction-chapter:kobold:1,faction-chapter:kobold:1,choices.2.choiceId,refuse,,,explicit-serialized
FactionChapterDefinitionSO|faction-chapter:kobold:1,faction-chapter:kobold:1,choices.2.title,거절하고 후속 위험을 감수한다,,,explicit-serialized
FactionChapterDefinitionSO|faction-chapter:kobold:1,faction-chapter:kobold:1,choices.2.outcomeText,거절로 물자를 보존하지만 원한과 후속 위협이 남는다.,,,explicit-serialized
FactionChapterDefinitionSO|faction-chapter:kobold:1,faction-chapter:kobold:1,choices.2.requirements.items,[],,,explicit-serialized
FactionChapterDefinitionSO|faction-chapter:kobold:1,faction-chapter:kobold:1,choices.2.requirements.facilities,[],,,explicit-serialized
FactionChapterDefinitionSO|faction-chapter:kobold:1,faction-chapter:kobold:1,choices.2.requirements.research,[],,,explicit-serialized
FactionChapterDefinitionSO|faction-chapter:kobold:1,faction-chapter:kobold:1,choices.2.requirements.characters,[],,,explicit-serialized
FactionChapterDefinitionSO|faction-chapter:kobold:1,faction-chapter:kobold:1,choices.2.requirements.factions,[],,,explicit-serialized
FactionChapterDefinitionSO|faction-chapter:kobold:1,faction-chapter:kobold:1,choices.2.requirements.worldMetrics,[],,,explicit-serialized
FactionChapterDefinitionSO|faction-chapter:kobold:1,faction-chapter:kobold:1,choices.2.requirements.requiredFlags,[],,,explicit-serialized
FactionChapterDefinitionSO|faction-chapter:kobold:1,faction-chapter:kobold:1,choices.2.requirements.excludedFlags,[],,,explicit-serialized
FactionChapterDefinitionSO|faction-chapter:kobold:1,faction-chapter:kobold:1,choices.2.effects.0.kind,7,V20ContentEffectKind,FactionGrievance (세력 원한),explicit-serialized
FactionChapterDefinitionSO|faction-chapter:kobold:1,faction-chapter:kobold:1,choices.2.effects.0.targetId,faction:dungeon:kobold,,,explicit-serialized
FactionChapterDefinitionSO|faction-chapter:kobold:1,faction-chapter:kobold:1,choices.2.effects.0.amount,4,,,explicit-serialized
FactionChapterDefinitionSO|faction-chapter:kobold:1,faction-chapter:kobold:1,choices.2.effects.0.durationDays,0,,,explicit-serialized
FactionChapterDefinitionSO|faction-chapter:kobold:1,faction-chapter:kobold:1,choices.2.effects.1.kind,14,V20ContentEffectKind,Threat (위협),explicit-serialized
FactionChapterDefinitionSO|faction-chapter:kobold:1,faction-chapter:kobold:1,choices.2.effects.1.targetId,faction-followup:kobold:1,,,explicit-serialized
FactionChapterDefinitionSO|faction-chapter:kobold:1,faction-chapter:kobold:1,choices.2.effects.1.amount,1,,,explicit-serialized
FactionChapterDefinitionSO|faction-chapter:kobold:1,faction-chapter:kobold:1,choices.2.effects.1.durationDays,0,,,explicit-serialized
FactionChapterDefinitionSO|faction-chapter:kobold:2,faction-chapter:kobold:2,m_Name,chapter_kobold_2,,,explicit-serialized
FactionChapterDefinitionSO|faction-chapter:kobold:2,faction-chapter:kobold:2,stableId,faction-chapter:kobold:2,,,explicit-serialized
FactionChapterDefinitionSO|faction-chapter:kobold:2,faction-chapter:kobold:2,displayName,도제의 이름 없는 설계,,,explicit-serialized
FactionChapterDefinitionSO|faction-chapter:kobold:2,faction-chapter:kobold:2,description,씨족 공방이 죽은 도제의 설계를 장로 이름으로 등록한다.,,,explicit-serialized
FactionChapterDefinitionSO|faction-chapter:kobold:2,faction-chapter:kobold:2,authoringRevision,1,,,explicit-serialized
FactionChapterDefinitionSO|faction-chapter:kobold:2,faction-chapter:kobold:2,sourceNote,V20 hand-authored faction/service manifest.,,,explicit-serialized
FactionChapterDefinitionSO|faction-chapter:kobold:2,faction-chapter:kobold:2,factionId,faction:dungeon:kobold,,,explicit-serialized
FactionChapterDefinitionSO|faction-chapter:kobold:2,faction-chapter:kobold:2,chapterNumber,2,,,explicit-serialized
FactionChapterDefinitionSO|faction-chapter:kobold:2,faction-chapter:kobold:2,kind,1,FactionChapterKind,Internal Problem,explicit-serialized
FactionChapterDefinitionSO|faction-chapter:kobold:2,faction-chapter:kobold:2,crossFactionId,,,,explicit-serialized
FactionChapterDefinitionSO|faction-chapter:kobold:2,faction-chapter:kobold:2,triggerRequirements.items,[],,,explicit-serialized
FactionChapterDefinitionSO|faction-chapter:kobold:2,faction-chapter:kobold:2,triggerRequirements.facilities,[],,,explicit-serialized
FactionChapterDefinitionSO|faction-chapter:kobold:2,faction-chapter:kobold:2,triggerRequirements.research,[],,,explicit-serialized
FactionChapterDefinitionSO|faction-chapter:kobold:2,faction-chapter:kobold:2,triggerRequirements.characters,[],,,explicit-serialized
FactionChapterDefinitionSO|faction-chapter:kobold:2,faction-chapter:kobold:2,triggerRequirements.factions.0.factionId,faction:dungeon:kobold,,,explicit-serialized
FactionChapterDefinitionSO|faction-chapter:kobold:2,faction-chapter:kobold:2,triggerRequirements.factions.0.minimumRapport,-100,,,explicit-serialized
FactionChapterDefinitionSO|faction-chapter:kobold:2,faction-chapter:kobold:2,triggerRequirements.factions.0.maximumGrievance,100,,,explicit-serialized
FactionChapterDefinitionSO|faction-chapter:kobold:2,faction-chapter:kobold:2,triggerRequirements.factions.0.minimumObligationTokens,0,,,explicit-serialized
FactionChapterDefinitionSO|faction-chapter:kobold:2,faction-chapter:kobold:2,triggerRequirements.worldMetrics,[],,,explicit-serialized
FactionChapterDefinitionSO|faction-chapter:kobold:2,faction-chapter:kobold:2,triggerRequirements.requiredFlags,[],,,explicit-serialized
FactionChapterDefinitionSO|faction-chapter:kobold:2,faction-chapter:kobold:2,triggerRequirements.excludedFlags,[],,,explicit-serialized
FactionChapterDefinitionSO|faction-chapter:kobold:2,faction-chapter:kobold:2,choices.0.choiceId,support,,,explicit-serialized
FactionChapterDefinitionSO|faction-chapter:kobold:2,faction-chapter:kobold:2,choices.0.title,요구를 지원한다,,,explicit-serialized
FactionChapterDefinitionSO|faction-chapter:kobold:2,faction-chapter:kobold:2,choices.0.outcomeText,요구를 지원한다,,,explicit-serialized
FactionChapterDefinitionSO|faction-chapter:kobold:2,faction-chapter:kobold:2,choices.0.requirements.items.0.itemDefinitionId,tool:field-repair-kit,,,explicit-serialized
FactionChapterDefinitionSO|faction-chapter:kobold:2,faction-chapter:kobold:2,choices.0.requirements.items.0.amount,5,,,explicit-serialized
FactionChapterDefinitionSO|faction-chapter:kobold:2,faction-chapter:kobold:2,choices.0.requirements.items.0.consume,1,,,explicit-serialized
FactionChapterDefinitionSO|faction-chapter:kobold:2,faction-chapter:kobold:2,choices.0.requirements.facilities.0.buildingDefinitionId,,,,explicit-serialized
FactionChapterDefinitionSO|faction-chapter:kobold:2,faction-chapter:kobold:2,choices.0.requirements.facilities.0.capabilityId,Medical,,,explicit-serialized
FactionChapterDefinitionSO|faction-chapter:kobold:2,faction-chapter:kobold:2,choices.0.requirements.facilities.0.minimumCount,1,,,explicit-serialized
FactionChapterDefinitionSO|faction-chapter:kobold:2,faction-chapter:kobold:2,choices.0.requirements.facilities.0.mustBeOperational,1,,,explicit-serialized
FactionChapterDefinitionSO|faction-chapter:kobold:2,faction-chapter:kobold:2,choices.0.requirements.research,[],,,explicit-serialized
FactionChapterDefinitionSO|faction-chapter:kobold:2,faction-chapter:kobold:2,choices.0.requirements.characters,[],,,explicit-serialized
FactionChapterDefinitionSO|faction-chapter:kobold:2,faction-chapter:kobold:2,choices.0.requirements.factions,[],,,explicit-serialized
FactionChapterDefinitionSO|faction-chapter:kobold:2,faction-chapter:kobold:2,choices.0.requirements.worldMetrics,[],,,explicit-serialized
FactionChapterDefinitionSO|faction-chapter:kobold:2,faction-chapter:kobold:2,choices.0.requirements.requiredFlags,[],,,explicit-serialized
FactionChapterDefinitionSO|faction-chapter:kobold:2,faction-chapter:kobold:2,choices.0.requirements.excludedFlags,[],,,explicit-serialized
FactionChapterDefinitionSO|faction-chapter:kobold:2,faction-chapter:kobold:2,choices.0.effects.0.kind,6,V20ContentEffectKind,FactionRapport (세력 우호도),explicit-serialized
FactionChapterDefinitionSO|faction-chapter:kobold:2,faction-chapter:kobold:2,choices.0.effects.0.targetId,faction:dungeon:kobold,,,explicit-serialized
FactionChapterDefinitionSO|faction-chapter:kobold:2,faction-chapter:kobold:2,choices.0.effects.0.amount,7,,,explicit-serialized
FactionChapterDefinitionSO|faction-chapter:kobold:2,faction-chapter:kobold:2,choices.0.effects.0.durationDays,0,,,explicit-serialized
FactionChapterDefinitionSO|faction-chapter:kobold:2,faction-chapter:kobold:2,choices.0.effects.1.kind,13,V20ContentEffectKind,WorkDelayDays (작업 지연),explicit-serialized
FactionChapterDefinitionSO|faction-chapter:kobold:2,faction-chapter:kobold:2,choices.0.effects.1.targetId,faction-work:kobold:2,,,explicit-serialized
FactionChapterDefinitionSO|faction-chapter:kobold:2,faction-chapter:kobold:2,choices.0.effects.1.amount,3,,,explicit-serialized
FactionChapterDefinitionSO|faction-chapter:kobold:2,faction-chapter:kobold:2,choices.0.effects.1.durationDays,0,,,explicit-serialized
FactionChapterDefinitionSO|faction-chapter:kobold:2,faction-chapter:kobold:2,choices.1.choiceId,bargain,,,explicit-serialized
FactionChapterDefinitionSO|faction-chapter:kobold:2,faction-chapter:kobold:2,choices.1.title,절반의 비용과 의무를 협상한다,,,explicit-serialized
FactionChapterDefinitionSO|faction-chapter:kobold:2,faction-chapter:kobold:2,choices.1.outcomeText,절반의 비용과 의무를 협상한다,,,explicit-serialized
FactionChapterDefinitionSO|faction-chapter:kobold:2,faction-chapter:kobold:2,choices.1.requirements.items.0.itemDefinitionId,tool:field-repair-kit,,,explicit-serialized
FactionChapterDefinitionSO|faction-chapter:kobold:2,faction-chapter:kobold:2,choices.1.requirements.items.0.amount,3,,,explicit-serialized
FactionChapterDefinitionSO|faction-chapter:kobold:2,faction-chapter:kobold:2,choices.1.requirements.items.0.consume,1,,,explicit-serialized
FactionChapterDefinitionSO|faction-chapter:kobold:2,faction-chapter:kobold:2,choices.1.requirements.facilities.0.buildingDefinitionId,,,,explicit-serialized
FactionChapterDefinitionSO|faction-chapter:kobold:2,faction-chapter:kobold:2,choices.1.requirements.facilities.0.capabilityId,Medical,,,explicit-serialized
FactionChapterDefinitionSO|faction-chapter:kobold:2,faction-chapter:kobold:2,choices.1.requirements.facilities.0.minimumCount,1,,,explicit-serialized
FactionChapterDefinitionSO|faction-chapter:kobold:2,faction-chapter:kobold:2,choices.1.requirements.facilities.0.mustBeOperational,1,,,explicit-serialized
FactionChapterDefinitionSO|faction-chapter:kobold:2,faction-chapter:kobold:2,choices.1.requirements.research,[],,,explicit-serialized
FactionChapterDefinitionSO|faction-chapter:kobold:2,faction-chapter:kobold:2,choices.1.requirements.characters,[],,,explicit-serialized
FactionChapterDefinitionSO|faction-chapter:kobold:2,faction-chapter:kobold:2,choices.1.requirements.factions,[],,,explicit-serialized
FactionChapterDefinitionSO|faction-chapter:kobold:2,faction-chapter:kobold:2,choices.1.requirements.worldMetrics,[],,,explicit-serialized
FactionChapterDefinitionSO|faction-chapter:kobold:2,faction-chapter:kobold:2,choices.1.requirements.requiredFlags,[],,,explicit-serialized
FactionChapterDefinitionSO|faction-chapter:kobold:2,faction-chapter:kobold:2,choices.1.requirements.excludedFlags,[],,,explicit-serialized
FactionChapterDefinitionSO|faction-chapter:kobold:2,faction-chapter:kobold:2,choices.1.effects.0.kind,6,V20ContentEffectKind,FactionRapport (세력 우호도),explicit-serialized
FactionChapterDefinitionSO|faction-chapter:kobold:2,faction-chapter:kobold:2,choices.1.effects.0.targetId,faction:dungeon:kobold,,,explicit-serialized
FactionChapterDefinitionSO|faction-chapter:kobold:2,faction-chapter:kobold:2,choices.1.effects.0.amount,3,,,explicit-serialized
FactionChapterDefinitionSO|faction-chapter:kobold:2,faction-chapter:kobold:2,choices.1.effects.0.durationDays,0,,,explicit-serialized
FactionChapterDefinitionSO|faction-chapter:kobold:2,faction-chapter:kobold:2,choices.1.effects.1.kind,8,V20ContentEffectKind,FactionObligation (세력 의무),explicit-serialized
FactionChapterDefinitionSO|faction-chapter:kobold:2,faction-chapter:kobold:2,choices.1.effects.1.targetId,faction:dungeon:kobold,,,explicit-serialized
FactionChapterDefinitionSO|faction-chapter:kobold:2,faction-chapter:kobold:2,choices.1.effects.1.amount,1,,,explicit-serialized
FactionChapterDefinitionSO|faction-chapter:kobold:2,faction-chapter:kobold:2,choices.1.effects.1.durationDays,0,,,explicit-serialized
FactionChapterDefinitionSO|faction-chapter:kobold:2,faction-chapter:kobold:2,choices.1.effects.2.kind,13,V20ContentEffectKind,WorkDelayDays (작업 지연),explicit-serialized
FactionChapterDefinitionSO|faction-chapter:kobold:2,faction-chapter:kobold:2,choices.1.effects.2.targetId,faction-work:kobold:2:bargain,,,explicit-serialized
FactionChapterDefinitionSO|faction-chapter:kobold:2,faction-chapter:kobold:2,choices.1.effects.2.amount,1,,,explicit-serialized
FactionChapterDefinitionSO|faction-chapter:kobold:2,faction-chapter:kobold:2,choices.1.effects.2.durationDays,0,,,explicit-serialized
FactionChapterDefinitionSO|faction-chapter:kobold:2,faction-chapter:kobold:2,choices.2.choiceId,refuse,,,explicit-serialized
FactionChapterDefinitionSO|faction-chapter:kobold:2,faction-chapter:kobold:2,choices.2.title,거절하고 후속 위험을 감수한다,,,explicit-serialized
FactionChapterDefinitionSO|faction-chapter:kobold:2,faction-chapter:kobold:2,choices.2.outcomeText,거절로 물자를 보존하지만 원한과 후속 위협이 남는다.,,,explicit-serialized
FactionChapterDefinitionSO|faction-chapter:kobold:2,faction-chapter:kobold:2,choices.2.requirements.items,[],,,explicit-serialized
FactionChapterDefinitionSO|faction-chapter:kobold:2,faction-chapter:kobold:2,choices.2.requirements.facilities,[],,,explicit-serialized
FactionChapterDefinitionSO|faction-chapter:kobold:2,faction-chapter:kobold:2,choices.2.requirements.research,[],,,explicit-serialized
FactionChapterDefinitionSO|faction-chapter:kobold:2,faction-chapter:kobold:2,choices.2.requirements.characters,[],,,explicit-serialized
FactionChapterDefinitionSO|faction-chapter:kobold:2,faction-chapter:kobold:2,choices.2.requirements.factions,[],,,explicit-serialized
FactionChapterDefinitionSO|faction-chapter:kobold:2,faction-chapter:kobold:2,choices.2.requirements.worldMetrics,[],,,explicit-serialized
FactionChapterDefinitionSO|faction-chapter:kobold:2,faction-chapter:kobold:2,choices.2.requirements.requiredFlags,[],,,explicit-serialized
FactionChapterDefinitionSO|faction-chapter:kobold:2,faction-chapter:kobold:2,choices.2.requirements.excludedFlags,[],,,explicit-serialized
FactionChapterDefinitionSO|faction-chapter:kobold:2,faction-chapter:kobold:2,choices.2.effects.0.kind,7,V20ContentEffectKind,FactionGrievance (세력 원한),explicit-serialized
FactionChapterDefinitionSO|faction-chapter:kobold:2,faction-chapter:kobold:2,choices.2.effects.0.targetId,faction:dungeon:kobold,,,explicit-serialized
FactionChapterDefinitionSO|faction-chapter:kobold:2,faction-chapter:kobold:2,choices.2.effects.0.amount,5,,,explicit-serialized
FactionChapterDefinitionSO|faction-chapter:kobold:2,faction-chapter:kobold:2,choices.2.effects.0.durationDays,0,,,explicit-serialized
FactionChapterDefinitionSO|faction-chapter:kobold:2,faction-chapter:kobold:2,choices.2.effects.1.kind,14,V20ContentEffectKind,Threat (위협),explicit-serialized
FactionChapterDefinitionSO|faction-chapter:kobold:2,faction-chapter:kobold:2,choices.2.effects.1.targetId,faction-followup:kobold:2,,,explicit-serialized
FactionChapterDefinitionSO|faction-chapter:kobold:2,faction-chapter:kobold:2,choices.2.effects.1.amount,1,,,explicit-serialized
FactionChapterDefinitionSO|faction-chapter:kobold:2,faction-chapter:kobold:2,choices.2.effects.1.durationDays,0,,,explicit-serialized
FactionChapterDefinitionSO|faction-chapter:kobold:3,faction-chapter:kobold:3,m_Name,chapter_kobold_3,,,explicit-serialized
FactionChapterDefinitionSO|faction-chapter:kobold:3,faction-chapter:kobold:3,stableId,faction-chapter:kobold:3,,,explicit-serialized
FactionChapterDefinitionSO|faction-chapter:kobold:3,faction-chapter:kobold:3,displayName,폭풍둥지 운반 특허,,,explicit-serialized
FactionChapterDefinitionSO|faction-chapter:kobold:3,faction-chapter:kobold:3,description,하피가 공동 운반장치의 특허와 통행료를 요구한다.,,,explicit-serialized
FactionChapterDefinitionSO|faction-chapter:kobold:3,faction-chapter:kobold:3,authoringRevision,1,,,explicit-serialized
FactionChapterDefinitionSO|faction-chapter:kobold:3,faction-chapter:kobold:3,sourceNote,V20 hand-authored faction/service manifest.,,,explicit-serialized
FactionChapterDefinitionSO|faction-chapter:kobold:3,faction-chapter:kobold:3,factionId,faction:dungeon:kobold,,,explicit-serialized
FactionChapterDefinitionSO|faction-chapter:kobold:3,faction-chapter:kobold:3,chapterNumber,3,,,explicit-serialized
FactionChapterDefinitionSO|faction-chapter:kobold:3,faction-chapter:kobold:3,kind,2,FactionChapterKind,Rival Conflict,explicit-serialized
FactionChapterDefinitionSO|faction-chapter:kobold:3,faction-chapter:kobold:3,crossFactionId,faction:dungeon:harpy,,,explicit-serialized
FactionChapterDefinitionSO|faction-chapter:kobold:3,faction-chapter:kobold:3,triggerRequirements.items,[],,,explicit-serialized
FactionChapterDefinitionSO|faction-chapter:kobold:3,faction-chapter:kobold:3,triggerRequirements.facilities,[],,,explicit-serialized
FactionChapterDefinitionSO|faction-chapter:kobold:3,faction-chapter:kobold:3,triggerRequirements.research,[],,,explicit-serialized
FactionChapterDefinitionSO|faction-chapter:kobold:3,faction-chapter:kobold:3,triggerRequirements.characters,[],,,explicit-serialized
FactionChapterDefinitionSO|faction-chapter:kobold:3,faction-chapter:kobold:3,triggerRequirements.factions.0.factionId,faction:dungeon:kobold,,,explicit-serialized
FactionChapterDefinitionSO|faction-chapter:kobold:3,faction-chapter:kobold:3,triggerRequirements.factions.0.minimumRapport,-100,,,explicit-serialized
FactionChapterDefinitionSO|faction-chapter:kobold:3,faction-chapter:kobold:3,triggerRequirements.factions.0.maximumGrievance,100,,,explicit-serialized
FactionChapterDefinitionSO|faction-chapter:kobold:3,faction-chapter:kobold:3,triggerRequirements.factions.0.minimumObligationTokens,0,,,explicit-serialized
FactionChapterDefinitionSO|faction-chapter:kobold:3,faction-chapter:kobold:3,triggerRequirements.worldMetrics,[],,,explicit-serialized
FactionChapterDefinitionSO|faction-chapter:kobold:3,faction-chapter:kobold:3,triggerRequirements.requiredFlags,[],,,explicit-serialized
FactionChapterDefinitionSO|faction-chapter:kobold:3,faction-chapter:kobold:3,triggerRequirements.excludedFlags,[],,,explicit-serialized
FactionChapterDefinitionSO|faction-chapter:kobold:3,faction-chapter:kobold:3,choices.0.choiceId,support,,,explicit-serialized
FactionChapterDefinitionSO|faction-chapter:kobold:3,faction-chapter:kobold:3,choices.0.title,요구를 지원한다,,,explicit-serialized
FactionChapterDefinitionSO|faction-chapter:kobold:3,faction-chapter:kobold:3,choices.0.outcomeText,요구를 지원한다,,,explicit-serialized
FactionChapterDefinitionSO|faction-chapter:kobold:3,faction-chapter:kobold:3,choices.0.requirements.items.0.itemDefinitionId,component:engineering-drawing,,,explicit-serialized
FactionChapterDefinitionSO|faction-chapter:kobold:3,faction-chapter:kobold:3,choices.0.requirements.items.0.amount,6,,,explicit-serialized
FactionChapterDefinitionSO|faction-chapter:kobold:3,faction-chapter:kobold:3,choices.0.requirements.items.0.consume,1,,,explicit-serialized
FactionChapterDefinitionSO|faction-chapter:kobold:3,faction-chapter:kobold:3,choices.0.requirements.facilities.0.buildingDefinitionId,,,,explicit-serialized
FactionChapterDefinitionSO|faction-chapter:kobold:3,faction-chapter:kobold:3,choices.0.requirements.facilities.0.capabilityId,Security,,,explicit-serialized
FactionChapterDefinitionSO|faction-chapter:kobold:3,faction-chapter:kobold:3,choices.0.requirements.facilities.0.minimumCount,1,,,explicit-serialized
FactionChapterDefinitionSO|faction-chapter:kobold:3,faction-chapter:kobold:3,choices.0.requirements.facilities.0.mustBeOperational,1,,,explicit-serialized
FactionChapterDefinitionSO|faction-chapter:kobold:3,faction-chapter:kobold:3,choices.0.requirements.research,[],,,explicit-serialized
FactionChapterDefinitionSO|faction-chapter:kobold:3,faction-chapter:kobold:3,choices.0.requirements.characters,[],,,explicit-serialized
FactionChapterDefinitionSO|faction-chapter:kobold:3,faction-chapter:kobold:3,choices.0.requirements.factions,[],,,explicit-serialized
FactionChapterDefinitionSO|faction-chapter:kobold:3,faction-chapter:kobold:3,choices.0.requirements.worldMetrics,[],,,explicit-serialized
FactionChapterDefinitionSO|faction-chapter:kobold:3,faction-chapter:kobold:3,choices.0.requirements.requiredFlags,[],,,explicit-serialized
FactionChapterDefinitionSO|faction-chapter:kobold:3,faction-chapter:kobold:3,choices.0.requirements.excludedFlags,[],,,explicit-serialized
FactionChapterDefinitionSO|faction-chapter:kobold:3,faction-chapter:kobold:3,choices.0.effects.0.kind,6,V20ContentEffectKind,FactionRapport (세력 우호도),explicit-serialized
FactionChapterDefinitionSO|faction-chapter:kobold:3,faction-chapter:kobold:3,choices.0.effects.0.targetId,faction:dungeon:kobold,,,explicit-serialized
FactionChapterDefinitionSO|faction-chapter:kobold:3,faction-chapter:kobold:3,choices.0.effects.0.amount,8,,,explicit-serialized
FactionChapterDefinitionSO|faction-chapter:kobold:3,faction-chapter:kobold:3,choices.0.effects.0.durationDays,0,,,explicit-serialized
FactionChapterDefinitionSO|faction-chapter:kobold:3,faction-chapter:kobold:3,choices.0.effects.1.kind,13,V20ContentEffectKind,WorkDelayDays (작업 지연),explicit-serialized
FactionChapterDefinitionSO|faction-chapter:kobold:3,faction-chapter:kobold:3,choices.0.effects.1.targetId,faction-work:kobold:3,,,explicit-serialized
FactionChapterDefinitionSO|faction-chapter:kobold:3,faction-chapter:kobold:3,choices.0.effects.1.amount,1,,,explicit-serialized
FactionChapterDefinitionSO|faction-chapter:kobold:3,faction-chapter:kobold:3,choices.0.effects.1.durationDays,0,,,explicit-serialized
FactionChapterDefinitionSO|faction-chapter:kobold:3,faction-chapter:kobold:3,choices.0.effects.2.kind,7,V20ContentEffectKind,FactionGrievance (세력 원한),explicit-serialized
FactionChapterDefinitionSO|faction-chapter:kobold:3,faction-chapter:kobold:3,choices.0.effects.2.targetId,faction:dungeon:harpy,,,explicit-serialized
FactionChapterDefinitionSO|faction-chapter:kobold:3,faction-chapter:kobold:3,choices.0.effects.2.amount,3,,,explicit-serialized
FactionChapterDefinitionSO|faction-chapter:kobold:3,faction-chapter:kobold:3,choices.0.effects.2.durationDays,0,,,explicit-serialized
FactionChapterDefinitionSO|faction-chapter:kobold:3,faction-chapter:kobold:3,choices.1.choiceId,bargain,,,explicit-serialized
FactionChapterDefinitionSO|faction-chapter:kobold:3,faction-chapter:kobold:3,choices.1.title,절반의 비용과 의무를 협상한다,,,explicit-serialized
FactionChapterDefinitionSO|faction-chapter:kobold:3,faction-chapter:kobold:3,choices.1.outcomeText,절반의 비용과 의무를 협상한다,,,explicit-serialized
FactionChapterDefinitionSO|faction-chapter:kobold:3,faction-chapter:kobold:3,choices.1.requirements.items.0.itemDefinitionId,component:engineering-drawing,,,explicit-serialized
FactionChapterDefinitionSO|faction-chapter:kobold:3,faction-chapter:kobold:3,choices.1.requirements.items.0.amount,3,,,explicit-serialized
FactionChapterDefinitionSO|faction-chapter:kobold:3,faction-chapter:kobold:3,choices.1.requirements.items.0.consume,1,,,explicit-serialized
FactionChapterDefinitionSO|faction-chapter:kobold:3,faction-chapter:kobold:3,choices.1.requirements.facilities.0.buildingDefinitionId,,,,explicit-serialized
FactionChapterDefinitionSO|faction-chapter:kobold:3,faction-chapter:kobold:3,choices.1.requirements.facilities.0.capabilityId,Security,,,explicit-serialized
FactionChapterDefinitionSO|faction-chapter:kobold:3,faction-chapter:kobold:3,choices.1.requirements.facilities.0.minimumCount,1,,,explicit-serialized
FactionChapterDefinitionSO|faction-chapter:kobold:3,faction-chapter:kobold:3,choices.1.requirements.facilities.0.mustBeOperational,1,,,explicit-serialized
FactionChapterDefinitionSO|faction-chapter:kobold:3,faction-chapter:kobold:3,choices.1.requirements.research,[],,,explicit-serialized
FactionChapterDefinitionSO|faction-chapter:kobold:3,faction-chapter:kobold:3,choices.1.requirements.characters,[],,,explicit-serialized
FactionChapterDefinitionSO|faction-chapter:kobold:3,faction-chapter:kobold:3,choices.1.requirements.factions,[],,,explicit-serialized
FactionChapterDefinitionSO|faction-chapter:kobold:3,faction-chapter:kobold:3,choices.1.requirements.worldMetrics,[],,,explicit-serialized
FactionChapterDefinitionSO|faction-chapter:kobold:3,faction-chapter:kobold:3,choices.1.requirements.requiredFlags,[],,,explicit-serialized
FactionChapterDefinitionSO|faction-chapter:kobold:3,faction-chapter:kobold:3,choices.1.requirements.excludedFlags,[],,,explicit-serialized
FactionChapterDefinitionSO|faction-chapter:kobold:3,faction-chapter:kobold:3,choices.1.effects.0.kind,6,V20ContentEffectKind,FactionRapport (세력 우호도),explicit-serialized
FactionChapterDefinitionSO|faction-chapter:kobold:3,faction-chapter:kobold:3,choices.1.effects.0.targetId,faction:dungeon:kobold,,,explicit-serialized
FactionChapterDefinitionSO|faction-chapter:kobold:3,faction-chapter:kobold:3,choices.1.effects.0.amount,3,,,explicit-serialized
FactionChapterDefinitionSO|faction-chapter:kobold:3,faction-chapter:kobold:3,choices.1.effects.0.durationDays,0,,,explicit-serialized
FactionChapterDefinitionSO|faction-chapter:kobold:3,faction-chapter:kobold:3,choices.1.effects.1.kind,8,V20ContentEffectKind,FactionObligation (세력 의무),explicit-serialized
FactionChapterDefinitionSO|faction-chapter:kobold:3,faction-chapter:kobold:3,choices.1.effects.1.targetId,faction:dungeon:kobold,,,explicit-serialized
FactionChapterDefinitionSO|faction-chapter:kobold:3,faction-chapter:kobold:3,choices.1.effects.1.amount,1,,,explicit-serialized
FactionChapterDefinitionSO|faction-chapter:kobold:3,faction-chapter:kobold:3,choices.1.effects.1.durationDays,0,,,explicit-serialized
FactionChapterDefinitionSO|faction-chapter:kobold:3,faction-chapter:kobold:3,choices.1.effects.2.kind,13,V20ContentEffectKind,WorkDelayDays (작업 지연),explicit-serialized
FactionChapterDefinitionSO|faction-chapter:kobold:3,faction-chapter:kobold:3,choices.1.effects.2.targetId,faction-work:kobold:3:bargain,,,explicit-serialized
FactionChapterDefinitionSO|faction-chapter:kobold:3,faction-chapter:kobold:3,choices.1.effects.2.amount,1,,,explicit-serialized
FactionChapterDefinitionSO|faction-chapter:kobold:3,faction-chapter:kobold:3,choices.1.effects.2.durationDays,0,,,explicit-serialized
FactionChapterDefinitionSO|faction-chapter:kobold:3,faction-chapter:kobold:3,choices.1.effects.3.kind,6,V20ContentEffectKind,FactionRapport (세력 우호도),explicit-serialized
FactionChapterDefinitionSO|faction-chapter:kobold:3,faction-chapter:kobold:3,choices.1.effects.3.targetId,faction:dungeon:harpy,,,explicit-serialized
FactionChapterDefinitionSO|faction-chapter:kobold:3,faction-chapter:kobold:3,choices.1.effects.3.amount,1,,,explicit-serialized
FactionChapterDefinitionSO|faction-chapter:kobold:3,faction-chapter:kobold:3,choices.1.effects.3.durationDays,0,,,explicit-serialized
FactionChapterDefinitionSO|faction-chapter:kobold:3,faction-chapter:kobold:3,choices.2.choiceId,refuse,,,explicit-serialized
FactionChapterDefinitionSO|faction-chapter:kobold:3,faction-chapter:kobold:3,choices.2.title,거절하고 후속 위험을 감수한다,,,explicit-serialized
FactionChapterDefinitionSO|faction-chapter:kobold:3,faction-chapter:kobold:3,choices.2.outcomeText,거절로 물자를 보존하지만 원한과 후속 위협이 남는다.,,,explicit-serialized
FactionChapterDefinitionSO|faction-chapter:kobold:3,faction-chapter:kobold:3,choices.2.requirements.items,[],,,explicit-serialized
FactionChapterDefinitionSO|faction-chapter:kobold:3,faction-chapter:kobold:3,choices.2.requirements.facilities,[],,,explicit-serialized
FactionChapterDefinitionSO|faction-chapter:kobold:3,faction-chapter:kobold:3,choices.2.requirements.research,[],,,explicit-serialized
FactionChapterDefinitionSO|faction-chapter:kobold:3,faction-chapter:kobold:3,choices.2.requirements.characters,[],,,explicit-serialized
FactionChapterDefinitionSO|faction-chapter:kobold:3,faction-chapter:kobold:3,choices.2.requirements.factions,[],,,explicit-serialized
FactionChapterDefinitionSO|faction-chapter:kobold:3,faction-chapter:kobold:3,choices.2.requirements.worldMetrics,[],,,explicit-serialized
FactionChapterDefinitionSO|faction-chapter:kobold:3,faction-chapter:kobold:3,choices.2.requirements.requiredFlags,[],,,explicit-serialized
FactionChapterDefinitionSO|faction-chapter:kobold:3,faction-chapter:kobold:3,choices.2.requirements.excludedFlags,[],,,explicit-serialized
FactionChapterDefinitionSO|faction-chapter:kobold:3,faction-chapter:kobold:3,choices.2.effects.0.kind,7,V20ContentEffectKind,FactionGrievance (세력 원한),explicit-serialized
FactionChapterDefinitionSO|faction-chapter:kobold:3,faction-chapter:kobold:3,choices.2.effects.0.targetId,faction:dungeon:kobold,,,explicit-serialized
FactionChapterDefinitionSO|faction-chapter:kobold:3,faction-chapter:kobold:3,choices.2.effects.0.amount,6,,,explicit-serialized
FactionChapterDefinitionSO|faction-chapter:kobold:3,faction-chapter:kobold:3,choices.2.effects.0.durationDays,0,,,explicit-serialized
FactionChapterDefinitionSO|faction-chapter:kobold:3,faction-chapter:kobold:3,choices.2.effects.1.kind,14,V20ContentEffectKind,Threat (위협),explicit-serialized
FactionChapterDefinitionSO|faction-chapter:kobold:3,faction-chapter:kobold:3,choices.2.effects.1.targetId,faction-followup:kobold:3,,,explicit-serialized
FactionChapterDefinitionSO|faction-chapter:kobold:3,faction-chapter:kobold:3,choices.2.effects.1.amount,1,,,explicit-serialized
FactionChapterDefinitionSO|faction-chapter:kobold:3,faction-chapter:kobold:3,choices.2.effects.1.durationDays,0,,,explicit-serialized
FactionChapterDefinitionSO|faction-chapter:kobold:3,faction-chapter:kobold:3,choices.2.effects.2.kind,6,V20ContentEffectKind,FactionRapport (세력 우호도),explicit-serialized
FactionChapterDefinitionSO|faction-chapter:kobold:3,faction-chapter:kobold:3,choices.2.effects.2.targetId,faction:dungeon:harpy,,,explicit-serialized
FactionChapterDefinitionSO|faction-chapter:kobold:3,faction-chapter:kobold:3,choices.2.effects.2.amount,2,,,explicit-serialized
FactionChapterDefinitionSO|faction-chapter:kobold:3,faction-chapter:kobold:3,choices.2.effects.2.durationDays,0,,,explicit-serialized
FactionChapterDefinitionSO|faction-chapter:kobold:4,faction-chapter:kobold:4,m_Name,chapter_kobold_4,,,explicit-serialized
FactionChapterDefinitionSO|faction-chapter:kobold:4,faction-chapter:kobold:4,stableId,faction-chapter:kobold:4,,,explicit-serialized
FactionChapterDefinitionSO|faction-chapter:kobold:4,faction-chapter:kobold:4,displayName,공방 문을 여는 대가,,,explicit-serialized
FactionChapterDefinitionSO|faction-chapter:kobold:4,faction-chapter:kobold:4,description,"던전은 제작자 권리, 씨족 공유, 공동 특허 중 방식을 정한다.",,,explicit-serialized
FactionChapterDefinitionSO|faction-chapter:kobold:4,faction-chapter:kobold:4,authoringRevision,1,,,explicit-serialized
FactionChapterDefinitionSO|faction-chapter:kobold:4,faction-chapter:kobold:4,sourceNote,V20 hand-authored faction/service manifest.,,,explicit-serialized
FactionChapterDefinitionSO|faction-chapter:kobold:4,faction-chapter:kobold:4,factionId,faction:dungeon:kobold,,,explicit-serialized
FactionChapterDefinitionSO|faction-chapter:kobold:4,faction-chapter:kobold:4,chapterNumber,4,,,explicit-serialized
FactionChapterDefinitionSO|faction-chapter:kobold:4,faction-chapter:kobold:4,kind,3,FactionChapterKind,Intervention,explicit-serialized
FactionChapterDefinitionSO|faction-chapter:kobold:4,faction-chapter:kobold:4,crossFactionId,,,,explicit-serialized
FactionChapterDefinitionSO|faction-chapter:kobold:4,faction-chapter:kobold:4,triggerRequirements.items,[],,,explicit-serialized
FactionChapterDefinitionSO|faction-chapter:kobold:4,faction-chapter:kobold:4,triggerRequirements.facilities,[],,,explicit-serialized
FactionChapterDefinitionSO|faction-chapter:kobold:4,faction-chapter:kobold:4,triggerRequirements.research,[],,,explicit-serialized
FactionChapterDefinitionSO|faction-chapter:kobold:4,faction-chapter:kobold:4,triggerRequirements.characters,[],,,explicit-serialized
FactionChapterDefinitionSO|faction-chapter:kobold:4,faction-chapter:kobold:4,triggerRequirements.factions.0.factionId,faction:dungeon:kobold,,,explicit-serialized
FactionChapterDefinitionSO|faction-chapter:kobold:4,faction-chapter:kobold:4,triggerRequirements.factions.0.minimumRapport,-100,,,explicit-serialized
FactionChapterDefinitionSO|faction-chapter:kobold:4,faction-chapter:kobold:4,triggerRequirements.factions.0.maximumGrievance,100,,,explicit-serialized
FactionChapterDefinitionSO|faction-chapter:kobold:4,faction-chapter:kobold:4,triggerRequirements.factions.0.minimumObligationTokens,0,,,explicit-serialized
FactionChapterDefinitionSO|faction-chapter:kobold:4,faction-chapter:kobold:4,triggerRequirements.worldMetrics,[],,,explicit-serialized
FactionChapterDefinitionSO|faction-chapter:kobold:4,faction-chapter:kobold:4,triggerRequirements.requiredFlags,[],,,explicit-serialized
FactionChapterDefinitionSO|faction-chapter:kobold:4,faction-chapter:kobold:4,triggerRequirements.excludedFlags,[],,,explicit-serialized
FactionChapterDefinitionSO|faction-chapter:kobold:4,faction-chapter:kobold:4,choices.0.choiceId,support,,,explicit-serialized
FactionChapterDefinitionSO|faction-chapter:kobold:4,faction-chapter:kobold:4,choices.0.title,요구를 지원한다,,,explicit-serialized
FactionChapterDefinitionSO|faction-chapter:kobold:4,faction-chapter:kobold:4,choices.0.outcomeText,요구를 지원한다,,,explicit-serialized
FactionChapterDefinitionSO|faction-chapter:kobold:4,faction-chapter:kobold:4,choices.0.requirements.items.0.itemDefinitionId,component:machine-parts,,,explicit-serialized
FactionChapterDefinitionSO|faction-chapter:kobold:4,faction-chapter:kobold:4,choices.0.requirements.items.0.amount,7,,,explicit-serialized
FactionChapterDefinitionSO|faction-chapter:kobold:4,faction-chapter:kobold:4,choices.0.requirements.items.0.consume,1,,,explicit-serialized
FactionChapterDefinitionSO|faction-chapter:kobold:4,faction-chapter:kobold:4,choices.0.requirements.facilities.0.buildingDefinitionId,,,,explicit-serialized
FactionChapterDefinitionSO|faction-chapter:kobold:4,faction-chapter:kobold:4,choices.0.requirements.facilities.0.capabilityId,Administration,,,explicit-serialized
FactionChapterDefinitionSO|faction-chapter:kobold:4,faction-chapter:kobold:4,choices.0.requirements.facilities.0.minimumCount,1,,,explicit-serialized
FactionChapterDefinitionSO|faction-chapter:kobold:4,faction-chapter:kobold:4,choices.0.requirements.facilities.0.mustBeOperational,1,,,explicit-serialized
FactionChapterDefinitionSO|faction-chapter:kobold:4,faction-chapter:kobold:4,choices.0.requirements.research,[],,,explicit-serialized
FactionChapterDefinitionSO|faction-chapter:kobold:4,faction-chapter:kobold:4,choices.0.requirements.characters,[],,,explicit-serialized
FactionChapterDefinitionSO|faction-chapter:kobold:4,faction-chapter:kobold:4,choices.0.requirements.factions,[],,,explicit-serialized
FactionChapterDefinitionSO|faction-chapter:kobold:4,faction-chapter:kobold:4,choices.0.requirements.worldMetrics,[],,,explicit-serialized
FactionChapterDefinitionSO|faction-chapter:kobold:4,faction-chapter:kobold:4,choices.0.requirements.requiredFlags,[],,,explicit-serialized
FactionChapterDefinitionSO|faction-chapter:kobold:4,faction-chapter:kobold:4,choices.0.requirements.excludedFlags,[],,,explicit-serialized
FactionChapterDefinitionSO|faction-chapter:kobold:4,faction-chapter:kobold:4,choices.0.effects.0.kind,6,V20ContentEffectKind,FactionRapport (세력 우호도),explicit-serialized
FactionChapterDefinitionSO|faction-chapter:kobold:4,faction-chapter:kobold:4,choices.0.effects.0.targetId,faction:dungeon:kobold,,,explicit-serialized
FactionChapterDefinitionSO|faction-chapter:kobold:4,faction-chapter:kobold:4,choices.0.effects.0.amount,9,,,explicit-serialized
FactionChapterDefinitionSO|faction-chapter:kobold:4,faction-chapter:kobold:4,choices.0.effects.0.durationDays,0,,,explicit-serialized
FactionChapterDefinitionSO|faction-chapter:kobold:4,faction-chapter:kobold:4,choices.0.effects.1.kind,13,V20ContentEffectKind,WorkDelayDays (작업 지연),explicit-serialized
FactionChapterDefinitionSO|faction-chapter:kobold:4,faction-chapter:kobold:4,choices.0.effects.1.targetId,faction-work:kobold:4,,,explicit-serialized
FactionChapterDefinitionSO|faction-chapter:kobold:4,faction-chapter:kobold:4,choices.0.effects.1.amount,2,,,explicit-serialized
FactionChapterDefinitionSO|faction-chapter:kobold:4,faction-chapter:kobold:4,choices.0.effects.1.durationDays,0,,,explicit-serialized
FactionChapterDefinitionSO|faction-chapter:kobold:4,faction-chapter:kobold:4,choices.1.choiceId,bargain,,,explicit-serialized
FactionChapterDefinitionSO|faction-chapter:kobold:4,faction-chapter:kobold:4,choices.1.title,절반의 비용과 의무를 협상한다,,,explicit-serialized
FactionChapterDefinitionSO|faction-chapter:kobold:4,faction-chapter:kobold:4,choices.1.outcomeText,절반의 비용과 의무를 협상한다,,,explicit-serialized
FactionChapterDefinitionSO|faction-chapter:kobold:4,faction-chapter:kobold:4,choices.1.requirements.items.0.itemDefinitionId,component:machine-parts,,,explicit-serialized
FactionChapterDefinitionSO|faction-chapter:kobold:4,faction-chapter:kobold:4,choices.1.requirements.items.0.amount,4,,,explicit-serialized
FactionChapterDefinitionSO|faction-chapter:kobold:4,faction-chapter:kobold:4,choices.1.requirements.items.0.consume,1,,,explicit-serialized
FactionChapterDefinitionSO|faction-chapter:kobold:4,faction-chapter:kobold:4,choices.1.requirements.facilities.0.buildingDefinitionId,,,,explicit-serialized
FactionChapterDefinitionSO|faction-chapter:kobold:4,faction-chapter:kobold:4,choices.1.requirements.facilities.0.capabilityId,Administration,,,explicit-serialized
FactionChapterDefinitionSO|faction-chapter:kobold:4,faction-chapter:kobold:4,choices.1.requirements.facilities.0.minimumCount,1,,,explicit-serialized
FactionChapterDefinitionSO|faction-chapter:kobold:4,faction-chapter:kobold:4,choices.1.requirements.facilities.0.mustBeOperational,1,,,explicit-serialized
FactionChapterDefinitionSO|faction-chapter:kobold:4,faction-chapter:kobold:4,choices.1.requirements.research,[],,,explicit-serialized
FactionChapterDefinitionSO|faction-chapter:kobold:4,faction-chapter:kobold:4,choices.1.requirements.characters,[],,,explicit-serialized
FactionChapterDefinitionSO|faction-chapter:kobold:4,faction-chapter:kobold:4,choices.1.requirements.factions,[],,,explicit-serialized
FactionChapterDefinitionSO|faction-chapter:kobold:4,faction-chapter:kobold:4,choices.1.requirements.worldMetrics,[],,,explicit-serialized
FactionChapterDefinitionSO|faction-chapter:kobold:4,faction-chapter:kobold:4,choices.1.requirements.requiredFlags,[],,,explicit-serialized
FactionChapterDefinitionSO|faction-chapter:kobold:4,faction-chapter:kobold:4,choices.1.requirements.excludedFlags,[],,,explicit-serialized
FactionChapterDefinitionSO|faction-chapter:kobold:4,faction-chapter:kobold:4,choices.1.effects.0.kind,6,V20ContentEffectKind,FactionRapport (세력 우호도),explicit-serialized
FactionChapterDefinitionSO|faction-chapter:kobold:4,faction-chapter:kobold:4,choices.1.effects.0.targetId,faction:dungeon:kobold,,,explicit-serialized
FactionChapterDefinitionSO|faction-chapter:kobold:4,faction-chapter:kobold:4,choices.1.effects.0.amount,4,,,explicit-serialized
FactionChapterDefinitionSO|faction-chapter:kobold:4,faction-chapter:kobold:4,choices.1.effects.0.durationDays,0,,,explicit-serialized
FactionChapterDefinitionSO|faction-chapter:kobold:4,faction-chapter:kobold:4,choices.1.effects.1.kind,8,V20ContentEffectKind,FactionObligation (세력 의무),explicit-serialized
FactionChapterDefinitionSO|faction-chapter:kobold:4,faction-chapter:kobold:4,choices.1.effects.1.targetId,faction:dungeon:kobold,,,explicit-serialized
FactionChapterDefinitionSO|faction-chapter:kobold:4,faction-chapter:kobold:4,choices.1.effects.1.amount,1,,,explicit-serialized
FactionChapterDefinitionSO|faction-chapter:kobold:4,faction-chapter:kobold:4,choices.1.effects.1.durationDays,0,,,explicit-serialized
FactionChapterDefinitionSO|faction-chapter:kobold:4,faction-chapter:kobold:4,choices.1.effects.2.kind,13,V20ContentEffectKind,WorkDelayDays (작업 지연),explicit-serialized
FactionChapterDefinitionSO|faction-chapter:kobold:4,faction-chapter:kobold:4,choices.1.effects.2.targetId,faction-work:kobold:4:bargain,,,explicit-serialized
FactionChapterDefinitionSO|faction-chapter:kobold:4,faction-chapter:kobold:4,choices.1.effects.2.amount,1,,,explicit-serialized
FactionChapterDefinitionSO|faction-chapter:kobold:4,faction-chapter:kobold:4,choices.1.effects.2.durationDays,0,,,explicit-serialized
FactionChapterDefinitionSO|faction-chapter:kobold:4,faction-chapter:kobold:4,choices.2.choiceId,refuse,,,explicit-serialized
FactionChapterDefinitionSO|faction-chapter:kobold:4,faction-chapter:kobold:4,choices.2.title,거절하고 후속 위험을 감수한다,,,explicit-serialized
FactionChapterDefinitionSO|faction-chapter:kobold:4,faction-chapter:kobold:4,choices.2.outcomeText,거절로 물자를 보존하지만 원한과 후속 위협이 남는다.,,,explicit-serialized
FactionChapterDefinitionSO|faction-chapter:kobold:4,faction-chapter:kobold:4,choices.2.requirements.items,[],,,explicit-serialized
FactionChapterDefinitionSO|faction-chapter:kobold:4,faction-chapter:kobold:4,choices.2.requirements.facilities,[],,,explicit-serialized
FactionChapterDefinitionSO|faction-chapter:kobold:4,faction-chapter:kobold:4,choices.2.requirements.research,[],,,explicit-serialized
FactionChapterDefinitionSO|faction-chapter:kobold:4,faction-chapter:kobold:4,choices.2.requirements.characters,[],,,explicit-serialized
FactionChapterDefinitionSO|faction-chapter:kobold:4,faction-chapter:kobold:4,choices.2.requirements.factions,[],,,explicit-serialized
FactionChapterDefinitionSO|faction-chapter:kobold:4,faction-chapter:kobold:4,choices.2.requirements.worldMetrics,[],,,explicit-serialized
FactionChapterDefinitionSO|faction-chapter:kobold:4,faction-chapter:kobold:4,choices.2.requirements.requiredFlags,[],,,explicit-serialized
FactionChapterDefinitionSO|faction-chapter:kobold:4,faction-chapter:kobold:4,choices.2.requirements.excludedFlags,[],,,explicit-serialized
FactionChapterDefinitionSO|faction-chapter:kobold:4,faction-chapter:kobold:4,choices.2.effects.0.kind,7,V20ContentEffectKind,FactionGrievance (세력 원한),explicit-serialized
FactionChapterDefinitionSO|faction-chapter:kobold:4,faction-chapter:kobold:4,choices.2.effects.0.targetId,faction:dungeon:kobold,,,explicit-serialized
FactionChapterDefinitionSO|faction-chapter:kobold:4,faction-chapter:kobold:4,choices.2.effects.0.amount,7,,,explicit-serialized
FactionChapterDefinitionSO|faction-chapter:kobold:4,faction-chapter:kobold:4,choices.2.effects.0.durationDays,0,,,explicit-serialized
FactionChapterDefinitionSO|faction-chapter:kobold:4,faction-chapter:kobold:4,choices.2.effects.1.kind,14,V20ContentEffectKind,Threat (위협),explicit-serialized
FactionChapterDefinitionSO|faction-chapter:kobold:4,faction-chapter:kobold:4,choices.2.effects.1.targetId,faction-followup:kobold:4,,,explicit-serialized
FactionChapterDefinitionSO|faction-chapter:kobold:4,faction-chapter:kobold:4,choices.2.effects.1.amount,1,,,explicit-serialized
FactionChapterDefinitionSO|faction-chapter:kobold:4,faction-chapter:kobold:4,choices.2.effects.1.durationDays,0,,,explicit-serialized
FactionChapterDefinitionSO|faction-chapter:kobold:5,faction-chapter:kobold:5,m_Name,chapter_kobold_5,,,explicit-serialized
FactionChapterDefinitionSO|faction-chapter:kobold:5,faction-chapter:kobold:5,stableId,faction-chapter:kobold:5,,,explicit-serialized
FactionChapterDefinitionSO|faction-chapter:kobold:5,faction-chapter:kobold:5,displayName,복제된 대가의 도장,,,explicit-serialized
FactionChapterDefinitionSO|faction-chapter:kobold:5,faction-chapter:kobold:5,description,누군가 대가의 도장을 복제해 불량 시설을 대량 납품한다.,,,explicit-serialized
FactionChapterDefinitionSO|faction-chapter:kobold:5,faction-chapter:kobold:5,authoringRevision,1,,,explicit-serialized
FactionChapterDefinitionSO|faction-chapter:kobold:5,faction-chapter:kobold:5,sourceNote,V20 hand-authored faction/service manifest.,,,explicit-serialized
FactionChapterDefinitionSO|faction-chapter:kobold:5,faction-chapter:kobold:5,factionId,faction:dungeon:kobold,,,explicit-serialized
FactionChapterDefinitionSO|faction-chapter:kobold:5,faction-chapter:kobold:5,chapterNumber,5,,,explicit-serialized
FactionChapterDefinitionSO|faction-chapter:kobold:5,faction-chapter:kobold:5,kind,4,FactionChapterKind,Crisis Or Betrayal,explicit-serialized
FactionChapterDefinitionSO|faction-chapter:kobold:5,faction-chapter:kobold:5,crossFactionId,,,,explicit-serialized
FactionChapterDefinitionSO|faction-chapter:kobold:5,faction-chapter:kobold:5,triggerRequirements.items,[],,,explicit-serialized
FactionChapterDefinitionSO|faction-chapter:kobold:5,faction-chapter:kobold:5,triggerRequirements.facilities,[],,,explicit-serialized
FactionChapterDefinitionSO|faction-chapter:kobold:5,faction-chapter:kobold:5,triggerRequirements.research,[],,,explicit-serialized
FactionChapterDefinitionSO|faction-chapter:kobold:5,faction-chapter:kobold:5,triggerRequirements.characters,[],,,explicit-serialized
FactionChapterDefinitionSO|faction-chapter:kobold:5,faction-chapter:kobold:5,triggerRequirements.factions.0.factionId,faction:dungeon:kobold,,,explicit-serialized
FactionChapterDefinitionSO|faction-chapter:kobold:5,faction-chapter:kobold:5,triggerRequirements.factions.0.minimumRapport,-100,,,explicit-serialized
FactionChapterDefinitionSO|faction-chapter:kobold:5,faction-chapter:kobold:5,triggerRequirements.factions.0.maximumGrievance,100,,,explicit-serialized
FactionChapterDefinitionSO|faction-chapter:kobold:5,faction-chapter:kobold:5,triggerRequirements.factions.0.minimumObligationTokens,0,,,explicit-serialized
FactionChapterDefinitionSO|faction-chapter:kobold:5,faction-chapter:kobold:5,triggerRequirements.worldMetrics,[],,,explicit-serialized
FactionChapterDefinitionSO|faction-chapter:kobold:5,faction-chapter:kobold:5,triggerRequirements.requiredFlags,[],,,explicit-serialized
FactionChapterDefinitionSO|faction-chapter:kobold:5,faction-chapter:kobold:5,triggerRequirements.excludedFlags,[],,,explicit-serialized
FactionChapterDefinitionSO|faction-chapter:kobold:5,faction-chapter:kobold:5,choices.0.choiceId,support,,,explicit-serialized
FactionChapterDefinitionSO|faction-chapter:kobold:5,faction-chapter:kobold:5,choices.0.title,요구를 지원한다,,,explicit-serialized
FactionChapterDefinitionSO|faction-chapter:kobold:5,faction-chapter:kobold:5,choices.0.outcomeText,요구를 지원한다,,,explicit-serialized
FactionChapterDefinitionSO|faction-chapter:kobold:5,faction-chapter:kobold:5,choices.0.requirements.items.0.itemDefinitionId,tool:field-repair-kit,,,explicit-serialized
FactionChapterDefinitionSO|faction-chapter:kobold:5,faction-chapter:kobold:5,choices.0.requirements.items.0.amount,8,,,explicit-serialized
FactionChapterDefinitionSO|faction-chapter:kobold:5,faction-chapter:kobold:5,choices.0.requirements.items.0.consume,1,,,explicit-serialized
FactionChapterDefinitionSO|faction-chapter:kobold:5,faction-chapter:kobold:5,choices.0.requirements.facilities.0.buildingDefinitionId,,,,explicit-serialized
FactionChapterDefinitionSO|faction-chapter:kobold:5,faction-chapter:kobold:5,choices.0.requirements.facilities.0.capabilityId,Security,,,explicit-serialized
FactionChapterDefinitionSO|faction-chapter:kobold:5,faction-chapter:kobold:5,choices.0.requirements.facilities.0.minimumCount,1,,,explicit-serialized
FactionChapterDefinitionSO|faction-chapter:kobold:5,faction-chapter:kobold:5,choices.0.requirements.facilities.0.mustBeOperational,1,,,explicit-serialized
FactionChapterDefinitionSO|faction-chapter:kobold:5,faction-chapter:kobold:5,choices.0.requirements.research,[],,,explicit-serialized
FactionChapterDefinitionSO|faction-chapter:kobold:5,faction-chapter:kobold:5,choices.0.requirements.characters,[],,,explicit-serialized
FactionChapterDefinitionSO|faction-chapter:kobold:5,faction-chapter:kobold:5,choices.0.requirements.factions,[],,,explicit-serialized
FactionChapterDefinitionSO|faction-chapter:kobold:5,faction-chapter:kobold:5,choices.0.requirements.worldMetrics,[],,,explicit-serialized
FactionChapterDefinitionSO|faction-chapter:kobold:5,faction-chapter:kobold:5,choices.0.requirements.requiredFlags,[],,,explicit-serialized
FactionChapterDefinitionSO|faction-chapter:kobold:5,faction-chapter:kobold:5,choices.0.requirements.excludedFlags,[],,,explicit-serialized
FactionChapterDefinitionSO|faction-chapter:kobold:5,faction-chapter:kobold:5,choices.0.effects.0.kind,6,V20ContentEffectKind,FactionRapport (세력 우호도),explicit-serialized
FactionChapterDefinitionSO|faction-chapter:kobold:5,faction-chapter:kobold:5,choices.0.effects.0.targetId,faction:dungeon:kobold,,,explicit-serialized
FactionChapterDefinitionSO|faction-chapter:kobold:5,faction-chapter:kobold:5,choices.0.effects.0.amount,10,,,explicit-serialized
FactionChapterDefinitionSO|faction-chapter:kobold:5,faction-chapter:kobold:5,choices.0.effects.0.durationDays,0,,,explicit-serialized
FactionChapterDefinitionSO|faction-chapter:kobold:5,faction-chapter:kobold:5,choices.0.effects.1.kind,13,V20ContentEffectKind,WorkDelayDays (작업 지연),explicit-serialized
FactionChapterDefinitionSO|faction-chapter:kobold:5,faction-chapter:kobold:5,choices.0.effects.1.targetId,faction-work:kobold:5,,,explicit-serialized
FactionChapterDefinitionSO|faction-chapter:kobold:5,faction-chapter:kobold:5,choices.0.effects.1.amount,3,,,explicit-serialized
FactionChapterDefinitionSO|faction-chapter:kobold:5,faction-chapter:kobold:5,choices.0.effects.1.durationDays,0,,,explicit-serialized
FactionChapterDefinitionSO|faction-chapter:kobold:5,faction-chapter:kobold:5,choices.1.choiceId,bargain,,,explicit-serialized
FactionChapterDefinitionSO|faction-chapter:kobold:5,faction-chapter:kobold:5,choices.1.title,절반의 비용과 의무를 협상한다,,,explicit-serialized
FactionChapterDefinitionSO|faction-chapter:kobold:5,faction-chapter:kobold:5,choices.1.outcomeText,절반의 비용과 의무를 협상한다,,,explicit-serialized
FactionChapterDefinitionSO|faction-chapter:kobold:5,faction-chapter:kobold:5,choices.1.requirements.items.0.itemDefinitionId,tool:field-repair-kit,,,explicit-serialized
FactionChapterDefinitionSO|faction-chapter:kobold:5,faction-chapter:kobold:5,choices.1.requirements.items.0.amount,4,,,explicit-serialized
FactionChapterDefinitionSO|faction-chapter:kobold:5,faction-chapter:kobold:5,choices.1.requirements.items.0.consume,1,,,explicit-serialized
FactionChapterDefinitionSO|faction-chapter:kobold:5,faction-chapter:kobold:5,choices.1.requirements.facilities.0.buildingDefinitionId,,,,explicit-serialized
FactionChapterDefinitionSO|faction-chapter:kobold:5,faction-chapter:kobold:5,choices.1.requirements.facilities.0.capabilityId,Security,,,explicit-serialized
FactionChapterDefinitionSO|faction-chapter:kobold:5,faction-chapter:kobold:5,choices.1.requirements.facilities.0.minimumCount,1,,,explicit-serialized
FactionChapterDefinitionSO|faction-chapter:kobold:5,faction-chapter:kobold:5,choices.1.requirements.facilities.0.mustBeOperational,1,,,explicit-serialized
FactionChapterDefinitionSO|faction-chapter:kobold:5,faction-chapter:kobold:5,choices.1.requirements.research,[],,,explicit-serialized
FactionChapterDefinitionSO|faction-chapter:kobold:5,faction-chapter:kobold:5,choices.1.requirements.characters,[],,,explicit-serialized
FactionChapterDefinitionSO|faction-chapter:kobold:5,faction-chapter:kobold:5,choices.1.requirements.factions,[],,,explicit-serialized
FactionChapterDefinitionSO|faction-chapter:kobold:5,faction-chapter:kobold:5,choices.1.requirements.worldMetrics,[],,,explicit-serialized
FactionChapterDefinitionSO|faction-chapter:kobold:5,faction-chapter:kobold:5,choices.1.requirements.requiredFlags,[],,,explicit-serialized
FactionChapterDefinitionSO|faction-chapter:kobold:5,faction-chapter:kobold:5,choices.1.requirements.excludedFlags,[],,,explicit-serialized
FactionChapterDefinitionSO|faction-chapter:kobold:5,faction-chapter:kobold:5,choices.1.effects.0.kind,6,V20ContentEffectKind,FactionRapport (세력 우호도),explicit-serialized
FactionChapterDefinitionSO|faction-chapter:kobold:5,faction-chapter:kobold:5,choices.1.effects.0.targetId,faction:dungeon:kobold,,,explicit-serialized
FactionChapterDefinitionSO|faction-chapter:kobold:5,faction-chapter:kobold:5,choices.1.effects.0.amount,4,,,explicit-serialized
FactionChapterDefinitionSO|faction-chapter:kobold:5,faction-chapter:kobold:5,choices.1.effects.0.durationDays,0,,,explicit-serialized
FactionChapterDefinitionSO|faction-chapter:kobold:5,faction-chapter:kobold:5,choices.1.effects.1.kind,8,V20ContentEffectKind,FactionObligation (세력 의무),explicit-serialized
FactionChapterDefinitionSO|faction-chapter:kobold:5,faction-chapter:kobold:5,choices.1.effects.1.targetId,faction:dungeon:kobold,,,explicit-serialized
FactionChapterDefinitionSO|faction-chapter:kobold:5,faction-chapter:kobold:5,choices.1.effects.1.amount,1,,,explicit-serialized
FactionChapterDefinitionSO|faction-chapter:kobold:5,faction-chapter:kobold:5,choices.1.effects.1.durationDays,0,,,explicit-serialized
FactionChapterDefinitionSO|faction-chapter:kobold:5,faction-chapter:kobold:5,choices.1.effects.2.kind,13,V20ContentEffectKind,WorkDelayDays (작업 지연),explicit-serialized
FactionChapterDefinitionSO|faction-chapter:kobold:5,faction-chapter:kobold:5,choices.1.effects.2.targetId,faction-work:kobold:5:bargain,,,explicit-serialized
FactionChapterDefinitionSO|faction-chapter:kobold:5,faction-chapter:kobold:5,choices.1.effects.2.amount,1,,,explicit-serialized
FactionChapterDefinitionSO|faction-chapter:kobold:5,faction-chapter:kobold:5,choices.1.effects.2.durationDays,0,,,explicit-serialized
FactionChapterDefinitionSO|faction-chapter:kobold:5,faction-chapter:kobold:5,choices.2.choiceId,refuse,,,explicit-serialized
FactionChapterDefinitionSO|faction-chapter:kobold:5,faction-chapter:kobold:5,choices.2.title,거절하고 후속 위험을 감수한다,,,explicit-serialized
FactionChapterDefinitionSO|faction-chapter:kobold:5,faction-chapter:kobold:5,choices.2.outcomeText,거절로 물자를 보존하지만 원한과 후속 위협이 남는다.,,,explicit-serialized
FactionChapterDefinitionSO|faction-chapter:kobold:5,faction-chapter:kobold:5,choices.2.requirements.items,[],,,explicit-serialized
FactionChapterDefinitionSO|faction-chapter:kobold:5,faction-chapter:kobold:5,choices.2.requirements.facilities,[],,,explicit-serialized
FactionChapterDefinitionSO|faction-chapter:kobold:5,faction-chapter:kobold:5,choices.2.requirements.research,[],,,explicit-serialized
FactionChapterDefinitionSO|faction-chapter:kobold:5,faction-chapter:kobold:5,choices.2.requirements.characters,[],,,explicit-serialized
FactionChapterDefinitionSO|faction-chapter:kobold:5,faction-chapter:kobold:5,choices.2.requirements.factions,[],,,explicit-serialized
FactionChapterDefinitionSO|faction-chapter:kobold:5,faction-chapter:kobold:5,choices.2.requirements.worldMetrics,[],,,explicit-serialized
FactionChapterDefinitionSO|faction-chapter:kobold:5,faction-chapter:kobold:5,choices.2.requirements.requiredFlags,[],,,explicit-serialized
FactionChapterDefinitionSO|faction-chapter:kobold:5,faction-chapter:kobold:5,choices.2.requirements.excludedFlags,[],,,explicit-serialized
FactionChapterDefinitionSO|faction-chapter:kobold:5,faction-chapter:kobold:5,choices.2.effects.0.kind,7,V20ContentEffectKind,FactionGrievance (세력 원한),explicit-serialized
FactionChapterDefinitionSO|faction-chapter:kobold:5,faction-chapter:kobold:5,choices.2.effects.0.targetId,faction:dungeon:kobold,,,explicit-serialized
FactionChapterDefinitionSO|faction-chapter:kobold:5,faction-chapter:kobold:5,choices.2.effects.0.amount,8,,,explicit-serialized
FactionChapterDefinitionSO|faction-chapter:kobold:5,faction-chapter:kobold:5,choices.2.effects.0.durationDays,0,,,explicit-serialized
FactionChapterDefinitionSO|faction-chapter:kobold:5,faction-chapter:kobold:5,choices.2.effects.1.kind,14,V20ContentEffectKind,Threat (위협),explicit-serialized
FactionChapterDefinitionSO|faction-chapter:kobold:5,faction-chapter:kobold:5,choices.2.effects.1.targetId,faction-followup:kobold:5,,,explicit-serialized
FactionChapterDefinitionSO|faction-chapter:kobold:5,faction-chapter:kobold:5,choices.2.effects.1.amount,1,,,explicit-serialized
FactionChapterDefinitionSO|faction-chapter:kobold:5,faction-chapter:kobold:5,choices.2.effects.1.durationDays,0,,,explicit-serialized
FactionChapterDefinitionSO|faction-chapter:kobold:6,faction-chapter:kobold:6,m_Name,chapter_kobold_6,,,explicit-serialized
FactionChapterDefinitionSO|faction-chapter:kobold:6,faction-chapter:kobold:6,stableId,faction-chapter:kobold:6,,,explicit-serialized
FactionChapterDefinitionSO|faction-chapter:kobold:6,faction-chapter:kobold:6,displayName,공유 설계의 첫 장,,,explicit-serialized
FactionChapterDefinitionSO|faction-chapter:kobold:6,faction-chapter:kobold:6,description,도구씨족은 동맹·종속·결별 뒤 설계 공개 범위를 확정한다.,,,explicit-serialized
FactionChapterDefinitionSO|faction-chapter:kobold:6,faction-chapter:kobold:6,authoringRevision,1,,,explicit-serialized
FactionChapterDefinitionSO|faction-chapter:kobold:6,faction-chapter:kobold:6,sourceNote,V20 hand-authored faction/service manifest.,,,explicit-serialized
FactionChapterDefinitionSO|faction-chapter:kobold:6,faction-chapter:kobold:6,factionId,faction:dungeon:kobold,,,explicit-serialized
FactionChapterDefinitionSO|faction-chapter:kobold:6,faction-chapter:kobold:6,chapterNumber,6,,,explicit-serialized
FactionChapterDefinitionSO|faction-chapter:kobold:6,faction-chapter:kobold:6,kind,5,FactionChapterKind,Resolution,explicit-serialized
FactionChapterDefinitionSO|faction-chapter:kobold:6,faction-chapter:kobold:6,crossFactionId,,,,explicit-serialized
FactionChapterDefinitionSO|faction-chapter:kobold:6,faction-chapter:kobold:6,triggerRequirements.items,[],,,explicit-serialized
FactionChapterDefinitionSO|faction-chapter:kobold:6,faction-chapter:kobold:6,triggerRequirements.facilities,[],,,explicit-serialized
FactionChapterDefinitionSO|faction-chapter:kobold:6,faction-chapter:kobold:6,triggerRequirements.research,[],,,explicit-serialized
FactionChapterDefinitionSO|faction-chapter:kobold:6,faction-chapter:kobold:6,triggerRequirements.characters,[],,,explicit-serialized
FactionChapterDefinitionSO|faction-chapter:kobold:6,faction-chapter:kobold:6,triggerRequirements.factions.0.factionId,faction:dungeon:kobold,,,explicit-serialized
FactionChapterDefinitionSO|faction-chapter:kobold:6,faction-chapter:kobold:6,triggerRequirements.factions.0.minimumRapport,-100,,,explicit-serialized
FactionChapterDefinitionSO|faction-chapter:kobold:6,faction-chapter:kobold:6,triggerRequirements.factions.0.maximumGrievance,100,,,explicit-serialized
FactionChapterDefinitionSO|faction-chapter:kobold:6,faction-chapter:kobold:6,triggerRequirements.factions.0.minimumObligationTokens,0,,,explicit-serialized
FactionChapterDefinitionSO|faction-chapter:kobold:6,faction-chapter:kobold:6,triggerRequirements.worldMetrics,[],,,explicit-serialized
FactionChapterDefinitionSO|faction-chapter:kobold:6,faction-chapter:kobold:6,triggerRequirements.requiredFlags,[],,,explicit-serialized
FactionChapterDefinitionSO|faction-chapter:kobold:6,faction-chapter:kobold:6,triggerRequirements.excludedFlags,[],,,explicit-serialized
FactionChapterDefinitionSO|faction-chapter:kobold:6,faction-chapter:kobold:6,choices.0.choiceId,support,,,explicit-serialized
FactionChapterDefinitionSO|faction-chapter:kobold:6,faction-chapter:kobold:6,choices.0.title,요구를 지원한다,,,explicit-serialized
FactionChapterDefinitionSO|faction-chapter:kobold:6,faction-chapter:kobold:6,choices.0.outcomeText,요구를 지원한다,,,explicit-serialized
FactionChapterDefinitionSO|faction-chapter:kobold:6,faction-chapter:kobold:6,choices.0.requirements.items.0.itemDefinitionId,component:engineering-drawing,,,explicit-serialized
FactionChapterDefinitionSO|faction-chapter:kobold:6,faction-chapter:kobold:6,choices.0.requirements.items.0.amount,9,,,explicit-serialized
FactionChapterDefinitionSO|faction-chapter:kobold:6,faction-chapter:kobold:6,choices.0.requirements.items.0.consume,1,,,explicit-serialized
FactionChapterDefinitionSO|faction-chapter:kobold:6,faction-chapter:kobold:6,choices.0.requirements.facilities.0.buildingDefinitionId,,,,explicit-serialized
FactionChapterDefinitionSO|faction-chapter:kobold:6,faction-chapter:kobold:6,choices.0.requirements.facilities.0.capabilityId,Administration,,,explicit-serialized
FactionChapterDefinitionSO|faction-chapter:kobold:6,faction-chapter:kobold:6,choices.0.requirements.facilities.0.minimumCount,1,,,explicit-serialized
FactionChapterDefinitionSO|faction-chapter:kobold:6,faction-chapter:kobold:6,choices.0.requirements.facilities.0.mustBeOperational,1,,,explicit-serialized
FactionChapterDefinitionSO|faction-chapter:kobold:6,faction-chapter:kobold:6,choices.0.requirements.research,[],,,explicit-serialized
FactionChapterDefinitionSO|faction-chapter:kobold:6,faction-chapter:kobold:6,choices.0.requirements.characters,[],,,explicit-serialized
FactionChapterDefinitionSO|faction-chapter:kobold:6,faction-chapter:kobold:6,choices.0.requirements.factions,[],,,explicit-serialized
FactionChapterDefinitionSO|faction-chapter:kobold:6,faction-chapter:kobold:6,choices.0.requirements.worldMetrics,[],,,explicit-serialized
FactionChapterDefinitionSO|faction-chapter:kobold:6,faction-chapter:kobold:6,choices.0.requirements.requiredFlags,[],,,explicit-serialized
FactionChapterDefinitionSO|faction-chapter:kobold:6,faction-chapter:kobold:6,choices.0.requirements.excludedFlags,[],,,explicit-serialized
FactionChapterDefinitionSO|faction-chapter:kobold:6,faction-chapter:kobold:6,choices.0.effects.0.kind,6,V20ContentEffectKind,FactionRapport (세력 우호도),explicit-serialized
FactionChapterDefinitionSO|faction-chapter:kobold:6,faction-chapter:kobold:6,choices.0.effects.0.targetId,faction:dungeon:kobold,,,explicit-serialized
FactionChapterDefinitionSO|faction-chapter:kobold:6,faction-chapter:kobold:6,choices.0.effects.0.amount,11,,,explicit-serialized
FactionChapterDefinitionSO|faction-chapter:kobold:6,faction-chapter:kobold:6,choices.0.effects.0.durationDays,0,,,explicit-serialized
FactionChapterDefinitionSO|faction-chapter:kobold:6,faction-chapter:kobold:6,choices.0.effects.1.kind,13,V20ContentEffectKind,WorkDelayDays (작업 지연),explicit-serialized
FactionChapterDefinitionSO|faction-chapter:kobold:6,faction-chapter:kobold:6,choices.0.effects.1.targetId,faction-work:kobold:6,,,explicit-serialized
FactionChapterDefinitionSO|faction-chapter:kobold:6,faction-chapter:kobold:6,choices.0.effects.1.amount,1,,,explicit-serialized
FactionChapterDefinitionSO|faction-chapter:kobold:6,faction-chapter:kobold:6,choices.0.effects.1.durationDays,0,,,explicit-serialized
FactionChapterDefinitionSO|faction-chapter:kobold:6,faction-chapter:kobold:6,choices.1.choiceId,bargain,,,explicit-serialized
FactionChapterDefinitionSO|faction-chapter:kobold:6,faction-chapter:kobold:6,choices.1.title,절반의 비용과 의무를 협상한다,,,explicit-serialized
FactionChapterDefinitionSO|faction-chapter:kobold:6,faction-chapter:kobold:6,choices.1.outcomeText,절반의 비용과 의무를 협상한다,,,explicit-serialized
FactionChapterDefinitionSO|faction-chapter:kobold:6,faction-chapter:kobold:6,choices.1.requirements.items.0.itemDefinitionId,component:engineering-drawing,,,explicit-serialized
FactionChapterDefinitionSO|faction-chapter:kobold:6,faction-chapter:kobold:6,choices.1.requirements.items.0.amount,5,,,explicit-serialized
FactionChapterDefinitionSO|faction-chapter:kobold:6,faction-chapter:kobold:6,choices.1.requirements.items.0.consume,1,,,explicit-serialized
FactionChapterDefinitionSO|faction-chapter:kobold:6,faction-chapter:kobold:6,choices.1.requirements.facilities.0.buildingDefinitionId,,,,explicit-serialized
FactionChapterDefinitionSO|faction-chapter:kobold:6,faction-chapter:kobold:6,choices.1.requirements.facilities.0.capabilityId,Administration,,,explicit-serialized
FactionChapterDefinitionSO|faction-chapter:kobold:6,faction-chapter:kobold:6,choices.1.requirements.facilities.0.minimumCount,1,,,explicit-serialized
FactionChapterDefinitionSO|faction-chapter:kobold:6,faction-chapter:kobold:6,choices.1.requirements.facilities.0.mustBeOperational,1,,,explicit-serialized
FactionChapterDefinitionSO|faction-chapter:kobold:6,faction-chapter:kobold:6,choices.1.requirements.research,[],,,explicit-serialized
FactionChapterDefinitionSO|faction-chapter:kobold:6,faction-chapter:kobold:6,choices.1.requirements.characters,[],,,explicit-serialized
FactionChapterDefinitionSO|faction-chapter:kobold:6,faction-chapter:kobold:6,choices.1.requirements.factions,[],,,explicit-serialized
FactionChapterDefinitionSO|faction-chapter:kobold:6,faction-chapter:kobold:6,choices.1.requirements.worldMetrics,[],,,explicit-serialized
FactionChapterDefinitionSO|faction-chapter:kobold:6,faction-chapter:kobold:6,choices.1.requirements.requiredFlags,[],,,explicit-serialized
FactionChapterDefinitionSO|faction-chapter:kobold:6,faction-chapter:kobold:6,choices.1.requirements.excludedFlags,[],,,explicit-serialized
FactionChapterDefinitionSO|faction-chapter:kobold:6,faction-chapter:kobold:6,choices.1.effects.0.kind,6,V20ContentEffectKind,FactionRapport (세력 우호도),explicit-serialized
FactionChapterDefinitionSO|faction-chapter:kobold:6,faction-chapter:kobold:6,choices.1.effects.0.targetId,faction:dungeon:kobold,,,explicit-serialized
FactionChapterDefinitionSO|faction-chapter:kobold:6,faction-chapter:kobold:6,choices.1.effects.0.amount,5,,,explicit-serialized
FactionChapterDefinitionSO|faction-chapter:kobold:6,faction-chapter:kobold:6,choices.1.effects.0.durationDays,0,,,explicit-serialized
FactionChapterDefinitionSO|faction-chapter:kobold:6,faction-chapter:kobold:6,choices.1.effects.1.kind,8,V20ContentEffectKind,FactionObligation (세력 의무),explicit-serialized
FactionChapterDefinitionSO|faction-chapter:kobold:6,faction-chapter:kobold:6,choices.1.effects.1.targetId,faction:dungeon:kobold,,,explicit-serialized
FactionChapterDefinitionSO|faction-chapter:kobold:6,faction-chapter:kobold:6,choices.1.effects.1.amount,1,,,explicit-serialized
FactionChapterDefinitionSO|faction-chapter:kobold:6,faction-chapter:kobold:6,choices.1.effects.1.durationDays,0,,,explicit-serialized
FactionChapterDefinitionSO|faction-chapter:kobold:6,faction-chapter:kobold:6,choices.1.effects.2.kind,13,V20ContentEffectKind,WorkDelayDays (작업 지연),explicit-serialized
FactionChapterDefinitionSO|faction-chapter:kobold:6,faction-chapter:kobold:6,choices.1.effects.2.targetId,faction-work:kobold:6:bargain,,,explicit-serialized
FactionChapterDefinitionSO|faction-chapter:kobold:6,faction-chapter:kobold:6,choices.1.effects.2.amount,1,,,explicit-serialized
FactionChapterDefinitionSO|faction-chapter:kobold:6,faction-chapter:kobold:6,choices.1.effects.2.durationDays,0,,,explicit-serialized
FactionChapterDefinitionSO|faction-chapter:kobold:6,faction-chapter:kobold:6,choices.2.choiceId,refuse,,,explicit-serialized
FactionChapterDefinitionSO|faction-chapter:kobold:6,faction-chapter:kobold:6,choices.2.title,거절하고 후속 위험을 감수한다,,,explicit-serialized
FactionChapterDefinitionSO|faction-chapter:kobold:6,faction-chapter:kobold:6,choices.2.outcomeText,거절로 물자를 보존하지만 원한과 후속 위협이 남는다.,,,explicit-serialized
FactionChapterDefinitionSO|faction-chapter:kobold:6,faction-chapter:kobold:6,choices.2.requirements.items,[],,,explicit-serialized
FactionChapterDefinitionSO|faction-chapter:kobold:6,faction-chapter:kobold:6,choices.2.requirements.facilities,[],,,explicit-serialized
FactionChapterDefinitionSO|faction-chapter:kobold:6,faction-chapter:kobold:6,choices.2.requirements.research,[],,,explicit-serialized
FactionChapterDefinitionSO|faction-chapter:kobold:6,faction-chapter:kobold:6,choices.2.requirements.characters,[],,,explicit-serialized
FactionChapterDefinitionSO|faction-chapter:kobold:6,faction-chapter:kobold:6,choices.2.requirements.factions,[],,,explicit-serialized
FactionChapterDefinitionSO|faction-chapter:kobold:6,faction-chapter:kobold:6,choices.2.requirements.worldMetrics,[],,,explicit-serialized
FactionChapterDefinitionSO|faction-chapter:kobold:6,faction-chapter:kobold:6,choices.2.requirements.requiredFlags,[],,,explicit-serialized
FactionChapterDefinitionSO|faction-chapter:kobold:6,faction-chapter:kobold:6,choices.2.requirements.excludedFlags,[],,,explicit-serialized
FactionChapterDefinitionSO|faction-chapter:kobold:6,faction-chapter:kobold:6,choices.2.effects.0.kind,7,V20ContentEffectKind,FactionGrievance (세력 원한),explicit-serialized
FactionChapterDefinitionSO|faction-chapter:kobold:6,faction-chapter:kobold:6,choices.2.effects.0.targetId,faction:dungeon:kobold,,,explicit-serialized
FactionChapterDefinitionSO|faction-chapter:kobold:6,faction-chapter:kobold:6,choices.2.effects.0.amount,9,,,explicit-serialized
FactionChapterDefinitionSO|faction-chapter:kobold:6,faction-chapter:kobold:6,choices.2.effects.0.durationDays,0,,,explicit-serialized
FactionChapterDefinitionSO|faction-chapter:kobold:6,faction-chapter:kobold:6,choices.2.effects.1.kind,14,V20ContentEffectKind,Threat (위협),explicit-serialized
FactionChapterDefinitionSO|faction-chapter:kobold:6,faction-chapter:kobold:6,choices.2.effects.1.targetId,faction-followup:kobold:6,,,explicit-serialized
FactionChapterDefinitionSO|faction-chapter:kobold:6,faction-chapter:kobold:6,choices.2.effects.1.amount,1,,,explicit-serialized
FactionChapterDefinitionSO|faction-chapter:kobold:6,faction-chapter:kobold:6,choices.2.effects.1.durationDays,0,,,explicit-serialized
FactionChapterDefinitionSO|faction-chapter:myconid:1,faction-chapter:myconid:1,m_Name,chapter_myconid_1,,,explicit-serialized
FactionChapterDefinitionSO|faction-chapter:myconid:1,faction-chapter:myconid:1,stableId,faction-chapter:myconid:1,,,explicit-serialized
FactionChapterDefinitionSO|faction-chapter:myconid:1,faction-chapter:myconid:1,displayName,낯선 향의 사절,,,explicit-serialized
FactionChapterDefinitionSO|faction-chapter:myconid:1,faction-chapter:myconid:1,description,균사 사절이 말 대신 낯선 향과 배양 버섯을 보낸다.,,,explicit-serialized
FactionChapterDefinitionSO|faction-chapter:myconid:1,faction-chapter:myconid:1,authoringRevision,1,,,explicit-serialized
FactionChapterDefinitionSO|faction-chapter:myconid:1,faction-chapter:myconid:1,sourceNote,V20 hand-authored faction/service manifest.,,,explicit-serialized
FactionChapterDefinitionSO|faction-chapter:myconid:1,faction-chapter:myconid:1,factionId,faction:dungeon:myconid,,,explicit-serialized
FactionChapterDefinitionSO|faction-chapter:myconid:1,faction-chapter:myconid:1,chapterNumber,1,,,explicit-serialized
FactionChapterDefinitionSO|faction-chapter:myconid:1,faction-chapter:myconid:1,kind,0,FactionChapterKind,First Contact,explicit-serialized
FactionChapterDefinitionSO|faction-chapter:myconid:1,faction-chapter:myconid:1,crossFactionId,,,,explicit-serialized
FactionChapterDefinitionSO|faction-chapter:myconid:1,faction-chapter:myconid:1,triggerRequirements.items,[],,,explicit-serialized
FactionChapterDefinitionSO|faction-chapter:myconid:1,faction-chapter:myconid:1,triggerRequirements.facilities,[],,,explicit-serialized
FactionChapterDefinitionSO|faction-chapter:myconid:1,faction-chapter:myconid:1,triggerRequirements.research,[],,,explicit-serialized
FactionChapterDefinitionSO|faction-chapter:myconid:1,faction-chapter:myconid:1,triggerRequirements.characters,[],,,explicit-serialized
FactionChapterDefinitionSO|faction-chapter:myconid:1,faction-chapter:myconid:1,triggerRequirements.factions.0.factionId,faction:dungeon:myconid,,,explicit-serialized
FactionChapterDefinitionSO|faction-chapter:myconid:1,faction-chapter:myconid:1,triggerRequirements.factions.0.minimumRapport,-100,,,explicit-serialized
FactionChapterDefinitionSO|faction-chapter:myconid:1,faction-chapter:myconid:1,triggerRequirements.factions.0.maximumGrievance,100,,,explicit-serialized
FactionChapterDefinitionSO|faction-chapter:myconid:1,faction-chapter:myconid:1,triggerRequirements.factions.0.minimumObligationTokens,0,,,explicit-serialized
FactionChapterDefinitionSO|faction-chapter:myconid:1,faction-chapter:myconid:1,triggerRequirements.worldMetrics,[],,,explicit-serialized
FactionChapterDefinitionSO|faction-chapter:myconid:1,faction-chapter:myconid:1,triggerRequirements.requiredFlags,[],,,explicit-serialized
FactionChapterDefinitionSO|faction-chapter:myconid:1,faction-chapter:myconid:1,triggerRequirements.excludedFlags,[],,,explicit-serialized
FactionChapterDefinitionSO|faction-chapter:myconid:1,faction-chapter:myconid:1,choices.0.choiceId,support,,,explicit-serialized
FactionChapterDefinitionSO|faction-chapter:myconid:1,faction-chapter:myconid:1,choices.0.title,요구를 지원한다,,,explicit-serialized
FactionChapterDefinitionSO|faction-chapter:myconid:1,faction-chapter:myconid:1,choices.0.outcomeText,요구를 지원한다,,,explicit-serialized
FactionChapterDefinitionSO|faction-chapter:myconid:1,faction-chapter:myconid:1,choices.0.requirements.items.0.itemDefinitionId,resource:cave-mushroom,,,explicit-serialized
FactionChapterDefinitionSO|faction-chapter:myconid:1,faction-chapter:myconid:1,choices.0.requirements.items.0.amount,4,,,explicit-serialized
FactionChapterDefinitionSO|faction-chapter:myconid:1,faction-chapter:myconid:1,choices.0.requirements.items.0.consume,1,,,explicit-serialized
FactionChapterDefinitionSO|faction-chapter:myconid:1,faction-chapter:myconid:1,choices.0.requirements.facilities.0.buildingDefinitionId,,,,explicit-serialized
FactionChapterDefinitionSO|faction-chapter:myconid:1,faction-chapter:myconid:1,choices.0.requirements.facilities.0.capabilityId,Administration,,,explicit-serialized
FactionChapterDefinitionSO|faction-chapter:myconid:1,faction-chapter:myconid:1,choices.0.requirements.facilities.0.minimumCount,1,,,explicit-serialized
FactionChapterDefinitionSO|faction-chapter:myconid:1,faction-chapter:myconid:1,choices.0.requirements.facilities.0.mustBeOperational,1,,,explicit-serialized
FactionChapterDefinitionSO|faction-chapter:myconid:1,faction-chapter:myconid:1,choices.0.requirements.research,[],,,explicit-serialized
FactionChapterDefinitionSO|faction-chapter:myconid:1,faction-chapter:myconid:1,choices.0.requirements.characters,[],,,explicit-serialized
FactionChapterDefinitionSO|faction-chapter:myconid:1,faction-chapter:myconid:1,choices.0.requirements.factions,[],,,explicit-serialized
FactionChapterDefinitionSO|faction-chapter:myconid:1,faction-chapter:myconid:1,choices.0.requirements.worldMetrics,[],,,explicit-serialized
FactionChapterDefinitionSO|faction-chapter:myconid:1,faction-chapter:myconid:1,choices.0.requirements.requiredFlags,[],,,explicit-serialized
FactionChapterDefinitionSO|faction-chapter:myconid:1,faction-chapter:myconid:1,choices.0.requirements.excludedFlags,[],,,explicit-serialized
FactionChapterDefinitionSO|faction-chapter:myconid:1,faction-chapter:myconid:1,choices.0.effects.0.kind,6,V20ContentEffectKind,FactionRapport (세력 우호도),explicit-serialized
FactionChapterDefinitionSO|faction-chapter:myconid:1,faction-chapter:myconid:1,choices.0.effects.0.targetId,faction:dungeon:myconid,,,explicit-serialized
FactionChapterDefinitionSO|faction-chapter:myconid:1,faction-chapter:myconid:1,choices.0.effects.0.amount,6,,,explicit-serialized
FactionChapterDefinitionSO|faction-chapter:myconid:1,faction-chapter:myconid:1,choices.0.effects.0.durationDays,0,,,explicit-serialized
FactionChapterDefinitionSO|faction-chapter:myconid:1,faction-chapter:myconid:1,choices.0.effects.1.kind,13,V20ContentEffectKind,WorkDelayDays (작업 지연),explicit-serialized
FactionChapterDefinitionSO|faction-chapter:myconid:1,faction-chapter:myconid:1,choices.0.effects.1.targetId,faction-work:myconid:1,,,explicit-serialized
FactionChapterDefinitionSO|faction-chapter:myconid:1,faction-chapter:myconid:1,choices.0.effects.1.amount,2,,,explicit-serialized
FactionChapterDefinitionSO|faction-chapter:myconid:1,faction-chapter:myconid:1,choices.0.effects.1.durationDays,0,,,explicit-serialized
FactionChapterDefinitionSO|faction-chapter:myconid:1,faction-chapter:myconid:1,choices.1.choiceId,bargain,,,explicit-serialized
FactionChapterDefinitionSO|faction-chapter:myconid:1,faction-chapter:myconid:1,choices.1.title,절반의 비용과 의무를 협상한다,,,explicit-serialized
FactionChapterDefinitionSO|faction-chapter:myconid:1,faction-chapter:myconid:1,choices.1.outcomeText,절반의 비용과 의무를 협상한다,,,explicit-serialized
FactionChapterDefinitionSO|faction-chapter:myconid:1,faction-chapter:myconid:1,choices.1.requirements.items.0.itemDefinitionId,resource:cave-mushroom,,,explicit-serialized
FactionChapterDefinitionSO|faction-chapter:myconid:1,faction-chapter:myconid:1,choices.1.requirements.items.0.amount,2,,,explicit-serialized
FactionChapterDefinitionSO|faction-chapter:myconid:1,faction-chapter:myconid:1,choices.1.requirements.items.0.consume,1,,,explicit-serialized
FactionChapterDefinitionSO|faction-chapter:myconid:1,faction-chapter:myconid:1,choices.1.requirements.facilities.0.buildingDefinitionId,,,,explicit-serialized
FactionChapterDefinitionSO|faction-chapter:myconid:1,faction-chapter:myconid:1,choices.1.requirements.facilities.0.capabilityId,Administration,,,explicit-serialized
FactionChapterDefinitionSO|faction-chapter:myconid:1,faction-chapter:myconid:1,choices.1.requirements.facilities.0.minimumCount,1,,,explicit-serialized
FactionChapterDefinitionSO|faction-chapter:myconid:1,faction-chapter:myconid:1,choices.1.requirements.facilities.0.mustBeOperational,1,,,explicit-serialized
FactionChapterDefinitionSO|faction-chapter:myconid:1,faction-chapter:myconid:1,choices.1.requirements.research,[],,,explicit-serialized
FactionChapterDefinitionSO|faction-chapter:myconid:1,faction-chapter:myconid:1,choices.1.requirements.characters,[],,,explicit-serialized
FactionChapterDefinitionSO|faction-chapter:myconid:1,faction-chapter:myconid:1,choices.1.requirements.factions,[],,,explicit-serialized
FactionChapterDefinitionSO|faction-chapter:myconid:1,faction-chapter:myconid:1,choices.1.requirements.worldMetrics,[],,,explicit-serialized
FactionChapterDefinitionSO|faction-chapter:myconid:1,faction-chapter:myconid:1,choices.1.requirements.requiredFlags,[],,,explicit-serialized
FactionChapterDefinitionSO|faction-chapter:myconid:1,faction-chapter:myconid:1,choices.1.requirements.excludedFlags,[],,,explicit-serialized
FactionChapterDefinitionSO|faction-chapter:myconid:1,faction-chapter:myconid:1,choices.1.effects.0.kind,6,V20ContentEffectKind,FactionRapport (세력 우호도),explicit-serialized
FactionChapterDefinitionSO|faction-chapter:myconid:1,faction-chapter:myconid:1,choices.1.effects.0.targetId,faction:dungeon:myconid,,,explicit-serialized
FactionChapterDefinitionSO|faction-chapter:myconid:1,faction-chapter:myconid:1,choices.1.effects.0.amount,2,,,explicit-serialized
FactionChapterDefinitionSO|faction-chapter:myconid:1,faction-chapter:myconid:1,choices.1.effects.0.durationDays,0,,,explicit-serialized
FactionChapterDefinitionSO|faction-chapter:myconid:1,faction-chapter:myconid:1,choices.1.effects.1.kind,8,V20ContentEffectKind,FactionObligation (세력 의무),explicit-serialized
FactionChapterDefinitionSO|faction-chapter:myconid:1,faction-chapter:myconid:1,choices.1.effects.1.targetId,faction:dungeon:myconid,,,explicit-serialized
FactionChapterDefinitionSO|faction-chapter:myconid:1,faction-chapter:myconid:1,choices.1.effects.1.amount,1,,,explicit-serialized
FactionChapterDefinitionSO|faction-chapter:myconid:1,faction-chapter:myconid:1,choices.1.effects.1.durationDays,0,,,explicit-serialized
FactionChapterDefinitionSO|faction-chapter:myconid:1,faction-chapter:myconid:1,choices.1.effects.2.kind,13,V20ContentEffectKind,WorkDelayDays (작업 지연),explicit-serialized
FactionChapterDefinitionSO|faction-chapter:myconid:1,faction-chapter:myconid:1,choices.1.effects.2.targetId,faction-work:myconid:1:bargain,,,explicit-serialized
FactionChapterDefinitionSO|faction-chapter:myconid:1,faction-chapter:myconid:1,choices.1.effects.2.amount,1,,,explicit-serialized
FactionChapterDefinitionSO|faction-chapter:myconid:1,faction-chapter:myconid:1,choices.1.effects.2.durationDays,0,,,explicit-serialized
FactionChapterDefinitionSO|faction-chapter:myconid:1,faction-chapter:myconid:1,choices.2.choiceId,refuse,,,explicit-serialized
FactionChapterDefinitionSO|faction-chapter:myconid:1,faction-chapter:myconid:1,choices.2.title,거절하고 후속 위험을 감수한다,,,explicit-serialized
FactionChapterDefinitionSO|faction-chapter:myconid:1,faction-chapter:myconid:1,choices.2.outcomeText,거절로 물자를 보존하지만 원한과 후속 위협이 남는다.,,,explicit-serialized
FactionChapterDefinitionSO|faction-chapter:myconid:1,faction-chapter:myconid:1,choices.2.requirements.items,[],,,explicit-serialized
FactionChapterDefinitionSO|faction-chapter:myconid:1,faction-chapter:myconid:1,choices.2.requirements.facilities,[],,,explicit-serialized
FactionChapterDefinitionSO|faction-chapter:myconid:1,faction-chapter:myconid:1,choices.2.requirements.research,[],,,explicit-serialized
FactionChapterDefinitionSO|faction-chapter:myconid:1,faction-chapter:myconid:1,choices.2.requirements.characters,[],,,explicit-serialized
FactionChapterDefinitionSO|faction-chapter:myconid:1,faction-chapter:myconid:1,choices.2.requirements.factions,[],,,explicit-serialized
FactionChapterDefinitionSO|faction-chapter:myconid:1,faction-chapter:myconid:1,choices.2.requirements.worldMetrics,[],,,explicit-serialized
FactionChapterDefinitionSO|faction-chapter:myconid:1,faction-chapter:myconid:1,choices.2.requirements.requiredFlags,[],,,explicit-serialized
FactionChapterDefinitionSO|faction-chapter:myconid:1,faction-chapter:myconid:1,choices.2.requirements.excludedFlags,[],,,explicit-serialized
FactionChapterDefinitionSO|faction-chapter:myconid:1,faction-chapter:myconid:1,choices.2.effects.0.kind,7,V20ContentEffectKind,FactionGrievance (세력 원한),explicit-serialized
FactionChapterDefinitionSO|faction-chapter:myconid:1,faction-chapter:myconid:1,choices.2.effects.0.targetId,faction:dungeon:myconid,,,explicit-serialized
FactionChapterDefinitionSO|faction-chapter:myconid:1,faction-chapter:myconid:1,choices.2.effects.0.amount,4,,,explicit-serialized
FactionChapterDefinitionSO|faction-chapter:myconid:1,faction-chapter:myconid:1,choices.2.effects.0.durationDays,0,,,explicit-serialized
FactionChapterDefinitionSO|faction-chapter:myconid:1,faction-chapter:myconid:1,choices.2.effects.1.kind,14,V20ContentEffectKind,Threat (위협),explicit-serialized
FactionChapterDefinitionSO|faction-chapter:myconid:1,faction-chapter:myconid:1,choices.2.effects.1.targetId,faction-followup:myconid:1,,,explicit-serialized
FactionChapterDefinitionSO|faction-chapter:myconid:1,faction-chapter:myconid:1,choices.2.effects.1.amount,1,,,explicit-serialized
FactionChapterDefinitionSO|faction-chapter:myconid:1,faction-chapter:myconid:1,choices.2.effects.1.durationDays,0,,,explicit-serialized
FactionChapterDefinitionSO|faction-chapter:myconid:2,faction-chapter:myconid:2,m_Name,chapter_myconid_2,,,explicit-serialized
FactionChapterDefinitionSO|faction-chapter:myconid:2,faction-chapter:myconid:2,stableId,faction-chapter:myconid:2,,,explicit-serialized
FactionChapterDefinitionSO|faction-chapter:myconid:2,faction-chapter:myconid:2,displayName,갈색으로 변한 기억,,,explicit-serialized
FactionChapterDefinitionSO|faction-chapter:myconid:2,faction-chapter:myconid:2,description,공동 기억망 일부가 갈색으로 변하며 잘못된 기억을 반복한다.,,,explicit-serialized
FactionChapterDefinitionSO|faction-chapter:myconid:2,faction-chapter:myconid:2,authoringRevision,1,,,explicit-serialized
FactionChapterDefinitionSO|faction-chapter:myconid:2,faction-chapter:myconid:2,sourceNote,V20 hand-authored faction/service manifest.,,,explicit-serialized
FactionChapterDefinitionSO|faction-chapter:myconid:2,faction-chapter:myconid:2,factionId,faction:dungeon:myconid,,,explicit-serialized
FactionChapterDefinitionSO|faction-chapter:myconid:2,faction-chapter:myconid:2,chapterNumber,2,,,explicit-serialized
FactionChapterDefinitionSO|faction-chapter:myconid:2,faction-chapter:myconid:2,kind,1,FactionChapterKind,Internal Problem,explicit-serialized
FactionChapterDefinitionSO|faction-chapter:myconid:2,faction-chapter:myconid:2,crossFactionId,,,,explicit-serialized
FactionChapterDefinitionSO|faction-chapter:myconid:2,faction-chapter:myconid:2,triggerRequirements.items,[],,,explicit-serialized
FactionChapterDefinitionSO|faction-chapter:myconid:2,faction-chapter:myconid:2,triggerRequirements.facilities,[],,,explicit-serialized
FactionChapterDefinitionSO|faction-chapter:myconid:2,faction-chapter:myconid:2,triggerRequirements.research,[],,,explicit-serialized
FactionChapterDefinitionSO|faction-chapter:myconid:2,faction-chapter:myconid:2,triggerRequirements.characters,[],,,explicit-serialized
FactionChapterDefinitionSO|faction-chapter:myconid:2,faction-chapter:myconid:2,triggerRequirements.factions.0.factionId,faction:dungeon:myconid,,,explicit-serialized
FactionChapterDefinitionSO|faction-chapter:myconid:2,faction-chapter:myconid:2,triggerRequirements.factions.0.minimumRapport,-100,,,explicit-serialized
FactionChapterDefinitionSO|faction-chapter:myconid:2,faction-chapter:myconid:2,triggerRequirements.factions.0.maximumGrievance,100,,,explicit-serialized
FactionChapterDefinitionSO|faction-chapter:myconid:2,faction-chapter:myconid:2,triggerRequirements.factions.0.minimumObligationTokens,0,,,explicit-serialized
FactionChapterDefinitionSO|faction-chapter:myconid:2,faction-chapter:myconid:2,triggerRequirements.worldMetrics,[],,,explicit-serialized
FactionChapterDefinitionSO|faction-chapter:myconid:2,faction-chapter:myconid:2,triggerRequirements.requiredFlags,[],,,explicit-serialized
FactionChapterDefinitionSO|faction-chapter:myconid:2,faction-chapter:myconid:2,triggerRequirements.excludedFlags,[],,,explicit-serialized
FactionChapterDefinitionSO|faction-chapter:myconid:2,faction-chapter:myconid:2,choices.0.choiceId,support,,,explicit-serialized
FactionChapterDefinitionSO|faction-chapter:myconid:2,faction-chapter:myconid:2,choices.0.title,요구를 지원한다,,,explicit-serialized
FactionChapterDefinitionSO|faction-chapter:myconid:2,faction-chapter:myconid:2,choices.0.outcomeText,요구를 지원한다,,,explicit-serialized
FactionChapterDefinitionSO|faction-chapter:myconid:2,faction-chapter:myconid:2,choices.0.requirements.items.0.itemDefinitionId,supply:fungicide,,,explicit-serialized
FactionChapterDefinitionSO|faction-chapter:myconid:2,faction-chapter:myconid:2,choices.0.requirements.items.0.amount,5,,,explicit-serialized
FactionChapterDefinitionSO|faction-chapter:myconid:2,faction-chapter:myconid:2,choices.0.requirements.items.0.consume,1,,,explicit-serialized
FactionChapterDefinitionSO|faction-chapter:myconid:2,faction-chapter:myconid:2,choices.0.requirements.facilities.0.buildingDefinitionId,,,,explicit-serialized
FactionChapterDefinitionSO|faction-chapter:myconid:2,faction-chapter:myconid:2,choices.0.requirements.facilities.0.capabilityId,Medical,,,explicit-serialized
FactionChapterDefinitionSO|faction-chapter:myconid:2,faction-chapter:myconid:2,choices.0.requirements.facilities.0.minimumCount,1,,,explicit-serialized
FactionChapterDefinitionSO|faction-chapter:myconid:2,faction-chapter:myconid:2,choices.0.requirements.facilities.0.mustBeOperational,1,,,explicit-serialized
FactionChapterDefinitionSO|faction-chapter:myconid:2,faction-chapter:myconid:2,choices.0.requirements.research,[],,,explicit-serialized
FactionChapterDefinitionSO|faction-chapter:myconid:2,faction-chapter:myconid:2,choices.0.requirements.characters,[],,,explicit-serialized
FactionChapterDefinitionSO|faction-chapter:myconid:2,faction-chapter:myconid:2,choices.0.requirements.factions,[],,,explicit-serialized
FactionChapterDefinitionSO|faction-chapter:myconid:2,faction-chapter:myconid:2,choices.0.requirements.worldMetrics,[],,,explicit-serialized
FactionChapterDefinitionSO|faction-chapter:myconid:2,faction-chapter:myconid:2,choices.0.requirements.requiredFlags,[],,,explicit-serialized
FactionChapterDefinitionSO|faction-chapter:myconid:2,faction-chapter:myconid:2,choices.0.requirements.excludedFlags,[],,,explicit-serialized
FactionChapterDefinitionSO|faction-chapter:myconid:2,faction-chapter:myconid:2,choices.0.effects.0.kind,6,V20ContentEffectKind,FactionRapport (세력 우호도),explicit-serialized
FactionChapterDefinitionSO|faction-chapter:myconid:2,faction-chapter:myconid:2,choices.0.effects.0.targetId,faction:dungeon:myconid,,,explicit-serialized
FactionChapterDefinitionSO|faction-chapter:myconid:2,faction-chapter:myconid:2,choices.0.effects.0.amount,7,,,explicit-serialized
FactionChapterDefinitionSO|faction-chapter:myconid:2,faction-chapter:myconid:2,choices.0.effects.0.durationDays,0,,,explicit-serialized
FactionChapterDefinitionSO|faction-chapter:myconid:2,faction-chapter:myconid:2,choices.0.effects.1.kind,13,V20ContentEffectKind,WorkDelayDays (작업 지연),explicit-serialized
FactionChapterDefinitionSO|faction-chapter:myconid:2,faction-chapter:myconid:2,choices.0.effects.1.targetId,faction-work:myconid:2,,,explicit-serialized
FactionChapterDefinitionSO|faction-chapter:myconid:2,faction-chapter:myconid:2,choices.0.effects.1.amount,3,,,explicit-serialized
FactionChapterDefinitionSO|faction-chapter:myconid:2,faction-chapter:myconid:2,choices.0.effects.1.durationDays,0,,,explicit-serialized
FactionChapterDefinitionSO|faction-chapter:myconid:2,faction-chapter:myconid:2,choices.1.choiceId,bargain,,,explicit-serialized
FactionChapterDefinitionSO|faction-chapter:myconid:2,faction-chapter:myconid:2,choices.1.title,절반의 비용과 의무를 협상한다,,,explicit-serialized
FactionChapterDefinitionSO|faction-chapter:myconid:2,faction-chapter:myconid:2,choices.1.outcomeText,절반의 비용과 의무를 협상한다,,,explicit-serialized
FactionChapterDefinitionSO|faction-chapter:myconid:2,faction-chapter:myconid:2,choices.1.requirements.items.0.itemDefinitionId,supply:fungicide,,,explicit-serialized
FactionChapterDefinitionSO|faction-chapter:myconid:2,faction-chapter:myconid:2,choices.1.requirements.items.0.amount,3,,,explicit-serialized
FactionChapterDefinitionSO|faction-chapter:myconid:2,faction-chapter:myconid:2,choices.1.requirements.items.0.consume,1,,,explicit-serialized
FactionChapterDefinitionSO|faction-chapter:myconid:2,faction-chapter:myconid:2,choices.1.requirements.facilities.0.buildingDefinitionId,,,,explicit-serialized
FactionChapterDefinitionSO|faction-chapter:myconid:2,faction-chapter:myconid:2,choices.1.requirements.facilities.0.capabilityId,Medical,,,explicit-serialized
FactionChapterDefinitionSO|faction-chapter:myconid:2,faction-chapter:myconid:2,choices.1.requirements.facilities.0.minimumCount,1,,,explicit-serialized
FactionChapterDefinitionSO|faction-chapter:myconid:2,faction-chapter:myconid:2,choices.1.requirements.facilities.0.mustBeOperational,1,,,explicit-serialized
FactionChapterDefinitionSO|faction-chapter:myconid:2,faction-chapter:myconid:2,choices.1.requirements.research,[],,,explicit-serialized
FactionChapterDefinitionSO|faction-chapter:myconid:2,faction-chapter:myconid:2,choices.1.requirements.characters,[],,,explicit-serialized
FactionChapterDefinitionSO|faction-chapter:myconid:2,faction-chapter:myconid:2,choices.1.requirements.factions,[],,,explicit-serialized
FactionChapterDefinitionSO|faction-chapter:myconid:2,faction-chapter:myconid:2,choices.1.requirements.worldMetrics,[],,,explicit-serialized
FactionChapterDefinitionSO|faction-chapter:myconid:2,faction-chapter:myconid:2,choices.1.requirements.requiredFlags,[],,,explicit-serialized
FactionChapterDefinitionSO|faction-chapter:myconid:2,faction-chapter:myconid:2,choices.1.requirements.excludedFlags,[],,,explicit-serialized
FactionChapterDefinitionSO|faction-chapter:myconid:2,faction-chapter:myconid:2,choices.1.effects.0.kind,6,V20ContentEffectKind,FactionRapport (세력 우호도),explicit-serialized
FactionChapterDefinitionSO|faction-chapter:myconid:2,faction-chapter:myconid:2,choices.1.effects.0.targetId,faction:dungeon:myconid,,,explicit-serialized
FactionChapterDefinitionSO|faction-chapter:myconid:2,faction-chapter:myconid:2,choices.1.effects.0.amount,3,,,explicit-serialized
FactionChapterDefinitionSO|faction-chapter:myconid:2,faction-chapter:myconid:2,choices.1.effects.0.durationDays,0,,,explicit-serialized
FactionChapterDefinitionSO|faction-chapter:myconid:2,faction-chapter:myconid:2,choices.1.effects.1.kind,8,V20ContentEffectKind,FactionObligation (세력 의무),explicit-serialized
FactionChapterDefinitionSO|faction-chapter:myconid:2,faction-chapter:myconid:2,choices.1.effects.1.targetId,faction:dungeon:myconid,,,explicit-serialized
FactionChapterDefinitionSO|faction-chapter:myconid:2,faction-chapter:myconid:2,choices.1.effects.1.amount,1,,,explicit-serialized
FactionChapterDefinitionSO|faction-chapter:myconid:2,faction-chapter:myconid:2,choices.1.effects.1.durationDays,0,,,explicit-serialized
FactionChapterDefinitionSO|faction-chapter:myconid:2,faction-chapter:myconid:2,choices.1.effects.2.kind,13,V20ContentEffectKind,WorkDelayDays (작업 지연),explicit-serialized
FactionChapterDefinitionSO|faction-chapter:myconid:2,faction-chapter:myconid:2,choices.1.effects.2.targetId,faction-work:myconid:2:bargain,,,explicit-serialized
FactionChapterDefinitionSO|faction-chapter:myconid:2,faction-chapter:myconid:2,choices.1.effects.2.amount,1,,,explicit-serialized
FactionChapterDefinitionSO|faction-chapter:myconid:2,faction-chapter:myconid:2,choices.1.effects.2.durationDays,0,,,explicit-serialized
FactionChapterDefinitionSO|faction-chapter:myconid:2,faction-chapter:myconid:2,choices.2.choiceId,refuse,,,explicit-serialized
FactionChapterDefinitionSO|faction-chapter:myconid:2,faction-chapter:myconid:2,choices.2.title,거절하고 후속 위험을 감수한다,,,explicit-serialized
FactionChapterDefinitionSO|faction-chapter:myconid:2,faction-chapter:myconid:2,choices.2.outcomeText,거절로 물자를 보존하지만 원한과 후속 위협이 남는다.,,,explicit-serialized
FactionChapterDefinitionSO|faction-chapter:myconid:2,faction-chapter:myconid:2,choices.2.requirements.items,[],,,explicit-serialized
FactionChapterDefinitionSO|faction-chapter:myconid:2,faction-chapter:myconid:2,choices.2.requirements.facilities,[],,,explicit-serialized
FactionChapterDefinitionSO|faction-chapter:myconid:2,faction-chapter:myconid:2,choices.2.requirements.research,[],,,explicit-serialized
FactionChapterDefinitionSO|faction-chapter:myconid:2,faction-chapter:myconid:2,choices.2.requirements.characters,[],,,explicit-serialized
FactionChapterDefinitionSO|faction-chapter:myconid:2,faction-chapter:myconid:2,choices.2.requirements.factions,[],,,explicit-serialized
FactionChapterDefinitionSO|faction-chapter:myconid:2,faction-chapter:myconid:2,choices.2.requirements.worldMetrics,[],,,explicit-serialized
FactionChapterDefinitionSO|faction-chapter:myconid:2,faction-chapter:myconid:2,choices.2.requirements.requiredFlags,[],,,explicit-serialized
FactionChapterDefinitionSO|faction-chapter:myconid:2,faction-chapter:myconid:2,choices.2.requirements.excludedFlags,[],,,explicit-serialized
FactionChapterDefinitionSO|faction-chapter:myconid:2,faction-chapter:myconid:2,choices.2.effects.0.kind,7,V20ContentEffectKind,FactionGrievance (세력 원한),explicit-serialized
FactionChapterDefinitionSO|faction-chapter:myconid:2,faction-chapter:myconid:2,choices.2.effects.0.targetId,faction:dungeon:myconid,,,explicit-serialized
FactionChapterDefinitionSO|faction-chapter:myconid:2,faction-chapter:myconid:2,choices.2.effects.0.amount,5,,,explicit-serialized
FactionChapterDefinitionSO|faction-chapter:myconid:2,faction-chapter:myconid:2,choices.2.effects.0.durationDays,0,,,explicit-serialized
FactionChapterDefinitionSO|faction-chapter:myconid:2,faction-chapter:myconid:2,choices.2.effects.1.kind,14,V20ContentEffectKind,Threat (위협),explicit-serialized
FactionChapterDefinitionSO|faction-chapter:myconid:2,faction-chapter:myconid:2,choices.2.effects.1.targetId,faction-followup:myconid:2,,,explicit-serialized
FactionChapterDefinitionSO|faction-chapter:myconid:2,faction-chapter:myconid:2,choices.2.effects.1.amount,1,,,explicit-serialized
FactionChapterDefinitionSO|faction-chapter:myconid:2,faction-chapter:myconid:2,choices.2.effects.1.durationDays,0,,,explicit-serialized
FactionChapterDefinitionSO|faction-chapter:myconid:3,faction-chapter:myconid:3,m_Name,chapter_myconid_3,,,explicit-serialized
FactionChapterDefinitionSO|faction-chapter:myconid:3,faction-chapter:myconid:3,stableId,faction-chapter:myconid:3,,,explicit-serialized
FactionChapterDefinitionSO|faction-chapter:myconid:3,faction-chapter:myconid:3,displayName,무리의 불길,,,explicit-serialized
FactionChapterDefinitionSO|faction-chapter:myconid:3,faction-chapter:myconid:3,description,수인 무리가 감염 포자를 막겠다며 외곽 정원을 태운다.,,,explicit-serialized
FactionChapterDefinitionSO|faction-chapter:myconid:3,faction-chapter:myconid:3,authoringRevision,1,,,explicit-serialized
FactionChapterDefinitionSO|faction-chapter:myconid:3,faction-chapter:myconid:3,sourceNote,V20 hand-authored faction/service manifest.,,,explicit-serialized
FactionChapterDefinitionSO|faction-chapter:myconid:3,faction-chapter:myconid:3,factionId,faction:dungeon:myconid,,,explicit-serialized
FactionChapterDefinitionSO|faction-chapter:myconid:3,faction-chapter:myconid:3,chapterNumber,3,,,explicit-serialized
FactionChapterDefinitionSO|faction-chapter:myconid:3,faction-chapter:myconid:3,kind,2,FactionChapterKind,Rival Conflict,explicit-serialized
FactionChapterDefinitionSO|faction-chapter:myconid:3,faction-chapter:myconid:3,crossFactionId,faction:dungeon:beastkin,,,explicit-serialized
FactionChapterDefinitionSO|faction-chapter:myconid:3,faction-chapter:myconid:3,triggerRequirements.items,[],,,explicit-serialized
FactionChapterDefinitionSO|faction-chapter:myconid:3,faction-chapter:myconid:3,triggerRequirements.facilities,[],,,explicit-serialized
FactionChapterDefinitionSO|faction-chapter:myconid:3,faction-chapter:myconid:3,triggerRequirements.research,[],,,explicit-serialized
FactionChapterDefinitionSO|faction-chapter:myconid:3,faction-chapter:myconid:3,triggerRequirements.characters,[],,,explicit-serialized
FactionChapterDefinitionSO|faction-chapter:myconid:3,faction-chapter:myconid:3,triggerRequirements.factions.0.factionId,faction:dungeon:myconid,,,explicit-serialized
FactionChapterDefinitionSO|faction-chapter:myconid:3,faction-chapter:myconid:3,triggerRequirements.factions.0.minimumRapport,-100,,,explicit-serialized
FactionChapterDefinitionSO|faction-chapter:myconid:3,faction-chapter:myconid:3,triggerRequirements.factions.0.maximumGrievance,100,,,explicit-serialized
FactionChapterDefinitionSO|faction-chapter:myconid:3,faction-chapter:myconid:3,triggerRequirements.factions.0.minimumObligationTokens,0,,,explicit-serialized
FactionChapterDefinitionSO|faction-chapter:myconid:3,faction-chapter:myconid:3,triggerRequirements.worldMetrics,[],,,explicit-serialized
FactionChapterDefinitionSO|faction-chapter:myconid:3,faction-chapter:myconid:3,triggerRequirements.requiredFlags,[],,,explicit-serialized
FactionChapterDefinitionSO|faction-chapter:myconid:3,faction-chapter:myconid:3,triggerRequirements.excludedFlags,[],,,explicit-serialized
FactionChapterDefinitionSO|faction-chapter:myconid:3,faction-chapter:myconid:3,choices.0.choiceId,support,,,explicit-serialized
FactionChapterDefinitionSO|faction-chapter:myconid:3,faction-chapter:myconid:3,choices.0.title,요구를 지원한다,,,explicit-serialized
FactionChapterDefinitionSO|faction-chapter:myconid:3,faction-chapter:myconid:3,choices.0.outcomeText,요구를 지원한다,,,explicit-serialized
FactionChapterDefinitionSO|faction-chapter:myconid:3,faction-chapter:myconid:3,choices.0.requirements.items.0.itemDefinitionId,tool:weather-observation-kit,,,explicit-serialized
FactionChapterDefinitionSO|faction-chapter:myconid:3,faction-chapter:myconid:3,choices.0.requirements.items.0.amount,6,,,explicit-serialized
FactionChapterDefinitionSO|faction-chapter:myconid:3,faction-chapter:myconid:3,choices.0.requirements.items.0.consume,1,,,explicit-serialized
FactionChapterDefinitionSO|faction-chapter:myconid:3,faction-chapter:myconid:3,choices.0.requirements.facilities.0.buildingDefinitionId,,,,explicit-serialized
FactionChapterDefinitionSO|faction-chapter:myconid:3,faction-chapter:myconid:3,choices.0.requirements.facilities.0.capabilityId,Security,,,explicit-serialized
FactionChapterDefinitionSO|faction-chapter:myconid:3,faction-chapter:myconid:3,choices.0.requirements.facilities.0.minimumCount,1,,,explicit-serialized
FactionChapterDefinitionSO|faction-chapter:myconid:3,faction-chapter:myconid:3,choices.0.requirements.facilities.0.mustBeOperational,1,,,explicit-serialized
FactionChapterDefinitionSO|faction-chapter:myconid:3,faction-chapter:myconid:3,choices.0.requirements.research,[],,,explicit-serialized
FactionChapterDefinitionSO|faction-chapter:myconid:3,faction-chapter:myconid:3,choices.0.requirements.characters,[],,,explicit-serialized
FactionChapterDefinitionSO|faction-chapter:myconid:3,faction-chapter:myconid:3,choices.0.requirements.factions,[],,,explicit-serialized
FactionChapterDefinitionSO|faction-chapter:myconid:3,faction-chapter:myconid:3,choices.0.requirements.worldMetrics,[],,,explicit-serialized
FactionChapterDefinitionSO|faction-chapter:myconid:3,faction-chapter:myconid:3,choices.0.requirements.requiredFlags,[],,,explicit-serialized
FactionChapterDefinitionSO|faction-chapter:myconid:3,faction-chapter:myconid:3,choices.0.requirements.excludedFlags,[],,,explicit-serialized
FactionChapterDefinitionSO|faction-chapter:myconid:3,faction-chapter:myconid:3,choices.0.effects.0.kind,6,V20ContentEffectKind,FactionRapport (세력 우호도),explicit-serialized
FactionChapterDefinitionSO|faction-chapter:myconid:3,faction-chapter:myconid:3,choices.0.effects.0.targetId,faction:dungeon:myconid,,,explicit-serialized
FactionChapterDefinitionSO|faction-chapter:myconid:3,faction-chapter:myconid:3,choices.0.effects.0.amount,8,,,explicit-serialized
FactionChapterDefinitionSO|faction-chapter:myconid:3,faction-chapter:myconid:3,choices.0.effects.0.durationDays,0,,,explicit-serialized
FactionChapterDefinitionSO|faction-chapter:myconid:3,faction-chapter:myconid:3,choices.0.effects.1.kind,13,V20ContentEffectKind,WorkDelayDays (작업 지연),explicit-serialized
FactionChapterDefinitionSO|faction-chapter:myconid:3,faction-chapter:myconid:3,choices.0.effects.1.targetId,faction-work:myconid:3,,,explicit-serialized
FactionChapterDefinitionSO|faction-chapter:myconid:3,faction-chapter:myconid:3,choices.0.effects.1.amount,1,,,explicit-serialized
FactionChapterDefinitionSO|faction-chapter:myconid:3,faction-chapter:myconid:3,choices.0.effects.1.durationDays,0,,,explicit-serialized
FactionChapterDefinitionSO|faction-chapter:myconid:3,faction-chapter:myconid:3,choices.0.effects.2.kind,7,V20ContentEffectKind,FactionGrievance (세력 원한),explicit-serialized
FactionChapterDefinitionSO|faction-chapter:myconid:3,faction-chapter:myconid:3,choices.0.effects.2.targetId,faction:dungeon:beastkin,,,explicit-serialized
FactionChapterDefinitionSO|faction-chapter:myconid:3,faction-chapter:myconid:3,choices.0.effects.2.amount,3,,,explicit-serialized
FactionChapterDefinitionSO|faction-chapter:myconid:3,faction-chapter:myconid:3,choices.0.effects.2.durationDays,0,,,explicit-serialized
FactionChapterDefinitionSO|faction-chapter:myconid:3,faction-chapter:myconid:3,choices.1.choiceId,bargain,,,explicit-serialized
FactionChapterDefinitionSO|faction-chapter:myconid:3,faction-chapter:myconid:3,choices.1.title,절반의 비용과 의무를 협상한다,,,explicit-serialized
FactionChapterDefinitionSO|faction-chapter:myconid:3,faction-chapter:myconid:3,choices.1.outcomeText,절반의 비용과 의무를 협상한다,,,explicit-serialized
FactionChapterDefinitionSO|faction-chapter:myconid:3,faction-chapter:myconid:3,choices.1.requirements.items.0.itemDefinitionId,tool:weather-observation-kit,,,explicit-serialized
FactionChapterDefinitionSO|faction-chapter:myconid:3,faction-chapter:myconid:3,choices.1.requirements.items.0.amount,3,,,explicit-serialized
FactionChapterDefinitionSO|faction-chapter:myconid:3,faction-chapter:myconid:3,choices.1.requirements.items.0.consume,1,,,explicit-serialized
FactionChapterDefinitionSO|faction-chapter:myconid:3,faction-chapter:myconid:3,choices.1.requirements.facilities.0.buildingDefinitionId,,,,explicit-serialized
FactionChapterDefinitionSO|faction-chapter:myconid:3,faction-chapter:myconid:3,choices.1.requirements.facilities.0.capabilityId,Security,,,explicit-serialized
FactionChapterDefinitionSO|faction-chapter:myconid:3,faction-chapter:myconid:3,choices.1.requirements.facilities.0.minimumCount,1,,,explicit-serialized
FactionChapterDefinitionSO|faction-chapter:myconid:3,faction-chapter:myconid:3,choices.1.requirements.facilities.0.mustBeOperational,1,,,explicit-serialized
FactionChapterDefinitionSO|faction-chapter:myconid:3,faction-chapter:myconid:3,choices.1.requirements.research,[],,,explicit-serialized
FactionChapterDefinitionSO|faction-chapter:myconid:3,faction-chapter:myconid:3,choices.1.requirements.characters,[],,,explicit-serialized
FactionChapterDefinitionSO|faction-chapter:myconid:3,faction-chapter:myconid:3,choices.1.requirements.factions,[],,,explicit-serialized
FactionChapterDefinitionSO|faction-chapter:myconid:3,faction-chapter:myconid:3,choices.1.requirements.worldMetrics,[],,,explicit-serialized
FactionChapterDefinitionSO|faction-chapter:myconid:3,faction-chapter:myconid:3,choices.1.requirements.requiredFlags,[],,,explicit-serialized
FactionChapterDefinitionSO|faction-chapter:myconid:3,faction-chapter:myconid:3,choices.1.requirements.excludedFlags,[],,,explicit-serialized
FactionChapterDefinitionSO|faction-chapter:myconid:3,faction-chapter:myconid:3,choices.1.effects.0.kind,6,V20ContentEffectKind,FactionRapport (세력 우호도),explicit-serialized
FactionChapterDefinitionSO|faction-chapter:myconid:3,faction-chapter:myconid:3,choices.1.effects.0.targetId,faction:dungeon:myconid,,,explicit-serialized
FactionChapterDefinitionSO|faction-chapter:myconid:3,faction-chapter:myconid:3,choices.1.effects.0.amount,3,,,explicit-serialized
FactionChapterDefinitionSO|faction-chapter:myconid:3,faction-chapter:myconid:3,choices.1.effects.0.durationDays,0,,,explicit-serialized
FactionChapterDefinitionSO|faction-chapter:myconid:3,faction-chapter:myconid:3,choices.1.effects.1.kind,8,V20ContentEffectKind,FactionObligation (세력 의무),explicit-serialized
FactionChapterDefinitionSO|faction-chapter:myconid:3,faction-chapter:myconid:3,choices.1.effects.1.targetId,faction:dungeon:myconid,,,explicit-serialized
FactionChapterDefinitionSO|faction-chapter:myconid:3,faction-chapter:myconid:3,choices.1.effects.1.amount,1,,,explicit-serialized
FactionChapterDefinitionSO|faction-chapter:myconid:3,faction-chapter:myconid:3,choices.1.effects.1.durationDays,0,,,explicit-serialized
FactionChapterDefinitionSO|faction-chapter:myconid:3,faction-chapter:myconid:3,choices.1.effects.2.kind,13,V20ContentEffectKind,WorkDelayDays (작업 지연),explicit-serialized
FactionChapterDefinitionSO|faction-chapter:myconid:3,faction-chapter:myconid:3,choices.1.effects.2.targetId,faction-work:myconid:3:bargain,,,explicit-serialized
FactionChapterDefinitionSO|faction-chapter:myconid:3,faction-chapter:myconid:3,choices.1.effects.2.amount,1,,,explicit-serialized
FactionChapterDefinitionSO|faction-chapter:myconid:3,faction-chapter:myconid:3,choices.1.effects.2.durationDays,0,,,explicit-serialized
FactionChapterDefinitionSO|faction-chapter:myconid:3,faction-chapter:myconid:3,choices.1.effects.3.kind,6,V20ContentEffectKind,FactionRapport (세력 우호도),explicit-serialized
FactionChapterDefinitionSO|faction-chapter:myconid:3,faction-chapter:myconid:3,choices.1.effects.3.targetId,faction:dungeon:beastkin,,,explicit-serialized
FactionChapterDefinitionSO|faction-chapter:myconid:3,faction-chapter:myconid:3,choices.1.effects.3.amount,1,,,explicit-serialized
FactionChapterDefinitionSO|faction-chapter:myconid:3,faction-chapter:myconid:3,choices.1.effects.3.durationDays,0,,,explicit-serialized
FactionChapterDefinitionSO|faction-chapter:myconid:3,faction-chapter:myconid:3,choices.2.choiceId,refuse,,,explicit-serialized
FactionChapterDefinitionSO|faction-chapter:myconid:3,faction-chapter:myconid:3,choices.2.title,거절하고 후속 위험을 감수한다,,,explicit-serialized
FactionChapterDefinitionSO|faction-chapter:myconid:3,faction-chapter:myconid:3,choices.2.outcomeText,거절로 물자를 보존하지만 원한과 후속 위협이 남는다.,,,explicit-serialized
FactionChapterDefinitionSO|faction-chapter:myconid:3,faction-chapter:myconid:3,choices.2.requirements.items,[],,,explicit-serialized
FactionChapterDefinitionSO|faction-chapter:myconid:3,faction-chapter:myconid:3,choices.2.requirements.facilities,[],,,explicit-serialized
FactionChapterDefinitionSO|faction-chapter:myconid:3,faction-chapter:myconid:3,choices.2.requirements.research,[],,,explicit-serialized
FactionChapterDefinitionSO|faction-chapter:myconid:3,faction-chapter:myconid:3,choices.2.requirements.characters,[],,,explicit-serialized
FactionChapterDefinitionSO|faction-chapter:myconid:3,faction-chapter:myconid:3,choices.2.requirements.factions,[],,,explicit-serialized
FactionChapterDefinitionSO|faction-chapter:myconid:3,faction-chapter:myconid:3,choices.2.requirements.worldMetrics,[],,,explicit-serialized
FactionChapterDefinitionSO|faction-chapter:myconid:3,faction-chapter:myconid:3,choices.2.requirements.requiredFlags,[],,,explicit-serialized
FactionChapterDefinitionSO|faction-chapter:myconid:3,faction-chapter:myconid:3,choices.2.requirements.excludedFlags,[],,,explicit-serialized
FactionChapterDefinitionSO|faction-chapter:myconid:3,faction-chapter:myconid:3,choices.2.effects.0.kind,7,V20ContentEffectKind,FactionGrievance (세력 원한),explicit-serialized
FactionChapterDefinitionSO|faction-chapter:myconid:3,faction-chapter:myconid:3,choices.2.effects.0.targetId,faction:dungeon:myconid,,,explicit-serialized
FactionChapterDefinitionSO|faction-chapter:myconid:3,faction-chapter:myconid:3,choices.2.effects.0.amount,6,,,explicit-serialized
FactionChapterDefinitionSO|faction-chapter:myconid:3,faction-chapter:myconid:3,choices.2.effects.0.durationDays,0,,,explicit-serialized
FactionChapterDefinitionSO|faction-chapter:myconid:3,faction-chapter:myconid:3,choices.2.effects.1.kind,14,V20ContentEffectKind,Threat (위협),explicit-serialized
FactionChapterDefinitionSO|faction-chapter:myconid:3,faction-chapter:myconid:3,choices.2.effects.1.targetId,faction-followup:myconid:3,,,explicit-serialized
FactionChapterDefinitionSO|faction-chapter:myconid:3,faction-chapter:myconid:3,choices.2.effects.1.amount,1,,,explicit-serialized
FactionChapterDefinitionSO|faction-chapter:myconid:3,faction-chapter:myconid:3,choices.2.effects.1.durationDays,0,,,explicit-serialized
FactionChapterDefinitionSO|faction-chapter:myconid:3,faction-chapter:myconid:3,choices.2.effects.2.kind,6,V20ContentEffectKind,FactionRapport (세력 우호도),explicit-serialized
FactionChapterDefinitionSO|faction-chapter:myconid:3,faction-chapter:myconid:3,choices.2.effects.2.targetId,faction:dungeon:beastkin,,,explicit-serialized
FactionChapterDefinitionSO|faction-chapter:myconid:3,faction-chapter:myconid:3,choices.2.effects.2.amount,2,,,explicit-serialized
FactionChapterDefinitionSO|faction-chapter:myconid:3,faction-chapter:myconid:3,choices.2.effects.2.durationDays,0,,,explicit-serialized
FactionChapterDefinitionSO|faction-chapter:myconid:4,faction-chapter:myconid:4,m_Name,chapter_myconid_4,,,explicit-serialized
FactionChapterDefinitionSO|faction-chapter:myconid:4,faction-chapter:myconid:4,stableId,faction-chapter:myconid:4,,,explicit-serialized
FactionChapterDefinitionSO|faction-chapter:myconid:4,faction-chapter:myconid:4,displayName,어디까지 잘라낼까,,,explicit-serialized
FactionChapterDefinitionSO|faction-chapter:myconid:4,faction-chapter:myconid:4,description,"던전은 격리 절단, 치료 배양, 기억 백업 중 방식을 정한다.",,,explicit-serialized
FactionChapterDefinitionSO|faction-chapter:myconid:4,faction-chapter:myconid:4,authoringRevision,1,,,explicit-serialized
FactionChapterDefinitionSO|faction-chapter:myconid:4,faction-chapter:myconid:4,sourceNote,V20 hand-authored faction/service manifest.,,,explicit-serialized
FactionChapterDefinitionSO|faction-chapter:myconid:4,faction-chapter:myconid:4,factionId,faction:dungeon:myconid,,,explicit-serialized
FactionChapterDefinitionSO|faction-chapter:myconid:4,faction-chapter:myconid:4,chapterNumber,4,,,explicit-serialized
FactionChapterDefinitionSO|faction-chapter:myconid:4,faction-chapter:myconid:4,kind,3,FactionChapterKind,Intervention,explicit-serialized
FactionChapterDefinitionSO|faction-chapter:myconid:4,faction-chapter:myconid:4,crossFactionId,,,,explicit-serialized
FactionChapterDefinitionSO|faction-chapter:myconid:4,faction-chapter:myconid:4,triggerRequirements.items,[],,,explicit-serialized
FactionChapterDefinitionSO|faction-chapter:myconid:4,faction-chapter:myconid:4,triggerRequirements.facilities,[],,,explicit-serialized
FactionChapterDefinitionSO|faction-chapter:myconid:4,faction-chapter:myconid:4,triggerRequirements.research,[],,,explicit-serialized
FactionChapterDefinitionSO|faction-chapter:myconid:4,faction-chapter:myconid:4,triggerRequirements.characters,[],,,explicit-serialized
FactionChapterDefinitionSO|faction-chapter:myconid:4,faction-chapter:myconid:4,triggerRequirements.factions.0.factionId,faction:dungeon:myconid,,,explicit-serialized
FactionChapterDefinitionSO|faction-chapter:myconid:4,faction-chapter:myconid:4,triggerRequirements.factions.0.minimumRapport,-100,,,explicit-serialized
FactionChapterDefinitionSO|faction-chapter:myconid:4,faction-chapter:myconid:4,triggerRequirements.factions.0.maximumGrievance,100,,,explicit-serialized
FactionChapterDefinitionSO|faction-chapter:myconid:4,faction-chapter:myconid:4,triggerRequirements.factions.0.minimumObligationTokens,0,,,explicit-serialized
FactionChapterDefinitionSO|faction-chapter:myconid:4,faction-chapter:myconid:4,triggerRequirements.worldMetrics,[],,,explicit-serialized
FactionChapterDefinitionSO|faction-chapter:myconid:4,faction-chapter:myconid:4,triggerRequirements.requiredFlags,[],,,explicit-serialized
FactionChapterDefinitionSO|faction-chapter:myconid:4,faction-chapter:myconid:4,triggerRequirements.excludedFlags,[],,,explicit-serialized
FactionChapterDefinitionSO|faction-chapter:myconid:4,faction-chapter:myconid:4,choices.0.choiceId,support,,,explicit-serialized
FactionChapterDefinitionSO|faction-chapter:myconid:4,faction-chapter:myconid:4,choices.0.title,요구를 지원한다,,,explicit-serialized
FactionChapterDefinitionSO|faction-chapter:myconid:4,faction-chapter:myconid:4,choices.0.outcomeText,요구를 지원한다,,,explicit-serialized
FactionChapterDefinitionSO|faction-chapter:myconid:4,faction-chapter:myconid:4,choices.0.requirements.items.0.itemDefinitionId,resource:cave-mushroom,,,explicit-serialized
FactionChapterDefinitionSO|faction-chapter:myconid:4,faction-chapter:myconid:4,choices.0.requirements.items.0.amount,7,,,explicit-serialized
FactionChapterDefinitionSO|faction-chapter:myconid:4,faction-chapter:myconid:4,choices.0.requirements.items.0.consume,1,,,explicit-serialized
FactionChapterDefinitionSO|faction-chapter:myconid:4,faction-chapter:myconid:4,choices.0.requirements.facilities.0.buildingDefinitionId,,,,explicit-serialized
FactionChapterDefinitionSO|faction-chapter:myconid:4,faction-chapter:myconid:4,choices.0.requirements.facilities.0.capabilityId,Administration,,,explicit-serialized
FactionChapterDefinitionSO|faction-chapter:myconid:4,faction-chapter:myconid:4,choices.0.requirements.facilities.0.minimumCount,1,,,explicit-serialized
FactionChapterDefinitionSO|faction-chapter:myconid:4,faction-chapter:myconid:4,choices.0.requirements.facilities.0.mustBeOperational,1,,,explicit-serialized
FactionChapterDefinitionSO|faction-chapter:myconid:4,faction-chapter:myconid:4,choices.0.requirements.research,[],,,explicit-serialized
FactionChapterDefinitionSO|faction-chapter:myconid:4,faction-chapter:myconid:4,choices.0.requirements.characters,[],,,explicit-serialized
FactionChapterDefinitionSO|faction-chapter:myconid:4,faction-chapter:myconid:4,choices.0.requirements.factions,[],,,explicit-serialized
FactionChapterDefinitionSO|faction-chapter:myconid:4,faction-chapter:myconid:4,choices.0.requirements.worldMetrics,[],,,explicit-serialized
FactionChapterDefinitionSO|faction-chapter:myconid:4,faction-chapter:myconid:4,choices.0.requirements.requiredFlags,[],,,explicit-serialized
FactionChapterDefinitionSO|faction-chapter:myconid:4,faction-chapter:myconid:4,choices.0.requirements.excludedFlags,[],,,explicit-serialized
FactionChapterDefinitionSO|faction-chapter:myconid:4,faction-chapter:myconid:4,choices.0.effects.0.kind,6,V20ContentEffectKind,FactionRapport (세력 우호도),explicit-serialized
FactionChapterDefinitionSO|faction-chapter:myconid:4,faction-chapter:myconid:4,choices.0.effects.0.targetId,faction:dungeon:myconid,,,explicit-serialized
FactionChapterDefinitionSO|faction-chapter:myconid:4,faction-chapter:myconid:4,choices.0.effects.0.amount,9,,,explicit-serialized
FactionChapterDefinitionSO|faction-chapter:myconid:4,faction-chapter:myconid:4,choices.0.effects.0.durationDays,0,,,explicit-serialized
FactionChapterDefinitionSO|faction-chapter:myconid:4,faction-chapter:myconid:4,choices.0.effects.1.kind,13,V20ContentEffectKind,WorkDelayDays (작업 지연),explicit-serialized
FactionChapterDefinitionSO|faction-chapter:myconid:4,faction-chapter:myconid:4,choices.0.effects.1.targetId,faction-work:myconid:4,,,explicit-serialized
FactionChapterDefinitionSO|faction-chapter:myconid:4,faction-chapter:myconid:4,choices.0.effects.1.amount,2,,,explicit-serialized
FactionChapterDefinitionSO|faction-chapter:myconid:4,faction-chapter:myconid:4,choices.0.effects.1.durationDays,0,,,explicit-serialized
FactionChapterDefinitionSO|faction-chapter:myconid:4,faction-chapter:myconid:4,choices.1.choiceId,bargain,,,explicit-serialized
FactionChapterDefinitionSO|faction-chapter:myconid:4,faction-chapter:myconid:4,choices.1.title,절반의 비용과 의무를 협상한다,,,explicit-serialized
FactionChapterDefinitionSO|faction-chapter:myconid:4,faction-chapter:myconid:4,choices.1.outcomeText,절반의 비용과 의무를 협상한다,,,explicit-serialized
FactionChapterDefinitionSO|faction-chapter:myconid:4,faction-chapter:myconid:4,choices.1.requirements.items.0.itemDefinitionId,resource:cave-mushroom,,,explicit-serialized
FactionChapterDefinitionSO|faction-chapter:myconid:4,faction-chapter:myconid:4,choices.1.requirements.items.0.amount,4,,,explicit-serialized
FactionChapterDefinitionSO|faction-chapter:myconid:4,faction-chapter:myconid:4,choices.1.requirements.items.0.consume,1,,,explicit-serialized
FactionChapterDefinitionSO|faction-chapter:myconid:4,faction-chapter:myconid:4,choices.1.requirements.facilities.0.buildingDefinitionId,,,,explicit-serialized
FactionChapterDefinitionSO|faction-chapter:myconid:4,faction-chapter:myconid:4,choices.1.requirements.facilities.0.capabilityId,Administration,,,explicit-serialized
FactionChapterDefinitionSO|faction-chapter:myconid:4,faction-chapter:myconid:4,choices.1.requirements.facilities.0.minimumCount,1,,,explicit-serialized
FactionChapterDefinitionSO|faction-chapter:myconid:4,faction-chapter:myconid:4,choices.1.requirements.facilities.0.mustBeOperational,1,,,explicit-serialized
FactionChapterDefinitionSO|faction-chapter:myconid:4,faction-chapter:myconid:4,choices.1.requirements.research,[],,,explicit-serialized
FactionChapterDefinitionSO|faction-chapter:myconid:4,faction-chapter:myconid:4,choices.1.requirements.characters,[],,,explicit-serialized
FactionChapterDefinitionSO|faction-chapter:myconid:4,faction-chapter:myconid:4,choices.1.requirements.factions,[],,,explicit-serialized
FactionChapterDefinitionSO|faction-chapter:myconid:4,faction-chapter:myconid:4,choices.1.requirements.worldMetrics,[],,,explicit-serialized
FactionChapterDefinitionSO|faction-chapter:myconid:4,faction-chapter:myconid:4,choices.1.requirements.requiredFlags,[],,,explicit-serialized
FactionChapterDefinitionSO|faction-chapter:myconid:4,faction-chapter:myconid:4,choices.1.requirements.excludedFlags,[],,,explicit-serialized
FactionChapterDefinitionSO|faction-chapter:myconid:4,faction-chapter:myconid:4,choices.1.effects.0.kind,6,V20ContentEffectKind,FactionRapport (세력 우호도),explicit-serialized
FactionChapterDefinitionSO|faction-chapter:myconid:4,faction-chapter:myconid:4,choices.1.effects.0.targetId,faction:dungeon:myconid,,,explicit-serialized
FactionChapterDefinitionSO|faction-chapter:myconid:4,faction-chapter:myconid:4,choices.1.effects.0.amount,4,,,explicit-serialized
FactionChapterDefinitionSO|faction-chapter:myconid:4,faction-chapter:myconid:4,choices.1.effects.0.durationDays,0,,,explicit-serialized
FactionChapterDefinitionSO|faction-chapter:myconid:4,faction-chapter:myconid:4,choices.1.effects.1.kind,8,V20ContentEffectKind,FactionObligation (세력 의무),explicit-serialized
FactionChapterDefinitionSO|faction-chapter:myconid:4,faction-chapter:myconid:4,choices.1.effects.1.targetId,faction:dungeon:myconid,,,explicit-serialized
FactionChapterDefinitionSO|faction-chapter:myconid:4,faction-chapter:myconid:4,choices.1.effects.1.amount,1,,,explicit-serialized
FactionChapterDefinitionSO|faction-chapter:myconid:4,faction-chapter:myconid:4,choices.1.effects.1.durationDays,0,,,explicit-serialized
FactionChapterDefinitionSO|faction-chapter:myconid:4,faction-chapter:myconid:4,choices.1.effects.2.kind,13,V20ContentEffectKind,WorkDelayDays (작업 지연),explicit-serialized
FactionChapterDefinitionSO|faction-chapter:myconid:4,faction-chapter:myconid:4,choices.1.effects.2.targetId,faction-work:myconid:4:bargain,,,explicit-serialized
FactionChapterDefinitionSO|faction-chapter:myconid:4,faction-chapter:myconid:4,choices.1.effects.2.amount,1,,,explicit-serialized
FactionChapterDefinitionSO|faction-chapter:myconid:4,faction-chapter:myconid:4,choices.1.effects.2.durationDays,0,,,explicit-serialized
FactionChapterDefinitionSO|faction-chapter:myconid:4,faction-chapter:myconid:4,choices.2.choiceId,refuse,,,explicit-serialized
FactionChapterDefinitionSO|faction-chapter:myconid:4,faction-chapter:myconid:4,choices.2.title,거절하고 후속 위험을 감수한다,,,explicit-serialized
FactionChapterDefinitionSO|faction-chapter:myconid:4,faction-chapter:myconid:4,choices.2.outcomeText,거절로 물자를 보존하지만 원한과 후속 위협이 남는다.,,,explicit-serialized
FactionChapterDefinitionSO|faction-chapter:myconid:4,faction-chapter:myconid:4,choices.2.requirements.items,[],,,explicit-serialized
FactionChapterDefinitionSO|faction-chapter:myconid:4,faction-chapter:myconid:4,choices.2.requirements.facilities,[],,,explicit-serialized
FactionChapterDefinitionSO|faction-chapter:myconid:4,faction-chapter:myconid:4,choices.2.requirements.research,[],,,explicit-serialized
FactionChapterDefinitionSO|faction-chapter:myconid:4,faction-chapter:myconid:4,choices.2.requirements.characters,[],,,explicit-serialized
FactionChapterDefinitionSO|faction-chapter:myconid:4,faction-chapter:myconid:4,choices.2.requirements.factions,[],,,explicit-serialized
FactionChapterDefinitionSO|faction-chapter:myconid:4,faction-chapter:myconid:4,choices.2.requirements.worldMetrics,[],,,explicit-serialized
FactionChapterDefinitionSO|faction-chapter:myconid:4,faction-chapter:myconid:4,choices.2.requirements.requiredFlags,[],,,explicit-serialized
FactionChapterDefinitionSO|faction-chapter:myconid:4,faction-chapter:myconid:4,choices.2.requirements.excludedFlags,[],,,explicit-serialized
FactionChapterDefinitionSO|faction-chapter:myconid:4,faction-chapter:myconid:4,choices.2.effects.0.kind,7,V20ContentEffectKind,FactionGrievance (세력 원한),explicit-serialized
FactionChapterDefinitionSO|faction-chapter:myconid:4,faction-chapter:myconid:4,choices.2.effects.0.targetId,faction:dungeon:myconid,,,explicit-serialized
FactionChapterDefinitionSO|faction-chapter:myconid:4,faction-chapter:myconid:4,choices.2.effects.0.amount,7,,,explicit-serialized
FactionChapterDefinitionSO|faction-chapter:myconid:4,faction-chapter:myconid:4,choices.2.effects.0.durationDays,0,,,explicit-serialized
FactionChapterDefinitionSO|faction-chapter:myconid:4,faction-chapter:myconid:4,choices.2.effects.1.kind,14,V20ContentEffectKind,Threat (위협),explicit-serialized
FactionChapterDefinitionSO|faction-chapter:myconid:4,faction-chapter:myconid:4,choices.2.effects.1.targetId,faction-followup:myconid:4,,,explicit-serialized
FactionChapterDefinitionSO|faction-chapter:myconid:4,faction-chapter:myconid:4,choices.2.effects.1.amount,1,,,explicit-serialized
FactionChapterDefinitionSO|faction-chapter:myconid:4,faction-chapter:myconid:4,choices.2.effects.1.durationDays,0,,,explicit-serialized
FactionChapterDefinitionSO|faction-chapter:myconid:5,faction-chapter:myconid:5,m_Name,chapter_myconid_5,,,explicit-serialized
FactionChapterDefinitionSO|faction-chapter:myconid:5,faction-chapter:myconid:5,stableId,faction-chapter:myconid:5,,,explicit-serialized
FactionChapterDefinitionSO|faction-chapter:myconid:5,faction-chapter:myconid:5,displayName,조상균의 개화,,,explicit-serialized
FactionChapterDefinitionSO|faction-chapter:myconid:5,faction-chapter:myconid:5,description,고대 조상균이 개화해 생존자의 판단을 대신하려 한다.,,,explicit-serialized
FactionChapterDefinitionSO|faction-chapter:myconid:5,faction-chapter:myconid:5,authoringRevision,1,,,explicit-serialized
FactionChapterDefinitionSO|faction-chapter:myconid:5,faction-chapter:myconid:5,sourceNote,V20 hand-authored faction/service manifest.,,,explicit-serialized
FactionChapterDefinitionSO|faction-chapter:myconid:5,faction-chapter:myconid:5,factionId,faction:dungeon:myconid,,,explicit-serialized
FactionChapterDefinitionSO|faction-chapter:myconid:5,faction-chapter:myconid:5,chapterNumber,5,,,explicit-serialized
FactionChapterDefinitionSO|faction-chapter:myconid:5,faction-chapter:myconid:5,kind,4,FactionChapterKind,Crisis Or Betrayal,explicit-serialized
FactionChapterDefinitionSO|faction-chapter:myconid:5,faction-chapter:myconid:5,crossFactionId,,,,explicit-serialized
FactionChapterDefinitionSO|faction-chapter:myconid:5,faction-chapter:myconid:5,triggerRequirements.items,[],,,explicit-serialized
FactionChapterDefinitionSO|faction-chapter:myconid:5,faction-chapter:myconid:5,triggerRequirements.facilities,[],,,explicit-serialized
FactionChapterDefinitionSO|faction-chapter:myconid:5,faction-chapter:myconid:5,triggerRequirements.research,[],,,explicit-serialized
FactionChapterDefinitionSO|faction-chapter:myconid:5,faction-chapter:myconid:5,triggerRequirements.characters,[],,,explicit-serialized
FactionChapterDefinitionSO|faction-chapter:myconid:5,faction-chapter:myconid:5,triggerRequirements.factions.0.factionId,faction:dungeon:myconid,,,explicit-serialized
FactionChapterDefinitionSO|faction-chapter:myconid:5,faction-chapter:myconid:5,triggerRequirements.factions.0.minimumRapport,-100,,,explicit-serialized
FactionChapterDefinitionSO|faction-chapter:myconid:5,faction-chapter:myconid:5,triggerRequirements.factions.0.maximumGrievance,100,,,explicit-serialized
FactionChapterDefinitionSO|faction-chapter:myconid:5,faction-chapter:myconid:5,triggerRequirements.factions.0.minimumObligationTokens,0,,,explicit-serialized
FactionChapterDefinitionSO|faction-chapter:myconid:5,faction-chapter:myconid:5,triggerRequirements.worldMetrics,[],,,explicit-serialized
FactionChapterDefinitionSO|faction-chapter:myconid:5,faction-chapter:myconid:5,triggerRequirements.requiredFlags,[],,,explicit-serialized
FactionChapterDefinitionSO|faction-chapter:myconid:5,faction-chapter:myconid:5,triggerRequirements.excludedFlags,[],,,explicit-serialized
FactionChapterDefinitionSO|faction-chapter:myconid:5,faction-chapter:myconid:5,choices.0.choiceId,support,,,explicit-serialized
FactionChapterDefinitionSO|faction-chapter:myconid:5,faction-chapter:myconid:5,choices.0.title,요구를 지원한다,,,explicit-serialized
FactionChapterDefinitionSO|faction-chapter:myconid:5,faction-chapter:myconid:5,choices.0.outcomeText,요구를 지원한다,,,explicit-serialized
FactionChapterDefinitionSO|faction-chapter:myconid:5,faction-chapter:myconid:5,choices.0.requirements.items.0.itemDefinitionId,supply:fungicide,,,explicit-serialized
FactionChapterDefinitionSO|faction-chapter:myconid:5,faction-chapter:myconid:5,choices.0.requirements.items.0.amount,8,,,explicit-serialized
FactionChapterDefinitionSO|faction-chapter:myconid:5,faction-chapter:myconid:5,choices.0.requirements.items.0.consume,1,,,explicit-serialized
FactionChapterDefinitionSO|faction-chapter:myconid:5,faction-chapter:myconid:5,choices.0.requirements.facilities.0.buildingDefinitionId,,,,explicit-serialized
FactionChapterDefinitionSO|faction-chapter:myconid:5,faction-chapter:myconid:5,choices.0.requirements.facilities.0.capabilityId,Security,,,explicit-serialized
FactionChapterDefinitionSO|faction-chapter:myconid:5,faction-chapter:myconid:5,choices.0.requirements.facilities.0.minimumCount,1,,,explicit-serialized
FactionChapterDefinitionSO|faction-chapter:myconid:5,faction-chapter:myconid:5,choices.0.requirements.facilities.0.mustBeOperational,1,,,explicit-serialized
FactionChapterDefinitionSO|faction-chapter:myconid:5,faction-chapter:myconid:5,choices.0.requirements.research,[],,,explicit-serialized
FactionChapterDefinitionSO|faction-chapter:myconid:5,faction-chapter:myconid:5,choices.0.requirements.characters,[],,,explicit-serialized
FactionChapterDefinitionSO|faction-chapter:myconid:5,faction-chapter:myconid:5,choices.0.requirements.factions,[],,,explicit-serialized
FactionChapterDefinitionSO|faction-chapter:myconid:5,faction-chapter:myconid:5,choices.0.requirements.worldMetrics,[],,,explicit-serialized
FactionChapterDefinitionSO|faction-chapter:myconid:5,faction-chapter:myconid:5,choices.0.requirements.requiredFlags,[],,,explicit-serialized
FactionChapterDefinitionSO|faction-chapter:myconid:5,faction-chapter:myconid:5,choices.0.requirements.excludedFlags,[],,,explicit-serialized
FactionChapterDefinitionSO|faction-chapter:myconid:5,faction-chapter:myconid:5,choices.0.effects.0.kind,6,V20ContentEffectKind,FactionRapport (세력 우호도),explicit-serialized
FactionChapterDefinitionSO|faction-chapter:myconid:5,faction-chapter:myconid:5,choices.0.effects.0.targetId,faction:dungeon:myconid,,,explicit-serialized
FactionChapterDefinitionSO|faction-chapter:myconid:5,faction-chapter:myconid:5,choices.0.effects.0.amount,10,,,explicit-serialized
FactionChapterDefinitionSO|faction-chapter:myconid:5,faction-chapter:myconid:5,choices.0.effects.0.durationDays,0,,,explicit-serialized
FactionChapterDefinitionSO|faction-chapter:myconid:5,faction-chapter:myconid:5,choices.0.effects.1.kind,13,V20ContentEffectKind,WorkDelayDays (작업 지연),explicit-serialized
FactionChapterDefinitionSO|faction-chapter:myconid:5,faction-chapter:myconid:5,choices.0.effects.1.targetId,faction-work:myconid:5,,,explicit-serialized
FactionChapterDefinitionSO|faction-chapter:myconid:5,faction-chapter:myconid:5,choices.0.effects.1.amount,3,,,explicit-serialized
FactionChapterDefinitionSO|faction-chapter:myconid:5,faction-chapter:myconid:5,choices.0.effects.1.durationDays,0,,,explicit-serialized
FactionChapterDefinitionSO|faction-chapter:myconid:5,faction-chapter:myconid:5,choices.1.choiceId,bargain,,,explicit-serialized
FactionChapterDefinitionSO|faction-chapter:myconid:5,faction-chapter:myconid:5,choices.1.title,절반의 비용과 의무를 협상한다,,,explicit-serialized
FactionChapterDefinitionSO|faction-chapter:myconid:5,faction-chapter:myconid:5,choices.1.outcomeText,절반의 비용과 의무를 협상한다,,,explicit-serialized
FactionChapterDefinitionSO|faction-chapter:myconid:5,faction-chapter:myconid:5,choices.1.requirements.items.0.itemDefinitionId,supply:fungicide,,,explicit-serialized
FactionChapterDefinitionSO|faction-chapter:myconid:5,faction-chapter:myconid:5,choices.1.requirements.items.0.amount,4,,,explicit-serialized
FactionChapterDefinitionSO|faction-chapter:myconid:5,faction-chapter:myconid:5,choices.1.requirements.items.0.consume,1,,,explicit-serialized
FactionChapterDefinitionSO|faction-chapter:myconid:5,faction-chapter:myconid:5,choices.1.requirements.facilities.0.buildingDefinitionId,,,,explicit-serialized
FactionChapterDefinitionSO|faction-chapter:myconid:5,faction-chapter:myconid:5,choices.1.requirements.facilities.0.capabilityId,Security,,,explicit-serialized
FactionChapterDefinitionSO|faction-chapter:myconid:5,faction-chapter:myconid:5,choices.1.requirements.facilities.0.minimumCount,1,,,explicit-serialized
FactionChapterDefinitionSO|faction-chapter:myconid:5,faction-chapter:myconid:5,choices.1.requirements.facilities.0.mustBeOperational,1,,,explicit-serialized
FactionChapterDefinitionSO|faction-chapter:myconid:5,faction-chapter:myconid:5,choices.1.requirements.research,[],,,explicit-serialized
FactionChapterDefinitionSO|faction-chapter:myconid:5,faction-chapter:myconid:5,choices.1.requirements.characters,[],,,explicit-serialized
FactionChapterDefinitionSO|faction-chapter:myconid:5,faction-chapter:myconid:5,choices.1.requirements.factions,[],,,explicit-serialized
FactionChapterDefinitionSO|faction-chapter:myconid:5,faction-chapter:myconid:5,choices.1.requirements.worldMetrics,[],,,explicit-serialized
FactionChapterDefinitionSO|faction-chapter:myconid:5,faction-chapter:myconid:5,choices.1.requirements.requiredFlags,[],,,explicit-serialized
FactionChapterDefinitionSO|faction-chapter:myconid:5,faction-chapter:myconid:5,choices.1.requirements.excludedFlags,[],,,explicit-serialized
FactionChapterDefinitionSO|faction-chapter:myconid:5,faction-chapter:myconid:5,choices.1.effects.0.kind,6,V20ContentEffectKind,FactionRapport (세력 우호도),explicit-serialized
FactionChapterDefinitionSO|faction-chapter:myconid:5,faction-chapter:myconid:5,choices.1.effects.0.targetId,faction:dungeon:myconid,,,explicit-serialized
FactionChapterDefinitionSO|faction-chapter:myconid:5,faction-chapter:myconid:5,choices.1.effects.0.amount,4,,,explicit-serialized
FactionChapterDefinitionSO|faction-chapter:myconid:5,faction-chapter:myconid:5,choices.1.effects.0.durationDays,0,,,explicit-serialized
FactionChapterDefinitionSO|faction-chapter:myconid:5,faction-chapter:myconid:5,choices.1.effects.1.kind,8,V20ContentEffectKind,FactionObligation (세력 의무),explicit-serialized
FactionChapterDefinitionSO|faction-chapter:myconid:5,faction-chapter:myconid:5,choices.1.effects.1.targetId,faction:dungeon:myconid,,,explicit-serialized
FactionChapterDefinitionSO|faction-chapter:myconid:5,faction-chapter:myconid:5,choices.1.effects.1.amount,1,,,explicit-serialized
FactionChapterDefinitionSO|faction-chapter:myconid:5,faction-chapter:myconid:5,choices.1.effects.1.durationDays,0,,,explicit-serialized
FactionChapterDefinitionSO|faction-chapter:myconid:5,faction-chapter:myconid:5,choices.1.effects.2.kind,13,V20ContentEffectKind,WorkDelayDays (작업 지연),explicit-serialized
FactionChapterDefinitionSO|faction-chapter:myconid:5,faction-chapter:myconid:5,choices.1.effects.2.targetId,faction-work:myconid:5:bargain,,,explicit-serialized
FactionChapterDefinitionSO|faction-chapter:myconid:5,faction-chapter:myconid:5,choices.1.effects.2.amount,1,,,explicit-serialized
FactionChapterDefinitionSO|faction-chapter:myconid:5,faction-chapter:myconid:5,choices.1.effects.2.durationDays,0,,,explicit-serialized
FactionChapterDefinitionSO|faction-chapter:myconid:5,faction-chapter:myconid:5,choices.2.choiceId,refuse,,,explicit-serialized
FactionChapterDefinitionSO|faction-chapter:myconid:5,faction-chapter:myconid:5,choices.2.title,거절하고 후속 위험을 감수한다,,,explicit-serialized
FactionChapterDefinitionSO|faction-chapter:myconid:5,faction-chapter:myconid:5,choices.2.outcomeText,거절로 물자를 보존하지만 원한과 후속 위협이 남는다.,,,explicit-serialized
FactionChapterDefinitionSO|faction-chapter:myconid:5,faction-chapter:myconid:5,choices.2.requirements.items,[],,,explicit-serialized
FactionChapterDefinitionSO|faction-chapter:myconid:5,faction-chapter:myconid:5,choices.2.requirements.facilities,[],,,explicit-serialized
FactionChapterDefinitionSO|faction-chapter:myconid:5,faction-chapter:myconid:5,choices.2.requirements.research,[],,,explicit-serialized
FactionChapterDefinitionSO|faction-chapter:myconid:5,faction-chapter:myconid:5,choices.2.requirements.characters,[],,,explicit-serialized
FactionChapterDefinitionSO|faction-chapter:myconid:5,faction-chapter:myconid:5,choices.2.requirements.factions,[],,,explicit-serialized
FactionChapterDefinitionSO|faction-chapter:myconid:5,faction-chapter:myconid:5,choices.2.requirements.worldMetrics,[],,,explicit-serialized
FactionChapterDefinitionSO|faction-chapter:myconid:5,faction-chapter:myconid:5,choices.2.requirements.requiredFlags,[],,,explicit-serialized
FactionChapterDefinitionSO|faction-chapter:myconid:5,faction-chapter:myconid:5,choices.2.requirements.excludedFlags,[],,,explicit-serialized
FactionChapterDefinitionSO|faction-chapter:myconid:5,faction-chapter:myconid:5,choices.2.effects.0.kind,7,V20ContentEffectKind,FactionGrievance (세력 원한),explicit-serialized
FactionChapterDefinitionSO|faction-chapter:myconid:5,faction-chapter:myconid:5,choices.2.effects.0.targetId,faction:dungeon:myconid,,,explicit-serialized
FactionChapterDefinitionSO|faction-chapter:myconid:5,faction-chapter:myconid:5,choices.2.effects.0.amount,8,,,explicit-serialized
FactionChapterDefinitionSO|faction-chapter:myconid:5,faction-chapter:myconid:5,choices.2.effects.0.durationDays,0,,,explicit-serialized
FactionChapterDefinitionSO|faction-chapter:myconid:5,faction-chapter:myconid:5,choices.2.effects.1.kind,14,V20ContentEffectKind,Threat (위협),explicit-serialized
FactionChapterDefinitionSO|faction-chapter:myconid:5,faction-chapter:myconid:5,choices.2.effects.1.targetId,faction-followup:myconid:5,,,explicit-serialized
FactionChapterDefinitionSO|faction-chapter:myconid:5,faction-chapter:myconid:5,choices.2.effects.1.amount,1,,,explicit-serialized
FactionChapterDefinitionSO|faction-chapter:myconid:5,faction-chapter:myconid:5,choices.2.effects.1.durationDays,0,,,explicit-serialized
FactionChapterDefinitionSO|faction-chapter:myconid:6,faction-chapter:myconid:6,m_Name,chapter_myconid_6,,,explicit-serialized
FactionChapterDefinitionSO|faction-chapter:myconid:6,faction-chapter:myconid:6,stableId,faction-chapter:myconid:6,,,explicit-serialized
FactionChapterDefinitionSO|faction-chapter:myconid:6,faction-chapter:myconid:6,displayName,새 정원의 경계,,,explicit-serialized
FactionChapterDefinitionSO|faction-chapter:myconid:6,faction-chapter:myconid:6,description,균사정원은 동맹·종속·결별 뒤 새 기억망 경계를 정한다.,,,explicit-serialized
FactionChapterDefinitionSO|faction-chapter:myconid:6,faction-chapter:myconid:6,authoringRevision,1,,,explicit-serialized
FactionChapterDefinitionSO|faction-chapter:myconid:6,faction-chapter:myconid:6,sourceNote,V20 hand-authored faction/service manifest.,,,explicit-serialized
FactionChapterDefinitionSO|faction-chapter:myconid:6,faction-chapter:myconid:6,factionId,faction:dungeon:myconid,,,explicit-serialized
FactionChapterDefinitionSO|faction-chapter:myconid:6,faction-chapter:myconid:6,chapterNumber,6,,,explicit-serialized
FactionChapterDefinitionSO|faction-chapter:myconid:6,faction-chapter:myconid:6,kind,5,FactionChapterKind,Resolution,explicit-serialized
FactionChapterDefinitionSO|faction-chapter:myconid:6,faction-chapter:myconid:6,crossFactionId,,,,explicit-serialized
FactionChapterDefinitionSO|faction-chapter:myconid:6,faction-chapter:myconid:6,triggerRequirements.items,[],,,explicit-serialized
FactionChapterDefinitionSO|faction-chapter:myconid:6,faction-chapter:myconid:6,triggerRequirements.facilities,[],,,explicit-serialized
FactionChapterDefinitionSO|faction-chapter:myconid:6,faction-chapter:myconid:6,triggerRequirements.research,[],,,explicit-serialized
FactionChapterDefinitionSO|faction-chapter:myconid:6,faction-chapter:myconid:6,triggerRequirements.characters,[],,,explicit-serialized
FactionChapterDefinitionSO|faction-chapter:myconid:6,faction-chapter:myconid:6,triggerRequirements.factions.0.factionId,faction:dungeon:myconid,,,explicit-serialized
FactionChapterDefinitionSO|faction-chapter:myconid:6,faction-chapter:myconid:6,triggerRequirements.factions.0.minimumRapport,-100,,,explicit-serialized
FactionChapterDefinitionSO|faction-chapter:myconid:6,faction-chapter:myconid:6,triggerRequirements.factions.0.maximumGrievance,100,,,explicit-serialized
FactionChapterDefinitionSO|faction-chapter:myconid:6,faction-chapter:myconid:6,triggerRequirements.factions.0.minimumObligationTokens,0,,,explicit-serialized
FactionChapterDefinitionSO|faction-chapter:myconid:6,faction-chapter:myconid:6,triggerRequirements.worldMetrics,[],,,explicit-serialized
FactionChapterDefinitionSO|faction-chapter:myconid:6,faction-chapter:myconid:6,triggerRequirements.requiredFlags,[],,,explicit-serialized
FactionChapterDefinitionSO|faction-chapter:myconid:6,faction-chapter:myconid:6,triggerRequirements.excludedFlags,[],,,explicit-serialized
FactionChapterDefinitionSO|faction-chapter:myconid:6,faction-chapter:myconid:6,choices.0.choiceId,support,,,explicit-serialized
FactionChapterDefinitionSO|faction-chapter:myconid:6,faction-chapter:myconid:6,choices.0.title,요구를 지원한다,,,explicit-serialized
FactionChapterDefinitionSO|faction-chapter:myconid:6,faction-chapter:myconid:6,choices.0.outcomeText,요구를 지원한다,,,explicit-serialized
FactionChapterDefinitionSO|faction-chapter:myconid:6,faction-chapter:myconid:6,choices.0.requirements.items.0.itemDefinitionId,tool:weather-observation-kit,,,explicit-serialized
FactionChapterDefinitionSO|faction-chapter:myconid:6,faction-chapter:myconid:6,choices.0.requirements.items.0.amount,9,,,explicit-serialized
FactionChapterDefinitionSO|faction-chapter:myconid:6,faction-chapter:myconid:6,choices.0.requirements.items.0.consume,1,,,explicit-serialized
FactionChapterDefinitionSO|faction-chapter:myconid:6,faction-chapter:myconid:6,choices.0.requirements.facilities.0.buildingDefinitionId,,,,explicit-serialized
FactionChapterDefinitionSO|faction-chapter:myconid:6,faction-chapter:myconid:6,choices.0.requirements.facilities.0.capabilityId,Administration,,,explicit-serialized
FactionChapterDefinitionSO|faction-chapter:myconid:6,faction-chapter:myconid:6,choices.0.requirements.facilities.0.minimumCount,1,,,explicit-serialized
FactionChapterDefinitionSO|faction-chapter:myconid:6,faction-chapter:myconid:6,choices.0.requirements.facilities.0.mustBeOperational,1,,,explicit-serialized
FactionChapterDefinitionSO|faction-chapter:myconid:6,faction-chapter:myconid:6,choices.0.requirements.research,[],,,explicit-serialized
FactionChapterDefinitionSO|faction-chapter:myconid:6,faction-chapter:myconid:6,choices.0.requirements.characters,[],,,explicit-serialized
FactionChapterDefinitionSO|faction-chapter:myconid:6,faction-chapter:myconid:6,choices.0.requirements.factions,[],,,explicit-serialized
FactionChapterDefinitionSO|faction-chapter:myconid:6,faction-chapter:myconid:6,choices.0.requirements.worldMetrics,[],,,explicit-serialized
FactionChapterDefinitionSO|faction-chapter:myconid:6,faction-chapter:myconid:6,choices.0.requirements.requiredFlags,[],,,explicit-serialized
FactionChapterDefinitionSO|faction-chapter:myconid:6,faction-chapter:myconid:6,choices.0.requirements.excludedFlags,[],,,explicit-serialized
FactionChapterDefinitionSO|faction-chapter:myconid:6,faction-chapter:myconid:6,choices.0.effects.0.kind,6,V20ContentEffectKind,FactionRapport (세력 우호도),explicit-serialized
FactionChapterDefinitionSO|faction-chapter:myconid:6,faction-chapter:myconid:6,choices.0.effects.0.targetId,faction:dungeon:myconid,,,explicit-serialized
FactionChapterDefinitionSO|faction-chapter:myconid:6,faction-chapter:myconid:6,choices.0.effects.0.amount,11,,,explicit-serialized
FactionChapterDefinitionSO|faction-chapter:myconid:6,faction-chapter:myconid:6,choices.0.effects.0.durationDays,0,,,explicit-serialized
FactionChapterDefinitionSO|faction-chapter:myconid:6,faction-chapter:myconid:6,choices.0.effects.1.kind,13,V20ContentEffectKind,WorkDelayDays (작업 지연),explicit-serialized
FactionChapterDefinitionSO|faction-chapter:myconid:6,faction-chapter:myconid:6,choices.0.effects.1.targetId,faction-work:myconid:6,,,explicit-serialized
FactionChapterDefinitionSO|faction-chapter:myconid:6,faction-chapter:myconid:6,choices.0.effects.1.amount,1,,,explicit-serialized
FactionChapterDefinitionSO|faction-chapter:myconid:6,faction-chapter:myconid:6,choices.0.effects.1.durationDays,0,,,explicit-serialized
FactionChapterDefinitionSO|faction-chapter:myconid:6,faction-chapter:myconid:6,choices.1.choiceId,bargain,,,explicit-serialized
FactionChapterDefinitionSO|faction-chapter:myconid:6,faction-chapter:myconid:6,choices.1.title,절반의 비용과 의무를 협상한다,,,explicit-serialized
FactionChapterDefinitionSO|faction-chapter:myconid:6,faction-chapter:myconid:6,choices.1.outcomeText,절반의 비용과 의무를 협상한다,,,explicit-serialized
FactionChapterDefinitionSO|faction-chapter:myconid:6,faction-chapter:myconid:6,choices.1.requirements.items.0.itemDefinitionId,tool:weather-observation-kit,,,explicit-serialized
FactionChapterDefinitionSO|faction-chapter:myconid:6,faction-chapter:myconid:6,choices.1.requirements.items.0.amount,5,,,explicit-serialized
FactionChapterDefinitionSO|faction-chapter:myconid:6,faction-chapter:myconid:6,choices.1.requirements.items.0.consume,1,,,explicit-serialized
FactionChapterDefinitionSO|faction-chapter:myconid:6,faction-chapter:myconid:6,choices.1.requirements.facilities.0.buildingDefinitionId,,,,explicit-serialized
FactionChapterDefinitionSO|faction-chapter:myconid:6,faction-chapter:myconid:6,choices.1.requirements.facilities.0.capabilityId,Administration,,,explicit-serialized
FactionChapterDefinitionSO|faction-chapter:myconid:6,faction-chapter:myconid:6,choices.1.requirements.facilities.0.minimumCount,1,,,explicit-serialized
FactionChapterDefinitionSO|faction-chapter:myconid:6,faction-chapter:myconid:6,choices.1.requirements.facilities.0.mustBeOperational,1,,,explicit-serialized
FactionChapterDefinitionSO|faction-chapter:myconid:6,faction-chapter:myconid:6,choices.1.requirements.research,[],,,explicit-serialized
FactionChapterDefinitionSO|faction-chapter:myconid:6,faction-chapter:myconid:6,choices.1.requirements.characters,[],,,explicit-serialized
FactionChapterDefinitionSO|faction-chapter:myconid:6,faction-chapter:myconid:6,choices.1.requirements.factions,[],,,explicit-serialized
FactionChapterDefinitionSO|faction-chapter:myconid:6,faction-chapter:myconid:6,choices.1.requirements.worldMetrics,[],,,explicit-serialized
FactionChapterDefinitionSO|faction-chapter:myconid:6,faction-chapter:myconid:6,choices.1.requirements.requiredFlags,[],,,explicit-serialized
FactionChapterDefinitionSO|faction-chapter:myconid:6,faction-chapter:myconid:6,choices.1.requirements.excludedFlags,[],,,explicit-serialized
FactionChapterDefinitionSO|faction-chapter:myconid:6,faction-chapter:myconid:6,choices.1.effects.0.kind,6,V20ContentEffectKind,FactionRapport (세력 우호도),explicit-serialized
FactionChapterDefinitionSO|faction-chapter:myconid:6,faction-chapter:myconid:6,choices.1.effects.0.targetId,faction:dungeon:myconid,,,explicit-serialized
FactionChapterDefinitionSO|faction-chapter:myconid:6,faction-chapter:myconid:6,choices.1.effects.0.amount,5,,,explicit-serialized
FactionChapterDefinitionSO|faction-chapter:myconid:6,faction-chapter:myconid:6,choices.1.effects.0.durationDays,0,,,explicit-serialized
FactionChapterDefinitionSO|faction-chapter:myconid:6,faction-chapter:myconid:6,choices.1.effects.1.kind,8,V20ContentEffectKind,FactionObligation (세력 의무),explicit-serialized
FactionChapterDefinitionSO|faction-chapter:myconid:6,faction-chapter:myconid:6,choices.1.effects.1.targetId,faction:dungeon:myconid,,,explicit-serialized
FactionChapterDefinitionSO|faction-chapter:myconid:6,faction-chapter:myconid:6,choices.1.effects.1.amount,1,,,explicit-serialized
FactionChapterDefinitionSO|faction-chapter:myconid:6,faction-chapter:myconid:6,choices.1.effects.1.durationDays,0,,,explicit-serialized
FactionChapterDefinitionSO|faction-chapter:myconid:6,faction-chapter:myconid:6,choices.1.effects.2.kind,13,V20ContentEffectKind,WorkDelayDays (작업 지연),explicit-serialized
FactionChapterDefinitionSO|faction-chapter:myconid:6,faction-chapter:myconid:6,choices.1.effects.2.targetId,faction-work:myconid:6:bargain,,,explicit-serialized
FactionChapterDefinitionSO|faction-chapter:myconid:6,faction-chapter:myconid:6,choices.1.effects.2.amount,1,,,explicit-serialized
FactionChapterDefinitionSO|faction-chapter:myconid:6,faction-chapter:myconid:6,choices.1.effects.2.durationDays,0,,,explicit-serialized
FactionChapterDefinitionSO|faction-chapter:myconid:6,faction-chapter:myconid:6,choices.2.choiceId,refuse,,,explicit-serialized
FactionChapterDefinitionSO|faction-chapter:myconid:6,faction-chapter:myconid:6,choices.2.title,거절하고 후속 위험을 감수한다,,,explicit-serialized
FactionChapterDefinitionSO|faction-chapter:myconid:6,faction-chapter:myconid:6,choices.2.outcomeText,거절로 물자를 보존하지만 원한과 후속 위협이 남는다.,,,explicit-serialized
FactionChapterDefinitionSO|faction-chapter:myconid:6,faction-chapter:myconid:6,choices.2.requirements.items,[],,,explicit-serialized
FactionChapterDefinitionSO|faction-chapter:myconid:6,faction-chapter:myconid:6,choices.2.requirements.facilities,[],,,explicit-serialized
FactionChapterDefinitionSO|faction-chapter:myconid:6,faction-chapter:myconid:6,choices.2.requirements.research,[],,,explicit-serialized
FactionChapterDefinitionSO|faction-chapter:myconid:6,faction-chapter:myconid:6,choices.2.requirements.characters,[],,,explicit-serialized
FactionChapterDefinitionSO|faction-chapter:myconid:6,faction-chapter:myconid:6,choices.2.requirements.factions,[],,,explicit-serialized
FactionChapterDefinitionSO|faction-chapter:myconid:6,faction-chapter:myconid:6,choices.2.requirements.worldMetrics,[],,,explicit-serialized
FactionChapterDefinitionSO|faction-chapter:myconid:6,faction-chapter:myconid:6,choices.2.requirements.requiredFlags,[],,,explicit-serialized
FactionChapterDefinitionSO|faction-chapter:myconid:6,faction-chapter:myconid:6,choices.2.requirements.excludedFlags,[],,,explicit-serialized
FactionChapterDefinitionSO|faction-chapter:myconid:6,faction-chapter:myconid:6,choices.2.effects.0.kind,7,V20ContentEffectKind,FactionGrievance (세력 원한),explicit-serialized
FactionChapterDefinitionSO|faction-chapter:myconid:6,faction-chapter:myconid:6,choices.2.effects.0.targetId,faction:dungeon:myconid,,,explicit-serialized
FactionChapterDefinitionSO|faction-chapter:myconid:6,faction-chapter:myconid:6,choices.2.effects.0.amount,9,,,explicit-serialized
FactionChapterDefinitionSO|faction-chapter:myconid:6,faction-chapter:myconid:6,choices.2.effects.0.durationDays,0,,,explicit-serialized
FactionChapterDefinitionSO|faction-chapter:myconid:6,faction-chapter:myconid:6,choices.2.effects.1.kind,14,V20ContentEffectKind,Threat (위협),explicit-serialized
FactionChapterDefinitionSO|faction-chapter:myconid:6,faction-chapter:myconid:6,choices.2.effects.1.targetId,faction-followup:myconid:6,,,explicit-serialized
FactionChapterDefinitionSO|faction-chapter:myconid:6,faction-chapter:myconid:6,choices.2.effects.1.amount,1,,,explicit-serialized
FactionChapterDefinitionSO|faction-chapter:myconid:6,faction-chapter:myconid:6,choices.2.effects.1.durationDays,0,,,explicit-serialized
