research_id,relation_direction,binding_kind,content_type,content_id,resolution_status,field_path,source_path,relation_source
research:agriculture:compost,research-to-content,unlocks-building,BuildingSO,building:1085,resolved-content,references.RefIds.0.data.buildingId,Assets/Resources/SO/Research/Projects/agriculture_compost.asset,docs_final/content-db/relations/research-effects/research-project.csv
research:agriculture:compost,content-requires-research,requires,ProductionRecipeSO,recipe:compost-animal,resolved-content,requiredResearchId,Assets/Resources/SO/Economy/Recipes/recipe_compost_animal.asset,docs_final/content-db/incoming/research-effects/research-project.csv
research:agriculture:compost,content-requires-research,requires,ProductionRecipeSO,recipe:compost-manure,resolved-content,requiredResearchId,Assets/Resources/SO/Economy/Recipes/recipe_compost_manure.asset,docs_final/content-db/incoming/research-effects/research-project.csv
research:agriculture:compost,content-requires-research,requires,ProductionRecipeSO,recipe:compost-mixed,resolved-content,requiredResearchId,Assets/Resources/SO/Economy/Recipes/recipe_compost_mixed.asset,docs_final/content-db/incoming/research-effects/research-project.csv
research:agriculture:compost,content-requires-research,requires,ProductionRecipeSO,recipe:compost-plant,resolved-content,requiredResearchId,Assets/Resources/SO/Economy/Recipes/recipe_compost_plant.asset,docs_final/content-db/incoming/research-effects/research-project.csv
research:agriculture:compost,content-requires-research,requires,ProductionRecipeSO,recipe:low-fuel-animal,resolved-content,requiredResearchId,Assets/Resources/SO/Economy/Recipes/recipe_low_fuel_animal.asset,docs_final/content-db/incoming/research-effects/research-project.csv
research:agriculture:compost,content-requires-research,requires,ProductionRecipeSO,recipe:low-fuel-plant,resolved-content,requiredResearchId,Assets/Resources/SO/Economy/Recipes/recipe_low_fuel_plant.asset,docs_final/content-db/incoming/research-effects/research-project.csv
research:agriculture:compost,content-requires-research,requires,ProductionRecipeSO,recipe:low-fuel-rot,resolved-content,requiredResearchId,Assets/Resources/SO/Economy/Recipes/recipe_low_fuel_rot.asset,docs_final/content-db/incoming/research-effects/research-project.csv
research:agriculture:compost,content-requires-research,requires,ProductionRecipeSO,recipe:supply:nitrate-fertilizer,resolved-content,requiredResearchId,Assets/Resources/SO/Economy/Recipes/ResearchOverhaul/V3R16_질산_비료.asset,docs_final/content-db/incoming/research-effects/research-project.csv
research:agriculture:compost,content-requires-research,requires,ProductionRecipeSO,source:spoilage-animal,resolved-content,requiredResearchId,Assets/Resources/SO/Economy/Recipes/source_spoilage_animal.asset,docs_final/content-db/incoming/research-effects/research-project.csv
research:agriculture:compost,content-requires-research,requires,ProductionRecipeSO,source:spoilage-mixed,resolved-content,requiredResearchId,Assets/Resources/SO/Economy/Recipes/source_spoilage_mixed.asset,docs_final/content-db/incoming/research-effects/research-project.csv
research:agriculture:compost,content-requires-research,requires,ProductionRecipeSO,source:spoilage-plant,resolved-content,requiredResearchId,Assets/Resources/SO/Economy/Recipes/source_spoilage_plant.asset,docs_final/content-db/incoming/research-effects/research-project.csv
research:agriculture:cultivar-breeding,research-to-content,unlocks-building,BuildingSO,building:8893,resolved-content,references.RefIds.0.data.buildingId,Assets/Resources/SO/Research/Projects/agriculture_cultivar_breeding.asset,docs_final/content-db/relations/research-effects/research-project.csv
research:agriculture:cultivar-breeding,content-requires-research,requires,ProductionRecipeSO,recipe:supply:certified-seed-kit,resolved-content,requiredResearchId,Assets/Resources/SO/Economy/Recipes/ResearchOverhaul/V3R85_인증_품종_종자_꾸러미.asset,docs_final/content-db/incoming/research-effects/research-project.csv
research:agriculture:field,research-to-content,unlocks-building,BuildingSO,building:1095,resolved-content,references.RefIds.0.data.buildingId,Assets/Resources/SO/Research/Projects/agriculture_field.asset,docs_final/content-db/relations/research-effects/research-project.csv
research:agriculture:field,content-requires-research,requires,CropDefinitionSO,crop:ember-root,resolved-content,requiredResearchId,Assets/Resources/SO/Economy/Crops/crop_ember_root.asset,docs_final/content-db/incoming/research-effects/research-project.csv
research:agriculture:field,content-requires-research,requires,CropDefinitionSO,crop:twilight-grain,resolved-content,requiredResearchId,Assets/Resources/SO/Economy/Crops/crop_twilight_grain.asset,docs_final/content-db/incoming/research-effects/research-project.csv
research:agriculture:gathering,research-to-content,unlocks-building,BuildingSO,building:8801,resolved-content,references.RefIds.0.data.buildingId,Assets/Resources/SO/Research/Projects/agriculture_gathering.asset,docs_final/content-db/relations/research-effects/research-project.csv
research:agriculture:gathering,content-requires-research,requires,CropDefinitionSO,crop:cave-mushroom,resolved-content,requiredResearchId,Assets/Resources/SO/Economy/Crops/crop_cave_mushroom.asset,docs_final/content-db/incoming/research-effects/research-project.csv
research:agriculture:gathering,content-requires-research,requires,ProductionRecipeSO,source:grass,resolved-content,requiredResearchId,Assets/Resources/SO/Economy/Recipes/source_grass.asset,docs_final/content-db/incoming/research-effects/research-project.csv
research:agriculture:greenhouse-horticulture,research-to-content,unlocks-building,BuildingSO,building:8854,resolved-content,references.RefIds.0.data.buildingId,Assets/Resources/SO/Research/Projects/agriculture_greenhouse_horticulture.asset,docs_final/content-db/relations/research-effects/research-project.csv
research:agriculture:greenhouse-horticulture,content-requires-research,requires,ProductionRecipeSO,recipe:supply:greenhouse-nutrient,resolved-content,requiredResearchId,Assets/Resources/SO/Economy/Recipes/ResearchOverhaul/V3R86_온실_영양액.asset,docs_final/content-db/incoming/research-effects/research-project.csv
research:agriculture:indoor,research-to-content,unlocks-building,BuildingSO,building:1096,resolved-content,references.RefIds.0.data.buildingId,Assets/Resources/SO/Research/Projects/agriculture_indoor.asset,docs_final/content-db/relations/research-effects/research-project.csv
research:agriculture:indoor,research-to-content,unlocks-building,BuildingSO,building:1627,resolved-content,references.RefIds.1.data.buildingId,Assets/Resources/SO/Research/Projects/agriculture_indoor.asset,docs_final/content-db/relations/research-effects/research-project.csv
research:agriculture:irrigation,research-to-content,unlocks-building,BuildingSO,building:8802,resolved-content,references.RefIds.0.data.buildingId,Assets/Resources/SO/Research/Projects/agriculture_irrigation.asset,docs_final/content-db/relations/research-effects/research-project.csv
research:agriculture:irrigation,content-requires-research,requires,CropDefinitionSO,crop:night-grape,resolved-content,requiredResearchId,Assets/Resources/SO/Economy/Crops/crop_night_grape.asset,docs_final/content-db/incoming/research-effects/research-project.csv
research:agriculture:irrigation,content-requires-research,requires,ProductionRecipeSO,recipe:resource:clean-water,resolved-content,requiredResearchId,Assets/Resources/SO/Economy/Recipes/ResearchOverhaul/V3R01_깨끗한_물.asset,docs_final/content-db/incoming/research-effects/research-project.csv
research:agriculture:phenology,research-to-content,unlocks-building,BuildingSO,building:8850,resolved-content,references.RefIds.0.data.buildingId,Assets/Resources/SO/Research/Projects/agriculture_phenology.asset,docs_final/content-db/relations/research-effects/research-project.csv
research:agriculture:phenology,research-to-content,unlocks-building,BuildingSO,building:8890,resolved-content,references.RefIds.1.data.buildingId,Assets/Resources/SO/Research/Projects/agriculture_phenology.asset,docs_final/content-db/relations/research-effects/research-project.csv
research:agriculture:soil-cycles,research-to-content,unlocks-building,BuildingSO,building:8852,resolved-content,references.RefIds.2.data.buildingId,Assets/Resources/SO/Research/Projects/agriculture_soil_cycles.asset,docs_final/content-db/relations/research-effects/research-project.csv
research:agriculture:soil-cycles,research-to-content,unlocks-building,BuildingSO,building:8891,resolved-content,references.RefIds.1.data.buildingId,Assets/Resources/SO/Research/Projects/agriculture_soil_cycles.asset,docs_final/content-db/relations/research-effects/research-project.csv
research:agriculture:soil-cycles,research-to-content,unlocks-building,BuildingSO,building:8892,resolved-content,references.RefIds.0.data.buildingId,Assets/Resources/SO/Research/Projects/agriculture_soil_cycles.asset,docs_final/content-db/relations/research-effects/research-project.csv
research:agriculture:soil-cycles,content-requires-research,requires,ProductionRecipeSO,recipe:supply:botanical-pesticide,resolved-content,requiredResearchId,Assets/Resources/SO/Economy/Recipes/ResearchOverhaul/V3R57_식물성_살충제.asset,docs_final/content-db/incoming/research-effects/research-project.csv
research:agriculture:soil-cycles,content-requires-research,requires,ProductionRecipeSO,recipe:supply:fungicide,resolved-content,requiredResearchId,Assets/Resources/SO/Economy/Recipes/ResearchOverhaul/V3R58_살균제.asset,docs_final/content-db/incoming/research-effects/research-project.csv
research:agriculture:soil-cycles,content-requires-research,requires,ProductionRecipeSO,recipe:supply:pest-lure,resolved-content,requiredResearchId,Assets/Resources/SO/Economy/Recipes/ResearchOverhaul/V3R56_해충_유인제.asset,docs_final/content-db/incoming/research-effects/research-project.csv
research:agriculture:subterranean,research-to-content,unlocks-building,BuildingSO,building:8803,resolved-content,references.RefIds.0.data.buildingId,Assets/Resources/SO/Research/Projects/agriculture_subterranean.asset,docs_final/content-db/relations/research-effects/research-project.csv
research:agriculture:subterranean,content-requires-research,requires,ProductionRecipeSO,recipe:supply:mushroom-substrate,resolved-content,requiredResearchId,Assets/Resources/SO/Economy/Recipes/ResearchOverhaul/V3R53_균사_재배_배지.asset,docs_final/content-db/incoming/research-effects/research-project.csv
research:arcane:advanced,research-to-content,unlocks-building,BuildingSO,building:1056,resolved-content,references.RefIds.0.data.buildingId,Assets/Resources/SO/Research/Projects/arcane_advanced.asset,docs_final/content-db/relations/research-effects/research-project.csv
research:arcane:advanced,content-requires-research,references,FacilityBlueprintSO,facility-blueprint:6104,resolved-content,targetResearchProjectId,Assets/Resources/SO/Blueprint/P1/BP_ArcaneBasics.asset,docs_final/content-db/incoming/research-effects/research-project.csv
research:arcane:advanced,content-requires-research,requires,ProductionRecipeSO,recipe:arrow-rune,resolved-content,requiredResearchId,Assets/Resources/SO/Economy/Recipes/recipe_arrow_rune.asset,docs_final/content-db/incoming/research-effects/research-project.csv
research:arcane:advanced,content-requires-research,requires,ProductionRecipeSO,recipe:bolt-rune,resolved-content,requiredResearchId,Assets/Resources/SO/Economy/Recipes/recipe_bolt_rune.asset,docs_final/content-db/incoming/research-effects/research-project.csv
research:arcane:alchemy,research-to-content,unlocks-building,BuildingSO,building:1091,resolved-content,references.RefIds.0.data.buildingId,Assets/Resources/SO/Research/Projects/arcane_alchemy.asset,docs_final/content-db/relations/research-effects/research-project.csv
research:arcane:alchemy,research-to-content,unlocks-building,BuildingSO,building:1625,resolved-content,references.RefIds.1.data.buildingId,Assets/Resources/SO/Research/Projects/arcane_alchemy.asset,docs_final/content-db/relations/research-effects/research-project.csv
research:arcane:alchemy,content-requires-research,requires,ProductionRecipeSO,recipe:craft:toxic-trap-coating,resolved-content,requiredResearchId,Assets/Resources/SO/Economy/Recipes/ResearchOverhaul/V3R50_독성_함정_도포제.asset,docs_final/content-db/incoming/research-effects/research-project.csv
research:arcane:alchemy,content-requires-research,requires,ProductionRecipeSO,recipe:fang-poison,resolved-content,requiredResearchId,Assets/Resources/SO/Economy/Recipes/recipe_fang_poison.asset,docs_final/content-db/incoming/research-effects/research-project.csv
research:arcane:alchemy,content-requires-research,requires,ProductionRecipeSO,recipe:rot-toxin,resolved-content,requiredResearchId,Assets/Resources/SO/Economy/Recipes/recipe_rot_toxin.asset,docs_final/content-db/incoming/research-effects/research-project.csv
research:arcane:records,research-to-content,unlocks-building,BuildingSO,building:1032,resolved-content,references.RefIds.0.data.buildingId,Assets/Resources/SO/Research/Projects/arcane_records.asset,docs_final/content-db/relations/research-effects/research-project.csv
research:arcane:records,content-requires-research,requires,ProductionRecipeSO,recipe:record:arcane-index,resolved-content,requiredResearchId,Assets/Resources/SO/Economy/Recipes/ResearchOverhaul/V3R91_비전_색인철.asset,docs_final/content-db/incoming/research-effects/research-project.csv
research:arcane:resonance,research-to-content,unlocks-building,BuildingSO,building:8897,resolved-content,references.RefIds.1.data.buildingId,Assets/Resources/SO/Research/Projects/arcane_resonance.asset,docs_final/content-db/relations/research-effects/research-project.csv
research:arcane:resonance,content-requires-research,references,FacilityBlueprintSO,facility-blueprint:6193,resolved-content,targetResearchProjectId,Assets/Resources/SO/Blueprint/P1/BP_StormFireTrap.asset,docs_final/content-db/incoming/research-effects/research-project.csv
research:arcane:resonance,research-to-content,unlocks-recipe,FacilitySynthesisRecipeSO,recipe_arcane_ritual_2,resolved-content,references.RefIds.0.data.recipeId,Assets/Resources/SO/Research/Projects/arcane_resonance.asset,docs_final/content-db/relations/research-effects/research-project.csv
research:authority:office,research-to-content,unlocks-building,BuildingSO,building:1026,resolved-content,references.RefIds.0.data.buildingId,Assets/Resources/SO/Research/Projects/authority_office.asset,docs_final/content-db/relations/research-effects/research-project.csv
research:authority:office,content-requires-research,requires,ProductionRecipeSO,recipe:tool:administrative-seal,resolved-content,requiredResearchId,Assets/Resources/SO/Economy/Recipes/ResearchOverhaul/V3R92_행정_인장.asset,docs_final/content-db/incoming/research-effects/research-project.csv
research:authority:prestige,research-to-content,unlocks-building,BuildingSO,building:8804,resolved-content,references.RefIds.0.data.buildingId,Assets/Resources/SO/Research/Projects/authority_prestige.asset,docs_final/content-db/relations/research-effects/research-project.csv
research:authority:prestige,content-requires-research,requires,ProductionRecipeSO,recipe:bone-charm,resolved-content,requiredResearchId,Assets/Resources/SO/Economy/Recipes/recipe_bone_charm.asset,docs_final/content-db/incoming/research-effects/research-project.csv
research:authority:quarters,research-to-content,unlocks-building,BuildingSO,building:1029,resolved-content,references.RefIds.0.data.buildingId,Assets/Resources/SO/Research/Projects/authority_quarters.asset,docs_final/content-db/relations/research-effects/research-project.csv
research:authority:ritual,research-to-content,unlocks-building,BuildingSO,building:8805,resolved-content,references.RefIds.0.data.buildingId,Assets/Resources/SO/Research/Projects/authority_ritual.asset,docs_final/content-db/relations/research-effects/research-project.csv
research:authority:ritual,content-requires-research,requires,ProductionRecipeSO,recipe:candle,resolved-content,requiredResearchId,Assets/Resources/SO/Economy/Recipes/recipe_candle.asset,docs_final/content-db/incoming/research-effects/research-project.csv
research:authority:ritual,content-requires-research,requires,ProductionRecipeSO,recipe:craft:dreamweave-ritual-banner,resolved-content,requiredResearchId,Assets/Resources/SO/Economy/Recipes/ResearchOverhaul/V3R47_몽직물_의식_장식.asset,docs_final/content-db/incoming/research-effects/research-project.csv
research:bath-business,research-to-content,unlocks-building,BuildingSO,building:1701,resolved-content,references.RefIds.0.data.buildingId,Assets/Resources/SO/Research/Projects/bath_business.asset,docs_final/content-db/relations/research-effects/research-project.csv
research:bath-business,research-to-content,unlocks-building,BuildingSO,building:1710,resolved-content,references.RefIds.1.data.buildingId,Assets/Resources/SO/Research/Projects/bath_business.asset,docs_final/content-db/relations/research-effects/research-project.csv
research:climate:environment-control,research-to-content,unlocks-building,BuildingSO,building:8856,resolved-content,references.RefIds.0.data.buildingId,Assets/Resources/SO/Research/Projects/climate_environment_control.asset,docs_final/content-db/relations/research-effects/research-project.csv
research:climate:environment-control,content-requires-research,requires,ProductionRecipeSO,recipe:component:climate-control-manifold,resolved-content,requiredResearchId,Assets/Resources/SO/Economy/Recipes/ResearchOverhaul/V3R87_기후_제어_매니폴드.asset,docs_final/content-db/incoming/research-effects/research-project.csv
research:climate:regional-climatology,research-to-content,unlocks-building,BuildingSO,building:8888,resolved-content,references.RefIds.1.data.buildingId,Assets/Resources/SO/Research/Projects/climate_regional_climatology.asset,docs_final/content-db/relations/research-effects/research-project.csv
research:climate:regional-climatology,research-to-content,unlocks-building,BuildingSO,building:8889,resolved-content,references.RefIds.0.data.buildingId,Assets/Resources/SO/Research/Projects/climate_regional_climatology.asset,docs_final/content-db/relations/research-effects/research-project.csv
research:climate:weather-observation,research-to-content,unlocks-building,BuildingSO,building:8851,resolved-content,references.RefIds.0.data.buildingId,Assets/Resources/SO/Research/Projects/climate_weather_observation.asset,docs_final/content-db/relations/research-effects/research-project.csv
research:climate:weather-observation,content-requires-research,requires,ProductionRecipeSO,recipe:tool:weather-observation-kit,resolved-content,requiredResearchId,Assets/Resources/SO/Economy/Recipes/ResearchOverhaul/V3R88_기상_관측_도구함.asset,docs_final/content-db/incoming/research-effects/research-project.csv
research:commerce:expansion,research-to-content,unlocks-building,BuildingSO,building:1005,resolved-content,references.RefIds.0.data.buildingId,Assets/Resources/SO/Research/Projects/commerce_expansion.asset,docs_final/content-db/relations/research-effects/research-project.csv
research:commerce:expansion,research-to-content,unlocks-building,BuildingSO,building:1007,resolved-content,references.RefIds.1.data.buildingId,Assets/Resources/SO/Research/Projects/commerce_expansion.asset,docs_final/content-db/relations/research-effects/research-project.csv
research:commerce:expansion,research-to-content,unlocks-building,BuildingSO,building:1010,resolved-content,references.RefIds.2.data.buildingId,Assets/Resources/SO/Research/Projects/commerce_expansion.asset,docs_final/content-db/relations/research-effects/research-project.csv
research:commerce:expansion,research-to-content,unlocks-building,BuildingSO,building:1011,resolved-content,references.RefIds.3.data.buildingId,Assets/Resources/SO/Research/Projects/commerce_expansion.asset,docs_final/content-db/relations/research-effects/research-project.csv
research:commerce:expansion,research-to-content,unlocks-building,BuildingSO,building:1019,resolved-content,references.RefIds.4.data.buildingId,Assets/Resources/SO/Research/Projects/commerce_expansion.asset,docs_final/content-db/relations/research-effects/research-project.csv
research:commerce:expansion,content-requires-research,references,FacilityBlueprintSO,facility-blueprint:6101,resolved-content,targetResearchProjectId,Assets/Resources/SO/Blueprint/P1/BP_CommercialBasics.asset,docs_final/content-db/incoming/research-effects/research-project.csv
research:commerce:logistics,content-requires-research,requires,ApparelDefinitionSO,apparel:23023,resolved-content,requiredResearchId,Assets/Resources/SO/Apparel/Definitions/apparel_hauling_harness.asset,docs_final/content-db/incoming/research-effects/research-project.csv
research:commerce:logistics,research-to-content,unlocks-building,BuildingSO,building:8806,resolved-content,references.RefIds.0.data.buildingId,Assets/Resources/SO/Research/Projects/commerce_logistics.asset,docs_final/content-db/relations/research-effects/research-project.csv
research:commerce:logistics,content-requires-research,requires,EnvironmentalWorkwearSO,workwear:hauling-harness,resolved-content,requiredResearchId,Assets/Resources/SO/Environment/Workwear/HaulingHarness.asset,docs_final/content-db/incoming/research-effects/research-project.csv
research:commerce:logistics,content-requires-research,requires,ProductionRecipeSO,recipe:tool:hauling-harness,resolved-content,requiredResearchId,Assets/Resources/SO/Economy/Recipes/ResearchOverhaul/V3R97_운반_멜빵.asset,docs_final/content-db/incoming/research-effects/research-project.csv
research:commerce:logistics,content-requires-research,requires,ProductionRecipeSO,recipe:v22:apparel:hauling-harness,resolved-content,requiredResearchId,Assets/Resources/SO/Economy/Recipes/V22Apparel/recipe_v22_apparel_hauling_harness.asset,docs_final/content-db/incoming/research-effects/research-project.csv
research:commerce:logistics,research-to-content,unlocks-recipe,ProductionRecipeSO,recipe:v22:apparel:hauling-harness,resolved-content,references.RefIds.1.data.recipeId,Assets/Resources/SO/Research/Projects/commerce_logistics.asset,docs_final/content-db/relations/research-effects/research-project.csv
research:commerce:retail,research-to-content,unlocks-building,BuildingSO,building:8807,resolved-content,references.RefIds.0.data.buildingId,Assets/Resources/SO/Research/Projects/commerce_retail.asset,docs_final/content-db/relations/research-effects/research-project.csv
research:commerce:retail,content-requires-research,requires,ProductionRecipeSO,recipe:component:price-board,resolved-content,requiredResearchId,Assets/Resources/SO/Economy/Recipes/ResearchOverhaul/V3R98_가격표_게시판.asset,docs_final/content-db/incoming/research-effects/research-project.csv
research:commerce:secure-trade,research-to-content,unlocks-building,BuildingSO,building:8898,resolved-content,references.RefIds.1.data.buildingId,Assets/Resources/SO/Research/Projects/commerce_secure_trade.asset,docs_final/content-db/relations/research-effects/research-project.csv
research:commerce:secure-trade,content-requires-research,references,FacilityBlueprintSO,facility-blueprint:6191,resolved-content,targetResearchProjectId,Assets/Resources/SO/Blueprint/P1/BP_BattleDining.asset,docs_final/content-db/incoming/research-effects/research-project.csv
research:commerce:secure-trade,research-to-content,unlocks-recipe,FacilitySynthesisRecipeSO,recipe_commerce_secure_display_2,resolved-content,references.RefIds.0.data.recipeId,Assets/Resources/SO/Research/Projects/commerce_secure_trade.asset,docs_final/content-db/relations/research-effects/research-project.csv
research:control:blood-show,research-to-content,unlocks-building,BuildingSO,building:8808,resolved-content,references.RefIds.0.data.buildingId,Assets/Resources/SO/Research/Projects/control_blood_show.asset,docs_final/content-db/relations/research-effects/research-project.csv
research:control:blood-show,content-requires-research,requires,ProductionRecipeSO,recipe:ritual-reagent,resolved-content,requiredResearchId,Assets/Resources/SO/Economy/Recipes/recipe_ritual_reagent.asset,docs_final/content-db/incoming/research-effects/research-project.csv
research:control:blood-show,content-requires-research,requires,ProductionRecipeSO,source:spoilage-forbidden,resolved-content,requiredResearchId,Assets/Resources/SO/Economy/Recipes/source_spoilage_forbidden.asset,docs_final/content-db/incoming/research-effects/research-project.csv
research:control:labor,research-to-content,unlocks-building,BuildingSO,building:8809,resolved-content,references.RefIds.0.data.buildingId,Assets/Resources/SO/Research/Projects/control_labor.asset,docs_final/content-db/relations/research-effects/research-project.csv
research:control:labor,content-requires-research,requires,ProductionRecipeSO,recipe:tool:prisoner-work-kit,resolved-content,requiredResearchId,Assets/Resources/SO/Economy/Recipes/ResearchOverhaul/V3R99_포로_작업_도구.asset,docs_final/content-db/incoming/research-effects/research-project.csv
research:control:restraints,research-to-content,unlocks-building,BuildingSO,building:8810,resolved-content,references.RefIds.0.data.buildingId,Assets/Resources/SO/Research/Projects/control_restraints.asset,docs_final/content-db/relations/research-effects/research-project.csv
research:control:restraints,content-requires-research,requires,ProductionRecipeSO,recipe:tool:reinforced-restraint,resolved-content,requiredResearchId,Assets/Resources/SO/Economy/Recipes/ResearchOverhaul/V3R100_강화_구속구.asset,docs_final/content-db/incoming/research-effects/research-project.csv
research:control:show,research-to-content,unlocks-building,BuildingSO,building:8811,resolved-content,references.RefIds.0.data.buildingId,Assets/Resources/SO/Research/Projects/control_show.asset,docs_final/content-db/relations/research-effects/research-project.csv
research:control:show,content-requires-research,requires,ProductionRecipeSO,recipe:supply:performance-prop-box,resolved-content,requiredResearchId,Assets/Resources/SO/Economy/Recipes/ResearchOverhaul/V3R101_공연_소품_상자.asset,docs_final/content-db/incoming/research-effects/research-project.csv
research:cuisine:baking,research-to-content,unlocks-building,BuildingSO,building:1608,resolved-content,references.RefIds.0.data.buildingId,Assets/Resources/SO/Research/Projects/cuisine_baking.asset,docs_final/content-db/relations/research-effects/research-project.csv
research:cuisine:baking,content-requires-research,requires,ProductionRecipeSO,recipe:dough,resolved-content,requiredResearchId,Assets/Resources/SO/Economy/Recipes/Workshop/recipe_dough.asset,docs_final/content-db/incoming/research-effects/research-project.csv
research:cuisine:baking,content-requires-research,requires,ProductionRecipeSO,recipe:meat-pie,resolved-content,requiredResearchId,Assets/Resources/SO/Economy/Recipes/recipe_meat_pie.asset,docs_final/content-db/incoming/research-effects/research-project.csv
research:cuisine:baking,content-requires-research,requires,ProductionRecipeSO,recipe:vegetable-pie,resolved-content,requiredResearchId,Assets/Resources/SO/Economy/Recipes/Workshop/recipe_vegetable_pie.asset,docs_final/content-db/incoming/research-effects/research-project.csv
research:cuisine:controlled-fermentation,research-to-content,unlocks-building,BuildingSO,building:1603,resolved-content,references.RefIds.0.data.buildingId,Assets/Resources/SO/Research/Projects/cuisine_controlled_fermentation.asset,docs_final/content-db/relations/research-effects/research-project.csv
research:cuisine:controlled-fermentation,research-to-content,unlocks-building,BuildingSO,building:1605,resolved-content,references.RefIds.1.data.buildingId,Assets/Resources/SO/Research/Projects/cuisine_controlled_fermentation.asset,docs_final/content-db/relations/research-effects/research-project.csv
research:cuisine:crops,research-to-content,unlocks-building,BuildingSO,building:1087,resolved-content,references.RefIds.1.data.buildingId,Assets/Resources/SO/Research/Projects/cuisine_crops.asset,docs_final/content-db/relations/research-effects/research-project.csv
research:cuisine:crops,research-to-content,unlocks-building,BuildingSO,building:1607,resolved-content,references.RefIds.0.data.buildingId,Assets/Resources/SO/Research/Projects/cuisine_crops.asset,docs_final/content-db/relations/research-effects/research-project.csv
research:cuisine:crops,content-requires-research,requires,ProductionRecipeSO,recipe:grain-porridge,resolved-content,requiredResearchId,Assets/Resources/SO/Economy/Recipes/recipe_grain_porridge.asset,docs_final/content-db/incoming/research-effects/research-project.csv
research:cuisine:crops,content-requires-research,requires,ProductionRecipeSO,recipe:malt-porridge,resolved-content,requiredResearchId,Assets/Resources/SO/Economy/Recipes/Workshop/recipe_malt_porridge.asset,docs_final/content-db/incoming/research-effects/research-project.csv
research:cuisine:crops,content-requires-research,requires,ProductionRecipeSO,recipe:mushroom-soup,resolved-content,requiredResearchId,Assets/Resources/SO/Economy/Recipes/recipe_mushroom_soup.asset,docs_final/content-db/incoming/research-effects/research-project.csv
research:cuisine:crops,content-requires-research,requires,ProductionRecipeSO,recipe:root-stew,resolved-content,requiredResearchId,Assets/Resources/SO/Economy/Recipes/recipe_root_stew.asset,docs_final/content-db/incoming/research-effects/research-project.csv
research:cuisine:distilling-aging,research-to-content,unlocks-building,BuildingSO,building:1606,resolved-content,references.RefIds.0.data.buildingId,Assets/Resources/SO/Research/Projects/cuisine_distilling_aging.asset,docs_final/content-db/relations/research-effects/research-project.csv
research:cuisine:distilling-aging,content-requires-research,requires,ProductionRecipeSO,recipe:alcohol,resolved-content,requiredResearchId,Assets/Resources/SO/Economy/Recipes/recipe_alcohol.asset,docs_final/content-db/incoming/research-effects/research-project.csv
research:cuisine:distilling-aging,content-requires-research,requires,ProductionRecipeSO,recipe:night-spirit,resolved-content,requiredResearchId,Assets/Resources/SO/Economy/Recipes/Workshop/recipe_night_spirit.asset,docs_final/content-db/incoming/research-effects/research-project.csv
research:cuisine:fermentation,research-to-content,unlocks-building,BuildingSO,building:1074,resolved-content,references.RefIds.0.data.buildingId,Assets/Resources/SO/Research/Projects/cuisine_fermentation.asset,docs_final/content-db/relations/research-effects/research-project.csv
research:cuisine:fermentation,research-to-content,unlocks-building,BuildingSO,building:1601,resolved-content,references.RefIds.1.data.buildingId,Assets/Resources/SO/Research/Projects/cuisine_fermentation.asset,docs_final/content-db/relations/research-effects/research-project.csv
research:cuisine:fermentation,research-to-content,unlocks-building,BuildingSO,building:1602,resolved-content,references.RefIds.2.data.buildingId,Assets/Resources/SO/Research/Projects/cuisine_fermentation.asset,docs_final/content-db/relations/research-effects/research-project.csv
research:cuisine:fermentation,research-to-content,unlocks-building,BuildingSO,building:1604,resolved-content,references.RefIds.3.data.buildingId,Assets/Resources/SO/Research/Projects/cuisine_fermentation.asset,docs_final/content-db/relations/research-effects/research-project.csv
research:cuisine:fermentation,content-requires-research,requires,ProductionRecipeSO,recipe:fermented-liquor,resolved-content,requiredResearchId,Assets/Resources/SO/Economy/Recipes/Workshop/recipe_fermented_liquor.asset,docs_final/content-db/incoming/research-effects/research-project.csv
research:cuisine:fermentation,content-requires-research,requires,ProductionRecipeSO,recipe:fermented-vinegar,resolved-content,requiredResearchId,Assets/Resources/SO/Economy/Recipes/Workshop/recipe_fermented_vinegar.asset,docs_final/content-db/incoming/research-effects/research-project.csv
research:cuisine:fermentation,content-requires-research,requires,ProductionRecipeSO,recipe:grape-juice,resolved-content,requiredResearchId,Assets/Resources/SO/Economy/Recipes/Workshop/recipe_grape_juice.asset,docs_final/content-db/incoming/research-effects/research-project.csv
research:cuisine:fermentation,content-requires-research,requires,ProductionRecipeSO,recipe:grape-syrup,resolved-content,requiredResearchId,Assets/Resources/SO/Economy/Recipes/Workshop/recipe_grape_syrup.asset,docs_final/content-db/incoming/research-effects/research-project.csv
research:cuisine:fermentation,content-requires-research,requires,ProductionRecipeSO,recipe:night-wine,resolved-content,requiredResearchId,Assets/Resources/SO/Economy/Recipes/recipe_night_wine.asset,docs_final/content-db/incoming/research-effects/research-project.csv
research:cuisine:fermentation,content-requires-research,requires,ProductionRecipeSO,recipe:syrup,resolved-content,requiredResearchId,Assets/Resources/SO/Economy/Recipes/recipe_syrup.asset,docs_final/content-db/incoming/research-effects/research-project.csv
research:cuisine:fermentation,content-requires-research,requires,ProductionRecipeSO,recipe:twilight-beer,resolved-content,requiredResearchId,Assets/Resources/SO/Economy/Recipes/Workshop/recipe_twilight_beer.asset,docs_final/content-db/incoming/research-effects/research-project.csv
research:cuisine:fermentation,content-requires-research,requires,ProductionRecipeSO,recipe:young-wine,resolved-content,requiredResearchId,Assets/Resources/SO/Economy/Recipes/Workshop/recipe_young_wine.asset,docs_final/content-db/incoming/research-effects/research-project.csv
research:cuisine:kitchen-hygiene,research-to-content,unlocks-building,BuildingSO,building:1610,resolved-content,references.RefIds.0.data.buildingId,Assets/Resources/SO/Research/Projects/cuisine_kitchen_hygiene.asset,docs_final/content-db/relations/research-effects/research-project.csv
research:cuisine:kitchen-hygiene,research-to-content,unlocks-building,BuildingSO,building:1611,resolved-content,references.RefIds.1.data.buildingId,Assets/Resources/SO/Research/Projects/cuisine_kitchen_hygiene.asset,docs_final/content-db/relations/research-effects/research-project.csv
research:cuisine:kitchen-hygiene,research-to-content,unlocks-building,BuildingSO,building:1612,resolved-content,references.RefIds.2.data.buildingId,Assets/Resources/SO/Research/Projects/cuisine_kitchen_hygiene.asset,docs_final/content-db/relations/research-effects/research-project.csv
research:cuisine:kitchen-hygiene,content-requires-research,requires,ProductionRecipeSO,recipe:seasoned-filling,resolved-content,requiredResearchId,Assets/Resources/SO/Economy/Recipes/Workshop/recipe_seasoned_filling.asset,docs_final/content-db/incoming/research-effects/research-project.csv
research:cuisine:kitchen-hygiene,content-requires-research,requires,ProductionRecipeSO,recipe:stuffed-mushroom,resolved-content,requiredResearchId,Assets/Resources/SO/Economy/Recipes/Workshop/recipe_stuffed_mushroom.asset,docs_final/content-db/incoming/research-effects/research-project.csv
research:cuisine:kitchen-hygiene,content-requires-research,requires,ProductionRecipeSO,recipe:washed-vegetable,resolved-content,requiredResearchId,Assets/Resources/SO/Economy/Recipes/Workshop/recipe_washed_vegetable.asset,docs_final/content-db/incoming/research-effects/research-project.csv
research:cuisine:lavish,content-requires-research,requires,ProductionRecipeSO,recipe:lavish-meat,resolved-content,requiredResearchId,Assets/Resources/SO/Economy/Recipes/recipe_lavish_meat.asset,docs_final/content-db/incoming/research-effects/research-project.csv
research:cuisine:lavish,content-requires-research,requires,ProductionRecipeSO,recipe:lavish-vegan,resolved-content,requiredResearchId,Assets/Resources/SO/Economy/Recipes/recipe_lavish_vegan.asset,docs_final/content-db/incoming/research-effects/research-project.csv
research:cuisine:lavish,content-requires-research,requires,ProductionRecipeSO,recipe:preserved-ration,resolved-content,requiredResearchId,Assets/Resources/SO/Economy/Recipes/recipe_preserved_ration.asset,docs_final/content-db/incoming/research-effects/research-project.csv
research:cuisine:lavish,content-requires-research,requires,ProductionRecipeSO,recipe:ration-mixture,resolved-content,requiredResearchId,Assets/Resources/SO/Economy/Recipes/Workshop/recipe_ration_mixture.asset,docs_final/content-db/incoming/research-effects/research-project.csv
research:cuisine:livestock,research-to-content,unlocks-building,BuildingSO,building:1614,resolved-content,references.RefIds.0.data.buildingId,Assets/Resources/SO/Research/Projects/cuisine_livestock.asset,docs_final/content-db/relations/research-effects/research-project.csv
research:cuisine:livestock,research-to-content,unlocks-building,BuildingSO,building:1615,resolved-content,references.RefIds.1.data.buildingId,Assets/Resources/SO/Research/Projects/cuisine_livestock.asset,docs_final/content-db/relations/research-effects/research-project.csv
research:cuisine:livestock,content-requires-research,requires,ProductionRecipeSO,recipe:boar-stew,resolved-content,requiredResearchId,Assets/Resources/SO/Economy/Recipes/recipe_boar_stew.asset,docs_final/content-db/incoming/research-effects/research-project.csv
research:cuisine:livestock,content-requires-research,requires,ProductionRecipeSO,recipe:cheese,resolved-content,requiredResearchId,Assets/Resources/SO/Economy/Recipes/recipe_cheese.asset,docs_final/content-db/incoming/research-effects/research-project.csv
research:cuisine:livestock,content-requires-research,requires,ProductionRecipeSO,recipe:cheese-mushroom,resolved-content,requiredResearchId,Assets/Resources/SO/Economy/Recipes/recipe_cheese_mushroom.asset,docs_final/content-db/incoming/research-effects/research-project.csv
research:cuisine:livestock,content-requires-research,requires,ProductionRecipeSO,recipe:curd,resolved-content,requiredResearchId,Assets/Resources/SO/Economy/Recipes/Workshop/recipe_curd.asset,docs_final/content-db/incoming/research-effects/research-project.csv
research:cuisine:livestock,content-requires-research,requires,ProductionRecipeSO,recipe:egg-pancake,resolved-content,requiredResearchId,Assets/Resources/SO/Economy/Recipes/recipe_egg_pancake.asset,docs_final/content-db/incoming/research-effects/research-project.csv
research:cuisine:livestock,content-requires-research,requires,ProductionRecipeSO,recipe:fresh-curd,resolved-content,requiredResearchId,Assets/Resources/SO/Economy/Recipes/Workshop/recipe_fresh_curd.asset,docs_final/content-db/incoming/research-effects/research-project.csv
research:cuisine:livestock,content-requires-research,requires,ProductionRecipeSO,recipe:roasted-meat,resolved-content,requiredResearchId,Assets/Resources/SO/Economy/Recipes/recipe_roasted_meat.asset,docs_final/content-db/incoming/research-effects/research-project.csv
research:cuisine:livestock,content-requires-research,requires,ProductionRecipeSO,recipe:salted-meat-stew,resolved-content,requiredResearchId,Assets/Resources/SO/Economy/Recipes/Workshop/recipe_salted_meat_stew.asset,docs_final/content-db/incoming/research-effects/research-project.csv
research:cuisine:livestock,content-requires-research,requires,ProductionRecipeSO,recipe:tallow,resolved-content,requiredResearchId,Assets/Resources/SO/Economy/Recipes/recipe_tallow.asset,docs_final/content-db/incoming/research-effects/research-project.csv
research:cuisine:milling,research-to-content,unlocks-building,BuildingSO,building:1073,resolved-content,references.RefIds.0.data.buildingId,Assets/Resources/SO/Research/Projects/cuisine_milling.asset,docs_final/content-db/relations/research-effects/research-project.csv
research:cuisine:milling,research-to-content,unlocks-building,BuildingSO,building:1600,resolved-content,references.RefIds.1.data.buildingId,Assets/Resources/SO/Research/Projects/cuisine_milling.asset,docs_final/content-db/relations/research-effects/research-project.csv
research:cuisine:milling,content-requires-research,requires,ProductionRecipeSO,recipe:component:paper-paste,resolved-content,requiredResearchId,Assets/Resources/SO/Economy/Recipes/ResearchOverhaul/V3R51_종이_풀칠.asset,docs_final/content-db/incoming/research-effects/research-project.csv
research:cuisine:milling,content-requires-research,requires,ProductionRecipeSO,recipe:malt,resolved-content,requiredResearchId,Assets/Resources/SO/Economy/Recipes/Workshop/recipe_malt.asset,docs_final/content-db/incoming/research-effects/research-project.csv
research:cuisine:milling,content-requires-research,requires,ProductionRecipeSO,recipe:milling-flour,resolved-content,requiredResearchId,Assets/Resources/SO/Economy/Recipes/recipe_milling_flour.asset,docs_final/content-db/incoming/research-effects/research-project.csv
research:cuisine:milling,content-requires-research,requires,ProductionRecipeSO,recipe:starch,resolved-content,requiredResearchId,Assets/Resources/SO/Economy/Recipes/recipe_starch.asset,docs_final/content-db/incoming/research-effects/research-project.csv
research:cuisine:vegan,content-requires-research,requires,ProductionRecipeSO,recipe:garden-meal,resolved-content,requiredResearchId,Assets/Resources/SO/Economy/Recipes/recipe_garden_meal.asset,docs_final/content-db/incoming/research-effects/research-project.csv
research:cuisine:vegan,content-requires-research,requires,ProductionRecipeSO,recipe:preserved-vegetable,resolved-content,requiredResearchId,Assets/Resources/SO/Economy/Recipes/Workshop/recipe_preserved_vegetable.asset,docs_final/content-db/incoming/research-effects/research-project.csv
research:defense:alliance-signals,research-to-content,unlocks-building,BuildingSO,building:8812,resolved-content,references.RefIds.0.data.buildingId,Assets/Resources/SO/Research/Projects/defense_alliance_signals.asset,docs_final/content-db/relations/research-effects/research-project.csv
research:defense:alliance-signals,content-requires-research,requires,ProductionRecipeSO,recipe:ammo:signal-flare,resolved-content,requiredResearchId,Assets/Resources/SO/Economy/Recipes/ResearchOverhaul/V3R131_신호탄.asset,docs_final/content-db/incoming/research-effects/research-project.csv
research:defense:alliance-signals,content-requires-research,requires,ProductionRecipeSO,recipe:supply:alliance-signal-kit,resolved-content,requiredResearchId,Assets/Resources/SO/Economy/Recipes/ResearchOverhaul/V3R104_동맹_신호_키트.asset,docs_final/content-db/incoming/research-effects/research-project.csv
research:defense:corridor-mechanisms,research-to-content,unlocks-building,BuildingSO,building:1804,resolved-content,references.RefIds.0.data.buildingId,Assets/Resources/SO/Research/Projects/defense_corridor_mechanisms.asset,docs_final/content-db/relations/research-effects/research-project.csv
research:defense:corridor-mechanisms,content-requires-research,requires,ProductionRecipeSO,recipe:component:corridor-detonator,resolved-content,requiredResearchId,Assets/Resources/SO/Economy/Recipes/ResearchOverhaul/V3R105_복도식_기폭_장치.asset,docs_final/content-db/incoming/research-effects/research-project.csv
research:defense:fortification,research-to-content,unlocks-building,BuildingSO,building:1046,resolved-content,references.RefIds.0.data.buildingId,Assets/Resources/SO/Research/Projects/defense_fortification.asset,docs_final/content-db/relations/research-effects/research-project.csv
research:defense:fortification,research-to-content,unlocks-building,BuildingSO,building:1047,resolved-content,references.RefIds.1.data.buildingId,Assets/Resources/SO/Research/Projects/defense_fortification.asset,docs_final/content-db/relations/research-effects/research-project.csv
research:defense:fortification,research-to-content,unlocks-building,BuildingSO,building:1049,resolved-content,references.RefIds.2.data.buildingId,Assets/Resources/SO/Research/Projects/defense_fortification.asset,docs_final/content-db/relations/research-effects/research-project.csv
research:defense:fortification,research-to-content,unlocks-building,BuildingSO,building:1055,resolved-content,references.RefIds.3.data.buildingId,Assets/Resources/SO/Research/Projects/defense_fortification.asset,docs_final/content-db/relations/research-effects/research-project.csv
research:defense:fortification,content-requires-research,requires,CombatShieldSO,equipment-item:shield:tower,resolved-content,requiredResearchId,Assets/Resources/SO/Combat/Equipment/S04_TowerShield.asset,docs_final/content-db/incoming/research-effects/research-project.csv
research:defense:fortification,content-requires-research,references,FacilityBlueprintSO,facility-blueprint:6102,resolved-content,targetResearchProjectId,Assets/Resources/SO/Blueprint/P1/BP_DefenseBasics.asset,docs_final/content-db/incoming/research-effects/research-project.csv
research:defense:ranged-positions,research-to-content,unlocks-building,BuildingSO,building:1041,resolved-content,references.RefIds.0.data.buildingId,Assets/Resources/SO/Research/Projects/defense_ranged_positions.asset,docs_final/content-db/relations/research-effects/research-project.csv
research:defense:ranged-positions,content-requires-research,requires,ProductionRecipeSO,recipe:arrow-bone,resolved-content,requiredResearchId,Assets/Resources/SO/Economy/Recipes/recipe_arrow_bone.asset,docs_final/content-db/incoming/research-effects/research-project.csv
research:defense:ranged-positions,content-requires-research,requires,ProductionRecipeSO,recipe:bolt-bone,resolved-content,requiredResearchId,Assets/Resources/SO/Economy/Recipes/recipe_bolt_bone.asset,docs_final/content-db/incoming/research-effects/research-project.csv
research:defense:remote-control,research-to-content,unlocks-building,BuildingSO,building:1801,resolved-content,references.RefIds.0.data.buildingId,Assets/Resources/SO/Research/Projects/defense_remote_control.asset,docs_final/content-db/relations/research-effects/research-project.csv
research:defense:remote-control,research-to-content,unlocks-building,BuildingSO,building:8899,resolved-content,references.RefIds.1.data.buildingId,Assets/Resources/SO/Research/Projects/defense_remote_control.asset,docs_final/content-db/relations/research-effects/research-project.csv
research:defense:rune-identification,research-to-content,unlocks-building,BuildingSO,building:1800,resolved-content,references.RefIds.0.data.buildingId,Assets/Resources/SO/Research/Projects/defense_rune_identification.asset,docs_final/content-db/relations/research-effects/research-project.csv
research:defense:rune-identification,content-requires-research,requires,ProductionRecipeSO,recipe:ammo:mana-disruptor-bolt,resolved-content,requiredResearchId,Assets/Resources/SO/Economy/Recipes/ResearchOverhaul/V3R135_마나_차단_볼트.asset,docs_final/content-db/incoming/research-effects/research-project.csv
research:defense:rune-identification,content-requires-research,requires,ProductionRecipeSO,recipe:tool:rune-identification-lens,resolved-content,requiredResearchId,Assets/Resources/SO/Economy/Recipes/ResearchOverhaul/V3R106_룬_식별_렌즈.asset,docs_final/content-db/incoming/research-effects/research-project.csv
research:defense:siege-fortification,research-to-content,unlocks-building,BuildingSO,building:1805,resolved-content,references.RefIds.0.data.buildingId,Assets/Resources/SO/Research/Projects/defense_siege_fortification.asset,docs_final/content-db/relations/research-effects/research-project.csv
research:defense:siege-fortification,content-requires-research,requires,CombatShieldSO,equipment-item:shield:pavise,resolved-content,requiredResearchId,Assets/Resources/SO/Combat/Equipment/S09_Pavise.asset,docs_final/content-db/incoming/research-effects/research-project.csv
research:defense:siege-fortification,content-requires-research,requires,ProductionRecipeSO,recipe:component:siege-reinforcement-kit,resolved-content,requiredResearchId,Assets/Resources/SO/Economy/Recipes/ResearchOverhaul/V3R107_공성_보강_키트.asset,docs_final/content-db/incoming/research-effects/research-project.csv
research:defense:supply,research-to-content,unlocks-building,BuildingSO,building:1802,resolved-content,references.RefIds.0.data.buildingId,Assets/Resources/SO/Research/Projects/defense_supply.asset,docs_final/content-db/relations/research-effects/research-project.csv
research:defense:supply,research-to-content,unlocks-building,BuildingSO,building:1803,resolved-content,references.RefIds.1.data.buildingId,Assets/Resources/SO/Research/Projects/defense_supply.asset,docs_final/content-db/relations/research-effects/research-project.csv
research:defense:tactical-command,research-to-content,unlocks-building,BuildingSO,building:1040,resolved-content,references.RefIds.2.data.buildingId,Assets/Resources/SO/Research/Projects/defense_tactical_command.asset,docs_final/content-db/relations/research-effects/research-project.csv
research:defense:tactical-command,research-to-content,unlocks-building,BuildingSO,building:9961,resolved-content,references.RefIds.1.data.buildingId,Assets/Resources/SO/Research/Projects/defense_tactical_command.asset,docs_final/content-db/relations/research-effects/research-project.csv
research:defense:tactical-command,content-requires-research,references,FacilityBlueprintSO,facility-blueprint:6192,resolved-content,targetResearchProjectId,Assets/Resources/SO/Blueprint/P1/BP_TrapChain.asset,docs_final/content-db/incoming/research-effects/research-project.csv
research:defense:tactical-command,research-to-content,unlocks-recipe,FacilitySynthesisRecipeSO,recipe_fortress_banner_2,resolved-content,references.RefIds.0.data.recipeId,Assets/Resources/SO/Research/Projects/defense_tactical_command.asset,docs_final/content-db/relations/research-effects/research-project.csv
research:defense:watch,research-to-content,unlocks-building,BuildingSO,building:1045,resolved-content,references.RefIds.0.data.buildingId,Assets/Resources/SO/Research/Projects/defense_watch.asset,docs_final/content-db/relations/research-effects/research-project.csv
research:defense:watch,content-requires-research,requires,ProductionRecipeSO,recipe:tool:watch-signal-horn,resolved-content,requiredResearchId,Assets/Resources/SO/Economy/Recipes/ResearchOverhaul/V3R108_경계_신호_나팔.asset,docs_final/content-db/incoming/research-effects/research-project.csv
research:environment:cold-work,content-requires-research,requires,ApparelDefinitionSO,apparel:23024,resolved-content,requiredResearchId,Assets/Resources/SO/Apparel/Definitions/apparel_slime_warming_pad.asset,docs_final/content-db/incoming/research-effects/research-project.csv
research:environment:cold-work,content-requires-research,requires,ApparelDefinitionSO,apparel:23025,resolved-content,requiredResearchId,Assets/Resources/SO/Apparel/Definitions/apparel_cold_work_suit.asset,docs_final/content-db/incoming/research-effects/research-project.csv
research:environment:cold-work,research-to-content,unlocks-building,BuildingSO,building:1500,resolved-content,references.RefIds.0.data.buildingId,Assets/Resources/SO/Research/Projects/environment_cold_work.asset,docs_final/content-db/relations/research-effects/research-project.csv
research:environment:cold-work,research-to-content,unlocks-building,BuildingSO,building:1501,resolved-content,references.RefIds.1.data.buildingId,Assets/Resources/SO/Research/Projects/environment_cold_work.asset,docs_final/content-db/relations/research-effects/research-project.csv
research:environment:cold-work,research-to-content,unlocks-building,BuildingSO,building:1503,resolved-content,references.RefIds.2.data.buildingId,Assets/Resources/SO/Research/Projects/environment_cold_work.asset,docs_final/content-db/relations/research-effects/research-project.csv
research:environment:cold-work,research-to-content,unlocks-building,BuildingSO,building:1504,resolved-content,references.RefIds.3.data.buildingId,Assets/Resources/SO/Research/Projects/environment_cold_work.asset,docs_final/content-db/relations/research-effects/research-project.csv
research:environment:cold-work,research-to-content,unlocks-building,BuildingSO,building:1505,resolved-content,references.RefIds.4.data.buildingId,Assets/Resources/SO/Research/Projects/environment_cold_work.asset,docs_final/content-db/relations/research-effects/research-project.csv
research:environment:cold-work,content-requires-research,requires,EnvironmentalWorkwearSO,workwear:cold-work-suit,resolved-content,requiredResearchId,Assets/Resources/SO/Environment/Workwear/ColdWorkSuit.asset,docs_final/content-db/incoming/research-effects/research-project.csv
research:environment:cold-work,content-requires-research,requires,EnvironmentalWorkwearSO,workwear:slime-warming-pad,resolved-content,requiredResearchId,Assets/Resources/SO/Environment/Workwear/SlimeWarmingPad.asset,docs_final/content-db/incoming/research-effects/research-project.csv
research:environment:cold-work,content-requires-research,requires,ProductionRecipeSO,recipe:cold-work-suit,resolved-content,requiredResearchId,Assets/Resources/SO/Economy/Recipes/recipe_cold_work_suit.asset,docs_final/content-db/incoming/research-effects/research-project.csv
research:environment:cold-work,content-requires-research,requires,ProductionRecipeSO,recipe:slime-warming-pad,resolved-content,requiredResearchId,Assets/Resources/SO/Economy/Recipes/recipe_slime_warming_pad.asset,docs_final/content-db/incoming/research-effects/research-project.csv
research:environment:cold-work,content-requires-research,requires,ProductionRecipeSO,recipe:textile:insulating-cloth,resolved-content,requiredResearchId,Assets/Resources/SO/Economy/Recipes/ResearchOverhaul/V3R81_절연_직물.asset,docs_final/content-db/incoming/research-effects/research-project.csv
research:environment:cold-work,content-requires-research,requires,ProductionRecipeSO,recipe:v22:apparel:cold-work-suit,resolved-content,requiredResearchId,Assets/Resources/SO/Economy/Recipes/V22Apparel/recipe_v22_apparel_cold_work_suit.asset,docs_final/content-db/incoming/research-effects/research-project.csv
research:environment:cold-work,research-to-content,unlocks-recipe,ProductionRecipeSO,recipe:v22:apparel:cold-work-suit,resolved-content,references.RefIds.5.data.recipeId,Assets/Resources/SO/Research/Projects/environment_cold_work.asset,docs_final/content-db/relations/research-effects/research-project.csv
research:environment:cold-work,content-requires-research,requires,ProductionRecipeSO,recipe:v22:apparel:slime-warming-pad,resolved-content,requiredResearchId,Assets/Resources/SO/Economy/Recipes/V22Apparel/recipe_v22_apparel_slime_warming_pad.asset,docs_final/content-db/incoming/research-effects/research-project.csv
research:environment:cold-work,research-to-content,unlocks-recipe,ProductionRecipeSO,recipe:v22:apparel:slime-warming-pad,resolved-content,references.RefIds.6.data.recipeId,Assets/Resources/SO/Research/Projects/environment_cold_work.asset,docs_final/content-db/relations/research-effects/research-project.csv
research:environment:rune-insulation,content-requires-research,requires,ApparelDefinitionSO,apparel:23026,resolved-content,requiredResearchId,Assets/Resources/SO/Apparel/Definitions/apparel_rune_cold_suit.asset,docs_final/content-db/incoming/research-effects/research-project.csv
research:environment:rune-insulation,research-to-content,unlocks-building,BuildingSO,building:1502,resolved-content,references.RefIds.0.data.buildingId,Assets/Resources/SO/Research/Projects/environment_rune_insulation.asset,docs_final/content-db/relations/research-effects/research-project.csv
research:environment:rune-insulation,content-requires-research,requires,EnvironmentalWorkwearSO,workwear:rune-cold-suit,resolved-content,requiredResearchId,Assets/Resources/SO/Environment/Workwear/RuneColdSuit.asset,docs_final/content-db/incoming/research-effects/research-project.csv
research:environment:rune-insulation,content-requires-research,requires,ProductionRecipeSO,recipe:rune-cold-suit,resolved-content,requiredResearchId,Assets/Resources/SO/Economy/Recipes/recipe_rune_cold_suit.asset,docs_final/content-db/incoming/research-effects/research-project.csv
research:environment:rune-insulation,content-requires-research,requires,ProductionRecipeSO,recipe:v22:apparel:rune-cold-suit,resolved-content,requiredResearchId,Assets/Resources/SO/Economy/Recipes/V22Apparel/recipe_v22_apparel_rune_cold_suit.asset,docs_final/content-db/incoming/research-effects/research-project.csv
research:environment:rune-insulation,research-to-content,unlocks-recipe,ProductionRecipeSO,recipe:v22:apparel:rune-cold-suit,resolved-content,references.RefIds.1.data.recipeId,Assets/Resources/SO/Research/Projects/environment_rune_insulation.asset,docs_final/content-db/relations/research-effects/research-project.csv
research:equipment:armor-tailoring,research-to-content,unlocks-building,BuildingSO,building:8835,resolved-content,references.RefIds.0.data.buildingId,Assets/Resources/SO/Research/Projects/equipment_armor_tailoring.asset,docs_final/content-db/relations/research-effects/research-project.csv
research:equipment:armor-tailoring,content-requires-research,requires,CombatArmorSO,equipment-item:armor:brigandine,resolved-content,requiredResearchId,Assets/Resources/SO/Combat/Equipment/A09_Brigandine.asset,docs_final/content-db/incoming/research-effects/research-project.csv
research:equipment:armor-tailoring,content-requires-research,requires,CombatArmorSO,equipment-item:armor:jack-of-plates,resolved-content,requiredResearchId,Assets/Resources/SO/Combat/Equipment/A18_JackOfPlates.asset,docs_final/content-db/incoming/research-effects/research-project.csv
research:equipment:armor-tailoring,content-requires-research,requires,ProductionRecipeSO,recipe:component:brigandine-padding,resolved-content,requiredResearchId,Assets/Resources/SO/Economy/Recipes/ResearchOverhaul/V3R39_브리간딘_안감.asset,docs_final/content-db/incoming/research-effects/research-project.csv
research:equipment:armor-tailoring,content-requires-research,requires,ProductionRecipeSO,recipe:material:hardened-leather,resolved-content,requiredResearchId,Assets/Resources/SO/Economy/Recipes/ResearchOverhaul/V3R74_경화_가죽.asset,docs_final/content-db/incoming/research-effects/research-project.csv
research:equipment:articulated-plate,research-to-content,unlocks-building,BuildingSO,building:8839,resolved-content,references.RefIds.0.data.buildingId,Assets/Resources/SO/Research/Projects/equipment_articulated_plate.asset,docs_final/content-db/relations/research-effects/research-project.csv
research:equipment:articulated-plate,content-requires-research,requires,CombatArmorSO,equipment-item:armor:articulated-plate,resolved-content,requiredResearchId,Assets/Resources/SO/Combat/Equipment/A12_ArticulatedPlate.asset,docs_final/content-db/incoming/research-effects/research-project.csv
research:equipment:articulated-plate,content-requires-research,requires,CombatArmorSO,equipment-item:armor:breastplate,resolved-content,requiredResearchId,Assets/Resources/SO/Combat/Equipment/A08_Breastplate.asset,docs_final/content-db/incoming/research-effects/research-project.csv
research:equipment:articulated-plate,content-requires-research,requires,CombatArmorSO,equipment-item:armor:closed-plate-helm,resolved-content,requiredResearchId,Assets/Resources/SO/Combat/Equipment/A11_ClosedPlateHelm.asset,docs_final/content-db/incoming/research-effects/research-project.csv
research:equipment:articulated-plate,content-requires-research,requires,CombatArmorSO,equipment-item:armor:iron-helmet,resolved-content,requiredResearchId,Assets/Resources/SO/Combat/Equipment/A07_IronHelmet.asset,docs_final/content-db/incoming/research-effects/research-project.csv
research:equipment:articulated-plate,content-requires-research,requires,ProductionRecipeSO,recipe:material:plate-blank,resolved-content,requiredResearchId,Assets/Resources/SO/Economy/Recipes/ResearchOverhaul/V3R76_판금_소재판.asset,docs_final/content-db/incoming/research-effects/research-project.csv
research:equipment:ballistics,research-to-content,unlocks-building,BuildingSO,building:8900,resolved-content,references.RefIds.0.data.buildingId,Assets/Resources/SO/Research/Projects/equipment_ballistics.asset,docs_final/content-db/relations/research-effects/research-project.csv
research:equipment:ballistics,content-requires-research,requires,CombatWeaponSO,equipment-item:weapon:arquebus,resolved-content,requiredResearchId,Assets/Resources/SO/Combat/Equipment/W18_Arquebus.asset,docs_final/content-db/incoming/research-effects/research-project.csv
research:equipment:ballistics,content-requires-research,requires,CombatWeaponSO,equipment-item:weapon:matchlock-long-gun,resolved-content,requiredResearchId,Assets/Resources/SO/Combat/Equipment/W23_MatchlockLongGun.asset,docs_final/content-db/incoming/research-effects/research-project.csv
research:equipment:ballistics,content-requires-research,requires,CombatWeaponSO,equipment-item:weapon:sniper-arquebus,resolved-content,requiredResearchId,Assets/Resources/SO/Combat/Equipment/W24_SniperArquebus.asset,docs_final/content-db/incoming/research-effects/research-project.csv
research:equipment:black-powder,research-to-content,unlocks-building,BuildingSO,building:8840,resolved-content,references.RefIds.0.data.buildingId,Assets/Resources/SO/Research/Projects/equipment_black_powder.asset,docs_final/content-db/relations/research-effects/research-project.csv
research:equipment:black-powder,content-requires-research,requires,ProductionRecipeSO,recipe:ammo:incendiary-arrow,resolved-content,requiredResearchId,Assets/Resources/SO/Economy/Recipes/ResearchOverhaul/V3R126_소이_화살.asset,docs_final/content-db/incoming/research-effects/research-project.csv
research:equipment:black-powder,content-requires-research,requires,ProductionRecipeSO,recipe:ammo:incendiary-bolt,resolved-content,requiredResearchId,Assets/Resources/SO/Economy/Recipes/ResearchOverhaul/V3R127_소이_볼트.asset,docs_final/content-db/incoming/research-effects/research-project.csv
research:equipment:black-powder,content-requires-research,requires,ProductionRecipeSO,recipe:material:black-powder,resolved-content,requiredResearchId,Assets/Resources/SO/Economy/Recipes/ResearchOverhaul/V3R13_흑색화약.asset,docs_final/content-db/incoming/research-effects/research-project.csv
research:equipment:black-powder,content-requires-research,requires,ProductionRecipeSO,recipe:material:niter,resolved-content,requiredResearchId,Assets/Resources/SO/Economy/Recipes/ResearchOverhaul/V3R04_초석.asset,docs_final/content-db/incoming/research-effects/research-project.csv
research:equipment:bowyery,research-to-content,unlocks-building,BuildingSO,building:8836,resolved-content,references.RefIds.0.data.buildingId,Assets/Resources/SO/Research/Projects/equipment_bowyery.asset,docs_final/content-db/relations/research-effects/research-project.csv
research:equipment:bowyery,content-requires-research,requires,CombatWeaponSO,equipment-item:weapon:composite-bow,resolved-content,requiredResearchId,Assets/Resources/SO/Combat/Equipment/W14_CompositeBow.asset,docs_final/content-db/incoming/research-effects/research-project.csv
research:equipment:bowyery,content-requires-research,requires,CombatWeaponSO,equipment-item:weapon:longbow,resolved-content,requiredResearchId,Assets/Resources/SO/Combat/Equipment/W06_Longbow.asset,docs_final/content-db/incoming/research-effects/research-project.csv
research:equipment:bowyery,content-requires-research,requires,CombatWeaponSO,equipment-item:weapon:shortbow,resolved-content,requiredResearchId,Assets/Resources/SO/Combat/Equipment/W05_Shortbow.asset,docs_final/content-db/incoming/research-effects/research-project.csv
research:equipment:field-maintenance,research-to-content,unlocks-building,BuildingSO,building:9308,resolved-content,references.RefIds.0.data.buildingId,Assets/Resources/SO/Research/Projects/equipment_field_maintenance.asset,docs_final/content-db/relations/research-effects/research-project.csv
research:equipment:field-maintenance,content-requires-research,requires,ProductionRecipeSO,recipe:tool:field-repair-kit,resolved-content,requiredResearchId,Assets/Resources/SO/Economy/Recipes/ResearchOverhaul/V3R43_야전_수리_키트.asset,docs_final/content-db/incoming/research-effects/research-project.csv
research:equipment:ignition-mechanisms,content-requires-research,requires,CombatWeaponSO,equipment-item:weapon:handgonne,resolved-content,requiredResearchId,Assets/Resources/SO/Combat/Equipment/W16_Handgonne.asset,docs_final/content-db/incoming/research-effects/research-project.csv
research:equipment:ignition-mechanisms,content-requires-research,requires,CombatWeaponSO,equipment-item:weapon:matchlock-pistol,resolved-content,requiredResearchId,Assets/Resources/SO/Combat/Equipment/W17_MatchlockPistol.asset,docs_final/content-db/incoming/research-effects/research-project.csv
research:equipment:industrial-metrology,research-to-content,unlocks-building,BuildingSO,building:8846,resolved-content,references.RefIds.0.data.buildingId,Assets/Resources/SO/Research/Projects/equipment_industrial_metrology.asset,docs_final/content-db/relations/research-effects/research-project.csv
research:equipment:industrial-metrology,content-requires-research,requires,ProductionRecipeSO,recipe:component:precision-optics,resolved-content,requiredResearchId,Assets/Resources/SO/Economy/Recipes/ResearchOverhaul/V3R82_정밀_광학계.asset,docs_final/content-db/incoming/research-effects/research-project.csv
research:equipment:industrial-metrology,content-requires-research,requires,ProductionRecipeSO,recipe:tool:precision-gauge,resolved-content,requiredResearchId,Assets/Resources/SO/Economy/Recipes/ResearchOverhaul/V3R28_정밀_게이지.asset,docs_final/content-db/incoming/research-effects/research-project.csv
research:equipment:lineage-binding,research-to-content,unlocks-building,BuildingSO,building:9827,resolved-content,references.RefIds.0.data.buildingId,Assets/Resources/SO/Research/Projects/equipment_lineage_binding.asset,docs_final/content-db/relations/research-effects/research-project.csv
research:equipment:mail-weaving,research-to-content,unlocks-building,BuildingSO,building:8838,resolved-content,references.RefIds.0.data.buildingId,Assets/Resources/SO/Research/Projects/equipment_mail_weaving.asset,docs_final/content-db/relations/research-effects/research-project.csv
research:equipment:mail-weaving,content-requires-research,requires,CombatArmorSO,equipment-item:armor:mail-coif,resolved-content,requiredResearchId,Assets/Resources/SO/Combat/Equipment/A05_MailCoif.asset,docs_final/content-db/incoming/research-effects/research-project.csv
research:equipment:mail-weaving,content-requires-research,requires,CombatArmorSO,equipment-item:armor:mail-shirt,resolved-content,requiredResearchId,Assets/Resources/SO/Combat/Equipment/A06_MailShirt.asset,docs_final/content-db/incoming/research-effects/research-project.csv
research:equipment:mail-weaving,content-requires-research,requires,CombatArmorSO,equipment-item:armor:scale-coat,resolved-content,requiredResearchId,Assets/Resources/SO/Combat/Equipment/A10_ScaleCoat.asset,docs_final/content-db/incoming/research-effects/research-project.csv
research:equipment:mail-weaving,content-requires-research,requires,ProductionRecipeSO,recipe:material:chain-mesh,resolved-content,requiredResearchId,Assets/Resources/SO/Economy/Recipes/ResearchOverhaul/V3R75_사슬_망.asset,docs_final/content-db/incoming/research-effects/research-project.csv
research:equipment:material-testing,research-to-content,unlocks-building,BuildingSO,building:8826,resolved-content,references.RefIds.0.data.buildingId,Assets/Resources/SO/Research/Projects/equipment_material_testing.asset,docs_final/content-db/relations/research-effects/research-project.csv
research:equipment:material-testing,content-requires-research,requires,ProductionRecipeSO,recipe:component:material-test-coupon,resolved-content,requiredResearchId,Assets/Resources/SO/Economy/Recipes/ResearchOverhaul/V3R109_재료_시험편.asset,docs_final/content-db/incoming/research-effects/research-project.csv
research:equipment:mechanical-projectiles,research-to-content,unlocks-building,BuildingSO,building:8837,resolved-content,references.RefIds.0.data.buildingId,Assets/Resources/SO/Research/Projects/equipment_mechanical_projectiles.asset,docs_final/content-db/relations/research-effects/research-project.csv
research:equipment:mechanical-projectiles,content-requires-research,requires,CombatWeaponSO,equipment-item:weapon:crossbow,resolved-content,requiredResearchId,Assets/Resources/SO/Combat/Equipment/W07_Crossbow.asset,docs_final/content-db/incoming/research-effects/research-project.csv
research:equipment:mechanical-projectiles,content-requires-research,requires,CombatWeaponSO,equipment-item:weapon:repeating-crossbow,resolved-content,requiredResearchId,Assets/Resources/SO/Combat/Equipment/W22_RepeatingCrossbow.asset,docs_final/content-db/incoming/research-effects/research-project.csv
research:equipment:mechanical-projectiles,content-requires-research,requires,CombatWeaponSO,equipment-item:weapon:windlass-crossbow,resolved-content,requiredResearchId,Assets/Resources/SO/Combat/Equipment/W15_WindlassCrossbow.asset,docs_final/content-db/incoming/research-effects/research-project.csv
research:equipment:mechanical-projectiles,content-requires-research,requires,ProductionRecipeSO,recipe:component:siege-counterweight,resolved-content,requiredResearchId,Assets/Resources/SO/Economy/Recipes/ResearchOverhaul/V3R31_공성_균형추_조립품.asset,docs_final/content-db/incoming/research-effects/research-project.csv
research:equipment:modular-frames,research-to-content,unlocks-building,BuildingSO,building:8845,resolved-content,references.RefIds.0.data.buildingId,Assets/Resources/SO/Research/Projects/equipment_modular_frames.asset,docs_final/content-db/relations/research-effects/research-project.csv
research:equipment:modular-frames,content-requires-research,requires,ProductionRecipeSO,recipe:component:growth-frame,resolved-content,requiredResearchId,Assets/Resources/SO/Economy/Recipes/ResearchOverhaul/V3R15_성장형_장비_골격.asset,docs_final/content-db/incoming/research-effects/research-project.csv
research:equipment:powered-armor,content-requires-research,requires,CombatArmorSO,equipment-item:armor:powered-harness,resolved-content,requiredResearchId,Assets/Resources/SO/Combat/Equipment/A15_PoweredHarness.asset,docs_final/content-db/incoming/research-effects/research-project.csv
research:equipment:powered-armor,content-requires-research,requires,CombatShieldSO,equipment-item:shield:powered,resolved-content,requiredResearchId,Assets/Resources/SO/Combat/Equipment/S06_PoweredShield.asset,docs_final/content-db/incoming/research-effects/research-project.csv
research:equipment:powered-armor,content-requires-research,requires,CombatWeaponSO,equipment-item:weapon:powered-striking-gauntlet,resolved-content,requiredResearchId,Assets/Resources/SO/Combat/Equipment/W27_PoweredStrikingGauntlet.asset,docs_final/content-db/incoming/research-effects/research-project.csv
research:equipment:powered-armor,content-requires-research,requires,ProductionRecipeSO,recipe:component:powered-armor-joint,resolved-content,requiredResearchId,Assets/Resources/SO/Economy/Recipes/ResearchOverhaul/V3R45_동력_갑주_관절.asset,docs_final/content-db/incoming/research-effects/research-project.csv
research:equipment:precision-fitting,research-to-content,unlocks-building,BuildingSO,building:8844,resolved-content,references.RefIds.0.data.buildingId,Assets/Resources/SO/Research/Projects/equipment_precision_fitting.asset,docs_final/content-db/relations/research-effects/research-project.csv
research:equipment:precision-fitting,content-requires-research,requires,ProductionRecipeSO,recipe:component:precision-parts,resolved-content,requiredResearchId,Assets/Resources/SO/Economy/Recipes/ResearchOverhaul/V3R10_정밀_부품.asset,docs_final/content-db/incoming/research-effects/research-project.csv
research:equipment:precision-fitting,content-requires-research,requires,ProductionRecipeSO,recipe:tool:inspection-gauge,resolved-content,requiredResearchId,Assets/Resources/SO/Economy/Recipes/ResearchOverhaul/V3R110_검사_게이지.asset,docs_final/content-db/incoming/research-effects/research-project.csv
research:equipment:pressure-barrels,content-requires-research,requires,CombatArmorSO,equipment-item:armor:blast-coat,resolved-content,requiredResearchId,Assets/Resources/SO/Combat/Equipment/A13_BlastCoat.asset,docs_final/content-db/incoming/research-effects/research-project.csv
research:equipment:pressure-barrels,content-requires-research,requires,CombatArmorSO,equipment-item:armor:powder-cuirass,resolved-content,requiredResearchId,Assets/Resources/SO/Combat/Equipment/A19_PowderCuirass.asset,docs_final/content-db/incoming/research-effects/research-project.csv
research:equipment:pressure-barrels,content-requires-research,requires,CombatArmorSO,equipment-item:armor:smoke-hood,resolved-content,requiredResearchId,Assets/Resources/SO/Combat/Equipment/A14_SmokeHood.asset,docs_final/content-db/incoming/research-effects/research-project.csv
research:equipment:pressure-barrels,content-requires-research,requires,CombatWeaponSO,equipment-item:weapon:heavy-matchlock,resolved-content,requiredResearchId,Assets/Resources/SO/Combat/Equipment/W25_HeavyMatchlock.asset,docs_final/content-db/incoming/research-effects/research-project.csv
research:equipment:pressure-barrels,content-requires-research,requires,CombatWeaponSO,equipment-item:weapon:shotgun,resolved-content,requiredResearchId,Assets/Resources/SO/Combat/Equipment/W26_Shotgun.asset,docs_final/content-db/incoming/research-effects/research-project.csv
research:equipment:pressure-barrels,content-requires-research,requires,CombatWeaponSO,equipment-item:weapon:siege-arbalest,resolved-content,requiredResearchId,Assets/Resources/SO/Combat/Equipment/W19_SiegeArbalest.asset,docs_final/content-db/incoming/research-effects/research-project.csv
research:equipment:pressure-barrels,content-requires-research,requires,ProductionRecipeSO,recipe:ammo:armor-piercing-cartridge,resolved-content,requiredResearchId,Assets/Resources/SO/Economy/Recipes/ResearchOverhaul/V3R129_철갑_탄약.asset,docs_final/content-db/incoming/research-effects/research-project.csv
research:equipment:pressure-barrels,content-requires-research,requires,ProductionRecipeSO,recipe:ammo:smoke-cartridge,resolved-content,requiredResearchId,Assets/Resources/SO/Economy/Recipes/ResearchOverhaul/V3R128_연막_탄약.asset,docs_final/content-db/incoming/research-effects/research-project.csv
research:equipment:pressure-barrels,content-requires-research,requires,ProductionRecipeSO,recipe:component:blast-coat-shell,resolved-content,requiredResearchId,Assets/Resources/SO/Economy/Recipes/ResearchOverhaul/V3R38_방폭_외투_내피.asset,docs_final/content-db/incoming/research-effects/research-project.csv
research:equipment:pressure-barrels,content-requires-research,requires,ProductionRecipeSO,recipe:material:barrel-steel,resolved-content,requiredResearchId,Assets/Resources/SO/Economy/Recipes/ResearchOverhaul/V3R78_총열강.asset,docs_final/content-db/incoming/research-effects/research-project.csv
research:equipment:prototype-engineering,research-to-content,unlocks-building,BuildingSO,building:8825,resolved-content,references.RefIds.0.data.buildingId,Assets/Resources/SO/Research/Projects/equipment_prototype_engineering.asset,docs_final/content-db/relations/research-effects/research-project.csv
research:equipment:prototype-engineering,content-requires-research,requires,ProductionRecipeSO,recipe:component:prototype-package,resolved-content,requiredResearchId,Assets/Resources/SO/Economy/Recipes/ResearchOverhaul/V3R29_시제품_설계_묶음.asset,docs_final/content-db/incoming/research-effects/research-project.csv
research:equipment:relic-appraisal,research-to-content,unlocks-building,BuildingSO,building:8842,resolved-content,references.RefIds.0.data.buildingId,Assets/Resources/SO/Research/Projects/equipment_relic_appraisal.asset,docs_final/content-db/relations/research-effects/research-project.csv
research:equipment:relic-appraisal,research-to-content,unlocks-building,BuildingSO,building:8843,resolved-content,references.RefIds.1.data.buildingId,Assets/Resources/SO/Research/Projects/equipment_relic_appraisal.asset,docs_final/content-db/relations/research-effects/research-project.csv
research:equipment:relic-appraisal,content-requires-research,requires,ProductionRecipeSO,recipe:loot-appraisal,resolved-content,requiredResearchId,Assets/Resources/SO/Economy/Recipes/recipe_loot_appraisal.asset,docs_final/content-db/incoming/research-effects/research-project.csv
research:equipment:rune-module-tuning,research-to-content,unlocks-building,BuildingSO,building:9826,resolved-content,references.RefIds.0.data.buildingId,Assets/Resources/SO/Research/Projects/equipment_rune_module_tuning.asset,docs_final/content-db/relations/research-effects/research-project.csv
research:equipment:rune-module-tuning,content-requires-research,requires,CombatArmorSO,equipment-item:armor:rune-ward-mail,resolved-content,requiredResearchId,Assets/Resources/SO/Combat/Equipment/A16_RuneWardMail.asset,docs_final/content-db/incoming/research-effects/research-project.csv
research:equipment:rune-module-tuning,content-requires-research,requires,CombatShieldSO,equipment-item:shield:mana-buckler,resolved-content,requiredResearchId,Assets/Resources/SO/Combat/Equipment/S08_ManaBuckler.asset,docs_final/content-db/incoming/research-effects/research-project.csv
research:equipment:rune-module-tuning,content-requires-research,requires,CombatShieldSO,equipment-item:shield:rune,resolved-content,requiredResearchId,Assets/Resources/SO/Combat/Equipment/S05_RuneShield.asset,docs_final/content-db/incoming/research-effects/research-project.csv
research:equipment:rune-module-tuning,content-requires-research,requires,CombatWeaponSO,equipment-item:weapon:mana-lance,resolved-content,requiredResearchId,Assets/Resources/SO/Combat/Equipment/W21_ManaLance.asset,docs_final/content-db/incoming/research-effects/research-project.csv
research:equipment:rune-module-tuning,content-requires-research,requires,CombatWeaponSO,equipment-item:weapon:rune-blade,resolved-content,requiredResearchId,Assets/Resources/SO/Combat/Equipment/W20_RuneBlade.asset,docs_final/content-db/incoming/research-effects/research-project.csv
research:equipment:rune-module-tuning,content-requires-research,requires,CombatWeaponSO,equipment-item:weapon:rune-bow,resolved-content,requiredResearchId,Assets/Resources/SO/Combat/Equipment/W31_RuneBow.asset,docs_final/content-db/incoming/research-effects/research-project.csv
research:equipment:rune-module-tuning,content-requires-research,requires,ProductionRecipeSO,recipe:ammo:rune-cartridge,resolved-content,requiredResearchId,Assets/Resources/SO/Economy/Recipes/ResearchOverhaul/V3R133_룬_탄약통.asset,docs_final/content-db/incoming/research-effects/research-project.csv
research:equipment:rune-module-tuning,content-requires-research,requires,ProductionRecipeSO,recipe:component:rune-leather-strap,resolved-content,requiredResearchId,Assets/Resources/SO/Economy/Recipes/ResearchOverhaul/V3R49_룬가죽_조율_끈.asset,docs_final/content-db/incoming/research-effects/research-project.csv
research:equipment:rune-module-tuning,content-requires-research,requires,ProductionRecipeSO,recipe:component:rune-tuning-shield,resolved-content,requiredResearchId,Assets/Resources/SO/Economy/Recipes/ResearchOverhaul/V3R32_룬_조율_차폐판.asset,docs_final/content-db/incoming/research-effects/research-project.csv
research:equipment:standard-ammunition,research-to-content,unlocks-building,BuildingSO,building:8841,resolved-content,references.RefIds.0.data.buildingId,Assets/Resources/SO/Research/Projects/equipment_standard_ammunition.asset,docs_final/content-db/relations/research-effects/research-project.csv
research:equipment:standard-ammunition,content-requires-research,requires,ProductionRecipeSO,recipe:ammo:paper-cartridge,resolved-content,requiredResearchId,Assets/Resources/SO/Economy/Recipes/ResearchOverhaul/V3R23_종이_탄약통.asset,docs_final/content-db/incoming/research-effects/research-project.csv
research:equipment:standard-ammunition,content-requires-research,requires,ProductionRecipeSO,recipe:ammo:scatter-cartridge,resolved-content,requiredResearchId,Assets/Resources/SO/Economy/Recipes/ResearchOverhaul/V3R130_산탄_탄약.asset,docs_final/content-db/incoming/research-effects/research-project.csv
research:equipment:standard-ammunition,content-requires-research,requires,ProductionRecipeSO,recipe:ammo:trap-canister,resolved-content,requiredResearchId,Assets/Resources/SO/Economy/Recipes/ResearchOverhaul/V3R21_함정_산탄통.asset,docs_final/content-db/incoming/research-effects/research-project.csv
research:equipment:standard-ammunition,content-requires-research,requires,ProductionRecipeSO,recipe:material:granulated-powder,resolved-content,requiredResearchId,Assets/Resources/SO/Economy/Recipes/ResearchOverhaul/V3R79_과립_화약.asset,docs_final/content-db/incoming/research-effects/research-project.csv
research:equipment:standard-ammunition,content-requires-research,requires,ProductionRecipeSO,recipe:material:lead-shot,resolved-content,requiredResearchId,Assets/Resources/SO/Economy/Recipes/ResearchOverhaul/V3R07_납탄.asset,docs_final/content-db/incoming/research-effects/research-project.csv
research:equipment:weapon-patterns,research-to-content,unlocks-building,BuildingSO,building:8834,resolved-content,references.RefIds.0.data.buildingId,Assets/Resources/SO/Research/Projects/equipment_weapon_patterns.asset,docs_final/content-db/relations/research-effects/research-project.csv
research:equipment:weapon-patterns,content-requires-research,requires,CombatShieldSO,equipment-item:shield:buckler,resolved-content,requiredResearchId,Assets/Resources/SO/Combat/Equipment/S03_Buckler.asset,docs_final/content-db/incoming/research-effects/research-project.csv
research:equipment:weapon-patterns,content-requires-research,requires,CombatWeaponSO,equipment-item:weapon:falchion,resolved-content,requiredResearchId,Assets/Resources/SO/Combat/Equipment/W10_Falchion.asset,docs_final/content-db/incoming/research-effects/research-project.csv
research:equipment:weapon-patterns,content-requires-research,requires,CombatWeaponSO,equipment-item:weapon:halberd,resolved-content,requiredResearchId,Assets/Resources/SO/Combat/Equipment/W12_Halberd.asset,docs_final/content-db/incoming/research-effects/research-project.csv
research:equipment:weapon-patterns,content-requires-research,requires,CombatWeaponSO,equipment-item:weapon:longsword,resolved-content,requiredResearchId,Assets/Resources/SO/Combat/Equipment/W02_Longsword.asset,docs_final/content-db/incoming/research-effects/research-project.csv
research:equipment:weapon-patterns,content-requires-research,requires,CombatWeaponSO,equipment-item:weapon:throwing-axe,resolved-content,requiredResearchId,Assets/Resources/SO/Combat/Equipment/W09_ThrowingAxe.asset,docs_final/content-db/incoming/research-effects/research-project.csv
research:forestry:charcoal,research-to-content,unlocks-building,BuildingSO,building:1076,resolved-content,references.RefIds.0.data.buildingId,Assets/Resources/SO/Research/Projects/forestry_charcoal.asset,docs_final/content-db/relations/research-effects/research-project.csv
research:forestry:charcoal,content-requires-research,requires,ProductionRecipeSO,recipe:charcoal,resolved-content,requiredResearchId,Assets/Resources/SO/Economy/Recipes/recipe_charcoal.asset,docs_final/content-db/incoming/research-effects/research-project.csv
research:forestry:fungal,research-to-content,unlocks-building,BuildingSO,building:8813,resolved-content,references.RefIds.0.data.buildingId,Assets/Resources/SO/Research/Projects/forestry_fungal.asset,docs_final/content-db/relations/research-effects/research-project.csv
research:forestry:fungal,content-requires-research,requires,ProductionRecipeSO,recipe:supply:inoculated-log,resolved-content,requiredResearchId,Assets/Resources/SO/Economy/Recipes/ResearchOverhaul/V3R90_접종_원목.asset,docs_final/content-db/incoming/research-effects/research-project.csv
research:forestry:logging,research-to-content,unlocks-building,BuildingSO,building:8814,resolved-content,references.RefIds.0.data.buildingId,Assets/Resources/SO/Research/Projects/forestry_logging.asset,docs_final/content-db/relations/research-effects/research-project.csv
research:forestry:logging,content-requires-research,requires,ProductionRecipeSO,source:logging,resolved-content,requiredResearchId,Assets/Resources/SO/Economy/Recipes/source_logging.asset,docs_final/content-db/incoming/research-effects/research-project.csv
research:forestry:sawmill,research-to-content,unlocks-building,BuildingSO,building:1075,resolved-content,references.RefIds.0.data.buildingId,Assets/Resources/SO/Research/Projects/forestry_sawmill.asset,docs_final/content-db/relations/research-effects/research-project.csv
research:forestry:sawmill,research-to-content,unlocks-building,BuildingSO,building:1618,resolved-content,references.RefIds.1.data.buildingId,Assets/Resources/SO/Research/Projects/forestry_sawmill.asset,docs_final/content-db/relations/research-effects/research-project.csv
research:forestry:sawmill,content-requires-research,requires,CraftMaterialDefinitionSO,material:lumber,resolved-content,requiredResearchId,Assets/Resources/SO/Economy/Materials/material_wood.asset,docs_final/content-db/incoming/research-effects/research-project.csv
research:forestry:sawmill,content-requires-research,requires,ProductionRecipeSO,recipe:sawmill-lumber,resolved-content,requiredResearchId,Assets/Resources/SO/Economy/Recipes/recipe_sawmill_lumber.asset,docs_final/content-db/incoming/research-effects/research-project.csv
research:forestry:tools,research-to-content,unlocks-building,BuildingSO,building:8815,resolved-content,references.RefIds.0.data.buildingId,Assets/Resources/SO/Research/Projects/forestry_tools.asset,docs_final/content-db/relations/research-effects/research-project.csv
research:forestry:treated,research-to-content,unlocks-building,BuildingSO,building:8816,resolved-content,references.RefIds.0.data.buildingId,Assets/Resources/SO/Research/Projects/forestry_treated.asset,docs_final/content-db/relations/research-effects/research-project.csv
research:forestry:treated,content-requires-research,requires,ProductionRecipeSO,recipe:material:laminated-lumber,resolved-content,requiredResearchId,Assets/Resources/SO/Economy/Recipes/ResearchOverhaul/V3R73_적층_목재.asset,docs_final/content-db/incoming/research-effects/research-project.csv
research:forestry:treated,content-requires-research,requires,ProductionRecipeSO,recipe:treated-lumber,resolved-content,requiredResearchId,Assets/Resources/SO/Economy/Recipes/recipe_treated_lumber.asset,docs_final/content-db/incoming/research-effects/research-project.csv
research:genetics:controlled-heredity,research-to-content,unlocks-building,BuildingSO,building:8880,resolved-content,references.RefIds.0.data.buildingId,Assets/Resources/SO/Research/Projects/genetics_controlled_heredity.asset,docs_final/content-db/relations/research-effects/research-project.csv
research:genetics:cross-lineage-stabilization,research-to-content,unlocks-building,BuildingSO,building:8881,resolved-content,references.RefIds.0.data.buildingId,Assets/Resources/SO/Research/Projects/genetics_cross_lineage_stabilization.asset,docs_final/content-db/relations/research-effects/research-project.csv
research:genetics:cross-lineage-stabilization,content-requires-research,requires,ProductionRecipeSO,recipe:medical:cross-lineage-medium,resolved-content,requiredResearchId,Assets/Resources/SO/Economy/Recipes/ResearchOverhaul/V3R116_교차계통_안정화_배지.asset,docs_final/content-db/incoming/research-effects/research-project.csv
research:genetics:hereditary-records,research-to-content,unlocks-building,BuildingSO,building:8878,resolved-content,references.RefIds.0.data.buildingId,Assets/Resources/SO/Research/Projects/genetics_hereditary_records.asset,docs_final/content-db/relations/research-effects/research-project.csv
research:genetics:hereditary-records,research-to-content,unlocks-building,BuildingSO,building:8879,resolved-content,references.RefIds.1.data.buildingId,Assets/Resources/SO/Research/Projects/genetics_hereditary_records.asset,docs_final/content-db/relations/research-effects/research-project.csv
research:genetics:hereditary-records,content-requires-research,requires,ProductionRecipeSO,recipe:medical:trait-analysis-kit,resolved-content,requiredResearchId,Assets/Resources/SO/Economy/Recipes/ResearchOverhaul/V3R115_형질_검사_키트.asset,docs_final/content-db/incoming/research-effects/research-project.csv
research:health:isolation-medicine,research-to-content,unlocks-building,BuildingSO,building:8874,resolved-content,references.RefIds.0.data.buildingId,Assets/Resources/SO/Research/Projects/health_isolation_medicine.asset,docs_final/content-db/relations/research-effects/research-project.csv
research:health:isolation-medicine,content-requires-research,requires,ProductionRecipeSO,recipe:medical:isolation-care-kit,resolved-content,requiredResearchId,Assets/Resources/SO/Economy/Recipes/ResearchOverhaul/V3R117_격리_치료_꾸러미.asset,docs_final/content-db/incoming/research-effects/research-project.csv
research:health:pathogen-observation,research-to-content,unlocks-building,BuildingSO,building:8873,resolved-content,references.RefIds.1.data.buildingId,Assets/Resources/SO/Research/Projects/health_pathogen_observation.asset,docs_final/content-db/relations/research-effects/research-project.csv
research:health:pathogen-observation,research-to-content,unlocks-building,BuildingSO,building:8875,resolved-content,references.RefIds.0.data.buildingId,Assets/Resources/SO/Research/Projects/health_pathogen_observation.asset,docs_final/content-db/relations/research-effects/research-project.csv
research:health:vaccination,research-to-content,unlocks-building,BuildingSO,building:8876,resolved-content,references.RefIds.1.data.buildingId,Assets/Resources/SO/Research/Projects/health_vaccination.asset,docs_final/content-db/relations/research-effects/research-project.csv
research:health:vaccination,research-to-content,unlocks-building,BuildingSO,building:8877,resolved-content,references.RefIds.0.data.buildingId,Assets/Resources/SO/Research/Projects/health_vaccination.asset,docs_final/content-db/relations/research-effects/research-project.csv
research:health:vaccination,content-requires-research,requires,ProductionRecipeSO,recipe:medicine:vaccine:blood-wasting,resolved-content,requiredResearchId,Assets/Resources/SO/Economy/Recipes/ResearchOverhaul/V3R71_혈액소모병_백신.asset,docs_final/content-db/incoming/research-effects/research-project.csv
research:health:vaccination,content-requires-research,requires,ProductionRecipeSO,recipe:medicine:vaccine:cave-flu,resolved-content,requiredResearchId,Assets/Resources/SO/Economy/Recipes/ResearchOverhaul/V3R66_동굴_독감_백신.asset,docs_final/content-db/incoming/research-effects/research-project.csv
research:health:vaccination,content-requires-research,requires,ProductionRecipeSO,recipe:medicine:vaccine:gut-rot,resolved-content,requiredResearchId,Assets/Resources/SO/Economy/Recipes/ResearchOverhaul/V3R68_장부패증_백신.asset,docs_final/content-db/incoming/research-effects/research-project.csv
research:health:vaccination,content-requires-research,requires,ProductionRecipeSO,recipe:medicine:vaccine:mana-pox,resolved-content,requiredResearchId,Assets/Resources/SO/Economy/Recipes/ResearchOverhaul/V3R70_마나두창_백신.asset,docs_final/content-db/incoming/research-effects/research-project.csv
research:health:vaccination,content-requires-research,requires,ProductionRecipeSO,recipe:medicine:vaccine:red-fever,resolved-content,requiredResearchId,Assets/Resources/SO/Economy/Recipes/ResearchOverhaul/V3R67_적열병_백신.asset,docs_final/content-db/incoming/research-effects/research-project.csv
research:health:vaccination,content-requires-research,requires,ProductionRecipeSO,recipe:medicine:vaccine:slime-blight,resolved-content,requiredResearchId,Assets/Resources/SO/Economy/Recipes/ResearchOverhaul/V3R72_점액역병_백신.asset,docs_final/content-db/incoming/research-effects/research-project.csv
research:health:vaccination,content-requires-research,requires,ProductionRecipeSO,recipe:medicine:vaccine:spore-lung,resolved-content,requiredResearchId,Assets/Resources/SO/Economy/Recipes/ResearchOverhaul/V3R69_포자폐증_백신.asset,docs_final/content-db/incoming/research-effects/research-project.csv
research:hospitality-operations,research-to-content,unlocks-building,BuildingSO,building:1700,resolved-content,references.RefIds.0.data.buildingId,Assets/Resources/SO/Research/Projects/hospitality_operations.asset,docs_final/content-db/relations/research-effects/research-project.csv
research:hospitality-operations,research-to-content,unlocks-building,BuildingSO,building:1709,resolved-content,references.RefIds.1.data.buildingId,Assets/Resources/SO/Research/Projects/hospitality_operations.asset,docs_final/content-db/relations/research-effects/research-project.csv
research:housing:room-assignment,research-to-content,unlocks-building,BuildingSO,building:8882,resolved-content,references.RefIds.1.data.buildingId,Assets/Resources/SO/Research/Projects/housing_room_assignment.asset,docs_final/content-db/relations/research-effects/research-project.csv
research:housing:room-assignment,research-to-content,unlocks-building,BuildingSO,building:8883,resolved-content,references.RefIds.0.data.buildingId,Assets/Resources/SO/Research/Projects/housing_room_assignment.asset,docs_final/content-db/relations/research-effects/research-project.csv
research:housing:room-assignment,content-requires-research,requires,ProductionRecipeSO,recipe:component:room-partition-kit,resolved-content,requiredResearchId,Assets/Resources/SO/Economy/Recipes/ResearchOverhaul/V3R93_방_칸막이_키트.asset,docs_final/content-db/incoming/research-effects/research-project.csv
research:husbandry:breeding,research-to-content,unlocks-building,BuildingSO,building:8817,resolved-content,references.RefIds.0.data.buildingId,Assets/Resources/SO/Research/Projects/husbandry_breeding.asset,docs_final/content-db/relations/research-effects/research-project.csv
research:husbandry:breeding,content-requires-research,requires,ProductionRecipeSO,recipe:record:breeding-ledger,resolved-content,requiredResearchId,Assets/Resources/SO/Economy/Recipes/ResearchOverhaul/V3R95_번식_장부.asset,docs_final/content-db/incoming/research-effects/research-project.csv
research:husbandry:capture,research-to-content,unlocks-building,BuildingSO,building:1034,resolved-content,references.RefIds.0.data.buildingId,Assets/Resources/SO/Research/Projects/husbandry_capture.asset,docs_final/content-db/relations/research-effects/research-project.csv
research:husbandry:capture,content-requires-research,requires,ProductionRecipeSO,recipe:trail-charm,resolved-content,requiredResearchId,Assets/Resources/SO/Economy/Recipes/recipe_trail_charm.asset,docs_final/content-db/incoming/research-effects/research-project.csv
research:husbandry:capture,content-requires-research,requires,ProductionRecipeSO,source:animal-blood,resolved-content,requiredResearchId,Assets/Resources/SO/Economy/Recipes/source_animal_blood.asset,docs_final/content-db/incoming/research-effects/research-project.csv
research:husbandry:capture,content-requires-research,requires,ProductionRecipeSO,source:animal-bone,resolved-content,requiredResearchId,Assets/Resources/SO/Economy/Recipes/source_animal_bone.asset,docs_final/content-db/incoming/research-effects/research-project.csv
research:husbandry:capture,content-requires-research,requires,ProductionRecipeSO,source:animal-fang,resolved-content,requiredResearchId,Assets/Resources/SO/Economy/Recipes/source_animal_fang.asset,docs_final/content-db/incoming/research-effects/research-project.csv
research:husbandry:capture,content-requires-research,requires,ProductionRecipeSO,source:animal-fat,resolved-content,requiredResearchId,Assets/Resources/SO/Economy/Recipes/source_animal_fat.asset,docs_final/content-db/incoming/research-effects/research-project.csv
research:husbandry:capture,content-requires-research,requires,ProductionRecipeSO,source:animal-hide,resolved-content,requiredResearchId,Assets/Resources/SO/Economy/Recipes/source_animal_hide.asset,docs_final/content-db/incoming/research-effects/research-project.csv
research:husbandry:capture,content-requires-research,requires,ProductionRecipeSO,source:animal-meat,resolved-content,requiredResearchId,Assets/Resources/SO/Economy/Recipes/source_animal_meat.asset,docs_final/content-db/incoming/research-effects/research-project.csv
research:husbandry:feed,research-to-content,unlocks-building,BuildingSO,building:1089,resolved-content,references.RefIds.0.data.buildingId,Assets/Resources/SO/Research/Projects/husbandry_feed.asset,docs_final/content-db/relations/research-effects/research-project.csv
research:husbandry:feed,research-to-content,unlocks-building,BuildingSO,building:1616,resolved-content,references.RefIds.1.data.buildingId,Assets/Resources/SO/Research/Projects/husbandry_feed.asset,docs_final/content-db/relations/research-effects/research-project.csv
research:husbandry:feed,content-requires-research,requires,ProductionRecipeSO,recipe:bedding-animal,resolved-content,requiredResearchId,Assets/Resources/SO/Economy/Recipes/recipe_bedding_animal.asset,docs_final/content-db/incoming/research-effects/research-project.csv
research:husbandry:feed,content-requires-research,requires,ProductionRecipeSO,recipe:bedding-straw,resolved-content,requiredResearchId,Assets/Resources/SO/Economy/Recipes/recipe_bedding_straw.asset,docs_final/content-db/incoming/research-effects/research-project.csv
research:husbandry:feed,content-requires-research,requires,ProductionRecipeSO,recipe:dog-food,resolved-content,requiredResearchId,Assets/Resources/SO/Economy/Recipes/recipe_dog_food.asset,docs_final/content-db/incoming/research-effects/research-project.csv
research:husbandry:feed,content-requires-research,requires,ProductionRecipeSO,recipe:dog-food-fresh,resolved-content,requiredResearchId,Assets/Resources/SO/Economy/Recipes/recipe_dog_food_fresh.asset,docs_final/content-db/incoming/research-effects/research-project.csv
research:husbandry:feed,content-requires-research,requires,ProductionRecipeSO,recipe:hay-feed,resolved-content,requiredResearchId,Assets/Resources/SO/Economy/Recipes/recipe_hay_feed.asset,docs_final/content-db/incoming/research-effects/research-project.csv
research:husbandry:feed,content-requires-research,requires,ProductionRecipeSO,recipe:low-fuel-manure,resolved-content,requiredResearchId,Assets/Resources/SO/Economy/Recipes/recipe_low_fuel_manure.asset,docs_final/content-db/incoming/research-effects/research-project.csv
research:husbandry:feed,content-requires-research,requires,ProductionRecipeSO,recipe:silage,resolved-content,requiredResearchId,Assets/Resources/SO/Economy/Recipes/Workshop/recipe_silage.asset,docs_final/content-db/incoming/research-effects/research-project.csv
research:husbandry:feed,content-requires-research,requires,ProductionRecipeSO,source:animal-manure,resolved-content,requiredResearchId,Assets/Resources/SO/Economy/Recipes/source_animal_manure.asset,docs_final/content-db/incoming/research-effects/research-project.csv
research:husbandry:seasonal-breeding,research-to-content,unlocks-building,BuildingSO,building:8855,resolved-content,references.RefIds.0.data.buildingId,Assets/Resources/SO/Research/Projects/husbandry_seasonal_breeding.asset,docs_final/content-db/relations/research-effects/research-project.csv
research:husbandry:selective,research-to-content,unlocks-building,BuildingSO,building:8818,resolved-content,references.RefIds.0.data.buildingId,Assets/Resources/SO/Research/Projects/husbandry_selective.asset,docs_final/content-db/relations/research-effects/research-project.csv
research:husbandry:selective,content-requires-research,requires,CraftMaterialDefinitionSO,resource:wool,resolved-content,requiredResearchId,Assets/Resources/SO/Economy/Materials/material_wool.asset,docs_final/content-db/incoming/research-effects/research-project.csv
research:husbandry:selective,content-requires-research,requires,ProductionRecipeSO,recipe:bowstring-sinew,resolved-content,requiredResearchId,Assets/Resources/SO/Economy/Recipes/recipe_bowstring_sinew.asset,docs_final/content-db/incoming/research-effects/research-project.csv
research:husbandry:selective,content-requires-research,requires,ProductionRecipeSO,source:animal-egg,resolved-content,requiredResearchId,Assets/Resources/SO/Economy/Recipes/source_animal_egg.asset,docs_final/content-db/incoming/research-effects/research-project.csv
research:husbandry:selective,content-requires-research,requires,ProductionRecipeSO,source:animal-feather,resolved-content,requiredResearchId,Assets/Resources/SO/Economy/Recipes/source_animal_feather.asset,docs_final/content-db/incoming/research-effects/research-project.csv
research:husbandry:selective,content-requires-research,requires,ProductionRecipeSO,source:animal-horn,resolved-content,requiredResearchId,Assets/Resources/SO/Economy/Recipes/source_animal_horn.asset,docs_final/content-db/incoming/research-effects/research-project.csv
research:husbandry:selective,content-requires-research,requires,ProductionRecipeSO,source:animal-milk,resolved-content,requiredResearchId,Assets/Resources/SO/Economy/Recipes/source_animal_milk.asset,docs_final/content-db/incoming/research-effects/research-project.csv
research:husbandry:selective,content-requires-research,requires,ProductionRecipeSO,source:animal-wool,resolved-content,requiredResearchId,Assets/Resources/SO/Economy/Recipes/source_animal_wool.asset,docs_final/content-db/incoming/research-effects/research-project.csv
research:husbandry:stable,research-to-content,unlocks-building,BuildingSO,building:8819,resolved-content,references.RefIds.0.data.buildingId,Assets/Resources/SO/Research/Projects/husbandry_stable.asset,docs_final/content-db/relations/research-effects/research-project.csv
research:husbandry:taming,research-to-content,unlocks-building,BuildingSO,building:8820,resolved-content,references.RefIds.0.data.buildingId,Assets/Resources/SO/Research/Projects/husbandry_taming.asset,docs_final/content-db/relations/research-effects/research-project.csv
research:industry:assisted-processing,research-to-content,unlocks-building,BuildingSO,building:1609,resolved-content,references.RefIds.0.data.buildingId,Assets/Resources/SO/Research/Projects/industry_assisted_processing.asset,docs_final/content-db/relations/research-effects/research-project.csv
research:industry:assisted-processing,research-to-content,unlocks-building,BuildingSO,building:8821,resolved-content,references.RefIds.1.data.buildingId,Assets/Resources/SO/Research/Projects/industry_assisted_processing.asset,docs_final/content-db/relations/research-effects/research-project.csv
research:industry:assisted-processing,research-to-content,unlocks-building,BuildingSO,building:9313,resolved-content,references.RefIds.2.data.buildingId,Assets/Resources/SO/Research/Projects/industry_assisted_processing.asset,docs_final/content-db/relations/research-effects/research-project.csv
research:industry:assisted-processing,research-to-content,unlocks-building,BuildingSO,building:9314,resolved-content,references.RefIds.3.data.buildingId,Assets/Resources/SO/Research/Projects/industry_assisted_processing.asset,docs_final/content-db/relations/research-effects/research-project.csv
research:industry:assisted-processing,content-requires-research,requires,ProductionRecipeSO,recipe:component:machine-parts,resolved-content,requiredResearchId,Assets/Resources/SO/Economy/Recipes/ResearchOverhaul/V3R09_기계_부품.asset,docs_final/content-db/incoming/research-effects/research-project.csv
research:industry:assisted-processing,content-requires-research,requires,ProductionRecipeSO,recipe:v22:spin-powered:cave-silk,resolved-content,requiredResearchId,Assets/Resources/SO/Economy/Recipes/V22Apparel/recipe_v22_spin_powered_cave_silk.asset,docs_final/content-db/incoming/research-effects/research-project.csv
research:industry:assisted-processing,research-to-content,unlocks-recipe,ProductionRecipeSO,recipe:v22:spin-powered:cave-silk,resolved-content,references.RefIds.4.data.recipeId,Assets/Resources/SO/Research/Projects/industry_assisted_processing.asset,docs_final/content-db/relations/research-effects/research-project.csv
research:industry:assisted-processing,content-requires-research,requires,ProductionRecipeSO,recipe:v22:spin-powered:common-wool,resolved-content,requiredResearchId,Assets/Resources/SO/Economy/Recipes/V22Apparel/recipe_v22_spin_powered_common_wool.asset,docs_final/content-db/incoming/research-effects/research-project.csv
research:industry:assisted-processing,research-to-content,unlocks-recipe,ProductionRecipeSO,recipe:v22:spin-powered:common-wool,resolved-content,references.RefIds.5.data.recipeId,Assets/Resources/SO/Research/Projects/industry_assisted_processing.asset,docs_final/content-db/relations/research-effects/research-project.csv
research:industry:assisted-processing,content-requires-research,requires,ProductionRecipeSO,recipe:v22:spin-powered:deep-goat-wool,resolved-content,requiredResearchId,Assets/Resources/SO/Economy/Recipes/V22Apparel/recipe_v22_spin_powered_deep_goat_wool.asset,docs_final/content-db/incoming/research-effects/research-project.csv
research:industry:assisted-processing,research-to-content,unlocks-recipe,ProductionRecipeSO,recipe:v22:spin-powered:deep-goat-wool,resolved-content,references.RefIds.6.data.recipeId,Assets/Resources/SO/Research/Projects/industry_assisted_processing.asset,docs_final/content-db/relations/research-effects/research-project.csv
research:industry:assisted-processing,content-requires-research,requires,ProductionRecipeSO,recipe:v22:spin-powered:dreamweave,resolved-content,requiredResearchId,Assets/Resources/SO/Economy/Recipes/V22Apparel/recipe_v22_spin_powered_dreamweave.asset,docs_final/content-db/incoming/research-effects/research-project.csv
research:industry:assisted-processing,research-to-content,unlocks-recipe,ProductionRecipeSO,recipe:v22:spin-powered:dreamweave,resolved-content,references.RefIds.7.data.recipeId,Assets/Resources/SO/Research/Projects/industry_assisted_processing.asset,docs_final/content-db/relations/research-effects/research-project.csv
research:industry:assisted-processing,content-requires-research,requires,ProductionRecipeSO,recipe:v22:spin-powered:ember-cotton,resolved-content,requiredResearchId,Assets/Resources/SO/Economy/Recipes/V22Apparel/recipe_v22_spin_powered_ember_cotton.asset,docs_final/content-db/incoming/research-effects/research-project.csv
research:industry:assisted-processing,research-to-content,unlocks-recipe,ProductionRecipeSO,recipe:v22:spin-powered:ember-cotton,resolved-content,references.RefIds.8.data.recipeId,Assets/Resources/SO/Research/Projects/industry_assisted_processing.asset,docs_final/content-db/relations/research-effects/research-project.csv
research:industry:assisted-processing,content-requires-research,requires,ProductionRecipeSO,recipe:v22:spin-powered:frost-linen,resolved-content,requiredResearchId,Assets/Resources/SO/Economy/Recipes/V22Apparel/recipe_v22_spin_powered_frost_linen.asset,docs_final/content-db/incoming/research-effects/research-project.csv
research:industry:assisted-processing,research-to-content,unlocks-recipe,ProductionRecipeSO,recipe:v22:spin-powered:frost-linen,resolved-content,references.RefIds.9.data.recipeId,Assets/Resources/SO/Research/Projects/industry_assisted_processing.asset,docs_final/content-db/relations/research-effects/research-project.csv
research:industry:assisted-processing,content-requires-research,requires,ProductionRecipeSO,recipe:v22:spin-powered:frost-wool,resolved-content,requiredResearchId,Assets/Resources/SO/Economy/Recipes/V22Apparel/recipe_v22_spin_powered_frost_wool.asset,docs_final/content-db/incoming/research-effects/research-project.csv
research:industry:assisted-processing,research-to-content,unlocks-recipe,ProductionRecipeSO,recipe:v22:spin-powered:frost-wool,resolved-content,references.RefIds.10.data.recipeId,Assets/Resources/SO/Research/Projects/industry_assisted_processing.asset,docs_final/content-db/relations/research-effects/research-project.csv
research:industry:assisted-processing,content-requires-research,requires,ProductionRecipeSO,recipe:v22:spin-powered:mire-canvas,resolved-content,requiredResearchId,Assets/Resources/SO/Economy/Recipes/V22Apparel/recipe_v22_spin_powered_mire_canvas.asset,docs_final/content-db/incoming/research-effects/research-project.csv
research:industry:assisted-processing,research-to-content,unlocks-recipe,ProductionRecipeSO,recipe:v22:spin-powered:mire-canvas,resolved-content,references.RefIds.11.data.recipeId,Assets/Resources/SO/Research/Projects/industry_assisted_processing.asset,docs_final/content-db/relations/research-effects/research-project.csv
research:industry:assisted-processing,content-requires-research,requires,ProductionRecipeSO,recipe:v22:spin-powered:shade-cloth,resolved-content,requiredResearchId,Assets/Resources/SO/Economy/Recipes/V22Apparel/recipe_v22_spin_powered_shade_cloth.asset,docs_final/content-db/incoming/research-effects/research-project.csv
research:industry:assisted-processing,research-to-content,unlocks-recipe,ProductionRecipeSO,recipe:v22:spin-powered:shade-cloth,resolved-content,references.RefIds.12.data.recipeId,Assets/Resources/SO/Research/Projects/industry_assisted_processing.asset,docs_final/content-db/relations/research-effects/research-project.csv
research:industry:assisted-processing,content-requires-research,requires,ProductionRecipeSO,recipe:v22:spin-powered:spore-hemp,resolved-content,requiredResearchId,Assets/Resources/SO/Economy/Recipes/V22Apparel/recipe_v22_spin_powered_spore_hemp.asset,docs_final/content-db/incoming/research-effects/research-project.csv
research:industry:assisted-processing,research-to-content,unlocks-recipe,ProductionRecipeSO,recipe:v22:spin-powered:spore-hemp,resolved-content,references.RefIds.13.data.recipeId,Assets/Resources/SO/Research/Projects/industry_assisted_processing.asset,docs_final/content-db/relations/research-effects/research-project.csv
research:industry:automatic-bills,research-to-content,unlocks-building,BuildingSO,building:9860,resolved-content,references.RefIds.0.data.buildingId,Assets/Resources/SO/Research/Projects/industry_automatic_bills.asset,docs_final/content-db/relations/research-effects/research-project.csv
research:industry:automatic-bills,content-requires-research,requires,ProductionRecipeSO,recipe:component:stock-sensor-panel,resolved-content,requiredResearchId,Assets/Resources/SO/Economy/Recipes/ResearchOverhaul/V3R24_재고_감지반.asset,docs_final/content-db/incoming/research-effects/research-project.csv
research:industry:automatic-sanitation,research-to-content,unlocks-building,BuildingSO,building:8822,resolved-content,references.RefIds.0.data.buildingId,Assets/Resources/SO/Research/Projects/industry_automatic_sanitation.asset,docs_final/content-db/relations/research-effects/research-project.csv
research:industry:automatic-sanitation,research-to-content,unlocks-building,BuildingSO,building:9305,resolved-content,references.RefIds.2.data.buildingId,Assets/Resources/SO/Research/Projects/industry_automatic_sanitation.asset,docs_final/content-db/relations/research-effects/research-project.csv
research:industry:automatic-sanitation,research-to-content,unlocks-building,BuildingSO,building:9804,resolved-content,references.RefIds.1.data.buildingId,Assets/Resources/SO/Research/Projects/industry_automatic_sanitation.asset,docs_final/content-db/relations/research-effects/research-project.csv
research:industry:breakers,research-to-content,unlocks-building,BuildingSO,building:8830,resolved-content,references.RefIds.1.data.buildingId,Assets/Resources/SO/Research/Projects/industry_breakers.asset,docs_final/content-db/relations/research-effects/research-project.csv
research:industry:breakers,research-to-content,unlocks-building,BuildingSO,building:9814,resolved-content,references.RefIds.0.data.buildingId,Assets/Resources/SO/Research/Projects/industry_breakers.asset,docs_final/content-db/relations/research-effects/research-project.csv
research:industry:breakers,content-requires-research,requires,ProductionRecipeSO,recipe:tool:maintenance-kit,resolved-content,requiredResearchId,Assets/Resources/SO/Economy/Recipes/ResearchOverhaul/V3R25_정비_키트.asset,docs_final/content-db/incoming/research-effects/research-project.csv
research:industry:conveyor,research-to-content,unlocks-building,BuildingSO,building:9840,resolved-content,references.RefIds.2.data.buildingId,Assets/Resources/SO/Research/Projects/industry_conveyor.asset,docs_final/content-db/relations/research-effects/research-project.csv
research:industry:conveyor,research-to-content,unlocks-building,BuildingSO,building:9841,resolved-content,references.RefIds.1.data.buildingId,Assets/Resources/SO/Research/Projects/industry_conveyor.asset,docs_final/content-db/relations/research-effects/research-project.csv
research:industry:conveyor,research-to-content,unlocks-building,BuildingSO,building:9842,resolved-content,references.RefIds.3.data.buildingId,Assets/Resources/SO/Research/Projects/industry_conveyor.asset,docs_final/content-db/relations/research-effects/research-project.csv
research:industry:conveyor,research-to-content,unlocks-building,BuildingSO,building:9843,resolved-content,references.RefIds.0.data.buildingId,Assets/Resources/SO/Research/Projects/industry_conveyor.asset,docs_final/content-db/relations/research-effects/research-project.csv
research:industry:conveyor,research-to-content,unlocks-building,BuildingSO,building:9844,resolved-content,references.RefIds.4.data.buildingId,Assets/Resources/SO/Research/Projects/industry_conveyor.asset,docs_final/content-db/relations/research-effects/research-project.csv
research:industry:conveyor,research-to-content,unlocks-building,BuildingSO,building:9845,resolved-content,references.RefIds.5.data.buildingId,Assets/Resources/SO/Research/Projects/industry_conveyor.asset,docs_final/content-db/relations/research-effects/research-project.csv
research:industry:dark-foundry,research-to-content,unlocks-building,BuildingSO,building:8901,resolved-content,references.RefIds.0.data.buildingId,Assets/Resources/SO/Research/Projects/industry_dark_foundry.asset,docs_final/content-db/relations/research-effects/research-project.csv
research:industry:dark-foundry,content-requires-research,requires,CombatArmorSO,equipment-item:armor:blacksteel-carapace,resolved-content,requiredResearchId,Assets/Resources/SO/Combat/Equipment/A17_BlacksteelCarapace.asset,docs_final/content-db/incoming/research-effects/research-project.csv
research:industry:dark-foundry,content-requires-research,requires,CombatShieldSO,equipment-item:shield:blacksteel,resolved-content,requiredResearchId,Assets/Resources/SO/Combat/Equipment/S07_BlacksteelShield.asset,docs_final/content-db/incoming/research-effects/research-project.csv
research:industry:dark-foundry,content-requires-research,requires,CombatWeaponSO,equipment-item:weapon:blacksteel-poleaxe,resolved-content,requiredResearchId,Assets/Resources/SO/Combat/Equipment/W28_BlacksteelPoleaxe.asset,docs_final/content-db/incoming/research-effects/research-project.csv
research:industry:dark-foundry,content-requires-research,requires,ProductionRecipeSO,recipe:ammo:blacksteel-bolt,resolved-content,requiredResearchId,Assets/Resources/SO/Economy/Recipes/ResearchOverhaul/V3R132_흑강_볼트.asset,docs_final/content-db/incoming/research-effects/research-project.csv
research:industry:electric-lighting,research-to-content,unlocks-building,BuildingSO,building:9824,resolved-content,references.RefIds.0.data.buildingId,Assets/Resources/SO/Research/Projects/industry_electric_lighting.asset,docs_final/content-db/relations/research-effects/research-project.csv
research:industry:electric-lighting,content-requires-research,requires,ProductionRecipeSO,recipe:component:insulated-wiring,resolved-content,requiredResearchId,Assets/Resources/SO/Economy/Recipes/ResearchOverhaul/V3R111_절연_배선_묶음.asset,docs_final/content-db/incoming/research-effects/research-project.csv
research:industry:electric-smelting,research-to-content,unlocks-building,BuildingSO,building:8828,resolved-content,references.RefIds.1.data.buildingId,Assets/Resources/SO/Research/Projects/industry_electric_smelting.asset,docs_final/content-db/relations/research-effects/research-project.csv
research:industry:electric-smelting,research-to-content,unlocks-building,BuildingSO,building:9825,resolved-content,references.RefIds.0.data.buildingId,Assets/Resources/SO/Research/Projects/industry_electric_smelting.asset,docs_final/content-db/relations/research-effects/research-project.csv
research:industry:junctions,research-to-content,unlocks-building,BuildingSO,building:9846,resolved-content,references.RefIds.1.data.buildingId,Assets/Resources/SO/Research/Projects/industry_junctions.asset,docs_final/content-db/relations/research-effects/research-project.csv
research:industry:junctions,research-to-content,unlocks-building,BuildingSO,building:9847,resolved-content,references.RefIds.2.data.buildingId,Assets/Resources/SO/Research/Projects/industry_junctions.asset,docs_final/content-db/relations/research-effects/research-project.csv
research:industry:junctions,research-to-content,unlocks-building,BuildingSO,building:9848,resolved-content,references.RefIds.0.data.buildingId,Assets/Resources/SO/Research/Projects/industry_junctions.asset,docs_final/content-db/relations/research-effects/research-project.csv
research:industry:junctions,research-to-content,unlocks-building,BuildingSO,building:9849,resolved-content,references.RefIds.3.data.buildingId,Assets/Resources/SO/Research/Projects/industry_junctions.asset,docs_final/content-db/relations/research-effects/research-project.csv
research:industry:lifts,research-to-content,unlocks-building,BuildingSO,building:9850,resolved-content,references.RefIds.1.data.buildingId,Assets/Resources/SO/Research/Projects/industry_lifts.asset,docs_final/content-db/relations/research-effects/research-project.csv
research:industry:lifts,research-to-content,unlocks-building,BuildingSO,building:9851,resolved-content,references.RefIds.2.data.buildingId,Assets/Resources/SO/Research/Projects/industry_lifts.asset,docs_final/content-db/relations/research-effects/research-project.csv
research:industry:lifts,research-to-content,unlocks-building,BuildingSO,building:9852,resolved-content,references.RefIds.0.data.buildingId,Assets/Resources/SO/Research/Projects/industry_lifts.asset,docs_final/content-db/relations/research-effects/research-project.csv
research:industry:line-balancing,research-to-content,unlocks-building,BuildingSO,building:8824,resolved-content,references.RefIds.0.data.buildingId,Assets/Resources/SO/Research/Projects/industry_line_balancing.asset,docs_final/content-db/relations/research-effects/research-project.csv
research:industry:line-balancing,research-to-content,unlocks-building,BuildingSO,building:8829,resolved-content,references.RefIds.1.data.buildingId,Assets/Resources/SO/Research/Projects/industry_line_balancing.asset,docs_final/content-db/relations/research-effects/research-project.csv
research:industry:line-balancing,content-requires-research,requires,ProductionRecipeSO,recipe:supply:defense-mixed-ammo-box,resolved-content,requiredResearchId,Assets/Resources/SO/Economy/Recipes/ResearchOverhaul/V3R136_방어시설용_혼합_탄약_상자.asset,docs_final/content-db/incoming/research-effects/research-project.csv
research:industry:mana-power,research-to-content,unlocks-building,BuildingSO,building:8823,resolved-content,references.RefIds.1.data.buildingId,Assets/Resources/SO/Research/Projects/industry_mana_power.asset,docs_final/content-db/relations/research-effects/research-project.csv
research:industry:mana-power,research-to-content,unlocks-building,BuildingSO,building:9812,resolved-content,references.RefIds.0.data.buildingId,Assets/Resources/SO/Research/Projects/industry_mana_power.asset,docs_final/content-db/relations/research-effects/research-project.csv
research:industry:mana-power,content-requires-research,requires,ProductionRecipeSO,recipe:component:rune-bus-coupler,resolved-content,requiredResearchId,Assets/Resources/SO/Economy/Recipes/ResearchOverhaul/V3R35_룬_버스_결합기.asset,docs_final/content-db/incoming/research-effects/research-project.csv
research:industry:mana-power,content-requires-research,requires,ProductionRecipeSO,recipe:component:rune-conductor,resolved-content,requiredResearchId,Assets/Resources/SO/Economy/Recipes/ResearchOverhaul/V3R11_룬_도체.asset,docs_final/content-db/incoming/research-effects/research-project.csv
research:industry:mana-power,content-requires-research,requires,ProductionRecipeSO,recipe:material:mana-alloy,resolved-content,requiredResearchId,Assets/Resources/SO/Economy/Recipes/ResearchOverhaul/V3R83_마나_합금.asset,docs_final/content-db/incoming/research-effects/research-project.csv
research:industry:powered-tools,research-to-content,unlocks-building,BuildingSO,building:1035,resolved-content,references.RefIds.0.data.buildingId,Assets/Resources/SO/Research/Projects/industry_powered_tools.asset,docs_final/content-db/relations/research-effects/research-project.csv
research:industry:powered-tools,research-to-content,unlocks-building,BuildingSO,building:8827,resolved-content,references.RefIds.1.data.buildingId,Assets/Resources/SO/Research/Projects/industry_powered_tools.asset,docs_final/content-db/relations/research-effects/research-project.csv
research:industry:powered-tools,research-to-content,unlocks-building,BuildingSO,building:8831,resolved-content,references.RefIds.2.data.buildingId,Assets/Resources/SO/Research/Projects/industry_powered_tools.asset,docs_final/content-db/relations/research-effects/research-project.csv
research:industry:powered-tools,content-requires-research,requires,ProductionRecipeSO,recipe:component:engineering-drawing,resolved-content,requiredResearchId,Assets/Resources/SO/Economy/Recipes/ResearchOverhaul/V3R17_공학_도면.asset,docs_final/content-db/incoming/research-effects/research-project.csv
research:industry:powered-tools,content-requires-research,requires,ProductionRecipeSO,recipe:component:factory-installation-plan,resolved-content,requiredResearchId,Assets/Resources/SO/Economy/Recipes/ResearchOverhaul/V3R30_공장_설치_도면.asset,docs_final/content-db/incoming/research-effects/research-project.csv
research:industry:powered-tools,content-requires-research,requires,ProductionRecipeSO,recipe:material:cartridge-paper,resolved-content,requiredResearchId,Assets/Resources/SO/Economy/Recipes/ResearchOverhaul/V3R80_탄약지.asset,docs_final/content-db/incoming/research-effects/research-project.csv
research:industry:powered-tools,content-requires-research,requires,ProductionRecipeSO,recipe:material:paper,resolved-content,requiredResearchId,Assets/Resources/SO/Economy/Recipes/ResearchOverhaul/V3R05_종이.asset,docs_final/content-db/incoming/research-effects/research-project.csv
research:industry:powered-tools,content-requires-research,requires,ProductionRecipeSO,recipe:tool:powered-tool-head,resolved-content,requiredResearchId,Assets/Resources/SO/Economy/Recipes/ResearchOverhaul/V3R26_동력_공구날.asset,docs_final/content-db/incoming/research-effects/research-project.csv
research:industry:precision,research-to-content,unlocks-building,BuildingSO,building:8832,resolved-content,references.RefIds.0.data.buildingId,Assets/Resources/SO/Research/Projects/industry_precision.asset,docs_final/content-db/relations/research-effects/research-project.csv
research:industry:rune-automation,research-to-content,unlocks-building,BuildingSO,building:8833,resolved-content,references.RefIds.0.data.buildingId,Assets/Resources/SO/Research/Projects/industry_rune_automation.asset,docs_final/content-db/relations/research-effects/research-project.csv
research:industry:rune-automation,content-requires-research,requires,ProductionRecipeSO,recipe:component:rune-control-panel,resolved-content,requiredResearchId,Assets/Resources/SO/Economy/Recipes/ResearchOverhaul/V3R34_룬_제어반.asset,docs_final/content-db/incoming/research-effects/research-project.csv
research:industry:steam-power,research-to-content,unlocks-building,BuildingSO,building:9801,resolved-content,references.RefIds.0.data.buildingId,Assets/Resources/SO/Research/Projects/industry_steam_power.asset,docs_final/content-db/relations/research-effects/research-project.csv
research:industry:steam-power,research-to-content,unlocks-building,BuildingSO,building:9810,resolved-content,references.RefIds.1.data.buildingId,Assets/Resources/SO/Research/Projects/industry_steam_power.asset,docs_final/content-db/relations/research-effects/research-project.csv
research:industry:storage,research-to-content,unlocks-building,BuildingSO,building:9813,resolved-content,references.RefIds.0.data.buildingId,Assets/Resources/SO/Research/Projects/industry_storage.asset,docs_final/content-db/relations/research-effects/research-project.csv
research:industry:storage,research-to-content,unlocks-building,BuildingSO,building:9815,resolved-content,references.RefIds.1.data.buildingId,Assets/Resources/SO/Research/Projects/industry_storage.asset,docs_final/content-db/relations/research-effects/research-project.csv
research:industry:waterwheel,research-to-content,unlocks-building,BuildingSO,building:9811,resolved-content,references.RefIds.0.data.buildingId,Assets/Resources/SO/Research/Projects/industry_waterwheel.asset,docs_final/content-db/relations/research-effects/research-project.csv
research:industry:waterwheel,content-requires-research,requires,ProductionRecipeSO,recipe:component:waterwheel-drive-shaft,resolved-content,requiredResearchId,Assets/Resources/SO/Economy/Recipes/ResearchOverhaul/V3R112_수차_구동축.asset,docs_final/content-db/incoming/research-effects/research-project.csv
research:life:seasonal-calendar,research-to-content,unlocks-building,BuildingSO,building:8849,resolved-content,references.RefIds.0.data.buildingId,Assets/Resources/SO/Research/Projects/life_seasonal_calendar.asset,docs_final/content-db/relations/research-effects/research-project.csv
research:life:seasonal-calendar,content-requires-research,requires,ProductionRecipeSO,recipe:book:seasonal-almanac,resolved-content,requiredResearchId,Assets/Resources/SO/Economy/Recipes/ResearchOverhaul/V3R89_계절력_책자.asset,docs_final/content-db/incoming/research-effects/research-project.csv
research:medical-reception,research-to-content,unlocks-building,BuildingSO,building:1702,resolved-content,references.RefIds.0.data.buildingId,Assets/Resources/SO/Research/Projects/medical_reception.asset,docs_final/content-db/relations/research-effects/research-project.csv
research:medical-reception,research-to-content,unlocks-building,BuildingSO,building:1711,resolved-content,references.RefIds.1.data.buildingId,Assets/Resources/SO/Research/Projects/medical_reception.asset,docs_final/content-db/relations/research-effects/research-project.csv
research:medical:aberrant-augmentation,research-to-content,unlocks-building,BuildingSO,building:9512,resolved-content,references.RefIds.0.data.buildingId,Assets/Resources/SO/Research/Projects/medical_aberrant_augmentation.asset,docs_final/content-db/relations/research-effects/research-project.csv
research:medical:aberrant-augmentation,research-to-content,unlocks-building,BuildingSO,building:9513,resolved-content,references.RefIds.1.data.buildingId,Assets/Resources/SO/Research/Projects/medical_aberrant_augmentation.asset,docs_final/content-db/relations/research-effects/research-project.csv
research:medical:aberrant-augmentation,content-requires-research,requires,SurgicalProcedureSO,procedure:arcane-modification,resolved-content,requiredResearchId,Assets/Resources/SO/Medical/Procedures/procedure_arcane-modification.asset,docs_final/content-db/incoming/research-effects/research-project.csv
research:medical:anatomy,research-to-content,unlocks-building,BuildingSO,building:9502,resolved-content,references.RefIds.0.data.buildingId,Assets/Resources/SO/Research/Projects/medical_anatomy.asset,docs_final/content-db/relations/research-effects/research-project.csv
research:medical:anatomy,content-requires-research,requires,SurgicalProcedureSO,procedure:corpse-organ-extraction,resolved-content,requiredResearchId,Assets/Resources/SO/Medical/Procedures/procedure_corpse-organ-extraction.asset,docs_final/content-db/incoming/research-effects/research-project.csv
research:medical:avian-prosthetics,content-requires-research,requires,SurgicalProcedureSO,procedure:harpy-air-sac-suture,resolved-content,requiredResearchId,Assets/Resources/SO/Medical/Procedures/procedure_harpy-air-sac-suture.asset,docs_final/content-db/incoming/research-effects/research-project.csv
research:medical:avian-prosthetics,content-requires-research,requires,SurgicalProcedureSO,procedure:harpy-feather-regrowth,resolved-content,requiredResearchId,Assets/Resources/SO/Medical/Procedures/procedure_harpy-feather-regrowth.asset,docs_final/content-db/incoming/research-effects/research-project.csv
research:medical:avian-prosthetics,content-requires-research,requires,SurgicalProcedureSO,procedure:harpy-tail-graft,resolved-content,requiredResearchId,Assets/Resources/SO/Medical/Procedures/procedure_harpy-tail-graft.asset,docs_final/content-db/incoming/research-effects/research-project.csv
research:medical:avian-prosthetics,content-requires-research,requires,SurgicalProcedureSO,procedure:harpy-wing-fixation,resolved-content,requiredResearchId,Assets/Resources/SO/Medical/Procedures/procedure_harpy-wing-fixation.asset,docs_final/content-db/incoming/research-effects/research-project.csv
research:medical:blood-rejuvenation,research-to-content,unlocks-building,BuildingSO,building:8869,resolved-content,references.RefIds.0.data.buildingId,Assets/Resources/SO/Research/Projects/medical_blood_rejuvenation.asset,docs_final/content-db/relations/research-effects/research-project.csv
research:medical:blood-rejuvenation,content-requires-research,requires,ProductionRecipeSO,recipe:medical:rejuvenation-serum,resolved-content,requiredResearchId,Assets/Resources/SO/Economy/Recipes/ResearchOverhaul/V3R118_회춘_혈청.asset,docs_final/content-db/incoming/research-effects/research-project.csv
research:medical:blood-rejuvenation,content-requires-research,requires,SurgicalProcedureSO,procedure:blood-rejuvenation,resolved-content,requiredResearchId,Assets/Resources/SO/Medical/Procedures/procedure_blood-rejuvenation.asset,docs_final/content-db/incoming/research-effects/research-project.csv
research:medical:bloodcraft-augmentation,content-requires-research,requires,SurgicalProcedureSO,procedure:vampire-blood-sac,resolved-content,requiredResearchId,Assets/Resources/SO/Medical/Procedures/procedure_vampire-blood-sac.asset,docs_final/content-db/incoming/research-effects/research-project.csv
research:medical:bloodcraft-augmentation,content-requires-research,requires,SurgicalProcedureSO,procedure:vampire-night-eye,resolved-content,requiredResearchId,Assets/Resources/SO/Medical/Procedures/procedure_vampire-night-eye.asset,docs_final/content-db/incoming/research-effects/research-project.csv
research:medical:construct-core-engineering,research-to-content,unlocks-building,BuildingSO,building:8847,resolved-content,references.RefIds.0.data.buildingId,Assets/Resources/SO/Research/Projects/medical_construct_core_engineering.asset,docs_final/content-db/relations/research-effects/research-project.csv
research:medical:construct-core-engineering,content-requires-research,requires,ProductionRecipeSO,recipe:component:golem-core-case,resolved-content,requiredResearchId,Assets/Resources/SO/Economy/Recipes/ResearchOverhaul/V3R119_골렘_핵_케이스.asset,docs_final/content-db/incoming/research-effects/research-project.csv
research:medical:construct-core-maintenance,content-requires-research,requires,SurgicalProcedureSO,procedure:golem-body-recast,resolved-content,requiredResearchId,Assets/Resources/SO/Medical/Procedures/procedure_golem-body-recast.asset,docs_final/content-db/incoming/research-effects/research-project.csv
research:medical:construct-core-maintenance,content-requires-research,requires,SurgicalProcedureSO,procedure:golem-coolant-refill,resolved-content,requiredResearchId,Assets/Resources/SO/Medical/Procedures/procedure_golem-coolant-refill.asset,docs_final/content-db/incoming/research-effects/research-project.csv
research:medical:construct-core-maintenance,content-requires-research,requires,SurgicalProcedureSO,procedure:golem-power-core,resolved-content,requiredResearchId,Assets/Resources/SO/Medical/Procedures/procedure_golem-power-core.asset,docs_final/content-db/incoming/research-effects/research-project.csv
research:medical:construct-core-maintenance,content-requires-research,requires,SurgicalProcedureSO,procedure:golem-sensor-core,resolved-content,requiredResearchId,Assets/Resources/SO/Medical/Procedures/procedure_golem-sensor-core.asset,docs_final/content-db/incoming/research-effects/research-project.csv
research:medical:construct-core-maintenance,content-requires-research,requires,SurgicalProcedureSO,procedure:golem-servo-alignment,resolved-content,requiredResearchId,Assets/Resources/SO/Medical/Procedures/procedure_golem-servo-alignment.asset,docs_final/content-db/incoming/research-effects/research-project.csv
research:medical:geriatric-medicine,research-to-content,unlocks-building,BuildingSO,building:8865,resolved-content,references.RefIds.1.data.buildingId,Assets/Resources/SO/Research/Projects/medical_geriatric_medicine.asset,docs_final/content-db/relations/research-effects/research-project.csv
research:medical:geriatric-medicine,research-to-content,unlocks-building,BuildingSO,building:8866,resolved-content,references.RefIds.0.data.buildingId,Assets/Resources/SO/Research/Projects/medical_geriatric_medicine.asset,docs_final/content-db/relations/research-effects/research-project.csv
research:medical:gerontology,research-to-content,unlocks-building,BuildingSO,building:8863,resolved-content,references.RefIds.1.data.buildingId,Assets/Resources/SO/Research/Projects/medical_gerontology.asset,docs_final/content-db/relations/research-effects/research-project.csv
research:medical:gerontology,research-to-content,unlocks-building,BuildingSO,building:8864,resolved-content,references.RefIds.0.data.buildingId,Assets/Resources/SO/Research/Projects/medical_gerontology.asset,docs_final/content-db/relations/research-effects/research-project.csv
research:medical:mana-core-engineering,content-requires-research,requires,ProductionRecipeSO,recipe:medical:mana-core-case,resolved-content,requiredResearchId,Assets/Resources/SO/Economy/Recipes/ResearchOverhaul/V3R33_마핵_케이스.asset,docs_final/content-db/incoming/research-effects/research-project.csv
research:medical:mana-core-engineering,content-requires-research,requires,SurgicalProcedureSO,procedure:demon-heat-sac,resolved-content,requiredResearchId,Assets/Resources/SO/Medical/Procedures/procedure_demon-heat-sac.asset,docs_final/content-db/incoming/research-effects/research-project.csv
research:medical:mana-core-engineering,content-requires-research,requires,SurgicalProcedureSO,procedure:demon-mana-core-suture,resolved-content,requiredResearchId,Assets/Resources/SO/Medical/Procedures/procedure_demon-mana-core-suture.asset,docs_final/content-db/incoming/research-effects/research-project.csv
research:medical:mycelial-grafting,content-requires-research,requires,ProductionRecipeSO,recipe:medical:sterile-mycelium-graft,resolved-content,requiredResearchId,Assets/Resources/SO/Economy/Recipes/ResearchOverhaul/V3R36_무균_균사_이식편.asset,docs_final/content-db/incoming/research-effects/research-project.csv
research:medical:mycelial-grafting,content-requires-research,requires,SurgicalProcedureSO,procedure:myconid-core-graft,resolved-content,requiredResearchId,Assets/Resources/SO/Medical/Procedures/procedure_myconid-core-graft.asset,docs_final/content-db/incoming/research-effects/research-project.csv
research:medical:mycelial-grafting,content-requires-research,requires,SurgicalProcedureSO,procedure:myconid-hypha-binding,resolved-content,requiredResearchId,Assets/Resources/SO/Medical/Procedures/procedure_myconid-hypha-binding.asset,docs_final/content-db/incoming/research-effects/research-project.csv
research:medical:mycelial-grafting,content-requires-research,requires,SurgicalProcedureSO,procedure:myconid-regrowth,resolved-content,requiredResearchId,Assets/Resources/SO/Medical/Procedures/procedure_myconid-regrowth.asset,docs_final/content-db/incoming/research-effects/research-project.csv
research:medical:mycelial-grafting,content-requires-research,requires,SurgicalProcedureSO,procedure:myconid-spore-cleaning,resolved-content,requiredResearchId,Assets/Resources/SO/Medical/Procedures/procedure_myconid-spore-cleaning.asset,docs_final/content-db/incoming/research-effects/research-project.csv
research:medical:organ-preservation,research-to-content,unlocks-building,BuildingSO,building:9508,resolved-content,references.RefIds.0.data.buildingId,Assets/Resources/SO/Research/Projects/medical_organ_preservation.asset,docs_final/content-db/relations/research-effects/research-project.csv
research:medical:organ-preservation,content-requires-research,requires,ProductionRecipeSO,recipe:medical:organ-preservation-canister,resolved-content,requiredResearchId,Assets/Resources/SO/Economy/Recipes/ResearchOverhaul/V3R120_장기_보존_용기.asset,docs_final/content-db/incoming/research-effects/research-project.csv
research:medical:organ-regeneration,research-to-content,unlocks-building,BuildingSO,building:8868,resolved-content,references.RefIds.0.data.buildingId,Assets/Resources/SO/Research/Projects/medical_organ_regeneration.asset,docs_final/content-db/relations/research-effects/research-project.csv
research:medical:organ-regeneration,content-requires-research,requires,ProductionRecipeSO,recipe:medical:organ-regeneration-scaffold,resolved-content,requiredResearchId,Assets/Resources/SO/Economy/Recipes/ResearchOverhaul/V3R121_장기_재생_골격.asset,docs_final/content-db/incoming/research-effects/research-project.csv
research:medical:organ-regeneration,content-requires-research,requires,SurgicalProcedureSO,procedure:organ-regeneration,resolved-content,requiredResearchId,Assets/Resources/SO/Medical/Procedures/procedure_organ-regeneration.asset,docs_final/content-db/incoming/research-effects/research-project.csv
research:medical:prosthetics,research-to-content,unlocks-building,BuildingSO,building:9506,resolved-content,references.RefIds.0.data.buildingId,Assets/Resources/SO/Research/Projects/medical_prosthetics.asset,docs_final/content-db/relations/research-effects/research-project.csv
research:medical:prosthetics,research-to-content,unlocks-building,BuildingSO,building:9507,resolved-content,references.RefIds.1.data.buildingId,Assets/Resources/SO/Research/Projects/medical_prosthetics.asset,docs_final/content-db/relations/research-effects/research-project.csv
research:medical:prosthetics,content-requires-research,requires,ProductionRecipeSO,recipe:surgery:artificial-eye,resolved-content,requiredResearchId,Assets/Resources/SO/Economy/Recipes/recipe_surgery_artificial_eye.asset,docs_final/content-db/incoming/research-effects/research-project.csv
research:medical:prosthetics,content-requires-research,requires,ProductionRecipeSO,recipe:surgery:prosthetic-arm,resolved-content,requiredResearchId,Assets/Resources/SO/Economy/Recipes/recipe_surgery_prosthetic_arm.asset,docs_final/content-db/incoming/research-effects/research-project.csv
research:medical:prosthetics,content-requires-research,requires,ProductionRecipeSO,recipe:surgery:prosthetic-leg,resolved-content,requiredResearchId,Assets/Resources/SO/Economy/Recipes/recipe_surgery_prosthetic_leg.asset,docs_final/content-db/incoming/research-effects/research-project.csv
research:medical:prosthetics,content-requires-research,requires,SurgicalProcedureSO,procedure:beastkin-sprint-joint,resolved-content,requiredResearchId,Assets/Resources/SO/Medical/Procedures/procedure_beastkin-sprint-joint.asset,docs_final/content-db/incoming/research-effects/research-project.csv
research:medical:prosthetics,content-requires-research,requires,SurgicalProcedureSO,procedure:beastkin-tail-reconstruction,resolved-content,requiredResearchId,Assets/Resources/SO/Medical/Procedures/procedure_beastkin-tail-reconstruction.asset,docs_final/content-db/incoming/research-effects/research-project.csv
research:medical:prosthetics,content-requires-research,requires,SurgicalProcedureSO,procedure:human-neural-assist,resolved-content,requiredResearchId,Assets/Resources/SO/Medical/Procedures/procedure_human-neural-assist.asset,docs_final/content-db/incoming/research-effects/research-project.csv
research:medical:prosthetics,content-requires-research,requires,SurgicalProcedureSO,procedure:human-precision-prosthetic,resolved-content,requiredResearchId,Assets/Resources/SO/Medical/Procedures/procedure_human-precision-prosthetic.asset,docs_final/content-db/incoming/research-effects/research-project.csv
research:medical:prosthetics,content-requires-research,requires,SurgicalProcedureSO,procedure:implant-installation,resolved-content,requiredResearchId,Assets/Resources/SO/Medical/Procedures/procedure_implant-installation.asset,docs_final/content-db/incoming/research-effects/research-project.csv
research:medical:prosthetics,content-requires-research,requires,SurgicalProcedureSO,procedure:kobold-precision-hand,resolved-content,requiredResearchId,Assets/Resources/SO/Medical/Procedures/procedure_kobold-precision-hand.asset,docs_final/content-db/incoming/research-effects/research-project.csv
research:medical:prosthetics,content-requires-research,requires,SurgicalProcedureSO,procedure:kobold-tail-balance,resolved-content,requiredResearchId,Assets/Resources/SO/Medical/Procedures/procedure_kobold-tail-balance.asset,docs_final/content-db/incoming/research-effects/research-project.csv
research:medical:prosthetics,content-requires-research,requires,SurgicalProcedureSO,procedure:prosthetic-installation,resolved-content,requiredResearchId,Assets/Resources/SO/Medical/Procedures/procedure_prosthetic-installation.asset,docs_final/content-db/incoming/research-effects/research-project.csv
research:medical:prosthetics,content-requires-research,requires,SurgicalProcedureSO,procedure:rehabilitation,resolved-content,requiredResearchId,Assets/Resources/SO/Medical/Procedures/procedure_rehabilitation.asset,docs_final/content-db/incoming/research-effects/research-project.csv
research:medical:regenerative-culture,research-to-content,unlocks-building,BuildingSO,building:8867,resolved-content,references.RefIds.0.data.buildingId,Assets/Resources/SO/Research/Projects/medical_regenerative_culture.asset,docs_final/content-db/relations/research-effects/research-project.csv
research:medical:regenerative-culture,content-requires-research,requires,ProductionRecipeSO,recipe:material:sterile-composite,resolved-content,requiredResearchId,Assets/Resources/SO/Economy/Recipes/ResearchOverhaul/V3R84_무균_복합재.asset,docs_final/content-db/incoming/research-effects/research-project.csv
research:medical:regenerative-culture,content-requires-research,requires,ProductionRecipeSO,recipe:medical:regenerative-medium,resolved-content,requiredResearchId,Assets/Resources/SO/Economy/Recipes/ResearchOverhaul/V3R122_재생_배양액.asset,docs_final/content-db/incoming/research-effects/research-project.csv
research:medical:reproductive-medicine,research-to-content,unlocks-building,BuildingSO,building:8859,resolved-content,references.RefIds.0.data.buildingId,Assets/Resources/SO/Research/Projects/medical_reproductive_medicine.asset,docs_final/content-db/relations/research-effects/research-project.csv
research:medical:reproductive-medicine,content-requires-research,requires,ProductionRecipeSO,recipe:medical:fertility-treatment,resolved-content,requiredResearchId,Assets/Resources/SO/Economy/Recipes/ResearchOverhaul/V3R123_생식_치료제.asset,docs_final/content-db/incoming/research-effects/research-project.csv
research:medical:rune-hibernation,research-to-content,unlocks-building,BuildingSO,building:8870,resolved-content,references.RefIds.0.data.buildingId,Assets/Resources/SO/Research/Projects/medical_rune_hibernation.asset,docs_final/content-db/relations/research-effects/research-project.csv
research:medical:rune-hibernation,content-requires-research,requires,ProductionRecipeSO,recipe:medical:rune-hibernation-catalyst,resolved-content,requiredResearchId,Assets/Resources/SO/Economy/Recipes/ResearchOverhaul/V3R124_룬_동면_촉매.asset,docs_final/content-db/incoming/research-effects/research-project.csv
research:medical:rune-hibernation,content-requires-research,requires,SurgicalProcedureSO,procedure:rune-hibernation,resolved-content,requiredResearchId,Assets/Resources/SO/Medical/Procedures/procedure_rune-hibernation.asset,docs_final/content-db/incoming/research-effects/research-project.csv
research:medical:slime-bioengineering,content-requires-research,requires,ProductionRecipeSO,recipe:medical:slime-coagulation-frame,resolved-content,requiredResearchId,Assets/Resources/SO/Economy/Recipes/ResearchOverhaul/V3R37_점액_응고틀.asset,docs_final/content-db/incoming/research-effects/research-project.csv
research:medical:slime-bioengineering,content-requires-research,requires,SurgicalProcedureSO,procedure:slime-core-stabilization,resolved-content,requiredResearchId,Assets/Resources/SO/Medical/Procedures/procedure_slime-core-stabilization.asset,docs_final/content-db/incoming/research-effects/research-project.csv
research:medical:slime-bioengineering,content-requires-research,requires,SurgicalProcedureSO,procedure:slime-membrane-suture,resolved-content,requiredResearchId,Assets/Resources/SO/Medical/Procedures/procedure_slime-membrane-suture.asset,docs_final/content-db/incoming/research-effects/research-project.csv
research:medical:slime-bioengineering,content-requires-research,requires,SurgicalProcedureSO,procedure:slime-pseudopod-reshape,resolved-content,requiredResearchId,Assets/Resources/SO/Medical/Procedures/procedure_slime-pseudopod-reshape.asset,docs_final/content-db/incoming/research-effects/research-project.csv
research:medical:slime-bioengineering,content-requires-research,requires,SurgicalProcedureSO,procedure:slime-replenishment,resolved-content,requiredResearchId,Assets/Resources/SO/Medical/Procedures/procedure_slime-replenishment.asset,docs_final/content-db/incoming/research-effects/research-project.csv
research:medical:surgery,research-to-content,unlocks-building,BuildingSO,building:9503,resolved-content,references.RefIds.0.data.buildingId,Assets/Resources/SO/Research/Projects/medical_surgery.asset,docs_final/content-db/relations/research-effects/research-project.csv
research:medical:surgery,research-to-content,unlocks-building,BuildingSO,building:9504,resolved-content,references.RefIds.1.data.buildingId,Assets/Resources/SO/Research/Projects/medical_surgery.asset,docs_final/content-db/relations/research-effects/research-project.csv
research:medical:surgery,research-to-content,unlocks-building,BuildingSO,building:9505,resolved-content,references.RefIds.2.data.buildingId,Assets/Resources/SO/Research/Projects/medical_surgery.asset,docs_final/content-db/relations/research-effects/research-project.csv
research:medical:surgery,content-requires-research,requires,ProductionRecipeSO,recipe:medical:sterile-bandage,resolved-content,requiredResearchId,Assets/Resources/SO/Economy/Recipes/ResearchOverhaul/V3R22_무균_붕대.asset,docs_final/content-db/incoming/research-effects/research-project.csv
research:medical:surgery,content-requires-research,requires,ProductionRecipeSO,recipe:textile:sterile-cloth,resolved-content,requiredResearchId,Assets/Resources/SO/Economy/Recipes/ResearchOverhaul/V3R12_무균_천.asset,docs_final/content-db/incoming/research-effects/research-project.csv
research:medical:surgery,content-requires-research,requires,SurgicalProcedureSO,procedure:amputation,resolved-content,requiredResearchId,Assets/Resources/SO/Medical/Procedures/procedure_amputation.asset,docs_final/content-db/incoming/research-effects/research-project.csv
research:medical:surgery,content-requires-research,requires,SurgicalProcedureSO,procedure:live-organ-extraction,resolved-content,requiredResearchId,Assets/Resources/SO/Medical/Procedures/procedure_live-organ-extraction.asset,docs_final/content-db/incoming/research-effects/research-project.csv
research:medical:surgery,content-requires-research,requires,SurgicalProcedureSO,procedure:orc-combat-heart,resolved-content,requiredResearchId,Assets/Resources/SO/Medical/Procedures/procedure_orc-combat-heart.asset,docs_final/content-db/incoming/research-effects/research-project.csv
research:medical:surgery,content-requires-research,requires,SurgicalProcedureSO,procedure:orc-skeletal-reinforcement,resolved-content,requiredResearchId,Assets/Resources/SO/Medical/Procedures/procedure_orc-skeletal-reinforcement.asset,docs_final/content-db/incoming/research-effects/research-project.csv
research:medical:surgery,content-requires-research,requires,SurgicalProcedureSO,procedure:organ-repair,resolved-content,requiredResearchId,Assets/Resources/SO/Medical/Procedures/procedure_organ-repair.asset,docs_final/content-db/incoming/research-effects/research-project.csv
research:medical:temporal-stasis,research-to-content,unlocks-building,BuildingSO,building:8872,resolved-content,references.RefIds.0.data.buildingId,Assets/Resources/SO/Research/Projects/medical_temporal_stasis.asset,docs_final/content-db/relations/research-effects/research-project.csv
research:medical:temporal-stasis,content-requires-research,requires,ProductionRecipeSO,recipe:component:temporal-stasis-seal,resolved-content,requiredResearchId,Assets/Resources/SO/Economy/Recipes/ResearchOverhaul/V3R55_시간_고정_인장.asset,docs_final/content-db/incoming/research-effects/research-project.csv
research:medical:temporal-stasis,content-requires-research,requires,SurgicalProcedureSO,procedure:temporal-stasis,resolved-content,requiredResearchId,Assets/Resources/SO/Medical/Procedures/procedure_temporal-stasis.asset,docs_final/content-db/incoming/research-effects/research-project.csv
research:medical:trauma-medicine,research-to-content,unlocks-building,BuildingSO,building:8885,resolved-content,references.RefIds.0.data.buildingId,Assets/Resources/SO/Research/Projects/medical_trauma_medicine.asset,docs_final/content-db/relations/research-effects/research-project.csv
research:medical:trauma-medicine,content-requires-research,requires,ProductionRecipeSO,recipe:medical:trauma-care-kit,resolved-content,requiredResearchId,Assets/Resources/SO/Economy/Recipes/ResearchOverhaul/V3R125_트라우마_치료_꾸러미.asset,docs_final/content-db/incoming/research-effects/research-project.csv
research:medical:whole-body-regeneration,research-to-content,unlocks-building,BuildingSO,building:8871,resolved-content,references.RefIds.0.data.buildingId,Assets/Resources/SO/Research/Projects/medical_whole_body_regeneration.asset,docs_final/content-db/relations/research-effects/research-project.csv
research:medical:whole-body-regeneration,content-requires-research,requires,ProductionRecipeSO,recipe:medical:whole-body-regeneration-medium,resolved-content,requiredResearchId,Assets/Resources/SO/Economy/Recipes/ResearchOverhaul/V3R54_전신_재생_배지.asset,docs_final/content-db/incoming/research-effects/research-project.csv
research:medical:whole-body-regeneration,content-requires-research,requires,SurgicalProcedureSO,procedure:whole-body-regeneration,resolved-content,requiredResearchId,Assets/Resources/SO/Medical/Procedures/procedure_whole-body-regeneration.asset,docs_final/content-db/incoming/research-effects/research-project.csv
research:medical:xenotransplant,research-to-content,unlocks-building,BuildingSO,building:9509,resolved-content,references.RefIds.0.data.buildingId,Assets/Resources/SO/Research/Projects/medical_xenotransplant.asset,docs_final/content-db/relations/research-effects/research-project.csv
research:medical:xenotransplant,research-to-content,unlocks-building,BuildingSO,building:9510,resolved-content,references.RefIds.1.data.buildingId,Assets/Resources/SO/Research/Projects/medical_xenotransplant.asset,docs_final/content-db/relations/research-effects/research-project.csv
research:medical:xenotransplant,research-to-content,unlocks-building,BuildingSO,building:9511,resolved-content,references.RefIds.2.data.buildingId,Assets/Resources/SO/Research/Projects/medical_xenotransplant.asset,docs_final/content-db/relations/research-effects/research-project.csv
research:medical:xenotransplant,content-requires-research,requires,SurgicalProcedureSO,procedure:natural-organ-transplant,resolved-content,requiredResearchId,Assets/Resources/SO/Medical/Procedures/procedure_natural-organ-transplant.asset,docs_final/content-db/incoming/research-effects/research-project.csv
research:medical:xenotransplant,content-requires-research,requires,SurgicalProcedureSO,procedure:xenograft,resolved-content,requiredResearchId,Assets/Resources/SO/Medical/Procedures/procedure_xenograft.asset,docs_final/content-db/incoming/research-effects/research-project.csv
research:metallurgy:advanced,content-requires-research,requires,ProductionRecipeSO,recipe:material:spring-steel,resolved-content,requiredResearchId,Assets/Resources/SO/Economy/Recipes/ResearchOverhaul/V3R77_용수철강.asset,docs_final/content-db/incoming/research-effects/research-project.csv
research:metallurgy:advanced,content-requires-research,requires,ProductionRecipeSO,recipe:tool:alloy-crucible,resolved-content,requiredResearchId,Assets/Resources/SO/Economy/Recipes/ResearchOverhaul/V3R42_합금_도가니.asset,docs_final/content-db/incoming/research-effects/research-project.csv
research:metallurgy:blacksteel,research-to-content,unlocks-building,BuildingSO,building:1082,resolved-content,references.RefIds.0.data.buildingId,Assets/Resources/SO/Research/Projects/metallurgy_blacksteel.asset,docs_final/content-db/relations/research-effects/research-project.csv
research:metallurgy:blacksteel,research-to-content,unlocks-building,BuildingSO,building:1622,resolved-content,references.RefIds.1.data.buildingId,Assets/Resources/SO/Research/Projects/metallurgy_blacksteel.asset,docs_final/content-db/relations/research-effects/research-project.csv
research:metallurgy:blacksteel,content-requires-research,requires,CraftMaterialDefinitionSO,material:blacksteel-ingot,resolved-content,requiredResearchId,Assets/Resources/SO/Economy/Materials/material_blacksteel.asset,docs_final/content-db/incoming/research-effects/research-project.csv
research:metallurgy:blacksteel,content-requires-research,requires,ProductionRecipeSO,recipe:blacksteel,resolved-content,requiredResearchId,Assets/Resources/SO/Economy/Recipes/recipe_blacksteel.asset,docs_final/content-db/incoming/research-effects/research-project.csv
research:metallurgy:blacksteel,content-requires-research,requires,ProductionRecipeSO,recipe:component:blacksteel-defense-plate,resolved-content,requiredResearchId,Assets/Resources/SO/Economy/Recipes/ResearchOverhaul/V3R44_흑강_방어_장갑판.asset,docs_final/content-db/incoming/research-effects/research-project.csv
research:metallurgy:iron,research-to-content,unlocks-building,BuildingSO,building:1079,resolved-content,references.RefIds.0.data.buildingId,Assets/Resources/SO/Research/Projects/metallurgy_iron.asset,docs_final/content-db/relations/research-effects/research-project.csv
research:metallurgy:iron,research-to-content,unlocks-building,BuildingSO,building:1620,resolved-content,references.RefIds.1.data.buildingId,Assets/Resources/SO/Research/Projects/metallurgy_iron.asset,docs_final/content-db/relations/research-effects/research-project.csv
research:metallurgy:iron,content-requires-research,requires,CombatShieldSO,equipment-item:shield:iron,resolved-content,requiredResearchId,Assets/Resources/SO/Combat/Equipment/S02_IronShield.asset,docs_final/content-db/incoming/research-effects/research-project.csv
research:metallurgy:iron,content-requires-research,requires,CombatWeaponSO,equipment-item:weapon:mace,resolved-content,requiredResearchId,Assets/Resources/SO/Combat/Equipment/W04_Mace.asset,docs_final/content-db/incoming/research-effects/research-project.csv
research:metallurgy:iron,content-requires-research,requires,CombatWeaponSO,equipment-item:weapon:warhammer,resolved-content,requiredResearchId,Assets/Resources/SO/Combat/Equipment/W11_Warhammer.asset,docs_final/content-db/incoming/research-effects/research-project.csv
research:metallurgy:iron,content-requires-research,requires,CraftMaterialDefinitionSO,material:iron-ingot,resolved-content,requiredResearchId,Assets/Resources/SO/Economy/Materials/material_iron.asset,docs_final/content-db/incoming/research-effects/research-project.csv
research:metallurgy:iron,content-requires-research,requires,ProductionRecipeSO,recipe:arrow-iron,resolved-content,requiredResearchId,Assets/Resources/SO/Economy/Recipes/recipe_arrow_iron.asset,docs_final/content-db/incoming/research-effects/research-project.csv
research:metallurgy:iron,content-requires-research,requires,ProductionRecipeSO,recipe:bolt-iron,resolved-content,requiredResearchId,Assets/Resources/SO/Economy/Recipes/recipe_bolt_iron.asset,docs_final/content-db/incoming/research-effects/research-project.csv
research:metallurgy:iron,content-requires-research,requires,ProductionRecipeSO,recipe:iron-ingot,resolved-content,requiredResearchId,Assets/Resources/SO/Economy/Recipes/recipe_iron_ingot.asset,docs_final/content-db/incoming/research-effects/research-project.csv
research:metallurgy:iron,content-requires-research,requires,ProductionRecipeSO,recipe:iron-slag-block,resolved-content,requiredResearchId,Assets/Resources/SO/Economy/Recipes/recipe_iron_slag_block.asset,docs_final/content-db/incoming/research-effects/research-project.csv
research:metallurgy:iron,content-requires-research,requires,ProductionRecipeSO,recipe:material:lead-ingot,resolved-content,requiredResearchId,Assets/Resources/SO/Economy/Recipes/ResearchOverhaul/V3R06_납괴.asset,docs_final/content-db/incoming/research-effects/research-project.csv
research:metallurgy:precious,research-to-content,unlocks-building,BuildingSO,building:1081,resolved-content,references.RefIds.0.data.buildingId,Assets/Resources/SO/Research/Projects/metallurgy_precious.asset,docs_final/content-db/relations/research-effects/research-project.csv
research:metallurgy:precious,research-to-content,unlocks-building,BuildingSO,building:1621,resolved-content,references.RefIds.1.data.buildingId,Assets/Resources/SO/Research/Projects/metallurgy_precious.asset,docs_final/content-db/relations/research-effects/research-project.csv
research:metallurgy:precious,content-requires-research,requires,CraftMaterialDefinitionSO,material:gold-ingot,resolved-content,requiredResearchId,Assets/Resources/SO/Economy/Materials/material_gold.asset,docs_final/content-db/incoming/research-effects/research-project.csv
research:metallurgy:precious,content-requires-research,requires,ProductionRecipeSO,recipe:gold-ingot,resolved-content,requiredResearchId,Assets/Resources/SO/Economy/Recipes/recipe_gold_ingot.asset,docs_final/content-db/incoming/research-effects/research-project.csv
research:metallurgy:precious,content-requires-research,requires,ProductionRecipeSO,recipe:gold-leaf,resolved-content,requiredResearchId,Assets/Resources/SO/Economy/Recipes/recipe_gold_leaf.asset,docs_final/content-db/incoming/research-effects/research-project.csv
research:metallurgy:precious,content-requires-research,requires,ProductionRecipeSO,recipe:gold-ornament,resolved-content,requiredResearchId,Assets/Resources/SO/Economy/Recipes/recipe_gold_ornament.asset,docs_final/content-db/incoming/research-effects/research-project.csv
research:metallurgy:primitive,research-to-content,unlocks-building,BuildingSO,building:1093,resolved-content,references.RefIds.0.data.buildingId,Assets/Resources/SO/Research/Projects/metallurgy_primitive.asset,docs_final/content-db/relations/research-effects/research-project.csv
research:metallurgy:primitive,research-to-content,unlocks-building,BuildingSO,building:1626,resolved-content,references.RefIds.1.data.buildingId,Assets/Resources/SO/Research/Projects/metallurgy_primitive.asset,docs_final/content-db/relations/research-effects/research-project.csv
research:metallurgy:primitive,content-requires-research,requires,CraftMaterialDefinitionSO,resource:bone,resolved-content,requiredResearchId,Assets/Resources/SO/Economy/Materials/material_bone.asset,docs_final/content-db/incoming/research-effects/research-project.csv
research:metallurgy:steel,research-to-content,unlocks-building,BuildingSO,building:1080,resolved-content,references.RefIds.0.data.buildingId,Assets/Resources/SO/Research/Projects/metallurgy_steel.asset,docs_final/content-db/relations/research-effects/research-project.csv
research:metallurgy:steel,content-requires-research,requires,CombatWeaponSO,equipment-item:weapon:estoc,resolved-content,requiredResearchId,Assets/Resources/SO/Combat/Equipment/W29_Estoc.asset,docs_final/content-db/incoming/research-effects/research-project.csv
research:metallurgy:steel,content-requires-research,requires,CombatWeaponSO,equipment-item:weapon:greatsword,resolved-content,requiredResearchId,Assets/Resources/SO/Combat/Equipment/W13_Greatsword.asset,docs_final/content-db/incoming/research-effects/research-project.csv
research:metallurgy:steel,content-requires-research,requires,CombatWeaponSO,equipment-item:weapon:pollaxe,resolved-content,requiredResearchId,Assets/Resources/SO/Combat/Equipment/W30_Pollaxe.asset,docs_final/content-db/incoming/research-effects/research-project.csv
research:metallurgy:steel,content-requires-research,requires,CraftMaterialDefinitionSO,material:steel-ingot,resolved-content,requiredResearchId,Assets/Resources/SO/Economy/Materials/material_steel.asset,docs_final/content-db/incoming/research-effects/research-project.csv
research:metallurgy:steel,content-requires-research,requires,ProductionRecipeSO,recipe:arrow-steel,resolved-content,requiredResearchId,Assets/Resources/SO/Economy/Recipes/recipe_arrow_steel.asset,docs_final/content-db/incoming/research-effects/research-project.csv
research:metallurgy:steel,content-requires-research,requires,ProductionRecipeSO,recipe:bolt-steel,resolved-content,requiredResearchId,Assets/Resources/SO/Economy/Recipes/recipe_bolt_steel.asset,docs_final/content-db/incoming/research-effects/research-project.csv
research:metallurgy:steel,content-requires-research,requires,ProductionRecipeSO,recipe:steel-ingot,resolved-content,requiredResearchId,Assets/Resources/SO/Economy/Recipes/recipe_steel_ingot.asset,docs_final/content-db/incoming/research-effects/research-project.csv
research:mining:deep,content-requires-research,requires,ProductionRecipeSO,recipe:ammo:blasting-charge,resolved-content,requiredResearchId,Assets/Resources/SO/Economy/Recipes/ResearchOverhaul/V3R20_발파_장약.asset,docs_final/content-db/incoming/research-effects/research-project.csv
research:mining:deep,content-requires-research,requires,ProductionRecipeSO,recipe:component:lead-counterweight,resolved-content,requiredResearchId,Assets/Resources/SO/Economy/Recipes/ResearchOverhaul/V3R18_납_균형추.asset,docs_final/content-db/incoming/research-effects/research-project.csv
research:mining:deep,content-requires-research,requires,ProductionRecipeSO,recipe:tool:deep-shaft-hoist,resolved-content,requiredResearchId,Assets/Resources/SO/Economy/Recipes/ResearchOverhaul/V3R40_심부_승강기.asset,docs_final/content-db/incoming/research-effects/research-project.csv
research:mining:mana,content-requires-research,requires,ProductionRecipeSO,recipe:component:mana-shield-plate,resolved-content,requiredResearchId,Assets/Resources/SO/Economy/Recipes/ResearchOverhaul/V3R19_마나_차폐판.asset,docs_final/content-db/incoming/research-effects/research-project.csv
research:mining:mana,content-requires-research,requires,ProductionRecipeSO,recipe:tool:mana-probe,resolved-content,requiredResearchId,Assets/Resources/SO/Economy/Recipes/ResearchOverhaul/V3R27_마나_탐침.asset,docs_final/content-db/incoming/research-effects/research-project.csv
research:mining:quarry,research-to-content,unlocks-building,BuildingSO,building:1094,resolved-content,references.RefIds.0.data.buildingId,Assets/Resources/SO/Research/Projects/mining_quarry.asset,docs_final/content-db/relations/research-effects/research-project.csv
research:mining:quarry,content-requires-research,requires,ProductionRecipeSO,source:quarry,resolved-content,requiredResearchId,Assets/Resources/SO/Economy/Recipes/source_quarry.asset,docs_final/content-db/incoming/research-effects/research-project.csv
research:mining:sorting,research-to-content,unlocks-building,BuildingSO,building:1078,resolved-content,references.RefIds.0.data.buildingId,Assets/Resources/SO/Research/Projects/mining_sorting.asset,docs_final/content-db/relations/research-effects/research-project.csv
research:mining:stonecutting,research-to-content,unlocks-building,BuildingSO,building:1077,resolved-content,references.RefIds.0.data.buildingId,Assets/Resources/SO/Research/Projects/mining_stonecutting.asset,docs_final/content-db/relations/research-effects/research-project.csv
research:mining:stonecutting,research-to-content,unlocks-building,BuildingSO,building:1619,resolved-content,references.RefIds.1.data.buildingId,Assets/Resources/SO/Research/Projects/mining_stonecutting.asset,docs_final/content-db/relations/research-effects/research-project.csv
research:mining:stonecutting,content-requires-research,requires,CraftMaterialDefinitionSO,material:stone-block,resolved-content,requiredResearchId,Assets/Resources/SO/Economy/Materials/material_stone.asset,docs_final/content-db/incoming/research-effects/research-project.csv
research:mining:stonecutting,content-requires-research,requires,ProductionRecipeSO,recipe:stone-block,resolved-content,requiredResearchId,Assets/Resources/SO/Economy/Recipes/recipe_stone_block.asset,docs_final/content-db/incoming/research-effects/research-project.csv
research:mining:stonecutting,content-requires-research,requires,ProductionRecipeSO,recipe:stone-ornament,resolved-content,requiredResearchId,Assets/Resources/SO/Economy/Recipes/recipe_stone_ornament.asset,docs_final/content-db/incoming/research-effects/research-project.csv
research:mining:surface,content-requires-research,requires,ProductionRecipeSO,recipe:resource:lead-ore,resolved-content,requiredResearchId,Assets/Resources/SO/Economy/Recipes/ResearchOverhaul/V3R03_납광석.asset,docs_final/content-db/incoming/research-effects/research-project.csv
research:mining:surface,content-requires-research,requires,ProductionRecipeSO,recipe:resource:sulfur,resolved-content,requiredResearchId,Assets/Resources/SO/Economy/Recipes/ResearchOverhaul/V3R02_황.asset,docs_final/content-db/incoming/research-effects/research-project.csv
research:mining:surface,content-requires-research,requires,ProductionRecipeSO,recipe:tool:prospecting-kit,resolved-content,requiredResearchId,Assets/Resources/SO/Economy/Recipes/ResearchOverhaul/V3R41_탐광_키트.asset,docs_final/content-db/incoming/research-effects/research-project.csv
research:mining:surface,content-requires-research,requires,ProductionRecipeSO,source:saltstone,resolved-content,requiredResearchId,Assets/Resources/SO/Economy/Recipes/source_saltstone.asset,docs_final/content-db/incoming/research-effects/research-project.csv
research:pharmacology:advanced,content-requires-research,requires,ProductionRecipeSO,recipe:advanced-medicine,resolved-content,requiredResearchId,Assets/Resources/SO/Economy/Recipes/recipe_advanced_medicine.asset,docs_final/content-db/incoming/research-effects/research-project.csv
research:pharmacology:advanced,content-requires-research,requires,ProductionRecipeSO,recipe:antidote,resolved-content,requiredResearchId,Assets/Resources/SO/Economy/Recipes/recipe_antidote.asset,docs_final/content-db/incoming/research-effects/research-project.csv
research:pharmacology:anesthesia,content-requires-research,requires,CropDefinitionSO,crop:dreamleaf,resolved-content,requiredResearchId,Assets/Resources/SO/Economy/Crops/crop_dreamleaf.asset,docs_final/content-db/incoming/research-effects/research-project.csv
research:pharmacology:anesthesia,content-requires-research,requires,ProductionRecipeSO,recipe:ammo:tranquilizer-dart,resolved-content,requiredResearchId,Assets/Resources/SO/Economy/Recipes/ResearchOverhaul/V3R134_진정_다트.asset,docs_final/content-db/incoming/research-effects/research-project.csv
research:pharmacology:anesthesia,content-requires-research,requires,ProductionRecipeSO,recipe:anesthetic,resolved-content,requiredResearchId,Assets/Resources/SO/Economy/Recipes/recipe_anesthetic.asset,docs_final/content-db/incoming/research-effects/research-project.csv
research:pharmacology:anesthesia,content-requires-research,requires,ProductionRecipeSO,recipe:dreamleaf-analgesic,resolved-content,requiredResearchId,Assets/Resources/SO/Economy/Recipes/recipe_dreamleaf_analgesic.asset,docs_final/content-db/incoming/research-effects/research-project.csv
research:pharmacology:anesthesia,content-requires-research,requires,ProductionRecipeSO,recipe:medical-vial,resolved-content,requiredResearchId,Assets/Resources/SO/Economy/Recipes/recipe_medical_vial.asset,docs_final/content-db/incoming/research-effects/research-project.csv
research:pharmacology:antiseptic,research-to-content,unlocks-building,BuildingSO,building:1090,resolved-content,references.RefIds.0.data.buildingId,Assets/Resources/SO/Research/Projects/pharmacology_antiseptic.asset,docs_final/content-db/relations/research-effects/research-project.csv
research:pharmacology:antiseptic,research-to-content,unlocks-building,BuildingSO,building:1624,resolved-content,references.RefIds.1.data.buildingId,Assets/Resources/SO/Research/Projects/pharmacology_antiseptic.asset,docs_final/content-db/relations/research-effects/research-project.csv
research:pharmacology:antiseptic,content-requires-research,requires,ProductionRecipeSO,recipe:antiseptic,resolved-content,requiredResearchId,Assets/Resources/SO/Economy/Recipes/recipe_antiseptic.asset,docs_final/content-db/incoming/research-effects/research-project.csv
research:pharmacology:antiseptic,content-requires-research,requires,ProductionRecipeSO,recipe:resin-balm,resolved-content,requiredResearchId,Assets/Resources/SO/Economy/Recipes/recipe_resin_balm.asset,docs_final/content-db/incoming/research-effects/research-project.csv
research:pharmacology:distillation,research-to-content,unlocks-building,BuildingSO,building:1086,resolved-content,references.RefIds.0.data.buildingId,Assets/Resources/SO/Research/Projects/pharmacology_distillation.asset,docs_final/content-db/relations/research-effects/research-project.csv
research:pharmacology:distillation,content-requires-research,requires,ProductionRecipeSO,recipe:hallucinogenic-distillate,resolved-content,requiredResearchId,Assets/Resources/SO/Economy/Recipes/recipe_hallucinogenic_distillate.asset,docs_final/content-db/incoming/research-effects/research-project.csv
research:pharmacology:distillation,content-requires-research,requires,ProductionRecipeSO,recipe:solvent,resolved-content,requiredResearchId,Assets/Resources/SO/Economy/Recipes/recipe_solvent.asset,docs_final/content-db/incoming/research-effects/research-project.csv
research:pharmacology:distillation,content-requires-research,requires,ProductionRecipeSO,recipe:standard-medicine,resolved-content,requiredResearchId,Assets/Resources/SO/Economy/Recipes/recipe_standard_medicine.asset,docs_final/content-db/incoming/research-effects/research-project.csv
research:pharmacology:distillation,content-requires-research,requires,ProductionRecipeSO,recipe:vitality-tonic,resolved-content,requiredResearchId,Assets/Resources/SO/Economy/Recipes/recipe_vitality_tonic.asset,docs_final/content-db/incoming/research-effects/research-project.csv
research:pharmacology:herbalism,research-to-content,unlocks-building,BuildingSO,building:1033,resolved-content,references.RefIds.0.data.buildingId,Assets/Resources/SO/Research/Projects/pharmacology_herbalism.asset,docs_final/content-db/relations/research-effects/research-project.csv
research:pharmacology:herbalism,content-requires-research,requires,CropDefinitionSO,crop:bloodleaf,resolved-content,requiredResearchId,Assets/Resources/SO/Economy/Crops/crop_bloodleaf.asset,docs_final/content-db/incoming/research-effects/research-project.csv
research:pharmacology:herbalism,content-requires-research,requires,CropDefinitionSO,crop:moonflower,resolved-content,requiredResearchId,Assets/Resources/SO/Economy/Crops/crop_moonflower.asset,docs_final/content-db/incoming/research-effects/research-project.csv
research:pharmacology:herbalism,content-requires-research,requires,ProductionRecipeSO,recipe:herbal-poultice,resolved-content,requiredResearchId,Assets/Resources/SO/Economy/Recipes/recipe_herbal_poultice.asset,docs_final/content-db/incoming/research-effects/research-project.csv
research:pharmacology:herbalism,content-requires-research,requires,ProductionRecipeSO,recipe:moonflower-tea,resolved-content,requiredResearchId,Assets/Resources/SO/Economy/Recipes/recipe_moonflower_tea.asset,docs_final/content-db/incoming/research-effects/research-project.csv
research:pharmacology:stimulants,content-requires-research,requires,ProductionRecipeSO,recipe:blood-stimulant,resolved-content,requiredResearchId,Assets/Resources/SO/Economy/Recipes/recipe_blood_stimulant.asset,docs_final/content-db/incoming/research-effects/research-project.csv
research:pharmacology:stimulants,content-requires-research,requires,ProductionRecipeSO,recipe:mana-awakener,resolved-content,requiredResearchId,Assets/Resources/SO/Economy/Recipes/recipe_mana_awakener.asset,docs_final/content-db/incoming/research-effects/research-project.csv
research:plumbing:basics,research-to-content,unlocks-building,BuildingSO,building:9802,resolved-content,references.RefIds.0.data.buildingId,Assets/Resources/SO/Research/Projects/plumbing_basics.asset,docs_final/content-db/relations/research-effects/research-project.csv
research:plumbing:basics,research-to-content,unlocks-building,BuildingSO,building:9816,resolved-content,references.RefIds.1.data.buildingId,Assets/Resources/SO/Research/Projects/plumbing_basics.asset,docs_final/content-db/relations/research-effects/research-project.csv
research:plumbing:basics,research-to-content,unlocks-building,BuildingSO,building:9817,resolved-content,references.RefIds.3.data.buildingId,Assets/Resources/SO/Research/Projects/plumbing_basics.asset,docs_final/content-db/relations/research-effects/research-project.csv
research:plumbing:basics,research-to-content,unlocks-building,BuildingSO,building:9819,resolved-content,references.RefIds.2.data.buildingId,Assets/Resources/SO/Research/Projects/plumbing_basics.asset,docs_final/content-db/relations/research-effects/research-project.csv
research:plumbing:reuse,research-to-content,unlocks-building,BuildingSO,building:9821,resolved-content,references.RefIds.0.data.buildingId,Assets/Resources/SO/Research/Projects/plumbing_reuse.asset,docs_final/content-db/relations/research-effects/research-project.csv
research:plumbing:reuse,content-requires-research,requires,ProductionRecipeSO,recipe:component:reclaimed-water-filter,resolved-content,requiredResearchId,Assets/Resources/SO/Economy/Recipes/ResearchOverhaul/V3R113_재생수_필터_카트리지.asset,docs_final/content-db/incoming/research-effects/research-project.csv
research:plumbing:rune-purification,research-to-content,unlocks-building,BuildingSO,building:9822,resolved-content,references.RefIds.0.data.buildingId,Assets/Resources/SO/Research/Projects/plumbing_rune_purification.asset,docs_final/content-db/relations/research-effects/research-project.csv
research:plumbing:rune-purification,content-requires-research,requires,ProductionRecipeSO,recipe:component:rune-purification-crystal,resolved-content,requiredResearchId,Assets/Resources/SO/Economy/Recipes/ResearchOverhaul/V3R114_룬_정화_결정.asset,docs_final/content-db/incoming/research-effects/research-project.csv
research:plumbing:sewer,research-to-content,unlocks-building,BuildingSO,building:9803,resolved-content,references.RefIds.3.data.buildingId,Assets/Resources/SO/Research/Projects/plumbing_sewer.asset,docs_final/content-db/relations/research-effects/research-project.csv
research:plumbing:sewer,research-to-content,unlocks-building,BuildingSO,building:9818,resolved-content,references.RefIds.2.data.buildingId,Assets/Resources/SO/Research/Projects/plumbing_sewer.asset,docs_final/content-db/relations/research-effects/research-project.csv
research:plumbing:sewer,research-to-content,unlocks-building,BuildingSO,building:9820,resolved-content,references.RefIds.1.data.buildingId,Assets/Resources/SO/Research/Projects/plumbing_sewer.asset,docs_final/content-db/relations/research-effects/research-project.csv
research:plumbing:sewer,research-to-content,unlocks-building,BuildingSO,building:9823,resolved-content,references.RefIds.0.data.buildingId,Assets/Resources/SO/Research/Projects/plumbing_sewer.asset,docs_final/content-db/relations/research-effects/research-project.csv
research:service-automation,research-to-content,unlocks-building,BuildingSO,building:1704,resolved-content,references.RefIds.0.data.buildingId,Assets/Resources/SO/Research/Projects/service_automation.asset,docs_final/content-db/relations/research-effects/research-project.csv
research:service-automation,research-to-content,unlocks-building,BuildingSO,building:1705,resolved-content,references.RefIds.1.data.buildingId,Assets/Resources/SO/Research/Projects/service_automation.asset,docs_final/content-db/relations/research-effects/research-project.csv
research:service-automation,research-to-content,unlocks-building,BuildingSO,building:1706,resolved-content,references.RefIds.2.data.buildingId,Assets/Resources/SO/Research/Projects/service_automation.asset,docs_final/content-db/relations/research-effects/research-project.csv
research:service-automation,research-to-content,unlocks-building,BuildingSO,building:1707,resolved-content,references.RefIds.3.data.buildingId,Assets/Resources/SO/Research/Projects/service_automation.asset,docs_final/content-db/relations/research-effects/research-project.csv
research:service-automation,research-to-content,unlocks-building,BuildingSO,building:1708,resolved-content,references.RefIds.4.data.buildingId,Assets/Resources/SO/Research/Projects/service_automation.asset,docs_final/content-db/relations/research-effects/research-project.csv
research:service-automation,research-to-content,unlocks-building,BuildingSO,building:1714,resolved-content,references.RefIds.5.data.buildingId,Assets/Resources/SO/Research/Projects/service_automation.asset,docs_final/content-db/relations/research-effects/research-project.csv
research:service-automation,research-to-content,unlocks-building,BuildingSO,building:1715,resolved-content,references.RefIds.6.data.buildingId,Assets/Resources/SO/Research/Projects/service_automation.asset,docs_final/content-db/relations/research-effects/research-project.csv
research:service-flow,research-to-content,unlocks-building,BuildingSO,building:1703,resolved-content,references.RefIds.0.data.buildingId,Assets/Resources/SO/Research/Projects/service_flow.asset,docs_final/content-db/relations/research-effects/research-project.csv
research:service-flow,research-to-content,unlocks-building,BuildingSO,building:1712,resolved-content,references.RefIds.1.data.buildingId,Assets/Resources/SO/Research/Projects/service_flow.asset,docs_final/content-db/relations/research-effects/research-project.csv
research:service-flow,research-to-content,unlocks-building,BuildingSO,building:1713,resolved-content,references.RefIds.2.data.buildingId,Assets/Resources/SO/Research/Projects/service_flow.asset,docs_final/content-db/relations/research-effects/research-project.csv
research:service:dining-operations,research-to-content,unlocks-building,BuildingSO,building:8848,resolved-content,references.RefIds.0.data.buildingId,Assets/Resources/SO/Research/Projects/service_dining_operations.asset,docs_final/content-db/relations/research-effects/research-project.csv
research:service:dining-operations,content-requires-research,requires,ProductionRecipeSO,recipe:tool:banquet-cart,resolved-content,requiredResearchId,Assets/Resources/SO/Economy/Recipes/ResearchOverhaul/V3R102_연회_운반_수레.asset,docs_final/content-db/incoming/research-effects/research-project.csv
research:society:career-records,research-to-content,unlocks-building,BuildingSO,building:8894,resolved-content,references.RefIds.0.data.buildingId,Assets/Resources/SO/Research/Projects/society_career_records.asset,docs_final/content-db/relations/research-effects/research-project.csv
research:society:career-records,content-requires-research,requires,ProductionRecipeSO,recipe:record:career-ledger,resolved-content,requiredResearchId,Assets/Resources/SO/Economy/Recipes/ResearchOverhaul/V3R94_경력_장부.asset,docs_final/content-db/incoming/research-effects/research-project.csv
research:society:child-education,research-to-content,unlocks-building,BuildingSO,building:8860,resolved-content,references.RefIds.1.data.buildingId,Assets/Resources/SO/Research/Projects/society_child_education.asset,docs_final/content-db/relations/research-effects/research-project.csv
research:society:child-education,research-to-content,unlocks-building,BuildingSO,building:8861,resolved-content,references.RefIds.0.data.buildingId,Assets/Resources/SO/Research/Projects/society_child_education.asset,docs_final/content-db/relations/research-effects/research-project.csv
research:society:corpse-care,research-to-content,unlocks-building,BuildingSO,building:8886,resolved-content,references.RefIds.0.data.buildingId,Assets/Resources/SO/Research/Projects/society_corpse_care.asset,docs_final/content-db/relations/research-effects/research-project.csv
research:society:corpse-care,research-to-content,unlocks-building,BuildingSO,building:8887,resolved-content,references.RefIds.1.data.buildingId,Assets/Resources/SO/Research/Projects/society_corpse_care.asset,docs_final/content-db/relations/research-effects/research-project.csv
research:society:corpse-care,content-requires-research,requires,ProductionRecipeSO,recipe:supply:funeral-preparation-kit,resolved-content,requiredResearchId,Assets/Resources/SO/Economy/Recipes/ResearchOverhaul/V3R96_종족_장례_준비품.asset,docs_final/content-db/incoming/research-effects/research-project.csv
research:society:generation-management,research-to-content,unlocks-building,BuildingSO,building:8862,resolved-content,references.RefIds.1.data.buildingId,Assets/Resources/SO/Research/Projects/society_generation_management.asset,docs_final/content-db/relations/research-effects/research-project.csv
research:society:generation-management,research-to-content,unlocks-building,BuildingSO,building:8884,resolved-content,references.RefIds.0.data.buildingId,Assets/Resources/SO/Research/Projects/society_generation_management.asset,docs_final/content-db/relations/research-effects/research-project.csv
research:society:household-records,research-to-content,unlocks-building,BuildingSO,building:8857,resolved-content,references.RefIds.1.data.buildingId,Assets/Resources/SO/Research/Projects/society_household_records.asset,docs_final/content-db/relations/research-effects/research-project.csv
research:society:household-records,research-to-content,unlocks-building,BuildingSO,building:8858,resolved-content,references.RefIds.0.data.buildingId,Assets/Resources/SO/Research/Projects/society_household_records.asset,docs_final/content-db/relations/research-effects/research-project.csv
research:society:retirement,research-to-content,unlocks-building,BuildingSO,building:8895,resolved-content,references.RefIds.1.data.buildingId,Assets/Resources/SO/Research/Projects/society_retirement.asset,docs_final/content-db/relations/research-effects/research-project.csv
research:society:retirement,research-to-content,unlocks-building,BuildingSO,building:8896,resolved-content,references.RefIds.0.data.buildingId,Assets/Resources/SO/Research/Projects/society_retirement.asset,docs_final/content-db/relations/research-effects/research-project.csv
research:survival:field-rations,content-requires-research,requires,ProductionRecipeSO,recipe:expedition-ration-pack,resolved-content,requiredResearchId,Assets/Resources/SO/Economy/Recipes/Workshop/recipe_expedition_ration_pack.asset,docs_final/content-db/incoming/research-effects/research-project.csv
research:survival:medical,research-to-content,unlocks-building,BuildingSO,building:9501,resolved-content,references.RefIds.0.data.buildingId,Assets/Resources/SO/Research/Projects/survival_medical.asset,docs_final/content-db/relations/research-effects/research-project.csv
research:survival:medical,content-requires-research,requires,SurgicalProcedureSO,procedure:blood-transfusion,resolved-content,requiredResearchId,Assets/Resources/SO/Medical/Procedures/procedure_blood-transfusion.asset,docs_final/content-db/incoming/research-effects/research-project.csv
research:survival:medical,content-requires-research,requires,SurgicalProcedureSO,procedure:emergency-suture,resolved-content,requiredResearchId,Assets/Resources/SO/Medical/Procedures/procedure_emergency-suture.asset,docs_final/content-db/incoming/research-effects/research-project.csv
research:survival:medical,content-requires-research,requires,SurgicalProcedureSO,procedure:foreign-body-removal,resolved-content,requiredResearchId,Assets/Resources/SO/Medical/Procedures/procedure_foreign-body-removal.asset,docs_final/content-db/incoming/research-effects/research-project.csv
research:survival:preservation,research-to-content,unlocks-building,BuildingSO,building:1088,resolved-content,references.RefIds.0.data.buildingId,Assets/Resources/SO/Research/Projects/survival_preservation.asset,docs_final/content-db/relations/research-effects/research-project.csv
research:survival:preservation,research-to-content,unlocks-building,BuildingSO,building:1613,resolved-content,references.RefIds.1.data.buildingId,Assets/Resources/SO/Research/Projects/survival_preservation.asset,docs_final/content-db/relations/research-effects/research-project.csv
research:survival:preservation,research-to-content,unlocks-building,BuildingSO,building:1617,resolved-content,references.RefIds.2.data.buildingId,Assets/Resources/SO/Research/Projects/survival_preservation.asset,docs_final/content-db/relations/research-effects/research-project.csv
research:survival:preservation,content-requires-research,requires,ProductionRecipeSO,recipe:brined-vegetable,resolved-content,requiredResearchId,Assets/Resources/SO/Economy/Recipes/Workshop/recipe_brined_vegetable.asset,docs_final/content-db/incoming/research-effects/research-project.csv
research:survival:preservation,content-requires-research,requires,ProductionRecipeSO,recipe:fermented-pickle,resolved-content,requiredResearchId,Assets/Resources/SO/Economy/Recipes/Workshop/recipe_fermented_pickle.asset,docs_final/content-db/incoming/research-effects/research-project.csv
research:survival:preservation,content-requires-research,requires,ProductionRecipeSO,recipe:jerky,resolved-content,requiredResearchId,Assets/Resources/SO/Economy/Recipes/recipe_jerky.asset,docs_final/content-db/incoming/research-effects/research-project.csv
research:survival:preservation,content-requires-research,requires,ProductionRecipeSO,recipe:salted-meat,resolved-content,requiredResearchId,Assets/Resources/SO/Economy/Recipes/Workshop/recipe_salted_meat.asset,docs_final/content-db/incoming/research-effects/research-project.csv
research:survival:sanitation,research-to-content,unlocks-building,BuildingSO,building:1097,resolved-content,references.RefIds.0.data.buildingId,Assets/Resources/SO/Research/Projects/survival_sanitation.asset,docs_final/content-db/relations/research-effects/research-project.csv
research:survival:sanitation,content-requires-research,requires,ProductionRecipeSO,recipe:incinerate-animal,resolved-content,requiredResearchId,Assets/Resources/SO/Economy/Recipes/recipe_incinerate_animal.asset,docs_final/content-db/incoming/research-effects/research-project.csv
research:survival:sanitation,content-requires-research,requires,ProductionRecipeSO,recipe:incinerate-forbidden,resolved-content,requiredResearchId,Assets/Resources/SO/Economy/Recipes/recipe_incinerate_forbidden.asset,docs_final/content-db/incoming/research-effects/research-project.csv
research:survival:sanitation,content-requires-research,requires,ProductionRecipeSO,recipe:incinerate-mixed,resolved-content,requiredResearchId,Assets/Resources/SO/Economy/Recipes/recipe_incinerate_mixed.asset,docs_final/content-db/incoming/research-effects/research-project.csv
research:survival:sanitation,content-requires-research,requires,ProductionRecipeSO,recipe:incinerate-plant,resolved-content,requiredResearchId,Assets/Resources/SO/Economy/Recipes/recipe_incinerate_plant.asset,docs_final/content-db/incoming/research-effects/research-project.csv
research:survival:sanitation,content-requires-research,requires,ProductionRecipeSO,recipe:soap,resolved-content,requiredResearchId,Assets/Resources/SO/Economy/Recipes/recipe_soap.asset,docs_final/content-db/incoming/research-effects/research-project.csv
research:survival:seasonal-storage,research-to-content,unlocks-building,BuildingSO,building:8853,resolved-content,references.RefIds.0.data.buildingId,Assets/Resources/SO/Research/Projects/survival_seasonal_storage.asset,docs_final/content-db/relations/research-effects/research-project.csv
research:survival:seasonal-storage,content-requires-research,requires,ProductionRecipeSO,recipe:component:sealed-seasonal-container,resolved-content,requiredResearchId,Assets/Resources/SO/Economy/Recipes/ResearchOverhaul/V3R103_밀폐형_계절_보관함.asset,docs_final/content-db/incoming/research-effects/research-project.csv
research:survival:support,research-to-content,unlocks-building,BuildingSO,building:1021,resolved-content,references.RefIds.0.data.buildingId,Assets/Resources/SO/Research/Projects/survival_support.asset,docs_final/content-db/relations/research-effects/research-project.csv
research:survival:support,research-to-content,unlocks-building,BuildingSO,building:1022,resolved-content,references.RefIds.1.data.buildingId,Assets/Resources/SO/Research/Projects/survival_support.asset,docs_final/content-db/relations/research-effects/research-project.csv
research:survival:support,research-to-content,unlocks-building,BuildingSO,building:1024,resolved-content,references.RefIds.2.data.buildingId,Assets/Resources/SO/Research/Projects/survival_support.asset,docs_final/content-db/relations/research-effects/research-project.csv
research:survival:support,research-to-content,unlocks-building,BuildingSO,building:1025,resolved-content,references.RefIds.3.data.buildingId,Assets/Resources/SO/Research/Projects/survival_support.asset,docs_final/content-db/relations/research-effects/research-project.csv
research:survival:support,research-to-content,unlocks-building,BuildingSO,building:1054,resolved-content,references.RefIds.6.data.buildingId,Assets/Resources/SO/Research/Projects/survival_support.asset,docs_final/content-db/relations/research-effects/research-project.csv
research:survival:support,research-to-content,unlocks-building,BuildingSO,building:1060,resolved-content,references.RefIds.4.data.buildingId,Assets/Resources/SO/Research/Projects/survival_support.asset,docs_final/content-db/relations/research-effects/research-project.csv
research:survival:support,research-to-content,unlocks-building,BuildingSO,building:1063,resolved-content,references.RefIds.5.data.buildingId,Assets/Resources/SO/Research/Projects/survival_support.asset,docs_final/content-db/relations/research-effects/research-project.csv
research:survival:support,content-requires-research,references,FacilityBlueprintSO,facility-blueprint:6103,resolved-content,targetResearchProjectId,Assets/Resources/SO/Blueprint/P1/BP_SupportBasics.asset,docs_final/content-db/incoming/research-effects/research-project.csv
research:textile:dreamweave,research-to-content,unlocks-building,BuildingSO,building:1092,resolved-content,references.RefIds.0.data.buildingId,Assets/Resources/SO/Research/Projects/textile_dreamweave.asset,docs_final/content-db/relations/research-effects/research-project.csv
research:textile:dreamweave,content-requires-research,requires,CraftMaterialDefinitionSO,material:dreamweave,resolved-content,requiredResearchId,Assets/Resources/SO/Economy/Materials/material_dreamweave.asset,docs_final/content-db/incoming/research-effects/research-project.csv
research:textile:dreamweave,content-requires-research,requires,ProductionRecipeSO,recipe:component:dreamweave-rune-lining,resolved-content,requiredResearchId,Assets/Resources/SO/Economy/Recipes/ResearchOverhaul/V3R46_몽직물_룬_안감.asset,docs_final/content-db/incoming/research-effects/research-project.csv
research:textile:dreamweave,content-requires-research,requires,ProductionRecipeSO,recipe:dreamweave,resolved-content,requiredResearchId,Assets/Resources/SO/Economy/Recipes/recipe_dreamweave.asset,docs_final/content-db/incoming/research-effects/research-project.csv
research:textile:fiber,content-requires-research,requires,ApparelDefinitionSO,apparel:23001,resolved-content,requiredResearchId,Assets/Resources/SO/Apparel/Definitions/apparel_lower_underwear.asset,docs_final/content-db/incoming/research-effects/research-project.csv
research:textile:fiber,content-requires-research,requires,ApparelDefinitionSO,apparel:23002,resolved-content,requiredResearchId,Assets/Resources/SO/Apparel/Definitions/apparel_loincloth_underwear.asset,docs_final/content-db/incoming/research-effects/research-project.csv
research:textile:fiber,content-requires-research,requires,ApparelDefinitionSO,apparel:23003,resolved-content,requiredResearchId,Assets/Resources/SO/Apparel/Definitions/apparel_undershirt.asset,docs_final/content-db/incoming/research-effects/research-project.csv
research:textile:fiber,content-requires-research,requires,ApparelDefinitionSO,apparel:23004,resolved-content,requiredResearchId,Assets/Resources/SO/Apparel/Definitions/apparel_chest_wrap.asset,docs_final/content-db/incoming/research-effects/research-project.csv
research:textile:fiber,content-requires-research,requires,ApparelDefinitionSO,apparel:23005,resolved-content,requiredResearchId,Assets/Resources/SO/Apparel/Definitions/apparel_long_underpants.asset,docs_final/content-db/incoming/research-effects/research-project.csv
research:textile:fiber,content-requires-research,requires,ApparelDefinitionSO,apparel:23006,resolved-content,requiredResearchId,Assets/Resources/SO/Apparel/Definitions/apparel_socks.asset,docs_final/content-db/incoming/research-effects/research-project.csv
research:textile:fiber,content-requires-research,requires,ApparelDefinitionSO,apparel:23007,resolved-content,requiredResearchId,Assets/Resources/SO/Apparel/Definitions/apparel_footwraps.asset,docs_final/content-db/incoming/research-effects/research-project.csv
research:textile:fiber,research-to-content,unlocks-building,BuildingSO,building:1083,resolved-content,references.RefIds.0.data.buildingId,Assets/Resources/SO/Research/Projects/textile_fiber.asset,docs_final/content-db/relations/research-effects/research-project.csv
research:textile:fiber,research-to-content,unlocks-building,BuildingSO,building:1623,resolved-content,references.RefIds.1.data.buildingId,Assets/Resources/SO/Research/Projects/textile_fiber.asset,docs_final/content-db/relations/research-effects/research-project.csv
research:textile:fiber,research-to-content,unlocks-building,BuildingSO,building:9303,resolved-content,references.RefIds.2.data.buildingId,Assets/Resources/SO/Research/Projects/textile_fiber.asset,docs_final/content-db/relations/research-effects/research-project.csv
research:textile:fiber,research-to-content,unlocks-building,BuildingSO,building:9304,resolved-content,references.RefIds.3.data.buildingId,Assets/Resources/SO/Research/Projects/textile_fiber.asset,docs_final/content-db/relations/research-effects/research-project.csv
research:textile:fiber,research-to-content,unlocks-building,BuildingSO,building:9309,resolved-content,references.RefIds.4.data.buildingId,Assets/Resources/SO/Research/Projects/textile_fiber.asset,docs_final/content-db/relations/research-effects/research-project.csv
research:textile:fiber,research-to-content,unlocks-building,BuildingSO,building:9310,resolved-content,references.RefIds.5.data.buildingId,Assets/Resources/SO/Research/Projects/textile_fiber.asset,docs_final/content-db/relations/research-effects/research-project.csv
research:textile:fiber,research-to-content,unlocks-building,BuildingSO,building:9311,resolved-content,references.RefIds.6.data.buildingId,Assets/Resources/SO/Research/Projects/textile_fiber.asset,docs_final/content-db/relations/research-effects/research-project.csv
research:textile:fiber,content-requires-research,requires,CraftMaterialDefinitionSO,material:cloth,resolved-content,requiredResearchId,Assets/Resources/SO/Economy/Materials/material_cloth.asset,docs_final/content-db/incoming/research-effects/research-project.csv
research:textile:fiber,content-requires-research,requires,CropDefinitionSO,crop:ember-cotton,resolved-content,requiredResearchId,Assets/Resources/SO/Economy/Crops/V22Textiles/crop_ember-cotton.asset,docs_final/content-db/incoming/research-effects/research-project.csv
research:textile:fiber,content-requires-research,requires,CropDefinitionSO,crop:frost-flax,resolved-content,requiredResearchId,Assets/Resources/SO/Economy/Crops/V22Textiles/crop_frost-flax.asset,docs_final/content-db/incoming/research-effects/research-project.csv
research:textile:fiber,content-requires-research,requires,CropDefinitionSO,crop:mire-reed,resolved-content,requiredResearchId,Assets/Resources/SO/Economy/Crops/V22Textiles/crop_mire-reed.asset,docs_final/content-db/incoming/research-effects/research-project.csv
research:textile:fiber,content-requires-research,requires,CropDefinitionSO,crop:shade-fiber,resolved-content,requiredResearchId,Assets/Resources/SO/Economy/Crops/crop_shade_fiber.asset,docs_final/content-db/incoming/research-effects/research-project.csv
research:textile:fiber,content-requires-research,requires,CropDefinitionSO,crop:spore-hemp,resolved-content,requiredResearchId,Assets/Resources/SO/Economy/Crops/V22Textiles/crop_spore-hemp.asset,docs_final/content-db/incoming/research-effects/research-project.csv
research:textile:fiber,content-requires-research,requires,ProductionRecipeSO,recipe:bowstring-fiber,resolved-content,requiredResearchId,Assets/Resources/SO/Economy/Recipes/recipe_bowstring_fiber.asset,docs_final/content-db/incoming/research-effects/research-project.csv
research:textile:fiber,content-requires-research,requires,ProductionRecipeSO,recipe:cloth,resolved-content,requiredResearchId,Assets/Resources/SO/Economy/Recipes/recipe_cloth.asset,docs_final/content-db/incoming/research-effects/research-project.csv
research:textile:fiber,content-requires-research,requires,ProductionRecipeSO,recipe:material:rope,resolved-content,requiredResearchId,Assets/Resources/SO/Economy/Recipes/ResearchOverhaul/V3R08_밧줄.asset,docs_final/content-db/incoming/research-effects/research-project.csv
research:textile:fiber,content-requires-research,requires,ProductionRecipeSO,recipe:v22:apparel:chest-wrap,resolved-content,requiredResearchId,Assets/Resources/SO/Economy/Recipes/V22Apparel/recipe_v22_apparel_chest_wrap.asset,docs_final/content-db/incoming/research-effects/research-project.csv
research:textile:fiber,research-to-content,unlocks-recipe,ProductionRecipeSO,recipe:v22:apparel:chest-wrap,resolved-content,references.RefIds.7.data.recipeId,Assets/Resources/SO/Research/Projects/textile_fiber.asset,docs_final/content-db/relations/research-effects/research-project.csv
research:textile:fiber,content-requires-research,requires,ProductionRecipeSO,recipe:v22:apparel:footwraps,resolved-content,requiredResearchId,Assets/Resources/SO/Economy/Recipes/V22Apparel/recipe_v22_apparel_footwraps.asset,docs_final/content-db/incoming/research-effects/research-project.csv
research:textile:fiber,research-to-content,unlocks-recipe,ProductionRecipeSO,recipe:v22:apparel:footwraps,resolved-content,references.RefIds.8.data.recipeId,Assets/Resources/SO/Research/Projects/textile_fiber.asset,docs_final/content-db/relations/research-effects/research-project.csv
research:textile:fiber,content-requires-research,requires,ProductionRecipeSO,recipe:v22:apparel:loincloth-underwear,resolved-content,requiredResearchId,Assets/Resources/SO/Economy/Recipes/V22Apparel/recipe_v22_apparel_loincloth_underwear.asset,docs_final/content-db/incoming/research-effects/research-project.csv
research:textile:fiber,research-to-content,unlocks-recipe,ProductionRecipeSO,recipe:v22:apparel:loincloth-underwear,resolved-content,references.RefIds.9.data.recipeId,Assets/Resources/SO/Research/Projects/textile_fiber.asset,docs_final/content-db/relations/research-effects/research-project.csv
research:textile:fiber,content-requires-research,requires,ProductionRecipeSO,recipe:v22:apparel:long-underpants,resolved-content,requiredResearchId,Assets/Resources/SO/Economy/Recipes/V22Apparel/recipe_v22_apparel_long_underpants.asset,docs_final/content-db/incoming/research-effects/research-project.csv
research:textile:fiber,research-to-content,unlocks-recipe,ProductionRecipeSO,recipe:v22:apparel:long-underpants,resolved-content,references.RefIds.10.data.recipeId,Assets/Resources/SO/Research/Projects/textile_fiber.asset,docs_final/content-db/relations/research-effects/research-project.csv
research:textile:fiber,content-requires-research,requires,ProductionRecipeSO,recipe:v22:apparel:lower-underwear,resolved-content,requiredResearchId,Assets/Resources/SO/Economy/Recipes/V22Apparel/recipe_v22_apparel_lower_underwear.asset,docs_final/content-db/incoming/research-effects/research-project.csv
research:textile:fiber,research-to-content,unlocks-recipe,ProductionRecipeSO,recipe:v22:apparel:lower-underwear,resolved-content,references.RefIds.11.data.recipeId,Assets/Resources/SO/Research/Projects/textile_fiber.asset,docs_final/content-db/relations/research-effects/research-project.csv
research:textile:fiber,content-requires-research,requires,ProductionRecipeSO,recipe:v22:apparel:socks,resolved-content,requiredResearchId,Assets/Resources/SO/Economy/Recipes/V22Apparel/recipe_v22_apparel_socks.asset,docs_final/content-db/incoming/research-effects/research-project.csv
research:textile:fiber,research-to-content,unlocks-recipe,ProductionRecipeSO,recipe:v22:apparel:socks,resolved-content,references.RefIds.12.data.recipeId,Assets/Resources/SO/Research/Projects/textile_fiber.asset,docs_final/content-db/relations/research-effects/research-project.csv
research:textile:fiber,content-requires-research,requires,ProductionRecipeSO,recipe:v22:apparel:undershirt,resolved-content,requiredResearchId,Assets/Resources/SO/Economy/Recipes/V22Apparel/recipe_v22_apparel_undershirt.asset,docs_final/content-db/incoming/research-effects/research-project.csv
research:textile:fiber,research-to-content,unlocks-recipe,ProductionRecipeSO,recipe:v22:apparel:undershirt,resolved-content,references.RefIds.13.data.recipeId,Assets/Resources/SO/Research/Projects/textile_fiber.asset,docs_final/content-db/relations/research-effects/research-project.csv
research:textile:fiber,content-requires-research,requires,ProductionRecipeSO,recipe:v22:sewing-thread,resolved-content,requiredResearchId,Assets/Resources/SO/Economy/Recipes/V22Apparel/recipe_v22_sewing_thread.asset,docs_final/content-db/incoming/research-effects/research-project.csv
research:textile:fiber,research-to-content,unlocks-recipe,ProductionRecipeSO,recipe:v22:sewing-thread,resolved-content,references.RefIds.22.data.recipeId,Assets/Resources/SO/Research/Projects/textile_fiber.asset,docs_final/content-db/relations/research-effects/research-project.csv
research:textile:fiber,content-requires-research,requires,ProductionRecipeSO,recipe:v22:spin:common-wool,resolved-content,requiredResearchId,Assets/Resources/SO/Economy/Recipes/V22Apparel/recipe_v22_spin_common_wool.asset,docs_final/content-db/incoming/research-effects/research-project.csv
research:textile:fiber,research-to-content,unlocks-recipe,ProductionRecipeSO,recipe:v22:spin:common-wool,resolved-content,references.RefIds.14.data.recipeId,Assets/Resources/SO/Research/Projects/textile_fiber.asset,docs_final/content-db/relations/research-effects/research-project.csv
research:textile:fiber,content-requires-research,requires,ProductionRecipeSO,recipe:v22:spin:ember-cotton,resolved-content,requiredResearchId,Assets/Resources/SO/Economy/Recipes/V22Apparel/recipe_v22_spin_ember_cotton.asset,docs_final/content-db/incoming/research-effects/research-project.csv
research:textile:fiber,research-to-content,unlocks-recipe,ProductionRecipeSO,recipe:v22:spin:ember-cotton,resolved-content,references.RefIds.15.data.recipeId,Assets/Resources/SO/Research/Projects/textile_fiber.asset,docs_final/content-db/relations/research-effects/research-project.csv
research:textile:fiber,content-requires-research,requires,ProductionRecipeSO,recipe:v22:spin:frost-linen,resolved-content,requiredResearchId,Assets/Resources/SO/Economy/Recipes/V22Apparel/recipe_v22_spin_frost_linen.asset,docs_final/content-db/incoming/research-effects/research-project.csv
research:textile:fiber,research-to-content,unlocks-recipe,ProductionRecipeSO,recipe:v22:spin:frost-linen,resolved-content,references.RefIds.16.data.recipeId,Assets/Resources/SO/Research/Projects/textile_fiber.asset,docs_final/content-db/relations/research-effects/research-project.csv
research:textile:fiber,content-requires-research,requires,ProductionRecipeSO,recipe:v22:spin:shade-cloth,resolved-content,requiredResearchId,Assets/Resources/SO/Economy/Recipes/V22Apparel/recipe_v22_spin_shade_cloth.asset,docs_final/content-db/incoming/research-effects/research-project.csv
research:textile:fiber,research-to-content,unlocks-recipe,ProductionRecipeSO,recipe:v22:spin:shade-cloth,resolved-content,references.RefIds.17.data.recipeId,Assets/Resources/SO/Research/Projects/textile_fiber.asset,docs_final/content-db/relations/research-effects/research-project.csv
research:textile:fiber,content-requires-research,requires,ProductionRecipeSO,recipe:v22:weave:common-wool,resolved-content,requiredResearchId,Assets/Resources/SO/Economy/Recipes/V22Apparel/recipe_v22_weave_common_wool.asset,docs_final/content-db/incoming/research-effects/research-project.csv
research:textile:fiber,research-to-content,unlocks-recipe,ProductionRecipeSO,recipe:v22:weave:common-wool,resolved-content,references.RefIds.18.data.recipeId,Assets/Resources/SO/Research/Projects/textile_fiber.asset,docs_final/content-db/relations/research-effects/research-project.csv
research:textile:fiber,content-requires-research,requires,ProductionRecipeSO,recipe:v22:weave:ember-cotton,resolved-content,requiredResearchId,Assets/Resources/SO/Economy/Recipes/V22Apparel/recipe_v22_weave_ember_cotton.asset,docs_final/content-db/incoming/research-effects/research-project.csv
research:textile:fiber,research-to-content,unlocks-recipe,ProductionRecipeSO,recipe:v22:weave:ember-cotton,resolved-content,references.RefIds.19.data.recipeId,Assets/Resources/SO/Research/Projects/textile_fiber.asset,docs_final/content-db/relations/research-effects/research-project.csv
research:textile:fiber,content-requires-research,requires,ProductionRecipeSO,recipe:v22:weave:frost-linen,resolved-content,requiredResearchId,Assets/Resources/SO/Economy/Recipes/V22Apparel/recipe_v22_weave_frost_linen.asset,docs_final/content-db/incoming/research-effects/research-project.csv
research:textile:fiber,research-to-content,unlocks-recipe,ProductionRecipeSO,recipe:v22:weave:frost-linen,resolved-content,references.RefIds.20.data.recipeId,Assets/Resources/SO/Research/Projects/textile_fiber.asset,docs_final/content-db/relations/research-effects/research-project.csv
research:textile:fiber,content-requires-research,requires,ProductionRecipeSO,recipe:v22:weave:shade-cloth,resolved-content,requiredResearchId,Assets/Resources/SO/Economy/Recipes/V22Apparel/recipe_v22_weave_shade_cloth.asset,docs_final/content-db/incoming/research-effects/research-project.csv
research:textile:fiber,research-to-content,unlocks-recipe,ProductionRecipeSO,recipe:v22:weave:shade-cloth,resolved-content,references.RefIds.21.data.recipeId,Assets/Resources/SO/Research/Projects/textile_fiber.asset,docs_final/content-db/relations/research-effects/research-project.csv
research:textile:fiber,content-requires-research,requires,ProductionRecipeSO,recipe:wool-cloth,resolved-content,requiredResearchId,Assets/Resources/SO/Economy/Recipes/recipe_wool_cloth.asset,docs_final/content-db/incoming/research-effects/research-project.csv
research:textile:fiber,content-requires-research,requires,TextileMaterialDefinitionSO,textilematerial:23101,resolved-content,requiredResearchId,Assets/Resources/SO/Apparel/Materials/textile_shade_cloth.asset,docs_final/content-db/incoming/research-effects/research-project.csv
research:textile:fiber,content-requires-research,requires,TextileMaterialDefinitionSO,textilematerial:23102,resolved-content,requiredResearchId,Assets/Resources/SO/Apparel/Materials/textile_frost_linen.asset,docs_final/content-db/incoming/research-effects/research-project.csv
research:textile:fiber,content-requires-research,requires,TextileMaterialDefinitionSO,textilematerial:23103,resolved-content,requiredResearchId,Assets/Resources/SO/Apparel/Materials/textile_ember_cotton.asset,docs_final/content-db/incoming/research-effects/research-project.csv
research:textile:fiber,content-requires-research,requires,TextileMaterialDefinitionSO,textilematerial:23106,resolved-content,requiredResearchId,Assets/Resources/SO/Apparel/Materials/textile_common_wool.asset,docs_final/content-db/incoming/research-effects/research-project.csv
research:textile:layered,content-requires-research,requires,ApparelDefinitionSO,apparel:23010,resolved-content,requiredResearchId,Assets/Resources/SO/Apparel/Definitions/apparel_golem_functional_lining.asset,docs_final/content-db/incoming/research-effects/research-project.csv
research:textile:layered,content-requires-research,requires,ApparelDefinitionSO,apparel:23022,resolved-content,requiredResearchId,Assets/Resources/SO/Apparel/Definitions/apparel_raincoat.asset,docs_final/content-db/incoming/research-effects/research-project.csv
research:textile:layered,content-requires-research,requires,ApparelDefinitionSO,apparel:23027,resolved-content,requiredResearchId,Assets/Resources/SO/Apparel/Definitions/apparel_heat_work_suit.asset,docs_final/content-db/incoming/research-effects/research-project.csv
research:textile:layered,content-requires-research,requires,ApparelDefinitionSO,apparel:23028,resolved-content,requiredResearchId,Assets/Resources/SO/Apparel/Definitions/apparel_waterproof_work_suit.asset,docs_final/content-db/incoming/research-effects/research-project.csv
research:textile:layered,content-requires-research,requires,ApparelDefinitionSO,apparel:23029,resolved-content,requiredResearchId,Assets/Resources/SO/Apparel/Definitions/apparel_spore_protection_hood.asset,docs_final/content-db/incoming/research-effects/research-project.csv
research:textile:layered,content-requires-research,requires,ApparelDefinitionSO,apparel:23030,resolved-content,requiredResearchId,Assets/Resources/SO/Apparel/Definitions/apparel_smoke_protection_hood.asset,docs_final/content-db/incoming/research-effects/research-project.csv
research:textile:layered,content-requires-research,requires,ApparelDefinitionSO,apparel:23033,resolved-content,requiredResearchId,Assets/Resources/SO/Apparel/Definitions/apparel_miner_workwear.asset,docs_final/content-db/incoming/research-effects/research-project.csv
research:textile:layered,content-requires-research,requires,ApparelDefinitionSO,apparel:23034,resolved-content,requiredResearchId,Assets/Resources/SO/Apparel/Definitions/apparel_smith_apron.asset,docs_final/content-db/incoming/research-effects/research-project.csv
research:textile:layered,content-requires-research,requires,ApparelDefinitionSO,apparel:23053,resolved-content,requiredResearchId,Assets/Resources/SO/Apparel/Definitions/apparel_tail_guard.asset,docs_final/content-db/incoming/research-effects/research-project.csv
research:textile:layered,research-to-content,unlocks-building,BuildingSO,building:9312,resolved-content,references.RefIds.0.data.buildingId,Assets/Resources/SO/Research/Projects/textile_layered.asset,docs_final/content-db/relations/research-effects/research-project.csv
research:textile:layered,content-requires-research,requires,ProductionRecipeSO,recipe:component:textile-hardener,resolved-content,requiredResearchId,Assets/Resources/SO/Economy/Recipes/ResearchOverhaul/V3R52_직물_경화제.asset,docs_final/content-db/incoming/research-effects/research-project.csv
research:textile:layered,content-requires-research,requires,ProductionRecipeSO,recipe:textile:quilted-liner,resolved-content,requiredResearchId,Assets/Resources/SO/Economy/Recipes/ResearchOverhaul/V3R14_층상_충전재.asset,docs_final/content-db/incoming/research-effects/research-project.csv
research:textile:layered,content-requires-research,requires,ProductionRecipeSO,recipe:v22:apparel:golem-functional-lining,resolved-content,requiredResearchId,Assets/Resources/SO/Economy/Recipes/V22Apparel/recipe_v22_apparel_golem_functional_lining.asset,docs_final/content-db/incoming/research-effects/research-project.csv
research:textile:layered,research-to-content,unlocks-recipe,ProductionRecipeSO,recipe:v22:apparel:golem-functional-lining,resolved-content,references.RefIds.1.data.recipeId,Assets/Resources/SO/Research/Projects/textile_layered.asset,docs_final/content-db/relations/research-effects/research-project.csv
research:textile:layered,content-requires-research,requires,ProductionRecipeSO,recipe:v22:apparel:heat-work-suit,resolved-content,requiredResearchId,Assets/Resources/SO/Economy/Recipes/V22Apparel/recipe_v22_apparel_heat_work_suit.asset,docs_final/content-db/incoming/research-effects/research-project.csv
research:textile:layered,research-to-content,unlocks-recipe,ProductionRecipeSO,recipe:v22:apparel:heat-work-suit,resolved-content,references.RefIds.2.data.recipeId,Assets/Resources/SO/Research/Projects/textile_layered.asset,docs_final/content-db/relations/research-effects/research-project.csv
research:textile:layered,content-requires-research,requires,ProductionRecipeSO,recipe:v22:apparel:miner-workwear,resolved-content,requiredResearchId,Assets/Resources/SO/Economy/Recipes/V22Apparel/recipe_v22_apparel_miner_workwear.asset,docs_final/content-db/incoming/research-effects/research-project.csv
research:textile:layered,research-to-content,unlocks-recipe,ProductionRecipeSO,recipe:v22:apparel:miner-workwear,resolved-content,references.RefIds.3.data.recipeId,Assets/Resources/SO/Research/Projects/textile_layered.asset,docs_final/content-db/relations/research-effects/research-project.csv
research:textile:layered,content-requires-research,requires,ProductionRecipeSO,recipe:v22:apparel:raincoat,resolved-content,requiredResearchId,Assets/Resources/SO/Economy/Recipes/V22Apparel/recipe_v22_apparel_raincoat.asset,docs_final/content-db/incoming/research-effects/research-project.csv
research:textile:layered,research-to-content,unlocks-recipe,ProductionRecipeSO,recipe:v22:apparel:raincoat,resolved-content,references.RefIds.4.data.recipeId,Assets/Resources/SO/Research/Projects/textile_layered.asset,docs_final/content-db/relations/research-effects/research-project.csv
research:textile:layered,content-requires-research,requires,ProductionRecipeSO,recipe:v22:apparel:smith-apron,resolved-content,requiredResearchId,Assets/Resources/SO/Economy/Recipes/V22Apparel/recipe_v22_apparel_smith_apron.asset,docs_final/content-db/incoming/research-effects/research-project.csv
research:textile:layered,research-to-content,unlocks-recipe,ProductionRecipeSO,recipe:v22:apparel:smith-apron,resolved-content,references.RefIds.5.data.recipeId,Assets/Resources/SO/Research/Projects/textile_layered.asset,docs_final/content-db/relations/research-effects/research-project.csv
research:textile:layered,content-requires-research,requires,ProductionRecipeSO,recipe:v22:apparel:smoke-protection-hood,resolved-content,requiredResearchId,Assets/Resources/SO/Economy/Recipes/V22Apparel/recipe_v22_apparel_smoke_protection_hood.asset,docs_final/content-db/incoming/research-effects/research-project.csv
research:textile:layered,research-to-content,unlocks-recipe,ProductionRecipeSO,recipe:v22:apparel:smoke-protection-hood,resolved-content,references.RefIds.6.data.recipeId,Assets/Resources/SO/Research/Projects/textile_layered.asset,docs_final/content-db/relations/research-effects/research-project.csv
research:textile:layered,content-requires-research,requires,ProductionRecipeSO,recipe:v22:apparel:spore-protection-hood,resolved-content,requiredResearchId,Assets/Resources/SO/Economy/Recipes/V22Apparel/recipe_v22_apparel_spore_protection_hood.asset,docs_final/content-db/incoming/research-effects/research-project.csv
research:textile:layered,research-to-content,unlocks-recipe,ProductionRecipeSO,recipe:v22:apparel:spore-protection-hood,resolved-content,references.RefIds.7.data.recipeId,Assets/Resources/SO/Research/Projects/textile_layered.asset,docs_final/content-db/relations/research-effects/research-project.csv
research:textile:layered,content-requires-research,requires,ProductionRecipeSO,recipe:v22:apparel:tail-guard,resolved-content,requiredResearchId,Assets/Resources/SO/Economy/Recipes/V22Apparel/recipe_v22_apparel_tail_guard.asset,docs_final/content-db/incoming/research-effects/research-project.csv
research:textile:layered,research-to-content,unlocks-recipe,ProductionRecipeSO,recipe:v22:apparel:tail-guard,resolved-content,references.RefIds.8.data.recipeId,Assets/Resources/SO/Research/Projects/textile_layered.asset,docs_final/content-db/relations/research-effects/research-project.csv
research:textile:layered,content-requires-research,requires,ProductionRecipeSO,recipe:v22:apparel:waterproof-work-suit,resolved-content,requiredResearchId,Assets/Resources/SO/Economy/Recipes/V22Apparel/recipe_v22_apparel_waterproof_work_suit.asset,docs_final/content-db/incoming/research-effects/research-project.csv
research:textile:layered,research-to-content,unlocks-recipe,ProductionRecipeSO,recipe:v22:apparel:waterproof-work-suit,resolved-content,references.RefIds.9.data.recipeId,Assets/Resources/SO/Research/Projects/textile_layered.asset,docs_final/content-db/relations/research-effects/research-project.csv
research:textile:layered,content-requires-research,requires,ProductionRecipeSO,recipe:v22:spin:deep-goat-wool,resolved-content,requiredResearchId,Assets/Resources/SO/Economy/Recipes/V22Apparel/recipe_v22_spin_deep_goat_wool.asset,docs_final/content-db/incoming/research-effects/research-project.csv
research:textile:layered,research-to-content,unlocks-recipe,ProductionRecipeSO,recipe:v22:spin:deep-goat-wool,resolved-content,references.RefIds.10.data.recipeId,Assets/Resources/SO/Research/Projects/textile_layered.asset,docs_final/content-db/relations/research-effects/research-project.csv
research:textile:layered,content-requires-research,requires,ProductionRecipeSO,recipe:v22:spin:frost-wool,resolved-content,requiredResearchId,Assets/Resources/SO/Economy/Recipes/V22Apparel/recipe_v22_spin_frost_wool.asset,docs_final/content-db/incoming/research-effects/research-project.csv
research:textile:layered,research-to-content,unlocks-recipe,ProductionRecipeSO,recipe:v22:spin:frost-wool,resolved-content,references.RefIds.11.data.recipeId,Assets/Resources/SO/Research/Projects/textile_layered.asset,docs_final/content-db/relations/research-effects/research-project.csv
research:textile:layered,content-requires-research,requires,ProductionRecipeSO,recipe:v22:spin:mire-canvas,resolved-content,requiredResearchId,Assets/Resources/SO/Economy/Recipes/V22Apparel/recipe_v22_spin_mire_canvas.asset,docs_final/content-db/incoming/research-effects/research-project.csv
research:textile:layered,research-to-content,unlocks-recipe,ProductionRecipeSO,recipe:v22:spin:mire-canvas,resolved-content,references.RefIds.12.data.recipeId,Assets/Resources/SO/Research/Projects/textile_layered.asset,docs_final/content-db/relations/research-effects/research-project.csv
research:textile:layered,content-requires-research,requires,ProductionRecipeSO,recipe:v22:spin:spore-hemp,resolved-content,requiredResearchId,Assets/Resources/SO/Economy/Recipes/V22Apparel/recipe_v22_spin_spore_hemp.asset,docs_final/content-db/incoming/research-effects/research-project.csv
research:textile:layered,research-to-content,unlocks-recipe,ProductionRecipeSO,recipe:v22:spin:spore-hemp,resolved-content,references.RefIds.13.data.recipeId,Assets/Resources/SO/Research/Projects/textile_layered.asset,docs_final/content-db/relations/research-effects/research-project.csv
research:textile:layered,content-requires-research,requires,ProductionRecipeSO,recipe:v22:weave:deep-goat-wool,resolved-content,requiredResearchId,Assets/Resources/SO/Economy/Recipes/V22Apparel/recipe_v22_weave_deep_goat_wool.asset,docs_final/content-db/incoming/research-effects/research-project.csv
research:textile:layered,research-to-content,unlocks-recipe,ProductionRecipeSO,recipe:v22:weave:deep-goat-wool,resolved-content,references.RefIds.14.data.recipeId,Assets/Resources/SO/Research/Projects/textile_layered.asset,docs_final/content-db/relations/research-effects/research-project.csv
research:textile:layered,content-requires-research,requires,ProductionRecipeSO,recipe:v22:weave:frost-wool,resolved-content,requiredResearchId,Assets/Resources/SO/Economy/Recipes/V22Apparel/recipe_v22_weave_frost_wool.asset,docs_final/content-db/incoming/research-effects/research-project.csv
research:textile:layered,research-to-content,unlocks-recipe,ProductionRecipeSO,recipe:v22:weave:frost-wool,resolved-content,references.RefIds.15.data.recipeId,Assets/Resources/SO/Research/Projects/textile_layered.asset,docs_final/content-db/relations/research-effects/research-project.csv
research:textile:layered,content-requires-research,requires,ProductionRecipeSO,recipe:v22:weave:mire-canvas,resolved-content,requiredResearchId,Assets/Resources/SO/Economy/Recipes/V22Apparel/recipe_v22_weave_mire_canvas.asset,docs_final/content-db/incoming/research-effects/research-project.csv
research:textile:layered,research-to-content,unlocks-recipe,ProductionRecipeSO,recipe:v22:weave:mire-canvas,resolved-content,references.RefIds.16.data.recipeId,Assets/Resources/SO/Research/Projects/textile_layered.asset,docs_final/content-db/relations/research-effects/research-project.csv
research:textile:layered,content-requires-research,requires,ProductionRecipeSO,recipe:v22:weave:spore-hemp,resolved-content,requiredResearchId,Assets/Resources/SO/Economy/Recipes/V22Apparel/recipe_v22_weave_spore_hemp.asset,docs_final/content-db/incoming/research-effects/research-project.csv
research:textile:layered,research-to-content,unlocks-recipe,ProductionRecipeSO,recipe:v22:weave:spore-hemp,resolved-content,references.RefIds.17.data.recipeId,Assets/Resources/SO/Research/Projects/textile_layered.asset,docs_final/content-db/relations/research-effects/research-project.csv
research:textile:layered,content-requires-research,requires,TextileMaterialDefinitionSO,textilematerial:23104,resolved-content,requiredResearchId,Assets/Resources/SO/Apparel/Materials/textile_mire_canvas.asset,docs_final/content-db/incoming/research-effects/research-project.csv
research:textile:layered,content-requires-research,requires,TextileMaterialDefinitionSO,textilematerial:23105,resolved-content,requiredResearchId,Assets/Resources/SO/Apparel/Materials/textile_spore_hemp.asset,docs_final/content-db/incoming/research-effects/research-project.csv
research:textile:layered,content-requires-research,requires,TextileMaterialDefinitionSO,textilematerial:23107,resolved-content,requiredResearchId,Assets/Resources/SO/Apparel/Materials/textile_frost_wool.asset,docs_final/content-db/incoming/research-effects/research-project.csv
research:textile:layered,content-requires-research,requires,TextileMaterialDefinitionSO,textilematerial:23108,resolved-content,requiredResearchId,Assets/Resources/SO/Apparel/Materials/textile_deep_goat_wool.asset,docs_final/content-db/incoming/research-effects/research-project.csv
research:textile:rune-leather,content-requires-research,requires,CraftMaterialDefinitionSO,material:rune-leather,resolved-content,requiredResearchId,Assets/Resources/SO/Economy/Materials/material_rune_leather.asset,docs_final/content-db/incoming/research-effects/research-project.csv
research:textile:rune-leather,content-requires-research,requires,ProductionRecipeSO,recipe:component:rune-leather-lining,resolved-content,requiredResearchId,Assets/Resources/SO/Economy/Recipes/ResearchOverhaul/V3R48_룬가죽_장비_안감.asset,docs_final/content-db/incoming/research-effects/research-project.csv
research:textile:rune-leather,content-requires-research,requires,ProductionRecipeSO,recipe:rune-leather,resolved-content,requiredResearchId,Assets/Resources/SO/Economy/Recipes/recipe_rune_leather.asset,docs_final/content-db/incoming/research-effects/research-project.csv
research:textile:tailoring,content-requires-research,requires,ApparelDefinitionSO,apparel:23008,resolved-content,requiredResearchId,Assets/Resources/SO/Apparel/Definitions/apparel_sleep_top.asset,docs_final/content-db/incoming/research-effects/research-project.csv
research:textile:tailoring,content-requires-research,requires,ApparelDefinitionSO,apparel:23009,resolved-content,requiredResearchId,Assets/Resources/SO/Apparel/Definitions/apparel_sleep_bottom.asset,docs_final/content-db/incoming/research-effects/research-project.csv
research:textile:tailoring,content-requires-research,requires,ApparelDefinitionSO,apparel:23011,resolved-content,requiredResearchId,Assets/Resources/SO/Apparel/Definitions/apparel_tunic.asset,docs_final/content-db/incoming/research-effects/research-project.csv
research:textile:tailoring,content-requires-research,requires,ApparelDefinitionSO,apparel:23012,resolved-content,requiredResearchId,Assets/Resources/SO/Apparel/Definitions/apparel_blouse.asset,docs_final/content-db/incoming/research-effects/research-project.csv
research:textile:tailoring,content-requires-research,requires,ApparelDefinitionSO,apparel:23013,resolved-content,requiredResearchId,Assets/Resources/SO/Apparel/Definitions/apparel_work_shirt.asset,docs_final/content-db/incoming/research-effects/research-project.csv
research:textile:tailoring,content-requires-research,requires,ApparelDefinitionSO,apparel:23014,resolved-content,requiredResearchId,Assets/Resources/SO/Apparel/Definitions/apparel_trousers.asset,docs_final/content-db/incoming/research-effects/research-project.csv
research:textile:tailoring,content-requires-research,requires,ApparelDefinitionSO,apparel:23015,resolved-content,requiredResearchId,Assets/Resources/SO/Apparel/Definitions/apparel_skirt.asset,docs_final/content-db/incoming/research-effects/research-project.csv
research:textile:tailoring,content-requires-research,requires,ApparelDefinitionSO,apparel:23016,resolved-content,requiredResearchId,Assets/Resources/SO/Apparel/Definitions/apparel_shorts.asset,docs_final/content-db/incoming/research-effects/research-project.csv
research:textile:tailoring,content-requires-research,requires,ApparelDefinitionSO,apparel:23017,resolved-content,requiredResearchId,Assets/Resources/SO/Apparel/Definitions/apparel_apron.asset,docs_final/content-db/incoming/research-effects/research-project.csv
research:textile:tailoring,content-requires-research,requires,ApparelDefinitionSO,apparel:23018,resolved-content,requiredResearchId,Assets/Resources/SO/Apparel/Definitions/apparel_vest.asset,docs_final/content-db/incoming/research-effects/research-project.csv
research:textile:tailoring,content-requires-research,requires,ApparelDefinitionSO,apparel:23019,resolved-content,requiredResearchId,Assets/Resources/SO/Apparel/Definitions/apparel_daily_robe.asset,docs_final/content-db/incoming/research-effects/research-project.csv
research:textile:tailoring,content-requires-research,requires,ApparelDefinitionSO,apparel:23020,resolved-content,requiredResearchId,Assets/Resources/SO/Apparel/Definitions/apparel_hooded_robe.asset,docs_final/content-db/incoming/research-effects/research-project.csv
research:textile:tailoring,content-requires-research,requires,ApparelDefinitionSO,apparel:23021,resolved-content,requiredResearchId,Assets/Resources/SO/Apparel/Definitions/apparel_cloak.asset,docs_final/content-db/incoming/research-effects/research-project.csv
research:textile:tailoring,content-requires-research,requires,ApparelDefinitionSO,apparel:23031,resolved-content,requiredResearchId,Assets/Resources/SO/Apparel/Definitions/apparel_sterile_gown.asset,docs_final/content-db/incoming/research-effects/research-project.csv
research:textile:tailoring,content-requires-research,requires,ApparelDefinitionSO,apparel:23032,resolved-content,requiredResearchId,Assets/Resources/SO/Apparel/Definitions/apparel_surgical_apron.asset,docs_final/content-db/incoming/research-effects/research-project.csv
research:textile:tailoring,content-requires-research,requires,ApparelDefinitionSO,apparel:23035,resolved-content,requiredResearchId,Assets/Resources/SO/Apparel/Definitions/apparel_farmer_workwear.asset,docs_final/content-db/incoming/research-effects/research-project.csv
research:textile:tailoring,content-requires-research,requires,ApparelDefinitionSO,apparel:23036,resolved-content,requiredResearchId,Assets/Resources/SO/Apparel/Definitions/apparel_keeper_coat.asset,docs_final/content-db/incoming/research-effects/research-project.csv
research:textile:tailoring,content-requires-research,requires,ApparelDefinitionSO,apparel:23037,resolved-content,requiredResearchId,Assets/Resources/SO/Apparel/Definitions/apparel_formal_coat.asset,docs_final/content-db/incoming/research-effects/research-project.csv
research:textile:tailoring,content-requires-research,requires,ApparelDefinitionSO,apparel:23038,resolved-content,requiredResearchId,Assets/Resources/SO/Apparel/Definitions/apparel_ceremonial_dress.asset,docs_final/content-db/incoming/research-effects/research-project.csv
research:textile:tailoring,content-requires-research,requires,ApparelDefinitionSO,apparel:23039,resolved-content,requiredResearchId,Assets/Resources/SO/Apparel/Definitions/apparel_ritual_robe.asset,docs_final/content-db/incoming/research-effects/research-project.csv
research:textile:tailoring,content-requires-research,requires,ApparelDefinitionSO,apparel:23040,resolved-content,requiredResearchId,Assets/Resources/SO/Apparel/Definitions/apparel_mourning_clothes.asset,docs_final/content-db/incoming/research-effects/research-project.csv
research:textile:tailoring,content-requires-research,requires,ApparelDefinitionSO,apparel:23041,resolved-content,requiredResearchId,Assets/Resources/SO/Apparel/Definitions/apparel_festival_vest.asset,docs_final/content-db/incoming/research-effects/research-project.csv
research:textile:tailoring,content-requires-research,requires,ApparelDefinitionSO,apparel:23042,resolved-content,requiredResearchId,Assets/Resources/SO/Apparel/Definitions/apparel_envoy_coat.asset,docs_final/content-db/incoming/research-effects/research-project.csv
research:textile:tailoring,content-requires-research,requires,ApparelDefinitionSO,apparel:23043,resolved-content,requiredResearchId,Assets/Resources/SO/Apparel/Definitions/apparel_contract_sash.asset,docs_final/content-db/incoming/research-effects/research-project.csv
research:textile:tailoring,content-requires-research,requires,ApparelDefinitionSO,apparel:23044,resolved-content,requiredResearchId,Assets/Resources/SO/Apparel/Definitions/apparel_weapon_vigil_cloak.asset,docs_final/content-db/incoming/research-effects/research-project.csv
research:textile:tailoring,content-requires-research,requires,ApparelDefinitionSO,apparel:23045,resolved-content,requiredResearchId,Assets/Resources/SO/Apparel/Definitions/apparel_sky_chorus_shawl.asset,docs_final/content-db/incoming/research-effects/research-project.csv
research:textile:tailoring,content-requires-research,requires,ApparelDefinitionSO,apparel:23046,resolved-content,requiredResearchId,Assets/Resources/SO/Apparel/Definitions/apparel_spore_garden_cloak.asset,docs_final/content-db/incoming/research-effects/research-project.csv
research:textile:tailoring,content-requires-research,requires,ApparelDefinitionSO,apparel:23047,resolved-content,requiredResearchId,Assets/Resources/SO/Apparel/Definitions/apparel_belt.asset,docs_final/content-db/incoming/research-effects/research-project.csv
research:textile:tailoring,content-requires-research,requires,ApparelDefinitionSO,apparel:23048,resolved-content,requiredResearchId,Assets/Resources/SO/Apparel/Definitions/apparel_gloves.asset,docs_final/content-db/incoming/research-effects/research-project.csv
research:textile:tailoring,content-requires-research,requires,ApparelDefinitionSO,apparel:23049,resolved-content,requiredResearchId,Assets/Resources/SO/Apparel/Definitions/apparel_boots.asset,docs_final/content-db/incoming/research-effects/research-project.csv
research:textile:tailoring,content-requires-research,requires,ApparelDefinitionSO,apparel:23050,resolved-content,requiredResearchId,Assets/Resources/SO/Apparel/Definitions/apparel_hat.asset,docs_final/content-db/incoming/research-effects/research-project.csv
research:textile:tailoring,content-requires-research,requires,ApparelDefinitionSO,apparel:23051,resolved-content,requiredResearchId,Assets/Resources/SO/Apparel/Definitions/apparel_scarf.asset,docs_final/content-db/incoming/research-effects/research-project.csv
research:textile:tailoring,content-requires-research,requires,ApparelDefinitionSO,apparel:23052,resolved-content,requiredResearchId,Assets/Resources/SO/Apparel/Definitions/apparel_tail_ribbon.asset,docs_final/content-db/incoming/research-effects/research-project.csv
research:textile:tailoring,content-requires-research,requires,ApparelDefinitionSO,apparel:23054,resolved-content,requiredResearchId,Assets/Resources/SO/Apparel/Definitions/apparel_horn_ring.asset,docs_final/content-db/incoming/research-effects/research-project.csv
research:textile:tailoring,content-requires-research,requires,ApparelDefinitionSO,apparel:23055,resolved-content,requiredResearchId,Assets/Resources/SO/Apparel/Definitions/apparel_wing_harness.asset,docs_final/content-db/incoming/research-effects/research-project.csv
research:textile:tailoring,content-requires-research,requires,ApparelDefinitionSO,apparel:23056,resolved-content,requiredResearchId,Assets/Resources/SO/Apparel/Definitions/apparel_wing_cloak.asset,docs_final/content-db/incoming/research-effects/research-project.csv
research:textile:tailoring,research-to-content,unlocks-building,BuildingSO,building:9301,resolved-content,references.RefIds.0.data.buildingId,Assets/Resources/SO/Research/Projects/textile_tailoring.asset,docs_final/content-db/relations/research-effects/research-project.csv
research:textile:tailoring,research-to-content,unlocks-building,BuildingSO,building:9302,resolved-content,references.RefIds.1.data.buildingId,Assets/Resources/SO/Research/Projects/textile_tailoring.asset,docs_final/content-db/relations/research-effects/research-project.csv
research:textile:tailoring,research-to-content,unlocks-building,BuildingSO,building:9306,resolved-content,references.RefIds.2.data.buildingId,Assets/Resources/SO/Research/Projects/textile_tailoring.asset,docs_final/content-db/relations/research-effects/research-project.csv
research:textile:tailoring,research-to-content,unlocks-building,BuildingSO,building:9307,resolved-content,references.RefIds.3.data.buildingId,Assets/Resources/SO/Research/Projects/textile_tailoring.asset,docs_final/content-db/relations/research-effects/research-project.csv
research:textile:tailoring,content-requires-research,requires,CombatArmorSO,equipment-item:armor:gambeson,resolved-content,requiredResearchId,Assets/Resources/SO/Combat/Equipment/A02_Gambeson.asset,docs_final/content-db/incoming/research-effects/research-project.csv
research:textile:tailoring,content-requires-research,requires,CombatArmorSO,equipment-item:armor:padded-hood,resolved-content,requiredResearchId,Assets/Resources/SO/Combat/Equipment/A20_PaddedHood.asset,docs_final/content-db/incoming/research-effects/research-project.csv
research:textile:tailoring,content-requires-research,requires,ProductionRecipeSO,recipe:v22:apparel:apron,resolved-content,requiredResearchId,Assets/Resources/SO/Economy/Recipes/V22Apparel/recipe_v22_apparel_apron.asset,docs_final/content-db/incoming/research-effects/research-project.csv
research:textile:tailoring,research-to-content,unlocks-recipe,ProductionRecipeSO,recipe:v22:apparel:apron,resolved-content,references.RefIds.4.data.recipeId,Assets/Resources/SO/Research/Projects/textile_tailoring.asset,docs_final/content-db/relations/research-effects/research-project.csv
research:textile:tailoring,content-requires-research,requires,ProductionRecipeSO,recipe:v22:apparel:belt,resolved-content,requiredResearchId,Assets/Resources/SO/Economy/Recipes/V22Apparel/recipe_v22_apparel_belt.asset,docs_final/content-db/incoming/research-effects/research-project.csv
research:textile:tailoring,research-to-content,unlocks-recipe,ProductionRecipeSO,recipe:v22:apparel:belt,resolved-content,references.RefIds.5.data.recipeId,Assets/Resources/SO/Research/Projects/textile_tailoring.asset,docs_final/content-db/relations/research-effects/research-project.csv
research:textile:tailoring,content-requires-research,requires,ProductionRecipeSO,recipe:v22:apparel:blouse,resolved-content,requiredResearchId,Assets/Resources/SO/Economy/Recipes/V22Apparel/recipe_v22_apparel_blouse.asset,docs_final/content-db/incoming/research-effects/research-project.csv
research:textile:tailoring,research-to-content,unlocks-recipe,ProductionRecipeSO,recipe:v22:apparel:blouse,resolved-content,references.RefIds.6.data.recipeId,Assets/Resources/SO/Research/Projects/textile_tailoring.asset,docs_final/content-db/relations/research-effects/research-project.csv
research:textile:tailoring,content-requires-research,requires,ProductionRecipeSO,recipe:v22:apparel:boots,resolved-content,requiredResearchId,Assets/Resources/SO/Economy/Recipes/V22Apparel/recipe_v22_apparel_boots.asset,docs_final/content-db/incoming/research-effects/research-project.csv
research:textile:tailoring,research-to-content,unlocks-recipe,ProductionRecipeSO,recipe:v22:apparel:boots,resolved-content,references.RefIds.7.data.recipeId,Assets/Resources/SO/Research/Projects/textile_tailoring.asset,docs_final/content-db/relations/research-effects/research-project.csv
research:textile:tailoring,content-requires-research,requires,ProductionRecipeSO,recipe:v22:apparel:ceremonial-dress,resolved-content,requiredResearchId,Assets/Resources/SO/Economy/Recipes/V22Apparel/recipe_v22_apparel_ceremonial_dress.asset,docs_final/content-db/incoming/research-effects/research-project.csv
research:textile:tailoring,research-to-content,unlocks-recipe,ProductionRecipeSO,recipe:v22:apparel:ceremonial-dress,resolved-content,references.RefIds.8.data.recipeId,Assets/Resources/SO/Research/Projects/textile_tailoring.asset,docs_final/content-db/relations/research-effects/research-project.csv
research:textile:tailoring,content-requires-research,requires,ProductionRecipeSO,recipe:v22:apparel:cloak,resolved-content,requiredResearchId,Assets/Resources/SO/Economy/Recipes/V22Apparel/recipe_v22_apparel_cloak.asset,docs_final/content-db/incoming/research-effects/research-project.csv
research:textile:tailoring,research-to-content,unlocks-recipe,ProductionRecipeSO,recipe:v22:apparel:cloak,resolved-content,references.RefIds.9.data.recipeId,Assets/Resources/SO/Research/Projects/textile_tailoring.asset,docs_final/content-db/relations/research-effects/research-project.csv
research:textile:tailoring,content-requires-research,requires,ProductionRecipeSO,recipe:v22:apparel:contract-sash,resolved-content,requiredResearchId,Assets/Resources/SO/Economy/Recipes/V22Apparel/recipe_v22_apparel_contract_sash.asset,docs_final/content-db/incoming/research-effects/research-project.csv
research:textile:tailoring,research-to-content,unlocks-recipe,ProductionRecipeSO,recipe:v22:apparel:contract-sash,resolved-content,references.RefIds.10.data.recipeId,Assets/Resources/SO/Research/Projects/textile_tailoring.asset,docs_final/content-db/relations/research-effects/research-project.csv
research:textile:tailoring,content-requires-research,requires,ProductionRecipeSO,recipe:v22:apparel:daily-robe,resolved-content,requiredResearchId,Assets/Resources/SO/Economy/Recipes/V22Apparel/recipe_v22_apparel_daily_robe.asset,docs_final/content-db/incoming/research-effects/research-project.csv
research:textile:tailoring,research-to-content,unlocks-recipe,ProductionRecipeSO,recipe:v22:apparel:daily-robe,resolved-content,references.RefIds.11.data.recipeId,Assets/Resources/SO/Research/Projects/textile_tailoring.asset,docs_final/content-db/relations/research-effects/research-project.csv
research:textile:tailoring,content-requires-research,requires,ProductionRecipeSO,recipe:v22:apparel:envoy-coat,resolved-content,requiredResearchId,Assets/Resources/SO/Economy/Recipes/V22Apparel/recipe_v22_apparel_envoy_coat.asset,docs_final/content-db/incoming/research-effects/research-project.csv
research:textile:tailoring,research-to-content,unlocks-recipe,ProductionRecipeSO,recipe:v22:apparel:envoy-coat,resolved-content,references.RefIds.12.data.recipeId,Assets/Resources/SO/Research/Projects/textile_tailoring.asset,docs_final/content-db/relations/research-effects/research-project.csv
research:textile:tailoring,content-requires-research,requires,ProductionRecipeSO,recipe:v22:apparel:farmer-workwear,resolved-content,requiredResearchId,Assets/Resources/SO/Economy/Recipes/V22Apparel/recipe_v22_apparel_farmer_workwear.asset,docs_final/content-db/incoming/research-effects/research-project.csv
research:textile:tailoring,research-to-content,unlocks-recipe,ProductionRecipeSO,recipe:v22:apparel:farmer-workwear,resolved-content,references.RefIds.13.data.recipeId,Assets/Resources/SO/Research/Projects/textile_tailoring.asset,docs_final/content-db/relations/research-effects/research-project.csv
research:textile:tailoring,content-requires-research,requires,ProductionRecipeSO,recipe:v22:apparel:festival-vest,resolved-content,requiredResearchId,Assets/Resources/SO/Economy/Recipes/V22Apparel/recipe_v22_apparel_festival_vest.asset,docs_final/content-db/incoming/research-effects/research-project.csv
research:textile:tailoring,research-to-content,unlocks-recipe,ProductionRecipeSO,recipe:v22:apparel:festival-vest,resolved-content,references.RefIds.14.data.recipeId,Assets/Resources/SO/Research/Projects/textile_tailoring.asset,docs_final/content-db/relations/research-effects/research-project.csv
research:textile:tailoring,content-requires-research,requires,ProductionRecipeSO,recipe:v22:apparel:formal-coat,resolved-content,requiredResearchId,Assets/Resources/SO/Economy/Recipes/V22Apparel/recipe_v22_apparel_formal_coat.asset,docs_final/content-db/incoming/research-effects/research-project.csv
research:textile:tailoring,research-to-content,unlocks-recipe,ProductionRecipeSO,recipe:v22:apparel:formal-coat,resolved-content,references.RefIds.15.data.recipeId,Assets/Resources/SO/Research/Projects/textile_tailoring.asset,docs_final/content-db/relations/research-effects/research-project.csv
research:textile:tailoring,content-requires-research,requires,ProductionRecipeSO,recipe:v22:apparel:gloves,resolved-content,requiredResearchId,Assets/Resources/SO/Economy/Recipes/V22Apparel/recipe_v22_apparel_gloves.asset,docs_final/content-db/incoming/research-effects/research-project.csv
research:textile:tailoring,research-to-content,unlocks-recipe,ProductionRecipeSO,recipe:v22:apparel:gloves,resolved-content,references.RefIds.16.data.recipeId,Assets/Resources/SO/Research/Projects/textile_tailoring.asset,docs_final/content-db/relations/research-effects/research-project.csv
research:textile:tailoring,content-requires-research,requires,ProductionRecipeSO,recipe:v22:apparel:hat,resolved-content,requiredResearchId,Assets/Resources/SO/Economy/Recipes/V22Apparel/recipe_v22_apparel_hat.asset,docs_final/content-db/incoming/research-effects/research-project.csv
research:textile:tailoring,research-to-content,unlocks-recipe,ProductionRecipeSO,recipe:v22:apparel:hat,resolved-content,references.RefIds.17.data.recipeId,Assets/Resources/SO/Research/Projects/textile_tailoring.asset,docs_final/content-db/relations/research-effects/research-project.csv
research:textile:tailoring,content-requires-research,requires,ProductionRecipeSO,recipe:v22:apparel:hooded-robe,resolved-content,requiredResearchId,Assets/Resources/SO/Economy/Recipes/V22Apparel/recipe_v22_apparel_hooded_robe.asset,docs_final/content-db/incoming/research-effects/research-project.csv
research:textile:tailoring,research-to-content,unlocks-recipe,ProductionRecipeSO,recipe:v22:apparel:hooded-robe,resolved-content,references.RefIds.18.data.recipeId,Assets/Resources/SO/Research/Projects/textile_tailoring.asset,docs_final/content-db/relations/research-effects/research-project.csv
research:textile:tailoring,content-requires-research,requires,ProductionRecipeSO,recipe:v22:apparel:horn-ring,resolved-content,requiredResearchId,Assets/Resources/SO/Economy/Recipes/V22Apparel/recipe_v22_apparel_horn_ring.asset,docs_final/content-db/incoming/research-effects/research-project.csv
research:textile:tailoring,research-to-content,unlocks-recipe,ProductionRecipeSO,recipe:v22:apparel:horn-ring,resolved-content,references.RefIds.19.data.recipeId,Assets/Resources/SO/Research/Projects/textile_tailoring.asset,docs_final/content-db/relations/research-effects/research-project.csv
research:textile:tailoring,content-requires-research,requires,ProductionRecipeSO,recipe:v22:apparel:keeper-coat,resolved-content,requiredResearchId,Assets/Resources/SO/Economy/Recipes/V22Apparel/recipe_v22_apparel_keeper_coat.asset,docs_final/content-db/incoming/research-effects/research-project.csv
research:textile:tailoring,research-to-content,unlocks-recipe,ProductionRecipeSO,recipe:v22:apparel:keeper-coat,resolved-content,references.RefIds.20.data.recipeId,Assets/Resources/SO/Research/Projects/textile_tailoring.asset,docs_final/content-db/relations/research-effects/research-project.csv
research:textile:tailoring,content-requires-research,requires,ProductionRecipeSO,recipe:v22:apparel:mourning-clothes,resolved-content,requiredResearchId,Assets/Resources/SO/Economy/Recipes/V22Apparel/recipe_v22_apparel_mourning_clothes.asset,docs_final/content-db/incoming/research-effects/research-project.csv
research:textile:tailoring,research-to-content,unlocks-recipe,ProductionRecipeSO,recipe:v22:apparel:mourning-clothes,resolved-content,references.RefIds.21.data.recipeId,Assets/Resources/SO/Research/Projects/textile_tailoring.asset,docs_final/content-db/relations/research-effects/research-project.csv
research:textile:tailoring,content-requires-research,requires,ProductionRecipeSO,recipe:v22:apparel:ritual-robe,resolved-content,requiredResearchId,Assets/Resources/SO/Economy/Recipes/V22Apparel/recipe_v22_apparel_ritual_robe.asset,docs_final/content-db/incoming/research-effects/research-project.csv
research:textile:tailoring,research-to-content,unlocks-recipe,ProductionRecipeSO,recipe:v22:apparel:ritual-robe,resolved-content,references.RefIds.22.data.recipeId,Assets/Resources/SO/Research/Projects/textile_tailoring.asset,docs_final/content-db/relations/research-effects/research-project.csv
research:textile:tailoring,content-requires-research,requires,ProductionRecipeSO,recipe:v22:apparel:scarf,resolved-content,requiredResearchId,Assets/Resources/SO/Economy/Recipes/V22Apparel/recipe_v22_apparel_scarf.asset,docs_final/content-db/incoming/research-effects/research-project.csv
research:textile:tailoring,research-to-content,unlocks-recipe,ProductionRecipeSO,recipe:v22:apparel:scarf,resolved-content,references.RefIds.23.data.recipeId,Assets/Resources/SO/Research/Projects/textile_tailoring.asset,docs_final/content-db/relations/research-effects/research-project.csv
research:textile:tailoring,content-requires-research,requires,ProductionRecipeSO,recipe:v22:apparel:shorts,resolved-content,requiredResearchId,Assets/Resources/SO/Economy/Recipes/V22Apparel/recipe_v22_apparel_shorts.asset,docs_final/content-db/incoming/research-effects/research-project.csv
research:textile:tailoring,research-to-content,unlocks-recipe,ProductionRecipeSO,recipe:v22:apparel:shorts,resolved-content,references.RefIds.24.data.recipeId,Assets/Resources/SO/Research/Projects/textile_tailoring.asset,docs_final/content-db/relations/research-effects/research-project.csv
research:textile:tailoring,content-requires-research,requires,ProductionRecipeSO,recipe:v22:apparel:skirt,resolved-content,requiredResearchId,Assets/Resources/SO/Economy/Recipes/V22Apparel/recipe_v22_apparel_skirt.asset,docs_final/content-db/incoming/research-effects/research-project.csv
research:textile:tailoring,research-to-content,unlocks-recipe,ProductionRecipeSO,recipe:v22:apparel:skirt,resolved-content,references.RefIds.25.data.recipeId,Assets/Resources/SO/Research/Projects/textile_tailoring.asset,docs_final/content-db/relations/research-effects/research-project.csv
research:textile:tailoring,content-requires-research,requires,ProductionRecipeSO,recipe:v22:apparel:sky-chorus-shawl,resolved-content,requiredResearchId,Assets/Resources/SO/Economy/Recipes/V22Apparel/recipe_v22_apparel_sky_chorus_shawl.asset,docs_final/content-db/incoming/research-effects/research-project.csv
research:textile:tailoring,research-to-content,unlocks-recipe,ProductionRecipeSO,recipe:v22:apparel:sky-chorus-shawl,resolved-content,references.RefIds.26.data.recipeId,Assets/Resources/SO/Research/Projects/textile_tailoring.asset,docs_final/content-db/relations/research-effects/research-project.csv
research:textile:tailoring,content-requires-research,requires,ProductionRecipeSO,recipe:v22:apparel:sleep-bottom,resolved-content,requiredResearchId,Assets/Resources/SO/Economy/Recipes/V22Apparel/recipe_v22_apparel_sleep_bottom.asset,docs_final/content-db/incoming/research-effects/research-project.csv
research:textile:tailoring,research-to-content,unlocks-recipe,ProductionRecipeSO,recipe:v22:apparel:sleep-bottom,resolved-content,references.RefIds.27.data.recipeId,Assets/Resources/SO/Research/Projects/textile_tailoring.asset,docs_final/content-db/relations/research-effects/research-project.csv
research:textile:tailoring,content-requires-research,requires,ProductionRecipeSO,recipe:v22:apparel:sleep-top,resolved-content,requiredResearchId,Assets/Resources/SO/Economy/Recipes/V22Apparel/recipe_v22_apparel_sleep_top.asset,docs_final/content-db/incoming/research-effects/research-project.csv
research:textile:tailoring,research-to-content,unlocks-recipe,ProductionRecipeSO,recipe:v22:apparel:sleep-top,resolved-content,references.RefIds.28.data.recipeId,Assets/Resources/SO/Research/Projects/textile_tailoring.asset,docs_final/content-db/relations/research-effects/research-project.csv
research:textile:tailoring,content-requires-research,requires,ProductionRecipeSO,recipe:v22:apparel:spore-garden-cloak,resolved-content,requiredResearchId,Assets/Resources/SO/Economy/Recipes/V22Apparel/recipe_v22_apparel_spore_garden_cloak.asset,docs_final/content-db/incoming/research-effects/research-project.csv
research:textile:tailoring,research-to-content,unlocks-recipe,ProductionRecipeSO,recipe:v22:apparel:spore-garden-cloak,resolved-content,references.RefIds.29.data.recipeId,Assets/Resources/SO/Research/Projects/textile_tailoring.asset,docs_final/content-db/relations/research-effects/research-project.csv
research:textile:tailoring,content-requires-research,requires,ProductionRecipeSO,recipe:v22:apparel:sterile-gown,resolved-content,requiredResearchId,Assets/Resources/SO/Economy/Recipes/V22Apparel/recipe_v22_apparel_sterile_gown.asset,docs_final/content-db/incoming/research-effects/research-project.csv
research:textile:tailoring,research-to-content,unlocks-recipe,ProductionRecipeSO,recipe:v22:apparel:sterile-gown,resolved-content,references.RefIds.30.data.recipeId,Assets/Resources/SO/Research/Projects/textile_tailoring.asset,docs_final/content-db/relations/research-effects/research-project.csv
research:textile:tailoring,content-requires-research,requires,ProductionRecipeSO,recipe:v22:apparel:surgical-apron,resolved-content,requiredResearchId,Assets/Resources/SO/Economy/Recipes/V22Apparel/recipe_v22_apparel_surgical_apron.asset,docs_final/content-db/incoming/research-effects/research-project.csv
research:textile:tailoring,research-to-content,unlocks-recipe,ProductionRecipeSO,recipe:v22:apparel:surgical-apron,resolved-content,references.RefIds.31.data.recipeId,Assets/Resources/SO/Research/Projects/textile_tailoring.asset,docs_final/content-db/relations/research-effects/research-project.csv
research:textile:tailoring,content-requires-research,requires,ProductionRecipeSO,recipe:v22:apparel:tail-ribbon,resolved-content,requiredResearchId,Assets/Resources/SO/Economy/Recipes/V22Apparel/recipe_v22_apparel_tail_ribbon.asset,docs_final/content-db/incoming/research-effects/research-project.csv
research:textile:tailoring,research-to-content,unlocks-recipe,ProductionRecipeSO,recipe:v22:apparel:tail-ribbon,resolved-content,references.RefIds.32.data.recipeId,Assets/Resources/SO/Research/Projects/textile_tailoring.asset,docs_final/content-db/relations/research-effects/research-project.csv
research:textile:tailoring,content-requires-research,requires,ProductionRecipeSO,recipe:v22:apparel:trousers,resolved-content,requiredResearchId,Assets/Resources/SO/Economy/Recipes/V22Apparel/recipe_v22_apparel_trousers.asset,docs_final/content-db/incoming/research-effects/research-project.csv
research:textile:tailoring,research-to-content,unlocks-recipe,ProductionRecipeSO,recipe:v22:apparel:trousers,resolved-content,references.RefIds.33.data.recipeId,Assets/Resources/SO/Research/Projects/textile_tailoring.asset,docs_final/content-db/relations/research-effects/research-project.csv
research:textile:tailoring,content-requires-research,requires,ProductionRecipeSO,recipe:v22:apparel:tunic,resolved-content,requiredResearchId,Assets/Resources/SO/Economy/Recipes/V22Apparel/recipe_v22_apparel_tunic.asset,docs_final/content-db/incoming/research-effects/research-project.csv
research:textile:tailoring,research-to-content,unlocks-recipe,ProductionRecipeSO,recipe:v22:apparel:tunic,resolved-content,references.RefIds.34.data.recipeId,Assets/Resources/SO/Research/Projects/textile_tailoring.asset,docs_final/content-db/relations/research-effects/research-project.csv
research:textile:tailoring,content-requires-research,requires,ProductionRecipeSO,recipe:v22:apparel:vest,resolved-content,requiredResearchId,Assets/Resources/SO/Economy/Recipes/V22Apparel/recipe_v22_apparel_vest.asset,docs_final/content-db/incoming/research-effects/research-project.csv
research:textile:tailoring,research-to-content,unlocks-recipe,ProductionRecipeSO,recipe:v22:apparel:vest,resolved-content,references.RefIds.35.data.recipeId,Assets/Resources/SO/Research/Projects/textile_tailoring.asset,docs_final/content-db/relations/research-effects/research-project.csv
research:textile:tailoring,content-requires-research,requires,ProductionRecipeSO,recipe:v22:apparel:weapon-vigil-cloak,resolved-content,requiredResearchId,Assets/Resources/SO/Economy/Recipes/V22Apparel/recipe_v22_apparel_weapon_vigil_cloak.asset,docs_final/content-db/incoming/research-effects/research-project.csv
research:textile:tailoring,research-to-content,unlocks-recipe,ProductionRecipeSO,recipe:v22:apparel:weapon-vigil-cloak,resolved-content,references.RefIds.36.data.recipeId,Assets/Resources/SO/Research/Projects/textile_tailoring.asset,docs_final/content-db/relations/research-effects/research-project.csv
research:textile:tailoring,content-requires-research,requires,ProductionRecipeSO,recipe:v22:apparel:wing-cloak,resolved-content,requiredResearchId,Assets/Resources/SO/Economy/Recipes/V22Apparel/recipe_v22_apparel_wing_cloak.asset,docs_final/content-db/incoming/research-effects/research-project.csv
research:textile:tailoring,research-to-content,unlocks-recipe,ProductionRecipeSO,recipe:v22:apparel:wing-cloak,resolved-content,references.RefIds.37.data.recipeId,Assets/Resources/SO/Research/Projects/textile_tailoring.asset,docs_final/content-db/relations/research-effects/research-project.csv
research:textile:tailoring,content-requires-research,requires,ProductionRecipeSO,recipe:v22:apparel:wing-harness,resolved-content,requiredResearchId,Assets/Resources/SO/Economy/Recipes/V22Apparel/recipe_v22_apparel_wing_harness.asset,docs_final/content-db/incoming/research-effects/research-project.csv
research:textile:tailoring,research-to-content,unlocks-recipe,ProductionRecipeSO,recipe:v22:apparel:wing-harness,resolved-content,references.RefIds.38.data.recipeId,Assets/Resources/SO/Research/Projects/textile_tailoring.asset,docs_final/content-db/relations/research-effects/research-project.csv
research:textile:tailoring,content-requires-research,requires,ProductionRecipeSO,recipe:v22:apparel:work-shirt,resolved-content,requiredResearchId,Assets/Resources/SO/Economy/Recipes/V22Apparel/recipe_v22_apparel_work_shirt.asset,docs_final/content-db/incoming/research-effects/research-project.csv
research:textile:tailoring,research-to-content,unlocks-recipe,ProductionRecipeSO,recipe:v22:apparel:work-shirt,resolved-content,references.RefIds.39.data.recipeId,Assets/Resources/SO/Research/Projects/textile_tailoring.asset,docs_final/content-db/relations/research-effects/research-project.csv
research:textile:tailoring,content-requires-research,requires,ProductionRecipeSO,recipe:v22:mending-scrap,resolved-content,requiredResearchId,Assets/Resources/SO/Economy/Recipes/V22Apparel/recipe_v22_mending_scrap.asset,docs_final/content-db/incoming/research-effects/research-project.csv
research:textile:tailoring,research-to-content,unlocks-recipe,ProductionRecipeSO,recipe:v22:mending-scrap,resolved-content,references.RefIds.44.data.recipeId,Assets/Resources/SO/Research/Projects/textile_tailoring.asset,docs_final/content-db/relations/research-effects/research-project.csv
research:textile:tailoring,content-requires-research,requires,ProductionRecipeSO,recipe:v22:sewing-kit,resolved-content,requiredResearchId,Assets/Resources/SO/Economy/Recipes/V22Apparel/recipe_v22_sewing_kit.asset,docs_final/content-db/incoming/research-effects/research-project.csv
research:textile:tailoring,research-to-content,unlocks-recipe,ProductionRecipeSO,recipe:v22:sewing-kit,resolved-content,references.RefIds.45.data.recipeId,Assets/Resources/SO/Research/Projects/textile_tailoring.asset,docs_final/content-db/relations/research-effects/research-project.csv
research:textile:tailoring,content-requires-research,requires,ProductionRecipeSO,recipe:v22:spin:cave-silk,resolved-content,requiredResearchId,Assets/Resources/SO/Economy/Recipes/V22Apparel/recipe_v22_spin_cave_silk.asset,docs_final/content-db/incoming/research-effects/research-project.csv
research:textile:tailoring,research-to-content,unlocks-recipe,ProductionRecipeSO,recipe:v22:spin:cave-silk,resolved-content,references.RefIds.40.data.recipeId,Assets/Resources/SO/Research/Projects/textile_tailoring.asset,docs_final/content-db/relations/research-effects/research-project.csv
research:textile:tailoring,content-requires-research,requires,ProductionRecipeSO,recipe:v22:spin:dreamweave,resolved-content,requiredResearchId,Assets/Resources/SO/Economy/Recipes/V22Apparel/recipe_v22_spin_dreamweave.asset,docs_final/content-db/incoming/research-effects/research-project.csv
research:textile:tailoring,research-to-content,unlocks-recipe,ProductionRecipeSO,recipe:v22:spin:dreamweave,resolved-content,references.RefIds.41.data.recipeId,Assets/Resources/SO/Research/Projects/textile_tailoring.asset,docs_final/content-db/relations/research-effects/research-project.csv
research:textile:tailoring,content-requires-research,requires,ProductionRecipeSO,recipe:v22:weave:cave-silk,resolved-content,requiredResearchId,Assets/Resources/SO/Economy/Recipes/V22Apparel/recipe_v22_weave_cave_silk.asset,docs_final/content-db/incoming/research-effects/research-project.csv
research:textile:tailoring,research-to-content,unlocks-recipe,ProductionRecipeSO,recipe:v22:weave:cave-silk,resolved-content,references.RefIds.42.data.recipeId,Assets/Resources/SO/Research/Projects/textile_tailoring.asset,docs_final/content-db/relations/research-effects/research-project.csv
research:textile:tailoring,content-requires-research,requires,ProductionRecipeSO,recipe:v22:weave:dreamweave,resolved-content,requiredResearchId,Assets/Resources/SO/Economy/Recipes/V22Apparel/recipe_v22_weave_dreamweave.asset,docs_final/content-db/incoming/research-effects/research-project.csv
research:textile:tailoring,research-to-content,unlocks-recipe,ProductionRecipeSO,recipe:v22:weave:dreamweave,resolved-content,references.RefIds.43.data.recipeId,Assets/Resources/SO/Research/Projects/textile_tailoring.asset,docs_final/content-db/relations/research-effects/research-project.csv
research:textile:tailoring,content-requires-research,requires,TextileMaterialDefinitionSO,textilematerial:23109,resolved-content,requiredResearchId,Assets/Resources/SO/Apparel/Materials/textile_cave_silk.asset,docs_final/content-db/incoming/research-effects/research-project.csv
research:textile:tailoring,content-requires-research,requires,TextileMaterialDefinitionSO,textilematerial:23110,resolved-content,requiredResearchId,Assets/Resources/SO/Apparel/Materials/textile_dreamweave.asset,docs_final/content-db/incoming/research-effects/research-project.csv
research:textile:tailoring,content-requires-research,requires,TextileMaterialDefinitionSO,textilematerial:23111,resolved-content,requiredResearchId,Assets/Resources/SO/Apparel/Materials/textile_leather.asset,docs_final/content-db/incoming/research-effects/research-project.csv
research:textile:tailoring,content-requires-research,requires,TextileMaterialDefinitionSO,textilematerial:23112,resolved-content,requiredResearchId,Assets/Resources/SO/Apparel/Materials/textile_rune_leather.asset,docs_final/content-db/incoming/research-effects/research-project.csv
research:textile:tanning,research-to-content,unlocks-building,BuildingSO,building:1084,resolved-content,references.RefIds.0.data.buildingId,Assets/Resources/SO/Research/Projects/textile_tanning.asset,docs_final/content-db/relations/research-effects/research-project.csv
research:textile:tanning,content-requires-research,requires,CombatArmorSO,equipment-item:armor:hardened-leather-coat,resolved-content,requiredResearchId,Assets/Resources/SO/Combat/Equipment/A21_HardenedLeatherCoat.asset,docs_final/content-db/incoming/research-effects/research-project.csv
research:textile:tanning,content-requires-research,requires,CombatArmorSO,equipment-item:armor:leather,resolved-content,requiredResearchId,Assets/Resources/SO/Combat/Equipment/A04_LeatherArmor.asset,docs_final/content-db/incoming/research-effects/research-project.csv
research:textile:tanning,content-requires-research,requires,CraftMaterialDefinitionSO,material:leather,resolved-content,requiredResearchId,Assets/Resources/SO/Economy/Materials/material_leather.asset,docs_final/content-db/incoming/research-effects/research-project.csv
research:textile:tanning,content-requires-research,requires,ProductionRecipeSO,recipe:leather,resolved-content,requiredResearchId,Assets/Resources/SO/Economy/Recipes/recipe_leather.asset,docs_final/content-db/incoming/research-effects/research-project.csv
