content_type,code_system,architecture_system_ids,consumer_evidence_count,type_scope_count,exact_stable_id_count,exact_stable_ids,code_roles,source_paths,consumer_csv
AgeConditionDefinitionSO,models:species,,1,1,0,,content-loading,Assets/Scripts/Models/Species/Core/CharacterSpeciesCatalog.cs,docs_final/content-db/code-consumers/characters-traits/age-condition.csv
AgeConditionDefinitionSO,services:character,,1,1,0,,runtime,Assets/Scripts/Services/Character/Core/StartPartyPreparationService.cs,docs_final/content-db/code-consumers/characters-traits/age-condition.csv
AgeConditionDefinitionSO,views,,6,0,6,condition:age-cardiac-degeneration; condition:age-neural-degeneration; condition:age-organ-fibrosis; condition:core-corrosion; condition:frame-fatigue; condition:rune-circuit-wear,player-observation,Assets/Scripts/Views/UI/CharacterSummaryPopulationPresenter.cs,docs_final/content-db/code-consumers/characters-traits/age-condition.csv
AnatomyConditionLexiconSO,services:medical,,8,1,7,condition:biological; condition:demon; condition:golem; condition:harpy; condition:myconid; condition:slime; condition:vampire,content-loading,Assets/Scripts/Services/Medical/AnatomyConditionLexiconCatalog.cs,docs_final/content-db/code-consumers/combat-health-world/anatomy-condition-lexicon.csv
AnatomyProfileSO,models:medical,,1,1,0,,runtime,Assets/Scripts/Models/Medical/Core/AnatomyModels.cs,docs_final/content-db/code-consumers/combat-health-world/anatomy-profile.csv
AnatomyProfileSO,models:species,,1,0,1,anatomy:humanoid,runtime,Assets/Scripts/Models/Species/Core/CharacterSpeciesDefinitionSO.cs,docs_final/content-db/code-consumers/combat-health-world/anatomy-profile.csv
AnatomyProfileSO,services:combat,,2,0,2,anatomy:quadruped; anatomy:slime,runtime,Assets/Scripts/Services/Combat/CharacterBodyHealthStateRules.cs,docs_final/content-db/code-consumers/combat-health-world/anatomy-profile.csv
AnatomyProfileSO,services:medical,,13,1,12,anatomy:avian; anatomy:beastkin; anatomy:construct; anatomy:demon; anatomy:fungal; anatomy:human; anatomy:humanoid; anatomy:kobold; anatomy:orc; anatomy:quadruped; anatomy:slime; anatomy:vampire,content-loading,Assets/Scripts/Services/Medical/AnatomyProfileCatalog.cs,docs_final/content-db/code-consumers/combat-health-world/anatomy-profile.csv
ApparelDefinitionSO,services:economy,,6,6,0,,content-loading; runtime,Assets/Scripts/Services/Economy/ApparelFacilityOutputCapacityContributor.cs; Assets/Scripts/Services/Economy/ApparelSpecialThroughputContributor.cs; Assets/Scripts/Services/Economy/DomainProductionOutputCapabilities.cs; Assets/Scripts/Services/Economy/ResourceEconomyContentCatalog.cs; Assets/Scripts/Services/Economy/V23BalanceWorkCalculator.cs; Assets/Scripts/Services/Economy/V27BalanceWorkCalculator.cs,docs_final/content-db/code-consumers/production-facilities/apparel.csv
ApparelDefinitionSO,services:infrastructure,,7,7,0,,persistence; runtime,Assets/Scripts/Services/Infrastructure/Environment/ApparelAvailabilityIndex.cs; Assets/Scripts/Services/Infrastructure/Environment/ApparelItemStateCodec.cs; Assets/Scripts/Services/Infrastructure/Environment/ApparelWorkOrderRuntime.cs; Assets/Scripts/Services/Infrastructure/Environment/CharacterApparelRuntime.cs; Assets/Scripts/Services/Infrastructure/Environment/EnvironmentalWorkwearProductionOutputHandler.cs; Assets/Scripts/Services/Infrastructure/Environment/EnvironmentalWorkwearProductionOutputRestoreCapabilityValidator.cs; Assets/Scripts/Services/Infrastructure/Environment/EnvironmentalWorkwearProductionOutputRestoreCapabilityValidatorDebugScenarios.cs,docs_final/content-db/code-consumers/production-facilities/apparel.csv
ApparelDefinitionSO,views,,1,1,0,,player-observation,Assets/Scripts/Views/Buildings/UI/ApparelBuildingPanelPresenter.cs,docs_final/content-db/code-consumers/production-facilities/apparel.csv
BattlefieldModifierDefinitionSO,models:offense,,1,1,0,,runtime,Assets/Scripts/Models/Offense/Core/OffenseBattleContracts.cs,docs_final/content-db/code-consumers/combat-health-world/battlefield-modifier.csv
BattlefieldModifierDefinitionSO,services:offense,,3,3,0,,runtime,Assets/Scripts/Services/Offense/EnemyEncounterFactory.cs; Assets/Scripts/Services/Offense/EnemyIndividualRuntime.cs; Assets/Scripts/Services/Offense/OffenseBattleModel.cs,docs_final/content-db/code-consumers/combat-health-world/battlefield-modifier.csv
BattlefieldModifierDefinitionSO,services:run,architecture-system:16,1,1,0,,runtime,Assets/Scripts/Services/Run/V20CampaignRuntime.cs,docs_final/content-db/code-consumers/combat-health-world/battlefield-modifier.csv
BuildingSO,controllers,,5,5,0,,player-observation; runtime,Assets/Scripts/Controllers/Grid/DungeonStory/Building/DungeonStoryGridBuildingController.cs; Assets/Scripts/Controllers/Grid/DungeonStory/UI/DungeonStoryGridGhostPresenter.cs; Assets/Scripts/Controllers/Grid/DungeonStory/UI/GridConstructButtonFactory.cs; Assets/Scripts/Controllers/Grid/DungeonStory/UI/GridConstructTab.cs; Assets/Scripts/Controllers/Grid/DungeonStory/UI/GridUIManager.cs,docs_final/content-db/code-consumers/production-facilities/building.csv
BuildingSO,services:buildings,,16,14,2,building:runtime:world-filth-work-target; building:runtime:world-resource-node,content-loading; runtime,Assets/Scripts/Services/Buildings/Abilities/BuildingAbilityAccessors.cs; Assets/Scripts/Services/Buildings/BuildableObject.SpatialAndInteraction.cs; Assets/Scripts/Services/Buildings/BuildableObject.StateAndCapabilities.cs; Assets/Scripts/Services/Buildings/BuildableObject.cs; Assets/Scripts/Services/Buildings/BuildingStructuralIntegrityRuntime.cs; Assets/Scripts/Services/Buildings/BuildingSummaryFormatter.cs; Assets/Scripts/Services/Buildings/Door.cs; Assets/Scripts/Services/Buildings/Facility.cs; Assets/Scripts/Services/Buildings/FacilityOperationalData.cs; Assets/Scripts/Services/Buildings/InteriorDoor.cs; Assets/Scripts/Services/Buildings/ModularFacilityInitialPlacementMigrator.cs; Assets/Scripts/Services/Buildings/RuntimeBuildingArchetypeCatalog.cs; Assets/Scripts/Services/Buildings/SO/BuildingDefinitionIdentity.cs; Assets/Scripts/Services/Buildings/Shop.cs,docs_final/content-db/code-consumers/production-facilities/building.csv
BuildingSO,services:captivity,,1,1,0,,runtime,Assets/Scripts/Services/Captivity/CircusProgramForecastProjectionAdapter.cs,docs_final/content-db/code-consumers/production-facilities/building.csv
BuildingSO,services:character,architecture-system:04,18,9,9,building:8813; building:8847; building:8859; building:8873; building:8874; building:8876; building:8879; building:8881; building:8885,ai-decision; persistence; runtime,Assets/Scripts/Services/Character/AI/FacilityCandidateScorer.cs; Assets/Scripts/Services/Character/CharacterNarrativeRuntime.cs; Assets/Scripts/Services/Character/Core/PreparedStartPartyGameplayApplier.cs; Assets/Scripts/Services/Character/DiseaseFieldResponseRuntime.cs; Assets/Scripts/Services/Character/FuneralFestivalRuntime.cs; Assets/Scripts/Services/Character/ReproductionCommandRuntime.cs; Assets/Scripts/Services/Character/SO/CharacterSO.cs; Assets/Scripts/Services/Character/Work/CharacterWorkPerformanceContextResolver.cs; Assets/Scripts/Services/Character/Work/WorkAmountSystem.cs; Assets/Scripts/Services/Character/Work/WorkOrderContracts.cs; Assets/Scripts/Services/Character/Work/WorkOrderSaveValidation.cs; Assets/Scripts/Services/Character/Work/WorkTaskExecutor.cs,docs_final/content-db/code-consumers/production-facilities/building.csv
BuildingSO,services:codex,,1,1,0,,runtime,Assets/Scripts/Services/Codex/CodexRuntimeApplicationAdapter.cs,docs_final/content-db/code-consumers/production-facilities/building.csv
BuildingSO,services:combat,,2,2,0,,content-loading; runtime,Assets/Scripts/Services/Combat/CombatCraftDefinitionCatalog.cs; Assets/Scripts/Services/Combat/EquipmentProgressionCraftOperationContributor.cs,docs_final/content-db/code-consumers/production-facilities/building.csv
BuildingSO,services:debugging,,1,1,0,,runtime,Assets/Scripts/Services/Debugging/DungeonDebugCommandProviders.cs,docs_final/content-db/code-consumers/production-facilities/building.csv
BuildingSO,services:defense,,1,1,0,,runtime,Assets/Scripts/Services/Defense/DefenseFacilitySystem.cs,docs_final/content-db/code-consumers/production-facilities/building.csv
BuildingSO,services:economy,architecture-system:06; architecture-system:07,20,20,0,,content-loading; persistence; runtime,Assets/Scripts/Services/Economy/ApparelTailoringFacilityEligibility.cs; Assets/Scripts/Services/Economy/CertifiedSeedFacilityEligibility.cs; Assets/Scripts/Services/Economy/CropHarvestOutputMaximumAuthority.cs; Assets/Scripts/Services/Economy/CropHarvestSpecialThroughputContributor.cs; Assets/Scripts/Services/Economy/Diagnostics/ProductionOutputDestinationLifecycleDebugScenarios.cs; Assets/Scripts/Services/Economy/ProductionAssemblyBridgeAdapter.cs; Assets/Scripts/Services/Economy/ProductionAuthoredThroughputFacilityScopeAuthority.cs; Assets/Scripts/Services/Economy/ProductionFacilityDestructiveDrainCrossAggregateSaveValidation.cs; Assets/Scripts/Services/Economy/ProductionFacilityEvolutionWorkRateMaximumContributor.cs; Assets/Scripts/Services/Economy/ProductionFacilityOutputCensus.cs; Assets/Scripts/Services/Economy/ProductionMaximumOutputFactorCatalog.cs; Assets/Scripts/Services/Economy/ProductionOutputBufferCapacityProjector.cs; Assets/Scripts/Services/Economy/ProductionOutputClearanceExecutableDescriptorRegistry.cs; Assets/Scripts/Services/Economy/ProductionOutputClearanceMeasurementScopeAuthority.cs; Assets/Scripts/Services/Economy/ProductionRecipeWorkRateMaximumContributors.cs; Assets/Scripts/Services/Economy/ProductionWorkshopAbilities.cs; Assets/Scripts/Services/Economy/ResourceEconomyContentCatalog.cs; Assets/Scripts/Services/Economy/V23BalanceWorkCalculator.cs; Assets/Scripts/Services/Economy/V27BalanceWorkCalculator.cs; Assets/Scripts/Services/Economy/V27PopulationCapacityModels.cs,docs_final/content-db/code-consumers/production-facilities/building.csv
BuildingSO,services:facilityevolution,architecture-system:19,8,8,0,,runtime,Assets/Scripts/Services/FacilityEvolution/FacilityEvolutionPendingMaterialProjection.cs; Assets/Scripts/Services/FacilityEvolution/FacilityEvolutionRecipeSO.cs; Assets/Scripts/Services/FacilityEvolution/FacilityEvolutionRuntime.cs; Assets/Scripts/Services/FacilityEvolution/FacilityEvolutionService.cs; Assets/Scripts/Services/FacilityEvolution/FacilityEvolutionStateComponent.cs; Assets/Scripts/Services/FacilityEvolution/FacilityEvolutionWorkSpeedDefinitionMaximumQuery.cs; Assets/Scripts/Services/FacilityEvolution/FacilityRelocationWorldService.cs; Assets/Scripts/Services/FacilityEvolution/RoomProfile.cs,docs_final/content-db/code-consumers/production-facilities/building.csv
BuildingSO,services:facilityshop,,1,1,0,,runtime,Assets/Scripts/Services/FacilityShop/FacilityShopSystem.cs,docs_final/content-db/code-consumers/production-facilities/building.csv
BuildingSO,services:grid,architecture-system:03,6,6,0,,runtime,Assets/Scripts/Services/Grid/Building/ConstructionSafetyPlanner.cs; Assets/Scripts/Services/Grid/Building/ConstructionSite.cs; Assets/Scripts/Services/Grid/Building/GridBuildingObjectFactory.cs; Assets/Scripts/Services/Grid/Building/GridBuildingRuntime.cs; Assets/Scripts/Services/Grid/Placement/GridPlacementValidator.cs; Assets/Scripts/Services/Grid/Rendering/GridTexture.cs,docs_final/content-db/code-consumers/production-facilities/building.csv
BuildingSO,services:infrastructure,architecture-system:07; architecture-system:10; architecture-system:15,17,16,1,building:8851,content-loading; persistence; runtime,Assets/Scripts/Services/Infrastructure/BlueprintResearchContracts.cs; Assets/Scripts/Services/Infrastructure/BlueprintResearchRuntime.cs; Assets/Scripts/Services/Infrastructure/CodexReferenceCatalogServices.cs; Assets/Scripts/Services/Infrastructure/DataCatalogService.cs; Assets/Scripts/Services/Infrastructure/Diagnostics/GameplayPerformanceWorldConfigurator.cs; Assets/Scripts/Services/Infrastructure/Environment/ClimateRuntime.cs; Assets/Scripts/Services/Infrastructure/Exterior/ExteriorZoneMarker.cs; Assets/Scripts/Services/Infrastructure/FacilityShopRuntimeProvider.cs; Assets/Scripts/Services/Infrastructure/Industrial/ElectricalNetworkRuntime.cs; Assets/Scripts/Services/Infrastructure/Industrial/FluidNetworkBatchDebugContract.cs; Assets/Scripts/Services/Infrastructure/Industrial/IndustrialInfrastructureTopology.cs; Assets/Scripts/Services/Infrastructure/MetaProgressionRuntimeProvider.cs; Assets/Scripts/Services/Infrastructure/ModularFacilityWorldSaveService.cs; Assets/Scripts/Services/Infrastructure/ResearchRewardCatalogAdapter.cs; Assets/Scripts/Services/Infrastructure/RunVariableCatalogServices.cs; Assets/Scripts/Services/Infrastructure/RunVariableRuntimeProvider.cs; Assets/Scripts/Services/Infrastructure/Save/DungeonAggregateReferencePreflight.cs,docs_final/content-db/code-consumers/production-facilities/building.csv
BuildingSO,services:invasion,,3,3,0,,runtime,Assets/Scripts/Services/Invasion/InvasionCombatReportSystem.cs; Assets/Scripts/Services/Invasion/InvasionDefenseKitSupplyRuntime.cs; Assets/Scripts/Services/Invasion/InvasionThreatWorldSampler.cs,docs_final/content-db/code-consumers/production-facilities/building.csv
BuildingSO,services:meta,architecture-system:15,1,1,0,,runtime,Assets/Scripts/Services/Meta/MetaRuntimeApplicationAdapter.cs,docs_final/content-db/code-consumers/production-facilities/building.csv
BuildingSO,services:offense,,5,5,0,,runtime,Assets/Scripts/Services/Offense/OffenseRewardContextResolver.cs; Assets/Scripts/Services/Offense/OffenseRewardModel.cs; Assets/Scripts/Services/Offense/OffenseRewardSystem.cs; Assets/Scripts/Services/Offense/OffenseRuntimeServices.cs; Assets/Scripts/Services/Offense/OffenseWorldMapModel.cs,docs_final/content-db/code-consumers/production-facilities/building.csv
BuildingSO,services:operation,,1,1,0,,runtime,Assets/Scripts/Services/Operation/OperatingDaySettlementApplicationAdapter.cs,docs_final/content-db/code-consumers/production-facilities/building.csv
BuildingSO,services:run,architecture-system:16,15,5,10,building:8868; building:8869; building:8870; building:8871; building:8872; building:8873; building:8874; building:8876; building:8879; building:8885,persistence; runtime,Assets/Scripts/Services/Run/RunStartVariableSelector.cs; Assets/Scripts/Services/Run/RunVariableEffects.cs; Assets/Scripts/Services/Run/RunVariableSystem.cs; Assets/Scripts/Services/Run/V20CampaignApplicationAdapter.cs; Assets/Scripts/Services/Run/V20ContentResolutionService.cs; Assets/Scripts/Services/Run/V20MilestoneWorldSnapshotProjector.cs,docs_final/content-db/code-consumers/production-facilities/building.csv
BuildingSO,services:servicerooms,,1,1,0,,runtime,Assets/Scripts/Services/ServiceRooms/ServiceRoomAbilities.cs,docs_final/content-db/code-consumers/production-facilities/building.csv
BuildingSO,services:survival,architecture-system:10,2,2,0,,runtime,Assets/Scripts/Services/Survival/SurvivalFacilityUtility.cs; Assets/Scripts/Services/Survival/WorldFilthRuntime.cs,docs_final/content-db/code-consumers/production-facilities/building.csv
BuildingSO,services:synthesis,architecture-system:19,2,2,0,,runtime,Assets/Scripts/Services/Synthesis/FacilitySynthesisRecipeSO.cs; Assets/Scripts/Services/Synthesis/FacilitySynthesisRuntime.cs,docs_final/content-db/code-consumers/production-facilities/building.csv
BuildingSO,views,,5,5,0,,player-observation,Assets/Scripts/Views/Buildings/UI/UIBuildingInfo.cs; Assets/Scripts/Views/Buildings/UI/UIBuildingSelectButton.cs; Assets/Scripts/Views/UI/IndustrialFeatureSurfacePresenter.cs; Assets/Scripts/Views/UI/ResearchTreePresentationRules.cs; Assets/Scripts/Views/UI/WorldInfoClickSelector.cs,docs_final/content-db/code-consumers/production-facilities/building.csv
CareerPositionDefinitionSO,services:character,,1,1,0,,content-loading,Assets/Scripts/Services/Character/CareerPositionDefinitionCatalog.cs,docs_final/content-db/code-consumers/characters-traits/career-position.csv
CharacterAmbitionDefinitionSO,services:character,,3,3,0,,content-loading; runtime,Assets/Scripts/Services/Character/CharacterNarrativeCatalog.cs; Assets/Scripts/Services/Character/CharacterNarrativeContracts.cs; Assets/Scripts/Services/Character/CharacterNarrativeRuntime.cs,docs_final/content-db/code-consumers/characters-traits/character-ambition.csv
CharacterAmbitionDefinitionSO,services:run,,1,1,0,,runtime,Assets/Scripts/Services/Run/V20CampaignApplicationAdapter.cs,docs_final/content-db/code-consumers/characters-traits/character-ambition.csv
CharacterBackgroundDefinitionSO,services:character,,3,3,0,,content-loading; runtime,Assets/Scripts/Services/Character/CharacterNarrativeAggregate.cs; Assets/Scripts/Services/Character/CharacterNarrativeCatalog.cs; Assets/Scripts/Services/Character/CharacterNarrativeContracts.cs,docs_final/content-db/code-consumers/characters-traits/character-background.csv
CharacterBackgroundDefinitionSO,services:offense,,1,1,0,,runtime,Assets/Scripts/Services/Offense/EnemyIndividualRuntime.cs,docs_final/content-db/code-consumers/characters-traits/character-background.csv
CharacterFunctionalCapacityDefinitionSO,services:foundation,,14,0,14,capacity:arcane-conduction; capacity:auditory-sensing; capacity:communication; capacity:immune-defense; capacity:intake-processing; capacity:mental-maintenance; capacity:physical-mobility; capacity:physical-power; capacity:power-circulation; capacity:precision-manipulation; capacity:purification-processing; capacity:respiratory-exchange; capacity:visual-discernment; capacity:vitality-response,runtime,Assets/Scripts/Services/Foundation/CharacterPerformanceContracts.cs,docs_final/content-db/code-consumers/research-effects/character-functional-capacity.csv
CharacterPerformanceFormulaDefinitionSO,services:character,,18,3,14,performance:combat:melee-power; performance:combat:ranged-hit; performance:medical:disease-recovery; performance:medical:disease-resistance; performance:medical:immunity-gain; performance:medical:immunity-retention; performance:medical:wound-recovery; performance:social:crowd-sensitivity; performance:social:spending; performance:social:wait-patience; performance:survival:fatigue-rate; performance:survival:food-consumption; performance:survival:movement-speed; performance:work:construct:quality,runtime,Assets/Scripts/Services/Character/Core/CharacterPerformanceDefinitionMaximumQuery.cs; Assets/Scripts/Services/Character/Core/CharacterPerformanceQuery.cs; Assets/Scripts/Services/Character/Core/CharacterSkillRuntimeEffects.cs; Assets/Scripts/Services/Character/Core/CharacterStats.cs; Assets/Scripts/Services/Character/Core/CharacterStatsProjectionService.cs; Assets/Scripts/Services/Character/PopulationHealthRuntime.cs; Assets/Scripts/Services/Character/SpeciesRuntime.cs; Assets/Scripts/Services/Character/Work/WorkAmountSystem.cs,docs_final/content-db/code-consumers/research-effects/character-performance-formula.csv
CharacterPerformanceFormulaDefinitionSO,services:combat,architecture-system:09,8,0,8,performance:combat:defense-reaction; performance:combat:evasion; performance:combat:melee-hit; performance:combat:melee-power; performance:combat:movement; performance:combat:ranged-hit; performance:medical:treatment-efficiency; performance:work:craft:quality,runtime,Assets/Scripts/Services/Combat/Buildings/EquipmentCraftingBuildingAbilityHandler.cs; Assets/Scripts/Services/Combat/CharacterMedicalRuntime.cs; Assets/Scripts/Services/Combat/CombatRuntimeStatFactory.cs,docs_final/content-db/code-consumers/research-effects/character-performance-formula.csv
CharacterPerformanceFormulaDefinitionSO,services:economy,,4,2,2,performance:work:craft:quality; performance:work:harvest:yield,runtime,Assets/Scripts/Services/Economy/CropHarvestOutputRules.cs; Assets/Scripts/Services/Economy/CropHarvestReachableMaximumWitnessAuthority.cs; Assets/Scripts/Services/Economy/ProductionAssemblyBridgeAdapter.cs; Assets/Scripts/Services/Economy/ProductionRecipeWorkRateMaximumContributors.cs,docs_final/content-db/code-consumers/research-effects/character-performance-formula.csv
CharacterPerformanceFormulaDefinitionSO,services:foundation,,21,0,21,performance:combat:arcane-power; performance:combat:mana-recovery; performance:combat:melee-power; performance:composite:mobility-execution; performance:composite:precision-execution; performance:composite:recovery-foundation; performance:composite:situational-awareness; performance:composite:sustained-execution; performance:medical:complication-risk; performance:medical:disease-resistance; performance:medical:immunity-gain; performance:medical:surgery-speed; performance:medical:surgery-success; performance:medical:treatment-efficiency; performance:medical:treatment-speed; performance:social:negative-mood-duration; performance:social:relationship-recovery; performance:survival:alarm-response; performance:survival:haul-capacity; performance:survival:nutrition-efficiency; performance:survival:risk-detection,runtime,Assets/Scripts/Services/Foundation/CharacterPerformanceContracts.cs,docs_final/content-db/code-consumers/research-effects/character-performance-formula.csv
CharacterPerformanceFormulaDefinitionSO,services:infrastructure,,3,0,3,performance:survival:cold-exposure; performance:survival:heat-exposure; performance:work:craft:quality,runtime,Assets/Scripts/Services/Infrastructure/Environment/ApparelWorkOrderRuntime.cs; Assets/Scripts/Services/Infrastructure/Environment/CharacterThermalGameplayEffectProjection.cs,docs_final/content-db/code-consumers/research-effects/character-performance-formula.csv
CharacterPerformanceFormulaDefinitionSO,services:invasion,,3,0,3,performance:combat:melee-hit; performance:combat:melee-power; performance:combat:ranged-hit,runtime,Assets/Scripts/Services/Invasion/DefenseRangedSupportRuntime.cs; Assets/Scripts/Services/Invasion/InvasionIntruderCombatRules.cs,docs_final/content-db/code-consumers/research-effects/character-performance-formula.csv
CharacterPerformanceFormulaDefinitionSO,services:items,architecture-system:05,1,0,1,performance:survival:haul-capacity,runtime,Assets/Scripts/Services/Items/CharacterCarryInventory.cs,docs_final/content-db/code-consumers/research-effects/character-performance-formula.csv
CharacterPerformanceFormulaDefinitionSO,services:offense,,10,0,6,performance:combat:defense-reaction; performance:combat:evasion; performance:combat:melee-hit; performance:combat:melee-power; performance:combat:movement; performance:combat:ranged-hit,content-loading; runtime,Assets/Scripts/Services/Offense/OffenseEncounterCatalog.cs; Assets/Scripts/Services/Offense/OffenseExpeditionService.cs,docs_final/content-db/code-consumers/research-effects/character-performance-formula.csv
CharacterPerformanceFormulaDefinitionSO,services:survival,,2,0,2,performance:combat:melee-power; performance:survival:food-poisoning,runtime,Assets/Scripts/Services/Survival/CharacterBreakdownActionRunner.cs; Assets/Scripts/Services/Survival/CharacterConsumablesApplicationAdapters.cs,docs_final/content-db/code-consumers/research-effects/character-performance-formula.csv
CharacterPerformanceFormulaDefinitionSO,views,,14,0,11,performance:combat:evasion; performance:combat:melee-hit; performance:combat:melee-power; performance:combat:movement; performance:combat:ranged-hit; performance:medical:surgery-success; performance:social:negotiation; performance:work:construct:speed; performance:work:craft:speed; performance:work:haul:speed; performance:work:research:speed,player-observation,Assets/Scripts/Views/Character/UI/StaffManagementSurfacePanel.cs; Assets/Scripts/Views/UI/CharacterSummaryCombatPresenter.cs; Assets/Scripts/Views/UI/CharacterSurgeryWindow.cs,docs_final/content-db/code-consumers/research-effects/character-performance-formula.csv
CharacterSO,controllers,,1,1,0,,runtime,Assets/Scripts/Controllers/GameManager.cs,docs_final/content-db/code-consumers/characters-traits/character.csv
CharacterSO,services:character,architecture-system:01,24,24,0,,ai-decision; persistence; runtime,Assets/Scripts/Services/Character/AI/AIBrain.cs; Assets/Scripts/Services/Character/AI/CustomerPersonaRuntime.cs; Assets/Scripts/Services/Character/Ability/AbilityMove.cs; Assets/Scripts/Services/Character/Ability/AbilityShopping.cs; Assets/Scripts/Services/Character/Ability/AbilityWork.cs; Assets/Scripts/Services/Character/Ability/CharacterAbility.cs; Assets/Scripts/Services/Character/CharacterLifePublicationService.cs; Assets/Scripts/Services/Character/CharacterSpawner.cs; Assets/Scripts/Services/Character/CharacterSpawnerSceneApplicationAdapter.cs; Assets/Scripts/Services/Character/Core/CharacterActor.cs; Assets/Scripts/Services/Character/Core/CharacterActorCollaborators.cs; Assets/Scripts/Services/Character/Core/CharacterIdentity.cs; Assets/Scripts/Services/Character/Core/CharacterPopulationService.cs; Assets/Scripts/Services/Character/Core/CharacterPopulationServiceFacade.cs; Assets/Scripts/Services/Character/Core/CharacterProgressionProfileProjector.cs; Assets/Scripts/Services/Character/Core/OwnerCharacterFactory.cs; Assets/Scripts/Services/Character/Core/OwnerRunManager.cs; Assets/Scripts/Services/Character/Core/PreparedStartPartyGameplayApplier.cs; Assets/Scripts/Services/Character/Core/StartPartyPreparationService.cs; Assets/Scripts/Services/Character/Core/StartPartyPreparationSnapshot.cs; Assets/Scripts/Services/Character/ReproductionApplicationAdapter.cs; Assets/Scripts/Services/Character/SO/CharacterModelData.cs; Assets/Scripts/Services/Character/SO/CharacterRuntimeProfileFactory.cs; Assets/Scripts/Services/Character/Work/WorkDutyController.cs,docs_final/content-db/code-consumers/characters-traits/character.csv
CharacterSO,services:factions,architecture-system:16,1,1,0,,runtime,Assets/Scripts/Services/Factions/FactionRuntime.cs,docs_final/content-db/code-consumers/characters-traits/character.csv
CharacterSO,services:infrastructure,,9,9,0,,content-loading; persistence; runtime,Assets/Scripts/Services/Infrastructure/CharacterV18RestoreIdentityResolver.cs; Assets/Scripts/Services/Infrastructure/CharacterWorldSaveService.cs; Assets/Scripts/Services/Infrastructure/Diagnostics/DungeonGameplayPerformanceProbe.cs; Assets/Scripts/Services/Infrastructure/Diagnostics/GameplayPerformanceWorldConfigurator.cs; Assets/Scripts/Services/Infrastructure/DungeonSceneNavigation.cs; Assets/Scripts/Services/Infrastructure/Exterior/ExteriorIncidentHandlers.cs; Assets/Scripts/Services/Infrastructure/InvasionIntruderDataProvider.cs; Assets/Scripts/Services/Infrastructure/RunVariableCatalogServices.cs; Assets/Scripts/Services/Infrastructure/RunVariableRuntimeProvider.cs,docs_final/content-db/code-consumers/characters-traits/character.csv
CharacterSO,services:invasion,architecture-system:13,4,4,0,,persistence; runtime,Assets/Scripts/Services/Invasion/InvasionDirectorRuntime.Restore.cs; Assets/Scripts/Services/Invasion/InvasionDirectorRuntime.cs; Assets/Scripts/Services/Invasion/InvasionIntruderRuntime.Restore.cs; Assets/Scripts/Services/Invasion/InvasionIntruderSystem.cs,docs_final/content-db/code-consumers/characters-traits/character.csv
CharacterSO,services:offense,architecture-system:14,4,3,1,character-archetype:2001,runtime,Assets/Scripts/Services/Offense/EnemyIndividualRuntime.cs; Assets/Scripts/Services/Offense/OffenseBattlePanel.cs; Assets/Scripts/Services/Offense/OffenseCombatAbilities.cs; Assets/Scripts/Services/Offense/OffenseReturnArrivalRuntime.cs,docs_final/content-db/code-consumers/characters-traits/character.csv
CharacterSO,services:recruitment,architecture-system:16,3,3,0,,persistence; runtime,Assets/Scripts/Services/Recruitment/RegularCustomerRuntime.cs; Assets/Scripts/Services/Recruitment/RegularCustomerSaveSection.cs; Assets/Scripts/Services/Recruitment/RegularCustomerSystem.cs,docs_final/content-db/code-consumers/characters-traits/character.csv
CharacterSO,services:run,,3,3,0,,content-loading; runtime,Assets/Scripts/Services/Run/AuthoredGameplayCatalog.cs; Assets/Scripts/Services/Run/RunStartVariableSelector.cs; Assets/Scripts/Services/Run/RunVariableSystem.cs,docs_final/content-db/code-consumers/characters-traits/character.csv
CharacterSO,views,,3,3,0,,player-observation,Assets/Scripts/Views/Character/UI/OwnerSelectionPanel.cs; Assets/Scripts/Views/Character/UI/OwnerSelectionViewRules.cs; Assets/Scripts/Views/Character/UI/StartPartyPreparationUiController.cs,docs_final/content-db/code-consumers/characters-traits/character.csv
CharacterSpeciesSO,models:species,,1,1,0,,content-loading,Assets/Scripts/Models/Species/Core/CharacterSpeciesCatalog.cs,docs_final/content-db/code-consumers/characters-traits/character-species.csv
CharacterSpeciesSO,services:character,,8,8,0,,runtime,Assets/Scripts/Services/Character/CharacterSpawner.cs; Assets/Scripts/Services/Character/CharacterSpeciesWorkAptitudeRules.cs; Assets/Scripts/Services/Character/Core/CharacterPopulationService.cs; Assets/Scripts/Services/Character/Core/StartPartyPreparationService.cs; Assets/Scripts/Services/Character/SO/CharacterModelData.cs; Assets/Scripts/Services/Character/SO/CharacterRuntimeProfileFactory.cs; Assets/Scripts/Services/Character/SO/CharacterSO.cs; Assets/Scripts/Services/Character/SpeciesRuntime.cs,docs_final/content-db/code-consumers/characters-traits/character-species.csv
CharacterSpeciesSO,services:codex,,1,1,0,,runtime,Assets/Scripts/Services/Codex/CodexRuntimeApplicationAdapter.cs,docs_final/content-db/code-consumers/characters-traits/character-species.csv
CharacterSpeciesSO,services:economy,,1,1,0,,runtime,Assets/Scripts/Services/Economy/CropHarvestReachableMaximumWitnessAuthority.cs,docs_final/content-db/code-consumers/characters-traits/character-species.csv
CharacterSpeciesSO,services:effects,,1,1,0,,persistence,Assets/Scripts/Services/Effects/Runtime/CharacterDerivedStatsSnapshot.cs,docs_final/content-db/code-consumers/characters-traits/character-species.csv
CharacterSpeciesSO,services:infrastructure,,1,1,0,,content-loading,Assets/Scripts/Services/Infrastructure/CodexReferenceCatalogServices.cs,docs_final/content-db/code-consumers/characters-traits/character-species.csv
CharacterSpeciesSO,services:medical,architecture-system:09,1,1,0,,runtime,Assets/Scripts/Services/Medical/SurgeryRuntime.cs,docs_final/content-db/code-consumers/characters-traits/character-species.csv
CharacterStartingHistorySO,models:characters,,1,1,0,,runtime,Assets/Scripts/Models/Characters/CharacterStartingProfileDomain.cs,docs_final/content-db/code-consumers/characters-traits/character-starting-history.csv
CharacterStartingHistorySO,services:character,,1,1,0,,runtime,Assets/Scripts/Services/Character/Core/StartPartyPreparationService.cs,docs_final/content-db/code-consumers/characters-traits/character-starting-history.csv
CharacterStartingOriginSO,models:characters,,2,2,0,,runtime,Assets/Scripts/Models/Characters/CharacterStartingHistorySO.cs; Assets/Scripts/Models/Characters/CharacterStartingProfileDomain.cs,docs_final/content-db/code-consumers/characters-traits/character-starting-origin.csv
CharacterStartingOriginSO,services:character,,1,1,0,,runtime,Assets/Scripts/Services/Character/Core/StartPartyPreparationService.cs,docs_final/content-db/code-consumers/characters-traits/character-starting-origin.csv
CharacterTraitSO,services:character,architecture-system:08,16,16,0,,ai-decision; runtime,Assets/Scripts/Services/Character/AI/Idle/IdleBehavior.cs; Assets/Scripts/Services/Character/CharacterNarrativeRuntime.cs; Assets/Scripts/Services/Character/Core/CharacterPopulationService.cs; Assets/Scripts/Services/Character/Core/CharacterProgression.cs; Assets/Scripts/Services/Character/Core/CharacterProgressionProfileProjector.cs; Assets/Scripts/Services/Character/Core/CharacterTraitSelectionRules.cs; Assets/Scripts/Services/Character/Core/StartPartyPreparationService.cs; Assets/Scripts/Services/Character/Identity/Runtime/CharacterIdentityDomainAdapters.cs; Assets/Scripts/Services/Character/Identity/Runtime/CharacterIdentityRuntime.cs; Assets/Scripts/Services/Character/Identity/Runtime/CharacterPersistentNeedClock.cs; Assets/Scripts/Services/Character/Identity/Runtime/CharacterRitualFastingRuntime.cs; Assets/Scripts/Services/Character/Identity/Runtime/ExtremeTraitRuntime.cs; Assets/Scripts/Services/Character/ReproductionApplicationAdapter.cs; Assets/Scripts/Services/Character/SO/CharacterModelData.cs; Assets/Scripts/Services/Character/SO/CharacterRuntimeProfileFactory.cs; Assets/Scripts/Services/Character/SO/CharacterSO.cs,docs_final/content-db/code-consumers/characters-traits/character-trait.csv
CharacterTraitSO,services:economy,,1,1,0,,runtime,Assets/Scripts/Services/Economy/CropHarvestReachableMaximumWitnessAuthority.cs,docs_final/content-db/code-consumers/characters-traits/character-trait.csv
CharacterTraitSO,services:effects,,2,2,0,,persistence; runtime,Assets/Scripts/Services/Effects/Runtime/CharacterDerivedStatsSnapshot.cs; Assets/Scripts/Services/Effects/Runtime/CharacterGameplayEffectProjector.cs,docs_final/content-db/code-consumers/characters-traits/character-trait.csv
CharacterTraitSO,services:infrastructure,,1,1,0,,runtime,Assets/Scripts/Services/Infrastructure/Environment/EnvironmentalWorkwearRuntime.cs,docs_final/content-db/code-consumers/characters-traits/character-trait.csv
CharacterTraitSO,services:offense,,2,2,0,,runtime,Assets/Scripts/Services/Offense/EnemyIndividualRuntime.cs; Assets/Scripts/Services/Offense/OffenseCombatAbilities.cs,docs_final/content-db/code-consumers/characters-traits/character-trait.csv
CharacterTraitSO,services:run,architecture-system:16,2,2,0,,runtime,Assets/Scripts/Services/Run/V20CampaignApplicationAdapter.cs; Assets/Scripts/Services/Run/V20ContentResolutionService.cs,docs_final/content-db/code-consumers/characters-traits/character-trait.csv
CharacterTraitSO,views,,2,2,0,,player-observation,Assets/Scripts/Views/Character/UI/StartPartyMemberDetailRenderer.cs; Assets/Scripts/Views/Character/UI/StartPartyPreparationPresentation.cs,docs_final/content-db/code-consumers/characters-traits/character-trait.csv
ClimateZoneDefinitionSO,services:infrastructure,architecture-system:10,2,1,1,climate:temperate-cave,runtime,Assets/Scripts/Services/Infrastructure/Environment/ClimateRuntime.cs,docs_final/content-db/code-consumers/events-campaign/climate-zone.csv
CombatArmorSO,services:combat,architecture-system:12,2,2,0,,persistence; runtime,Assets/Scripts/Services/Combat/CombatEquipmentLoadoutRuntime.cs; Assets/Scripts/Services/Combat/CombatEquipmentRestoreBuilder.cs,docs_final/content-db/code-consumers/combat-health-world/combat-armor.csv
CombatArmorSO,services:infrastructure,,1,1,0,,persistence,Assets/Scripts/Services/Infrastructure/Save/DungeonAggregateReferencePreflight.cs,docs_final/content-db/code-consumers/combat-health-world/combat-armor.csv
CombatArmorSO,services:offense,,1,1,0,,runtime,Assets/Scripts/Services/Offense/EnemyIndividualRuntime.cs,docs_final/content-db/code-consumers/combat-health-world/combat-armor.csv
CombatShieldSO,services:combat,architecture-system:12,2,2,0,,persistence; runtime,Assets/Scripts/Services/Combat/CombatEquipmentLoadoutRuntime.cs; Assets/Scripts/Services/Combat/CombatEquipmentRestoreBuilder.cs,docs_final/content-db/code-consumers/combat-health-world/combat-shield.csv
CombatShieldSO,services:infrastructure,,1,1,0,,persistence,Assets/Scripts/Services/Infrastructure/Save/DungeonAggregateReferencePreflight.cs,docs_final/content-db/code-consumers/combat-health-world/combat-shield.csv
CombatShieldSO,services:offense,,1,1,0,,runtime,Assets/Scripts/Services/Offense/EnemyIndividualRuntime.cs,docs_final/content-db/code-consumers/combat-health-world/combat-shield.csv
CombatWeaponSO,models:economy,,1,1,0,,content-loading,Assets/Scripts/Models/Economy/Content/CombatAmmunitionPolicy.cs,docs_final/content-db/code-consumers/combat-health-world/combat-weapon.csv
CombatWeaponSO,services:combat,architecture-system:12,4,4,0,,persistence; runtime,Assets/Scripts/Services/Combat/CombatEquipmentLoadoutRuntime.cs; Assets/Scripts/Services/Combat/CombatEquipmentRestoreBuilder.cs; Assets/Scripts/Services/Combat/CombatEquipmentRuntime.cs; Assets/Scripts/Services/Combat/CombatLoadoutPreparationRuntime.cs,docs_final/content-db/code-consumers/combat-health-world/combat-weapon.csv
CombatWeaponSO,services:economy,,2,2,0,,content-loading; runtime,Assets/Scripts/Services/Economy/ResourceEconomyContentCatalog.cs; Assets/Scripts/Services/Economy/V23BalanceWorkCalculator.cs,docs_final/content-db/code-consumers/combat-health-world/combat-weapon.csv
CombatWeaponSO,services:infrastructure,,1,1,0,,persistence,Assets/Scripts/Services/Infrastructure/Save/DungeonAggregateReferencePreflight.cs,docs_final/content-db/code-consumers/combat-health-world/combat-weapon.csv
CombatWeaponSO,services:offense,,1,1,0,,runtime,Assets/Scripts/Services/Offense/EnemyIndividualRuntime.cs,docs_final/content-db/code-consumers/combat-health-world/combat-weapon.csv
CraftMaterialDefinitionSO,models:economy,,11,4,7,material:blacksteel-ingot; material:cloth; material:gold-ingot; material:iron-ingot; material:lumber; material:steel-ingot; material:stone-block,content-loading,Assets/Scripts/Models/Economy/Content/CombatEquipmentDefinitions.cs; Assets/Scripts/Models/Economy/Content/CombatWeaponSO.cs; Assets/Scripts/Models/Economy/Content/EmptyResourceEconomyContentCatalog.cs; Assets/Scripts/Models/Economy/Content/GrandProjectRuntime.cs; Assets/Scripts/Models/Economy/Content/ResourceEconomyModels.cs,docs_final/content-db/code-consumers/production-facilities/craft-material.csv
CraftMaterialDefinitionSO,models:items,,1,0,1,material:lumber,content-loading,Assets/Scripts/Models/Items/Core/PhysicalItemRuntimeConsumerCatalog.cs,docs_final/content-db/code-consumers/production-facilities/craft-material.csv
CraftMaterialDefinitionSO,services:character,,2,0,2,material:cloth; material:lumber,runtime,Assets/Scripts/Services/Character/Core/PreparedStartPartyGameplayApplier.cs,docs_final/content-db/code-consumers/production-facilities/craft-material.csv
CraftMaterialDefinitionSO,services:combat,architecture-system:12,13,11,2,material:iron-ingot; material:lumber,content-loading; persistence; runtime,Assets/Scripts/Services/Combat/CharacterMedicalSupplyDestinationRuntimeDebugScenarios.cs; Assets/Scripts/Services/Combat/CharacterMedicalSupplyOutboxDebugScenarios.cs; Assets/Scripts/Services/Combat/CombatCraftDefinitionCatalog.cs; Assets/Scripts/Services/Combat/CombatEquipmentCraftingRuntime.cs; Assets/Scripts/Services/Combat/CombatEquipmentLoadoutRuntime.cs; Assets/Scripts/Services/Combat/CombatEquipmentRestoreBuilder.cs; Assets/Scripts/Services/Combat/CombatEquipmentRuntime.cs; Assets/Scripts/Services/Combat/CombatEquipmentRuntimeContracts.cs; Assets/Scripts/Services/Combat/CombatEquipmentStatProjector.cs; Assets/Scripts/Services/Combat/CombatRejectedRecoveryProjection.cs; Assets/Scripts/Services/Combat/EquipmentEvolutionRuntime.cs; Assets/Scripts/Services/Combat/EquipmentMaintenanceSaveValidation.cs,docs_final/content-db/code-consumers/production-facilities/craft-material.csv
CraftMaterialDefinitionSO,services:defense,,1,0,1,material:iron-ingot,runtime,Assets/Scripts/Services/Defense/DefenseFacilityPhysicalTransactionOutbox.cs,docs_final/content-db/code-consumers/production-facilities/craft-material.csv
CraftMaterialDefinitionSO,services:economy,,5,5,0,,content-loading; runtime,Assets/Scripts/Services/Economy/CombatCraftSpecialThroughputContributor.cs; Assets/Scripts/Services/Economy/ProductionConsumerDemandAdapters.cs; Assets/Scripts/Services/Economy/ResourceEconomyContentCatalog.cs; Assets/Scripts/Services/Economy/V23EmbeddedWorkValueCalculator.cs; Assets/Scripts/Services/Economy/V27EmbeddedWorkValueCalculator.cs,docs_final/content-db/code-consumers/production-facilities/craft-material.csv
CraftMaterialDefinitionSO,services:infrastructure,,4,2,1,material:lumber,content-loading; persistence; runtime,Assets/Scripts/Services/Infrastructure/Environment/EnvironmentalWorkwearProductionOutputRestoreCapabilityValidatorDebugScenarios.cs; Assets/Scripts/Services/Infrastructure/Exterior/ExteriorIncidentHandlers.cs; Assets/Scripts/Services/Infrastructure/Industrial/IndustrialInfrastructureStressProbe.cs; Assets/Scripts/Services/Infrastructure/ResearchRewardCatalogAdapter.cs,docs_final/content-db/code-consumers/production-facilities/craft-material.csv
CraftMaterialDefinitionSO,services:items,,7,0,2,material:lumber; resource:wool,runtime,Assets/Scripts/Services/Items/Diagnostics/ExactWarehouseHaulAdmissionJoinDebugScenarios.cs; Assets/Scripts/Services/Items/Diagnostics/PreparedOutputBufferAggregationGuardDebugScenarios.cs; Assets/Scripts/Services/Items/Diagnostics/PreparedOutputCustodyCarryBoundaryDebugScenarios.cs; Assets/Scripts/Services/Items/Diagnostics/PreparedOutputCustodyMutationGuardDebugScenarios.cs; Assets/Scripts/Services/Items/Diagnostics/PreparedOutputHaulPlannerGateDebugScenarios.cs; Assets/Scripts/Services/Items/TextileBatchCompactionService.cs,docs_final/content-db/code-consumers/production-facilities/craft-material.csv
CraftMaterialDefinitionSO,services:wildlife,,1,0,1,resource:wool,runtime,Assets/Scripts/Services/Wildlife/WildlifeModels.cs,docs_final/content-db/code-consumers/production-facilities/craft-material.csv
CraftMaterialDefinitionSO,views,,1,1,0,,player-observation,Assets/Scripts/Views/Buildings/UI/EquipmentCraftingPanelPresenter.cs,docs_final/content-db/code-consumers/production-facilities/craft-material.csv
CropDefinitionSO,models:economy,,2,2,0,,content-loading,Assets/Scripts/Models/Economy/Content/EmptyResourceEconomyContentCatalog.cs; Assets/Scripts/Models/Economy/Content/ResourceEconomyModels.cs,docs_final/content-db/code-consumers/production-facilities/crop.csv
CropDefinitionSO,services:combat,,2,2,0,,runtime,Assets/Scripts/Services/Combat/CharacterMedicalSupplyDestinationRuntimeDebugScenarios.cs; Assets/Scripts/Services/Combat/CharacterMedicalSupplyOutboxDebugScenarios.cs,docs_final/content-db/code-consumers/production-facilities/crop.csv
CropDefinitionSO,services:economy,architecture-system:11,15,13,2,crop:cave-mushroom; crop:twilight-grain,content-loading; runtime,Assets/Scripts/Services/Economy/CertifiedSeedFacilityOutputCapacityContributor.cs; Assets/Scripts/Services/Economy/CertifiedSeedRuntime.cs; Assets/Scripts/Services/Economy/CertifiedSeedSpecialThroughputContributor.cs; Assets/Scripts/Services/Economy/CropCycleInputRequirementAuthority.cs; Assets/Scripts/Services/Economy/CropEcologyRuntime.cs; Assets/Scripts/Services/Economy/CropHarvestOutputMaximumAuthority.cs; Assets/Scripts/Services/Economy/CropHarvestReachableMaximumWitnessAuthority.cs; Assets/Scripts/Services/Economy/CropHarvestSpecialThroughputContributor.cs; Assets/Scripts/Services/Economy/CropPlotRuntime.cs; Assets/Scripts/Services/Economy/Planning/ResourceEconomyForecastService.cs; Assets/Scripts/Services/Economy/ProductionOutputClearanceExecutableDescriptorRegistry.cs; Assets/Scripts/Services/Economy/ResourceEconomyContentCatalog.cs; Assets/Scripts/Services/Economy/V27EmbeddedWorkValueCalculator.cs,docs_final/content-db/code-consumers/production-facilities/crop.csv
CropDefinitionSO,services:infrastructure,,3,3,0,,content-loading; persistence,Assets/Scripts/Services/Infrastructure/Environment/EnvironmentalWorkwearProductionOutputRestoreCapabilityValidatorDebugScenarios.cs; Assets/Scripts/Services/Infrastructure/ResearchRewardCatalogAdapter.cs; Assets/Scripts/Services/Infrastructure/Save/DungeonAggregateReferencePreflight.cs,docs_final/content-db/code-consumers/production-facilities/crop.csv
CropDefinitionSO,views,,1,1,0,,player-observation,Assets/Scripts/Views/Buildings/UI/CropPlotBuildingPanelPresenter.cs,docs_final/content-db/code-consumers/production-facilities/crop.csv
CropGenomeDefinitionSO,models:economy,,1,1,0,,content-loading,Assets/Scripts/Models/Economy/Content/CropDefinitionSO.cs,docs_final/content-db/code-consumers/production-facilities/crop-genome.csv
CropGenomeDefinitionSO,services:economy,architecture-system:11,2,2,0,,runtime,Assets/Scripts/Services/Economy/CropEcologyRuntime.cs; Assets/Scripts/Services/Economy/CropHarvestReachableMaximumWitnessAuthority.cs,docs_final/content-db/code-consumers/production-facilities/crop-genome.csv
CulturalPracticeDefinitionSO,services:character,,3,3,0,,content-loading; runtime,Assets/Scripts/Services/Character/CharacterNarrativeCatalog.cs; Assets/Scripts/Services/Character/CharacterNarrativeContracts.cs; Assets/Scripts/Services/Character/CharacterNarrativeRuntime.cs,docs_final/content-db/code-consumers/events-campaign/cultural-practice.csv
CulturalPracticeDefinitionSO,services:run,architecture-system:16,2,2,0,,runtime,Assets/Scripts/Services/Run/V20CampaignApplicationAdapter.cs; Assets/Scripts/Services/Run/V20ContentResolutionService.cs,docs_final/content-db/code-consumers/events-campaign/cultural-practice.csv
DiseaseDefinitionSO,services:character,,4,1,3,disease:blood-wasting; disease:gut-rot; disease:slime-blight,runtime,Assets/Scripts/Services/Character/PopulationHealthRuntime.cs; Assets/Scripts/Services/Character/SpeciesRuntime.cs,docs_final/content-db/code-consumers/combat-health-world/disease.csv
DiseaseDefinitionSO,services:infrastructure,,1,0,1,disease:mana-pox,runtime,Assets/Scripts/Services/Infrastructure/Rooms/RoomEnvironmentExperienceAdapter.cs,docs_final/content-db/code-consumers/combat-health-world/disease.csv
DiseaseDefinitionSO,services:run,architecture-system:16,1,1,0,,runtime,Assets/Scripts/Services/Run/V20CampaignRuntime.cs,docs_final/content-db/code-consumers/combat-health-world/disease.csv
DiseaseDefinitionSO,views,,1,0,1,condition:core-corrosion,player-observation,Assets/Scripts/Views/UI/CharacterSummaryPopulationPresenter.cs,docs_final/content-db/code-consumers/combat-health-world/disease.csv
DungeonFactionDefinitionSO,models:factions,,6,0,6,faction:dungeon:beastkin; faction:dungeon:demon; faction:dungeon:golem; faction:dungeon:harpy; faction:dungeon:kobold; faction:dungeon:myconid,runtime,Assets/Scripts/Models/Factions/Core/FactionModels.cs,docs_final/content-db/code-consumers/events-campaign/dungeon-faction.csv
DungeonFactionDefinitionSO,services:factions,,1,1,0,,runtime,Assets/Scripts/Services/Factions/FactionApplicationDependencies.cs,docs_final/content-db/code-consumers/events-campaign/dungeon-faction.csv
EndingDefinitionSO,services:run,architecture-system:16,19,1,9,ending:arcane-ascension; ending:dungeon-sovereignty; ending:eternal-lineage; ending:monster-accord; ending:sealed-paradise; ending:steel-apotheosis; ending:surface-hegemony; ending:timeless-sanctuary; ending:truth-revealed,runtime,Assets/Scripts/Services/Run/MilestonePressureApplicationAdapter.cs; Assets/Scripts/Services/Run/V20CampaignRuntime.cs,docs_final/content-db/code-consumers/events-campaign/ending.csv
EnemyAbilityDefinitionSO,services:offense,,2,2,0,,runtime,Assets/Scripts/Services/Offense/EnemyEncounterFactory.cs; Assets/Scripts/Services/Offense/EnemyIndividualRuntime.cs,docs_final/content-db/code-consumers/combat-health-world/enemy-ability.csv
EnemyArchetypeDefinitionSO,services:invasion,architecture-system:13,1,1,0,,runtime,Assets/Scripts/Services/Invasion/InvasionDirectorRuntime.cs,docs_final/content-db/code-consumers/combat-health-world/enemy-archetype.csv
EnemyArchetypeDefinitionSO,services:offense,architecture-system:14,4,4,0,,runtime,Assets/Scripts/Services/Offense/EnemyEncounterFactory.cs; Assets/Scripts/Services/Offense/EnemyIndividualRuntime.cs; Assets/Scripts/Services/Offense/EnemyTacticalDecisionService.cs; Assets/Scripts/Services/Offense/OffenseReturnArrivalRuntime.cs,docs_final/content-db/code-consumers/combat-health-world/enemy-archetype.csv
EnvironmentalWorkwearSO,services:economy,,1,1,0,,content-loading,Assets/Scripts/Services/Economy/ResourceEconomyContentCatalog.cs,docs_final/content-db/code-consumers/production-facilities/environmental-workwear.csv
EnvironmentalWorkwearSO,services:infrastructure,,2,2,0,,content-loading; runtime,Assets/Scripts/Services/Infrastructure/Environment/EnvironmentalWorkwearRuntime.cs; Assets/Scripts/Services/Infrastructure/ResearchRewardCatalogAdapter.cs,docs_final/content-db/code-consumers/production-facilities/environmental-workwear.csv
EnvironmentalWorkwearSO,services:items,architecture-system:05,2,1,1,workwear:hauling-harness,runtime,Assets/Scripts/Services/Items/CharacterCarryInventory.cs,docs_final/content-db/code-consumers/production-facilities/environmental-workwear.csv
EquipmentModuleDefinitionSO,models:combat,,1,1,0,,runtime,Assets/Scripts/Models/Combat/Core/EmptyCombatEquipmentCapabilities.cs,docs_final/content-db/code-consumers/production-facilities/equipment-module.csv
EquipmentModuleDefinitionSO,services:combat,architecture-system:12,6,6,0,,content-loading; runtime,Assets/Scripts/Services/Combat/CombatEquipmentRuntime.cs; Assets/Scripts/Services/Combat/CombatEquipmentRuntimeContracts.cs; Assets/Scripts/Services/Combat/CombatEquipmentStatProjector.cs; Assets/Scripts/Services/Combat/EquipmentExpeditionRewardService.cs; Assets/Scripts/Services/Combat/EquipmentModuleRuntime.cs; Assets/Scripts/Services/Combat/ResourceEquipmentModuleCatalog.cs,docs_final/content-db/code-consumers/production-facilities/equipment-module.csv
EquipmentModuleDefinitionSO,services:effects,,1,1,0,,persistence,Assets/Scripts/Services/Effects/Runtime/CharacterDerivedStatsSnapshot.cs,docs_final/content-db/code-consumers/production-facilities/equipment-module.csv
EquipmentModuleDefinitionSO,views,,1,1,0,,player-observation,Assets/Scripts/Views/Buildings/UI/EquipmentProgressionCommandPanel.cs,docs_final/content-db/code-consumers/production-facilities/equipment-module.csv
FacilityBlueprintSO,models:facilityshop,,1,1,0,,runtime,Assets/Scripts/Models/FacilityShop/Core/BlueprintUnlock.cs,docs_final/content-db/code-consumers/production-facilities/facility-blueprint.csv
FacilityBlueprintSO,models:research,,1,1,0,,runtime,Assets/Scripts/Models/Research/Core/ResearchProjectSO.cs,docs_final/content-db/code-consumers/production-facilities/facility-blueprint.csv
FacilityBlueprintSO,services:debugging,,1,1,0,,runtime,Assets/Scripts/Services/Debugging/DungeonDebugCommandProviders.cs,docs_final/content-db/code-consumers/production-facilities/facility-blueprint.csv
FacilityBlueprintSO,services:facilityshop,,1,1,0,,runtime,Assets/Scripts/Services/FacilityShop/FacilityShopSystem.cs,docs_final/content-db/code-consumers/production-facilities/facility-blueprint.csv
FacilityBlueprintSO,services:infrastructure,architecture-system:15,8,8,0,,content-loading; persistence; runtime,Assets/Scripts/Services/Infrastructure/BlueprintResearchContracts.cs; Assets/Scripts/Services/Infrastructure/BlueprintResearchProjectCoordinator.cs; Assets/Scripts/Services/Infrastructure/BlueprintResearchRuntime.cs; Assets/Scripts/Services/Infrastructure/BlueprintResearchSaveSection.cs; Assets/Scripts/Services/Infrastructure/FacilityShopRuntimeProvider.cs; Assets/Scripts/Services/Infrastructure/ResearchBlueprintArchiveAdapter.cs; Assets/Scripts/Services/Infrastructure/RunVariableCatalogServices.cs; Assets/Scripts/Services/Infrastructure/RunVariableRuntimeProvider.cs,docs_final/content-db/code-consumers/production-facilities/facility-blueprint.csv
FacilityBlueprintSO,services:offense,,5,5,0,,runtime,Assets/Scripts/Services/Offense/OffenseRewardContextResolver.cs; Assets/Scripts/Services/Offense/OffenseRewardModel.cs; Assets/Scripts/Services/Offense/OffenseRewardSystem.cs; Assets/Scripts/Services/Offense/OffenseRuntimeServices.cs; Assets/Scripts/Services/Offense/OffenseWorldMapModel.cs,docs_final/content-db/code-consumers/production-facilities/facility-blueprint.csv
FacilityBlueprintSO,services:run,,3,3,0,,runtime,Assets/Scripts/Services/Run/RunStartVariableSelector.cs; Assets/Scripts/Services/Run/RunVariableEffects.cs; Assets/Scripts/Services/Run/RunVariableSystem.cs,docs_final/content-db/code-consumers/production-facilities/facility-blueprint.csv
FacilityEvolutionRecipeSO,services:facilityevolution,architecture-system:19,7,7,0,,runtime,Assets/Scripts/Services/FacilityEvolution/FacilityEvolutionIdentity.cs; Assets/Scripts/Services/FacilityEvolution/FacilityEvolutionLlmProposalProvider.cs; Assets/Scripts/Services/FacilityEvolution/FacilityEvolutionMutations.cs; Assets/Scripts/Services/FacilityEvolution/FacilityEvolutionPendingMaterialProjection.cs; Assets/Scripts/Services/FacilityEvolution/FacilityEvolutionRuntime.cs; Assets/Scripts/Services/FacilityEvolution/FacilityEvolutionService.cs; Assets/Scripts/Services/FacilityEvolution/FacilityEvolutionStateComponent.cs,docs_final/content-db/code-consumers/production-facilities/facility-evolution-recipe.csv
FacilityEvolutionRecipeSO,services:infrastructure,,1,1,0,,content-loading,Assets/Scripts/Services/Infrastructure/FacilityRecipeCatalogServices.cs,docs_final/content-db/code-consumers/production-facilities/facility-evolution-recipe.csv
FacilityEvolutionRecipeSO,views,architecture-system:19,1,1,0,,player-observation,Assets/Scripts/Views/UI/BuildingFeatureSurfacePresenter.cs,docs_final/content-db/code-consumers/production-facilities/facility-evolution-recipe.csv
FacilityEvolutionRecordTokenDefinitionSO,models:evolution,,9,0,9,CleanServiceStreak; FrequentBrawls; GuardRallyPoint; HighMeatConsumption; HighTurnoverService; IntruderBloodied; MercenaryHangout; NoblePatronage; OutlawRumor,runtime,Assets/Scripts/Models/Evolution/Facility/FacilityEvolutionTerms.cs,docs_final/content-db/code-consumers/production-facilities/facility-evolution-record-token.csv
FacilityEvolutionRecordTokenDefinitionSO,services:infrastructure,,1,1,0,,content-loading,Assets/Scripts/Services/Infrastructure/FacilityRecipeCatalogServices.cs,docs_final/content-db/code-consumers/production-facilities/facility-evolution-record-token.csv
FacilitySynthesisRecipeSO,services:codex,,1,1,0,,runtime,Assets/Scripts/Services/Codex/CodexRuntimeApplicationAdapter.cs,docs_final/content-db/code-consumers/production-facilities/facility-synthesis-recipe.csv
FacilitySynthesisRecipeSO,services:infrastructure,,1,1,0,,content-loading,Assets/Scripts/Services/Infrastructure/FacilityRecipeCatalogServices.cs,docs_final/content-db/code-consumers/production-facilities/facility-synthesis-recipe.csv
FacilitySynthesisRecipeSO,services:synthesis,architecture-system:19,2,2,0,,runtime,Assets/Scripts/Services/Synthesis/FacilitySynthesisRuntime.cs; Assets/Scripts/Services/Synthesis/FacilitySynthesisSystem.cs,docs_final/content-db/code-consumers/production-facilities/facility-synthesis-recipe.csv
FacilitySynthesisRecipeSO,views,architecture-system:19,2,2,0,,player-observation,Assets/Scripts/Views/Synthesis/UI/FacilitySynthesisPanel.cs; Assets/Scripts/Views/UI/BuildingFeatureSurfacePresenter.cs,docs_final/content-db/code-consumers/production-facilities/facility-synthesis-recipe.csv
FactionArcDefinitionSO,services:run,architecture-system:16,1,1,0,,runtime,Assets/Scripts/Services/Run/V20CampaignRuntime.cs,docs_final/content-db/code-consumers/events-campaign/faction-arc.csv
FactionChapterDefinitionSO,services:run,architecture-system:16,3,3,0,,runtime,Assets/Scripts/Services/Run/V20CampaignApplicationAdapter.cs; Assets/Scripts/Services/Run/V20CampaignRuntime.cs; Assets/Scripts/Services/Run/V20ContentResolutionService.cs,docs_final/content-db/code-consumers/events-campaign/faction-chapter.csv
FactionContractDefinitionSO,services:economy,,1,1,0,,content-loading,Assets/Scripts/Services/Economy/ResourceEconomyContentCatalog.cs,docs_final/content-db/code-consumers/events-campaign/faction-contract.csv
FactionContractDefinitionSO,services:run,architecture-system:16,2,2,0,,runtime,Assets/Scripts/Services/Run/V20CampaignRuntime.cs; Assets/Scripts/Services/Run/V20ContentResolutionService.cs,docs_final/content-db/code-consumers/events-campaign/faction-contract.csv
FestivalDefinitionSO,services:character,,2,2,0,,content-loading; runtime,Assets/Scripts/Services/Character/FestivalDefinitionCatalog.cs; Assets/Scripts/Services/Character/FuneralFestivalRuntime.cs,docs_final/content-db/code-consumers/characters-traits/festival.csv
FestivalDefinitionSO,services:run,,1,1,0,,runtime,Assets/Scripts/Services/Run/V20CampaignApplicationAdapter.cs,docs_final/content-db/code-consumers/characters-traits/festival.csv
FuneralCultureSO,models:species,,1,1,0,,runtime,Assets/Scripts/Models/Species/Core/CharacterSpeciesDefinitionSO.cs,docs_final/content-db/code-consumers/characters-traits/funeral-culture.csv
FuneralCultureSO,services:character,,1,1,0,,runtime,Assets/Scripts/Services/Character/FuneralFestivalRuntime.cs,docs_final/content-db/code-consumers/characters-traits/funeral-culture.csv
GameplayEffectConditionDefinitionSO,models:buildings,,2,0,2,work:clean; work:research,runtime,Assets/Scripts/Models/Buildings/Core/CoreBuildingAbilityHandlers.cs,docs_final/content-db/code-consumers/research-effects/gameplay-effect-condition.csv
GameplayEffectConditionDefinitionSO,models:work,architecture-system:04,2,0,2,work:clean; work:research,runtime,Assets/Scripts/Models/Work/WorkTypeId.cs,docs_final/content-db/code-consumers/research-effects/gameplay-effect-condition.csv
GameplayEffectConditionDefinitionSO,services:character,architecture-system:04; architecture-system:08,54,0,43,accident:fall-slip; event:hostile-execution; relationship:first-apology; relationship:negative; room:noise; shift:day; shift:night; state:arcane-overcharge; state:arcane-overcharge-aftermath; state:emergency-stocked; state:forbidden-leap-aftermath; state:formal-status; state:insulted; state:last-stand; state:last-stand-aftermath; state:miracle-surgery-aftermath; state:pain; state:production-limit-break; state:production-limit-break-aftermath; state:ritual-fast-ended; state:ritual-fasting; state:sated; state:sweet-fed; temperature:cold; temperature:comfortable; temperature:hot; temperature:uncomfortable; terrain:rough; work:clean; work:clean-maintenance; work:contaminated-food; work:contamination; work:dangerous; work:emergency; work:long-shift; work:mentoring; work:not-clean; work:not-research; work:on-schedule; work:precision; work:research; work:retry-after-failure; work:substitute-material,ai-decision; runtime,Assets/Scripts/Services/Character/AI/Action/AIHunt.cs; Assets/Scripts/Services/Character/AI/Action/AIRescue.cs; Assets/Scripts/Services/Character/AI/CharacterRecordTemplateBank.cs; Assets/Scripts/Services/Character/AI/CharacterWorkSemanticTags.cs; Assets/Scripts/Services/Character/Ability/AbilityWork.cs; Assets/Scripts/Services/Character/CareerApplicationAdapter.cs; Assets/Scripts/Services/Character/Core/CharacterStatsProjectionService.cs; Assets/Scripts/Services/Character/Identity/Runtime/CharacterIdentityDomainAdapters.cs; Assets/Scripts/Services/Character/Identity/Runtime/CharacterIdentityRuntime.cs; Assets/Scripts/Services/Character/Identity/Runtime/ExtremeTraitRuntime.cs; Assets/Scripts/Services/Character/Work/StaffDiscontentRuntime.cs; Assets/Scripts/Services/Character/Work/WorkTargetSelector.cs,docs_final/content-db/code-consumers/research-effects/gameplay-effect-condition.csv
GameplayEffectConditionDefinitionSO,services:combat,,2,0,2,state:last-stand; work:craft-finished,runtime,Assets/Scripts/Services/Combat/CombatEquipmentCraftingRuntime.cs; Assets/Scripts/Services/Combat/CombatRuntimeStatFactory.cs,docs_final/content-db/code-consumers/research-effects/gameplay-effect-condition.csv
GameplayEffectConditionDefinitionSO,services:economy,architecture-system:11,2,0,1,state:golden-harvest-jackpot,runtime,Assets/Scripts/Services/Economy/CropHarvestReachableMaximumWitnessAuthority.cs; Assets/Scripts/Services/Economy/CropPlotRuntime.cs,docs_final/content-db/code-consumers/research-effects/gameplay-effect-condition.csv
GameplayEffectConditionDefinitionSO,services:foundation,,1,1,0,,runtime,Assets/Scripts/Services/Foundation/GameplayEffectContracts.cs,docs_final/content-db/code-consumers/research-effects/gameplay-effect-condition.csv
GameplayEffectConditionDefinitionSO,services:infrastructure,,2,0,2,room:noise; work:craft-finished,runtime,Assets/Scripts/Services/Infrastructure/Environment/ApparelWorkOrderRuntime.cs; Assets/Scripts/Services/Infrastructure/Rooms/RoomEnvironmentExperienceAdapter.cs,docs_final/content-db/code-consumers/research-effects/gameplay-effect-condition.csv
GameplayEffectDefinitionSO,services:effects,,2,2,0,,content-loading; persistence,Assets/Scripts/Services/Effects/Runtime/CharacterDerivedStatsSnapshot.cs; Assets/Scripts/Services/Effects/Runtime/GameplayEffectResultBoundsCatalog.cs,docs_final/content-db/code-consumers/research-effects/gameplay-effect.csv
GameplayEffectDefinitionSO,services:foundation,,1,1,0,,runtime,Assets/Scripts/Services/Foundation/GameplayEffectContracts.cs,docs_final/content-db/code-consumers/research-effects/gameplay-effect.csv
GenericItemDefinitionSO,models:captivity,,3,0,3,captivity:extracted-blood; captivity:memory-residue; captivity:restraints,runtime,Assets/Scripts/Models/Captivity/Core/CaptivityItemDefinitions.cs,docs_final/content-db/code-consumers/items/generic-item.csv
GenericItemDefinitionSO,models:combat,,2,0,2,ammo:arrow; ammo:bolt,runtime,Assets/Scripts/Models/Combat/Core/CombatItemDefinitions.cs,docs_final/content-db/code-consumers/items/generic-item.csv
GenericItemDefinitionSO,models:economy,,1,0,1,industrial:sludge,content-loading,Assets/Scripts/Models/Economy/Content/IndustrialItemDefinitions.cs,docs_final/content-db/code-consumers/items/generic-item.csv
GenericItemDefinitionSO,models:items,,8,0,8,captivity:extracted-blood; medicine:blood-pack; medicine:blood-seal-kit; medicine:field-emergency-kit; medicine:mana-core-restraint; medicine:rune-slime-patch; medicine:temporary-power-bypass; medicine:wing-splint-kit,content-loading,Assets/Scripts/Models/Items/Core/PhysicalItemRuntimeConsumerCatalog.cs,docs_final/content-db/code-consumers/items/generic-item.csv
GenericItemDefinitionSO,models:medical,,10,0,10,medicine:blood-pack; medicine:blood-seal-kit; medicine:disinfectant; medicine:field-emergency-kit; medicine:immunosuppressant; medicine:mana-core-restraint; medicine:rune-slime-patch; medicine:temporary-power-bypass; medicine:wing-splint-kit; surgery:contaminated-tissue,runtime,Assets/Scripts/Models/Medical/Core/SurgeryItemDefinitions.cs,docs_final/content-db/code-consumers/items/generic-item.csv
GenericItemDefinitionSO,models:survival,,3,0,3,dark:bone; dark:humanoid_corpse; dark:humanoid_meat,runtime,Assets/Scripts/Models/Survival/Core/DarkSurvivalItemDefinitions.cs,docs_final/content-db/code-consumers/items/generic-item.csv
GenericItemDefinitionSO,models:wildlife,,1,0,1,wild:rot,runtime,Assets/Scripts/Models/Wildlife/Core/WildlifeSpeciesDefinition.cs,docs_final/content-db/code-consumers/items/generic-item.csv
GenericItemDefinitionSO,services:character,,1,0,1,medicine:blood-pack,runtime,Assets/Scripts/Services/Character/DiseaseFieldResponseRuntime.cs,docs_final/content-db/code-consumers/items/generic-item.csv
GenericItemDefinitionSO,services:combat,,1,1,0,,runtime,Assets/Scripts/Services/Combat/CharacterMedicalSupplyOutboxDebugScenarios.cs,docs_final/content-db/code-consumers/items/generic-item.csv
GenericItemDefinitionSO,services:evolution,,1,0,1,evolution:facility-package,runtime,Assets/Scripts/Services/Evolution/EvolutionCatalystEconomyRuntime.cs,docs_final/content-db/code-consumers/items/generic-item.csv
GenericItemDefinitionSO,services:infrastructure,,3,0,3,captivity:memory-residue; industrial:sludge; wild:rot,runtime,Assets/Scripts/Services/Infrastructure/Exterior/ExteriorIncidentHandlers.cs; Assets/Scripts/Services/Infrastructure/Industrial/IndustrialInfrastructureBuildingAbilities.cs; Assets/Scripts/Services/Infrastructure/KnowledgeResidueDestinationRuntime.cs,docs_final/content-db/code-consumers/items/generic-item.csv
GenericItemDefinitionSO,services:items,,1,0,1,surgery:prosthetic:arm:left,runtime,Assets/Scripts/Services/Items/Diagnostics/PreparedOutputHaulPlannerGateDebugScenarios.cs,docs_final/content-db/code-consumers/items/generic-item.csv
GenericItemDefinitionSO,services:survival,,2,0,2,survival:cooked_meal; survival:preserved_food,runtime,Assets/Scripts/Services/Survival/SurvivalFoodRuntime.cs,docs_final/content-db/code-consumers/items/generic-item.csv
GuestRequestDefinitionSO,services:economy,,1,1,0,,content-loading,Assets/Scripts/Services/Economy/ResourceEconomyContentCatalog.cs,docs_final/content-db/code-consumers/events-campaign/guest-request.csv
GuestRequestDefinitionSO,services:run,architecture-system:16,3,3,0,,runtime,Assets/Scripts/Services/Run/V20CampaignApplicationAdapter.cs; Assets/Scripts/Services/Run/V20CampaignRuntime.cs; Assets/Scripts/Services/Run/V20ContentResolutionService.cs,docs_final/content-db/code-consumers/events-campaign/guest-request.csv
HeritableTraitDefinitionSO,services:character,,4,4,0,,content-loading; runtime,Assets/Scripts/Services/Character/CharacterNarrativeCatalog.cs; Assets/Scripts/Services/Character/CharacterNarrativeContracts.cs; Assets/Scripts/Services/Character/CharacterNarrativeRuntime.cs; Assets/Scripts/Services/Character/HeritableTraitRuntimeEffects.cs,docs_final/content-db/code-consumers/characters-traits/heritable-trait.csv
HeritableTraitDefinitionSO,services:offense,,1,1,0,,runtime,Assets/Scripts/Services/Offense/EnemyIndividualRuntime.cs,docs_final/content-db/code-consumers/characters-traits/heritable-trait.csv
LifeEventDefinitionSO,services:character,,3,3,0,,content-loading; runtime,Assets/Scripts/Services/Character/CharacterNarrativeAggregate.cs; Assets/Scripts/Services/Character/CharacterNarrativeCatalog.cs; Assets/Scripts/Services/Character/CharacterNarrativeContracts.cs,docs_final/content-db/code-consumers/events-campaign/life-event.csv
LifeEventDefinitionSO,services:run,architecture-system:16,3,3,0,,runtime,Assets/Scripts/Services/Run/V20CampaignApplicationAdapter.cs; Assets/Scripts/Services/Run/V20CampaignRuntime.cs; Assets/Scripts/Services/Run/V20ContentResolutionService.cs,docs_final/content-db/code-consumers/events-campaign/life-event.csv
OffenseDecisionCardSO,models:offense,,1,1,0,,runtime,Assets/Scripts/Models/Offense/Core/OffenseAuthoredContentPort.cs,docs_final/content-db/code-consumers/combat-health-world/offense-decision-card.csv
OffenseDecisionCardSO,services:items,,1,1,0,,content-loading,Assets/Scripts/Services/Items/GameContentCatalog.cs,docs_final/content-db/code-consumers/combat-health-world/offense-decision-card.csv
OffenseDecisionCardSO,services:offense,architecture-system:14,3,3,0,,persistence; runtime,Assets/Scripts/Services/Offense/OffenseAggregateSaveValidation.cs; Assets/Scripts/Services/Offense/Strategic/OffenseStrategicDefinitions.cs; Assets/Scripts/Services/Offense/Strategic/OffenseTravelAndDecisionRuntime.cs,docs_final/content-db/code-consumers/combat-health-world/offense-decision-card.csv
OffenseEncounterSO,models:offense,,1,1,0,,runtime,Assets/Scripts/Models/Offense/Core/OffenseAuthoredContentPort.cs,docs_final/content-db/code-consumers/combat-health-world/offense-encounter.csv
OffenseEncounterSO,services:items,,1,1,0,,content-loading,Assets/Scripts/Services/Items/GameContentCatalog.cs,docs_final/content-db/code-consumers/combat-health-world/offense-encounter.csv
OffenseEncounterSO,services:offense,,3,3,0,,runtime,Assets/Scripts/Services/Offense/EnemyEncounterFactory.cs; Assets/Scripts/Services/Offense/EnemyIndividualRuntime.cs; Assets/Scripts/Services/Offense/Strategic/OffenseStrategicDefinitions.cs,docs_final/content-db/code-consumers/combat-health-world/offense-encounter.csv
OffenseEncounterSO,services:run,architecture-system:16,1,1,0,,runtime,Assets/Scripts/Services/Run/V20CampaignRuntime.cs,docs_final/content-db/code-consumers/combat-health-world/offense-encounter.csv
OffenseSiteArchetypeSO,models:economy,,2,0,1,quarry,content-loading,Assets/Scripts/Models/Economy/Content/GrandProjectRuntime.cs; Assets/Scripts/Models/Economy/Content/ProductionOutputFactor.cs,docs_final/content-db/code-consumers/combat-health-world/offense-site-archetype.csv
OffenseSiteArchetypeSO,models:offense,,1,1,0,,runtime,Assets/Scripts/Models/Offense/Core/OffenseAuthoredContentPort.cs,docs_final/content-db/code-consumers/combat-health-world/offense-site-archetype.csv
OffenseSiteArchetypeSO,services:factions,architecture-system:16,6,0,6,armory; farm; quarry; ritual_site; ruin; watchtower,runtime,Assets/Scripts/Services/Factions/FactionRuntime.cs,docs_final/content-db/code-consumers/combat-health-world/offense-site-archetype.csv
OffenseSiteArchetypeSO,services:invasion,,6,0,6,armory; caravan; patrol; ritual_site; ruin; watchtower,runtime,Assets/Scripts/Services/Invasion/InvasionCampaignRuntime.cs,docs_final/content-db/code-consumers/combat-health-world/offense-site-archetype.csv
OffenseSiteArchetypeSO,services:items,,1,1,0,,content-loading,Assets/Scripts/Services/Items/GameContentCatalog.cs,docs_final/content-db/code-consumers/combat-health-world/offense-site-archetype.csv
OffenseSiteArchetypeSO,services:offense,,5,3,2,fixed:rival-dungeon; fixed:truth-core,runtime,Assets/Scripts/Services/Offense/OffenseStrategicExpeditionServices.cs; Assets/Scripts/Services/Offense/Strategic/OffenseHexWorldSimulation.cs; Assets/Scripts/Services/Offense/Strategic/OffenseStrategicDefinitions.cs,docs_final/content-db/code-consumers/combat-health-world/offense-site-archetype.csv
OffenseSiteArchetypeSO,services:run,architecture-system:16,3,0,1,farm,persistence; runtime,Assets/Scripts/Services/Run/MilestonePressureApplicationAdapter.cs; Assets/Scripts/Services/Run/V20CampaignRuntime.cs; Assets/Scripts/Services/Run/V20MilestoneWorldSnapshotProjector.cs,docs_final/content-db/code-consumers/combat-health-world/offense-site-archetype.csv
OffenseUrgentSiteDefinitionSO,models:offense,,1,1,0,,runtime,Assets/Scripts/Models/Offense/Core/OffenseAuthoredContentPort.cs,docs_final/content-db/code-consumers/combat-health-world/offense-urgent-site.csv
OffenseUrgentSiteDefinitionSO,services:items,,1,1,0,,content-loading,Assets/Scripts/Services/Items/GameContentCatalog.cs,docs_final/content-db/code-consumers/combat-health-world/offense-urgent-site.csv
OffenseUrgentSiteDefinitionSO,services:offense,,5,5,0,,persistence; runtime,Assets/Scripts/Services/Offense/OffenseAggregateSaveValidation.cs; Assets/Scripts/Services/Offense/Strategic/OffenseHexWorldSimulation.cs; Assets/Scripts/Services/Offense/Strategic/OffenseStrategicDefinitions.cs; Assets/Scripts/Services/Offense/Strategic/OffenseUrgentMitigationInputOwnerRuntime.cs; Assets/Scripts/Services/Offense/Strategic/OffenseUrgentMitigationRuntime.cs,docs_final/content-db/code-consumers/combat-health-world/offense-urgent-site.csv
ProductionRecipeSO,models:economy,architecture-system:06,22,19,3,source:grass; source:logging; source:saltstone,content-loading; persistence; runtime,Assets/Scripts/Models/Economy/Content/EmptyResourceEconomyContentCatalog.cs; Assets/Scripts/Models/Economy/Content/ProductionAssemblyBridge.cs; Assets/Scripts/Models/Economy/Content/ProductionBillRuntime.cs; Assets/Scripts/Models/Economy/Content/ProductionBillSnapshotProjector.cs; Assets/Scripts/Models/Economy/Content/ProductionBillStateCodec.cs; Assets/Scripts/Models/Economy/Content/ProductionDistributionRuntime.cs; Assets/Scripts/Models/Economy/Content/ProductionMassExplanationAuthoring.cs; Assets/Scripts/Models/Economy/Content/ProductionOutputCostAllocationAuthoring.cs; Assets/Scripts/Models/Economy/Content/ProductionOutputExecutionService.cs; Assets/Scripts/Models/Economy/Content/ProductionOutputPlanningService.cs; Assets/Scripts/Models/Economy/Content/ProductionPreparedOutputExecutionPort.cs; Assets/Scripts/Models/Economy/Content/ProductionRecipeSemanticDigest.cs; Assets/Scripts/Models/Economy/Content/ProductionRuinedBatchExecutionPort.cs; Assets/Scripts/Models/Economy/Content/ResourceEconomyModels.cs; Assets/Scripts/Models/Economy/Content/V23CraftingContracts.cs; Assets/Scripts/Models/Economy/Content/WasteProcessingPorts.cs; Assets/Scripts/Models/Economy/Content/WasteProcessingRuntime.cs; Assets/Scripts/Models/Economy/Content/WorldResourceOutputContracts.cs; Assets/Scripts/Models/Economy/Content/WorldResourceRuntime.cs; Assets/Scripts/Models/Economy/Core/ProductionRuntimeContracts.cs,docs_final/content-db/code-consumers/production-facilities/production-recipe.csv
ProductionRecipeSO,services:combat,,2,2,0,,runtime,Assets/Scripts/Services/Combat/CharacterMedicalSupplyDestinationRuntimeDebugScenarios.cs; Assets/Scripts/Services/Combat/CharacterMedicalSupplyOutboxDebugScenarios.cs,docs_final/content-db/code-consumers/production-facilities/production-recipe.csv
ProductionRecipeSO,services:economy,architecture-system:06; architecture-system:07,25,25,0,,content-loading; runtime,Assets/Scripts/Services/Economy/Planning/ResourceStockPolicyRuntime.cs; Assets/Scripts/Services/Economy/ProductionAssemblyBridgeAdapter.cs; Assets/Scripts/Services/Economy/ProductionAuthoredThroughputEnvelopeAuthority.cs; Assets/Scripts/Services/Economy/ProductionAuthoredThroughputFacilityScopeAuthority.cs; Assets/Scripts/Services/Economy/ProductionConsumerDemandAdapters.cs; Assets/Scripts/Services/Economy/ProductionCycleUtilityService.cs; Assets/Scripts/Services/Economy/ProductionFacilityOutputCensus.cs; Assets/Scripts/Services/Economy/ProductionInputLogisticsService.cs; Assets/Scripts/Services/Economy/ProductionMaximumOutputFactorCatalog.cs; Assets/Scripts/Services/Economy/ProductionOutputBufferCapacityProjector.cs; Assets/Scripts/Services/Economy/ProductionOutputClearanceExecutableDescriptorRegistry.cs; Assets/Scripts/Services/Economy/ProductionOutputClearanceMeasurementScopeAuthority.cs; Assets/Scripts/Services/Economy/ProductionPassiveBatchOutputPortfolioAuthority.cs; Assets/Scripts/Services/Economy/ProductionPreparedOutputExecutionAdapter.cs; Assets/Scripts/Services/Economy/ProductionRecipeThroughputBranchAuthority.cs; Assets/Scripts/Services/Economy/ProductionRecipeWorkRateMaximumAuthority.cs; Assets/Scripts/Services/Economy/ProductionSpecialThroughputContributorRegistry.cs; Assets/Scripts/Services/Economy/ProductionWorkshopAbilities.cs; Assets/Scripts/Services/Economy/ResourceEconomyContentCatalog.cs; Assets/Scripts/Services/Economy/V23BalanceWorkCalculator.cs; Assets/Scripts/Services/Economy/V23EmbeddedWorkValueCalculator.cs; Assets/Scripts/Services/Economy/V27BalanceWorkCalculator.cs; Assets/Scripts/Services/Economy/V27EmbeddedWorkValueCalculator.cs; Assets/Scripts/Services/Economy/Waste/WasteProcessingPortAdapters.cs; Assets/Scripts/Services/Economy/WorldResourceOutputMaximumEnvelopeAuthority.cs,docs_final/content-db/code-consumers/production-facilities/production-recipe.csv
ProductionRecipeSO,services:infrastructure,,4,4,0,,content-loading; persistence; runtime,Assets/Scripts/Services/Infrastructure/Environment/EnvironmentalWorkwearProductionOutputHandler.cs; Assets/Scripts/Services/Infrastructure/Environment/EnvironmentalWorkwearProductionOutputRestoreCapabilityValidator.cs; Assets/Scripts/Services/Infrastructure/Environment/EnvironmentalWorkwearProductionOutputRestoreCapabilityValidatorDebugScenarios.cs; Assets/Scripts/Services/Infrastructure/ResearchRewardCatalogAdapter.cs,docs_final/content-db/code-consumers/production-facilities/production-recipe.csv
ProductionRecipeSO,views,,2,2,0,,player-observation,Assets/Scripts/Views/Buildings/UI/ProductionBuildingPanelPresenter.cs; Assets/Scripts/Views/UI/Core/ProductionRoutePanelPresenter.cs,docs_final/content-db/code-consumers/production-facilities/production-recipe.csv
ProficiencyDefinitionSO,services:character,,3,3,0,,content-loading; runtime,Assets/Scripts/Services/Character/CharacterNarrativeAggregate.cs; Assets/Scripts/Services/Character/CharacterNarrativeCatalog.cs; Assets/Scripts/Services/Character/CharacterNarrativeContracts.cs,docs_final/content-db/code-consumers/characters-traits/proficiency.csv
ProficiencyDefinitionSO,services:foundation,,9,0,9,proficiency:construction-engineering; proficiency:crafting; proficiency:fieldwork; proficiency:food-production; proficiency:medicine; proficiency:melee-combat; proficiency:ranged-combat; proficiency:scholarship; proficiency:social,runtime,Assets/Scripts/Services/Foundation/CharacterProficiencyPrimitives.cs,docs_final/content-db/code-consumers/characters-traits/proficiency.csv
ProficiencyDefinitionSO,views,,1,1,0,,player-observation,Assets/Scripts/Views/UI/CharacterSummaryShellPresenter.cs,docs_final/content-db/code-consumers/characters-traits/proficiency.csv
ReproductionProfileSO,models:species,,2,2,0,,content-loading; runtime,Assets/Scripts/Models/Species/Core/CharacterSpeciesCatalog.cs; Assets/Scripts/Models/Species/Core/CharacterSpeciesDefinitionSO.cs,docs_final/content-db/code-consumers/characters-traits/reproduction-profile.csv
ResearchProjectSO,models:coresession,,5,0,5,research:bath-business; research:hospitality-operations; research:medical-reception; research:service-automation; research:service-flow,runtime,Assets/Scripts/Models/CoreSession/ServiceSessionContracts.cs,docs_final/content-db/code-consumers/research-effects/research-project.csv
ResearchProjectSO,models:economy,,5,0,5,research:agriculture:subterranean; research:arcane:advanced; research:authority:office; research:defense:tactical-command; research:mining:deep,content-loading,Assets/Scripts/Models/Economy/Content/GrandProjectRuntime.cs,docs_final/content-db/code-consumers/research-effects/research-project.csv
ResearchProjectSO,services:combat,architecture-system:12,5,0,5,research:equipment:lineage-binding; research:equipment:precision-fitting; research:equipment:relic-appraisal; research:equipment:rune-module-tuning; research:equipment:weapon-patterns,runtime,Assets/Scripts/Services/Combat/CombatEquipmentCraftingRuntime.cs; Assets/Scripts/Services/Combat/EquipmentHistoryTransferRuntime.cs; Assets/Scripts/Services/Combat/EquipmentModuleRuntime.cs,docs_final/content-db/code-consumers/research-effects/research-project.csv
ResearchProjectSO,services:economy,,4,0,4,research:health:pathogen-observation; research:husbandry:capture; research:medical:mycelial-grafting; research:textile:tailoring,content-loading,Assets/Scripts/Services/Economy/ResourceEconomyContentCatalog.cs,docs_final/content-db/code-consumers/research-effects/research-project.csv
ResearchProjectSO,services:effects,,1,1,0,,persistence,Assets/Scripts/Services/Effects/Runtime/CharacterDerivedStatsSnapshot.cs,docs_final/content-db/code-consumers/research-effects/research-project.csv
ResearchProjectSO,services:infrastructure,architecture-system:15,13,10,3,research:mining:deep; research:mining:quarry; research:mining:stonecutting,content-loading; persistence; runtime,Assets/Scripts/Services/Infrastructure/BlueprintResearchContracts.cs; Assets/Scripts/Services/Infrastructure/BlueprintResearchProjectCoordinator.cs; Assets/Scripts/Services/Infrastructure/BlueprintResearchRuntime.cs; Assets/Scripts/Services/Infrastructure/BlueprintResearchRuntimeProvider.cs; Assets/Scripts/Services/Infrastructure/BlueprintResearchSaveSection.cs; Assets/Scripts/Services/Infrastructure/DungeonSpaceExpansionRuntime.cs; Assets/Scripts/Services/Infrastructure/ResearchCraftingSummaryService.cs; Assets/Scripts/Services/Infrastructure/ResearchFacilityCapacityAdapter.cs; Assets/Scripts/Services/Infrastructure/ResearchGraphLayoutService.cs; Assets/Scripts/Services/Infrastructure/ResearchProjectCatalogAdapter.cs; Assets/Scripts/Services/Infrastructure/ResearchRewardCatalogAdapter.cs,docs_final/content-db/code-consumers/research-effects/research-project.csv
ResearchProjectSO,services:invasion,,1,0,1,research:defense:alliance-signals,runtime,Assets/Scripts/Services/Invasion/InvasionDefenseKitSupplyRuntime.cs,docs_final/content-db/code-consumers/research-effects/research-project.csv
ResearchProjectSO,services:offense,,1,0,1,research:survival:field-rations,runtime,Assets/Scripts/Services/Offense/OffenseExpeditionAccessRules.cs,docs_final/content-db/code-consumers/research-effects/research-project.csv
ResearchProjectSO,services:run,,2,2,0,,persistence; runtime,Assets/Scripts/Services/Run/FirstRunObjectiveRuntime.cs; Assets/Scripts/Services/Run/V20MilestoneWorldSnapshotProjector.cs,docs_final/content-db/code-consumers/research-effects/research-project.csv
ResearchProjectSO,views,,2,2,0,,player-observation,Assets/Scripts/Views/UI/ResearchTreePresentationRules.cs; Assets/Scripts/Views/UI/ResearchTreeWindow.cs,docs_final/content-db/code-consumers/research-effects/research-project.csv
ResearchUnlockBundleDefinitionSO,models:coresession,,5,0,5,research:bath-business; research:hospitality-operations; research:medical-reception; research:service-automation; research:service-flow,runtime,Assets/Scripts/Models/CoreSession/ServiceSessionContracts.cs,docs_final/content-db/code-consumers/research-effects/research-unlock-bundle.csv
ResearchUnlockBundleDefinitionSO,models:economy,,5,0,5,research:agriculture:subterranean; research:arcane:advanced; research:authority:office; research:defense:tactical-command; research:mining:deep,content-loading,Assets/Scripts/Models/Economy/Content/GrandProjectRuntime.cs,docs_final/content-db/code-consumers/research-effects/research-unlock-bundle.csv
ResearchUnlockBundleDefinitionSO,services:combat,architecture-system:12,5,0,5,research:equipment:lineage-binding; research:equipment:precision-fitting; research:equipment:relic-appraisal; research:equipment:rune-module-tuning; research:equipment:weapon-patterns,runtime,Assets/Scripts/Services/Combat/CombatEquipmentCraftingRuntime.cs; Assets/Scripts/Services/Combat/EquipmentHistoryTransferRuntime.cs; Assets/Scripts/Services/Combat/EquipmentModuleRuntime.cs,docs_final/content-db/code-consumers/research-effects/research-unlock-bundle.csv
ResearchUnlockBundleDefinitionSO,services:economy,,4,0,4,research:health:pathogen-observation; research:husbandry:capture; research:medical:mycelial-grafting; research:textile:tailoring,content-loading,Assets/Scripts/Services/Economy/ResourceEconomyContentCatalog.cs,docs_final/content-db/code-consumers/research-effects/research-unlock-bundle.csv
ResearchUnlockBundleDefinitionSO,services:infrastructure,,3,0,3,research:mining:deep; research:mining:quarry; research:mining:stonecutting,runtime,Assets/Scripts/Services/Infrastructure/DungeonSpaceExpansionRuntime.cs,docs_final/content-db/code-consumers/research-effects/research-unlock-bundle.csv
ResearchUnlockBundleDefinitionSO,services:invasion,,1,0,1,research:defense:alliance-signals,runtime,Assets/Scripts/Services/Invasion/InvasionDefenseKitSupplyRuntime.cs,docs_final/content-db/code-consumers/research-effects/research-unlock-bundle.csv
ResearchUnlockBundleDefinitionSO,services:offense,,1,0,1,research:survival:field-rations,runtime,Assets/Scripts/Services/Offense/OffenseExpeditionAccessRules.cs,docs_final/content-db/code-consumers/research-effects/research-unlock-bundle.csv
ResourceItemDefinitionSO,models:captivity,,4,0,4,supply:performance-prop-box; tool:banquet-cart; tool:prisoner-work-kit; tool:reinforced-restraint,runtime,Assets/Scripts/Models/Captivity/Core/CaptivityItemDefinitions.cs; Assets/Scripts/Models/Captivity/Core/CircusModels.cs,docs_final/content-db/code-consumers/items/resource-item.csv
ResourceItemDefinitionSO,models:combat,,11,0,11,ammo:armor-piercing-cartridge; ammo:blacksteel-bolt; ammo:incendiary-arrow; ammo:incendiary-bolt; ammo:mana-disruptor-bolt; ammo:rune-cartridge; ammo:scatter-cartridge; ammo:signal-flare; ammo:smoke-cartridge; ammo:tranquilizer-dart; item:lineage-seal,runtime,Assets/Scripts/Models/Combat/Core/CombatWeaponPrimitives.cs; Assets/Scripts/Models/Combat/Core/EquipmentProgressionModels.cs,docs_final/content-db/code-consumers/items/resource-item.csv
ResourceItemDefinitionSO,models:coresession,,1,0,1,resource:trail-charm,runtime,Assets/Scripts/Models/CoreSession/ExternalInfluenceContracts.cs,docs_final/content-db/code-consumers/items/resource-item.csv
ResourceItemDefinitionSO,models:economy,architecture-system:06,33,9,24,ammo:arrow-steel; ammo:bolt-steel; ammo:paper-cartridge; component:machine-parts; component:precision-parts; component:stock-sensor-panel; food:preserved-ration; material:alchemical-solvent; material:black-powder; material:blacksteel-ingot; material:cloth; material:compost; material:gold-ingot; material:iron-ingot; material:lead-ingot; material:lead-shot; material:lumber; material:paper; material:steel-ingot; material:stone-block; material:treated-lumber; medicine:standard; resource:clean-water; resource:mana-crystal,content-loading; persistence; runtime,Assets/Scripts/Models/Economy/Content/EmptyResourceEconomyContentCatalog.cs; Assets/Scripts/Models/Economy/Content/GrandProjectRuntime.cs; Assets/Scripts/Models/Economy/Content/ItemDefinitionCatalogSO.cs; Assets/Scripts/Models/Economy/Content/ItemDefinitionSO.cs; Assets/Scripts/Models/Economy/Content/MaterialEconomicProfileSO.cs; Assets/Scripts/Models/Economy/Content/ProductionBillRuntime.cs; Assets/Scripts/Models/Economy/Content/ProductionOutputPlanningService.cs; Assets/Scripts/Models/Economy/Content/ResourceEconomyModels.cs; Assets/Scripts/Models/Economy/Content/ResourceItemSemanticDigest.cs; Assets/Scripts/Models/Economy/Content/ResourceStockPolicySaveValidation.cs; Assets/Scripts/Models/Economy/Core/CharacterConsumableModels.cs,docs_final/content-db/code-consumers/items/resource-item.csv
ResourceItemDefinitionSO,models:items,architecture-system:05,50,0,50,book:seasonal-almanac; component:material-test-coupon; component:reclaimed-water-filter; drug:dreamleaf-analgesic; food:preserved-ration; material:low-fuel; material:lumber; medical:cross-lineage-medium; medical:fertility-treatment; medical:isolation-care-kit; medical:organ-preservation-canister; medical:regenerative-medium; medical:sterile-bandage; medical:trait-analysis-kit; medical:trauma-care-kit; medicine:advanced; medicine:antidote; medicine:antiseptic; medicine:herbal-poultice; medicine:mycelial-culture-pack; medicine:standard; medicine:vaccine:blood-wasting; medicine:vaccine:cave-flu; medicine:vaccine:gut-rot; medicine:vaccine:mana-pox; medicine:vaccine:red-fever; medicine:vaccine:slime-blight; medicine:vaccine:spore-lung; record:arcane-index; record:breeding-ledger; record:career-ledger; resource:clean-water; resource:mana-crystal; supply:alliance-signal-kit; supply:certified-seed-kit; supply:defense-mixed-ammo-box; supply:funeral-preparation-kit; supply:fungicide; supply:performance-prop-box; supply:pest-lure; tool:administrative-seal; tool:banquet-cart; tool:field-repair-kit; tool:hauling-harness; tool:inspection-gauge; tool:prisoner-work-kit; tool:reinforced-restraint; tool:rune-identification-lens; tool:watch-signal-horn; tool:weather-observation-kit,content-loading; runtime,Assets/Scripts/Models/Items/Core/ItemPrimitives.cs; Assets/Scripts/Models/Items/Core/PhysicalItemRuntimeConsumerCatalog.cs,docs_final/content-db/code-consumers/items/resource-item.csv
ResourceItemDefinitionSO,models:medical,,3,0,2,medicine:anesthetic; medicine:mycelial-culture-pack,runtime,Assets/Scripts/Models/Medical/Core/BuildingSurgeryAbilities.cs; Assets/Scripts/Models/Medical/Core/SurgeryItemDefinitions.cs,docs_final/content-db/code-consumers/items/resource-item.csv
ResourceItemDefinitionSO,models:survival,,1,0,1,resource:mana-crystal,runtime,Assets/Scripts/Models/Survival/Core/SurvivalBuildingAbilities.cs,docs_final/content-db/code-consumers/items/resource-item.csv
ResourceItemDefinitionSO,models:wildlife,,3,0,3,resource:fang; resource:hide; resource:rune-dust,runtime,Assets/Scripts/Models/Wildlife/Core/WildlifeSpeciesDefinition.cs,docs_final/content-db/code-consumers/items/resource-item.csv
ResourceItemDefinitionSO,services:captivity,architecture-system:16,3,3,0,,runtime,Assets/Scripts/Services/Captivity/CaptivityCareLaborInputOwnerRuntime.cs; Assets/Scripts/Services/Captivity/WildlifeCaptureRuntime.cs; Assets/Scripts/Services/Captivity/WildlifeCareInputOwnerRuntime.cs,docs_final/content-db/code-consumers/items/resource-item.csv
ResourceItemDefinitionSO,services:character,,27,1,25,apparel:lower-underwear; apparel:undershirt; component:golem-core-case; component:reclaimed-water-filter; component:rune-conductor; craft:candle; craft:resin-balm; drug:dreamleaf-analgesic; food:preserved-ration; material:cloth; material:lumber; material:mending-scrap; material:sewing-thread; medical:cross-lineage-medium; medical:fertility-treatment; medical:isolation-care-kit; medical:trait-analysis-kit; medical:trauma-care-kit; medicine:antidote; resource:clean-water; resource:mana-crystal; supply:funeral-preparation-kit; supply:fungicide; supply:pest-lure; tool:sewing-kit,runtime,Assets/Scripts/Services/Character/CharacterNarrativeRuntime.cs; Assets/Scripts/Services/Character/Core/PreparedStartPartyGameplayApplier.cs; Assets/Scripts/Services/Character/DiseaseFieldResponseRuntime.cs; Assets/Scripts/Services/Character/FuneralFestivalRuntime.cs; Assets/Scripts/Services/Character/PhysicalAgeTreatmentRuntime.cs; Assets/Scripts/Services/Character/PhysicalVaccinationRuntime.cs; Assets/Scripts/Services/Character/ReproductionCommandRuntime.cs,docs_final/content-db/code-consumers/items/resource-item.csv
ResourceItemDefinitionSO,services:combat,architecture-system:12,8,2,5,component:material-test-coupon; material:iron-ingot; material:lumber; resource:dark-resin; resource:feather,content-loading; runtime,Assets/Scripts/Services/Combat/CharacterMedicalSupplyDestinationRuntimeDebugScenarios.cs; Assets/Scripts/Services/Combat/CharacterMedicalSupplyOutboxDebugScenarios.cs; Assets/Scripts/Services/Combat/CombatCraftDefinitionCatalog.cs; Assets/Scripts/Services/Combat/EquipmentEvolutionRuntime.cs; Assets/Scripts/Services/Combat/EquipmentModuleInputOwnerRuntime.cs; Assets/Scripts/Services/Combat/EquipmentModuleRuntime.cs,docs_final/content-db/code-consumers/items/resource-item.csv
ResourceItemDefinitionSO,services:defense,,2,0,2,material:iron-ingot; supply:defense-mixed-ammo-box,runtime,Assets/Scripts/Services/Defense/DefenseFacilityInputOwnerContracts.cs; Assets/Scripts/Services/Defense/DefenseFacilityPhysicalTransactionOutbox.cs,docs_final/content-db/code-consumers/items/resource-item.csv
ResourceItemDefinitionSO,services:economy,architecture-system:11,37,18,14,feed:dog-food; feed:hay; food:grain-porridge; material:compost; material:mending-scrap; material:sewing-thread; medicine:mycelial-culture-pack; offense:unappraised-loot; resource:clean-water; resource:log; resource:manure; resource:rune-dust; supply:certified-seed-kit; tool:sewing-kit,content-loading; persistence; runtime,Assets/Scripts/Services/Economy/CertifiedSeedSpecialThroughputContributor.cs; Assets/Scripts/Services/Economy/CombatAmmunitionPreparedOutputMaterializer.cs; Assets/Scripts/Services/Economy/CropCycleInputRequirementAuthority.cs; Assets/Scripts/Services/Economy/CropPlotRuntime.cs; Assets/Scripts/Services/Economy/Husbandry/AnimalHusbandryRuntime.cs; Assets/Scripts/Services/Economy/Husbandry/AnimalHusbandrySaveSection.cs; Assets/Scripts/Services/Economy/PerishableFoodPreparedOutputMaterializer.cs; Assets/Scripts/Services/Economy/Planning/RegionalSupplyContractApplicationAdapter.cs; Assets/Scripts/Services/Economy/Planning/ResourceEconomyForecastService.cs; Assets/Scripts/Services/Economy/Planning/ResourceStockPolicyRuntime.cs; Assets/Scripts/Services/Economy/Planning/ResourceStockPolicySaveSection.cs; Assets/Scripts/Services/Economy/Planning/WildlifeFeedSelectionRules.cs; Assets/Scripts/Services/Economy/ProductionInputLogisticsService.cs; Assets/Scripts/Services/Economy/ProductionMaximumOutputFactorCatalog.cs; Assets/Scripts/Services/Economy/ProductionPassiveBatchOutputPortfolioAuthority.cs; Assets/Scripts/Services/Economy/ProductionPreparedOutputComponentCodec.cs; Assets/Scripts/Services/Economy/ProductionPreparedOutputExecutionAdapter.cs; Assets/Scripts/Services/Economy/ProductionWorkshopAbilities.cs; Assets/Scripts/Services/Economy/ResourceEconomyContentCatalog.cs; Assets/Scripts/Services/Economy/StandardDefinitionProductionOutputHandler.cs; Assets/Scripts/Services/Economy/SurvivalContinuityCatalogQuery.cs; Assets/Scripts/Services/Economy/V23EmbeddedWorkValueCalculator.cs; Assets/Scripts/Services/Economy/V27EmbeddedWorkValueCalculator.cs,docs_final/content-db/code-consumers/items/resource-item.csv
ResourceItemDefinitionSO,services:facilityevolution,architecture-system:19,1,0,1,resource:dark-resin,runtime,Assets/Scripts/Services/FacilityEvolution/FacilityInstanceEvolutionRuntime.cs,docs_final/content-db/code-consumers/items/resource-item.csv
ResourceItemDefinitionSO,services:infrastructure,architecture-system:07,13,2,7,food:preserved-ration; material:low-fuel; material:lumber; material:mending-scrap; material:sewing-thread; medicine:standard; resource:clean-water,content-loading; persistence; runtime,Assets/Scripts/Services/Infrastructure/Environment/ApparelWorkOrderRuntime.cs; Assets/Scripts/Services/Infrastructure/Environment/EnvironmentalWorkwearProductionOutputRestoreCapabilityValidatorDebugScenarios.cs; Assets/Scripts/Services/Infrastructure/Exterior/ExteriorIncidentHandlers.cs; Assets/Scripts/Services/Infrastructure/Industrial/FluidFacilityInputOwnerAuthority.cs; Assets/Scripts/Services/Infrastructure/Industrial/FluidNetworkRuntime.cs; Assets/Scripts/Services/Infrastructure/Industrial/IndustrialInfrastructureBuildingAbilities.cs; Assets/Scripts/Services/Infrastructure/Industrial/IndustrialInfrastructureSaveValidation.cs; Assets/Scripts/Services/Infrastructure/Industrial/IndustrialInfrastructureStressProbe.cs; Assets/Scripts/Services/Infrastructure/Industrial/ProcessFluidUseRuntime.cs; Assets/Scripts/Services/Infrastructure/ResearchRewardCatalogAdapter.cs,docs_final/content-db/code-consumers/items/resource-item.csv
ResourceItemDefinitionSO,services:invasion,,1,0,1,supply:alliance-signal-kit,runtime,Assets/Scripts/Services/Invasion/InvasionDefenseKitSupplyRuntime.cs,docs_final/content-db/code-consumers/items/resource-item.csv
ResourceItemDefinitionSO,services:items,architecture-system:05,14,1,8,food:grain-porridge; item:equipment-module; material:lumber; resource:shade-fiber; resource:wool; waste:animal-rot; waste:forbidden-rot; waste:plant-rot,content-loading; runtime,Assets/Scripts/Services/Items/Diagnostics/ExactWarehouseHaulAdmissionJoinDebugScenarios.cs; Assets/Scripts/Services/Items/Diagnostics/PreparedOutputBufferAggregationGuardDebugScenarios.cs; Assets/Scripts/Services/Items/Diagnostics/PreparedOutputCustodyCarryBoundaryDebugScenarios.cs; Assets/Scripts/Services/Items/Diagnostics/PreparedOutputCustodyMutationGuardDebugScenarios.cs; Assets/Scripts/Services/Items/Diagnostics/PreparedOutputHaulPlannerGateDebugScenarios.cs; Assets/Scripts/Services/Items/DungeonItemCatalog.cs; Assets/Scripts/Services/Items/ItemPileInfoPanel.cs; Assets/Scripts/Services/Items/TextileBatchCompactionService.cs; Assets/Scripts/Services/Items/WorldItemStackRuntime.cs,docs_final/content-db/code-consumers/items/resource-item.csv
ResourceItemDefinitionSO,services:medical,architecture-system:09,3,0,3,medical:organ-preservation-canister; resource:clean-water; resource:mana-crystal,runtime,Assets/Scripts/Services/Medical/SurgeryOrderPlanningService.cs; Assets/Scripts/Services/Medical/SurgicalPartRuntime.cs,docs_final/content-db/code-consumers/items/resource-item.csv
ResourceItemDefinitionSO,services:offense,,7,0,7,ammo:tranquilizer-dart; food:preserved-ration; medicine:standard; offense:appraised-valuables; offense:unappraised-loot; resource:mana-crystal; tool:field-repair-kit,runtime,Assets/Scripts/Services/Offense/OffenseBattleModel.cs; Assets/Scripts/Services/Offense/OffenseJourneyModel.cs; Assets/Scripts/Services/Offense/OffenseRewardSystem.cs,docs_final/content-db/code-consumers/items/resource-item.csv
ResourceItemDefinitionSO,services:survival,,8,2,5,resource:clean-water; waste:animal-rot; waste:forbidden-rot; waste:mixed-rot; waste:plant-rot,runtime,Assets/Scripts/Services/Survival/CharacterConsumablesApplicationAdapters.cs; Assets/Scripts/Services/Survival/CharacterPrimitiveSurvivalRunner.cs; Assets/Scripts/Services/Survival/SurvivalFoodRuntime.cs; Assets/Scripts/Services/Survival/SurvivalFoodSpoilageRuntime.cs,docs_final/content-db/code-consumers/items/resource-item.csv
ResourceItemDefinitionSO,services:wildlife,,6,0,6,resource:egg; resource:feather; resource:horn; resource:meat; resource:milk; resource:wool,runtime,Assets/Scripts/Services/Wildlife/WildlifeModels.cs,docs_final/content-db/code-consumers/items/resource-item.csv
ResourceItemDefinitionSO,views,,4,3,1,resource:mana-crystal,player-observation,Assets/Scripts/Views/Buildings/UI/CropPlotBuildingPanelPresenter.cs; Assets/Scripts/Views/Buildings/UI/InstanceEquipmentEvolutionSection.cs; Assets/Scripts/Views/Buildings/UI/ProductionBuildingPanelPresenter.cs; Assets/Scripts/Views/UI/WarehouseFeatureSurfacePresenter.cs,docs_final/content-db/code-consumers/items/resource-item.csv
SaleItem,services:buildings,,2,2,0,,runtime,Assets/Scripts/Services/Buildings/SO/StockInfo.cs; Assets/Scripts/Services/Buildings/Shop.cs,docs_final/content-db/code-consumers/items/sale-item.csv
SaleItem,services:character,architecture-system:04,2,2,0,,runtime,Assets/Scripts/Services/Character/Ability/AbilityShopping.cs; Assets/Scripts/Services/Character/Work/WorkTaskExecutor.cs,docs_final/content-db/code-consumers/items/sale-item.csv
SaleItem,services:infrastructure,,2,2,0,,content-loading; runtime,Assets/Scripts/Services/Infrastructure/ShopInventoryRuntimeAdapter.cs; Assets/Scripts/Services/Infrastructure/ShopStockCatalogService.cs,docs_final/content-db/code-consumers/items/sale-item.csv
SeasonalWorldEventDefinitionSO,services:run,architecture-system:16,2,2,0,,runtime,Assets/Scripts/Services/Run/V20CampaignRuntime.cs; Assets/Scripts/Services/Run/V20ContentResolutionService.cs,docs_final/content-db/code-consumers/events-campaign/seasonal-world-event.csv
ServiceIncidentDefinitionSO,services:run,architecture-system:16,5,3,2,service-incident:culturalinsult; service-incident:forbiddenmeal,runtime,Assets/Scripts/Services/Run/V20CampaignApplicationAdapter.cs; Assets/Scripts/Services/Run/V20CampaignRuntime.cs; Assets/Scripts/Services/Run/V20ContentResolutionService.cs,docs_final/content-db/code-consumers/events-campaign/service-incident.csv
ServiceProcessSO,models:rooms,,1,1,0,,content-loading,Assets/Scripts/Models/Rooms/Core/ServiceProcessCatalog.cs,docs_final/content-db/code-consumers/production-facilities/service-process.csv
ServiceProcessSO,services:items,,1,1,0,,content-loading,Assets/Scripts/Services/Items/GameContentCatalog.cs,docs_final/content-db/code-consumers/production-facilities/service-process.csv
ServiceProcessSO,services:servicerooms,,2,2,0,,persistence; runtime,Assets/Scripts/Services/ServiceRooms/ServiceRoomsSaveSection.cs; Assets/Scripts/Services/ServiceRooms/ServiceSessionRuntime.cs,docs_final/content-db/code-consumers/production-facilities/service-process.csv
SpeciesCultureDefinitionSO,services:character,,4,4,0,,content-loading; runtime,Assets/Scripts/Services/Character/CharacterCultureGameplayRuntime.cs; Assets/Scripts/Services/Character/CharacterNarrativeCatalog.cs; Assets/Scripts/Services/Character/CharacterNarrativeContracts.cs; Assets/Scripts/Services/Character/CharacterNarrativeRuntime.cs,docs_final/content-db/code-consumers/characters-traits/species-culture.csv
SpeciesCultureDefinitionSO,services:offense,,1,1,0,,runtime,Assets/Scripts/Services/Offense/EnemyIndividualRuntime.cs,docs_final/content-db/code-consumers/characters-traits/species-culture.csv
SpeciesCultureDefinitionSO,services:survival,,1,1,0,,runtime,Assets/Scripts/Services/Survival/CharacterConsumablesApplicationAdapters.cs,docs_final/content-db/code-consumers/characters-traits/species-culture.csv
SpeciesLifeHistorySO,models:species,,2,2,0,,content-loading; runtime,Assets/Scripts/Models/Species/Core/CharacterSpeciesCatalog.cs; Assets/Scripts/Models/Species/Core/CharacterSpeciesDefinitionSO.cs,docs_final/content-db/code-consumers/characters-traits/species-life-history.csv
StockInfo,services:infrastructure,,2,2,0,,content-loading; runtime,Assets/Scripts/Services/Infrastructure/ShopInventoryRuntimeAdapter.cs; Assets/Scripts/Services/Infrastructure/ShopStockCatalogService.cs,docs_final/content-db/code-consumers/items/stock-info.csv
SurgicalProcedureSO,models:medical,,1,1,0,,runtime,Assets/Scripts/Models/Medical/Core/SurgeryContracts.cs,docs_final/content-db/code-consumers/combat-health-world/surgical-procedure.csv
SurgicalProcedureSO,services:character,,5,0,5,procedure:blood-rejuvenation; procedure:organ-regeneration; procedure:rune-hibernation; procedure:temporal-stasis; procedure:whole-body-regeneration,runtime,Assets/Scripts/Services/Character/AgeTreatmentCommandRuntime.cs,docs_final/content-db/code-consumers/combat-health-world/surgical-procedure.csv
SurgicalProcedureSO,services:economy,,1,1,0,,content-loading,Assets/Scripts/Services/Economy/ResourceEconomyContentCatalog.cs,docs_final/content-db/code-consumers/combat-health-world/surgical-procedure.csv
SurgicalProcedureSO,services:infrastructure,,1,1,0,,content-loading,Assets/Scripts/Services/Infrastructure/ResearchRewardCatalogAdapter.cs,docs_final/content-db/code-consumers/combat-health-world/surgical-procedure.csv
SurgicalProcedureSO,services:medical,architecture-system:09,14,9,4,procedure:amputation; procedure:emergency-suture; procedure:foreign-body-removal; procedure:golem-power-core,content-loading; persistence; runtime,Assets/Scripts/Services/Medical/SurgeryEnvironmentRuntime.cs; Assets/Scripts/Services/Medical/SurgeryOrderPlanningService.cs; Assets/Scripts/Services/Medical/SurgeryRestoreCoordinator.cs; Assets/Scripts/Services/Medical/SurgeryRiskEvaluator.cs; Assets/Scripts/Services/Medical/SurgeryRuntime.cs; Assets/Scripts/Services/Medical/SurgeryRuntimeContracts.cs; Assets/Scripts/Services/Medical/SurgeryWorkExecutionHandler.cs; Assets/Scripts/Services/Medical/SurgicalFacilityQuery.cs; Assets/Scripts/Services/Medical/SurgicalProcedureCatalog.cs; Assets/Scripts/Services/Medical/SurgicalProcedureEffectHandlers.cs,docs_final/content-db/code-consumers/combat-health-world/surgical-procedure.csv
SurgicalProcedureSO,views,,2,2,0,,player-observation,Assets/Scripts/Views/Buildings/UI/SurgeryBuildingPanelPresenter.cs; Assets/Scripts/Views/UI/CharacterSurgeryWindow.cs,docs_final/content-db/code-consumers/combat-health-world/surgical-procedure.csv
TextileMaterialDefinitionSO,models:economy,,1,1,0,,content-loading,Assets/Scripts/Models/Economy/Content/ApparelDefinitionSO.cs,docs_final/content-db/code-consumers/production-facilities/textile-material.csv
TextileMaterialDefinitionSO,services:economy,,5,5,0,,content-loading; runtime,Assets/Scripts/Services/Economy/ApparelFacilityOutputCapacityContributor.cs; Assets/Scripts/Services/Economy/ApparelSpecialThroughputContributor.cs; Assets/Scripts/Services/Economy/ResourceEconomyContentCatalog.cs; Assets/Scripts/Services/Economy/V23BalanceWorkCalculator.cs; Assets/Scripts/Services/Economy/V27BalanceWorkCalculator.cs,docs_final/content-db/code-consumers/production-facilities/textile-material.csv
TextileMaterialDefinitionSO,services:infrastructure,,6,6,0,,persistence; runtime,Assets/Scripts/Services/Infrastructure/Environment/ApparelAvailabilityIndex.cs; Assets/Scripts/Services/Infrastructure/Environment/ApparelItemStateCodec.cs; Assets/Scripts/Services/Infrastructure/Environment/ApparelWorkOrderRuntime.cs; Assets/Scripts/Services/Infrastructure/Environment/EnvironmentalWorkwearProductionOutputHandler.cs; Assets/Scripts/Services/Infrastructure/Environment/EnvironmentalWorkwearProductionOutputRestoreCapabilityValidator.cs; Assets/Scripts/Services/Infrastructure/Environment/EnvironmentalWorkwearProductionOutputRestoreCapabilityValidatorDebugScenarios.cs,docs_final/content-db/code-consumers/production-facilities/textile-material.csv
WeatherFrontDefinitionSO,models:coresession,,1,0,1,weather:clear,runtime,Assets/Scripts/Models/CoreSession/ClimateDomain.cs,docs_final/content-db/code-consumers/events-campaign/weather-front.csv
WeatherFrontDefinitionSO,services:infrastructure,architecture-system:10,1,1,0,,runtime,Assets/Scripts/Services/Infrastructure/Environment/ClimateRuntime.cs,docs_final/content-db/code-consumers/events-campaign/weather-front.csv
WeatherFrontDefinitionSO,services:survival,,6,0,6,weather:clear; weather:cold-snap; weather:fog; weather:heatwave; weather:rain; weather:storm,runtime,Assets/Scripts/Services/Survival/SurvivalFoodRuntime.cs,docs_final/content-db/code-consumers/events-campaign/weather-front.csv
WeatherFrontDefinitionSO,views,,6,0,6,weather:clear; weather:cold-snap; weather:fog; weather:heatwave; weather:rain; weather:storm,player-observation,Assets/Scripts/Views/UI/UIManager.cs,docs_final/content-db/code-consumers/events-campaign/weather-front.csv
WildlifeSpeciesSO,services:economy,,1,0,1,cave_rat,persistence,Assets/Scripts/Services/Economy/Husbandry/AnimalHusbandrySaveSection.cs,docs_final/content-db/code-consumers/combat-health-world/wildlife-species.csv
WildlifeSpeciesSO,services:infrastructure,,1,0,1,shadow_wolf,runtime,Assets/Scripts/Services/Infrastructure/Exterior/ExteriorIncidentHandlers.cs,docs_final/content-db/code-consumers/combat-health-world/wildlife-species.csv
WildlifeSpeciesSO,services:medical,architecture-system:09,8,0,5,cave_rat; moss_boar; rune_deer; shadow_hare; shadow_wolf,content-loading; runtime,Assets/Scripts/Services/Medical/AnatomyProfileCatalog.cs; Assets/Scripts/Services/Medical/SurgicalPartRuntime.cs,docs_final/content-db/code-consumers/combat-health-world/wildlife-species.csv
WildlifeSpeciesSO,services:offense,architecture-system:14,1,0,1,rune_deer,runtime,Assets/Scripts/Services/Offense/OffenseReturnArrivalRuntime.cs,docs_final/content-db/code-consumers/combat-health-world/wildlife-species.csv
WildlifeSpeciesSO,services:run,architecture-system:16,1,1,0,,runtime,Assets/Scripts/Services/Run/V20CampaignRuntime.cs,docs_final/content-db/code-consumers/combat-health-world/wildlife-species.csv
WildlifeSpeciesSO,services:wildlife,architecture-system:11,7,1,5,cave_rat; moss_boar; rune_deer; shadow_hare; shadow_wolf,runtime,Assets/Scripts/Services/Wildlife/WildlifeBehaviorRuntime.cs; Assets/Scripts/Services/Wildlife/WildlifeModels.cs,docs_final/content-db/code-consumers/combat-health-world/wildlife-species.csv
