record_key,stable_id,field_path,raw_value,enum_type,enum_label,value_origin
CharacterSO|character-archetype:0,character-archetype:0,m_Name,TestCharacter,,,explicit-serialized
CharacterSO|character-archetype:0,character-archetype:0,characterType,0,CharacterType,N P C,explicit-serialized
CharacterSO|character-archetype:0,character-archetype:0,role,0,CharacterRole,Regular,explicit-serialized
CharacterSO|character-archetype:0,character-archetype:0,id,0,,,explicit-serialized
CharacterSO|character-archetype:0,character-archetype:0,characterName,테스트 캐릭터,,,explicit-serialized
CharacterSO|character-archetype:0,character-archetype:0,speciesTag,Orc,,,explicit-serialized
CharacterSO|character-archetype:0,character-archetype:0,species.fileID,11400000,,,explicit-serialized
CharacterSO|character-archetype:0,character-archetype:0,species.guid,c7f6b6a35919a8091a84822b06288975,,,explicit-serialized
CharacterSO|character-archetype:0,character-archetype:0,species.type,2,,,explicit-serialized
CharacterSO|character-archetype:0,character-archetype:0,baseStats.entries.0.statId,stat:attack,,,explicit-serialized
CharacterSO|character-archetype:0,character-archetype:0,baseStats.entries.0.value,5,,,explicit-serialized
CharacterSO|character-archetype:0,character-archetype:0,baseStats.entries.1.statId,stat:sales,,,explicit-serialized
CharacterSO|character-archetype:0,character-archetype:0,baseStats.entries.1.value,5,,,explicit-serialized
CharacterSO|character-archetype:0,character-archetype:0,baseStats.entries.2.statId,stat:research,,,explicit-serialized
CharacterSO|character-archetype:0,character-archetype:0,baseStats.entries.2.value,5,,,explicit-serialized
CharacterSO|character-archetype:0,character-archetype:0,baseStats.entries.3.statId,stat:move-speed,,,explicit-serialized
CharacterSO|character-archetype:0,character-archetype:0,baseStats.entries.3.value,5,,,explicit-serialized
CharacterSO|character-archetype:0,character-archetype:0,baseStats.entries.4.statId,stat:strength,,,explicit-serialized
CharacterSO|character-archetype:0,character-archetype:0,baseStats.entries.4.value,5,,,explicit-serialized
CharacterSO|character-archetype:0,character-archetype:0,baseStats.entries.5.statId,stat:toughness,,,explicit-serialized
CharacterSO|character-archetype:0,character-archetype:0,baseStats.entries.5.value,5,,,explicit-serialized
CharacterSO|character-archetype:0,character-archetype:0,baseStats.entries.6.statId,stat:dexterity,,,explicit-serialized
CharacterSO|character-archetype:0,character-archetype:0,baseStats.entries.6.value,5,,,explicit-serialized
CharacterSO|character-archetype:0,character-archetype:0,baseStats.entries.7.statId,stat:cleaning,,,explicit-serialized
CharacterSO|character-archetype:0,character-archetype:0,baseStats.entries.7.value,5,,,explicit-serialized
CharacterSO|character-archetype:0,character-archetype:0,baseStats.entries.8.statId,stat:endurance,,,explicit-serialized
CharacterSO|character-archetype:0,character-archetype:0,baseStats.entries.8.value,5,,,explicit-serialized
CharacterSO|character-archetype:0,character-archetype:0,traits.0.fileID,11400000,,,explicit-serialized
CharacterSO|character-archetype:0,character-archetype:0,traits.0.guid,95fa850a1a682706faa160ba49bb26cf,,,explicit-serialized
CharacterSO|character-archetype:0,character-archetype:0,traits.0.type,2,,,explicit-serialized
CharacterSO|character-archetype:0,character-archetype:0,defaultWorkPriorities.schemaVersion,1,,,explicit-serialized
CharacterSO|character-archetype:0,character-archetype:0,defaultWorkPriorities.priorities.0.workTypeId,work:operate,,,explicit-serialized
CharacterSO|character-archetype:0,character-archetype:0,defaultWorkPriorities.priorities.0.priority,1,,,explicit-serialized
CharacterSO|character-archetype:0,character-archetype:0,defaultWorkPriorities.priorities.1.workTypeId,work:restock,,,explicit-serialized
CharacterSO|character-archetype:0,character-archetype:0,defaultWorkPriorities.priorities.1.priority,2,,,explicit-serialized
CharacterSO|character-archetype:0,character-archetype:0,defaultWorkPriorities.priorities.2.workTypeId,work:repair,,,explicit-serialized
CharacterSO|character-archetype:0,character-archetype:0,defaultWorkPriorities.priorities.2.priority,2,,,explicit-serialized
CharacterSO|character-archetype:0,character-archetype:0,defaultWorkPriorities.priorities.3.workTypeId,work:clean,,,explicit-serialized
CharacterSO|character-archetype:0,character-archetype:0,defaultWorkPriorities.priorities.3.priority,3,,,explicit-serialized
CharacterSO|character-archetype:0,character-archetype:0,defaultWorkPriorities.priorities.4.workTypeId,work:research,,,explicit-serialized
CharacterSO|character-archetype:0,character-archetype:0,defaultWorkPriorities.priorities.4.priority,2,,,explicit-serialized
CharacterSO|character-archetype:0,character-archetype:0,defaultWorkPriorities.priorities.5.workTypeId,work:guard,,,explicit-serialized
CharacterSO|character-archetype:0,character-archetype:0,defaultWorkPriorities.priorities.5.priority,3,,,explicit-serialized
CharacterSO|character-archetype:0,character-archetype:0,defaultWorkPriorities.priorities.6.workTypeId,work:rescue,,,explicit-serialized
CharacterSO|character-archetype:0,character-archetype:0,defaultWorkPriorities.priorities.6.priority,2,,,explicit-serialized
CharacterSO|character-archetype:0,character-archetype:0,defaultWorkPriorities.priorities.7.workTypeId,work:rest,,,explicit-serialized
CharacterSO|character-archetype:0,character-archetype:0,defaultWorkPriorities.priorities.7.priority,3,,,explicit-serialized
CharacterSO|character-archetype:0,character-archetype:0,defaultWorkPriorities.legacyOperate,1,,,explicit-serialized
CharacterSO|character-archetype:0,character-archetype:0,defaultWorkPriorities.legacyRestock,2,,,explicit-serialized
CharacterSO|character-archetype:0,character-archetype:0,defaultWorkPriorities.legacyRepair,2,,,explicit-serialized
CharacterSO|character-archetype:0,character-archetype:0,defaultWorkPriorities.legacyClean,3,,,explicit-serialized
CharacterSO|character-archetype:0,character-archetype:0,defaultWorkPriorities.legacyResearch,2,,,explicit-serialized
CharacterSO|character-archetype:0,character-archetype:0,defaultWorkPriorities.legacyGuard,3,,,explicit-serialized
CharacterSO|character-archetype:0,character-archetype:0,defaultWorkPriorities.legacyRescue,2,,,explicit-serialized
CharacterSO|character-archetype:0,character-archetype:0,defaultWorkPriorities.legacyRest,3,,,explicit-serialized
CharacterSO|character-archetype:0,character-archetype:0,aiPersonality.diligence,1,,,explicit-serialized
CharacterSO|character-archetype:0,character-archetype:0,aiPersonality.curiosity,1,,,explicit-serialized
CharacterSO|character-archetype:0,character-archetype:0,aiPersonality.selfCare,1,,,explicit-serialized
CharacterSO|character-archetype:0,character-archetype:0,aiPersonality.patience,1,,,explicit-serialized
CharacterSO|character-archetype:0,character-archetype:0,aiPersonality.shoppingInterest,1,,,explicit-serialized
CharacterSO|character-archetype:0,character-archetype:0,ownerSummary,,,,explicit-serialized
CharacterSO|character-archetype:0,character-archetype:0,ownerPreferredWorkTypes,0,FacilityWorkType,None,explicit-serialized
CharacterSO|character-archetype:0,character-archetype:0,characterSprite.fileID,-7880743687467962618,,,explicit-serialized
CharacterSO|character-archetype:0,character-archetype:0,characterSprite.guid,10947ec9a8d2243f58638b352fee8956,,,explicit-serialized
CharacterSO|character-archetype:0,character-archetype:0,characterSprite.type,3,,,explicit-serialized
CharacterSO|character-archetype:0,character-archetype:0,favoriteStore.0.fileID,11400000,,,explicit-serialized
CharacterSO|character-archetype:0,character-archetype:0,favoriteStore.0.guid,183b18c5841fb7a438bab789f642e364,,,explicit-serialized
CharacterSO|character-archetype:0,character-archetype:0,favoriteStore.0.type,2,,,explicit-serialized
CharacterSO|character-archetype:0,character-archetype:0,frequencyVisitMax,1,,,explicit-serialized
CharacterSO|character-archetype:0,character-archetype:0,frequencyVisitMin,3,,,explicit-serialized
CharacterSO|character-archetype:0,character-archetype:0,maxHoldingMoney,1000,,,explicit-serialized
CharacterSO|character-archetype:0,character-archetype:0,minHoldingMoney,100,,,explicit-serialized
CharacterSO|character-archetype:0,character-archetype:0,speedType,4,CharacterSpeedType,Normal,explicit-serialized
CharacterSO|character-archetype:0,character-archetype:0,respawnSpeedType,13,CharacterRespawnSpeedType,Normal,explicit-serialized
CharacterSO|character-archetype:0,character-archetype:0,basicBehaviorPatterns.fileID,0,,,explicit-serialized
CharacterSO|character-archetype:1,character-archetype:1,m_Name,New Character SO,,,explicit-serialized
CharacterSO|character-archetype:1,character-archetype:1,archetypeId,character-archetype:1,,,explicit-serialized
CharacterSO|character-archetype:1,character-archetype:1,visualVariantId,visual-variant:1,,,explicit-serialized
CharacterSO|character-archetype:1,character-archetype:1,characterType,1,CharacterType,Customer,explicit-serialized
CharacterSO|character-archetype:1,character-archetype:1,role,0,CharacterRole,Regular,explicit-serialized
CharacterSO|character-archetype:1,character-archetype:1,id,1,,,explicit-serialized
CharacterSO|character-archetype:1,character-archetype:1,characterName,asd,,,explicit-serialized
CharacterSO|character-archetype:1,character-archetype:1,speciesTag,Slime,,,explicit-serialized
CharacterSO|character-archetype:1,character-archetype:1,species.fileID,11400000,,,explicit-serialized
CharacterSO|character-archetype:1,character-archetype:1,species.guid,4c9d840bdf77fa52c83d305b480c977f,,,explicit-serialized
CharacterSO|character-archetype:1,character-archetype:1,species.type,2,,,explicit-serialized
CharacterSO|character-archetype:1,character-archetype:1,baseStats.entries.0.statId,stat:attack,,,explicit-serialized
CharacterSO|character-archetype:1,character-archetype:1,baseStats.entries.0.value,5,,,explicit-serialized
CharacterSO|character-archetype:1,character-archetype:1,baseStats.entries.1.statId,stat:sales,,,explicit-serialized
CharacterSO|character-archetype:1,character-archetype:1,baseStats.entries.1.value,5,,,explicit-serialized
CharacterSO|character-archetype:1,character-archetype:1,baseStats.entries.2.statId,stat:research,,,explicit-serialized
CharacterSO|character-archetype:1,character-archetype:1,baseStats.entries.2.value,5,,,explicit-serialized
CharacterSO|character-archetype:1,character-archetype:1,baseStats.entries.3.statId,stat:move-speed,,,explicit-serialized
CharacterSO|character-archetype:1,character-archetype:1,baseStats.entries.3.value,5,,,explicit-serialized
CharacterSO|character-archetype:1,character-archetype:1,baseStats.entries.4.statId,stat:strength,,,explicit-serialized
CharacterSO|character-archetype:1,character-archetype:1,baseStats.entries.4.value,5,,,explicit-serialized
CharacterSO|character-archetype:1,character-archetype:1,baseStats.entries.5.statId,stat:toughness,,,explicit-serialized
CharacterSO|character-archetype:1,character-archetype:1,baseStats.entries.5.value,5,,,explicit-serialized
CharacterSO|character-archetype:1,character-archetype:1,baseStats.entries.6.statId,stat:dexterity,,,explicit-serialized
CharacterSO|character-archetype:1,character-archetype:1,baseStats.entries.6.value,5,,,explicit-serialized
CharacterSO|character-archetype:1,character-archetype:1,baseStats.entries.7.statId,stat:cleaning,,,explicit-serialized
CharacterSO|character-archetype:1,character-archetype:1,baseStats.entries.7.value,5,,,explicit-serialized
CharacterSO|character-archetype:1,character-archetype:1,baseStats.entries.8.statId,stat:endurance,,,explicit-serialized
CharacterSO|character-archetype:1,character-archetype:1,baseStats.entries.8.value,5,,,explicit-serialized
CharacterSO|character-archetype:1,character-archetype:1,traits.0.fileID,11400000,,,explicit-serialized
CharacterSO|character-archetype:1,character-archetype:1,traits.0.guid,864136c3057790c98b0d70fe75cb56e5,,,explicit-serialized
CharacterSO|character-archetype:1,character-archetype:1,traits.0.type,2,,,explicit-serialized
CharacterSO|character-archetype:1,character-archetype:1,defaultWorkPriorities.schemaVersion,2,,,explicit-serialized
CharacterSO|character-archetype:1,character-archetype:1,defaultWorkPriorities.priorities.0.workTypeId,work:operate,,,explicit-serialized
CharacterSO|character-archetype:1,character-archetype:1,defaultWorkPriorities.priorities.0.priority,1,,,explicit-serialized
CharacterSO|character-archetype:1,character-archetype:1,defaultWorkPriorities.priorities.1.workTypeId,work:restock,,,explicit-serialized
CharacterSO|character-archetype:1,character-archetype:1,defaultWorkPriorities.priorities.1.priority,2,,,explicit-serialized
CharacterSO|character-archetype:1,character-archetype:1,defaultWorkPriorities.priorities.2.workTypeId,work:repair,,,explicit-serialized
CharacterSO|character-archetype:1,character-archetype:1,defaultWorkPriorities.priorities.2.priority,2,,,explicit-serialized
CharacterSO|character-archetype:1,character-archetype:1,defaultWorkPriorities.priorities.3.workTypeId,work:clean,,,explicit-serialized
CharacterSO|character-archetype:1,character-archetype:1,defaultWorkPriorities.priorities.3.priority,3,,,explicit-serialized
CharacterSO|character-archetype:1,character-archetype:1,defaultWorkPriorities.priorities.4.workTypeId,work:research,,,explicit-serialized
CharacterSO|character-archetype:1,character-archetype:1,defaultWorkPriorities.priorities.4.priority,2,,,explicit-serialized
CharacterSO|character-archetype:1,character-archetype:1,defaultWorkPriorities.priorities.5.workTypeId,work:guard,,,explicit-serialized
CharacterSO|character-archetype:1,character-archetype:1,defaultWorkPriorities.priorities.5.priority,3,,,explicit-serialized
CharacterSO|character-archetype:1,character-archetype:1,defaultWorkPriorities.priorities.6.workTypeId,work:rescue,,,explicit-serialized
CharacterSO|character-archetype:1,character-archetype:1,defaultWorkPriorities.priorities.6.priority,2,,,explicit-serialized
CharacterSO|character-archetype:1,character-archetype:1,defaultWorkPriorities.priorities.7.workTypeId,work:rest,,,explicit-serialized
CharacterSO|character-archetype:1,character-archetype:1,defaultWorkPriorities.priorities.7.priority,3,,,explicit-serialized
CharacterSO|character-archetype:1,character-archetype:1,defaultWorkPriorities.priorities.8.workTypeId,work:construct,,,explicit-serialized
CharacterSO|character-archetype:1,character-archetype:1,defaultWorkPriorities.priorities.8.priority,2,,,explicit-serialized
CharacterSO|character-archetype:1,character-archetype:1,defaultWorkPriorities.priorities.9.workTypeId,work:reception,,,explicit-serialized
CharacterSO|character-archetype:1,character-archetype:1,defaultWorkPriorities.priorities.9.priority,2,,,explicit-serialized
CharacterSO|character-archetype:1,character-archetype:1,defaultWorkPriorities.priorities.10.workTypeId,work:craft,,,explicit-serialized
CharacterSO|character-archetype:1,character-archetype:1,defaultWorkPriorities.priorities.10.priority,2,,,explicit-serialized
CharacterSO|character-archetype:1,character-archetype:1,defaultWorkPriorities.priorities.11.workTypeId,work:haul,,,explicit-serialized
CharacterSO|character-archetype:1,character-archetype:1,defaultWorkPriorities.priorities.11.priority,2,,,explicit-serialized
CharacterSO|character-archetype:1,character-archetype:1,defaultWorkPriorities.priorities.12.workTypeId,work:hunt,,,explicit-serialized
CharacterSO|character-archetype:1,character-archetype:1,defaultWorkPriorities.priorities.12.priority,2,,,explicit-serialized
CharacterSO|character-archetype:1,character-archetype:1,defaultWorkPriorities.priorities.13.workTypeId,work:butcher,,,explicit-serialized
CharacterSO|character-archetype:1,character-archetype:1,defaultWorkPriorities.priorities.13.priority,2,,,explicit-serialized
CharacterSO|character-archetype:1,character-archetype:1,defaultWorkPriorities.priorities.14.workTypeId,work:draw-water,,,explicit-serialized
CharacterSO|character-archetype:1,character-archetype:1,defaultWorkPriorities.priorities.14.priority,2,,,explicit-serialized
CharacterSO|character-archetype:1,character-archetype:1,defaultWorkPriorities.priorities.15.workTypeId,work:cook,,,explicit-serialized
CharacterSO|character-archetype:1,character-archetype:1,defaultWorkPriorities.priorities.15.priority,2,,,explicit-serialized
CharacterSO|character-archetype:1,character-archetype:1,defaultWorkPriorities.priorities.16.workTypeId,work:treat,,,explicit-serialized
CharacterSO|character-archetype:1,character-archetype:1,defaultWorkPriorities.priorities.16.priority,2,,,explicit-serialized
CharacterSO|character-archetype:1,character-archetype:1,defaultWorkPriorities.priorities.17.workTypeId,work:surgery,,,explicit-serialized
CharacterSO|character-archetype:1,character-archetype:1,defaultWorkPriorities.priorities.17.priority,1,,,explicit-serialized
CharacterSO|character-archetype:1,character-archetype:1,defaultWorkPriorities.priorities.18.workTypeId,work:refuel,,,explicit-serialized
CharacterSO|character-archetype:1,character-archetype:1,defaultWorkPriorities.priorities.18.priority,2,,,explicit-serialized
CharacterSO|character-archetype:1,character-archetype:1,defaultWorkPriorities.priorities.19.workTypeId,work:warden,,,explicit-serialized
CharacterSO|character-archetype:1,character-archetype:1,defaultWorkPriorities.priorities.19.priority,2,,,explicit-serialized
CharacterSO|character-archetype:1,character-archetype:1,defaultWorkPriorities.priorities.20.workTypeId,work:perform,,,explicit-serialized
CharacterSO|character-archetype:1,character-archetype:1,defaultWorkPriorities.priorities.20.priority,2,,,explicit-serialized
CharacterSO|character-archetype:1,character-archetype:1,defaultWorkPriorities.priorities.21.workTypeId,work:gather,,,explicit-serialized
CharacterSO|character-archetype:1,character-archetype:1,defaultWorkPriorities.priorities.21.priority,2,,,explicit-serialized
CharacterSO|character-archetype:1,character-archetype:1,defaultWorkPriorities.priorities.22.workTypeId,work:sow,,,explicit-serialized
CharacterSO|character-archetype:1,character-archetype:1,defaultWorkPriorities.priorities.22.priority,2,,,explicit-serialized
CharacterSO|character-archetype:1,character-archetype:1,defaultWorkPriorities.priorities.23.workTypeId,work:harvest,,,explicit-serialized
CharacterSO|character-archetype:1,character-archetype:1,defaultWorkPriorities.priorities.23.priority,2,,,explicit-serialized
CharacterSO|character-archetype:1,character-archetype:1,defaultWorkPriorities.priorities.24.workTypeId,work:logging,,,explicit-serialized
CharacterSO|character-archetype:1,character-archetype:1,defaultWorkPriorities.priorities.24.priority,2,,,explicit-serialized
CharacterSO|character-archetype:1,character-archetype:1,defaultWorkPriorities.priorities.25.workTypeId,work:quarry,,,explicit-serialized
CharacterSO|character-archetype:1,character-archetype:1,defaultWorkPriorities.priorities.25.priority,2,,,explicit-serialized
CharacterSO|character-archetype:1,character-archetype:1,defaultWorkPriorities.priorities.26.workTypeId,work:animal-care,,,explicit-serialized
CharacterSO|character-archetype:1,character-archetype:1,defaultWorkPriorities.priorities.26.priority,2,,,explicit-serialized
CharacterSO|character-archetype:1,character-archetype:1,defaultWorkPriorities.priorities.27.workTypeId,work:grand-project,,,explicit-serialized
CharacterSO|character-archetype:1,character-archetype:1,defaultWorkPriorities.priorities.27.priority,2,,,explicit-serialized
CharacterSO|character-archetype:1,character-archetype:1,defaultWorkPriorities.priorities.28.workTypeId,work:threat-mitigation,,,explicit-serialized
CharacterSO|character-archetype:1,character-archetype:1,defaultWorkPriorities.priorities.28.priority,1,,,explicit-serialized
CharacterSO|character-archetype:1,character-archetype:1,defaultWorkPriorities.priorities.29.workTypeId,work:plumbing,,,explicit-serialized
CharacterSO|character-archetype:1,character-archetype:1,defaultWorkPriorities.priorities.29.priority,2,,,explicit-serialized
CharacterSO|character-archetype:1,character-archetype:1,defaultWorkPriorities.legacyOperate,1,,,explicit-serialized
CharacterSO|character-archetype:1,character-archetype:1,defaultWorkPriorities.legacyRestock,2,,,explicit-serialized
CharacterSO|character-archetype:1,character-archetype:1,defaultWorkPriorities.legacyRepair,2,,,explicit-serialized
CharacterSO|character-archetype:1,character-archetype:1,defaultWorkPriorities.legacyClean,3,,,explicit-serialized
CharacterSO|character-archetype:1,character-archetype:1,defaultWorkPriorities.legacyResearch,2,,,explicit-serialized
CharacterSO|character-archetype:1,character-archetype:1,defaultWorkPriorities.legacyGuard,3,,,explicit-serialized
CharacterSO|character-archetype:1,character-archetype:1,defaultWorkPriorities.legacyRescue,2,,,explicit-serialized
CharacterSO|character-archetype:1,character-archetype:1,defaultWorkPriorities.legacyRest,3,,,explicit-serialized
CharacterSO|character-archetype:1,character-archetype:1,aiPersonality.diligence,1,,,explicit-serialized
CharacterSO|character-archetype:1,character-archetype:1,aiPersonality.curiosity,1,,,explicit-serialized
CharacterSO|character-archetype:1,character-archetype:1,aiPersonality.selfCare,1,,,explicit-serialized
CharacterSO|character-archetype:1,character-archetype:1,aiPersonality.patience,1,,,explicit-serialized
CharacterSO|character-archetype:1,character-archetype:1,aiPersonality.shoppingInterest,1,,,explicit-serialized
CharacterSO|character-archetype:1,character-archetype:1,aiPersonality.sociability,1,,,explicit-serialized
CharacterSO|character-archetype:1,character-archetype:1,aiPersonality.riskTaking,1,,,explicit-serialized
CharacterSO|character-archetype:1,character-archetype:1,aiPersonality.orderliness,1,,,explicit-serialized
CharacterSO|character-archetype:1,character-archetype:1,aiPersonality.outdoorPreference,1,,,explicit-serialized
CharacterSO|character-archetype:1,character-archetype:1,aiPersonality.noveltySeeking,1,,,explicit-serialized
CharacterSO|character-archetype:1,character-archetype:1,aiPersonality.routineAdherence,1,,,explicit-serialized
CharacterSO|character-archetype:1,character-archetype:1,ownerSummary,,,,explicit-serialized
CharacterSO|character-archetype:1,character-archetype:1,ownerPreferredWorkTypes,0,FacilityWorkType,None,explicit-serialized
CharacterSO|character-archetype:1,character-archetype:1,ownerFixedSkills,[],,,explicit-serialized
CharacterSO|character-archetype:1,character-archetype:1,characterSprite.fileID,-177130652,,,explicit-serialized
CharacterSO|character-archetype:1,character-archetype:1,characterSprite.guid,268b13836c8af3d408110e228f534b75,,,explicit-serialized
CharacterSO|character-archetype:1,character-archetype:1,characterSprite.type,3,,,explicit-serialized
CharacterSO|character-archetype:1,character-archetype:1,favoriteStore,[],,,explicit-serialized
CharacterSO|character-archetype:1,character-archetype:1,frequencyVisitMax,3,,,explicit-serialized
CharacterSO|character-archetype:1,character-archetype:1,frequencyVisitMin,1,,,explicit-serialized
CharacterSO|character-archetype:1,character-archetype:1,maxHoldingMoney,300,,,explicit-serialized
CharacterSO|character-archetype:1,character-archetype:1,minHoldingMoney,100,,,explicit-serialized
CharacterSO|character-archetype:1,character-archetype:1,speedType,4,CharacterSpeedType,Normal,explicit-serialized
CharacterSO|character-archetype:1,character-archetype:1,respawnSpeedType,13,CharacterRespawnSpeedType,Normal,explicit-serialized
CharacterSO|character-archetype:1001,character-archetype:1001,m_Name,Owner_Slime,,,explicit-serialized
CharacterSO|character-archetype:1001,character-archetype:1001,archetypeId,character-archetype:1001,,,explicit-serialized
CharacterSO|character-archetype:1001,character-archetype:1001,visualVariantId,visual-variant:1001,,,explicit-serialized
CharacterSO|character-archetype:1001,character-archetype:1001,characterType,0,CharacterType,N P C,explicit-serialized
CharacterSO|character-archetype:1001,character-archetype:1001,role,1,CharacterRole,Owner,explicit-serialized
CharacterSO|character-archetype:1001,character-archetype:1001,id,1001,,,explicit-serialized
CharacterSO|character-archetype:1001,character-archetype:1001,characterName,슬라임 사장,,,explicit-serialized
CharacterSO|character-archetype:1001,character-archetype:1001,speciesTag,Slime,,,explicit-serialized
CharacterSO|character-archetype:1001,character-archetype:1001,species.fileID,11400000,,,explicit-serialized
CharacterSO|character-archetype:1001,character-archetype:1001,species.guid,4c9d840bdf77fa52c83d305b480c977f,,,explicit-serialized
CharacterSO|character-archetype:1001,character-archetype:1001,species.type,2,,,explicit-serialized
CharacterSO|character-archetype:1001,character-archetype:1001,baseStats.entries.0.statId,stat:attack,,,explicit-serialized
CharacterSO|character-archetype:1001,character-archetype:1001,baseStats.entries.0.value,4,,,explicit-serialized
CharacterSO|character-archetype:1001,character-archetype:1001,baseStats.entries.1.statId,stat:sales,,,explicit-serialized
CharacterSO|character-archetype:1001,character-archetype:1001,baseStats.entries.1.value,5,,,explicit-serialized
CharacterSO|character-archetype:1001,character-archetype:1001,baseStats.entries.2.statId,stat:research,,,explicit-serialized
CharacterSO|character-archetype:1001,character-archetype:1001,baseStats.entries.2.value,4,,,explicit-serialized
CharacterSO|character-archetype:1001,character-archetype:1001,baseStats.entries.3.statId,stat:move-speed,,,explicit-serialized
CharacterSO|character-archetype:1001,character-archetype:1001,baseStats.entries.3.value,5,,,explicit-serialized
CharacterSO|character-archetype:1001,character-archetype:1001,baseStats.entries.4.statId,stat:strength,,,explicit-serialized
CharacterSO|character-archetype:1001,character-archetype:1001,baseStats.entries.4.value,6,,,explicit-serialized
CharacterSO|character-archetype:1001,character-archetype:1001,baseStats.entries.5.statId,stat:toughness,,,explicit-serialized
CharacterSO|character-archetype:1001,character-archetype:1001,baseStats.entries.5.value,6,,,explicit-serialized
CharacterSO|character-archetype:1001,character-archetype:1001,baseStats.entries.6.statId,stat:dexterity,,,explicit-serialized
CharacterSO|character-archetype:1001,character-archetype:1001,baseStats.entries.6.value,6,,,explicit-serialized
CharacterSO|character-archetype:1001,character-archetype:1001,baseStats.entries.7.statId,stat:cleaning,,,explicit-serialized
CharacterSO|character-archetype:1001,character-archetype:1001,baseStats.entries.7.value,8,,,explicit-serialized
CharacterSO|character-archetype:1001,character-archetype:1001,baseStats.entries.8.statId,stat:endurance,,,explicit-serialized
CharacterSO|character-archetype:1001,character-archetype:1001,baseStats.entries.8.value,7,,,explicit-serialized
CharacterSO|character-archetype:1001,character-archetype:1001,traits.0.fileID,11400000,,,explicit-serialized
CharacterSO|character-archetype:1001,character-archetype:1001,traits.0.guid,44555ff913b8137c98d957d02363b6cf,,,explicit-serialized
CharacterSO|character-archetype:1001,character-archetype:1001,traits.0.type,2,,,explicit-serialized
CharacterSO|character-archetype:1001,character-archetype:1001,defaultWorkPriorities.schemaVersion,2,,,explicit-serialized
CharacterSO|character-archetype:1001,character-archetype:1001,defaultWorkPriorities.priorities.0.workTypeId,work:operate,,,explicit-serialized
CharacterSO|character-archetype:1001,character-archetype:1001,defaultWorkPriorities.priorities.0.priority,1,,,explicit-serialized
CharacterSO|character-archetype:1001,character-archetype:1001,defaultWorkPriorities.priorities.1.workTypeId,work:restock,,,explicit-serialized
CharacterSO|character-archetype:1001,character-archetype:1001,defaultWorkPriorities.priorities.1.priority,2,,,explicit-serialized
CharacterSO|character-archetype:1001,character-archetype:1001,defaultWorkPriorities.priorities.2.workTypeId,work:repair,,,explicit-serialized
CharacterSO|character-archetype:1001,character-archetype:1001,defaultWorkPriorities.priorities.2.priority,2,,,explicit-serialized
CharacterSO|character-archetype:1001,character-archetype:1001,defaultWorkPriorities.priorities.3.workTypeId,work:clean,,,explicit-serialized
CharacterSO|character-archetype:1001,character-archetype:1001,defaultWorkPriorities.priorities.3.priority,3,,,explicit-serialized
CharacterSO|character-archetype:1001,character-archetype:1001,defaultWorkPriorities.priorities.4.workTypeId,work:research,,,explicit-serialized
CharacterSO|character-archetype:1001,character-archetype:1001,defaultWorkPriorities.priorities.4.priority,2,,,explicit-serialized
CharacterSO|character-archetype:1001,character-archetype:1001,defaultWorkPriorities.priorities.5.workTypeId,work:guard,,,explicit-serialized
CharacterSO|character-archetype:1001,character-archetype:1001,defaultWorkPriorities.priorities.5.priority,3,,,explicit-serialized
CharacterSO|character-archetype:1001,character-archetype:1001,defaultWorkPriorities.priorities.6.workTypeId,work:rescue,,,explicit-serialized
CharacterSO|character-archetype:1001,character-archetype:1001,defaultWorkPriorities.priorities.6.priority,2,,,explicit-serialized
CharacterSO|character-archetype:1001,character-archetype:1001,defaultWorkPriorities.priorities.7.workTypeId,work:rest,,,explicit-serialized
CharacterSO|character-archetype:1001,character-archetype:1001,defaultWorkPriorities.priorities.7.priority,3,,,explicit-serialized
CharacterSO|character-archetype:1001,character-archetype:1001,defaultWorkPriorities.priorities.8.workTypeId,work:construct,,,explicit-serialized
CharacterSO|character-archetype:1001,character-archetype:1001,defaultWorkPriorities.priorities.8.priority,2,,,explicit-serialized
CharacterSO|character-archetype:1001,character-archetype:1001,defaultWorkPriorities.priorities.9.workTypeId,work:reception,,,explicit-serialized
CharacterSO|character-archetype:1001,character-archetype:1001,defaultWorkPriorities.priorities.9.priority,2,,,explicit-serialized
CharacterSO|character-archetype:1001,character-archetype:1001,defaultWorkPriorities.priorities.10.workTypeId,work:craft,,,explicit-serialized
CharacterSO|character-archetype:1001,character-archetype:1001,defaultWorkPriorities.priorities.10.priority,2,,,explicit-serialized
CharacterSO|character-archetype:1001,character-archetype:1001,defaultWorkPriorities.priorities.11.workTypeId,work:haul,,,explicit-serialized
CharacterSO|character-archetype:1001,character-archetype:1001,defaultWorkPriorities.priorities.11.priority,2,,,explicit-serialized
CharacterSO|character-archetype:1001,character-archetype:1001,defaultWorkPriorities.priorities.12.workTypeId,work:hunt,,,explicit-serialized
CharacterSO|character-archetype:1001,character-archetype:1001,defaultWorkPriorities.priorities.12.priority,2,,,explicit-serialized
CharacterSO|character-archetype:1001,character-archetype:1001,defaultWorkPriorities.priorities.13.workTypeId,work:butcher,,,explicit-serialized
CharacterSO|character-archetype:1001,character-archetype:1001,defaultWorkPriorities.priorities.13.priority,2,,,explicit-serialized
CharacterSO|character-archetype:1001,character-archetype:1001,defaultWorkPriorities.priorities.14.workTypeId,work:draw-water,,,explicit-serialized
CharacterSO|character-archetype:1001,character-archetype:1001,defaultWorkPriorities.priorities.14.priority,2,,,explicit-serialized
CharacterSO|character-archetype:1001,character-archetype:1001,defaultWorkPriorities.priorities.15.workTypeId,work:cook,,,explicit-serialized
CharacterSO|character-archetype:1001,character-archetype:1001,defaultWorkPriorities.priorities.15.priority,2,,,explicit-serialized
CharacterSO|character-archetype:1001,character-archetype:1001,defaultWorkPriorities.priorities.16.workTypeId,work:treat,,,explicit-serialized
CharacterSO|character-archetype:1001,character-archetype:1001,defaultWorkPriorities.priorities.16.priority,2,,,explicit-serialized
CharacterSO|character-archetype:1001,character-archetype:1001,defaultWorkPriorities.priorities.17.workTypeId,work:surgery,,,explicit-serialized
CharacterSO|character-archetype:1001,character-archetype:1001,defaultWorkPriorities.priorities.17.priority,1,,,explicit-serialized
CharacterSO|character-archetype:1001,character-archetype:1001,defaultWorkPriorities.priorities.18.workTypeId,work:refuel,,,explicit-serialized
CharacterSO|character-archetype:1001,character-archetype:1001,defaultWorkPriorities.priorities.18.priority,2,,,explicit-serialized
CharacterSO|character-archetype:1001,character-archetype:1001,defaultWorkPriorities.priorities.19.workTypeId,work:warden,,,explicit-serialized
CharacterSO|character-archetype:1001,character-archetype:1001,defaultWorkPriorities.priorities.19.priority,2,,,explicit-serialized
CharacterSO|character-archetype:1001,character-archetype:1001,defaultWorkPriorities.priorities.20.workTypeId,work:perform,,,explicit-serialized
CharacterSO|character-archetype:1001,character-archetype:1001,defaultWorkPriorities.priorities.20.priority,2,,,explicit-serialized
CharacterSO|character-archetype:1001,character-archetype:1001,defaultWorkPriorities.priorities.21.workTypeId,work:gather,,,explicit-serialized
CharacterSO|character-archetype:1001,character-archetype:1001,defaultWorkPriorities.priorities.21.priority,2,,,explicit-serialized
CharacterSO|character-archetype:1001,character-archetype:1001,defaultWorkPriorities.priorities.22.workTypeId,work:sow,,,explicit-serialized
CharacterSO|character-archetype:1001,character-archetype:1001,defaultWorkPriorities.priorities.22.priority,2,,,explicit-serialized
CharacterSO|character-archetype:1001,character-archetype:1001,defaultWorkPriorities.priorities.23.workTypeId,work:harvest,,,explicit-serialized
CharacterSO|character-archetype:1001,character-archetype:1001,defaultWorkPriorities.priorities.23.priority,2,,,explicit-serialized
CharacterSO|character-archetype:1001,character-archetype:1001,defaultWorkPriorities.priorities.24.workTypeId,work:logging,,,explicit-serialized
CharacterSO|character-archetype:1001,character-archetype:1001,defaultWorkPriorities.priorities.24.priority,2,,,explicit-serialized
CharacterSO|character-archetype:1001,character-archetype:1001,defaultWorkPriorities.priorities.25.workTypeId,work:quarry,,,explicit-serialized
CharacterSO|character-archetype:1001,character-archetype:1001,defaultWorkPriorities.priorities.25.priority,2,,,explicit-serialized
CharacterSO|character-archetype:1001,character-archetype:1001,defaultWorkPriorities.priorities.26.workTypeId,work:animal-care,,,explicit-serialized
CharacterSO|character-archetype:1001,character-archetype:1001,defaultWorkPriorities.priorities.26.priority,2,,,explicit-serialized
CharacterSO|character-archetype:1001,character-archetype:1001,defaultWorkPriorities.priorities.27.workTypeId,work:grand-project,,,explicit-serialized
CharacterSO|character-archetype:1001,character-archetype:1001,defaultWorkPriorities.priorities.27.priority,2,,,explicit-serialized
CharacterSO|character-archetype:1001,character-archetype:1001,defaultWorkPriorities.priorities.28.workTypeId,work:threat-mitigation,,,explicit-serialized
CharacterSO|character-archetype:1001,character-archetype:1001,defaultWorkPriorities.priorities.28.priority,1,,,explicit-serialized
CharacterSO|character-archetype:1001,character-archetype:1001,defaultWorkPriorities.priorities.29.workTypeId,work:plumbing,,,explicit-serialized
CharacterSO|character-archetype:1001,character-archetype:1001,defaultWorkPriorities.priorities.29.priority,2,,,explicit-serialized
CharacterSO|character-archetype:1001,character-archetype:1001,defaultWorkPriorities.legacyOperate,1,,,explicit-serialized
CharacterSO|character-archetype:1001,character-archetype:1001,defaultWorkPriorities.legacyRestock,2,,,explicit-serialized
CharacterSO|character-archetype:1001,character-archetype:1001,defaultWorkPriorities.legacyRepair,2,,,explicit-serialized
CharacterSO|character-archetype:1001,character-archetype:1001,defaultWorkPriorities.legacyClean,3,,,explicit-serialized
CharacterSO|character-archetype:1001,character-archetype:1001,defaultWorkPriorities.legacyResearch,2,,,explicit-serialized
CharacterSO|character-archetype:1001,character-archetype:1001,defaultWorkPriorities.legacyGuard,3,,,explicit-serialized
CharacterSO|character-archetype:1001,character-archetype:1001,defaultWorkPriorities.legacyRescue,2,,,explicit-serialized
CharacterSO|character-archetype:1001,character-archetype:1001,defaultWorkPriorities.legacyRest,3,,,explicit-serialized
CharacterSO|character-archetype:1001,character-archetype:1001,aiPersonality.diligence,1,,,explicit-serialized
CharacterSO|character-archetype:1001,character-archetype:1001,aiPersonality.curiosity,1,,,explicit-serialized
CharacterSO|character-archetype:1001,character-archetype:1001,aiPersonality.selfCare,1,,,explicit-serialized
CharacterSO|character-archetype:1001,character-archetype:1001,aiPersonality.patience,1,,,explicit-serialized
CharacterSO|character-archetype:1001,character-archetype:1001,aiPersonality.shoppingInterest,1,,,explicit-serialized
CharacterSO|character-archetype:1001,character-archetype:1001,aiPersonality.sociability,1,,,explicit-serialized
CharacterSO|character-archetype:1001,character-archetype:1001,aiPersonality.riskTaking,1,,,explicit-serialized
CharacterSO|character-archetype:1001,character-archetype:1001,aiPersonality.orderliness,1,,,explicit-serialized
CharacterSO|character-archetype:1001,character-archetype:1001,aiPersonality.outdoorPreference,1,,,explicit-serialized
CharacterSO|character-archetype:1001,character-archetype:1001,aiPersonality.noveltySeeking,1,,,explicit-serialized
CharacterSO|character-archetype:1001,character-archetype:1001,aiPersonality.routineAdherence,1,,,explicit-serialized
CharacterSO|character-archetype:1001,character-archetype:1001,ownerSummary,"초반 청소, 보충, 유지보수에 강한 사장",,,explicit-serialized
CharacterSO|character-archetype:1001,character-archetype:1001,ownerPreferredWorkTypes,14,FacilityWorkType,Restock | Repair | Clean,explicit-serialized
CharacterSO|character-archetype:1001,character-archetype:1001,ownerFixedSkills,[],,,explicit-serialized
CharacterSO|character-archetype:1001,character-archetype:1001,characterSprite.fileID,-177130652,,,explicit-serialized
CharacterSO|character-archetype:1001,character-archetype:1001,characterSprite.guid,268b13836c8af3d408110e228f534b75,,,explicit-serialized
CharacterSO|character-archetype:1001,character-archetype:1001,characterSprite.type,3,,,explicit-serialized
CharacterSO|character-archetype:1001,character-archetype:1001,favoriteStore,[],,,explicit-serialized
CharacterSO|character-archetype:1001,character-archetype:1001,frequencyVisitMax,1,,,explicit-serialized
CharacterSO|character-archetype:1001,character-archetype:1001,frequencyVisitMin,1,,,explicit-serialized
CharacterSO|character-archetype:1001,character-archetype:1001,maxHoldingMoney,0,,,explicit-serialized
CharacterSO|character-archetype:1001,character-archetype:1001,minHoldingMoney,0,,,explicit-serialized
CharacterSO|character-archetype:1001,character-archetype:1001,speedType,4,CharacterSpeedType,Normal,explicit-serialized
CharacterSO|character-archetype:1001,character-archetype:1001,respawnSpeedType,13,CharacterRespawnSpeedType,Normal,explicit-serialized
CharacterSO|character-archetype:1002,character-archetype:1002,m_Name,Owner_Orc,,,explicit-serialized
CharacterSO|character-archetype:1002,character-archetype:1002,archetypeId,character-archetype:1002,,,explicit-serialized
CharacterSO|character-archetype:1002,character-archetype:1002,visualVariantId,visual-variant:1002,,,explicit-serialized
CharacterSO|character-archetype:1002,character-archetype:1002,characterType,0,CharacterType,N P C,explicit-serialized
CharacterSO|character-archetype:1002,character-archetype:1002,role,1,CharacterRole,Owner,explicit-serialized
CharacterSO|character-archetype:1002,character-archetype:1002,id,1002,,,explicit-serialized
CharacterSO|character-archetype:1002,character-archetype:1002,characterName,오크 사장,,,explicit-serialized
CharacterSO|character-archetype:1002,character-archetype:1002,speciesTag,Orc,,,explicit-serialized
CharacterSO|character-archetype:1002,character-archetype:1002,species.fileID,11400000,,,explicit-serialized
CharacterSO|character-archetype:1002,character-archetype:1002,species.guid,c7f6b6a35919a8091a84822b06288975,,,explicit-serialized
CharacterSO|character-archetype:1002,character-archetype:1002,species.type,2,,,explicit-serialized
CharacterSO|character-archetype:1002,character-archetype:1002,baseStats.entries.0.statId,stat:attack,,,explicit-serialized
CharacterSO|character-archetype:1002,character-archetype:1002,baseStats.entries.0.value,8,,,explicit-serialized
CharacterSO|character-archetype:1002,character-archetype:1002,baseStats.entries.1.statId,stat:sales,,,explicit-serialized
CharacterSO|character-archetype:1002,character-archetype:1002,baseStats.entries.1.value,4,,,explicit-serialized
CharacterSO|character-archetype:1002,character-archetype:1002,baseStats.entries.2.statId,stat:research,,,explicit-serialized
CharacterSO|character-archetype:1002,character-archetype:1002,baseStats.entries.2.value,3,,,explicit-serialized
CharacterSO|character-archetype:1002,character-archetype:1002,baseStats.entries.3.statId,stat:move-speed,,,explicit-serialized
CharacterSO|character-archetype:1002,character-archetype:1002,baseStats.entries.3.value,4,,,explicit-serialized
CharacterSO|character-archetype:1002,character-archetype:1002,baseStats.entries.4.statId,stat:strength,,,explicit-serialized
CharacterSO|character-archetype:1002,character-archetype:1002,baseStats.entries.4.value,8,,,explicit-serialized
CharacterSO|character-archetype:1002,character-archetype:1002,baseStats.entries.5.statId,stat:toughness,,,explicit-serialized
CharacterSO|character-archetype:1002,character-archetype:1002,baseStats.entries.5.value,8,,,explicit-serialized
CharacterSO|character-archetype:1002,character-archetype:1002,baseStats.entries.6.statId,stat:dexterity,,,explicit-serialized
CharacterSO|character-archetype:1002,character-archetype:1002,baseStats.entries.6.value,5,,,explicit-serialized
CharacterSO|character-archetype:1002,character-archetype:1002,baseStats.entries.7.statId,stat:cleaning,,,explicit-serialized
CharacterSO|character-archetype:1002,character-archetype:1002,baseStats.entries.7.value,3,,,explicit-serialized
CharacterSO|character-archetype:1002,character-archetype:1002,baseStats.entries.8.statId,stat:endurance,,,explicit-serialized
CharacterSO|character-archetype:1002,character-archetype:1002,baseStats.entries.8.value,7,,,explicit-serialized
CharacterSO|character-archetype:1002,character-archetype:1002,traits.0.fileID,11400000,,,explicit-serialized
CharacterSO|character-archetype:1002,character-archetype:1002,traits.0.guid,95fa850a1a682706faa160ba49bb26cf,,,explicit-serialized
CharacterSO|character-archetype:1002,character-archetype:1002,traits.0.type,2,,,explicit-serialized
CharacterSO|character-archetype:1002,character-archetype:1002,defaultWorkPriorities.schemaVersion,2,,,explicit-serialized
CharacterSO|character-archetype:1002,character-archetype:1002,defaultWorkPriorities.priorities.0.workTypeId,work:operate,,,explicit-serialized
CharacterSO|character-archetype:1002,character-archetype:1002,defaultWorkPriorities.priorities.0.priority,1,,,explicit-serialized
CharacterSO|character-archetype:1002,character-archetype:1002,defaultWorkPriorities.priorities.1.workTypeId,work:restock,,,explicit-serialized
CharacterSO|character-archetype:1002,character-archetype:1002,defaultWorkPriorities.priorities.1.priority,2,,,explicit-serialized
CharacterSO|character-archetype:1002,character-archetype:1002,defaultWorkPriorities.priorities.2.workTypeId,work:repair,,,explicit-serialized
CharacterSO|character-archetype:1002,character-archetype:1002,defaultWorkPriorities.priorities.2.priority,2,,,explicit-serialized
CharacterSO|character-archetype:1002,character-archetype:1002,defaultWorkPriorities.priorities.3.workTypeId,work:clean,,,explicit-serialized
CharacterSO|character-archetype:1002,character-archetype:1002,defaultWorkPriorities.priorities.3.priority,3,,,explicit-serialized
CharacterSO|character-archetype:1002,character-archetype:1002,defaultWorkPriorities.priorities.4.workTypeId,work:research,,,explicit-serialized
CharacterSO|character-archetype:1002,character-archetype:1002,defaultWorkPriorities.priorities.4.priority,2,,,explicit-serialized
CharacterSO|character-archetype:1002,character-archetype:1002,defaultWorkPriorities.priorities.5.workTypeId,work:guard,,,explicit-serialized
CharacterSO|character-archetype:1002,character-archetype:1002,defaultWorkPriorities.priorities.5.priority,3,,,explicit-serialized
CharacterSO|character-archetype:1002,character-archetype:1002,defaultWorkPriorities.priorities.6.workTypeId,work:rescue,,,explicit-serialized
CharacterSO|character-archetype:1002,character-archetype:1002,defaultWorkPriorities.priorities.6.priority,2,,,explicit-serialized
CharacterSO|character-archetype:1002,character-archetype:1002,defaultWorkPriorities.priorities.7.workTypeId,work:rest,,,explicit-serialized
CharacterSO|character-archetype:1002,character-archetype:1002,defaultWorkPriorities.priorities.7.priority,3,,,explicit-serialized
CharacterSO|character-archetype:1002,character-archetype:1002,defaultWorkPriorities.priorities.8.workTypeId,work:construct,,,explicit-serialized
CharacterSO|character-archetype:1002,character-archetype:1002,defaultWorkPriorities.priorities.8.priority,2,,,explicit-serialized
CharacterSO|character-archetype:1002,character-archetype:1002,defaultWorkPriorities.priorities.9.workTypeId,work:reception,,,explicit-serialized
CharacterSO|character-archetype:1002,character-archetype:1002,defaultWorkPriorities.priorities.9.priority,2,,,explicit-serialized
CharacterSO|character-archetype:1002,character-archetype:1002,defaultWorkPriorities.priorities.10.workTypeId,work:craft,,,explicit-serialized
CharacterSO|character-archetype:1002,character-archetype:1002,defaultWorkPriorities.priorities.10.priority,2,,,explicit-serialized
CharacterSO|character-archetype:1002,character-archetype:1002,defaultWorkPriorities.priorities.11.workTypeId,work:haul,,,explicit-serialized
CharacterSO|character-archetype:1002,character-archetype:1002,defaultWorkPriorities.priorities.11.priority,2,,,explicit-serialized
CharacterSO|character-archetype:1002,character-archetype:1002,defaultWorkPriorities.priorities.12.workTypeId,work:hunt,,,explicit-serialized
CharacterSO|character-archetype:1002,character-archetype:1002,defaultWorkPriorities.priorities.12.priority,2,,,explicit-serialized
CharacterSO|character-archetype:1002,character-archetype:1002,defaultWorkPriorities.priorities.13.workTypeId,work:butcher,,,explicit-serialized
CharacterSO|character-archetype:1002,character-archetype:1002,defaultWorkPriorities.priorities.13.priority,2,,,explicit-serialized
CharacterSO|character-archetype:1002,character-archetype:1002,defaultWorkPriorities.priorities.14.workTypeId,work:draw-water,,,explicit-serialized
CharacterSO|character-archetype:1002,character-archetype:1002,defaultWorkPriorities.priorities.14.priority,2,,,explicit-serialized
CharacterSO|character-archetype:1002,character-archetype:1002,defaultWorkPriorities.priorities.15.workTypeId,work:cook,,,explicit-serialized
CharacterSO|character-archetype:1002,character-archetype:1002,defaultWorkPriorities.priorities.15.priority,2,,,explicit-serialized
CharacterSO|character-archetype:1002,character-archetype:1002,defaultWorkPriorities.priorities.16.workTypeId,work:treat,,,explicit-serialized
CharacterSO|character-archetype:1002,character-archetype:1002,defaultWorkPriorities.priorities.16.priority,2,,,explicit-serialized
CharacterSO|character-archetype:1002,character-archetype:1002,defaultWorkPriorities.priorities.17.workTypeId,work:surgery,,,explicit-serialized
CharacterSO|character-archetype:1002,character-archetype:1002,defaultWorkPriorities.priorities.17.priority,1,,,explicit-serialized
CharacterSO|character-archetype:1002,character-archetype:1002,defaultWorkPriorities.priorities.18.workTypeId,work:refuel,,,explicit-serialized
CharacterSO|character-archetype:1002,character-archetype:1002,defaultWorkPriorities.priorities.18.priority,2,,,explicit-serialized
CharacterSO|character-archetype:1002,character-archetype:1002,defaultWorkPriorities.priorities.19.workTypeId,work:warden,,,explicit-serialized
CharacterSO|character-archetype:1002,character-archetype:1002,defaultWorkPriorities.priorities.19.priority,2,,,explicit-serialized
CharacterSO|character-archetype:1002,character-archetype:1002,defaultWorkPriorities.priorities.20.workTypeId,work:perform,,,explicit-serialized
CharacterSO|character-archetype:1002,character-archetype:1002,defaultWorkPriorities.priorities.20.priority,2,,,explicit-serialized
CharacterSO|character-archetype:1002,character-archetype:1002,defaultWorkPriorities.priorities.21.workTypeId,work:gather,,,explicit-serialized
CharacterSO|character-archetype:1002,character-archetype:1002,defaultWorkPriorities.priorities.21.priority,2,,,explicit-serialized
CharacterSO|character-archetype:1002,character-archetype:1002,defaultWorkPriorities.priorities.22.workTypeId,work:sow,,,explicit-serialized
CharacterSO|character-archetype:1002,character-archetype:1002,defaultWorkPriorities.priorities.22.priority,2,,,explicit-serialized
CharacterSO|character-archetype:1002,character-archetype:1002,defaultWorkPriorities.priorities.23.workTypeId,work:harvest,,,explicit-serialized
CharacterSO|character-archetype:1002,character-archetype:1002,defaultWorkPriorities.priorities.23.priority,2,,,explicit-serialized
CharacterSO|character-archetype:1002,character-archetype:1002,defaultWorkPriorities.priorities.24.workTypeId,work:logging,,,explicit-serialized
CharacterSO|character-archetype:1002,character-archetype:1002,defaultWorkPriorities.priorities.24.priority,2,,,explicit-serialized
CharacterSO|character-archetype:1002,character-archetype:1002,defaultWorkPriorities.priorities.25.workTypeId,work:quarry,,,explicit-serialized
CharacterSO|character-archetype:1002,character-archetype:1002,defaultWorkPriorities.priorities.25.priority,2,,,explicit-serialized
CharacterSO|character-archetype:1002,character-archetype:1002,defaultWorkPriorities.priorities.26.workTypeId,work:animal-care,,,explicit-serialized
CharacterSO|character-archetype:1002,character-archetype:1002,defaultWorkPriorities.priorities.26.priority,2,,,explicit-serialized
CharacterSO|character-archetype:1002,character-archetype:1002,defaultWorkPriorities.priorities.27.workTypeId,work:grand-project,,,explicit-serialized
CharacterSO|character-archetype:1002,character-archetype:1002,defaultWorkPriorities.priorities.27.priority,2,,,explicit-serialized
CharacterSO|character-archetype:1002,character-archetype:1002,defaultWorkPriorities.priorities.28.workTypeId,work:threat-mitigation,,,explicit-serialized
CharacterSO|character-archetype:1002,character-archetype:1002,defaultWorkPriorities.priorities.28.priority,1,,,explicit-serialized
CharacterSO|character-archetype:1002,character-archetype:1002,defaultWorkPriorities.priorities.29.workTypeId,work:plumbing,,,explicit-serialized
CharacterSO|character-archetype:1002,character-archetype:1002,defaultWorkPriorities.priorities.29.priority,2,,,explicit-serialized
CharacterSO|character-archetype:1002,character-archetype:1002,defaultWorkPriorities.legacyOperate,1,,,explicit-serialized
CharacterSO|character-archetype:1002,character-archetype:1002,defaultWorkPriorities.legacyRestock,2,,,explicit-serialized
CharacterSO|character-archetype:1002,character-archetype:1002,defaultWorkPriorities.legacyRepair,2,,,explicit-serialized
CharacterSO|character-archetype:1002,character-archetype:1002,defaultWorkPriorities.legacyClean,3,,,explicit-serialized
CharacterSO|character-archetype:1002,character-archetype:1002,defaultWorkPriorities.legacyResearch,2,,,explicit-serialized
CharacterSO|character-archetype:1002,character-archetype:1002,defaultWorkPriorities.legacyGuard,3,,,explicit-serialized
CharacterSO|character-archetype:1002,character-archetype:1002,defaultWorkPriorities.legacyRescue,2,,,explicit-serialized
CharacterSO|character-archetype:1002,character-archetype:1002,defaultWorkPriorities.legacyRest,3,,,explicit-serialized
CharacterSO|character-archetype:1002,character-archetype:1002,aiPersonality.diligence,1,,,explicit-serialized
CharacterSO|character-archetype:1002,character-archetype:1002,aiPersonality.curiosity,1,,,explicit-serialized
CharacterSO|character-archetype:1002,character-archetype:1002,aiPersonality.selfCare,1,,,explicit-serialized
CharacterSO|character-archetype:1002,character-archetype:1002,aiPersonality.patience,1,,,explicit-serialized
CharacterSO|character-archetype:1002,character-archetype:1002,aiPersonality.shoppingInterest,1,,,explicit-serialized
CharacterSO|character-archetype:1002,character-archetype:1002,aiPersonality.sociability,1,,,explicit-serialized
CharacterSO|character-archetype:1002,character-archetype:1002,aiPersonality.riskTaking,1,,,explicit-serialized
CharacterSO|character-archetype:1002,character-archetype:1002,aiPersonality.orderliness,1,,,explicit-serialized
CharacterSO|character-archetype:1002,character-archetype:1002,aiPersonality.outdoorPreference,1,,,explicit-serialized
CharacterSO|character-archetype:1002,character-archetype:1002,aiPersonality.noveltySeeking,1,,,explicit-serialized
CharacterSO|character-archetype:1002,character-archetype:1002,aiPersonality.routineAdherence,1,,,explicit-serialized
CharacterSO|character-archetype:1002,character-archetype:1002,ownerSummary,"초반 수리, 경비, 전투 대응에 강한 사장",,,explicit-serialized
CharacterSO|character-archetype:1002,character-archetype:1002,ownerPreferredWorkTypes,37,FacilityWorkType,Operate | Repair | Guard,explicit-serialized
CharacterSO|character-archetype:1002,character-archetype:1002,ownerFixedSkills,[],,,explicit-serialized
CharacterSO|character-archetype:1002,character-archetype:1002,characterSprite.fileID,21300000,,,explicit-serialized
CharacterSO|character-archetype:1002,character-archetype:1002,characterSprite.guid,bbf2e2af9c80d2a4c9b9d9bfd9cbc907,,,explicit-serialized
CharacterSO|character-archetype:1002,character-archetype:1002,characterSprite.type,3,,,explicit-serialized
CharacterSO|character-archetype:1002,character-archetype:1002,favoriteStore,[],,,explicit-serialized
CharacterSO|character-archetype:1002,character-archetype:1002,frequencyVisitMax,1,,,explicit-serialized
CharacterSO|character-archetype:1002,character-archetype:1002,frequencyVisitMin,1,,,explicit-serialized
CharacterSO|character-archetype:1002,character-archetype:1002,maxHoldingMoney,0,,,explicit-serialized
CharacterSO|character-archetype:1002,character-archetype:1002,minHoldingMoney,0,,,explicit-serialized
CharacterSO|character-archetype:1002,character-archetype:1002,speedType,4,CharacterSpeedType,Normal,explicit-serialized
CharacterSO|character-archetype:1002,character-archetype:1002,respawnSpeedType,13,CharacterRespawnSpeedType,Normal,explicit-serialized
CharacterSO|character-archetype:1003,character-archetype:1003,m_Name,Owner_Vampire,,,explicit-serialized
CharacterSO|character-archetype:1003,character-archetype:1003,archetypeId,character-archetype:1003,,,explicit-serialized
CharacterSO|character-archetype:1003,character-archetype:1003,visualVariantId,visual-variant:1003,,,explicit-serialized
CharacterSO|character-archetype:1003,character-archetype:1003,characterType,0,CharacterType,N P C,explicit-serialized
CharacterSO|character-archetype:1003,character-archetype:1003,role,1,CharacterRole,Owner,explicit-serialized
CharacterSO|character-archetype:1003,character-archetype:1003,id,1003,,,explicit-serialized
CharacterSO|character-archetype:1003,character-archetype:1003,characterName,뱀파이어 사장,,,explicit-serialized
CharacterSO|character-archetype:1003,character-archetype:1003,speciesTag,Vampire,,,explicit-serialized
CharacterSO|character-archetype:1003,character-archetype:1003,species.fileID,11400000,,,explicit-serialized
CharacterSO|character-archetype:1003,character-archetype:1003,species.guid,acd4481ed200a4d9bbd2fe13e47321ae,,,explicit-serialized
CharacterSO|character-archetype:1003,character-archetype:1003,species.type,2,,,explicit-serialized
CharacterSO|character-archetype:1003,character-archetype:1003,baseStats.entries.0.statId,stat:attack,,,explicit-serialized
CharacterSO|character-archetype:1003,character-archetype:1003,baseStats.entries.0.value,5,,,explicit-serialized
CharacterSO|character-archetype:1003,character-archetype:1003,baseStats.entries.1.statId,stat:sales,,,explicit-serialized
CharacterSO|character-archetype:1003,character-archetype:1003,baseStats.entries.1.value,6,,,explicit-serialized
CharacterSO|character-archetype:1003,character-archetype:1003,baseStats.entries.2.statId,stat:research,,,explicit-serialized
CharacterSO|character-archetype:1003,character-archetype:1003,baseStats.entries.2.value,8,,,explicit-serialized
CharacterSO|character-archetype:1003,character-archetype:1003,baseStats.entries.3.statId,stat:move-speed,,,explicit-serialized
CharacterSO|character-archetype:1003,character-archetype:1003,baseStats.entries.3.value,5,,,explicit-serialized
CharacterSO|character-archetype:1003,character-archetype:1003,baseStats.entries.4.statId,stat:strength,,,explicit-serialized
CharacterSO|character-archetype:1003,character-archetype:1003,baseStats.entries.4.value,4,,,explicit-serialized
CharacterSO|character-archetype:1003,character-archetype:1003,baseStats.entries.5.statId,stat:toughness,,,explicit-serialized
CharacterSO|character-archetype:1003,character-archetype:1003,baseStats.entries.5.value,5,,,explicit-serialized
CharacterSO|character-archetype:1003,character-archetype:1003,baseStats.entries.6.statId,stat:dexterity,,,explicit-serialized
CharacterSO|character-archetype:1003,character-archetype:1003,baseStats.entries.6.value,6,,,explicit-serialized
CharacterSO|character-archetype:1003,character-archetype:1003,baseStats.entries.7.statId,stat:cleaning,,,explicit-serialized
CharacterSO|character-archetype:1003,character-archetype:1003,baseStats.entries.7.value,4,,,explicit-serialized
CharacterSO|character-archetype:1003,character-archetype:1003,baseStats.entries.8.statId,stat:endurance,,,explicit-serialized
CharacterSO|character-archetype:1003,character-archetype:1003,baseStats.entries.8.value,8,,,explicit-serialized
CharacterSO|character-archetype:1003,character-archetype:1003,traits.0.fileID,11400000,,,explicit-serialized
CharacterSO|character-archetype:1003,character-archetype:1003,traits.0.guid,07093fb8e63486ce6ab79eba8236cdc9,,,explicit-serialized
CharacterSO|character-archetype:1003,character-archetype:1003,traits.0.type,2,,,explicit-serialized
CharacterSO|character-archetype:1003,character-archetype:1003,defaultWorkPriorities.schemaVersion,2,,,explicit-serialized
CharacterSO|character-archetype:1003,character-archetype:1003,defaultWorkPriorities.priorities.0.workTypeId,work:operate,,,explicit-serialized
CharacterSO|character-archetype:1003,character-archetype:1003,defaultWorkPriorities.priorities.0.priority,1,,,explicit-serialized
CharacterSO|character-archetype:1003,character-archetype:1003,defaultWorkPriorities.priorities.1.workTypeId,work:restock,,,explicit-serialized
CharacterSO|character-archetype:1003,character-archetype:1003,defaultWorkPriorities.priorities.1.priority,2,,,explicit-serialized
CharacterSO|character-archetype:1003,character-archetype:1003,defaultWorkPriorities.priorities.2.workTypeId,work:repair,,,explicit-serialized
CharacterSO|character-archetype:1003,character-archetype:1003,defaultWorkPriorities.priorities.2.priority,2,,,explicit-serialized
CharacterSO|character-archetype:1003,character-archetype:1003,defaultWorkPriorities.priorities.3.workTypeId,work:clean,,,explicit-serialized
CharacterSO|character-archetype:1003,character-archetype:1003,defaultWorkPriorities.priorities.3.priority,3,,,explicit-serialized
CharacterSO|character-archetype:1003,character-archetype:1003,defaultWorkPriorities.priorities.4.workTypeId,work:research,,,explicit-serialized
CharacterSO|character-archetype:1003,character-archetype:1003,defaultWorkPriorities.priorities.4.priority,2,,,explicit-serialized
CharacterSO|character-archetype:1003,character-archetype:1003,defaultWorkPriorities.priorities.5.workTypeId,work:guard,,,explicit-serialized
CharacterSO|character-archetype:1003,character-archetype:1003,defaultWorkPriorities.priorities.5.priority,3,,,explicit-serialized
CharacterSO|character-archetype:1003,character-archetype:1003,defaultWorkPriorities.priorities.6.workTypeId,work:rescue,,,explicit-serialized
CharacterSO|character-archetype:1003,character-archetype:1003,defaultWorkPriorities.priorities.6.priority,2,,,explicit-serialized
CharacterSO|character-archetype:1003,character-archetype:1003,defaultWorkPriorities.priorities.7.workTypeId,work:rest,,,explicit-serialized
CharacterSO|character-archetype:1003,character-archetype:1003,defaultWorkPriorities.priorities.7.priority,3,,,explicit-serialized
CharacterSO|character-archetype:1003,character-archetype:1003,defaultWorkPriorities.priorities.8.workTypeId,work:construct,,,explicit-serialized
CharacterSO|character-archetype:1003,character-archetype:1003,defaultWorkPriorities.priorities.8.priority,2,,,explicit-serialized
CharacterSO|character-archetype:1003,character-archetype:1003,defaultWorkPriorities.priorities.9.workTypeId,work:reception,,,explicit-serialized
CharacterSO|character-archetype:1003,character-archetype:1003,defaultWorkPriorities.priorities.9.priority,2,,,explicit-serialized
CharacterSO|character-archetype:1003,character-archetype:1003,defaultWorkPriorities.priorities.10.workTypeId,work:craft,,,explicit-serialized
CharacterSO|character-archetype:1003,character-archetype:1003,defaultWorkPriorities.priorities.10.priority,2,,,explicit-serialized
CharacterSO|character-archetype:1003,character-archetype:1003,defaultWorkPriorities.priorities.11.workTypeId,work:haul,,,explicit-serialized
CharacterSO|character-archetype:1003,character-archetype:1003,defaultWorkPriorities.priorities.11.priority,2,,,explicit-serialized
CharacterSO|character-archetype:1003,character-archetype:1003,defaultWorkPriorities.priorities.12.workTypeId,work:hunt,,,explicit-serialized
CharacterSO|character-archetype:1003,character-archetype:1003,defaultWorkPriorities.priorities.12.priority,2,,,explicit-serialized
CharacterSO|character-archetype:1003,character-archetype:1003,defaultWorkPriorities.priorities.13.workTypeId,work:butcher,,,explicit-serialized
CharacterSO|character-archetype:1003,character-archetype:1003,defaultWorkPriorities.priorities.13.priority,2,,,explicit-serialized
CharacterSO|character-archetype:1003,character-archetype:1003,defaultWorkPriorities.priorities.14.workTypeId,work:draw-water,,,explicit-serialized
CharacterSO|character-archetype:1003,character-archetype:1003,defaultWorkPriorities.priorities.14.priority,2,,,explicit-serialized
CharacterSO|character-archetype:1003,character-archetype:1003,defaultWorkPriorities.priorities.15.workTypeId,work:cook,,,explicit-serialized
CharacterSO|character-archetype:1003,character-archetype:1003,defaultWorkPriorities.priorities.15.priority,2,,,explicit-serialized
CharacterSO|character-archetype:1003,character-archetype:1003,defaultWorkPriorities.priorities.16.workTypeId,work:treat,,,explicit-serialized
CharacterSO|character-archetype:1003,character-archetype:1003,defaultWorkPriorities.priorities.16.priority,2,,,explicit-serialized
CharacterSO|character-archetype:1003,character-archetype:1003,defaultWorkPriorities.priorities.17.workTypeId,work:surgery,,,explicit-serialized
CharacterSO|character-archetype:1003,character-archetype:1003,defaultWorkPriorities.priorities.17.priority,1,,,explicit-serialized
CharacterSO|character-archetype:1003,character-archetype:1003,defaultWorkPriorities.priorities.18.workTypeId,work:refuel,,,explicit-serialized
CharacterSO|character-archetype:1003,character-archetype:1003,defaultWorkPriorities.priorities.18.priority,2,,,explicit-serialized
CharacterSO|character-archetype:1003,character-archetype:1003,defaultWorkPriorities.priorities.19.workTypeId,work:warden,,,explicit-serialized
CharacterSO|character-archetype:1003,character-archetype:1003,defaultWorkPriorities.priorities.19.priority,2,,,explicit-serialized
CharacterSO|character-archetype:1003,character-archetype:1003,defaultWorkPriorities.priorities.20.workTypeId,work:perform,,,explicit-serialized
CharacterSO|character-archetype:1003,character-archetype:1003,defaultWorkPriorities.priorities.20.priority,2,,,explicit-serialized
CharacterSO|character-archetype:1003,character-archetype:1003,defaultWorkPriorities.priorities.21.workTypeId,work:gather,,,explicit-serialized
CharacterSO|character-archetype:1003,character-archetype:1003,defaultWorkPriorities.priorities.21.priority,2,,,explicit-serialized
CharacterSO|character-archetype:1003,character-archetype:1003,defaultWorkPriorities.priorities.22.workTypeId,work:sow,,,explicit-serialized
CharacterSO|character-archetype:1003,character-archetype:1003,defaultWorkPriorities.priorities.22.priority,2,,,explicit-serialized
CharacterSO|character-archetype:1003,character-archetype:1003,defaultWorkPriorities.priorities.23.workTypeId,work:harvest,,,explicit-serialized
CharacterSO|character-archetype:1003,character-archetype:1003,defaultWorkPriorities.priorities.23.priority,2,,,explicit-serialized
CharacterSO|character-archetype:1003,character-archetype:1003,defaultWorkPriorities.priorities.24.workTypeId,work:logging,,,explicit-serialized
CharacterSO|character-archetype:1003,character-archetype:1003,defaultWorkPriorities.priorities.24.priority,2,,,explicit-serialized
CharacterSO|character-archetype:1003,character-archetype:1003,defaultWorkPriorities.priorities.25.workTypeId,work:quarry,,,explicit-serialized
CharacterSO|character-archetype:1003,character-archetype:1003,defaultWorkPriorities.priorities.25.priority,2,,,explicit-serialized
CharacterSO|character-archetype:1003,character-archetype:1003,defaultWorkPriorities.priorities.26.workTypeId,work:animal-care,,,explicit-serialized
CharacterSO|character-archetype:1003,character-archetype:1003,defaultWorkPriorities.priorities.26.priority,2,,,explicit-serialized
CharacterSO|character-archetype:1003,character-archetype:1003,defaultWorkPriorities.priorities.27.workTypeId,work:grand-project,,,explicit-serialized
CharacterSO|character-archetype:1003,character-archetype:1003,defaultWorkPriorities.priorities.27.priority,2,,,explicit-serialized
CharacterSO|character-archetype:1003,character-archetype:1003,defaultWorkPriorities.priorities.28.workTypeId,work:threat-mitigation,,,explicit-serialized
CharacterSO|character-archetype:1003,character-archetype:1003,defaultWorkPriorities.priorities.28.priority,1,,,explicit-serialized
CharacterSO|character-archetype:1003,character-archetype:1003,defaultWorkPriorities.priorities.29.workTypeId,work:plumbing,,,explicit-serialized
CharacterSO|character-archetype:1003,character-archetype:1003,defaultWorkPriorities.priorities.29.priority,2,,,explicit-serialized
CharacterSO|character-archetype:1003,character-archetype:1003,defaultWorkPriorities.legacyOperate,1,,,explicit-serialized
CharacterSO|character-archetype:1003,character-archetype:1003,defaultWorkPriorities.legacyRestock,2,,,explicit-serialized
CharacterSO|character-archetype:1003,character-archetype:1003,defaultWorkPriorities.legacyRepair,2,,,explicit-serialized
CharacterSO|character-archetype:1003,character-archetype:1003,defaultWorkPriorities.legacyClean,3,,,explicit-serialized
CharacterSO|character-archetype:1003,character-archetype:1003,defaultWorkPriorities.legacyResearch,2,,,explicit-serialized
CharacterSO|character-archetype:1003,character-archetype:1003,defaultWorkPriorities.legacyGuard,3,,,explicit-serialized
CharacterSO|character-archetype:1003,character-archetype:1003,defaultWorkPriorities.legacyRescue,2,,,explicit-serialized
CharacterSO|character-archetype:1003,character-archetype:1003,defaultWorkPriorities.legacyRest,3,,,explicit-serialized
CharacterSO|character-archetype:1003,character-archetype:1003,aiPersonality.diligence,1,,,explicit-serialized
CharacterSO|character-archetype:1003,character-archetype:1003,aiPersonality.curiosity,1,,,explicit-serialized
CharacterSO|character-archetype:1003,character-archetype:1003,aiPersonality.selfCare,1,,,explicit-serialized
CharacterSO|character-archetype:1003,character-archetype:1003,aiPersonality.patience,1,,,explicit-serialized
CharacterSO|character-archetype:1003,character-archetype:1003,aiPersonality.shoppingInterest,1,,,explicit-serialized
CharacterSO|character-archetype:1003,character-archetype:1003,aiPersonality.sociability,1,,,explicit-serialized
CharacterSO|character-archetype:1003,character-archetype:1003,aiPersonality.riskTaking,1,,,explicit-serialized
CharacterSO|character-archetype:1003,character-archetype:1003,aiPersonality.orderliness,1,,,explicit-serialized
CharacterSO|character-archetype:1003,character-archetype:1003,aiPersonality.outdoorPreference,1,,,explicit-serialized
CharacterSO|character-archetype:1003,character-archetype:1003,aiPersonality.noveltySeeking,1,,,explicit-serialized
CharacterSO|character-archetype:1003,character-archetype:1003,aiPersonality.routineAdherence,1,,,explicit-serialized
CharacterSO|character-archetype:1003,character-archetype:1003,ownerSummary,"초반 연구, 마력, 장기 운영에 강한 사장",,,explicit-serialized
CharacterSO|character-archetype:1003,character-archetype:1003,ownerPreferredWorkTypes,17,FacilityWorkType,Operate | Research,explicit-serialized
CharacterSO|character-archetype:1003,character-archetype:1003,ownerFixedSkills,[],,,explicit-serialized
CharacterSO|character-archetype:1003,character-archetype:1003,characterSprite.fileID,-4509912286342918290,,,explicit-serialized
CharacterSO|character-archetype:1003,character-archetype:1003,characterSprite.guid,d08f9f26898ffc7da8264f5fb45551de,,,explicit-serialized
CharacterSO|character-archetype:1003,character-archetype:1003,characterSprite.type,3,,,explicit-serialized
CharacterSO|character-archetype:1003,character-archetype:1003,favoriteStore,[],,,explicit-serialized
CharacterSO|character-archetype:1003,character-archetype:1003,frequencyVisitMax,1,,,explicit-serialized
CharacterSO|character-archetype:1003,character-archetype:1003,frequencyVisitMin,1,,,explicit-serialized
CharacterSO|character-archetype:1003,character-archetype:1003,maxHoldingMoney,0,,,explicit-serialized
CharacterSO|character-archetype:1003,character-archetype:1003,minHoldingMoney,0,,,explicit-serialized
CharacterSO|character-archetype:1003,character-archetype:1003,speedType,4,CharacterSpeedType,Normal,explicit-serialized
CharacterSO|character-archetype:1003,character-archetype:1003,respawnSpeedType,13,CharacterRespawnSpeedType,Normal,explicit-serialized
CharacterSO|character-archetype:1101,character-archetype:1101,m_Name,Staff_Generic,,,explicit-serialized
CharacterSO|character-archetype:1101,character-archetype:1101,archetypeId,character-archetype:1101,,,explicit-serialized
CharacterSO|character-archetype:1101,character-archetype:1101,visualVariantId,visual-variant:1101,,,explicit-serialized
CharacterSO|character-archetype:1101,character-archetype:1101,characterType,0,CharacterType,N P C,explicit-serialized
CharacterSO|character-archetype:1101,character-archetype:1101,role,0,CharacterRole,Regular,explicit-serialized
CharacterSO|character-archetype:1101,character-archetype:1101,id,1101,,,explicit-serialized
CharacterSO|character-archetype:1101,character-archetype:1101,characterName,일반 직원,,,explicit-serialized
CharacterSO|character-archetype:1101,character-archetype:1101,speciesTag,Slime,,,explicit-serialized
CharacterSO|character-archetype:1101,character-archetype:1101,species.fileID,11400000,,,explicit-serialized
CharacterSO|character-archetype:1101,character-archetype:1101,species.guid,4c9d840bdf77fa52c83d305b480c977f,,,explicit-serialized
CharacterSO|character-archetype:1101,character-archetype:1101,species.type,2,,,explicit-serialized
CharacterSO|character-archetype:1101,character-archetype:1101,baseStats.entries.0.statId,stat:attack,,,explicit-serialized
CharacterSO|character-archetype:1101,character-archetype:1101,baseStats.entries.0.value,5,,,explicit-serialized
CharacterSO|character-archetype:1101,character-archetype:1101,baseStats.entries.1.statId,stat:sales,,,explicit-serialized
CharacterSO|character-archetype:1101,character-archetype:1101,baseStats.entries.1.value,5,,,explicit-serialized
CharacterSO|character-archetype:1101,character-archetype:1101,baseStats.entries.2.statId,stat:research,,,explicit-serialized
CharacterSO|character-archetype:1101,character-archetype:1101,baseStats.entries.2.value,5,,,explicit-serialized
CharacterSO|character-archetype:1101,character-archetype:1101,baseStats.entries.3.statId,stat:move-speed,,,explicit-serialized
CharacterSO|character-archetype:1101,character-archetype:1101,baseStats.entries.3.value,5,,,explicit-serialized
CharacterSO|character-archetype:1101,character-archetype:1101,baseStats.entries.4.statId,stat:strength,,,explicit-serialized
CharacterSO|character-archetype:1101,character-archetype:1101,baseStats.entries.4.value,5,,,explicit-serialized
CharacterSO|character-archetype:1101,character-archetype:1101,baseStats.entries.5.statId,stat:toughness,,,explicit-serialized
CharacterSO|character-archetype:1101,character-archetype:1101,baseStats.entries.5.value,5,,,explicit-serialized
CharacterSO|character-archetype:1101,character-archetype:1101,baseStats.entries.6.statId,stat:dexterity,,,explicit-serialized
CharacterSO|character-archetype:1101,character-archetype:1101,baseStats.entries.6.value,5,,,explicit-serialized
CharacterSO|character-archetype:1101,character-archetype:1101,baseStats.entries.7.statId,stat:cleaning,,,explicit-serialized
CharacterSO|character-archetype:1101,character-archetype:1101,baseStats.entries.7.value,5,,,explicit-serialized
CharacterSO|character-archetype:1101,character-archetype:1101,baseStats.entries.8.statId,stat:endurance,,,explicit-serialized
CharacterSO|character-archetype:1101,character-archetype:1101,baseStats.entries.8.value,5,,,explicit-serialized
CharacterSO|character-archetype:1101,character-archetype:1101,traits.0.fileID,11400000,,,explicit-serialized
CharacterSO|character-archetype:1101,character-archetype:1101,traits.0.guid,864136c3057790c98b0d70fe75cb56e5,,,explicit-serialized
CharacterSO|character-archetype:1101,character-archetype:1101,traits.0.type,2,,,explicit-serialized
CharacterSO|character-archetype:1101,character-archetype:1101,defaultWorkPriorities.schemaVersion,2,,,explicit-serialized
CharacterSO|character-archetype:1101,character-archetype:1101,defaultWorkPriorities.priorities.0.workTypeId,work:operate,,,explicit-serialized
CharacterSO|character-archetype:1101,character-archetype:1101,defaultWorkPriorities.priorities.0.priority,1,,,explicit-serialized
CharacterSO|character-archetype:1101,character-archetype:1101,defaultWorkPriorities.priorities.1.workTypeId,work:restock,,,explicit-serialized
CharacterSO|character-archetype:1101,character-archetype:1101,defaultWorkPriorities.priorities.1.priority,2,,,explicit-serialized
CharacterSO|character-archetype:1101,character-archetype:1101,defaultWorkPriorities.priorities.2.workTypeId,work:repair,,,explicit-serialized
CharacterSO|character-archetype:1101,character-archetype:1101,defaultWorkPriorities.priorities.2.priority,2,,,explicit-serialized
CharacterSO|character-archetype:1101,character-archetype:1101,defaultWorkPriorities.priorities.3.workTypeId,work:clean,,,explicit-serialized
CharacterSO|character-archetype:1101,character-archetype:1101,defaultWorkPriorities.priorities.3.priority,3,,,explicit-serialized
CharacterSO|character-archetype:1101,character-archetype:1101,defaultWorkPriorities.priorities.4.workTypeId,work:research,,,explicit-serialized
CharacterSO|character-archetype:1101,character-archetype:1101,defaultWorkPriorities.priorities.4.priority,2,,,explicit-serialized
CharacterSO|character-archetype:1101,character-archetype:1101,defaultWorkPriorities.priorities.5.workTypeId,work:guard,,,explicit-serialized
CharacterSO|character-archetype:1101,character-archetype:1101,defaultWorkPriorities.priorities.5.priority,3,,,explicit-serialized
CharacterSO|character-archetype:1101,character-archetype:1101,defaultWorkPriorities.priorities.6.workTypeId,work:rescue,,,explicit-serialized
CharacterSO|character-archetype:1101,character-archetype:1101,defaultWorkPriorities.priorities.6.priority,2,,,explicit-serialized
CharacterSO|character-archetype:1101,character-archetype:1101,defaultWorkPriorities.priorities.7.workTypeId,work:rest,,,explicit-serialized
CharacterSO|character-archetype:1101,character-archetype:1101,defaultWorkPriorities.priorities.7.priority,3,,,explicit-serialized
CharacterSO|character-archetype:1101,character-archetype:1101,defaultWorkPriorities.priorities.8.workTypeId,work:construct,,,explicit-serialized
CharacterSO|character-archetype:1101,character-archetype:1101,defaultWorkPriorities.priorities.8.priority,2,,,explicit-serialized
CharacterSO|character-archetype:1101,character-archetype:1101,defaultWorkPriorities.priorities.9.workTypeId,work:reception,,,explicit-serialized
CharacterSO|character-archetype:1101,character-archetype:1101,defaultWorkPriorities.priorities.9.priority,2,,,explicit-serialized
CharacterSO|character-archetype:1101,character-archetype:1101,defaultWorkPriorities.priorities.10.workTypeId,work:craft,,,explicit-serialized
CharacterSO|character-archetype:1101,character-archetype:1101,defaultWorkPriorities.priorities.10.priority,2,,,explicit-serialized
CharacterSO|character-archetype:1101,character-archetype:1101,defaultWorkPriorities.priorities.11.workTypeId,work:haul,,,explicit-serialized
CharacterSO|character-archetype:1101,character-archetype:1101,defaultWorkPriorities.priorities.11.priority,2,,,explicit-serialized
CharacterSO|character-archetype:1101,character-archetype:1101,defaultWorkPriorities.priorities.12.workTypeId,work:hunt,,,explicit-serialized
CharacterSO|character-archetype:1101,character-archetype:1101,defaultWorkPriorities.priorities.12.priority,2,,,explicit-serialized
CharacterSO|character-archetype:1101,character-archetype:1101,defaultWorkPriorities.priorities.13.workTypeId,work:butcher,,,explicit-serialized
CharacterSO|character-archetype:1101,character-archetype:1101,defaultWorkPriorities.priorities.13.priority,2,,,explicit-serialized
CharacterSO|character-archetype:1101,character-archetype:1101,defaultWorkPriorities.priorities.14.workTypeId,work:draw-water,,,explicit-serialized
CharacterSO|character-archetype:1101,character-archetype:1101,defaultWorkPriorities.priorities.14.priority,2,,,explicit-serialized
CharacterSO|character-archetype:1101,character-archetype:1101,defaultWorkPriorities.priorities.15.workTypeId,work:cook,,,explicit-serialized
CharacterSO|character-archetype:1101,character-archetype:1101,defaultWorkPriorities.priorities.15.priority,2,,,explicit-serialized
CharacterSO|character-archetype:1101,character-archetype:1101,defaultWorkPriorities.priorities.16.workTypeId,work:treat,,,explicit-serialized
CharacterSO|character-archetype:1101,character-archetype:1101,defaultWorkPriorities.priorities.16.priority,2,,,explicit-serialized
CharacterSO|character-archetype:1101,character-archetype:1101,defaultWorkPriorities.priorities.17.workTypeId,work:surgery,,,explicit-serialized
CharacterSO|character-archetype:1101,character-archetype:1101,defaultWorkPriorities.priorities.17.priority,1,,,explicit-serialized
CharacterSO|character-archetype:1101,character-archetype:1101,defaultWorkPriorities.priorities.18.workTypeId,work:refuel,,,explicit-serialized
CharacterSO|character-archetype:1101,character-archetype:1101,defaultWorkPriorities.priorities.18.priority,2,,,explicit-serialized
CharacterSO|character-archetype:1101,character-archetype:1101,defaultWorkPriorities.priorities.19.workTypeId,work:warden,,,explicit-serialized
CharacterSO|character-archetype:1101,character-archetype:1101,defaultWorkPriorities.priorities.19.priority,2,,,explicit-serialized
CharacterSO|character-archetype:1101,character-archetype:1101,defaultWorkPriorities.priorities.20.workTypeId,work:perform,,,explicit-serialized
CharacterSO|character-archetype:1101,character-archetype:1101,defaultWorkPriorities.priorities.20.priority,2,,,explicit-serialized
CharacterSO|character-archetype:1101,character-archetype:1101,defaultWorkPriorities.priorities.21.workTypeId,work:gather,,,explicit-serialized
CharacterSO|character-archetype:1101,character-archetype:1101,defaultWorkPriorities.priorities.21.priority,2,,,explicit-serialized
CharacterSO|character-archetype:1101,character-archetype:1101,defaultWorkPriorities.priorities.22.workTypeId,work:sow,,,explicit-serialized
CharacterSO|character-archetype:1101,character-archetype:1101,defaultWorkPriorities.priorities.22.priority,2,,,explicit-serialized
CharacterSO|character-archetype:1101,character-archetype:1101,defaultWorkPriorities.priorities.23.workTypeId,work:harvest,,,explicit-serialized
CharacterSO|character-archetype:1101,character-archetype:1101,defaultWorkPriorities.priorities.23.priority,2,,,explicit-serialized
CharacterSO|character-archetype:1101,character-archetype:1101,defaultWorkPriorities.priorities.24.workTypeId,work:logging,,,explicit-serialized
CharacterSO|character-archetype:1101,character-archetype:1101,defaultWorkPriorities.priorities.24.priority,2,,,explicit-serialized
CharacterSO|character-archetype:1101,character-archetype:1101,defaultWorkPriorities.priorities.25.workTypeId,work:quarry,,,explicit-serialized
CharacterSO|character-archetype:1101,character-archetype:1101,defaultWorkPriorities.priorities.25.priority,2,,,explicit-serialized
CharacterSO|character-archetype:1101,character-archetype:1101,defaultWorkPriorities.priorities.26.workTypeId,work:animal-care,,,explicit-serialized
CharacterSO|character-archetype:1101,character-archetype:1101,defaultWorkPriorities.priorities.26.priority,2,,,explicit-serialized
CharacterSO|character-archetype:1101,character-archetype:1101,defaultWorkPriorities.priorities.27.workTypeId,work:grand-project,,,explicit-serialized
CharacterSO|character-archetype:1101,character-archetype:1101,defaultWorkPriorities.priorities.27.priority,2,,,explicit-serialized
CharacterSO|character-archetype:1101,character-archetype:1101,defaultWorkPriorities.priorities.28.workTypeId,work:threat-mitigation,,,explicit-serialized
CharacterSO|character-archetype:1101,character-archetype:1101,defaultWorkPriorities.priorities.28.priority,1,,,explicit-serialized
CharacterSO|character-archetype:1101,character-archetype:1101,defaultWorkPriorities.priorities.29.workTypeId,work:plumbing,,,explicit-serialized
CharacterSO|character-archetype:1101,character-archetype:1101,defaultWorkPriorities.priorities.29.priority,2,,,explicit-serialized
CharacterSO|character-archetype:1101,character-archetype:1101,defaultWorkPriorities.legacyOperate,1,,,explicit-serialized
CharacterSO|character-archetype:1101,character-archetype:1101,defaultWorkPriorities.legacyRestock,2,,,explicit-serialized
CharacterSO|character-archetype:1101,character-archetype:1101,defaultWorkPriorities.legacyRepair,2,,,explicit-serialized
CharacterSO|character-archetype:1101,character-archetype:1101,defaultWorkPriorities.legacyClean,3,,,explicit-serialized
CharacterSO|character-archetype:1101,character-archetype:1101,defaultWorkPriorities.legacyResearch,2,,,explicit-serialized
CharacterSO|character-archetype:1101,character-archetype:1101,defaultWorkPriorities.legacyGuard,3,,,explicit-serialized
CharacterSO|character-archetype:1101,character-archetype:1101,defaultWorkPriorities.legacyRescue,2,,,explicit-serialized
CharacterSO|character-archetype:1101,character-archetype:1101,defaultWorkPriorities.legacyRest,3,,,explicit-serialized
CharacterSO|character-archetype:1101,character-archetype:1101,aiPersonality.diligence,1,,,explicit-serialized
CharacterSO|character-archetype:1101,character-archetype:1101,aiPersonality.curiosity,1,,,explicit-serialized
CharacterSO|character-archetype:1101,character-archetype:1101,aiPersonality.selfCare,1,,,explicit-serialized
CharacterSO|character-archetype:1101,character-archetype:1101,aiPersonality.patience,1,,,explicit-serialized
CharacterSO|character-archetype:1101,character-archetype:1101,aiPersonality.shoppingInterest,1,,,explicit-serialized
CharacterSO|character-archetype:1101,character-archetype:1101,aiPersonality.sociability,1,,,explicit-serialized
CharacterSO|character-archetype:1101,character-archetype:1101,aiPersonality.riskTaking,1,,,explicit-serialized
CharacterSO|character-archetype:1101,character-archetype:1101,aiPersonality.orderliness,1,,,explicit-serialized
CharacterSO|character-archetype:1101,character-archetype:1101,aiPersonality.outdoorPreference,1,,,explicit-serialized
CharacterSO|character-archetype:1101,character-archetype:1101,aiPersonality.noveltySeeking,1,,,explicit-serialized
CharacterSO|character-archetype:1101,character-archetype:1101,aiPersonality.routineAdherence,1,,,explicit-serialized
CharacterSO|character-archetype:1101,character-archetype:1101,ownerSummary,,,,explicit-serialized
CharacterSO|character-archetype:1101,character-archetype:1101,ownerPreferredWorkTypes,0,FacilityWorkType,None,explicit-serialized
CharacterSO|character-archetype:1101,character-archetype:1101,ownerFixedSkills,[],,,explicit-serialized
CharacterSO|character-archetype:1101,character-archetype:1101,characterSprite.fileID,-177130652,,,explicit-serialized
CharacterSO|character-archetype:1101,character-archetype:1101,characterSprite.guid,268b13836c8af3d408110e228f534b75,,,explicit-serialized
CharacterSO|character-archetype:1101,character-archetype:1101,characterSprite.type,3,,,explicit-serialized
CharacterSO|character-archetype:1101,character-archetype:1101,favoriteStore,[],,,explicit-serialized
CharacterSO|character-archetype:1101,character-archetype:1101,frequencyVisitMax,3,,,explicit-serialized
CharacterSO|character-archetype:1101,character-archetype:1101,frequencyVisitMin,1,,,explicit-serialized
CharacterSO|character-archetype:1101,character-archetype:1101,maxHoldingMoney,300,,,explicit-serialized
CharacterSO|character-archetype:1101,character-archetype:1101,minHoldingMoney,100,,,explicit-serialized
CharacterSO|character-archetype:1101,character-archetype:1101,speedType,4,CharacterSpeedType,Normal,explicit-serialized
CharacterSO|character-archetype:1101,character-archetype:1101,respawnSpeedType,13,CharacterRespawnSpeedType,Normal,explicit-serialized
CharacterSO|character-archetype:2,character-archetype:2,m_Name,Customer_Orc,,,explicit-serialized
CharacterSO|character-archetype:2,character-archetype:2,archetypeId,character-archetype:2,,,explicit-serialized
CharacterSO|character-archetype:2,character-archetype:2,visualVariantId,visual-variant:2,,,explicit-serialized
CharacterSO|character-archetype:2,character-archetype:2,characterType,1,CharacterType,Customer,explicit-serialized
CharacterSO|character-archetype:2,character-archetype:2,role,0,CharacterRole,Regular,explicit-serialized
CharacterSO|character-archetype:2,character-archetype:2,id,2,,,explicit-serialized
CharacterSO|character-archetype:2,character-archetype:2,characterName,그롬,,,explicit-serialized
CharacterSO|character-archetype:2,character-archetype:2,speciesTag,Orc,,,explicit-serialized
CharacterSO|character-archetype:2,character-archetype:2,species.fileID,11400000,,,explicit-serialized
CharacterSO|character-archetype:2,character-archetype:2,species.guid,c7f6b6a35919a8091a84822b06288975,,,explicit-serialized
CharacterSO|character-archetype:2,character-archetype:2,species.type,2,,,explicit-serialized
CharacterSO|character-archetype:2,character-archetype:2,baseStats.entries.0.statId,stat:attack,,,explicit-serialized
CharacterSO|character-archetype:2,character-archetype:2,baseStats.entries.0.value,8,,,explicit-serialized
CharacterSO|character-archetype:2,character-archetype:2,baseStats.entries.1.statId,stat:sales,,,explicit-serialized
CharacterSO|character-archetype:2,character-archetype:2,baseStats.entries.1.value,4,,,explicit-serialized
CharacterSO|character-archetype:2,character-archetype:2,baseStats.entries.2.statId,stat:research,,,explicit-serialized
CharacterSO|character-archetype:2,character-archetype:2,baseStats.entries.2.value,3,,,explicit-serialized
CharacterSO|character-archetype:2,character-archetype:2,baseStats.entries.3.statId,stat:move-speed,,,explicit-serialized
CharacterSO|character-archetype:2,character-archetype:2,baseStats.entries.3.value,4,,,explicit-serialized
CharacterSO|character-archetype:2,character-archetype:2,baseStats.entries.4.statId,stat:strength,,,explicit-serialized
CharacterSO|character-archetype:2,character-archetype:2,baseStats.entries.4.value,8,,,explicit-serialized
CharacterSO|character-archetype:2,character-archetype:2,baseStats.entries.5.statId,stat:toughness,,,explicit-serialized
CharacterSO|character-archetype:2,character-archetype:2,baseStats.entries.5.value,8,,,explicit-serialized
CharacterSO|character-archetype:2,character-archetype:2,baseStats.entries.6.statId,stat:dexterity,,,explicit-serialized
CharacterSO|character-archetype:2,character-archetype:2,baseStats.entries.6.value,5,,,explicit-serialized
CharacterSO|character-archetype:2,character-archetype:2,baseStats.entries.7.statId,stat:cleaning,,,explicit-serialized
CharacterSO|character-archetype:2,character-archetype:2,baseStats.entries.7.value,3,,,explicit-serialized
CharacterSO|character-archetype:2,character-archetype:2,baseStats.entries.8.statId,stat:endurance,,,explicit-serialized
CharacterSO|character-archetype:2,character-archetype:2,baseStats.entries.8.value,7,,,explicit-serialized
CharacterSO|character-archetype:2,character-archetype:2,traits.0.fileID,11400000,,,explicit-serialized
CharacterSO|character-archetype:2,character-archetype:2,traits.0.guid,95fa850a1a682706faa160ba49bb26cf,,,explicit-serialized
CharacterSO|character-archetype:2,character-archetype:2,traits.0.type,2,,,explicit-serialized
CharacterSO|character-archetype:2,character-archetype:2,defaultWorkPriorities.schemaVersion,2,,,explicit-serialized
CharacterSO|character-archetype:2,character-archetype:2,defaultWorkPriorities.priorities.0.workTypeId,work:operate,,,explicit-serialized
CharacterSO|character-archetype:2,character-archetype:2,defaultWorkPriorities.priorities.0.priority,1,,,explicit-serialized
CharacterSO|character-archetype:2,character-archetype:2,defaultWorkPriorities.priorities.1.workTypeId,work:restock,,,explicit-serialized
CharacterSO|character-archetype:2,character-archetype:2,defaultWorkPriorities.priorities.1.priority,2,,,explicit-serialized
CharacterSO|character-archetype:2,character-archetype:2,defaultWorkPriorities.priorities.2.workTypeId,work:repair,,,explicit-serialized
CharacterSO|character-archetype:2,character-archetype:2,defaultWorkPriorities.priorities.2.priority,2,,,explicit-serialized
CharacterSO|character-archetype:2,character-archetype:2,defaultWorkPriorities.priorities.3.workTypeId,work:clean,,,explicit-serialized
CharacterSO|character-archetype:2,character-archetype:2,defaultWorkPriorities.priorities.3.priority,3,,,explicit-serialized
CharacterSO|character-archetype:2,character-archetype:2,defaultWorkPriorities.priorities.4.workTypeId,work:research,,,explicit-serialized
CharacterSO|character-archetype:2,character-archetype:2,defaultWorkPriorities.priorities.4.priority,2,,,explicit-serialized
CharacterSO|character-archetype:2,character-archetype:2,defaultWorkPriorities.priorities.5.workTypeId,work:guard,,,explicit-serialized
CharacterSO|character-archetype:2,character-archetype:2,defaultWorkPriorities.priorities.5.priority,3,,,explicit-serialized
CharacterSO|character-archetype:2,character-archetype:2,defaultWorkPriorities.priorities.6.workTypeId,work:rescue,,,explicit-serialized
CharacterSO|character-archetype:2,character-archetype:2,defaultWorkPriorities.priorities.6.priority,2,,,explicit-serialized
CharacterSO|character-archetype:2,character-archetype:2,defaultWorkPriorities.priorities.7.workTypeId,work:rest,,,explicit-serialized
CharacterSO|character-archetype:2,character-archetype:2,defaultWorkPriorities.priorities.7.priority,3,,,explicit-serialized
CharacterSO|character-archetype:2,character-archetype:2,defaultWorkPriorities.priorities.8.workTypeId,work:construct,,,explicit-serialized
CharacterSO|character-archetype:2,character-archetype:2,defaultWorkPriorities.priorities.8.priority,2,,,explicit-serialized
CharacterSO|character-archetype:2,character-archetype:2,defaultWorkPriorities.priorities.9.workTypeId,work:reception,,,explicit-serialized
CharacterSO|character-archetype:2,character-archetype:2,defaultWorkPriorities.priorities.9.priority,2,,,explicit-serialized
CharacterSO|character-archetype:2,character-archetype:2,defaultWorkPriorities.priorities.10.workTypeId,work:craft,,,explicit-serialized
CharacterSO|character-archetype:2,character-archetype:2,defaultWorkPriorities.priorities.10.priority,2,,,explicit-serialized
CharacterSO|character-archetype:2,character-archetype:2,defaultWorkPriorities.priorities.11.workTypeId,work:haul,,,explicit-serialized
CharacterSO|character-archetype:2,character-archetype:2,defaultWorkPriorities.priorities.11.priority,2,,,explicit-serialized
CharacterSO|character-archetype:2,character-archetype:2,defaultWorkPriorities.priorities.12.workTypeId,work:hunt,,,explicit-serialized
CharacterSO|character-archetype:2,character-archetype:2,defaultWorkPriorities.priorities.12.priority,2,,,explicit-serialized
CharacterSO|character-archetype:2,character-archetype:2,defaultWorkPriorities.priorities.13.workTypeId,work:butcher,,,explicit-serialized
CharacterSO|character-archetype:2,character-archetype:2,defaultWorkPriorities.priorities.13.priority,2,,,explicit-serialized
CharacterSO|character-archetype:2,character-archetype:2,defaultWorkPriorities.priorities.14.workTypeId,work:draw-water,,,explicit-serialized
CharacterSO|character-archetype:2,character-archetype:2,defaultWorkPriorities.priorities.14.priority,2,,,explicit-serialized
CharacterSO|character-archetype:2,character-archetype:2,defaultWorkPriorities.priorities.15.workTypeId,work:cook,,,explicit-serialized
CharacterSO|character-archetype:2,character-archetype:2,defaultWorkPriorities.priorities.15.priority,2,,,explicit-serialized
CharacterSO|character-archetype:2,character-archetype:2,defaultWorkPriorities.priorities.16.workTypeId,work:treat,,,explicit-serialized
CharacterSO|character-archetype:2,character-archetype:2,defaultWorkPriorities.priorities.16.priority,2,,,explicit-serialized
CharacterSO|character-archetype:2,character-archetype:2,defaultWorkPriorities.priorities.17.workTypeId,work:surgery,,,explicit-serialized
CharacterSO|character-archetype:2,character-archetype:2,defaultWorkPriorities.priorities.17.priority,1,,,explicit-serialized
CharacterSO|character-archetype:2,character-archetype:2,defaultWorkPriorities.priorities.18.workTypeId,work:refuel,,,explicit-serialized
CharacterSO|character-archetype:2,character-archetype:2,defaultWorkPriorities.priorities.18.priority,2,,,explicit-serialized
CharacterSO|character-archetype:2,character-archetype:2,defaultWorkPriorities.priorities.19.workTypeId,work:warden,,,explicit-serialized
CharacterSO|character-archetype:2,character-archetype:2,defaultWorkPriorities.priorities.19.priority,2,,,explicit-serialized
CharacterSO|character-archetype:2,character-archetype:2,defaultWorkPriorities.priorities.20.workTypeId,work:perform,,,explicit-serialized
CharacterSO|character-archetype:2,character-archetype:2,defaultWorkPriorities.priorities.20.priority,2,,,explicit-serialized
CharacterSO|character-archetype:2,character-archetype:2,defaultWorkPriorities.priorities.21.workTypeId,work:gather,,,explicit-serialized
CharacterSO|character-archetype:2,character-archetype:2,defaultWorkPriorities.priorities.21.priority,2,,,explicit-serialized
CharacterSO|character-archetype:2,character-archetype:2,defaultWorkPriorities.priorities.22.workTypeId,work:sow,,,explicit-serialized
CharacterSO|character-archetype:2,character-archetype:2,defaultWorkPriorities.priorities.22.priority,2,,,explicit-serialized
CharacterSO|character-archetype:2,character-archetype:2,defaultWorkPriorities.priorities.23.workTypeId,work:harvest,,,explicit-serialized
CharacterSO|character-archetype:2,character-archetype:2,defaultWorkPriorities.priorities.23.priority,2,,,explicit-serialized
CharacterSO|character-archetype:2,character-archetype:2,defaultWorkPriorities.priorities.24.workTypeId,work:logging,,,explicit-serialized
CharacterSO|character-archetype:2,character-archetype:2,defaultWorkPriorities.priorities.24.priority,2,,,explicit-serialized
CharacterSO|character-archetype:2,character-archetype:2,defaultWorkPriorities.priorities.25.workTypeId,work:quarry,,,explicit-serialized
CharacterSO|character-archetype:2,character-archetype:2,defaultWorkPriorities.priorities.25.priority,2,,,explicit-serialized
CharacterSO|character-archetype:2,character-archetype:2,defaultWorkPriorities.priorities.26.workTypeId,work:animal-care,,,explicit-serialized
CharacterSO|character-archetype:2,character-archetype:2,defaultWorkPriorities.priorities.26.priority,2,,,explicit-serialized
CharacterSO|character-archetype:2,character-archetype:2,defaultWorkPriorities.priorities.27.workTypeId,work:grand-project,,,explicit-serialized
CharacterSO|character-archetype:2,character-archetype:2,defaultWorkPriorities.priorities.27.priority,2,,,explicit-serialized
CharacterSO|character-archetype:2,character-archetype:2,defaultWorkPriorities.priorities.28.workTypeId,work:threat-mitigation,,,explicit-serialized
CharacterSO|character-archetype:2,character-archetype:2,defaultWorkPriorities.priorities.28.priority,1,,,explicit-serialized
CharacterSO|character-archetype:2,character-archetype:2,defaultWorkPriorities.priorities.29.workTypeId,work:plumbing,,,explicit-serialized
CharacterSO|character-archetype:2,character-archetype:2,defaultWorkPriorities.priorities.29.priority,2,,,explicit-serialized
CharacterSO|character-archetype:2,character-archetype:2,defaultWorkPriorities.legacyOperate,1,,,explicit-serialized
CharacterSO|character-archetype:2,character-archetype:2,defaultWorkPriorities.legacyRestock,2,,,explicit-serialized
CharacterSO|character-archetype:2,character-archetype:2,defaultWorkPriorities.legacyRepair,2,,,explicit-serialized
CharacterSO|character-archetype:2,character-archetype:2,defaultWorkPriorities.legacyClean,3,,,explicit-serialized
CharacterSO|character-archetype:2,character-archetype:2,defaultWorkPriorities.legacyResearch,2,,,explicit-serialized
CharacterSO|character-archetype:2,character-archetype:2,defaultWorkPriorities.legacyGuard,3,,,explicit-serialized
CharacterSO|character-archetype:2,character-archetype:2,defaultWorkPriorities.legacyRescue,2,,,explicit-serialized
CharacterSO|character-archetype:2,character-archetype:2,defaultWorkPriorities.legacyRest,3,,,explicit-serialized
CharacterSO|character-archetype:2,character-archetype:2,aiPersonality.diligence,1,,,explicit-serialized
CharacterSO|character-archetype:2,character-archetype:2,aiPersonality.curiosity,0.8,,,explicit-serialized
CharacterSO|character-archetype:2,character-archetype:2,aiPersonality.selfCare,0.9,,,explicit-serialized
CharacterSO|character-archetype:2,character-archetype:2,aiPersonality.patience,0.8,,,explicit-serialized
CharacterSO|character-archetype:2,character-archetype:2,aiPersonality.shoppingInterest,0.9,,,explicit-serialized
CharacterSO|character-archetype:2,character-archetype:2,aiPersonality.sociability,1,,,explicit-serialized
CharacterSO|character-archetype:2,character-archetype:2,aiPersonality.riskTaking,1,,,explicit-serialized
CharacterSO|character-archetype:2,character-archetype:2,aiPersonality.orderliness,1,,,explicit-serialized
CharacterSO|character-archetype:2,character-archetype:2,aiPersonality.outdoorPreference,1,,,explicit-serialized
CharacterSO|character-archetype:2,character-archetype:2,aiPersonality.noveltySeeking,1,,,explicit-serialized
CharacterSO|character-archetype:2,character-archetype:2,aiPersonality.routineAdherence,1,,,explicit-serialized
CharacterSO|character-archetype:2,character-archetype:2,ownerSummary,,,,explicit-serialized
CharacterSO|character-archetype:2,character-archetype:2,ownerPreferredWorkTypes,0,FacilityWorkType,None,explicit-serialized
CharacterSO|character-archetype:2,character-archetype:2,ownerFixedSkills,[],,,explicit-serialized
CharacterSO|character-archetype:2,character-archetype:2,characterSprite.fileID,21300000,,,explicit-serialized
CharacterSO|character-archetype:2,character-archetype:2,characterSprite.guid,bbf2e2af9c80d2a4c9b9d9bfd9cbc907,,,explicit-serialized
CharacterSO|character-archetype:2,character-archetype:2,characterSprite.type,3,,,explicit-serialized
CharacterSO|character-archetype:2,character-archetype:2,favoriteStore,[],,,explicit-serialized
CharacterSO|character-archetype:2,character-archetype:2,frequencyVisitMax,3,,,explicit-serialized
CharacterSO|character-archetype:2,character-archetype:2,frequencyVisitMin,1,,,explicit-serialized
CharacterSO|character-archetype:2,character-archetype:2,maxHoldingMoney,350,,,explicit-serialized
CharacterSO|character-archetype:2,character-archetype:2,minHoldingMoney,120,,,explicit-serialized
CharacterSO|character-archetype:2,character-archetype:2,speedType,4,CharacterSpeedType,Normal,explicit-serialized
CharacterSO|character-archetype:2,character-archetype:2,respawnSpeedType,13,CharacterRespawnSpeedType,Normal,explicit-serialized
CharacterSO|character-archetype:2001,character-archetype:2001,m_Name,Intruder_Breakthrough,,,explicit-serialized
CharacterSO|character-archetype:2001,character-archetype:2001,archetypeId,character-archetype:2001,,,explicit-serialized
CharacterSO|character-archetype:2001,character-archetype:2001,visualVariantId,visual-variant:2001,,,explicit-serialized
CharacterSO|character-archetype:2001,character-archetype:2001,characterType,2,CharacterType,Intruder,explicit-serialized
CharacterSO|character-archetype:2001,character-archetype:2001,role,0,CharacterRole,Regular,explicit-serialized
CharacterSO|character-archetype:2001,character-archetype:2001,id,2001,,,explicit-serialized
CharacterSO|character-archetype:2001,character-archetype:2001,characterName,돌파형 침입자,,,explicit-serialized
CharacterSO|character-archetype:2001,character-archetype:2001,speciesTag,Adventurer,,,explicit-serialized
CharacterSO|character-archetype:2001,character-archetype:2001,species.fileID,11400000,,,explicit-serialized
CharacterSO|character-archetype:2001,character-archetype:2001,species.guid,eca51344f20fbf746af86e4950a735cf,,,explicit-serialized
CharacterSO|character-archetype:2001,character-archetype:2001,species.type,2,,,explicit-serialized
CharacterSO|character-archetype:2001,character-archetype:2001,baseStats.entries.0.statId,stat:attack,,,explicit-serialized
CharacterSO|character-archetype:2001,character-archetype:2001,baseStats.entries.0.value,6,,,explicit-serialized
CharacterSO|character-archetype:2001,character-archetype:2001,baseStats.entries.1.statId,stat:sales,,,explicit-serialized
CharacterSO|character-archetype:2001,character-archetype:2001,baseStats.entries.1.value,1,,,explicit-serialized
CharacterSO|character-archetype:2001,character-archetype:2001,baseStats.entries.2.statId,stat:research,,,explicit-serialized
CharacterSO|character-archetype:2001,character-archetype:2001,baseStats.entries.2.value,1,,,explicit-serialized
CharacterSO|character-archetype:2001,character-archetype:2001,baseStats.entries.3.statId,stat:move-speed,,,explicit-serialized
CharacterSO|character-archetype:2001,character-archetype:2001,baseStats.entries.3.value,5,,,explicit-serialized
CharacterSO|character-archetype:2001,character-archetype:2001,baseStats.entries.4.statId,stat:strength,,,explicit-serialized
CharacterSO|character-archetype:2001,character-archetype:2001,baseStats.entries.4.value,5,,,explicit-serialized
CharacterSO|character-archetype:2001,character-archetype:2001,baseStats.entries.5.statId,stat:toughness,,,explicit-serialized
CharacterSO|character-archetype:2001,character-archetype:2001,baseStats.entries.5.value,5,,,explicit-serialized
CharacterSO|character-archetype:2001,character-archetype:2001,baseStats.entries.6.statId,stat:dexterity,,,explicit-serialized
CharacterSO|character-archetype:2001,character-archetype:2001,baseStats.entries.6.value,5,,,explicit-serialized
CharacterSO|character-archetype:2001,character-archetype:2001,baseStats.entries.7.statId,stat:cleaning,,,explicit-serialized
CharacterSO|character-archetype:2001,character-archetype:2001,baseStats.entries.7.value,1,,,explicit-serialized
CharacterSO|character-archetype:2001,character-archetype:2001,baseStats.entries.8.statId,stat:endurance,,,explicit-serialized
CharacterSO|character-archetype:2001,character-archetype:2001,baseStats.entries.8.value,5,,,explicit-serialized
CharacterSO|character-archetype:2001,character-archetype:2001,traits,[],,,explicit-serialized
CharacterSO|character-archetype:2001,character-archetype:2001,defaultWorkPriorities.schemaVersion,2,,,explicit-serialized
CharacterSO|character-archetype:2001,character-archetype:2001,defaultWorkPriorities.priorities.0.workTypeId,work:operate,,,explicit-serialized
CharacterSO|character-archetype:2001,character-archetype:2001,defaultWorkPriorities.priorities.0.priority,1,,,explicit-serialized
CharacterSO|character-archetype:2001,character-archetype:2001,defaultWorkPriorities.priorities.1.workTypeId,work:restock,,,explicit-serialized
CharacterSO|character-archetype:2001,character-archetype:2001,defaultWorkPriorities.priorities.1.priority,2,,,explicit-serialized
CharacterSO|character-archetype:2001,character-archetype:2001,defaultWorkPriorities.priorities.2.workTypeId,work:repair,,,explicit-serialized
CharacterSO|character-archetype:2001,character-archetype:2001,defaultWorkPriorities.priorities.2.priority,2,,,explicit-serialized
CharacterSO|character-archetype:2001,character-archetype:2001,defaultWorkPriorities.priorities.3.workTypeId,work:clean,,,explicit-serialized
CharacterSO|character-archetype:2001,character-archetype:2001,defaultWorkPriorities.priorities.3.priority,3,,,explicit-serialized
CharacterSO|character-archetype:2001,character-archetype:2001,defaultWorkPriorities.priorities.4.workTypeId,work:research,,,explicit-serialized
CharacterSO|character-archetype:2001,character-archetype:2001,defaultWorkPriorities.priorities.4.priority,3,,,explicit-serialized
CharacterSO|character-archetype:2001,character-archetype:2001,defaultWorkPriorities.priorities.5.workTypeId,work:guard,,,explicit-serialized
CharacterSO|character-archetype:2001,character-archetype:2001,defaultWorkPriorities.priorities.5.priority,3,,,explicit-serialized
CharacterSO|character-archetype:2001,character-archetype:2001,defaultWorkPriorities.priorities.6.workTypeId,work:rescue,,,explicit-serialized
CharacterSO|character-archetype:2001,character-archetype:2001,defaultWorkPriorities.priorities.6.priority,2,,,explicit-serialized
CharacterSO|character-archetype:2001,character-archetype:2001,defaultWorkPriorities.priorities.7.workTypeId,work:rest,,,explicit-serialized
CharacterSO|character-archetype:2001,character-archetype:2001,defaultWorkPriorities.priorities.7.priority,3,,,explicit-serialized
CharacterSO|character-archetype:2001,character-archetype:2001,defaultWorkPriorities.priorities.8.workTypeId,work:construct,,,explicit-serialized
CharacterSO|character-archetype:2001,character-archetype:2001,defaultWorkPriorities.priorities.8.priority,2,,,explicit-serialized
CharacterSO|character-archetype:2001,character-archetype:2001,defaultWorkPriorities.priorities.9.workTypeId,work:reception,,,explicit-serialized
CharacterSO|character-archetype:2001,character-archetype:2001,defaultWorkPriorities.priorities.9.priority,2,,,explicit-serialized
CharacterSO|character-archetype:2001,character-archetype:2001,defaultWorkPriorities.priorities.10.workTypeId,work:craft,,,explicit-serialized
CharacterSO|character-archetype:2001,character-archetype:2001,defaultWorkPriorities.priorities.10.priority,2,,,explicit-serialized
CharacterSO|character-archetype:2001,character-archetype:2001,defaultWorkPriorities.priorities.11.workTypeId,work:haul,,,explicit-serialized
CharacterSO|character-archetype:2001,character-archetype:2001,defaultWorkPriorities.priorities.11.priority,2,,,explicit-serialized
CharacterSO|character-archetype:2001,character-archetype:2001,defaultWorkPriorities.priorities.12.workTypeId,work:hunt,,,explicit-serialized
CharacterSO|character-archetype:2001,character-archetype:2001,defaultWorkPriorities.priorities.12.priority,2,,,explicit-serialized
CharacterSO|character-archetype:2001,character-archetype:2001,defaultWorkPriorities.priorities.13.workTypeId,work:butcher,,,explicit-serialized
CharacterSO|character-archetype:2001,character-archetype:2001,defaultWorkPriorities.priorities.13.priority,2,,,explicit-serialized
CharacterSO|character-archetype:2001,character-archetype:2001,defaultWorkPriorities.priorities.14.workTypeId,work:draw-water,,,explicit-serialized
CharacterSO|character-archetype:2001,character-archetype:2001,defaultWorkPriorities.priorities.14.priority,2,,,explicit-serialized
CharacterSO|character-archetype:2001,character-archetype:2001,defaultWorkPriorities.priorities.15.workTypeId,work:cook,,,explicit-serialized
CharacterSO|character-archetype:2001,character-archetype:2001,defaultWorkPriorities.priorities.15.priority,2,,,explicit-serialized
CharacterSO|character-archetype:2001,character-archetype:2001,defaultWorkPriorities.priorities.16.workTypeId,work:treat,,,explicit-serialized
CharacterSO|character-archetype:2001,character-archetype:2001,defaultWorkPriorities.priorities.16.priority,2,,,explicit-serialized
CharacterSO|character-archetype:2001,character-archetype:2001,defaultWorkPriorities.priorities.17.workTypeId,work:surgery,,,explicit-serialized
CharacterSO|character-archetype:2001,character-archetype:2001,defaultWorkPriorities.priorities.17.priority,1,,,explicit-serialized
CharacterSO|character-archetype:2001,character-archetype:2001,defaultWorkPriorities.priorities.18.workTypeId,work:refuel,,,explicit-serialized
CharacterSO|character-archetype:2001,character-archetype:2001,defaultWorkPriorities.priorities.18.priority,2,,,explicit-serialized
CharacterSO|character-archetype:2001,character-archetype:2001,defaultWorkPriorities.priorities.19.workTypeId,work:warden,,,explicit-serialized
CharacterSO|character-archetype:2001,character-archetype:2001,defaultWorkPriorities.priorities.19.priority,2,,,explicit-serialized
CharacterSO|character-archetype:2001,character-archetype:2001,defaultWorkPriorities.priorities.20.workTypeId,work:perform,,,explicit-serialized
CharacterSO|character-archetype:2001,character-archetype:2001,defaultWorkPriorities.priorities.20.priority,2,,,explicit-serialized
CharacterSO|character-archetype:2001,character-archetype:2001,defaultWorkPriorities.priorities.21.workTypeId,work:gather,,,explicit-serialized
CharacterSO|character-archetype:2001,character-archetype:2001,defaultWorkPriorities.priorities.21.priority,2,,,explicit-serialized
CharacterSO|character-archetype:2001,character-archetype:2001,defaultWorkPriorities.priorities.22.workTypeId,work:sow,,,explicit-serialized
CharacterSO|character-archetype:2001,character-archetype:2001,defaultWorkPriorities.priorities.22.priority,2,,,explicit-serialized
CharacterSO|character-archetype:2001,character-archetype:2001,defaultWorkPriorities.priorities.23.workTypeId,work:harvest,,,explicit-serialized
CharacterSO|character-archetype:2001,character-archetype:2001,defaultWorkPriorities.priorities.23.priority,2,,,explicit-serialized
CharacterSO|character-archetype:2001,character-archetype:2001,defaultWorkPriorities.priorities.24.workTypeId,work:logging,,,explicit-serialized
CharacterSO|character-archetype:2001,character-archetype:2001,defaultWorkPriorities.priorities.24.priority,2,,,explicit-serialized
CharacterSO|character-archetype:2001,character-archetype:2001,defaultWorkPriorities.priorities.25.workTypeId,work:quarry,,,explicit-serialized
CharacterSO|character-archetype:2001,character-archetype:2001,defaultWorkPriorities.priorities.25.priority,2,,,explicit-serialized
CharacterSO|character-archetype:2001,character-archetype:2001,defaultWorkPriorities.priorities.26.workTypeId,work:animal-care,,,explicit-serialized
CharacterSO|character-archetype:2001,character-archetype:2001,defaultWorkPriorities.priorities.26.priority,2,,,explicit-serialized
CharacterSO|character-archetype:2001,character-archetype:2001,defaultWorkPriorities.priorities.27.workTypeId,work:grand-project,,,explicit-serialized
CharacterSO|character-archetype:2001,character-archetype:2001,defaultWorkPriorities.priorities.27.priority,2,,,explicit-serialized
CharacterSO|character-archetype:2001,character-archetype:2001,defaultWorkPriorities.priorities.28.workTypeId,work:threat-mitigation,,,explicit-serialized
CharacterSO|character-archetype:2001,character-archetype:2001,defaultWorkPriorities.priorities.28.priority,1,,,explicit-serialized
CharacterSO|character-archetype:2001,character-archetype:2001,defaultWorkPriorities.priorities.29.workTypeId,work:plumbing,,,explicit-serialized
CharacterSO|character-archetype:2001,character-archetype:2001,defaultWorkPriorities.priorities.29.priority,2,,,explicit-serialized
CharacterSO|character-archetype:2001,character-archetype:2001,defaultWorkPriorities.legacyOperate,1,,,explicit-serialized
CharacterSO|character-archetype:2001,character-archetype:2001,defaultWorkPriorities.legacyRestock,2,,,explicit-serialized
CharacterSO|character-archetype:2001,character-archetype:2001,defaultWorkPriorities.legacyRepair,2,,,explicit-serialized
CharacterSO|character-archetype:2001,character-archetype:2001,defaultWorkPriorities.legacyClean,3,,,explicit-serialized
CharacterSO|character-archetype:2001,character-archetype:2001,defaultWorkPriorities.legacyResearch,3,,,explicit-serialized
CharacterSO|character-archetype:2001,character-archetype:2001,defaultWorkPriorities.legacyGuard,3,,,explicit-serialized
CharacterSO|character-archetype:2001,character-archetype:2001,defaultWorkPriorities.legacyRescue,2,,,explicit-serialized
CharacterSO|character-archetype:2001,character-archetype:2001,defaultWorkPriorities.legacyRest,3,,,explicit-serialized
CharacterSO|character-archetype:2001,character-archetype:2001,aiPersonality.diligence,1,,,explicit-serialized
CharacterSO|character-archetype:2001,character-archetype:2001,aiPersonality.curiosity,1,,,explicit-serialized
CharacterSO|character-archetype:2001,character-archetype:2001,aiPersonality.selfCare,1,,,explicit-serialized
CharacterSO|character-archetype:2001,character-archetype:2001,aiPersonality.patience,1,,,explicit-serialized
CharacterSO|character-archetype:2001,character-archetype:2001,aiPersonality.shoppingInterest,1,,,explicit-serialized
CharacterSO|character-archetype:2001,character-archetype:2001,aiPersonality.sociability,1,,,explicit-serialized
CharacterSO|character-archetype:2001,character-archetype:2001,aiPersonality.riskTaking,1,,,explicit-serialized
CharacterSO|character-archetype:2001,character-archetype:2001,aiPersonality.orderliness,1,,,explicit-serialized
CharacterSO|character-archetype:2001,character-archetype:2001,aiPersonality.outdoorPreference,1,,,explicit-serialized
CharacterSO|character-archetype:2001,character-archetype:2001,aiPersonality.noveltySeeking,1,,,explicit-serialized
CharacterSO|character-archetype:2001,character-archetype:2001,aiPersonality.routineAdherence,1,,,explicit-serialized
CharacterSO|character-archetype:2001,character-archetype:2001,ownerSummary,,,,explicit-serialized
CharacterSO|character-archetype:2001,character-archetype:2001,ownerPreferredWorkTypes,0,FacilityWorkType,None,explicit-serialized
CharacterSO|character-archetype:2001,character-archetype:2001,ownerFixedSkills,[],,,explicit-serialized
CharacterSO|character-archetype:2001,character-archetype:2001,characterSprite.fileID,7209263935999527917,,,explicit-serialized
CharacterSO|character-archetype:2001,character-archetype:2001,characterSprite.guid,c93e69b6afb427c46862a1674e92c3fe,,,explicit-serialized
CharacterSO|character-archetype:2001,character-archetype:2001,characterSprite.type,3,,,explicit-serialized
CharacterSO|character-archetype:2001,character-archetype:2001,favoriteStore,[],,,explicit-serialized
CharacterSO|character-archetype:2001,character-archetype:2001,frequencyVisitMax,1,,,explicit-serialized
CharacterSO|character-archetype:2001,character-archetype:2001,frequencyVisitMin,1,,,explicit-serialized
CharacterSO|character-archetype:2001,character-archetype:2001,maxHoldingMoney,0,,,explicit-serialized
CharacterSO|character-archetype:2001,character-archetype:2001,minHoldingMoney,0,,,explicit-serialized
CharacterSO|character-archetype:2001,character-archetype:2001,speedType,4,CharacterSpeedType,Normal,explicit-serialized
CharacterSO|character-archetype:2001,character-archetype:2001,respawnSpeedType,13,CharacterRespawnSpeedType,Normal,explicit-serialized
CharacterSO|character-archetype:3,character-archetype:3,m_Name,Customer_Vampire,,,explicit-serialized
CharacterSO|character-archetype:3,character-archetype:3,archetypeId,character-archetype:3,,,explicit-serialized
CharacterSO|character-archetype:3,character-archetype:3,visualVariantId,visual-variant:3,,,explicit-serialized
CharacterSO|character-archetype:3,character-archetype:3,characterType,1,CharacterType,Customer,explicit-serialized
CharacterSO|character-archetype:3,character-archetype:3,role,0,CharacterRole,Regular,explicit-serialized
CharacterSO|character-archetype:3,character-archetype:3,id,3,,,explicit-serialized
CharacterSO|character-archetype:3,character-archetype:3,characterName,세라,,,explicit-serialized
CharacterSO|character-archetype:3,character-archetype:3,speciesTag,Vampire,,,explicit-serialized
CharacterSO|character-archetype:3,character-archetype:3,species.fileID,11400000,,,explicit-serialized
CharacterSO|character-archetype:3,character-archetype:3,species.guid,acd4481ed200a4d9bbd2fe13e47321ae,,,explicit-serialized
CharacterSO|character-archetype:3,character-archetype:3,species.type,2,,,explicit-serialized
CharacterSO|character-archetype:3,character-archetype:3,baseStats.entries.0.statId,stat:attack,,,explicit-serialized
CharacterSO|character-archetype:3,character-archetype:3,baseStats.entries.0.value,5,,,explicit-serialized
CharacterSO|character-archetype:3,character-archetype:3,baseStats.entries.1.statId,stat:sales,,,explicit-serialized
CharacterSO|character-archetype:3,character-archetype:3,baseStats.entries.1.value,6,,,explicit-serialized
CharacterSO|character-archetype:3,character-archetype:3,baseStats.entries.2.statId,stat:research,,,explicit-serialized
CharacterSO|character-archetype:3,character-archetype:3,baseStats.entries.2.value,8,,,explicit-serialized
CharacterSO|character-archetype:3,character-archetype:3,baseStats.entries.3.statId,stat:move-speed,,,explicit-serialized
CharacterSO|character-archetype:3,character-archetype:3,baseStats.entries.3.value,5,,,explicit-serialized
CharacterSO|character-archetype:3,character-archetype:3,baseStats.entries.4.statId,stat:strength,,,explicit-serialized
CharacterSO|character-archetype:3,character-archetype:3,baseStats.entries.4.value,4,,,explicit-serialized
CharacterSO|character-archetype:3,character-archetype:3,baseStats.entries.5.statId,stat:toughness,,,explicit-serialized
CharacterSO|character-archetype:3,character-archetype:3,baseStats.entries.5.value,5,,,explicit-serialized
CharacterSO|character-archetype:3,character-archetype:3,baseStats.entries.6.statId,stat:dexterity,,,explicit-serialized
CharacterSO|character-archetype:3,character-archetype:3,baseStats.entries.6.value,6,,,explicit-serialized
CharacterSO|character-archetype:3,character-archetype:3,baseStats.entries.7.statId,stat:cleaning,,,explicit-serialized
CharacterSO|character-archetype:3,character-archetype:3,baseStats.entries.7.value,4,,,explicit-serialized
CharacterSO|character-archetype:3,character-archetype:3,baseStats.entries.8.statId,stat:endurance,,,explicit-serialized
CharacterSO|character-archetype:3,character-archetype:3,baseStats.entries.8.value,8,,,explicit-serialized
CharacterSO|character-archetype:3,character-archetype:3,traits.0.fileID,11400000,,,explicit-serialized
CharacterSO|character-archetype:3,character-archetype:3,traits.0.guid,07093fb8e63486ce6ab79eba8236cdc9,,,explicit-serialized
CharacterSO|character-archetype:3,character-archetype:3,traits.0.type,2,,,explicit-serialized
CharacterSO|character-archetype:3,character-archetype:3,defaultWorkPriorities.schemaVersion,2,,,explicit-serialized
CharacterSO|character-archetype:3,character-archetype:3,defaultWorkPriorities.priorities.0.workTypeId,work:operate,,,explicit-serialized
CharacterSO|character-archetype:3,character-archetype:3,defaultWorkPriorities.priorities.0.priority,1,,,explicit-serialized
CharacterSO|character-archetype:3,character-archetype:3,defaultWorkPriorities.priorities.1.workTypeId,work:restock,,,explicit-serialized
CharacterSO|character-archetype:3,character-archetype:3,defaultWorkPriorities.priorities.1.priority,2,,,explicit-serialized
CharacterSO|character-archetype:3,character-archetype:3,defaultWorkPriorities.priorities.2.workTypeId,work:repair,,,explicit-serialized
CharacterSO|character-archetype:3,character-archetype:3,defaultWorkPriorities.priorities.2.priority,2,,,explicit-serialized
CharacterSO|character-archetype:3,character-archetype:3,defaultWorkPriorities.priorities.3.workTypeId,work:clean,,,explicit-serialized
CharacterSO|character-archetype:3,character-archetype:3,defaultWorkPriorities.priorities.3.priority,3,,,explicit-serialized
CharacterSO|character-archetype:3,character-archetype:3,defaultWorkPriorities.priorities.4.workTypeId,work:research,,,explicit-serialized
CharacterSO|character-archetype:3,character-archetype:3,defaultWorkPriorities.priorities.4.priority,2,,,explicit-serialized
CharacterSO|character-archetype:3,character-archetype:3,defaultWorkPriorities.priorities.5.workTypeId,work:guard,,,explicit-serialized
CharacterSO|character-archetype:3,character-archetype:3,defaultWorkPriorities.priorities.5.priority,3,,,explicit-serialized
CharacterSO|character-archetype:3,character-archetype:3,defaultWorkPriorities.priorities.6.workTypeId,work:rescue,,,explicit-serialized
CharacterSO|character-archetype:3,character-archetype:3,defaultWorkPriorities.priorities.6.priority,2,,,explicit-serialized
CharacterSO|character-archetype:3,character-archetype:3,defaultWorkPriorities.priorities.7.workTypeId,work:rest,,,explicit-serialized
CharacterSO|character-archetype:3,character-archetype:3,defaultWorkPriorities.priorities.7.priority,3,,,explicit-serialized
CharacterSO|character-archetype:3,character-archetype:3,defaultWorkPriorities.priorities.8.workTypeId,work:construct,,,explicit-serialized
CharacterSO|character-archetype:3,character-archetype:3,defaultWorkPriorities.priorities.8.priority,2,,,explicit-serialized
CharacterSO|character-archetype:3,character-archetype:3,defaultWorkPriorities.priorities.9.workTypeId,work:reception,,,explicit-serialized
CharacterSO|character-archetype:3,character-archetype:3,defaultWorkPriorities.priorities.9.priority,2,,,explicit-serialized
CharacterSO|character-archetype:3,character-archetype:3,defaultWorkPriorities.priorities.10.workTypeId,work:craft,,,explicit-serialized
CharacterSO|character-archetype:3,character-archetype:3,defaultWorkPriorities.priorities.10.priority,2,,,explicit-serialized
CharacterSO|character-archetype:3,character-archetype:3,defaultWorkPriorities.priorities.11.workTypeId,work:haul,,,explicit-serialized
CharacterSO|character-archetype:3,character-archetype:3,defaultWorkPriorities.priorities.11.priority,2,,,explicit-serialized
CharacterSO|character-archetype:3,character-archetype:3,defaultWorkPriorities.priorities.12.workTypeId,work:hunt,,,explicit-serialized
CharacterSO|character-archetype:3,character-archetype:3,defaultWorkPriorities.priorities.12.priority,2,,,explicit-serialized
CharacterSO|character-archetype:3,character-archetype:3,defaultWorkPriorities.priorities.13.workTypeId,work:butcher,,,explicit-serialized
CharacterSO|character-archetype:3,character-archetype:3,defaultWorkPriorities.priorities.13.priority,2,,,explicit-serialized
CharacterSO|character-archetype:3,character-archetype:3,defaultWorkPriorities.priorities.14.workTypeId,work:draw-water,,,explicit-serialized
CharacterSO|character-archetype:3,character-archetype:3,defaultWorkPriorities.priorities.14.priority,2,,,explicit-serialized
CharacterSO|character-archetype:3,character-archetype:3,defaultWorkPriorities.priorities.15.workTypeId,work:cook,,,explicit-serialized
CharacterSO|character-archetype:3,character-archetype:3,defaultWorkPriorities.priorities.15.priority,2,,,explicit-serialized
CharacterSO|character-archetype:3,character-archetype:3,defaultWorkPriorities.priorities.16.workTypeId,work:treat,,,explicit-serialized
CharacterSO|character-archetype:3,character-archetype:3,defaultWorkPriorities.priorities.16.priority,2,,,explicit-serialized
CharacterSO|character-archetype:3,character-archetype:3,defaultWorkPriorities.priorities.17.workTypeId,work:surgery,,,explicit-serialized
CharacterSO|character-archetype:3,character-archetype:3,defaultWorkPriorities.priorities.17.priority,1,,,explicit-serialized
CharacterSO|character-archetype:3,character-archetype:3,defaultWorkPriorities.priorities.18.workTypeId,work:refuel,,,explicit-serialized
CharacterSO|character-archetype:3,character-archetype:3,defaultWorkPriorities.priorities.18.priority,2,,,explicit-serialized
CharacterSO|character-archetype:3,character-archetype:3,defaultWorkPriorities.priorities.19.workTypeId,work:warden,,,explicit-serialized
CharacterSO|character-archetype:3,character-archetype:3,defaultWorkPriorities.priorities.19.priority,2,,,explicit-serialized
CharacterSO|character-archetype:3,character-archetype:3,defaultWorkPriorities.priorities.20.workTypeId,work:perform,,,explicit-serialized
CharacterSO|character-archetype:3,character-archetype:3,defaultWorkPriorities.priorities.20.priority,2,,,explicit-serialized
CharacterSO|character-archetype:3,character-archetype:3,defaultWorkPriorities.priorities.21.workTypeId,work:gather,,,explicit-serialized
CharacterSO|character-archetype:3,character-archetype:3,defaultWorkPriorities.priorities.21.priority,2,,,explicit-serialized
CharacterSO|character-archetype:3,character-archetype:3,defaultWorkPriorities.priorities.22.workTypeId,work:sow,,,explicit-serialized
CharacterSO|character-archetype:3,character-archetype:3,defaultWorkPriorities.priorities.22.priority,2,,,explicit-serialized
CharacterSO|character-archetype:3,character-archetype:3,defaultWorkPriorities.priorities.23.workTypeId,work:harvest,,,explicit-serialized
CharacterSO|character-archetype:3,character-archetype:3,defaultWorkPriorities.priorities.23.priority,2,,,explicit-serialized
CharacterSO|character-archetype:3,character-archetype:3,defaultWorkPriorities.priorities.24.workTypeId,work:logging,,,explicit-serialized
CharacterSO|character-archetype:3,character-archetype:3,defaultWorkPriorities.priorities.24.priority,2,,,explicit-serialized
CharacterSO|character-archetype:3,character-archetype:3,defaultWorkPriorities.priorities.25.workTypeId,work:quarry,,,explicit-serialized
CharacterSO|character-archetype:3,character-archetype:3,defaultWorkPriorities.priorities.25.priority,2,,,explicit-serialized
CharacterSO|character-archetype:3,character-archetype:3,defaultWorkPriorities.priorities.26.workTypeId,work:animal-care,,,explicit-serialized
CharacterSO|character-archetype:3,character-archetype:3,defaultWorkPriorities.priorities.26.priority,2,,,explicit-serialized
CharacterSO|character-archetype:3,character-archetype:3,defaultWorkPriorities.priorities.27.workTypeId,work:grand-project,,,explicit-serialized
CharacterSO|character-archetype:3,character-archetype:3,defaultWorkPriorities.priorities.27.priority,2,,,explicit-serialized
CharacterSO|character-archetype:3,character-archetype:3,defaultWorkPriorities.priorities.28.workTypeId,work:threat-mitigation,,,explicit-serialized
CharacterSO|character-archetype:3,character-archetype:3,defaultWorkPriorities.priorities.28.priority,1,,,explicit-serialized
CharacterSO|character-archetype:3,character-archetype:3,defaultWorkPriorities.priorities.29.workTypeId,work:plumbing,,,explicit-serialized
CharacterSO|character-archetype:3,character-archetype:3,defaultWorkPriorities.priorities.29.priority,2,,,explicit-serialized
CharacterSO|character-archetype:3,character-archetype:3,defaultWorkPriorities.legacyOperate,1,,,explicit-serialized
CharacterSO|character-archetype:3,character-archetype:3,defaultWorkPriorities.legacyRestock,2,,,explicit-serialized
CharacterSO|character-archetype:3,character-archetype:3,defaultWorkPriorities.legacyRepair,2,,,explicit-serialized
CharacterSO|character-archetype:3,character-archetype:3,defaultWorkPriorities.legacyClean,3,,,explicit-serialized
CharacterSO|character-archetype:3,character-archetype:3,defaultWorkPriorities.legacyResearch,2,,,explicit-serialized
CharacterSO|character-archetype:3,character-archetype:3,defaultWorkPriorities.legacyGuard,3,,,explicit-serialized
CharacterSO|character-archetype:3,character-archetype:3,defaultWorkPriorities.legacyRescue,2,,,explicit-serialized
CharacterSO|character-archetype:3,character-archetype:3,defaultWorkPriorities.legacyRest,3,,,explicit-serialized
CharacterSO|character-archetype:3,character-archetype:3,aiPersonality.diligence,0.9,,,explicit-serialized
CharacterSO|character-archetype:3,character-archetype:3,aiPersonality.curiosity,1.2,,,explicit-serialized
CharacterSO|character-archetype:3,character-archetype:3,aiPersonality.selfCare,1.1,,,explicit-serialized
CharacterSO|character-archetype:3,character-archetype:3,aiPersonality.patience,1,,,explicit-serialized
CharacterSO|character-archetype:3,character-archetype:3,aiPersonality.shoppingInterest,1.1,,,explicit-serialized
CharacterSO|character-archetype:3,character-archetype:3,aiPersonality.sociability,1,,,explicit-serialized
CharacterSO|character-archetype:3,character-archetype:3,aiPersonality.riskTaking,1,,,explicit-serialized
CharacterSO|character-archetype:3,character-archetype:3,aiPersonality.orderliness,1,,,explicit-serialized
CharacterSO|character-archetype:3,character-archetype:3,aiPersonality.outdoorPreference,1,,,explicit-serialized
CharacterSO|character-archetype:3,character-archetype:3,aiPersonality.noveltySeeking,1,,,explicit-serialized
CharacterSO|character-archetype:3,character-archetype:3,aiPersonality.routineAdherence,1,,,explicit-serialized
CharacterSO|character-archetype:3,character-archetype:3,ownerSummary,,,,explicit-serialized
CharacterSO|character-archetype:3,character-archetype:3,ownerPreferredWorkTypes,0,FacilityWorkType,None,explicit-serialized
CharacterSO|character-archetype:3,character-archetype:3,ownerFixedSkills,[],,,explicit-serialized
CharacterSO|character-archetype:3,character-archetype:3,characterSprite.fileID,-4509912286342918290,,,explicit-serialized
CharacterSO|character-archetype:3,character-archetype:3,characterSprite.guid,d08f9f26898ffc7da8264f5fb45551de,,,explicit-serialized
CharacterSO|character-archetype:3,character-archetype:3,characterSprite.type,3,,,explicit-serialized
CharacterSO|character-archetype:3,character-archetype:3,favoriteStore,[],,,explicit-serialized
CharacterSO|character-archetype:3,character-archetype:3,frequencyVisitMax,3,,,explicit-serialized
CharacterSO|character-archetype:3,character-archetype:3,frequencyVisitMin,1,,,explicit-serialized
CharacterSO|character-archetype:3,character-archetype:3,maxHoldingMoney,380,,,explicit-serialized
CharacterSO|character-archetype:3,character-archetype:3,minHoldingMoney,140,,,explicit-serialized
CharacterSO|character-archetype:3,character-archetype:3,speedType,4,CharacterSpeedType,Normal,explicit-serialized
CharacterSO|character-archetype:3,character-archetype:3,respawnSpeedType,13,CharacterRespawnSpeedType,Normal,explicit-serialized
CharacterSO|character-archetype:9004,character-archetype:9004,m_Name,Customer_Beastkin,,,explicit-serialized
CharacterSO|character-archetype:9004,character-archetype:9004,archetypeId,character-archetype:9004,,,explicit-serialized
CharacterSO|character-archetype:9004,character-archetype:9004,visualVariantId,visual-variant:9004,,,explicit-serialized
CharacterSO|character-archetype:9004,character-archetype:9004,characterType,1,CharacterType,Customer,explicit-serialized
CharacterSO|character-archetype:9004,character-archetype:9004,role,0,CharacterRole,Regular,explicit-serialized
CharacterSO|character-archetype:9004,character-archetype:9004,id,9004,,,explicit-serialized
CharacterSO|character-archetype:9004,character-archetype:9004,characterName,라카,,,explicit-serialized
CharacterSO|character-archetype:9004,character-archetype:9004,speciesTag,Beastkin,,,explicit-serialized
CharacterSO|character-archetype:9004,character-archetype:9004,species.fileID,11400000,,,explicit-serialized
CharacterSO|character-archetype:9004,character-archetype:9004,species.guid,23b3bdb812c683d40925cebba53b2137,,,explicit-serialized
CharacterSO|character-archetype:9004,character-archetype:9004,species.type,2,,,explicit-serialized
CharacterSO|character-archetype:9004,character-archetype:9004,traits,[],,,explicit-serialized
CharacterSO|character-archetype:9004,character-archetype:9004,defaultWorkPriorities.schemaVersion,2,,,explicit-serialized
CharacterSO|character-archetype:9004,character-archetype:9004,defaultWorkPriorities.priorities.0.workTypeId,work:operate,,,explicit-serialized
CharacterSO|character-archetype:9004,character-archetype:9004,defaultWorkPriorities.priorities.0.priority,1,,,explicit-serialized
CharacterSO|character-archetype:9004,character-archetype:9004,defaultWorkPriorities.priorities.1.workTypeId,work:restock,,,explicit-serialized
CharacterSO|character-archetype:9004,character-archetype:9004,defaultWorkPriorities.priorities.1.priority,1,,,explicit-serialized
CharacterSO|character-archetype:9004,character-archetype:9004,defaultWorkPriorities.priorities.2.workTypeId,work:construct,,,explicit-serialized
CharacterSO|character-archetype:9004,character-archetype:9004,defaultWorkPriorities.priorities.2.priority,2,,,explicit-serialized
CharacterSO|character-archetype:9004,character-archetype:9004,defaultWorkPriorities.priorities.3.workTypeId,work:repair,,,explicit-serialized
CharacterSO|character-archetype:9004,character-archetype:9004,defaultWorkPriorities.priorities.3.priority,2,,,explicit-serialized
CharacterSO|character-archetype:9004,character-archetype:9004,defaultWorkPriorities.priorities.4.workTypeId,work:clean,,,explicit-serialized
CharacterSO|character-archetype:9004,character-archetype:9004,defaultWorkPriorities.priorities.4.priority,3,,,explicit-serialized
CharacterSO|character-archetype:9004,character-archetype:9004,defaultWorkPriorities.priorities.5.workTypeId,work:research,,,explicit-serialized
CharacterSO|character-archetype:9004,character-archetype:9004,defaultWorkPriorities.priorities.5.priority,2,,,explicit-serialized
CharacterSO|character-archetype:9004,character-archetype:9004,defaultWorkPriorities.priorities.6.workTypeId,work:guard,,,explicit-serialized
CharacterSO|character-archetype:9004,character-archetype:9004,defaultWorkPriorities.priorities.6.priority,3,,,explicit-serialized
CharacterSO|character-archetype:9004,character-archetype:9004,defaultWorkPriorities.priorities.7.workTypeId,work:reception,,,explicit-serialized
CharacterSO|character-archetype:9004,character-archetype:9004,defaultWorkPriorities.priorities.7.priority,1,,,explicit-serialized
CharacterSO|character-archetype:9004,character-archetype:9004,defaultWorkPriorities.priorities.8.workTypeId,work:rescue,,,explicit-serialized
CharacterSO|character-archetype:9004,character-archetype:9004,defaultWorkPriorities.priorities.8.priority,2,,,explicit-serialized
CharacterSO|character-archetype:9004,character-archetype:9004,defaultWorkPriorities.priorities.9.workTypeId,work:rest,,,explicit-serialized
CharacterSO|character-archetype:9004,character-archetype:9004,defaultWorkPriorities.priorities.9.priority,3,,,explicit-serialized
CharacterSO|character-archetype:9004,character-archetype:9004,defaultWorkPriorities.priorities.10.workTypeId,work:craft,,,explicit-serialized
CharacterSO|character-archetype:9004,character-archetype:9004,defaultWorkPriorities.priorities.10.priority,2,,,explicit-serialized
CharacterSO|character-archetype:9004,character-archetype:9004,defaultWorkPriorities.priorities.11.workTypeId,work:haul,,,explicit-serialized
CharacterSO|character-archetype:9004,character-archetype:9004,defaultWorkPriorities.priorities.11.priority,1,,,explicit-serialized
CharacterSO|character-archetype:9004,character-archetype:9004,defaultWorkPriorities.priorities.12.workTypeId,work:hunt,,,explicit-serialized
CharacterSO|character-archetype:9004,character-archetype:9004,defaultWorkPriorities.priorities.12.priority,1,,,explicit-serialized
CharacterSO|character-archetype:9004,character-archetype:9004,defaultWorkPriorities.priorities.13.workTypeId,work:butcher,,,explicit-serialized
CharacterSO|character-archetype:9004,character-archetype:9004,defaultWorkPriorities.priorities.13.priority,2,,,explicit-serialized
CharacterSO|character-archetype:9004,character-archetype:9004,defaultWorkPriorities.priorities.14.workTypeId,work:draw-water,,,explicit-serialized
CharacterSO|character-archetype:9004,character-archetype:9004,defaultWorkPriorities.priorities.14.priority,2,,,explicit-serialized
CharacterSO|character-archetype:9004,character-archetype:9004,defaultWorkPriorities.priorities.15.workTypeId,work:cook,,,explicit-serialized
CharacterSO|character-archetype:9004,character-archetype:9004,defaultWorkPriorities.priorities.15.priority,2,,,explicit-serialized
CharacterSO|character-archetype:9004,character-archetype:9004,defaultWorkPriorities.priorities.16.workTypeId,work:treat,,,explicit-serialized
CharacterSO|character-archetype:9004,character-archetype:9004,defaultWorkPriorities.priorities.16.priority,2,,,explicit-serialized
CharacterSO|character-archetype:9004,character-archetype:9004,defaultWorkPriorities.priorities.17.workTypeId,work:surgery,,,explicit-serialized
CharacterSO|character-archetype:9004,character-archetype:9004,defaultWorkPriorities.priorities.17.priority,1,,,explicit-serialized
CharacterSO|character-archetype:9004,character-archetype:9004,defaultWorkPriorities.priorities.18.workTypeId,work:refuel,,,explicit-serialized
CharacterSO|character-archetype:9004,character-archetype:9004,defaultWorkPriorities.priorities.18.priority,2,,,explicit-serialized
CharacterSO|character-archetype:9004,character-archetype:9004,defaultWorkPriorities.priorities.19.workTypeId,work:warden,,,explicit-serialized
CharacterSO|character-archetype:9004,character-archetype:9004,defaultWorkPriorities.priorities.19.priority,2,,,explicit-serialized
CharacterSO|character-archetype:9004,character-archetype:9004,defaultWorkPriorities.priorities.20.workTypeId,work:perform,,,explicit-serialized
CharacterSO|character-archetype:9004,character-archetype:9004,defaultWorkPriorities.priorities.20.priority,2,,,explicit-serialized
CharacterSO|character-archetype:9004,character-archetype:9004,defaultWorkPriorities.priorities.21.workTypeId,work:gather,,,explicit-serialized
CharacterSO|character-archetype:9004,character-archetype:9004,defaultWorkPriorities.priorities.21.priority,2,,,explicit-serialized
CharacterSO|character-archetype:9004,character-archetype:9004,defaultWorkPriorities.priorities.22.workTypeId,work:sow,,,explicit-serialized
CharacterSO|character-archetype:9004,character-archetype:9004,defaultWorkPriorities.priorities.22.priority,2,,,explicit-serialized
CharacterSO|character-archetype:9004,character-archetype:9004,defaultWorkPriorities.priorities.23.workTypeId,work:harvest,,,explicit-serialized
CharacterSO|character-archetype:9004,character-archetype:9004,defaultWorkPriorities.priorities.23.priority,2,,,explicit-serialized
CharacterSO|character-archetype:9004,character-archetype:9004,defaultWorkPriorities.priorities.24.workTypeId,work:logging,,,explicit-serialized
CharacterSO|character-archetype:9004,character-archetype:9004,defaultWorkPriorities.priorities.24.priority,2,,,explicit-serialized
CharacterSO|character-archetype:9004,character-archetype:9004,defaultWorkPriorities.priorities.25.workTypeId,work:quarry,,,explicit-serialized
CharacterSO|character-archetype:9004,character-archetype:9004,defaultWorkPriorities.priorities.25.priority,2,,,explicit-serialized
CharacterSO|character-archetype:9004,character-archetype:9004,defaultWorkPriorities.priorities.26.workTypeId,work:animal-care,,,explicit-serialized
CharacterSO|character-archetype:9004,character-archetype:9004,defaultWorkPriorities.priorities.26.priority,2,,,explicit-serialized
CharacterSO|character-archetype:9004,character-archetype:9004,defaultWorkPriorities.priorities.27.workTypeId,work:grand-project,,,explicit-serialized
CharacterSO|character-archetype:9004,character-archetype:9004,defaultWorkPriorities.priorities.27.priority,2,,,explicit-serialized
CharacterSO|character-archetype:9004,character-archetype:9004,defaultWorkPriorities.priorities.28.workTypeId,work:threat-mitigation,,,explicit-serialized
CharacterSO|character-archetype:9004,character-archetype:9004,defaultWorkPriorities.priorities.28.priority,1,,,explicit-serialized
CharacterSO|character-archetype:9004,character-archetype:9004,defaultWorkPriorities.priorities.29.workTypeId,work:plumbing,,,explicit-serialized
CharacterSO|character-archetype:9004,character-archetype:9004,defaultWorkPriorities.priorities.29.priority,2,,,explicit-serialized
CharacterSO|character-archetype:9004,character-archetype:9004,defaultWorkPriorities.priorities.30.workTypeId,work:dismantle,,,explicit-serialized
CharacterSO|character-archetype:9004,character-archetype:9004,defaultWorkPriorities.priorities.30.priority,2,,,explicit-serialized
CharacterSO|character-archetype:9004,character-archetype:9004,defaultWorkPriorities.legacyOperate,1,,,explicit-serialized
CharacterSO|character-archetype:9004,character-archetype:9004,defaultWorkPriorities.legacyRestock,2,,,explicit-serialized
CharacterSO|character-archetype:9004,character-archetype:9004,defaultWorkPriorities.legacyRepair,2,,,explicit-serialized
CharacterSO|character-archetype:9004,character-archetype:9004,defaultWorkPriorities.legacyClean,3,,,explicit-serialized
CharacterSO|character-archetype:9004,character-archetype:9004,defaultWorkPriorities.legacyResearch,2,,,explicit-serialized
CharacterSO|character-archetype:9004,character-archetype:9004,defaultWorkPriorities.legacyGuard,3,,,explicit-serialized
CharacterSO|character-archetype:9004,character-archetype:9004,defaultWorkPriorities.legacyRescue,2,,,explicit-serialized
CharacterSO|character-archetype:9004,character-archetype:9004,defaultWorkPriorities.legacyRest,3,,,explicit-serialized
CharacterSO|character-archetype:9004,character-archetype:9004,aiPersonality.diligence,1.25,,,explicit-serialized
CharacterSO|character-archetype:9004,character-archetype:9004,aiPersonality.curiosity,1,,,explicit-serialized
CharacterSO|character-archetype:9004,character-archetype:9004,aiPersonality.selfCare,1,,,explicit-serialized
CharacterSO|character-archetype:9004,character-archetype:9004,aiPersonality.patience,1,,,explicit-serialized
CharacterSO|character-archetype:9004,character-archetype:9004,aiPersonality.shoppingInterest,1,,,explicit-serialized
CharacterSO|character-archetype:9004,character-archetype:9004,aiPersonality.sociability,1.4,,,explicit-serialized
CharacterSO|character-archetype:9004,character-archetype:9004,aiPersonality.riskTaking,1,,,explicit-serialized
CharacterSO|character-archetype:9004,character-archetype:9004,aiPersonality.orderliness,1,,,explicit-serialized
CharacterSO|character-archetype:9004,character-archetype:9004,aiPersonality.outdoorPreference,1.5,,,explicit-serialized
CharacterSO|character-archetype:9004,character-archetype:9004,aiPersonality.noveltySeeking,1,,,explicit-serialized
CharacterSO|character-archetype:9004,character-archetype:9004,aiPersonality.routineAdherence,1,,,explicit-serialized
CharacterSO|character-archetype:9004,character-archetype:9004,ownerSummary,,,,explicit-serialized
CharacterSO|character-archetype:9004,character-archetype:9004,ownerPreferredWorkTypes,0,FacilityWorkType,None,explicit-serialized
CharacterSO|character-archetype:9004,character-archetype:9004,ownerFixedSkills,[],,,explicit-serialized
CharacterSO|character-archetype:9004,character-archetype:9004,characterSprite.fileID,21300000,,,explicit-serialized
CharacterSO|character-archetype:9004,character-archetype:9004,characterSprite.guid,bbf2e2af9c80d2a4c9b9d9bfd9cbc907,,,explicit-serialized
CharacterSO|character-archetype:9004,character-archetype:9004,characterSprite.type,3,,,explicit-serialized
CharacterSO|character-archetype:9004,character-archetype:9004,favoriteStore,[],,,explicit-serialized
CharacterSO|character-archetype:9004,character-archetype:9004,frequencyVisitMax,3,,,explicit-serialized
CharacterSO|character-archetype:9004,character-archetype:9004,frequencyVisitMin,1,,,explicit-serialized
CharacterSO|character-archetype:9004,character-archetype:9004,maxHoldingMoney,320,,,explicit-serialized
CharacterSO|character-archetype:9004,character-archetype:9004,minHoldingMoney,120,,,explicit-serialized
CharacterSO|character-archetype:9004,character-archetype:9004,speedType,5,CharacterSpeedType,Fast,explicit-serialized
CharacterSO|character-archetype:9004,character-archetype:9004,respawnSpeedType,13,CharacterRespawnSpeedType,Normal,explicit-serialized
CharacterSO|character-archetype:9005,character-archetype:9005,m_Name,Customer_Demon,,,explicit-serialized
CharacterSO|character-archetype:9005,character-archetype:9005,archetypeId,character-archetype:9005,,,explicit-serialized
CharacterSO|character-archetype:9005,character-archetype:9005,visualVariantId,visual-variant:9005,,,explicit-serialized
CharacterSO|character-archetype:9005,character-archetype:9005,characterType,1,CharacterType,Customer,explicit-serialized
CharacterSO|character-archetype:9005,character-archetype:9005,role,0,CharacterRole,Regular,explicit-serialized
CharacterSO|character-archetype:9005,character-archetype:9005,id,9005,,,explicit-serialized
CharacterSO|character-archetype:9005,character-archetype:9005,characterName,아자라,,,explicit-serialized
CharacterSO|character-archetype:9005,character-archetype:9005,speciesTag,Demon,,,explicit-serialized
CharacterSO|character-archetype:9005,character-archetype:9005,species.fileID,11400000,,,explicit-serialized
CharacterSO|character-archetype:9005,character-archetype:9005,species.guid,48afe38b6689c25469938d8b27b17aaa,,,explicit-serialized
CharacterSO|character-archetype:9005,character-archetype:9005,species.type,2,,,explicit-serialized
CharacterSO|character-archetype:9005,character-archetype:9005,traits,[],,,explicit-serialized
CharacterSO|character-archetype:9005,character-archetype:9005,defaultWorkPriorities.schemaVersion,2,,,explicit-serialized
CharacterSO|character-archetype:9005,character-archetype:9005,defaultWorkPriorities.priorities.0.workTypeId,work:operate,,,explicit-serialized
CharacterSO|character-archetype:9005,character-archetype:9005,defaultWorkPriorities.priorities.0.priority,1,,,explicit-serialized
CharacterSO|character-archetype:9005,character-archetype:9005,defaultWorkPriorities.priorities.1.workTypeId,work:restock,,,explicit-serialized
CharacterSO|character-archetype:9005,character-archetype:9005,defaultWorkPriorities.priorities.1.priority,2,,,explicit-serialized
CharacterSO|character-archetype:9005,character-archetype:9005,defaultWorkPriorities.priorities.2.workTypeId,work:construct,,,explicit-serialized
CharacterSO|character-archetype:9005,character-archetype:9005,defaultWorkPriorities.priorities.2.priority,2,,,explicit-serialized
CharacterSO|character-archetype:9005,character-archetype:9005,defaultWorkPriorities.priorities.3.workTypeId,work:repair,,,explicit-serialized
CharacterSO|character-archetype:9005,character-archetype:9005,defaultWorkPriorities.priorities.3.priority,2,,,explicit-serialized
CharacterSO|character-archetype:9005,character-archetype:9005,defaultWorkPriorities.priorities.4.workTypeId,work:clean,,,explicit-serialized
CharacterSO|character-archetype:9005,character-archetype:9005,defaultWorkPriorities.priorities.4.priority,3,,,explicit-serialized
CharacterSO|character-archetype:9005,character-archetype:9005,defaultWorkPriorities.priorities.5.workTypeId,work:research,,,explicit-serialized
CharacterSO|character-archetype:9005,character-archetype:9005,defaultWorkPriorities.priorities.5.priority,1,,,explicit-serialized
CharacterSO|character-archetype:9005,character-archetype:9005,defaultWorkPriorities.priorities.6.workTypeId,work:guard,,,explicit-serialized
CharacterSO|character-archetype:9005,character-archetype:9005,defaultWorkPriorities.priorities.6.priority,1,,,explicit-serialized
CharacterSO|character-archetype:9005,character-archetype:9005,defaultWorkPriorities.priorities.7.workTypeId,work:reception,,,explicit-serialized
CharacterSO|character-archetype:9005,character-archetype:9005,defaultWorkPriorities.priorities.7.priority,2,,,explicit-serialized
CharacterSO|character-archetype:9005,character-archetype:9005,defaultWorkPriorities.priorities.8.workTypeId,work:rescue,,,explicit-serialized
CharacterSO|character-archetype:9005,character-archetype:9005,defaultWorkPriorities.priorities.8.priority,2,,,explicit-serialized
CharacterSO|character-archetype:9005,character-archetype:9005,defaultWorkPriorities.priorities.9.workTypeId,work:rest,,,explicit-serialized
CharacterSO|character-archetype:9005,character-archetype:9005,defaultWorkPriorities.priorities.9.priority,3,,,explicit-serialized
CharacterSO|character-archetype:9005,character-archetype:9005,defaultWorkPriorities.priorities.10.workTypeId,work:craft,,,explicit-serialized
CharacterSO|character-archetype:9005,character-archetype:9005,defaultWorkPriorities.priorities.10.priority,2,,,explicit-serialized
CharacterSO|character-archetype:9005,character-archetype:9005,defaultWorkPriorities.priorities.11.workTypeId,work:haul,,,explicit-serialized
CharacterSO|character-archetype:9005,character-archetype:9005,defaultWorkPriorities.priorities.11.priority,2,,,explicit-serialized
CharacterSO|character-archetype:9005,character-archetype:9005,defaultWorkPriorities.priorities.12.workTypeId,work:hunt,,,explicit-serialized
CharacterSO|character-archetype:9005,character-archetype:9005,defaultWorkPriorities.priorities.12.priority,2,,,explicit-serialized
CharacterSO|character-archetype:9005,character-archetype:9005,defaultWorkPriorities.priorities.13.workTypeId,work:butcher,,,explicit-serialized
CharacterSO|character-archetype:9005,character-archetype:9005,defaultWorkPriorities.priorities.13.priority,2,,,explicit-serialized
CharacterSO|character-archetype:9005,character-archetype:9005,defaultWorkPriorities.priorities.14.workTypeId,work:draw-water,,,explicit-serialized
CharacterSO|character-archetype:9005,character-archetype:9005,defaultWorkPriorities.priorities.14.priority,2,,,explicit-serialized
CharacterSO|character-archetype:9005,character-archetype:9005,defaultWorkPriorities.priorities.15.workTypeId,work:cook,,,explicit-serialized
CharacterSO|character-archetype:9005,character-archetype:9005,defaultWorkPriorities.priorities.15.priority,2,,,explicit-serialized
CharacterSO|character-archetype:9005,character-archetype:9005,defaultWorkPriorities.priorities.16.workTypeId,work:treat,,,explicit-serialized
CharacterSO|character-archetype:9005,character-archetype:9005,defaultWorkPriorities.priorities.16.priority,2,,,explicit-serialized
CharacterSO|character-archetype:9005,character-archetype:9005,defaultWorkPriorities.priorities.17.workTypeId,work:surgery,,,explicit-serialized
CharacterSO|character-archetype:9005,character-archetype:9005,defaultWorkPriorities.priorities.17.priority,1,,,explicit-serialized
CharacterSO|character-archetype:9005,character-archetype:9005,defaultWorkPriorities.priorities.18.workTypeId,work:refuel,,,explicit-serialized
CharacterSO|character-archetype:9005,character-archetype:9005,defaultWorkPriorities.priorities.18.priority,2,,,explicit-serialized
CharacterSO|character-archetype:9005,character-archetype:9005,defaultWorkPriorities.priorities.19.workTypeId,work:warden,,,explicit-serialized
CharacterSO|character-archetype:9005,character-archetype:9005,defaultWorkPriorities.priorities.19.priority,2,,,explicit-serialized
CharacterSO|character-archetype:9005,character-archetype:9005,defaultWorkPriorities.priorities.20.workTypeId,work:perform,,,explicit-serialized
CharacterSO|character-archetype:9005,character-archetype:9005,defaultWorkPriorities.priorities.20.priority,2,,,explicit-serialized
CharacterSO|character-archetype:9005,character-archetype:9005,defaultWorkPriorities.priorities.21.workTypeId,work:gather,,,explicit-serialized
CharacterSO|character-archetype:9005,character-archetype:9005,defaultWorkPriorities.priorities.21.priority,2,,,explicit-serialized
CharacterSO|character-archetype:9005,character-archetype:9005,defaultWorkPriorities.priorities.22.workTypeId,work:sow,,,explicit-serialized
CharacterSO|character-archetype:9005,character-archetype:9005,defaultWorkPriorities.priorities.22.priority,2,,,explicit-serialized
CharacterSO|character-archetype:9005,character-archetype:9005,defaultWorkPriorities.priorities.23.workTypeId,work:harvest,,,explicit-serialized
CharacterSO|character-archetype:9005,character-archetype:9005,defaultWorkPriorities.priorities.23.priority,2,,,explicit-serialized
CharacterSO|character-archetype:9005,character-archetype:9005,defaultWorkPriorities.priorities.24.workTypeId,work:logging,,,explicit-serialized
CharacterSO|character-archetype:9005,character-archetype:9005,defaultWorkPriorities.priorities.24.priority,2,,,explicit-serialized
CharacterSO|character-archetype:9005,character-archetype:9005,defaultWorkPriorities.priorities.25.workTypeId,work:quarry,,,explicit-serialized
CharacterSO|character-archetype:9005,character-archetype:9005,defaultWorkPriorities.priorities.25.priority,2,,,explicit-serialized
CharacterSO|character-archetype:9005,character-archetype:9005,defaultWorkPriorities.priorities.26.workTypeId,work:animal-care,,,explicit-serialized
CharacterSO|character-archetype:9005,character-archetype:9005,defaultWorkPriorities.priorities.26.priority,2,,,explicit-serialized
CharacterSO|character-archetype:9005,character-archetype:9005,defaultWorkPriorities.priorities.27.workTypeId,work:grand-project,,,explicit-serialized
CharacterSO|character-archetype:9005,character-archetype:9005,defaultWorkPriorities.priorities.27.priority,2,,,explicit-serialized
CharacterSO|character-archetype:9005,character-archetype:9005,defaultWorkPriorities.priorities.28.workTypeId,work:threat-mitigation,,,explicit-serialized
CharacterSO|character-archetype:9005,character-archetype:9005,defaultWorkPriorities.priorities.28.priority,1,,,explicit-serialized
CharacterSO|character-archetype:9005,character-archetype:9005,defaultWorkPriorities.priorities.29.workTypeId,work:plumbing,,,explicit-serialized
CharacterSO|character-archetype:9005,character-archetype:9005,defaultWorkPriorities.priorities.29.priority,2,,,explicit-serialized
CharacterSO|character-archetype:9005,character-archetype:9005,defaultWorkPriorities.priorities.30.workTypeId,work:dismantle,,,explicit-serialized
CharacterSO|character-archetype:9005,character-archetype:9005,defaultWorkPriorities.priorities.30.priority,2,,,explicit-serialized
CharacterSO|character-archetype:9005,character-archetype:9005,defaultWorkPriorities.legacyOperate,1,,,explicit-serialized
CharacterSO|character-archetype:9005,character-archetype:9005,defaultWorkPriorities.legacyRestock,2,,,explicit-serialized
CharacterSO|character-archetype:9005,character-archetype:9005,defaultWorkPriorities.legacyRepair,2,,,explicit-serialized
CharacterSO|character-archetype:9005,character-archetype:9005,defaultWorkPriorities.legacyClean,3,,,explicit-serialized
CharacterSO|character-archetype:9005,character-archetype:9005,defaultWorkPriorities.legacyResearch,2,,,explicit-serialized
CharacterSO|character-archetype:9005,character-archetype:9005,defaultWorkPriorities.legacyGuard,3,,,explicit-serialized
CharacterSO|character-archetype:9005,character-archetype:9005,defaultWorkPriorities.legacyRescue,2,,,explicit-serialized
CharacterSO|character-archetype:9005,character-archetype:9005,defaultWorkPriorities.legacyRest,3,,,explicit-serialized
CharacterSO|character-archetype:9005,character-archetype:9005,aiPersonality.diligence,1,,,explicit-serialized
CharacterSO|character-archetype:9005,character-archetype:9005,aiPersonality.curiosity,1.3,,,explicit-serialized
CharacterSO|character-archetype:9005,character-archetype:9005,aiPersonality.selfCare,1,,,explicit-serialized
CharacterSO|character-archetype:9005,character-archetype:9005,aiPersonality.patience,1,,,explicit-serialized
CharacterSO|character-archetype:9005,character-archetype:9005,aiPersonality.shoppingInterest,1.5,,,explicit-serialized
CharacterSO|character-archetype:9005,character-archetype:9005,aiPersonality.sociability,1,,,explicit-serialized
CharacterSO|character-archetype:9005,character-archetype:9005,aiPersonality.riskTaking,1.35,,,explicit-serialized
CharacterSO|character-archetype:9005,character-archetype:9005,aiPersonality.orderliness,1,,,explicit-serialized
CharacterSO|character-archetype:9005,character-archetype:9005,aiPersonality.outdoorPreference,1,,,explicit-serialized
CharacterSO|character-archetype:9005,character-archetype:9005,aiPersonality.noveltySeeking,1,,,explicit-serialized
CharacterSO|character-archetype:9005,character-archetype:9005,aiPersonality.routineAdherence,1,,,explicit-serialized
CharacterSO|character-archetype:9005,character-archetype:9005,ownerSummary,,,,explicit-serialized
CharacterSO|character-archetype:9005,character-archetype:9005,ownerPreferredWorkTypes,0,FacilityWorkType,None,explicit-serialized
CharacterSO|character-archetype:9005,character-archetype:9005,ownerFixedSkills,[],,,explicit-serialized
CharacterSO|character-archetype:9005,character-archetype:9005,characterSprite.fileID,-4509912286342918290,,,explicit-serialized
CharacterSO|character-archetype:9005,character-archetype:9005,characterSprite.guid,d08f9f26898ffc7da8264f5fb45551de,,,explicit-serialized
CharacterSO|character-archetype:9005,character-archetype:9005,characterSprite.type,3,,,explicit-serialized
CharacterSO|character-archetype:9005,character-archetype:9005,favoriteStore,[],,,explicit-serialized
CharacterSO|character-archetype:9005,character-archetype:9005,frequencyVisitMax,3,,,explicit-serialized
CharacterSO|character-archetype:9005,character-archetype:9005,frequencyVisitMin,1,,,explicit-serialized
CharacterSO|character-archetype:9005,character-archetype:9005,maxHoldingMoney,650,,,explicit-serialized
CharacterSO|character-archetype:9005,character-archetype:9005,minHoldingMoney,300,,,explicit-serialized
CharacterSO|character-archetype:9005,character-archetype:9005,speedType,4,CharacterSpeedType,Normal,explicit-serialized
CharacterSO|character-archetype:9005,character-archetype:9005,respawnSpeedType,13,CharacterRespawnSpeedType,Normal,explicit-serialized
CharacterSO|character-archetype:9006,character-archetype:9006,m_Name,Customer_Kobold,,,explicit-serialized
CharacterSO|character-archetype:9006,character-archetype:9006,archetypeId,character-archetype:9006,,,explicit-serialized
CharacterSO|character-archetype:9006,character-archetype:9006,visualVariantId,visual-variant:9006,,,explicit-serialized
CharacterSO|character-archetype:9006,character-archetype:9006,characterType,1,CharacterType,Customer,explicit-serialized
CharacterSO|character-archetype:9006,character-archetype:9006,role,0,CharacterRole,Regular,explicit-serialized
CharacterSO|character-archetype:9006,character-archetype:9006,id,9006,,,explicit-serialized
CharacterSO|character-archetype:9006,character-archetype:9006,characterName,티크,,,explicit-serialized
CharacterSO|character-archetype:9006,character-archetype:9006,speciesTag,Kobold,,,explicit-serialized
CharacterSO|character-archetype:9006,character-archetype:9006,species.fileID,11400000,,,explicit-serialized
CharacterSO|character-archetype:9006,character-archetype:9006,species.guid,4ef04935a390a804a95843d1089d9cd6,,,explicit-serialized
CharacterSO|character-archetype:9006,character-archetype:9006,species.type,2,,,explicit-serialized
CharacterSO|character-archetype:9006,character-archetype:9006,traits,[],,,explicit-serialized
CharacterSO|character-archetype:9006,character-archetype:9006,defaultWorkPriorities.schemaVersion,2,,,explicit-serialized
CharacterSO|character-archetype:9006,character-archetype:9006,defaultWorkPriorities.priorities.0.workTypeId,work:operate,,,explicit-serialized
CharacterSO|character-archetype:9006,character-archetype:9006,defaultWorkPriorities.priorities.0.priority,1,,,explicit-serialized
CharacterSO|character-archetype:9006,character-archetype:9006,defaultWorkPriorities.priorities.1.workTypeId,work:restock,,,explicit-serialized
CharacterSO|character-archetype:9006,character-archetype:9006,defaultWorkPriorities.priorities.1.priority,2,,,explicit-serialized
CharacterSO|character-archetype:9006,character-archetype:9006,defaultWorkPriorities.priorities.2.workTypeId,work:construct,,,explicit-serialized
CharacterSO|character-archetype:9006,character-archetype:9006,defaultWorkPriorities.priorities.2.priority,2,,,explicit-serialized
CharacterSO|character-archetype:9006,character-archetype:9006,defaultWorkPriorities.priorities.3.workTypeId,work:repair,,,explicit-serialized
CharacterSO|character-archetype:9006,character-archetype:9006,defaultWorkPriorities.priorities.3.priority,1,,,explicit-serialized
CharacterSO|character-archetype:9006,character-archetype:9006,defaultWorkPriorities.priorities.4.workTypeId,work:clean,,,explicit-serialized
CharacterSO|character-archetype:9006,character-archetype:9006,defaultWorkPriorities.priorities.4.priority,3,,,explicit-serialized
CharacterSO|character-archetype:9006,character-archetype:9006,defaultWorkPriorities.priorities.5.workTypeId,work:research,,,explicit-serialized
CharacterSO|character-archetype:9006,character-archetype:9006,defaultWorkPriorities.priorities.5.priority,2,,,explicit-serialized
CharacterSO|character-archetype:9006,character-archetype:9006,defaultWorkPriorities.priorities.6.workTypeId,work:guard,,,explicit-serialized
CharacterSO|character-archetype:9006,character-archetype:9006,defaultWorkPriorities.priorities.6.priority,3,,,explicit-serialized
CharacterSO|character-archetype:9006,character-archetype:9006,defaultWorkPriorities.priorities.7.workTypeId,work:reception,,,explicit-serialized
CharacterSO|character-archetype:9006,character-archetype:9006,defaultWorkPriorities.priorities.7.priority,2,,,explicit-serialized
CharacterSO|character-archetype:9006,character-archetype:9006,defaultWorkPriorities.priorities.8.workTypeId,work:rescue,,,explicit-serialized
CharacterSO|character-archetype:9006,character-archetype:9006,defaultWorkPriorities.priorities.8.priority,2,,,explicit-serialized
CharacterSO|character-archetype:9006,character-archetype:9006,defaultWorkPriorities.priorities.9.workTypeId,work:rest,,,explicit-serialized
CharacterSO|character-archetype:9006,character-archetype:9006,defaultWorkPriorities.priorities.9.priority,3,,,explicit-serialized
CharacterSO|character-archetype:9006,character-archetype:9006,defaultWorkPriorities.priorities.10.workTypeId,work:craft,,,explicit-serialized
CharacterSO|character-archetype:9006,character-archetype:9006,defaultWorkPriorities.priorities.10.priority,2,,,explicit-serialized
CharacterSO|character-archetype:9006,character-archetype:9006,defaultWorkPriorities.priorities.11.workTypeId,work:haul,,,explicit-serialized
CharacterSO|character-archetype:9006,character-archetype:9006,defaultWorkPriorities.priorities.11.priority,2,,,explicit-serialized
CharacterSO|character-archetype:9006,character-archetype:9006,defaultWorkPriorities.priorities.12.workTypeId,work:hunt,,,explicit-serialized
CharacterSO|character-archetype:9006,character-archetype:9006,defaultWorkPriorities.priorities.12.priority,2,,,explicit-serialized
CharacterSO|character-archetype:9006,character-archetype:9006,defaultWorkPriorities.priorities.13.workTypeId,work:butcher,,,explicit-serialized
CharacterSO|character-archetype:9006,character-archetype:9006,defaultWorkPriorities.priorities.13.priority,2,,,explicit-serialized
CharacterSO|character-archetype:9006,character-archetype:9006,defaultWorkPriorities.priorities.14.workTypeId,work:draw-water,,,explicit-serialized
CharacterSO|character-archetype:9006,character-archetype:9006,defaultWorkPriorities.priorities.14.priority,2,,,explicit-serialized
CharacterSO|character-archetype:9006,character-archetype:9006,defaultWorkPriorities.priorities.15.workTypeId,work:cook,,,explicit-serialized
CharacterSO|character-archetype:9006,character-archetype:9006,defaultWorkPriorities.priorities.15.priority,2,,,explicit-serialized
CharacterSO|character-archetype:9006,character-archetype:9006,defaultWorkPriorities.priorities.16.workTypeId,work:treat,,,explicit-serialized
CharacterSO|character-archetype:9006,character-archetype:9006,defaultWorkPriorities.priorities.16.priority,2,,,explicit-serialized
CharacterSO|character-archetype:9006,character-archetype:9006,defaultWorkPriorities.priorities.17.workTypeId,work:surgery,,,explicit-serialized
CharacterSO|character-archetype:9006,character-archetype:9006,defaultWorkPriorities.priorities.17.priority,1,,,explicit-serialized
CharacterSO|character-archetype:9006,character-archetype:9006,defaultWorkPriorities.priorities.18.workTypeId,work:refuel,,,explicit-serialized
CharacterSO|character-archetype:9006,character-archetype:9006,defaultWorkPriorities.priorities.18.priority,1,,,explicit-serialized
CharacterSO|character-archetype:9006,character-archetype:9006,defaultWorkPriorities.priorities.19.workTypeId,work:warden,,,explicit-serialized
CharacterSO|character-archetype:9006,character-archetype:9006,defaultWorkPriorities.priorities.19.priority,2,,,explicit-serialized
CharacterSO|character-archetype:9006,character-archetype:9006,defaultWorkPriorities.priorities.20.workTypeId,work:perform,,,explicit-serialized
CharacterSO|character-archetype:9006,character-archetype:9006,defaultWorkPriorities.priorities.20.priority,2,,,explicit-serialized
CharacterSO|character-archetype:9006,character-archetype:9006,defaultWorkPriorities.priorities.21.workTypeId,work:gather,,,explicit-serialized
CharacterSO|character-archetype:9006,character-archetype:9006,defaultWorkPriorities.priorities.21.priority,2,,,explicit-serialized
CharacterSO|character-archetype:9006,character-archetype:9006,defaultWorkPriorities.priorities.22.workTypeId,work:sow,,,explicit-serialized
CharacterSO|character-archetype:9006,character-archetype:9006,defaultWorkPriorities.priorities.22.priority,2,,,explicit-serialized
CharacterSO|character-archetype:9006,character-archetype:9006,defaultWorkPriorities.priorities.23.workTypeId,work:harvest,,,explicit-serialized
CharacterSO|character-archetype:9006,character-archetype:9006,defaultWorkPriorities.priorities.23.priority,2,,,explicit-serialized
CharacterSO|character-archetype:9006,character-archetype:9006,defaultWorkPriorities.priorities.24.workTypeId,work:logging,,,explicit-serialized
CharacterSO|character-archetype:9006,character-archetype:9006,defaultWorkPriorities.priorities.24.priority,2,,,explicit-serialized
CharacterSO|character-archetype:9006,character-archetype:9006,defaultWorkPriorities.priorities.25.workTypeId,work:quarry,,,explicit-serialized
CharacterSO|character-archetype:9006,character-archetype:9006,defaultWorkPriorities.priorities.25.priority,1,,,explicit-serialized
CharacterSO|character-archetype:9006,character-archetype:9006,defaultWorkPriorities.priorities.26.workTypeId,work:animal-care,,,explicit-serialized
CharacterSO|character-archetype:9006,character-archetype:9006,defaultWorkPriorities.priorities.26.priority,2,,,explicit-serialized
CharacterSO|character-archetype:9006,character-archetype:9006,defaultWorkPriorities.priorities.27.workTypeId,work:grand-project,,,explicit-serialized
CharacterSO|character-archetype:9006,character-archetype:9006,defaultWorkPriorities.priorities.27.priority,2,,,explicit-serialized
CharacterSO|character-archetype:9006,character-archetype:9006,defaultWorkPriorities.priorities.28.workTypeId,work:threat-mitigation,,,explicit-serialized
CharacterSO|character-archetype:9006,character-archetype:9006,defaultWorkPriorities.priorities.28.priority,1,,,explicit-serialized
CharacterSO|character-archetype:9006,character-archetype:9006,defaultWorkPriorities.priorities.29.workTypeId,work:plumbing,,,explicit-serialized
CharacterSO|character-archetype:9006,character-archetype:9006,defaultWorkPriorities.priorities.29.priority,2,,,explicit-serialized
CharacterSO|character-archetype:9006,character-archetype:9006,defaultWorkPriorities.priorities.30.workTypeId,work:dismantle,,,explicit-serialized
CharacterSO|character-archetype:9006,character-archetype:9006,defaultWorkPriorities.priorities.30.priority,2,,,explicit-serialized
CharacterSO|character-archetype:9006,character-archetype:9006,defaultWorkPriorities.legacyOperate,1,,,explicit-serialized
CharacterSO|character-archetype:9006,character-archetype:9006,defaultWorkPriorities.legacyRestock,2,,,explicit-serialized
CharacterSO|character-archetype:9006,character-archetype:9006,defaultWorkPriorities.legacyRepair,2,,,explicit-serialized
CharacterSO|character-archetype:9006,character-archetype:9006,defaultWorkPriorities.legacyClean,3,,,explicit-serialized
CharacterSO|character-archetype:9006,character-archetype:9006,defaultWorkPriorities.legacyResearch,2,,,explicit-serialized
CharacterSO|character-archetype:9006,character-archetype:9006,defaultWorkPriorities.legacyGuard,3,,,explicit-serialized
CharacterSO|character-archetype:9006,character-archetype:9006,defaultWorkPriorities.legacyRescue,2,,,explicit-serialized
CharacterSO|character-archetype:9006,character-archetype:9006,defaultWorkPriorities.legacyRest,3,,,explicit-serialized
CharacterSO|character-archetype:9006,character-archetype:9006,aiPersonality.diligence,1.4,,,explicit-serialized
CharacterSO|character-archetype:9006,character-archetype:9006,aiPersonality.curiosity,1,,,explicit-serialized
CharacterSO|character-archetype:9006,character-archetype:9006,aiPersonality.selfCare,1,,,explicit-serialized
CharacterSO|character-archetype:9006,character-archetype:9006,aiPersonality.patience,1,,,explicit-serialized
CharacterSO|character-archetype:9006,character-archetype:9006,aiPersonality.shoppingInterest,1,,,explicit-serialized
CharacterSO|character-archetype:9006,character-archetype:9006,aiPersonality.sociability,1,,,explicit-serialized
CharacterSO|character-archetype:9006,character-archetype:9006,aiPersonality.riskTaking,1,,,explicit-serialized
CharacterSO|character-archetype:9006,character-archetype:9006,aiPersonality.orderliness,1.45,,,explicit-serialized
CharacterSO|character-archetype:9006,character-archetype:9006,aiPersonality.outdoorPreference,1,,,explicit-serialized
CharacterSO|character-archetype:9006,character-archetype:9006,aiPersonality.noveltySeeking,1,,,explicit-serialized
CharacterSO|character-archetype:9006,character-archetype:9006,aiPersonality.routineAdherence,1,,,explicit-serialized
CharacterSO|character-archetype:9006,character-archetype:9006,ownerSummary,,,,explicit-serialized
CharacterSO|character-archetype:9006,character-archetype:9006,ownerPreferredWorkTypes,0,FacilityWorkType,None,explicit-serialized
CharacterSO|character-archetype:9006,character-archetype:9006,ownerFixedSkills,[],,,explicit-serialized
CharacterSO|character-archetype:9006,character-archetype:9006,characterSprite.fileID,-177130652,,,explicit-serialized
CharacterSO|character-archetype:9006,character-archetype:9006,characterSprite.guid,268b13836c8af3d408110e228f534b75,,,explicit-serialized
CharacterSO|character-archetype:9006,character-archetype:9006,characterSprite.type,3,,,explicit-serialized
CharacterSO|character-archetype:9006,character-archetype:9006,favoriteStore,[],,,explicit-serialized
CharacterSO|character-archetype:9006,character-archetype:9006,frequencyVisitMax,3,,,explicit-serialized
CharacterSO|character-archetype:9006,character-archetype:9006,frequencyVisitMin,1,,,explicit-serialized
CharacterSO|character-archetype:9006,character-archetype:9006,maxHoldingMoney,220,,,explicit-serialized
CharacterSO|character-archetype:9006,character-archetype:9006,minHoldingMoney,70,,,explicit-serialized
CharacterSO|character-archetype:9006,character-archetype:9006,speedType,5,CharacterSpeedType,Fast,explicit-serialized
CharacterSO|character-archetype:9006,character-archetype:9006,respawnSpeedType,13,CharacterRespawnSpeedType,Normal,explicit-serialized
CharacterSO|character-archetype:9007,character-archetype:9007,m_Name,Customer_Myconid,,,explicit-serialized
CharacterSO|character-archetype:9007,character-archetype:9007,archetypeId,character-archetype:9007,,,explicit-serialized
CharacterSO|character-archetype:9007,character-archetype:9007,visualVariantId,visual-variant:9007,,,explicit-serialized
CharacterSO|character-archetype:9007,character-archetype:9007,characterType,1,CharacterType,Customer,explicit-serialized
CharacterSO|character-archetype:9007,character-archetype:9007,role,0,CharacterRole,Regular,explicit-serialized
CharacterSO|character-archetype:9007,character-archetype:9007,id,9007,,,explicit-serialized
CharacterSO|character-archetype:9007,character-archetype:9007,characterName,모르,,,explicit-serialized
CharacterSO|character-archetype:9007,character-archetype:9007,speciesTag,Myconid,,,explicit-serialized
CharacterSO|character-archetype:9007,character-archetype:9007,species.fileID,11400000,,,explicit-serialized
CharacterSO|character-archetype:9007,character-archetype:9007,species.guid,c982f29e653dbc7458aab634cdcbcb29,,,explicit-serialized
CharacterSO|character-archetype:9007,character-archetype:9007,species.type,2,,,explicit-serialized
CharacterSO|character-archetype:9007,character-archetype:9007,traits,[],,,explicit-serialized
CharacterSO|character-archetype:9007,character-archetype:9007,defaultWorkPriorities.schemaVersion,2,,,explicit-serialized
CharacterSO|character-archetype:9007,character-archetype:9007,defaultWorkPriorities.priorities.0.workTypeId,work:operate,,,explicit-serialized
CharacterSO|character-archetype:9007,character-archetype:9007,defaultWorkPriorities.priorities.0.priority,1,,,explicit-serialized
CharacterSO|character-archetype:9007,character-archetype:9007,defaultWorkPriorities.priorities.1.workTypeId,work:restock,,,explicit-serialized
CharacterSO|character-archetype:9007,character-archetype:9007,defaultWorkPriorities.priorities.1.priority,2,,,explicit-serialized
CharacterSO|character-archetype:9007,character-archetype:9007,defaultWorkPriorities.priorities.2.workTypeId,work:construct,,,explicit-serialized
CharacterSO|character-archetype:9007,character-archetype:9007,defaultWorkPriorities.priorities.2.priority,2,,,explicit-serialized
CharacterSO|character-archetype:9007,character-archetype:9007,defaultWorkPriorities.priorities.3.workTypeId,work:repair,,,explicit-serialized
CharacterSO|character-archetype:9007,character-archetype:9007,defaultWorkPriorities.priorities.3.priority,2,,,explicit-serialized
CharacterSO|character-archetype:9007,character-archetype:9007,defaultWorkPriorities.priorities.4.workTypeId,work:clean,,,explicit-serialized
CharacterSO|character-archetype:9007,character-archetype:9007,defaultWorkPriorities.priorities.4.priority,1,,,explicit-serialized
CharacterSO|character-archetype:9007,character-archetype:9007,defaultWorkPriorities.priorities.5.workTypeId,work:research,,,explicit-serialized
CharacterSO|character-archetype:9007,character-archetype:9007,defaultWorkPriorities.priorities.5.priority,2,,,explicit-serialized
CharacterSO|character-archetype:9007,character-archetype:9007,defaultWorkPriorities.priorities.6.workTypeId,work:guard,,,explicit-serialized
CharacterSO|character-archetype:9007,character-archetype:9007,defaultWorkPriorities.priorities.6.priority,3,,,explicit-serialized
CharacterSO|character-archetype:9007,character-archetype:9007,defaultWorkPriorities.priorities.7.workTypeId,work:reception,,,explicit-serialized
CharacterSO|character-archetype:9007,character-archetype:9007,defaultWorkPriorities.priorities.7.priority,2,,,explicit-serialized
CharacterSO|character-archetype:9007,character-archetype:9007,defaultWorkPriorities.priorities.8.workTypeId,work:rescue,,,explicit-serialized
CharacterSO|character-archetype:9007,character-archetype:9007,defaultWorkPriorities.priorities.8.priority,2,,,explicit-serialized
CharacterSO|character-archetype:9007,character-archetype:9007,defaultWorkPriorities.priorities.9.workTypeId,work:rest,,,explicit-serialized
CharacterSO|character-archetype:9007,character-archetype:9007,defaultWorkPriorities.priorities.9.priority,3,,,explicit-serialized
CharacterSO|character-archetype:9007,character-archetype:9007,defaultWorkPriorities.priorities.10.workTypeId,work:craft,,,explicit-serialized
CharacterSO|character-archetype:9007,character-archetype:9007,defaultWorkPriorities.priorities.10.priority,2,,,explicit-serialized
CharacterSO|character-archetype:9007,character-archetype:9007,defaultWorkPriorities.priorities.11.workTypeId,work:haul,,,explicit-serialized
CharacterSO|character-archetype:9007,character-archetype:9007,defaultWorkPriorities.priorities.11.priority,2,,,explicit-serialized
CharacterSO|character-archetype:9007,character-archetype:9007,defaultWorkPriorities.priorities.12.workTypeId,work:hunt,,,explicit-serialized
CharacterSO|character-archetype:9007,character-archetype:9007,defaultWorkPriorities.priorities.12.priority,2,,,explicit-serialized
CharacterSO|character-archetype:9007,character-archetype:9007,defaultWorkPriorities.priorities.13.workTypeId,work:butcher,,,explicit-serialized
CharacterSO|character-archetype:9007,character-archetype:9007,defaultWorkPriorities.priorities.13.priority,2,,,explicit-serialized
CharacterSO|character-archetype:9007,character-archetype:9007,defaultWorkPriorities.priorities.14.workTypeId,work:draw-water,,,explicit-serialized
CharacterSO|character-archetype:9007,character-archetype:9007,defaultWorkPriorities.priorities.14.priority,2,,,explicit-serialized
CharacterSO|character-archetype:9007,character-archetype:9007,defaultWorkPriorities.priorities.15.workTypeId,work:cook,,,explicit-serialized
CharacterSO|character-archetype:9007,character-archetype:9007,defaultWorkPriorities.priorities.15.priority,2,,,explicit-serialized
CharacterSO|character-archetype:9007,character-archetype:9007,defaultWorkPriorities.priorities.16.workTypeId,work:treat,,,explicit-serialized
CharacterSO|character-archetype:9007,character-archetype:9007,defaultWorkPriorities.priorities.16.priority,1,,,explicit-serialized
CharacterSO|character-archetype:9007,character-archetype:9007,defaultWorkPriorities.priorities.17.workTypeId,work:surgery,,,explicit-serialized
CharacterSO|character-archetype:9007,character-archetype:9007,defaultWorkPriorities.priorities.17.priority,1,,,explicit-serialized
CharacterSO|character-archetype:9007,character-archetype:9007,defaultWorkPriorities.priorities.18.workTypeId,work:refuel,,,explicit-serialized
CharacterSO|character-archetype:9007,character-archetype:9007,defaultWorkPriorities.priorities.18.priority,2,,,explicit-serialized
CharacterSO|character-archetype:9007,character-archetype:9007,defaultWorkPriorities.priorities.19.workTypeId,work:warden,,,explicit-serialized
CharacterSO|character-archetype:9007,character-archetype:9007,defaultWorkPriorities.priorities.19.priority,2,,,explicit-serialized
CharacterSO|character-archetype:9007,character-archetype:9007,defaultWorkPriorities.priorities.20.workTypeId,work:perform,,,explicit-serialized
CharacterSO|character-archetype:9007,character-archetype:9007,defaultWorkPriorities.priorities.20.priority,2,,,explicit-serialized
CharacterSO|character-archetype:9007,character-archetype:9007,defaultWorkPriorities.priorities.21.workTypeId,work:gather,,,explicit-serialized
CharacterSO|character-archetype:9007,character-archetype:9007,defaultWorkPriorities.priorities.21.priority,2,,,explicit-serialized
CharacterSO|character-archetype:9007,character-archetype:9007,defaultWorkPriorities.priorities.22.workTypeId,work:sow,,,explicit-serialized
CharacterSO|character-archetype:9007,character-archetype:9007,defaultWorkPriorities.priorities.22.priority,1,,,explicit-serialized
CharacterSO|character-archetype:9007,character-archetype:9007,defaultWorkPriorities.priorities.23.workTypeId,work:harvest,,,explicit-serialized
CharacterSO|character-archetype:9007,character-archetype:9007,defaultWorkPriorities.priorities.23.priority,1,,,explicit-serialized
CharacterSO|character-archetype:9007,character-archetype:9007,defaultWorkPriorities.priorities.24.workTypeId,work:logging,,,explicit-serialized
CharacterSO|character-archetype:9007,character-archetype:9007,defaultWorkPriorities.priorities.24.priority,2,,,explicit-serialized
CharacterSO|character-archetype:9007,character-archetype:9007,defaultWorkPriorities.priorities.25.workTypeId,work:quarry,,,explicit-serialized
CharacterSO|character-archetype:9007,character-archetype:9007,defaultWorkPriorities.priorities.25.priority,2,,,explicit-serialized
CharacterSO|character-archetype:9007,character-archetype:9007,defaultWorkPriorities.priorities.26.workTypeId,work:animal-care,,,explicit-serialized
CharacterSO|character-archetype:9007,character-archetype:9007,defaultWorkPriorities.priorities.26.priority,2,,,explicit-serialized
CharacterSO|character-archetype:9007,character-archetype:9007,defaultWorkPriorities.priorities.27.workTypeId,work:grand-project,,,explicit-serialized
CharacterSO|character-archetype:9007,character-archetype:9007,defaultWorkPriorities.priorities.27.priority,2,,,explicit-serialized
CharacterSO|character-archetype:9007,character-archetype:9007,defaultWorkPriorities.priorities.28.workTypeId,work:threat-mitigation,,,explicit-serialized
CharacterSO|character-archetype:9007,character-archetype:9007,defaultWorkPriorities.priorities.28.priority,1,,,explicit-serialized
CharacterSO|character-archetype:9007,character-archetype:9007,defaultWorkPriorities.priorities.29.workTypeId,work:plumbing,,,explicit-serialized
CharacterSO|character-archetype:9007,character-archetype:9007,defaultWorkPriorities.priorities.29.priority,2,,,explicit-serialized
CharacterSO|character-archetype:9007,character-archetype:9007,defaultWorkPriorities.priorities.30.workTypeId,work:dismantle,,,explicit-serialized
CharacterSO|character-archetype:9007,character-archetype:9007,defaultWorkPriorities.priorities.30.priority,2,,,explicit-serialized
CharacterSO|character-archetype:9007,character-archetype:9007,defaultWorkPriorities.legacyOperate,1,,,explicit-serialized
CharacterSO|character-archetype:9007,character-archetype:9007,defaultWorkPriorities.legacyRestock,2,,,explicit-serialized
CharacterSO|character-archetype:9007,character-archetype:9007,defaultWorkPriorities.legacyRepair,2,,,explicit-serialized
CharacterSO|character-archetype:9007,character-archetype:9007,defaultWorkPriorities.legacyClean,3,,,explicit-serialized
CharacterSO|character-archetype:9007,character-archetype:9007,defaultWorkPriorities.legacyResearch,2,,,explicit-serialized
CharacterSO|character-archetype:9007,character-archetype:9007,defaultWorkPriorities.legacyGuard,3,,,explicit-serialized
CharacterSO|character-archetype:9007,character-archetype:9007,defaultWorkPriorities.legacyRescue,2,,,explicit-serialized
CharacterSO|character-archetype:9007,character-archetype:9007,defaultWorkPriorities.legacyRest,3,,,explicit-serialized
CharacterSO|character-archetype:9007,character-archetype:9007,aiPersonality.diligence,1,,,explicit-serialized
CharacterSO|character-archetype:9007,character-archetype:9007,aiPersonality.curiosity,1,,,explicit-serialized
CharacterSO|character-archetype:9007,character-archetype:9007,aiPersonality.selfCare,1.3,,,explicit-serialized
CharacterSO|character-archetype:9007,character-archetype:9007,aiPersonality.patience,1.4,,,explicit-serialized
CharacterSO|character-archetype:9007,character-archetype:9007,aiPersonality.shoppingInterest,1,,,explicit-serialized
CharacterSO|character-archetype:9007,character-archetype:9007,aiPersonality.sociability,1,,,explicit-serialized
CharacterSO|character-archetype:9007,character-archetype:9007,aiPersonality.riskTaking,1,,,explicit-serialized
CharacterSO|character-archetype:9007,character-archetype:9007,aiPersonality.orderliness,1,,,explicit-serialized
CharacterSO|character-archetype:9007,character-archetype:9007,aiPersonality.outdoorPreference,1,,,explicit-serialized
CharacterSO|character-archetype:9007,character-archetype:9007,aiPersonality.noveltySeeking,1,,,explicit-serialized
CharacterSO|character-archetype:9007,character-archetype:9007,aiPersonality.routineAdherence,1,,,explicit-serialized
CharacterSO|character-archetype:9007,character-archetype:9007,ownerSummary,,,,explicit-serialized
CharacterSO|character-archetype:9007,character-archetype:9007,ownerPreferredWorkTypes,0,FacilityWorkType,None,explicit-serialized
CharacterSO|character-archetype:9007,character-archetype:9007,ownerFixedSkills,[],,,explicit-serialized
CharacterSO|character-archetype:9007,character-archetype:9007,characterSprite.fileID,21300000,,,explicit-serialized
CharacterSO|character-archetype:9007,character-archetype:9007,characterSprite.guid,bbf2e2af9c80d2a4c9b9d9bfd9cbc907,,,explicit-serialized
CharacterSO|character-archetype:9007,character-archetype:9007,characterSprite.type,3,,,explicit-serialized
CharacterSO|character-archetype:9007,character-archetype:9007,favoriteStore,[],,,explicit-serialized
CharacterSO|character-archetype:9007,character-archetype:9007,frequencyVisitMax,3,,,explicit-serialized
CharacterSO|character-archetype:9007,character-archetype:9007,frequencyVisitMin,1,,,explicit-serialized
CharacterSO|character-archetype:9007,character-archetype:9007,maxHoldingMoney,250,,,explicit-serialized
CharacterSO|character-archetype:9007,character-archetype:9007,minHoldingMoney,80,,,explicit-serialized
CharacterSO|character-archetype:9007,character-archetype:9007,speedType,3,CharacterSpeedType,Slow,explicit-serialized
CharacterSO|character-archetype:9007,character-archetype:9007,respawnSpeedType,13,CharacterRespawnSpeedType,Normal,explicit-serialized
CharacterSO|character-archetype:9008,character-archetype:9008,m_Name,Customer_Harpy,,,explicit-serialized
CharacterSO|character-archetype:9008,character-archetype:9008,archetypeId,character-archetype:9008,,,explicit-serialized
CharacterSO|character-archetype:9008,character-archetype:9008,visualVariantId,visual-variant:9008,,,explicit-serialized
CharacterSO|character-archetype:9008,character-archetype:9008,characterType,1,CharacterType,Customer,explicit-serialized
CharacterSO|character-archetype:9008,character-archetype:9008,role,0,CharacterRole,Regular,explicit-serialized
CharacterSO|character-archetype:9008,character-archetype:9008,id,9008,,,explicit-serialized
CharacterSO|character-archetype:9008,character-archetype:9008,characterName,세라,,,explicit-serialized
CharacterSO|character-archetype:9008,character-archetype:9008,speciesTag,Harpy,,,explicit-serialized
CharacterSO|character-archetype:9008,character-archetype:9008,species.fileID,11400000,,,explicit-serialized
CharacterSO|character-archetype:9008,character-archetype:9008,species.guid,d6114a61f3f197645bc69590b2992baf,,,explicit-serialized
CharacterSO|character-archetype:9008,character-archetype:9008,species.type,2,,,explicit-serialized
CharacterSO|character-archetype:9008,character-archetype:9008,traits,[],,,explicit-serialized
CharacterSO|character-archetype:9008,character-archetype:9008,defaultWorkPriorities.schemaVersion,2,,,explicit-serialized
CharacterSO|character-archetype:9008,character-archetype:9008,defaultWorkPriorities.priorities.0.workTypeId,work:operate,,,explicit-serialized
CharacterSO|character-archetype:9008,character-archetype:9008,defaultWorkPriorities.priorities.0.priority,1,,,explicit-serialized
CharacterSO|character-archetype:9008,character-archetype:9008,defaultWorkPriorities.priorities.1.workTypeId,work:restock,,,explicit-serialized
CharacterSO|character-archetype:9008,character-archetype:9008,defaultWorkPriorities.priorities.1.priority,2,,,explicit-serialized
CharacterSO|character-archetype:9008,character-archetype:9008,defaultWorkPriorities.priorities.2.workTypeId,work:construct,,,explicit-serialized
CharacterSO|character-archetype:9008,character-archetype:9008,defaultWorkPriorities.priorities.2.priority,2,,,explicit-serialized
CharacterSO|character-archetype:9008,character-archetype:9008,defaultWorkPriorities.priorities.3.workTypeId,work:repair,,,explicit-serialized
CharacterSO|character-archetype:9008,character-archetype:9008,defaultWorkPriorities.priorities.3.priority,2,,,explicit-serialized
CharacterSO|character-archetype:9008,character-archetype:9008,defaultWorkPriorities.priorities.4.workTypeId,work:clean,,,explicit-serialized
CharacterSO|character-archetype:9008,character-archetype:9008,defaultWorkPriorities.priorities.4.priority,3,,,explicit-serialized
CharacterSO|character-archetype:9008,character-archetype:9008,defaultWorkPriorities.priorities.5.workTypeId,work:research,,,explicit-serialized
CharacterSO|character-archetype:9008,character-archetype:9008,defaultWorkPriorities.priorities.5.priority,2,,,explicit-serialized
CharacterSO|character-archetype:9008,character-archetype:9008,defaultWorkPriorities.priorities.6.workTypeId,work:guard,,,explicit-serialized
CharacterSO|character-archetype:9008,character-archetype:9008,defaultWorkPriorities.priorities.6.priority,1,,,explicit-serialized
CharacterSO|character-archetype:9008,character-archetype:9008,defaultWorkPriorities.priorities.7.workTypeId,work:reception,,,explicit-serialized
CharacterSO|character-archetype:9008,character-archetype:9008,defaultWorkPriorities.priorities.7.priority,1,,,explicit-serialized
CharacterSO|character-archetype:9008,character-archetype:9008,defaultWorkPriorities.priorities.8.workTypeId,work:rescue,,,explicit-serialized
CharacterSO|character-archetype:9008,character-archetype:9008,defaultWorkPriorities.priorities.8.priority,2,,,explicit-serialized
CharacterSO|character-archetype:9008,character-archetype:9008,defaultWorkPriorities.priorities.9.workTypeId,work:rest,,,explicit-serialized
CharacterSO|character-archetype:9008,character-archetype:9008,defaultWorkPriorities.priorities.9.priority,3,,,explicit-serialized
CharacterSO|character-archetype:9008,character-archetype:9008,defaultWorkPriorities.priorities.10.workTypeId,work:craft,,,explicit-serialized
CharacterSO|character-archetype:9008,character-archetype:9008,defaultWorkPriorities.priorities.10.priority,2,,,explicit-serialized
CharacterSO|character-archetype:9008,character-archetype:9008,defaultWorkPriorities.priorities.11.workTypeId,work:haul,,,explicit-serialized
CharacterSO|character-archetype:9008,character-archetype:9008,defaultWorkPriorities.priorities.11.priority,2,,,explicit-serialized
CharacterSO|character-archetype:9008,character-archetype:9008,defaultWorkPriorities.priorities.12.workTypeId,work:hunt,,,explicit-serialized
CharacterSO|character-archetype:9008,character-archetype:9008,defaultWorkPriorities.priorities.12.priority,1,,,explicit-serialized
CharacterSO|character-archetype:9008,character-archetype:9008,defaultWorkPriorities.priorities.13.workTypeId,work:butcher,,,explicit-serialized
CharacterSO|character-archetype:9008,character-archetype:9008,defaultWorkPriorities.priorities.13.priority,2,,,explicit-serialized
CharacterSO|character-archetype:9008,character-archetype:9008,defaultWorkPriorities.priorities.14.workTypeId,work:draw-water,,,explicit-serialized
CharacterSO|character-archetype:9008,character-archetype:9008,defaultWorkPriorities.priorities.14.priority,2,,,explicit-serialized
CharacterSO|character-archetype:9008,character-archetype:9008,defaultWorkPriorities.priorities.15.workTypeId,work:cook,,,explicit-serialized
CharacterSO|character-archetype:9008,character-archetype:9008,defaultWorkPriorities.priorities.15.priority,2,,,explicit-serialized
CharacterSO|character-archetype:9008,character-archetype:9008,defaultWorkPriorities.priorities.16.workTypeId,work:treat,,,explicit-serialized
CharacterSO|character-archetype:9008,character-archetype:9008,defaultWorkPriorities.priorities.16.priority,2,,,explicit-serialized
CharacterSO|character-archetype:9008,character-archetype:9008,defaultWorkPriorities.priorities.17.workTypeId,work:surgery,,,explicit-serialized
CharacterSO|character-archetype:9008,character-archetype:9008,defaultWorkPriorities.priorities.17.priority,1,,,explicit-serialized
CharacterSO|character-archetype:9008,character-archetype:9008,defaultWorkPriorities.priorities.18.workTypeId,work:refuel,,,explicit-serialized
CharacterSO|character-archetype:9008,character-archetype:9008,defaultWorkPriorities.priorities.18.priority,2,,,explicit-serialized
CharacterSO|character-archetype:9008,character-archetype:9008,defaultWorkPriorities.priorities.19.workTypeId,work:warden,,,explicit-serialized
CharacterSO|character-archetype:9008,character-archetype:9008,defaultWorkPriorities.priorities.19.priority,2,,,explicit-serialized
CharacterSO|character-archetype:9008,character-archetype:9008,defaultWorkPriorities.priorities.20.workTypeId,work:perform,,,explicit-serialized
CharacterSO|character-archetype:9008,character-archetype:9008,defaultWorkPriorities.priorities.20.priority,2,,,explicit-serialized
CharacterSO|character-archetype:9008,character-archetype:9008,defaultWorkPriorities.priorities.21.workTypeId,work:gather,,,explicit-serialized
CharacterSO|character-archetype:9008,character-archetype:9008,defaultWorkPriorities.priorities.21.priority,2,,,explicit-serialized
CharacterSO|character-archetype:9008,character-archetype:9008,defaultWorkPriorities.priorities.22.workTypeId,work:sow,,,explicit-serialized
CharacterSO|character-archetype:9008,character-archetype:9008,defaultWorkPriorities.priorities.22.priority,2,,,explicit-serialized
CharacterSO|character-archetype:9008,character-archetype:9008,defaultWorkPriorities.priorities.23.workTypeId,work:harvest,,,explicit-serialized
CharacterSO|character-archetype:9008,character-archetype:9008,defaultWorkPriorities.priorities.23.priority,2,,,explicit-serialized
CharacterSO|character-archetype:9008,character-archetype:9008,defaultWorkPriorities.priorities.24.workTypeId,work:logging,,,explicit-serialized
CharacterSO|character-archetype:9008,character-archetype:9008,defaultWorkPriorities.priorities.24.priority,2,,,explicit-serialized
CharacterSO|character-archetype:9008,character-archetype:9008,defaultWorkPriorities.priorities.25.workTypeId,work:quarry,,,explicit-serialized
CharacterSO|character-archetype:9008,character-archetype:9008,defaultWorkPriorities.priorities.25.priority,2,,,explicit-serialized
CharacterSO|character-archetype:9008,character-archetype:9008,defaultWorkPriorities.priorities.26.workTypeId,work:animal-care,,,explicit-serialized
CharacterSO|character-archetype:9008,character-archetype:9008,defaultWorkPriorities.priorities.26.priority,2,,,explicit-serialized
CharacterSO|character-archetype:9008,character-archetype:9008,defaultWorkPriorities.priorities.27.workTypeId,work:grand-project,,,explicit-serialized
CharacterSO|character-archetype:9008,character-archetype:9008,defaultWorkPriorities.priorities.27.priority,2,,,explicit-serialized
CharacterSO|character-archetype:9008,character-archetype:9008,defaultWorkPriorities.priorities.28.workTypeId,work:threat-mitigation,,,explicit-serialized
CharacterSO|character-archetype:9008,character-archetype:9008,defaultWorkPriorities.priorities.28.priority,1,,,explicit-serialized
CharacterSO|character-archetype:9008,character-archetype:9008,defaultWorkPriorities.priorities.29.workTypeId,work:plumbing,,,explicit-serialized
CharacterSO|character-archetype:9008,character-archetype:9008,defaultWorkPriorities.priorities.29.priority,2,,,explicit-serialized
CharacterSO|character-archetype:9008,character-archetype:9008,defaultWorkPriorities.priorities.30.workTypeId,work:dismantle,,,explicit-serialized
CharacterSO|character-archetype:9008,character-archetype:9008,defaultWorkPriorities.priorities.30.priority,2,,,explicit-serialized
CharacterSO|character-archetype:9008,character-archetype:9008,defaultWorkPriorities.legacyOperate,1,,,explicit-serialized
CharacterSO|character-archetype:9008,character-archetype:9008,defaultWorkPriorities.legacyRestock,2,,,explicit-serialized
CharacterSO|character-archetype:9008,character-archetype:9008,defaultWorkPriorities.legacyRepair,2,,,explicit-serialized
CharacterSO|character-archetype:9008,character-archetype:9008,defaultWorkPriorities.legacyClean,3,,,explicit-serialized
CharacterSO|character-archetype:9008,character-archetype:9008,defaultWorkPriorities.legacyResearch,2,,,explicit-serialized
CharacterSO|character-archetype:9008,character-archetype:9008,defaultWorkPriorities.legacyGuard,3,,,explicit-serialized
CharacterSO|character-archetype:9008,character-archetype:9008,defaultWorkPriorities.legacyRescue,2,,,explicit-serialized
CharacterSO|character-archetype:9008,character-archetype:9008,defaultWorkPriorities.legacyRest,3,,,explicit-serialized
CharacterSO|character-archetype:9008,character-archetype:9008,aiPersonality.diligence,1,,,explicit-serialized
CharacterSO|character-archetype:9008,character-archetype:9008,aiPersonality.curiosity,1.4,,,explicit-serialized
CharacterSO|character-archetype:9008,character-archetype:9008,aiPersonality.selfCare,1,,,explicit-serialized
CharacterSO|character-archetype:9008,character-archetype:9008,aiPersonality.patience,1,,,explicit-serialized
CharacterSO|character-archetype:9008,character-archetype:9008,aiPersonality.shoppingInterest,1,,,explicit-serialized
CharacterSO|character-archetype:9008,character-archetype:9008,aiPersonality.sociability,1,,,explicit-serialized
CharacterSO|character-archetype:9008,character-archetype:9008,aiPersonality.riskTaking,1,,,explicit-serialized
CharacterSO|character-archetype:9008,character-archetype:9008,aiPersonality.orderliness,1,,,explicit-serialized
CharacterSO|character-archetype:9008,character-archetype:9008,aiPersonality.outdoorPreference,1.6,,,explicit-serialized
CharacterSO|character-archetype:9008,character-archetype:9008,aiPersonality.noveltySeeking,1.35,,,explicit-serialized
CharacterSO|character-archetype:9008,character-archetype:9008,aiPersonality.routineAdherence,1,,,explicit-serialized
CharacterSO|character-archetype:9008,character-archetype:9008,ownerSummary,,,,explicit-serialized
CharacterSO|character-archetype:9008,character-archetype:9008,ownerPreferredWorkTypes,0,FacilityWorkType,None,explicit-serialized
CharacterSO|character-archetype:9008,character-archetype:9008,ownerFixedSkills,[],,,explicit-serialized
CharacterSO|character-archetype:9008,character-archetype:9008,characterSprite.fileID,-4509912286342918290,,,explicit-serialized
CharacterSO|character-archetype:9008,character-archetype:9008,characterSprite.guid,d08f9f26898ffc7da8264f5fb45551de,,,explicit-serialized
CharacterSO|character-archetype:9008,character-archetype:9008,characterSprite.type,3,,,explicit-serialized
CharacterSO|character-archetype:9008,character-archetype:9008,favoriteStore,[],,,explicit-serialized
CharacterSO|character-archetype:9008,character-archetype:9008,frequencyVisitMax,3,,,explicit-serialized
CharacterSO|character-archetype:9008,character-archetype:9008,frequencyVisitMin,1,,,explicit-serialized
CharacterSO|character-archetype:9008,character-archetype:9008,maxHoldingMoney,380,,,explicit-serialized
CharacterSO|character-archetype:9008,character-archetype:9008,minHoldingMoney,130,,,explicit-serialized
CharacterSO|character-archetype:9008,character-archetype:9008,speedType,5,CharacterSpeedType,Fast,explicit-serialized
CharacterSO|character-archetype:9008,character-archetype:9008,respawnSpeedType,13,CharacterRespawnSpeedType,Normal,explicit-serialized
CharacterSO|character-archetype:9009,character-archetype:9009,m_Name,Customer_Golem,,,explicit-serialized
CharacterSO|character-archetype:9009,character-archetype:9009,archetypeId,character-archetype:9009,,,explicit-serialized
CharacterSO|character-archetype:9009,character-archetype:9009,visualVariantId,visual-variant:9009,,,explicit-serialized
CharacterSO|character-archetype:9009,character-archetype:9009,characterType,1,CharacterType,Customer,explicit-serialized
CharacterSO|character-archetype:9009,character-archetype:9009,role,0,CharacterRole,Regular,explicit-serialized
CharacterSO|character-archetype:9009,character-archetype:9009,id,9009,,,explicit-serialized
CharacterSO|character-archetype:9009,character-archetype:9009,characterName,바살트-7,,,explicit-serialized
CharacterSO|character-archetype:9009,character-archetype:9009,speciesTag,Golem,,,explicit-serialized
CharacterSO|character-archetype:9009,character-archetype:9009,species.fileID,11400000,,,explicit-serialized
CharacterSO|character-archetype:9009,character-archetype:9009,species.guid,a562f96c8cdc2ee42ae892f925b77feb,,,explicit-serialized
CharacterSO|character-archetype:9009,character-archetype:9009,species.type,2,,,explicit-serialized
CharacterSO|character-archetype:9009,character-archetype:9009,traits,[],,,explicit-serialized
CharacterSO|character-archetype:9009,character-archetype:9009,defaultWorkPriorities.schemaVersion,2,,,explicit-serialized
CharacterSO|character-archetype:9009,character-archetype:9009,defaultWorkPriorities.priorities.0.workTypeId,work:operate,,,explicit-serialized
CharacterSO|character-archetype:9009,character-archetype:9009,defaultWorkPriorities.priorities.0.priority,1,,,explicit-serialized
CharacterSO|character-archetype:9009,character-archetype:9009,defaultWorkPriorities.priorities.1.workTypeId,work:restock,,,explicit-serialized
CharacterSO|character-archetype:9009,character-archetype:9009,defaultWorkPriorities.priorities.1.priority,2,,,explicit-serialized
CharacterSO|character-archetype:9009,character-archetype:9009,defaultWorkPriorities.priorities.2.workTypeId,work:construct,,,explicit-serialized
CharacterSO|character-archetype:9009,character-archetype:9009,defaultWorkPriorities.priorities.2.priority,1,,,explicit-serialized
CharacterSO|character-archetype:9009,character-archetype:9009,defaultWorkPriorities.priorities.3.workTypeId,work:repair,,,explicit-serialized
CharacterSO|character-archetype:9009,character-archetype:9009,defaultWorkPriorities.priorities.3.priority,1,,,explicit-serialized
CharacterSO|character-archetype:9009,character-archetype:9009,defaultWorkPriorities.priorities.4.workTypeId,work:clean,,,explicit-serialized
CharacterSO|character-archetype:9009,character-archetype:9009,defaultWorkPriorities.priorities.4.priority,3,,,explicit-serialized
CharacterSO|character-archetype:9009,character-archetype:9009,defaultWorkPriorities.priorities.5.workTypeId,work:research,,,explicit-serialized
CharacterSO|character-archetype:9009,character-archetype:9009,defaultWorkPriorities.priorities.5.priority,2,,,explicit-serialized
CharacterSO|character-archetype:9009,character-archetype:9009,defaultWorkPriorities.priorities.6.workTypeId,work:guard,,,explicit-serialized
CharacterSO|character-archetype:9009,character-archetype:9009,defaultWorkPriorities.priorities.6.priority,3,,,explicit-serialized
CharacterSO|character-archetype:9009,character-archetype:9009,defaultWorkPriorities.priorities.7.workTypeId,work:reception,,,explicit-serialized
CharacterSO|character-archetype:9009,character-archetype:9009,defaultWorkPriorities.priorities.7.priority,2,,,explicit-serialized
CharacterSO|character-archetype:9009,character-archetype:9009,defaultWorkPriorities.priorities.8.workTypeId,work:rescue,,,explicit-serialized
CharacterSO|character-archetype:9009,character-archetype:9009,defaultWorkPriorities.priorities.8.priority,2,,,explicit-serialized
CharacterSO|character-archetype:9009,character-archetype:9009,defaultWorkPriorities.priorities.9.workTypeId,work:rest,,,explicit-serialized
CharacterSO|character-archetype:9009,character-archetype:9009,defaultWorkPriorities.priorities.9.priority,3,,,explicit-serialized
CharacterSO|character-archetype:9009,character-archetype:9009,defaultWorkPriorities.priorities.10.workTypeId,work:craft,,,explicit-serialized
CharacterSO|character-archetype:9009,character-archetype:9009,defaultWorkPriorities.priorities.10.priority,2,,,explicit-serialized
CharacterSO|character-archetype:9009,character-archetype:9009,defaultWorkPriorities.priorities.11.workTypeId,work:haul,,,explicit-serialized
CharacterSO|character-archetype:9009,character-archetype:9009,defaultWorkPriorities.priorities.11.priority,1,,,explicit-serialized
CharacterSO|character-archetype:9009,character-archetype:9009,defaultWorkPriorities.priorities.12.workTypeId,work:hunt,,,explicit-serialized
CharacterSO|character-archetype:9009,character-archetype:9009,defaultWorkPriorities.priorities.12.priority,2,,,explicit-serialized
CharacterSO|character-archetype:9009,character-archetype:9009,defaultWorkPriorities.priorities.13.workTypeId,work:butcher,,,explicit-serialized
CharacterSO|character-archetype:9009,character-archetype:9009,defaultWorkPriorities.priorities.13.priority,2,,,explicit-serialized
CharacterSO|character-archetype:9009,character-archetype:9009,defaultWorkPriorities.priorities.14.workTypeId,work:draw-water,,,explicit-serialized
CharacterSO|character-archetype:9009,character-archetype:9009,defaultWorkPriorities.priorities.14.priority,2,,,explicit-serialized
CharacterSO|character-archetype:9009,character-archetype:9009,defaultWorkPriorities.priorities.15.workTypeId,work:cook,,,explicit-serialized
CharacterSO|character-archetype:9009,character-archetype:9009,defaultWorkPriorities.priorities.15.priority,2,,,explicit-serialized
CharacterSO|character-archetype:9009,character-archetype:9009,defaultWorkPriorities.priorities.16.workTypeId,work:treat,,,explicit-serialized
CharacterSO|character-archetype:9009,character-archetype:9009,defaultWorkPriorities.priorities.16.priority,2,,,explicit-serialized
CharacterSO|character-archetype:9009,character-archetype:9009,defaultWorkPriorities.priorities.17.workTypeId,work:surgery,,,explicit-serialized
CharacterSO|character-archetype:9009,character-archetype:9009,defaultWorkPriorities.priorities.17.priority,1,,,explicit-serialized
CharacterSO|character-archetype:9009,character-archetype:9009,defaultWorkPriorities.priorities.18.workTypeId,work:refuel,,,explicit-serialized
CharacterSO|character-archetype:9009,character-archetype:9009,defaultWorkPriorities.priorities.18.priority,2,,,explicit-serialized
CharacterSO|character-archetype:9009,character-archetype:9009,defaultWorkPriorities.priorities.19.workTypeId,work:warden,,,explicit-serialized
CharacterSO|character-archetype:9009,character-archetype:9009,defaultWorkPriorities.priorities.19.priority,2,,,explicit-serialized
CharacterSO|character-archetype:9009,character-archetype:9009,defaultWorkPriorities.priorities.20.workTypeId,work:perform,,,explicit-serialized
CharacterSO|character-archetype:9009,character-archetype:9009,defaultWorkPriorities.priorities.20.priority,2,,,explicit-serialized
CharacterSO|character-archetype:9009,character-archetype:9009,defaultWorkPriorities.priorities.21.workTypeId,work:gather,,,explicit-serialized
CharacterSO|character-archetype:9009,character-archetype:9009,defaultWorkPriorities.priorities.21.priority,2,,,explicit-serialized
CharacterSO|character-archetype:9009,character-archetype:9009,defaultWorkPriorities.priorities.22.workTypeId,work:sow,,,explicit-serialized
CharacterSO|character-archetype:9009,character-archetype:9009,defaultWorkPriorities.priorities.22.priority,2,,,explicit-serialized
CharacterSO|character-archetype:9009,character-archetype:9009,defaultWorkPriorities.priorities.23.workTypeId,work:harvest,,,explicit-serialized
CharacterSO|character-archetype:9009,character-archetype:9009,defaultWorkPriorities.priorities.23.priority,2,,,explicit-serialized
CharacterSO|character-archetype:9009,character-archetype:9009,defaultWorkPriorities.priorities.24.workTypeId,work:logging,,,explicit-serialized
CharacterSO|character-archetype:9009,character-archetype:9009,defaultWorkPriorities.priorities.24.priority,2,,,explicit-serialized
CharacterSO|character-archetype:9009,character-archetype:9009,defaultWorkPriorities.priorities.25.workTypeId,work:quarry,,,explicit-serialized
CharacterSO|character-archetype:9009,character-archetype:9009,defaultWorkPriorities.priorities.25.priority,2,,,explicit-serialized
CharacterSO|character-archetype:9009,character-archetype:9009,defaultWorkPriorities.priorities.26.workTypeId,work:animal-care,,,explicit-serialized
CharacterSO|character-archetype:9009,character-archetype:9009,defaultWorkPriorities.priorities.26.priority,2,,,explicit-serialized
CharacterSO|character-archetype:9009,character-archetype:9009,defaultWorkPriorities.priorities.27.workTypeId,work:grand-project,,,explicit-serialized
CharacterSO|character-archetype:9009,character-archetype:9009,defaultWorkPriorities.priorities.27.priority,2,,,explicit-serialized
CharacterSO|character-archetype:9009,character-archetype:9009,defaultWorkPriorities.priorities.28.workTypeId,work:threat-mitigation,,,explicit-serialized
CharacterSO|character-archetype:9009,character-archetype:9009,defaultWorkPriorities.priorities.28.priority,1,,,explicit-serialized
CharacterSO|character-archetype:9009,character-archetype:9009,defaultWorkPriorities.priorities.29.workTypeId,work:plumbing,,,explicit-serialized
CharacterSO|character-archetype:9009,character-archetype:9009,defaultWorkPriorities.priorities.29.priority,1,,,explicit-serialized
CharacterSO|character-archetype:9009,character-archetype:9009,defaultWorkPriorities.priorities.30.workTypeId,work:dismantle,,,explicit-serialized
CharacterSO|character-archetype:9009,character-archetype:9009,defaultWorkPriorities.priorities.30.priority,2,,,explicit-serialized
CharacterSO|character-archetype:9009,character-archetype:9009,defaultWorkPriorities.legacyOperate,1,,,explicit-serialized
CharacterSO|character-archetype:9009,character-archetype:9009,defaultWorkPriorities.legacyRestock,2,,,explicit-serialized
CharacterSO|character-archetype:9009,character-archetype:9009,defaultWorkPriorities.legacyRepair,2,,,explicit-serialized
CharacterSO|character-archetype:9009,character-archetype:9009,defaultWorkPriorities.legacyClean,3,,,explicit-serialized
CharacterSO|character-archetype:9009,character-archetype:9009,defaultWorkPriorities.legacyResearch,2,,,explicit-serialized
CharacterSO|character-archetype:9009,character-archetype:9009,defaultWorkPriorities.legacyGuard,3,,,explicit-serialized
CharacterSO|character-archetype:9009,character-archetype:9009,defaultWorkPriorities.legacyRescue,2,,,explicit-serialized
CharacterSO|character-archetype:9009,character-archetype:9009,defaultWorkPriorities.legacyRest,3,,,explicit-serialized
CharacterSO|character-archetype:9009,character-archetype:9009,aiPersonality.diligence,1.5,,,explicit-serialized
CharacterSO|character-archetype:9009,character-archetype:9009,aiPersonality.curiosity,1,,,explicit-serialized
CharacterSO|character-archetype:9009,character-archetype:9009,aiPersonality.selfCare,1,,,explicit-serialized
CharacterSO|character-archetype:9009,character-archetype:9009,aiPersonality.patience,1,,,explicit-serialized
CharacterSO|character-archetype:9009,character-archetype:9009,aiPersonality.shoppingInterest,1,,,explicit-serialized
CharacterSO|character-archetype:9009,character-archetype:9009,aiPersonality.sociability,0.5,,,explicit-serialized
CharacterSO|character-archetype:9009,character-archetype:9009,aiPersonality.riskTaking,1,,,explicit-serialized
CharacterSO|character-archetype:9009,character-archetype:9009,aiPersonality.orderliness,1.6,,,explicit-serialized
CharacterSO|character-archetype:9009,character-archetype:9009,aiPersonality.outdoorPreference,1,,,explicit-serialized
CharacterSO|character-archetype:9009,character-archetype:9009,aiPersonality.noveltySeeking,1,,,explicit-serialized
CharacterSO|character-archetype:9009,character-archetype:9009,aiPersonality.routineAdherence,1.6,,,explicit-serialized
CharacterSO|character-archetype:9009,character-archetype:9009,ownerSummary,,,,explicit-serialized
CharacterSO|character-archetype:9009,character-archetype:9009,ownerPreferredWorkTypes,0,FacilityWorkType,None,explicit-serialized
CharacterSO|character-archetype:9009,character-archetype:9009,ownerFixedSkills,[],,,explicit-serialized
CharacterSO|character-archetype:9009,character-archetype:9009,characterSprite.fileID,-177130652,,,explicit-serialized
CharacterSO|character-archetype:9009,character-archetype:9009,characterSprite.guid,268b13836c8af3d408110e228f534b75,,,explicit-serialized
CharacterSO|character-archetype:9009,character-archetype:9009,characterSprite.type,3,,,explicit-serialized
CharacterSO|character-archetype:9009,character-archetype:9009,favoriteStore,[],,,explicit-serialized
CharacterSO|character-archetype:9009,character-archetype:9009,frequencyVisitMax,3,,,explicit-serialized
CharacterSO|character-archetype:9009,character-archetype:9009,frequencyVisitMin,1,,,explicit-serialized
CharacterSO|character-archetype:9009,character-archetype:9009,maxHoldingMoney,120,,,explicit-serialized
CharacterSO|character-archetype:9009,character-archetype:9009,minHoldingMoney,40,,,explicit-serialized
CharacterSO|character-archetype:9009,character-archetype:9009,speedType,2,CharacterSpeedType,Very Slow,explicit-serialized
CharacterSO|character-archetype:9009,character-archetype:9009,respawnSpeedType,13,CharacterRespawnSpeedType,Normal,explicit-serialized
