"stable_id","display_name","stock_category","source_features","source_kind","source_unit_weight_kg","source_unit_price","source_declared_function","portfolio_commitment","same_era_alternative_candidates","physical_handling_receipt","depletion_or_overstock_pressure","recovery_or_conversion","status"
"ammo:arrow","화살","Ammunition (탄약)","[{""rid"":7737211673752633593},{""rid"":7737211673752633594}]","해당 없음: GenericItemDefinitionSO","0.06","1","게임 내 역할은 원거리 전투의 탄약 소비, 생산망의 입력·출력에 연결된다.","원거리·화기 전투를 위해 재고·운반·보급을 배정해 근접 방어·다른 탄약 계통 투자를 늦춘다","비교 후보(대체 가능성 미검증): GenericItemDefinitionSO:ammo:bolt","생성 또는 거래·재고 입고·운반·보관·장착 또는 소비와 하류 주문 기록","조우 소모·원정 적재·수리 또는 재보급의 지연이 압력이 된다","실제 비교 후보·교역·재활용·수리·배급 조정 중 원본 기능에 맞는 경로로 재고 압력을 줄인다","설계 확정; 질량·가격·스택·부패·효과 수치는 source authority와 밸런스 기준서에서 별도 검증 OPEN"
"ammo:bolt","볼트","Ammunition (탄약)","[{""rid"":7737211673752633576},{""rid"":7737211673752633577}]","해당 없음: GenericItemDefinitionSO","0.09","2","게임 내 역할은 원거리 전투의 탄약 소비, 생산망의 입력·출력에 연결된다.","원거리·화기 전투를 위해 재고·운반·보급을 배정해 근접 방어·다른 탄약 계통 투자를 늦춘다","비교 후보(대체 가능성 미검증): GenericItemDefinitionSO:ammo:arrow","생성 또는 거래·재고 입고·운반·보관·장착 또는 소비와 하류 주문 기록","조우 소모·원정 적재·수리 또는 재보급의 지연이 압력이 된다","실제 비교 후보·교역·재활용·수리·배급 조정 중 원본 기능에 맞는 경로로 재고 압력을 줄인다","설계 확정; 질량·가격·스택·부패·효과 수치는 source authority와 밸런스 기준서에서 별도 검증 OPEN"
"captivity:extracted-blood","추출 혈액","Biological (생물)","[{""rid"":7737211673752633605}]","해당 없음: GenericItemDefinitionSO","0.5","22","게임 내 역할은 생산망의 입력·출력에 연결된다.","사육·치료·생체 제작에 물자를 묶어 식량·의료·보관 경로와 경쟁한다","비교 후보(대체 가능성 미검증): GenericItemDefinitionSO:medicine:blood-pack, GenericItemDefinitionSO:surgery:contaminated-tissue, GenericItemDefinitionSO:surgery:organ:arm:left, GenericItemDefinitionSO:surgery:organ:arm:right, GenericItemDefinitionSO:surgery:organ:brain, GenericItemDefinitionSO:surgery:organ:core, GenericItemDefinitionSO:surgery:organ:eye:left, GenericItemDefinitionSO:surgery:organ:eye:right, GenericItemDefinitionSO:surgery:organ:heart, GenericItemDefinitionSO:surgery:organ:kidney:left, GenericItemDefinitionSO:surgery:organ:kidney:right, GenericItemDefinitionSO:surgery:organ:leg:left 외 7개","생성 또는 거래·재고 입고·운반·보관·장착 또는 소비와 하류 주문 기록","과잉 재고·운반·보관·수리 또는 사용 시점 지연이 압력이 된다","실제 비교 후보·교역·재활용·수리·배급 조정 중 원본 기능에 맞는 경로로 재고 압력을 줄인다","설계 확정; 질량·가격·스택·부패·효과 수치는 source authority와 밸런스 기준서에서 별도 검증 OPEN"
"captivity:memory-residue","기억 잔재","Knowledge (지식)","[{""rid"":7737211673752633446}]","해당 없음: GenericItemDefinitionSO","0.2","35","게임 내 역할은 생산망의 입력·출력에 연결된다.","설계·기록을 특정 연구·공방·계약 경로에 투입해 다른 해금·정보 투자를 늦춘다","동일 비교군 없음","생성 또는 거래·재고 입고·운반·보관·장착 또는 소비와 하류 주문 기록","과잉 재고·운반·보관·수리 또는 사용 시점 지연이 압력이 된다","실제 비교 후보·교역·재활용·수리·배급 조정 중 원본 기능에 맞는 경로로 재고 압력을 줄인다","설계 확정; 질량·가격·스택·부패·효과 수치는 source authority와 밸런스 기준서에서 별도 검증 OPEN"
"captivity:restraints","구속구","General (일반)","[{""rid"":7737211673752633600}]","해당 없음: GenericItemDefinitionSO","2.5","18","게임 내 역할은 생산망의 입력·출력에 연결된다.","이 물자의 원본 기능을 위해 보관·운반·소비·거래 중 한 경로에 재고를 배정해 다른 사용처를 늦춘다","비교 후보(대체 가능성 미검증): GenericItemDefinitionSO:dark:bone, GenericItemDefinitionSO:dark:humanoid_corpse, GenericItemDefinitionSO:evolution:facility-package, GenericItemDefinitionSO:industrial:sludge, GenericItemDefinitionSO:medicine:temporary-power-bypass, GenericItemDefinitionSO:surgery:prosthetic:arm:left, GenericItemDefinitionSO:surgery:prosthetic:arm:right, GenericItemDefinitionSO:surgery:prosthetic:brain, GenericItemDefinitionSO:surgery:prosthetic:core, GenericItemDefinitionSO:surgery:prosthetic:eye:left, GenericItemDefinitionSO:surgery:prosthetic:eye:right, GenericItemDefinitionSO:surgery:prosthetic:heart 외 11개","생성 또는 거래·재고 입고·운반·보관·장착 또는 소비와 하류 주문 기록","과잉 재고·운반·보관·수리 또는 사용 시점 지연이 압력이 된다","실제 비교 후보·교역·재활용·수리·배급 조정 중 원본 기능에 맞는 경로로 재고 압력을 줄인다","설계 확정; 질량·가격·스택·부패·효과 수치는 source authority와 밸런스 기준서에서 별도 검증 OPEN"
"dark:bone","인간형 뼈","General (일반)","[{""rid"":7737211673752633544}]","해당 없음: GenericItemDefinitionSO","0.4","1","게임 내 역할은 생산망의 입력·출력에 연결된다.","이 물자의 원본 기능을 위해 보관·운반·소비·거래 중 한 경로에 재고를 배정해 다른 사용처를 늦춘다","비교 후보(대체 가능성 미검증): GenericItemDefinitionSO:captivity:restraints, GenericItemDefinitionSO:dark:humanoid_corpse, GenericItemDefinitionSO:evolution:facility-package, GenericItemDefinitionSO:industrial:sludge, GenericItemDefinitionSO:medicine:temporary-power-bypass, GenericItemDefinitionSO:surgery:prosthetic:arm:left, GenericItemDefinitionSO:surgery:prosthetic:arm:right, GenericItemDefinitionSO:surgery:prosthetic:brain, GenericItemDefinitionSO:surgery:prosthetic:core, GenericItemDefinitionSO:surgery:prosthetic:eye:left, GenericItemDefinitionSO:surgery:prosthetic:eye:right, GenericItemDefinitionSO:surgery:prosthetic:heart 외 11개","생성 또는 거래·재고 입고·운반·보관·장착 또는 소비와 하류 주문 기록","과잉 재고·운반·보관·수리 또는 사용 시점 지연이 압력이 된다","실제 비교 후보·교역·재활용·수리·배급 조정 중 원본 기능에 맞는 경로로 재고 압력을 줄인다","설계 확정; 질량·가격·스택·부패·효과 수치는 source authority와 밸런스 기준서에서 별도 검증 OPEN"
"dark:humanoid_corpse","인간형 사체","General (일반)","[{""rid"":7737211673752633538}]","해당 없음: GenericItemDefinitionSO","28","0","게임 내 역할은 생산망의 입력·출력에 연결된다.","이 물자의 원본 기능을 위해 보관·운반·소비·거래 중 한 경로에 재고를 배정해 다른 사용처를 늦춘다","비교 후보(대체 가능성 미검증): GenericItemDefinitionSO:captivity:restraints, GenericItemDefinitionSO:dark:bone, GenericItemDefinitionSO:evolution:facility-package, GenericItemDefinitionSO:industrial:sludge, GenericItemDefinitionSO:medicine:temporary-power-bypass, GenericItemDefinitionSO:surgery:prosthetic:arm:left, GenericItemDefinitionSO:surgery:prosthetic:arm:right, GenericItemDefinitionSO:surgery:prosthetic:brain, GenericItemDefinitionSO:surgery:prosthetic:core, GenericItemDefinitionSO:surgery:prosthetic:eye:left, GenericItemDefinitionSO:surgery:prosthetic:eye:right, GenericItemDefinitionSO:surgery:prosthetic:heart 외 11개","생성 또는 거래·재고 입고·운반·보관·장착 또는 소비와 하류 주문 기록","과잉 재고·운반·보관·수리 또는 사용 시점 지연이 압력이 된다","실제 비교 후보·교역·재활용·수리·배급 조정 중 원본 기능에 맞는 경로로 재고 압력을 줄인다","설계 확정; 질량·가격·스택·부패·효과 수치는 source authority와 밸런스 기준서에서 별도 검증 OPEN"
"dark:humanoid_meat","금기의 고기","Food (식량)","[{""rid"":7737211673752633516},{""rid"":7737211673752633517}]","해당 없음: GenericItemDefinitionSO","0.65","1","게임 내 역할은 섭취와 영양 공급, 생산망의 입력·출력에 연결된다.","식량 생산·보존·배식·문화 요구 중 이 물자를 어디에 배정할지 선택해 다른 식단과 비축을 늦춘다","비교 후보(대체 가능성 미검증): GenericItemDefinitionSO:survival:cooked_meal, GenericItemDefinitionSO:survival:preserved_food, GenericItemDefinitionSO:survival:raw_food, GenericItemDefinitionSO:survival:tainted_food, GenericItemDefinitionSO:wild:carcass:ash_crawler, GenericItemDefinitionSO:wild:carcass:ash_goat, GenericItemDefinitionSO:wild:carcass:carrion_drake, GenericItemDefinitionSO:wild:carcass:cave_hound, GenericItemDefinitionSO:wild:carcass:cave_rat, GenericItemDefinitionSO:wild:carcass:crystal_beetle, GenericItemDefinitionSO:wild:carcass:deep_goat, GenericItemDefinitionSO:wild:carcass:ember_lizard 외 12개","생성 또는 거래·재고 입고·운반·보관·장착 또는 소비와 하류 주문 기록","부패·식단 불일치·배식 지연·저장 점유가 압력이 되며 비축은 다른 식재료를 잠근다","실제 비교 후보·교역·재활용·수리·배급 조정 중 원본 기능에 맞는 경로로 재고 압력을 줄인다","설계 확정; 질량·가격·스택·부패·효과 수치는 source authority와 밸런스 기준서에서 별도 검증 OPEN"
"equipment-item:armor:articulated-plate","관절식 판금갑","Weapon (무기)","[{""rid"":7737211673752633482},{""rid"":7737211673752633483},{""rid"":7737211673752633484}]","해당 없음: GenericItemDefinitionSO","13","1010","게임 내 역할은 장비 제작과 장착, 생산망의 입력·출력, 연구에 따른 사용 시점 제한에 연결된다.","지정 전투·노동 역할에 장비를 배정하고 수리·보관을 감당해 다른 장비 계통을 늦춘다","비교 후보(대체 가능성 미검증): GenericItemDefinitionSO:equipment-item:armor:blacksteel-carapace, GenericItemDefinitionSO:equipment-item:armor:blast-coat, GenericItemDefinitionSO:equipment-item:armor:breastplate, GenericItemDefinitionSO:equipment-item:armor:brigandine, GenericItemDefinitionSO:equipment-item:armor:closed-plate-helm, GenericItemDefinitionSO:equipment-item:armor:gambeson, GenericItemDefinitionSO:equipment-item:armor:hardened-leather-coat, GenericItemDefinitionSO:equipment-item:armor:iron-helmet, GenericItemDefinitionSO:equipment-item:armor:jack-of-plates, GenericItemDefinitionSO:equipment-item:armor:leather, GenericItemDefinitionSO:equipment-item:armor:mail-coif, GenericItemDefinitionSO:equipment-item:armor:mail-shirt 외 42개","생성 또는 거래·재고 입고·운반·보관·장착 또는 소비와 하류 주문 기록","과잉 재고·운반·보관·수리 또는 사용 시점 지연이 압력이 된다","실제 비교 후보·교역·재활용·수리·배급 조정 중 원본 기능에 맞는 경로로 재고 압력을 줄인다","설계 확정; 질량·가격·스택·부패·효과 수치는 source authority와 밸런스 기준서에서 별도 검증 OPEN"
"equipment-item:armor:blacksteel-carapace","흑강 갑각","Weapon (무기)","[{""rid"":7737211673752633431},{""rid"":7737211673752633432},{""rid"":7737211673752633433}]","해당 없음: GenericItemDefinitionSO","15","1368","게임 내 역할은 장비 제작과 장착, 생산망의 입력·출력, 연구에 따른 사용 시점 제한에 연결된다.","지정 전투·노동 역할에 장비를 배정하고 수리·보관을 감당해 다른 장비 계통을 늦춘다","비교 후보(대체 가능성 미검증): GenericItemDefinitionSO:equipment-item:armor:articulated-plate, GenericItemDefinitionSO:equipment-item:armor:blast-coat, GenericItemDefinitionSO:equipment-item:armor:breastplate, GenericItemDefinitionSO:equipment-item:armor:brigandine, GenericItemDefinitionSO:equipment-item:armor:closed-plate-helm, GenericItemDefinitionSO:equipment-item:armor:gambeson, GenericItemDefinitionSO:equipment-item:armor:hardened-leather-coat, GenericItemDefinitionSO:equipment-item:armor:iron-helmet, GenericItemDefinitionSO:equipment-item:armor:jack-of-plates, GenericItemDefinitionSO:equipment-item:armor:leather, GenericItemDefinitionSO:equipment-item:armor:mail-coif, GenericItemDefinitionSO:equipment-item:armor:mail-shirt 외 42개","생성 또는 거래·재고 입고·운반·보관·장착 또는 소비와 하류 주문 기록","과잉 재고·운반·보관·수리 또는 사용 시점 지연이 압력이 된다","실제 비교 후보·교역·재활용·수리·배급 조정 중 원본 기능에 맞는 경로로 재고 압력을 줄인다","설계 확정; 질량·가격·스택·부패·효과 수치는 source authority와 밸런스 기준서에서 별도 검증 OPEN"
"equipment-item:armor:blast-coat","방폭 외투","Weapon (무기)","[{""rid"":7737211673752633491},{""rid"":7737211673752633492},{""rid"":7737211673752633493}]","해당 없음: GenericItemDefinitionSO","7","407","게임 내 역할은 장비 제작과 장착, 생산망의 입력·출력, 연구에 따른 사용 시점 제한에 연결된다.","지정 전투·노동 역할에 장비를 배정하고 수리·보관을 감당해 다른 장비 계통을 늦춘다","비교 후보(대체 가능성 미검증): GenericItemDefinitionSO:equipment-item:armor:articulated-plate, GenericItemDefinitionSO:equipment-item:armor:blacksteel-carapace, GenericItemDefinitionSO:equipment-item:armor:breastplate, GenericItemDefinitionSO:equipment-item:armor:brigandine, GenericItemDefinitionSO:equipment-item:armor:closed-plate-helm, GenericItemDefinitionSO:equipment-item:armor:gambeson, GenericItemDefinitionSO:equipment-item:armor:hardened-leather-coat, GenericItemDefinitionSO:equipment-item:armor:iron-helmet, GenericItemDefinitionSO:equipment-item:armor:jack-of-plates, GenericItemDefinitionSO:equipment-item:armor:leather, GenericItemDefinitionSO:equipment-item:armor:mail-coif, GenericItemDefinitionSO:equipment-item:armor:mail-shirt 외 42개","생성 또는 거래·재고 입고·운반·보관·장착 또는 소비와 하류 주문 기록","과잉 재고·운반·보관·수리 또는 사용 시점 지연이 압력이 된다","실제 비교 후보·교역·재활용·수리·배급 조정 중 원본 기능에 맞는 경로로 재고 압력을 줄인다","설계 확정; 질량·가격·스택·부패·효과 수치는 source authority와 밸런스 기준서에서 별도 검증 OPEN"
"equipment-item:armor:breastplate","철 흉갑","Weapon (무기)","[{""rid"":7737211673752633510},{""rid"":7737211673752633511},{""rid"":7737211673752633512}]","해당 없음: GenericItemDefinitionSO","9","298","게임 내 역할은 장비 제작과 장착, 생산망의 입력·출력, 연구에 따른 사용 시점 제한에 연결된다.","지정 전투·노동 역할에 장비를 배정하고 수리·보관을 감당해 다른 장비 계통을 늦춘다","비교 후보(대체 가능성 미검증): GenericItemDefinitionSO:equipment-item:armor:articulated-plate, GenericItemDefinitionSO:equipment-item:armor:blacksteel-carapace, GenericItemDefinitionSO:equipment-item:armor:blast-coat, GenericItemDefinitionSO:equipment-item:armor:brigandine, GenericItemDefinitionSO:equipment-item:armor:closed-plate-helm, GenericItemDefinitionSO:equipment-item:armor:gambeson, GenericItemDefinitionSO:equipment-item:armor:hardened-leather-coat, GenericItemDefinitionSO:equipment-item:armor:iron-helmet, GenericItemDefinitionSO:equipment-item:armor:jack-of-plates, GenericItemDefinitionSO:equipment-item:armor:leather, GenericItemDefinitionSO:equipment-item:armor:mail-coif, GenericItemDefinitionSO:equipment-item:armor:mail-shirt 외 42개","생성 또는 거래·재고 입고·운반·보관·장착 또는 소비와 하류 주문 기록","과잉 재고·운반·보관·수리 또는 사용 시점 지연이 압력이 된다","실제 비교 후보·교역·재활용·수리·배급 조정 중 원본 기능에 맞는 경로로 재고 압력을 줄인다","설계 확정; 질량·가격·스택·부패·효과 수치는 source authority와 밸런스 기준서에서 별도 검증 OPEN"
"equipment-item:armor:brigandine","브리간딘","Weapon (무기)","[{""rid"":7737211673752633584},{""rid"":7737211673752633585},{""rid"":7737211673752633586}]","해당 없음: GenericItemDefinitionSO","6.2","315","게임 내 역할은 장비 제작과 장착, 생산망의 입력·출력, 연구에 따른 사용 시점 제한에 연결된다.","지정 전투·노동 역할에 장비를 배정하고 수리·보관을 감당해 다른 장비 계통을 늦춘다","비교 후보(대체 가능성 미검증): GenericItemDefinitionSO:equipment-item:armor:articulated-plate, GenericItemDefinitionSO:equipment-item:armor:blacksteel-carapace, GenericItemDefinitionSO:equipment-item:armor:blast-coat, GenericItemDefinitionSO:equipment-item:armor:breastplate, GenericItemDefinitionSO:equipment-item:armor:closed-plate-helm, GenericItemDefinitionSO:equipment-item:armor:gambeson, GenericItemDefinitionSO:equipment-item:armor:hardened-leather-coat, GenericItemDefinitionSO:equipment-item:armor:iron-helmet, GenericItemDefinitionSO:equipment-item:armor:jack-of-plates, GenericItemDefinitionSO:equipment-item:armor:leather, GenericItemDefinitionSO:equipment-item:armor:mail-coif, GenericItemDefinitionSO:equipment-item:armor:mail-shirt 외 42개","생성 또는 거래·재고 입고·운반·보관·장착 또는 소비와 하류 주문 기록","과잉 재고·운반·보관·수리 또는 사용 시점 지연이 압력이 된다","실제 비교 후보·교역·재활용·수리·배급 조정 중 원본 기능에 맞는 경로로 재고 압력을 줄인다","설계 확정; 질량·가격·스택·부패·효과 수치는 source authority와 밸런스 기준서에서 별도 검증 OPEN"
"equipment-item:armor:closed-plate-helm","폐쇄형 판금 투구","Weapon (무기)","[{""rid"":7737211673752633435},{""rid"":7737211673752633436},{""rid"":7737211673752633437}]","해당 없음: GenericItemDefinitionSO","3.8","136","게임 내 역할은 장비 제작과 장착, 생산망의 입력·출력, 연구에 따른 사용 시점 제한에 연결된다.","지정 전투·노동 역할에 장비를 배정하고 수리·보관을 감당해 다른 장비 계통을 늦춘다","비교 후보(대체 가능성 미검증): GenericItemDefinitionSO:equipment-item:armor:articulated-plate, GenericItemDefinitionSO:equipment-item:armor:blacksteel-carapace, GenericItemDefinitionSO:equipment-item:armor:blast-coat, GenericItemDefinitionSO:equipment-item:armor:breastplate, GenericItemDefinitionSO:equipment-item:armor:brigandine, GenericItemDefinitionSO:equipment-item:armor:gambeson, GenericItemDefinitionSO:equipment-item:armor:hardened-leather-coat, GenericItemDefinitionSO:equipment-item:armor:iron-helmet, GenericItemDefinitionSO:equipment-item:armor:jack-of-plates, GenericItemDefinitionSO:equipment-item:armor:leather, GenericItemDefinitionSO:equipment-item:armor:mail-coif, GenericItemDefinitionSO:equipment-item:armor:mail-shirt 외 42개","생성 또는 거래·재고 입고·운반·보관·장착 또는 소비와 하류 주문 기록","과잉 재고·운반·보관·수리 또는 사용 시점 지연이 압력이 된다","실제 비교 후보·교역·재활용·수리·배급 조정 중 원본 기능에 맞는 경로로 재고 압력을 줄인다","설계 확정; 질량·가격·스택·부패·효과 수치는 source authority와 밸런스 기준서에서 별도 검증 OPEN"
"equipment-item:armor:cloth-hood","천 후드","Weapon (무기)","[{""rid"":7737211673752633501},{""rid"":7737211673752633502}]","해당 없음: GenericItemDefinitionSO","0.4","52","게임 내 역할은 장비 제작과 장착, 생산망의 입력·출력에 연결된다.","지정 전투·노동 역할에 장비를 배정하고 수리·보관을 감당해 다른 장비 계통을 늦춘다","비교 후보(대체 가능성 미검증): GenericItemDefinitionSO:equipment-item:armor:leather-cap, GenericItemDefinitionSO:equipment-item:shield:wood, GenericItemDefinitionSO:equipment-item:weapon:dagger, GenericItemDefinitionSO:equipment-item:weapon:javelin, GenericItemDefinitionSO:equipment-item:weapon:spear","생성 또는 거래·재고 입고·운반·보관·장착 또는 소비와 하류 주문 기록","과잉 재고·운반·보관·수리 또는 사용 시점 지연이 압력이 된다","실제 비교 후보·교역·재활용·수리·배급 조정 중 원본 기능에 맞는 경로로 재고 압력을 줄인다","설계 확정; 질량·가격·스택·부패·효과 수치는 source authority와 밸런스 기준서에서 별도 검증 OPEN"
"equipment-item:armor:gambeson","누비옷","Weapon (무기)","[{""rid"":7737211673752633530},{""rid"":7737211673752633531},{""rid"":7737211673752633532}]","해당 없음: GenericItemDefinitionSO","3.5","553","게임 내 역할은 장비 제작과 장착, 생산망의 입력·출력, 연구에 따른 사용 시점 제한에 연결된다.","지정 전투·노동 역할에 장비를 배정하고 수리·보관을 감당해 다른 장비 계통을 늦춘다","비교 후보(대체 가능성 미검증): GenericItemDefinitionSO:equipment-item:armor:articulated-plate, GenericItemDefinitionSO:equipment-item:armor:blacksteel-carapace, GenericItemDefinitionSO:equipment-item:armor:blast-coat, GenericItemDefinitionSO:equipment-item:armor:breastplate, GenericItemDefinitionSO:equipment-item:armor:brigandine, GenericItemDefinitionSO:equipment-item:armor:closed-plate-helm, GenericItemDefinitionSO:equipment-item:armor:hardened-leather-coat, GenericItemDefinitionSO:equipment-item:armor:iron-helmet, GenericItemDefinitionSO:equipment-item:armor:jack-of-plates, GenericItemDefinitionSO:equipment-item:armor:leather, GenericItemDefinitionSO:equipment-item:armor:mail-coif, GenericItemDefinitionSO:equipment-item:armor:mail-shirt 외 42개","생성 또는 거래·재고 입고·운반·보관·장착 또는 소비와 하류 주문 기록","과잉 재고·운반·보관·수리 또는 사용 시점 지연이 압력이 된다","실제 비교 후보·교역·재활용·수리·배급 조정 중 원본 기능에 맞는 경로로 재고 압력을 줄인다","설계 확정; 질량·가격·스택·부패·효과 수치는 source authority와 밸런스 기준서에서 별도 검증 OPEN"
"equipment-item:armor:hardened-leather-coat","경화 가죽 외투","Weapon (무기)","[{""rid"":7737211866096074856},{""rid"":7737211866096074857},{""rid"":7737211866096074858}]","해당 없음: GenericItemDefinitionSO","4.8","238","게임 내 역할은 장비 제작과 장착, 생산망의 입력·출력, 연구에 따른 사용 시점 제한에 연결된다.","지정 전투·노동 역할에 장비를 배정하고 수리·보관을 감당해 다른 장비 계통을 늦춘다","비교 후보(대체 가능성 미검증): GenericItemDefinitionSO:equipment-item:armor:articulated-plate, GenericItemDefinitionSO:equipment-item:armor:blacksteel-carapace, GenericItemDefinitionSO:equipment-item:armor:blast-coat, GenericItemDefinitionSO:equipment-item:armor:breastplate, GenericItemDefinitionSO:equipment-item:armor:brigandine, GenericItemDefinitionSO:equipment-item:armor:closed-plate-helm, GenericItemDefinitionSO:equipment-item:armor:gambeson, GenericItemDefinitionSO:equipment-item:armor:iron-helmet, GenericItemDefinitionSO:equipment-item:armor:jack-of-plates, GenericItemDefinitionSO:equipment-item:armor:leather, GenericItemDefinitionSO:equipment-item:armor:mail-coif, GenericItemDefinitionSO:equipment-item:armor:mail-shirt 외 42개","생성 또는 거래·재고 입고·운반·보관·장착 또는 소비와 하류 주문 기록","과잉 재고·운반·보관·수리 또는 사용 시점 지연이 압력이 된다","실제 비교 후보·교역·재활용·수리·배급 조정 중 원본 기능에 맞는 경로로 재고 압력을 줄인다","설계 확정; 질량·가격·스택·부패·효과 수치는 source authority와 밸런스 기준서에서 별도 검증 OPEN"
"equipment-item:armor:iron-helmet","철 투구","Weapon (무기)","[{""rid"":7737211673752633526},{""rid"":7737211673752633527},{""rid"":7737211673752633528}]","해당 없음: GenericItemDefinitionSO","2.8","136","게임 내 역할은 장비 제작과 장착, 생산망의 입력·출력, 연구에 따른 사용 시점 제한에 연결된다.","지정 전투·노동 역할에 장비를 배정하고 수리·보관을 감당해 다른 장비 계통을 늦춘다","비교 후보(대체 가능성 미검증): GenericItemDefinitionSO:equipment-item:armor:articulated-plate, GenericItemDefinitionSO:equipment-item:armor:blacksteel-carapace, GenericItemDefinitionSO:equipment-item:armor:blast-coat, GenericItemDefinitionSO:equipment-item:armor:breastplate, GenericItemDefinitionSO:equipment-item:armor:brigandine, GenericItemDefinitionSO:equipment-item:armor:closed-plate-helm, GenericItemDefinitionSO:equipment-item:armor:gambeson, GenericItemDefinitionSO:equipment-item:armor:hardened-leather-coat, GenericItemDefinitionSO:equipment-item:armor:jack-of-plates, GenericItemDefinitionSO:equipment-item:armor:leather, GenericItemDefinitionSO:equipment-item:armor:mail-coif, GenericItemDefinitionSO:equipment-item:armor:mail-shirt 외 42개","생성 또는 거래·재고 입고·운반·보관·장착 또는 소비와 하류 주문 기록","과잉 재고·운반·보관·수리 또는 사용 시점 지연이 압력이 된다","실제 비교 후보·교역·재활용·수리·배급 조정 중 원본 기능에 맞는 경로로 재고 압력을 줄인다","설계 확정; 질량·가격·스택·부패·효과 수치는 source authority와 밸런스 기준서에서 별도 검증 OPEN"
"equipment-item:armor:jack-of-plates","잭 오브 플레이트","Weapon (무기)","[{""rid"":7737211866096074826},{""rid"":7737211866096074827},{""rid"":7737211866096074828}]","해당 없음: GenericItemDefinitionSO","5.4","365","게임 내 역할은 장비 제작과 장착, 생산망의 입력·출력, 연구에 따른 사용 시점 제한에 연결된다.","지정 전투·노동 역할에 장비를 배정하고 수리·보관을 감당해 다른 장비 계통을 늦춘다","비교 후보(대체 가능성 미검증): GenericItemDefinitionSO:equipment-item:armor:articulated-plate, GenericItemDefinitionSO:equipment-item:armor:blacksteel-carapace, GenericItemDefinitionSO:equipment-item:armor:blast-coat, GenericItemDefinitionSO:equipment-item:armor:breastplate, GenericItemDefinitionSO:equipment-item:armor:brigandine, GenericItemDefinitionSO:equipment-item:armor:closed-plate-helm, GenericItemDefinitionSO:equipment-item:armor:gambeson, GenericItemDefinitionSO:equipment-item:armor:hardened-leather-coat, GenericItemDefinitionSO:equipment-item:armor:iron-helmet, GenericItemDefinitionSO:equipment-item:armor:leather, GenericItemDefinitionSO:equipment-item:armor:mail-coif, GenericItemDefinitionSO:equipment-item:armor:mail-shirt 외 42개","생성 또는 거래·재고 입고·운반·보관·장착 또는 소비와 하류 주문 기록","과잉 재고·운반·보관·수리 또는 사용 시점 지연이 압력이 된다","실제 비교 후보·교역·재활용·수리·배급 조정 중 원본 기능에 맞는 경로로 재고 압력을 줄인다","설계 확정; 질량·가격·스택·부패·효과 수치는 source authority와 밸런스 기준서에서 별도 검증 OPEN"
"equipment-item:armor:leather","가죽 갑옷","Weapon (무기)","[{""rid"":7737211673752633475},{""rid"":7737211673752633476},{""rid"":7737211673752633477}]","해당 없음: GenericItemDefinitionSO","4.2","140","게임 내 역할은 장비 제작과 장착, 생산망의 입력·출력, 연구에 따른 사용 시점 제한에 연결된다.","지정 전투·노동 역할에 장비를 배정하고 수리·보관을 감당해 다른 장비 계통을 늦춘다","비교 후보(대체 가능성 미검증): GenericItemDefinitionSO:equipment-item:armor:articulated-plate, GenericItemDefinitionSO:equipment-item:armor:blacksteel-carapace, GenericItemDefinitionSO:equipment-item:armor:blast-coat, GenericItemDefinitionSO:equipment-item:armor:breastplate, GenericItemDefinitionSO:equipment-item:armor:brigandine, GenericItemDefinitionSO:equipment-item:armor:closed-plate-helm, GenericItemDefinitionSO:equipment-item:armor:gambeson, GenericItemDefinitionSO:equipment-item:armor:hardened-leather-coat, GenericItemDefinitionSO:equipment-item:armor:iron-helmet, GenericItemDefinitionSO:equipment-item:armor:jack-of-plates, GenericItemDefinitionSO:equipment-item:armor:mail-coif, GenericItemDefinitionSO:equipment-item:armor:mail-shirt 외 42개","생성 또는 거래·재고 입고·운반·보관·장착 또는 소비와 하류 주문 기록","과잉 재고·운반·보관·수리 또는 사용 시점 지연이 압력이 된다","실제 비교 후보·교역·재활용·수리·배급 조정 중 원본 기능에 맞는 경로로 재고 압력을 줄인다","설계 확정; 질량·가격·스택·부패·효과 수치는 source authority와 밸런스 기준서에서 별도 검증 OPEN"
"equipment-item:armor:leather-cap","가죽 모자","Weapon (무기)","[{""rid"":7737211673752633521},{""rid"":7737211673752633522}]","해당 없음: GenericItemDefinitionSO","0.8","54","게임 내 역할은 장비 제작과 장착, 생산망의 입력·출력에 연결된다.","지정 전투·노동 역할에 장비를 배정하고 수리·보관을 감당해 다른 장비 계통을 늦춘다","비교 후보(대체 가능성 미검증): GenericItemDefinitionSO:equipment-item:armor:cloth-hood, GenericItemDefinitionSO:equipment-item:shield:wood, GenericItemDefinitionSO:equipment-item:weapon:dagger, GenericItemDefinitionSO:equipment-item:weapon:javelin, GenericItemDefinitionSO:equipment-item:weapon:spear","생성 또는 거래·재고 입고·운반·보관·장착 또는 소비와 하류 주문 기록","과잉 재고·운반·보관·수리 또는 사용 시점 지연이 압력이 된다","실제 비교 후보·교역·재활용·수리·배급 조정 중 원본 기능에 맞는 경로로 재고 압력을 줄인다","설계 확정; 질량·가격·스택·부패·효과 수치는 source authority와 밸런스 기준서에서 별도 검증 OPEN"
"equipment-item:armor:mail-coif","사슬 두건","Weapon (무기)","[{""rid"":7737211673752633607},{""rid"":7737211673752633608},{""rid"":7737211673752633609}]","해당 없음: GenericItemDefinitionSO","1.6","147","게임 내 역할은 장비 제작과 장착, 생산망의 입력·출력, 연구에 따른 사용 시점 제한에 연결된다.","지정 전투·노동 역할에 장비를 배정하고 수리·보관을 감당해 다른 장비 계통을 늦춘다","비교 후보(대체 가능성 미검증): GenericItemDefinitionSO:equipment-item:armor:articulated-plate, GenericItemDefinitionSO:equipment-item:armor:blacksteel-carapace, GenericItemDefinitionSO:equipment-item:armor:blast-coat, GenericItemDefinitionSO:equipment-item:armor:breastplate, GenericItemDefinitionSO:equipment-item:armor:brigandine, GenericItemDefinitionSO:equipment-item:armor:closed-plate-helm, GenericItemDefinitionSO:equipment-item:armor:gambeson, GenericItemDefinitionSO:equipment-item:armor:hardened-leather-coat, GenericItemDefinitionSO:equipment-item:armor:iron-helmet, GenericItemDefinitionSO:equipment-item:armor:jack-of-plates, GenericItemDefinitionSO:equipment-item:armor:leather, GenericItemDefinitionSO:equipment-item:armor:mail-shirt 외 42개","생성 또는 거래·재고 입고·운반·보관·장착 또는 소비와 하류 주문 기록","과잉 재고·운반·보관·수리 또는 사용 시점 지연이 압력이 된다","실제 비교 후보·교역·재활용·수리·배급 조정 중 원본 기능에 맞는 경로로 재고 압력을 줄인다","설계 확정; 질량·가격·스택·부패·효과 수치는 source authority와 밸런스 기준서에서 별도 검증 OPEN"
"equipment-item:armor:mail-shirt","사슬 갑옷","Weapon (무기)","[{""rid"":7737211673752633469},{""rid"":7737211673752633470},{""rid"":7737211673752633471}]","해당 없음: GenericItemDefinitionSO","7.5","277","게임 내 역할은 장비 제작과 장착, 생산망의 입력·출력, 연구에 따른 사용 시점 제한에 연결된다.","지정 전투·노동 역할에 장비를 배정하고 수리·보관을 감당해 다른 장비 계통을 늦춘다","비교 후보(대체 가능성 미검증): GenericItemDefinitionSO:equipment-item:armor:articulated-plate, GenericItemDefinitionSO:equipment-item:armor:blacksteel-carapace, GenericItemDefinitionSO:equipment-item:armor:blast-coat, GenericItemDefinitionSO:equipment-item:armor:breastplate, GenericItemDefinitionSO:equipment-item:armor:brigandine, GenericItemDefinitionSO:equipment-item:armor:closed-plate-helm, GenericItemDefinitionSO:equipment-item:armor:gambeson, GenericItemDefinitionSO:equipment-item:armor:hardened-leather-coat, GenericItemDefinitionSO:equipment-item:armor:iron-helmet, GenericItemDefinitionSO:equipment-item:armor:jack-of-plates, GenericItemDefinitionSO:equipment-item:armor:leather, GenericItemDefinitionSO:equipment-item:armor:mail-coif 외 42개","생성 또는 거래·재고 입고·운반·보관·장착 또는 소비와 하류 주문 기록","과잉 재고·운반·보관·수리 또는 사용 시점 지연이 압력이 된다","실제 비교 후보·교역·재활용·수리·배급 조정 중 원본 기능에 맞는 경로로 재고 압력을 줄인다","설계 확정; 질량·가격·스택·부패·효과 수치는 source authority와 밸런스 기준서에서 별도 검증 OPEN"
"equipment-item:armor:padded-hood","누비 두건","Weapon (무기)","[{""rid"":7737211866096074838},{""rid"":7737211866096074839},{""rid"":7737211866096074840}]","해당 없음: GenericItemDefinitionSO","0.8","116","게임 내 역할은 장비 제작과 장착, 생산망의 입력·출력, 연구에 따른 사용 시점 제한에 연결된다.","지정 전투·노동 역할에 장비를 배정하고 수리·보관을 감당해 다른 장비 계통을 늦춘다","비교 후보(대체 가능성 미검증): GenericItemDefinitionSO:equipment-item:armor:articulated-plate, GenericItemDefinitionSO:equipment-item:armor:blacksteel-carapace, GenericItemDefinitionSO:equipment-item:armor:blast-coat, GenericItemDefinitionSO:equipment-item:armor:breastplate, GenericItemDefinitionSO:equipment-item:armor:brigandine, GenericItemDefinitionSO:equipment-item:armor:closed-plate-helm, GenericItemDefinitionSO:equipment-item:armor:gambeson, GenericItemDefinitionSO:equipment-item:armor:hardened-leather-coat, GenericItemDefinitionSO:equipment-item:armor:iron-helmet, GenericItemDefinitionSO:equipment-item:armor:jack-of-plates, GenericItemDefinitionSO:equipment-item:armor:leather, GenericItemDefinitionSO:equipment-item:armor:mail-coif 외 42개","생성 또는 거래·재고 입고·운반·보관·장착 또는 소비와 하류 주문 기록","과잉 재고·운반·보관·수리 또는 사용 시점 지연이 압력이 된다","실제 비교 후보·교역·재활용·수리·배급 조정 중 원본 기능에 맞는 경로로 재고 압력을 줄인다","설계 확정; 질량·가격·스택·부패·효과 수치는 source authority와 밸런스 기준서에서 별도 검증 OPEN"
"equipment-item:armor:powder-cuirass","화약수 흉갑","Weapon (무기)","[{""rid"":7737211866096074832},{""rid"":7737211866096074833},{""rid"":7737211866096074834}]","해당 없음: GenericItemDefinitionSO","8.2","469","게임 내 역할은 장비 제작과 장착, 생산망의 입력·출력, 연구에 따른 사용 시점 제한에 연결된다.","지정 전투·노동 역할에 장비를 배정하고 수리·보관을 감당해 다른 장비 계통을 늦춘다","비교 후보(대체 가능성 미검증): GenericItemDefinitionSO:equipment-item:armor:articulated-plate, GenericItemDefinitionSO:equipment-item:armor:blacksteel-carapace, GenericItemDefinitionSO:equipment-item:armor:blast-coat, GenericItemDefinitionSO:equipment-item:armor:breastplate, GenericItemDefinitionSO:equipment-item:armor:brigandine, GenericItemDefinitionSO:equipment-item:armor:closed-plate-helm, GenericItemDefinitionSO:equipment-item:armor:gambeson, GenericItemDefinitionSO:equipment-item:armor:hardened-leather-coat, GenericItemDefinitionSO:equipment-item:armor:iron-helmet, GenericItemDefinitionSO:equipment-item:armor:jack-of-plates, GenericItemDefinitionSO:equipment-item:armor:leather, GenericItemDefinitionSO:equipment-item:armor:mail-coif 외 42개","생성 또는 거래·재고 입고·운반·보관·장착 또는 소비와 하류 주문 기록","과잉 재고·운반·보관·수리 또는 사용 시점 지연이 압력이 된다","실제 비교 후보·교역·재활용·수리·배급 조정 중 원본 기능에 맞는 경로로 재고 압력을 줄인다","설계 확정; 질량·가격·스택·부패·효과 수치는 source authority와 밸런스 기준서에서 별도 검증 OPEN"
"equipment-item:armor:powered-harness","동력 보조 갑주","Weapon (무기)","[{""rid"":7737211673752633555},{""rid"":7737211673752633556},{""rid"":7737211673752633557}]","해당 없음: GenericItemDefinitionSO","18","2029","게임 내 역할은 장비 제작과 장착, 생산망의 입력·출력, 연구에 따른 사용 시점 제한에 연결된다.","지정 전투·노동 역할에 장비를 배정하고 수리·보관을 감당해 다른 장비 계통을 늦춘다","비교 후보(대체 가능성 미검증): GenericItemDefinitionSO:equipment-item:armor:articulated-plate, GenericItemDefinitionSO:equipment-item:armor:blacksteel-carapace, GenericItemDefinitionSO:equipment-item:armor:blast-coat, GenericItemDefinitionSO:equipment-item:armor:breastplate, GenericItemDefinitionSO:equipment-item:armor:brigandine, GenericItemDefinitionSO:equipment-item:armor:closed-plate-helm, GenericItemDefinitionSO:equipment-item:armor:gambeson, GenericItemDefinitionSO:equipment-item:armor:hardened-leather-coat, GenericItemDefinitionSO:equipment-item:armor:iron-helmet, GenericItemDefinitionSO:equipment-item:armor:jack-of-plates, GenericItemDefinitionSO:equipment-item:armor:leather, GenericItemDefinitionSO:equipment-item:armor:mail-coif 외 42개","생성 또는 거래·재고 입고·운반·보관·장착 또는 소비와 하류 주문 기록","과잉 재고·운반·보관·수리 또는 사용 시점 지연이 압력이 된다","실제 비교 후보·교역·재활용·수리·배급 조정 중 원본 기능에 맞는 경로로 재고 압력을 줄인다","설계 확정; 질량·가격·스택·부패·효과 수치는 source authority와 밸런스 기준서에서 별도 검증 OPEN"
"equipment-item:armor:rune-ward-mail","룬 수호 사슬갑옷","Weapon (무기)","[{""rid"":7737211673752633567},{""rid"":7737211673752633568},{""rid"":7737211673752633569}]","해당 없음: GenericItemDefinitionSO","9","1162","게임 내 역할은 장비 제작과 장착, 생산망의 입력·출력, 연구에 따른 사용 시점 제한에 연결된다.","지정 전투·노동 역할에 장비를 배정하고 수리·보관을 감당해 다른 장비 계통을 늦춘다","비교 후보(대체 가능성 미검증): GenericItemDefinitionSO:equipment-item:armor:articulated-plate, GenericItemDefinitionSO:equipment-item:armor:blacksteel-carapace, GenericItemDefinitionSO:equipment-item:armor:blast-coat, GenericItemDefinitionSO:equipment-item:armor:breastplate, GenericItemDefinitionSO:equipment-item:armor:brigandine, GenericItemDefinitionSO:equipment-item:armor:closed-plate-helm, GenericItemDefinitionSO:equipment-item:armor:gambeson, GenericItemDefinitionSO:equipment-item:armor:hardened-leather-coat, GenericItemDefinitionSO:equipment-item:armor:iron-helmet, GenericItemDefinitionSO:equipment-item:armor:jack-of-plates, GenericItemDefinitionSO:equipment-item:armor:leather, GenericItemDefinitionSO:equipment-item:armor:mail-coif 외 42개","생성 또는 거래·재고 입고·운반·보관·장착 또는 소비와 하류 주문 기록","과잉 재고·운반·보관·수리 또는 사용 시점 지연이 압력이 된다","실제 비교 후보·교역·재활용·수리·배급 조정 중 원본 기능에 맞는 경로로 재고 압력을 줄인다","설계 확정; 질량·가격·스택·부패·효과 수치는 source authority와 밸런스 기준서에서 별도 검증 OPEN"
"equipment-item:armor:scale-coat","비늘 외투","Weapon (무기)","[{""rid"":7737211673752633506},{""rid"":7737211673752633507},{""rid"":7737211673752633508}]","해당 없음: GenericItemDefinitionSO","8.2","763","게임 내 역할은 장비 제작과 장착, 생산망의 입력·출력, 연구에 따른 사용 시점 제한에 연결된다.","지정 전투·노동 역할에 장비를 배정하고 수리·보관을 감당해 다른 장비 계통을 늦춘다","비교 후보(대체 가능성 미검증): GenericItemDefinitionSO:equipment-item:armor:articulated-plate, GenericItemDefinitionSO:equipment-item:armor:blacksteel-carapace, GenericItemDefinitionSO:equipment-item:armor:blast-coat, GenericItemDefinitionSO:equipment-item:armor:breastplate, GenericItemDefinitionSO:equipment-item:armor:brigandine, GenericItemDefinitionSO:equipment-item:armor:closed-plate-helm, GenericItemDefinitionSO:equipment-item:armor:gambeson, GenericItemDefinitionSO:equipment-item:armor:hardened-leather-coat, GenericItemDefinitionSO:equipment-item:armor:iron-helmet, GenericItemDefinitionSO:equipment-item:armor:jack-of-plates, GenericItemDefinitionSO:equipment-item:armor:leather, GenericItemDefinitionSO:equipment-item:armor:mail-coif 외 42개","생성 또는 거래·재고 입고·운반·보관·장착 또는 소비와 하류 주문 기록","과잉 재고·운반·보관·수리 또는 사용 시점 지연이 압력이 된다","실제 비교 후보·교역·재활용·수리·배급 조정 중 원본 기능에 맞는 경로로 재고 압력을 줄인다","설계 확정; 질량·가격·스택·부패·효과 수치는 source authority와 밸런스 기준서에서 별도 검증 OPEN"
"equipment-item:armor:smoke-hood","연기 두건","Weapon (무기)","[{""rid"":7737211673752633534},{""rid"":7737211673752633535},{""rid"":7737211673752633536}]","해당 없음: GenericItemDefinitionSO","1.1","184","게임 내 역할은 장비 제작과 장착, 생산망의 입력·출력, 연구에 따른 사용 시점 제한에 연결된다.","지정 전투·노동 역할에 장비를 배정하고 수리·보관을 감당해 다른 장비 계통을 늦춘다","비교 후보(대체 가능성 미검증): GenericItemDefinitionSO:equipment-item:armor:articulated-plate, GenericItemDefinitionSO:equipment-item:armor:blacksteel-carapace, GenericItemDefinitionSO:equipment-item:armor:blast-coat, GenericItemDefinitionSO:equipment-item:armor:breastplate, GenericItemDefinitionSO:equipment-item:armor:brigandine, GenericItemDefinitionSO:equipment-item:armor:closed-plate-helm, GenericItemDefinitionSO:equipment-item:armor:gambeson, GenericItemDefinitionSO:equipment-item:armor:hardened-leather-coat, GenericItemDefinitionSO:equipment-item:armor:iron-helmet, GenericItemDefinitionSO:equipment-item:armor:jack-of-plates, GenericItemDefinitionSO:equipment-item:armor:leather, GenericItemDefinitionSO:equipment-item:armor:mail-coif 외 42개","생성 또는 거래·재고 입고·운반·보관·장착 또는 소비와 하류 주문 기록","과잉 재고·운반·보관·수리 또는 사용 시점 지연이 압력이 된다","실제 비교 후보·교역·재활용·수리·배급 조정 중 원본 기능에 맞는 경로로 재고 압력을 줄인다","설계 확정; 질량·가격·스택·부패·효과 수치는 source authority와 밸런스 기준서에서 별도 검증 OPEN"
"equipment-item:shield:blacksteel","흑강 방패","Weapon (무기)","[{""rid"":7737211866096074829},{""rid"":7737211866096074830},{""rid"":7737211866096074831}]","해당 없음: GenericItemDefinitionSO","11","836","게임 내 역할은 장비 제작과 장착, 생산망의 입력·출력, 연구에 따른 사용 시점 제한에 연결된다.","지정 전투·노동 역할에 장비를 배정하고 수리·보관을 감당해 다른 장비 계통을 늦춘다","비교 후보(대체 가능성 미검증): GenericItemDefinitionSO:equipment-item:armor:articulated-plate, GenericItemDefinitionSO:equipment-item:armor:blacksteel-carapace, GenericItemDefinitionSO:equipment-item:armor:blast-coat, GenericItemDefinitionSO:equipment-item:armor:breastplate, GenericItemDefinitionSO:equipment-item:armor:brigandine, GenericItemDefinitionSO:equipment-item:armor:closed-plate-helm, GenericItemDefinitionSO:equipment-item:armor:gambeson, GenericItemDefinitionSO:equipment-item:armor:hardened-leather-coat, GenericItemDefinitionSO:equipment-item:armor:iron-helmet, GenericItemDefinitionSO:equipment-item:armor:jack-of-plates, GenericItemDefinitionSO:equipment-item:armor:leather, GenericItemDefinitionSO:equipment-item:armor:mail-coif 외 42개","생성 또는 거래·재고 입고·운반·보관·장착 또는 소비와 하류 주문 기록","과잉 재고·운반·보관·수리 또는 사용 시점 지연이 압력이 된다","실제 비교 후보·교역·재활용·수리·배급 조정 중 원본 기능에 맞는 경로로 재고 압력을 줄인다","설계 확정; 질량·가격·스택·부패·효과 수치는 source authority와 밸런스 기준서에서 별도 검증 OPEN"
"equipment-item:shield:buckler","버클러","Weapon (무기)","[{""rid"":7737211673752633419},{""rid"":7737211673752633420},{""rid"":7737211673752633421}]","해당 없음: GenericItemDefinitionSO","1.8","547","게임 내 역할은 장비 제작과 장착, 생산망의 입력·출력, 연구에 따른 사용 시점 제한에 연결된다.","지정 전투·노동 역할에 장비를 배정하고 수리·보관을 감당해 다른 장비 계통을 늦춘다","비교 후보(대체 가능성 미검증): GenericItemDefinitionSO:equipment-item:armor:articulated-plate, GenericItemDefinitionSO:equipment-item:armor:blacksteel-carapace, GenericItemDefinitionSO:equipment-item:armor:blast-coat, GenericItemDefinitionSO:equipment-item:armor:breastplate, GenericItemDefinitionSO:equipment-item:armor:brigandine, GenericItemDefinitionSO:equipment-item:armor:closed-plate-helm, GenericItemDefinitionSO:equipment-item:armor:gambeson, GenericItemDefinitionSO:equipment-item:armor:hardened-leather-coat, GenericItemDefinitionSO:equipment-item:armor:iron-helmet, GenericItemDefinitionSO:equipment-item:armor:jack-of-plates, GenericItemDefinitionSO:equipment-item:armor:leather, GenericItemDefinitionSO:equipment-item:armor:mail-coif 외 42개","생성 또는 거래·재고 입고·운반·보관·장착 또는 소비와 하류 주문 기록","과잉 재고·운반·보관·수리 또는 사용 시점 지연이 압력이 된다","실제 비교 후보·교역·재활용·수리·배급 조정 중 원본 기능에 맞는 경로로 재고 압력을 줄인다","설계 확정; 질량·가격·스택·부패·효과 수치는 source authority와 밸런스 기준서에서 별도 검증 OPEN"
"equipment-item:shield:iron","철 방패","Weapon (무기)","[{""rid"":7737211673752633460},{""rid"":7737211673752633461},{""rid"":7737211673752633462}]","해당 없음: GenericItemDefinitionSO","6","676","게임 내 역할은 장비 제작과 장착, 생산망의 입력·출력, 연구에 따른 사용 시점 제한에 연결된다.","지정 전투·노동 역할에 장비를 배정하고 수리·보관을 감당해 다른 장비 계통을 늦춘다","비교 후보(대체 가능성 미검증): GenericItemDefinitionSO:equipment-item:armor:articulated-plate, GenericItemDefinitionSO:equipment-item:armor:blacksteel-carapace, GenericItemDefinitionSO:equipment-item:armor:blast-coat, GenericItemDefinitionSO:equipment-item:armor:breastplate, GenericItemDefinitionSO:equipment-item:armor:brigandine, GenericItemDefinitionSO:equipment-item:armor:closed-plate-helm, GenericItemDefinitionSO:equipment-item:armor:gambeson, GenericItemDefinitionSO:equipment-item:armor:hardened-leather-coat, GenericItemDefinitionSO:equipment-item:armor:iron-helmet, GenericItemDefinitionSO:equipment-item:armor:jack-of-plates, GenericItemDefinitionSO:equipment-item:armor:leather, GenericItemDefinitionSO:equipment-item:armor:mail-coif 외 42개","생성 또는 거래·재고 입고·운반·보관·장착 또는 소비와 하류 주문 기록","과잉 재고·운반·보관·수리 또는 사용 시점 지연이 압력이 된다","실제 비교 후보·교역·재활용·수리·배급 조정 중 원본 기능에 맞는 경로로 재고 압력을 줄인다","설계 확정; 질량·가격·스택·부패·효과 수치는 source authority와 밸런스 기준서에서 별도 검증 OPEN"
"equipment-item:shield:mana-buckler","마나 버클러","Weapon (무기)","[{""rid"":7737211866096074853},{""rid"":7737211866096074854},{""rid"":7737211866096074855}]","해당 없음: GenericItemDefinitionSO","2.2","401","게임 내 역할은 장비 제작과 장착, 생산망의 입력·출력, 연구에 따른 사용 시점 제한에 연결된다.","지정 전투·노동 역할에 장비를 배정하고 수리·보관을 감당해 다른 장비 계통을 늦춘다","비교 후보(대체 가능성 미검증): GenericItemDefinitionSO:equipment-item:armor:articulated-plate, GenericItemDefinitionSO:equipment-item:armor:blacksteel-carapace, GenericItemDefinitionSO:equipment-item:armor:blast-coat, GenericItemDefinitionSO:equipment-item:armor:breastplate, GenericItemDefinitionSO:equipment-item:armor:brigandine, GenericItemDefinitionSO:equipment-item:armor:closed-plate-helm, GenericItemDefinitionSO:equipment-item:armor:gambeson, GenericItemDefinitionSO:equipment-item:armor:hardened-leather-coat, GenericItemDefinitionSO:equipment-item:armor:iron-helmet, GenericItemDefinitionSO:equipment-item:armor:jack-of-plates, GenericItemDefinitionSO:equipment-item:armor:leather, GenericItemDefinitionSO:equipment-item:armor:mail-coif 외 42개","생성 또는 거래·재고 입고·운반·보관·장착 또는 소비와 하류 주문 기록","과잉 재고·운반·보관·수리 또는 사용 시점 지연이 압력이 된다","실제 비교 후보·교역·재활용·수리·배급 조정 중 원본 기능에 맞는 경로로 재고 압력을 줄인다","설계 확정; 질량·가격·스택·부패·효과 수치는 source authority와 밸런스 기준서에서 별도 검증 OPEN"
"equipment-item:shield:pavise","파비스","Weapon (무기)","[{""rid"":7737211866096074808},{""rid"":7737211866096074809},{""rid"":7737211866096074810}]","해당 없음: GenericItemDefinitionSO","12","497","게임 내 역할은 장비 제작과 장착, 생산망의 입력·출력, 연구에 따른 사용 시점 제한에 연결된다.","지정 전투·노동 역할에 장비를 배정하고 수리·보관을 감당해 다른 장비 계통을 늦춘다","비교 후보(대체 가능성 미검증): GenericItemDefinitionSO:equipment-item:armor:articulated-plate, GenericItemDefinitionSO:equipment-item:armor:blacksteel-carapace, GenericItemDefinitionSO:equipment-item:armor:blast-coat, GenericItemDefinitionSO:equipment-item:armor:breastplate, GenericItemDefinitionSO:equipment-item:armor:brigandine, GenericItemDefinitionSO:equipment-item:armor:closed-plate-helm, GenericItemDefinitionSO:equipment-item:armor:gambeson, GenericItemDefinitionSO:equipment-item:armor:hardened-leather-coat, GenericItemDefinitionSO:equipment-item:armor:iron-helmet, GenericItemDefinitionSO:equipment-item:armor:jack-of-plates, GenericItemDefinitionSO:equipment-item:armor:leather, GenericItemDefinitionSO:equipment-item:armor:mail-coif 외 42개","생성 또는 거래·재고 입고·운반·보관·장착 또는 소비와 하류 주문 기록","과잉 재고·운반·보관·수리 또는 사용 시점 지연이 압력이 된다","실제 비교 후보·교역·재활용·수리·배급 조정 중 원본 기능에 맞는 경로로 재고 압력을 줄인다","설계 확정; 질량·가격·스택·부패·효과 수치는 source authority와 밸런스 기준서에서 별도 검증 OPEN"
"equipment-item:shield:powered","동력 방패","Weapon (무기)","[{""rid"":7737211866096074811},{""rid"":7737211866096074812},{""rid"":7737211866096074813}]","해당 없음: GenericItemDefinitionSO","13","1210","게임 내 역할은 장비 제작과 장착, 생산망의 입력·출력, 연구에 따른 사용 시점 제한에 연결된다.","지정 전투·노동 역할에 장비를 배정하고 수리·보관을 감당해 다른 장비 계통을 늦춘다","비교 후보(대체 가능성 미검증): GenericItemDefinitionSO:equipment-item:armor:articulated-plate, GenericItemDefinitionSO:equipment-item:armor:blacksteel-carapace, GenericItemDefinitionSO:equipment-item:armor:blast-coat, GenericItemDefinitionSO:equipment-item:armor:breastplate, GenericItemDefinitionSO:equipment-item:armor:brigandine, GenericItemDefinitionSO:equipment-item:armor:closed-plate-helm, GenericItemDefinitionSO:equipment-item:armor:gambeson, GenericItemDefinitionSO:equipment-item:armor:hardened-leather-coat, GenericItemDefinitionSO:equipment-item:armor:iron-helmet, GenericItemDefinitionSO:equipment-item:armor:jack-of-plates, GenericItemDefinitionSO:equipment-item:armor:leather, GenericItemDefinitionSO:equipment-item:armor:mail-coif 외 42개","생성 또는 거래·재고 입고·운반·보관·장착 또는 소비와 하류 주문 기록","과잉 재고·운반·보관·수리 또는 사용 시점 지연이 압력이 된다","실제 비교 후보·교역·재활용·수리·배급 조정 중 원본 기능에 맞는 경로로 재고 압력을 줄인다","설계 확정; 질량·가격·스택·부패·효과 수치는 source authority와 밸런스 기준서에서 별도 검증 OPEN"
"equipment-item:shield:rune","룬 방패","Weapon (무기)","[{""rid"":7737211673752633414},{""rid"":7737211673752633415},{""rid"":7737211673752633416}]","해당 없음: GenericItemDefinitionSO","6.5","1376","게임 내 역할은 장비 제작과 장착, 생산망의 입력·출력, 연구에 따른 사용 시점 제한에 연결된다.","지정 전투·노동 역할에 장비를 배정하고 수리·보관을 감당해 다른 장비 계통을 늦춘다","비교 후보(대체 가능성 미검증): GenericItemDefinitionSO:equipment-item:armor:articulated-plate, GenericItemDefinitionSO:equipment-item:armor:blacksteel-carapace, GenericItemDefinitionSO:equipment-item:armor:blast-coat, GenericItemDefinitionSO:equipment-item:armor:breastplate, GenericItemDefinitionSO:equipment-item:armor:brigandine, GenericItemDefinitionSO:equipment-item:armor:closed-plate-helm, GenericItemDefinitionSO:equipment-item:armor:gambeson, GenericItemDefinitionSO:equipment-item:armor:hardened-leather-coat, GenericItemDefinitionSO:equipment-item:armor:iron-helmet, GenericItemDefinitionSO:equipment-item:armor:jack-of-plates, GenericItemDefinitionSO:equipment-item:armor:leather, GenericItemDefinitionSO:equipment-item:armor:mail-coif 외 42개","생성 또는 거래·재고 입고·운반·보관·장착 또는 소비와 하류 주문 기록","과잉 재고·운반·보관·수리 또는 사용 시점 지연이 압력이 된다","실제 비교 후보·교역·재활용·수리·배급 조정 중 원본 기능에 맞는 경로로 재고 압력을 줄인다","설계 확정; 질량·가격·스택·부패·효과 수치는 source authority와 밸런스 기준서에서 별도 검증 OPEN"
"equipment-item:shield:tower","대형 방패","Weapon (무기)","[{""rid"":7737211673752633513},{""rid"":7737211673752633514},{""rid"":7737211673752633515}]","해당 없음: GenericItemDefinitionSO","10","321","게임 내 역할은 장비 제작과 장착, 생산망의 입력·출력, 연구에 따른 사용 시점 제한에 연결된다.","지정 전투·노동 역할에 장비를 배정하고 수리·보관을 감당해 다른 장비 계통을 늦춘다","비교 후보(대체 가능성 미검증): GenericItemDefinitionSO:equipment-item:armor:articulated-plate, GenericItemDefinitionSO:equipment-item:armor:blacksteel-carapace, GenericItemDefinitionSO:equipment-item:armor:blast-coat, GenericItemDefinitionSO:equipment-item:armor:breastplate, GenericItemDefinitionSO:equipment-item:armor:brigandine, GenericItemDefinitionSO:equipment-item:armor:closed-plate-helm, GenericItemDefinitionSO:equipment-item:armor:gambeson, GenericItemDefinitionSO:equipment-item:armor:hardened-leather-coat, GenericItemDefinitionSO:equipment-item:armor:iron-helmet, GenericItemDefinitionSO:equipment-item:armor:jack-of-plates, GenericItemDefinitionSO:equipment-item:armor:leather, GenericItemDefinitionSO:equipment-item:armor:mail-coif 외 42개","생성 또는 거래·재고 입고·운반·보관·장착 또는 소비와 하류 주문 기록","과잉 재고·운반·보관·수리 또는 사용 시점 지연이 압력이 된다","실제 비교 후보·교역·재활용·수리·배급 조정 중 원본 기능에 맞는 경로로 재고 압력을 줄인다","설계 확정; 질량·가격·스택·부패·효과 수치는 source authority와 밸런스 기준서에서 별도 검증 OPEN"
"equipment-item:shield:wood","나무 방패","Weapon (무기)","[{""rid"":7737211673752633406},{""rid"":7737211673752633407}]","해당 없음: GenericItemDefinitionSO","3.5","85","게임 내 역할은 장비 제작과 장착, 생산망의 입력·출력에 연결된다.","지정 전투·노동 역할에 장비를 배정하고 수리·보관을 감당해 다른 장비 계통을 늦춘다","비교 후보(대체 가능성 미검증): GenericItemDefinitionSO:equipment-item:armor:cloth-hood, GenericItemDefinitionSO:equipment-item:armor:leather-cap, GenericItemDefinitionSO:equipment-item:weapon:dagger, GenericItemDefinitionSO:equipment-item:weapon:javelin, GenericItemDefinitionSO:equipment-item:weapon:spear","생성 또는 거래·재고 입고·운반·보관·장착 또는 소비와 하류 주문 기록","과잉 재고·운반·보관·수리 또는 사용 시점 지연이 압력이 된다","실제 비교 후보·교역·재활용·수리·배급 조정 중 원본 기능에 맞는 경로로 재고 압력을 줄인다","설계 확정; 질량·가격·스택·부패·효과 수치는 source authority와 밸런스 기준서에서 별도 검증 OPEN"
"equipment-item:weapon:arquebus","아쿼버스","Weapon (무기)","[{""rid"":7737211673752633546},{""rid"":7737211673752633547},{""rid"":7737211673752633548}]","해당 없음: GenericItemDefinitionSO","5.6","516","게임 내 역할은 장비 제작과 장착, 생산망의 입력·출력, 연구에 따른 사용 시점 제한에 연결된다.","지정 전투·노동 역할에 장비를 배정하고 수리·보관을 감당해 다른 장비 계통을 늦춘다","비교 후보(대체 가능성 미검증): GenericItemDefinitionSO:equipment-item:armor:articulated-plate, GenericItemDefinitionSO:equipment-item:armor:blacksteel-carapace, GenericItemDefinitionSO:equipment-item:armor:blast-coat, GenericItemDefinitionSO:equipment-item:armor:breastplate, GenericItemDefinitionSO:equipment-item:armor:brigandine, GenericItemDefinitionSO:equipment-item:armor:closed-plate-helm, GenericItemDefinitionSO:equipment-item:armor:gambeson, GenericItemDefinitionSO:equipment-item:armor:hardened-leather-coat, GenericItemDefinitionSO:equipment-item:armor:iron-helmet, GenericItemDefinitionSO:equipment-item:armor:jack-of-plates, GenericItemDefinitionSO:equipment-item:armor:leather, GenericItemDefinitionSO:equipment-item:armor:mail-coif 외 42개","생성 또는 거래·재고 입고·운반·보관·장착 또는 소비와 하류 주문 기록","과잉 재고·운반·보관·수리 또는 사용 시점 지연이 압력이 된다","실제 비교 후보·교역·재활용·수리·배급 조정 중 원본 기능에 맞는 경로로 재고 압력을 줄인다","설계 확정; 질량·가격·스택·부패·효과 수치는 source authority와 밸런스 기준서에서 별도 검증 OPEN"
"equipment-item:weapon:blacksteel-poleaxe","흑강 폴액스","Weapon (무기)","[{""rid"":7737211866096074817},{""rid"":7737211866096074818},{""rid"":7737211866096074819}]","해당 없음: GenericItemDefinitionSO","6.8","1288","게임 내 역할은 장비 제작과 장착, 생산망의 입력·출력, 연구에 따른 사용 시점 제한에 연결된다.","지정 전투·노동 역할에 장비를 배정하고 수리·보관을 감당해 다른 장비 계통을 늦춘다","비교 후보(대체 가능성 미검증): GenericItemDefinitionSO:equipment-item:armor:articulated-plate, GenericItemDefinitionSO:equipment-item:armor:blacksteel-carapace, GenericItemDefinitionSO:equipment-item:armor:blast-coat, GenericItemDefinitionSO:equipment-item:armor:breastplate, GenericItemDefinitionSO:equipment-item:armor:brigandine, GenericItemDefinitionSO:equipment-item:armor:closed-plate-helm, GenericItemDefinitionSO:equipment-item:armor:gambeson, GenericItemDefinitionSO:equipment-item:armor:hardened-leather-coat, GenericItemDefinitionSO:equipment-item:armor:iron-helmet, GenericItemDefinitionSO:equipment-item:armor:jack-of-plates, GenericItemDefinitionSO:equipment-item:armor:leather, GenericItemDefinitionSO:equipment-item:armor:mail-coif 외 42개","생성 또는 거래·재고 입고·운반·보관·장착 또는 소비와 하류 주문 기록","과잉 재고·운반·보관·수리 또는 사용 시점 지연이 압력이 된다","실제 비교 후보·교역·재활용·수리·배급 조정 중 원본 기능에 맞는 경로로 재고 압력을 줄인다","설계 확정; 질량·가격·스택·부패·효과 수치는 source authority와 밸런스 기준서에서 별도 검증 OPEN"
"equipment-item:weapon:composite-bow","복합궁","Weapon (무기)","[{""rid"":7737211673752633498},{""rid"":7737211673752633499},{""rid"":7737211673752633500}]","해당 없음: GenericItemDefinitionSO","1.8","183","게임 내 역할은 장비 제작과 장착, 생산망의 입력·출력, 연구에 따른 사용 시점 제한에 연결된다.","지정 전투·노동 역할에 장비를 배정하고 수리·보관을 감당해 다른 장비 계통을 늦춘다","비교 후보(대체 가능성 미검증): GenericItemDefinitionSO:equipment-item:armor:articulated-plate, GenericItemDefinitionSO:equipment-item:armor:blacksteel-carapace, GenericItemDefinitionSO:equipment-item:armor:blast-coat, GenericItemDefinitionSO:equipment-item:armor:breastplate, GenericItemDefinitionSO:equipment-item:armor:brigandine, GenericItemDefinitionSO:equipment-item:armor:closed-plate-helm, GenericItemDefinitionSO:equipment-item:armor:gambeson, GenericItemDefinitionSO:equipment-item:armor:hardened-leather-coat, GenericItemDefinitionSO:equipment-item:armor:iron-helmet, GenericItemDefinitionSO:equipment-item:armor:jack-of-plates, GenericItemDefinitionSO:equipment-item:armor:leather, GenericItemDefinitionSO:equipment-item:armor:mail-coif 외 42개","생성 또는 거래·재고 입고·운반·보관·장착 또는 소비와 하류 주문 기록","과잉 재고·운반·보관·수리 또는 사용 시점 지연이 압력이 된다","실제 비교 후보·교역·재활용·수리·배급 조정 중 원본 기능에 맞는 경로로 재고 압력을 줄인다","설계 확정; 질량·가격·스택·부패·효과 수치는 source authority와 밸런스 기준서에서 별도 검증 OPEN"
"equipment-item:weapon:crossbow","석궁","Weapon (무기)","[{""rid"":7737211673752633424},{""rid"":7737211673752633425},{""rid"":7737211673752633426}]","해당 없음: GenericItemDefinitionSO","3.8","251","게임 내 역할은 장비 제작과 장착, 생산망의 입력·출력, 연구에 따른 사용 시점 제한에 연결된다.","지정 전투·노동 역할에 장비를 배정하고 수리·보관을 감당해 다른 장비 계통을 늦춘다","비교 후보(대체 가능성 미검증): GenericItemDefinitionSO:equipment-item:armor:articulated-plate, GenericItemDefinitionSO:equipment-item:armor:blacksteel-carapace, GenericItemDefinitionSO:equipment-item:armor:blast-coat, GenericItemDefinitionSO:equipment-item:armor:breastplate, GenericItemDefinitionSO:equipment-item:armor:brigandine, GenericItemDefinitionSO:equipment-item:armor:closed-plate-helm, GenericItemDefinitionSO:equipment-item:armor:gambeson, GenericItemDefinitionSO:equipment-item:armor:hardened-leather-coat, GenericItemDefinitionSO:equipment-item:armor:iron-helmet, GenericItemDefinitionSO:equipment-item:armor:jack-of-plates, GenericItemDefinitionSO:equipment-item:armor:leather, GenericItemDefinitionSO:equipment-item:armor:mail-coif 외 42개","생성 또는 거래·재고 입고·운반·보관·장착 또는 소비와 하류 주문 기록","과잉 재고·운반·보관·수리 또는 사용 시점 지연이 압력이 된다","실제 비교 후보·교역·재활용·수리·배급 조정 중 원본 기능에 맞는 경로로 재고 압력을 줄인다","설계 확정; 질량·가격·스택·부패·효과 수치는 source authority와 밸런스 기준서에서 별도 검증 OPEN"
"equipment-item:weapon:dagger","단검","Weapon (무기)","[{""rid"":7737211673752633541},{""rid"":7737211673752633542}]","해당 없음: GenericItemDefinitionSO","0.7","48","게임 내 역할은 장비 제작과 장착, 생산망의 입력·출력에 연결된다.","지정 전투·노동 역할에 장비를 배정하고 수리·보관을 감당해 다른 장비 계통을 늦춘다","비교 후보(대체 가능성 미검증): GenericItemDefinitionSO:equipment-item:armor:cloth-hood, GenericItemDefinitionSO:equipment-item:armor:leather-cap, GenericItemDefinitionSO:equipment-item:shield:wood, GenericItemDefinitionSO:equipment-item:weapon:javelin, GenericItemDefinitionSO:equipment-item:weapon:spear","생성 또는 거래·재고 입고·운반·보관·장착 또는 소비와 하류 주문 기록","과잉 재고·운반·보관·수리 또는 사용 시점 지연이 압력이 된다","실제 비교 후보·교역·재활용·수리·배급 조정 중 원본 기능에 맞는 경로로 재고 압력을 줄인다","설계 확정; 질량·가격·스택·부패·효과 수치는 source authority와 밸런스 기준서에서 별도 검증 OPEN"
"equipment-item:weapon:estoc","에스터크","Weapon (무기)","[{""rid"":7737211866096074805},{""rid"":7737211866096074806},{""rid"":7737211866096074807}]","해당 없음: GenericItemDefinitionSO","2.2","96","게임 내 역할은 장비 제작과 장착, 생산망의 입력·출력, 연구에 따른 사용 시점 제한에 연결된다.","지정 전투·노동 역할에 장비를 배정하고 수리·보관을 감당해 다른 장비 계통을 늦춘다","비교 후보(대체 가능성 미검증): GenericItemDefinitionSO:equipment-item:armor:articulated-plate, GenericItemDefinitionSO:equipment-item:armor:blacksteel-carapace, GenericItemDefinitionSO:equipment-item:armor:blast-coat, GenericItemDefinitionSO:equipment-item:armor:breastplate, GenericItemDefinitionSO:equipment-item:armor:brigandine, GenericItemDefinitionSO:equipment-item:armor:closed-plate-helm, GenericItemDefinitionSO:equipment-item:armor:gambeson, GenericItemDefinitionSO:equipment-item:armor:hardened-leather-coat, GenericItemDefinitionSO:equipment-item:armor:iron-helmet, GenericItemDefinitionSO:equipment-item:armor:jack-of-plates, GenericItemDefinitionSO:equipment-item:armor:leather, GenericItemDefinitionSO:equipment-item:armor:mail-coif 외 42개","생성 또는 거래·재고 입고·운반·보관·장착 또는 소비와 하류 주문 기록","과잉 재고·운반·보관·수리 또는 사용 시점 지연이 압력이 된다","실제 비교 후보·교역·재활용·수리·배급 조정 중 원본 기능에 맞는 경로로 재고 압력을 줄인다","설계 확정; 질량·가격·스택·부패·효과 수치는 source authority와 밸런스 기준서에서 별도 검증 OPEN"
"equipment-item:weapon:falchion","팔시온","Weapon (무기)","[{""rid"":7737211673752633456},{""rid"":7737211673752633457},{""rid"":7737211673752633458}]","해당 없음: GenericItemDefinitionSO","1.7","95","게임 내 역할은 장비 제작과 장착, 생산망의 입력·출력, 연구에 따른 사용 시점 제한에 연결된다.","지정 전투·노동 역할에 장비를 배정하고 수리·보관을 감당해 다른 장비 계통을 늦춘다","비교 후보(대체 가능성 미검증): GenericItemDefinitionSO:equipment-item:armor:articulated-plate, GenericItemDefinitionSO:equipment-item:armor:blacksteel-carapace, GenericItemDefinitionSO:equipment-item:armor:blast-coat, GenericItemDefinitionSO:equipment-item:armor:breastplate, GenericItemDefinitionSO:equipment-item:armor:brigandine, GenericItemDefinitionSO:equipment-item:armor:closed-plate-helm, GenericItemDefinitionSO:equipment-item:armor:gambeson, GenericItemDefinitionSO:equipment-item:armor:hardened-leather-coat, GenericItemDefinitionSO:equipment-item:armor:iron-helmet, GenericItemDefinitionSO:equipment-item:armor:jack-of-plates, GenericItemDefinitionSO:equipment-item:armor:leather, GenericItemDefinitionSO:equipment-item:armor:mail-coif 외 42개","생성 또는 거래·재고 입고·운반·보관·장착 또는 소비와 하류 주문 기록","과잉 재고·운반·보관·수리 또는 사용 시점 지연이 압력이 된다","실제 비교 후보·교역·재활용·수리·배급 조정 중 원본 기능에 맞는 경로로 재고 압력을 줄인다","설계 확정; 질량·가격·스택·부패·효과 수치는 source authority와 밸런스 기준서에서 별도 검증 OPEN"
"equipment-item:weapon:greatsword","대검","Weapon (무기)","[{""rid"":7737211673752633438},{""rid"":7737211673752633439},{""rid"":7737211673752633440}]","해당 없음: GenericItemDefinitionSO","4.6","600","게임 내 역할은 장비 제작과 장착, 생산망의 입력·출력, 연구에 따른 사용 시점 제한에 연결된다.","지정 전투·노동 역할에 장비를 배정하고 수리·보관을 감당해 다른 장비 계통을 늦춘다","비교 후보(대체 가능성 미검증): GenericItemDefinitionSO:equipment-item:armor:articulated-plate, GenericItemDefinitionSO:equipment-item:armor:blacksteel-carapace, GenericItemDefinitionSO:equipment-item:armor:blast-coat, GenericItemDefinitionSO:equipment-item:armor:breastplate, GenericItemDefinitionSO:equipment-item:armor:brigandine, GenericItemDefinitionSO:equipment-item:armor:closed-plate-helm, GenericItemDefinitionSO:equipment-item:armor:gambeson, GenericItemDefinitionSO:equipment-item:armor:hardened-leather-coat, GenericItemDefinitionSO:equipment-item:armor:iron-helmet, GenericItemDefinitionSO:equipment-item:armor:jack-of-plates, GenericItemDefinitionSO:equipment-item:armor:leather, GenericItemDefinitionSO:equipment-item:armor:mail-coif 외 42개","생성 또는 거래·재고 입고·운반·보관·장착 또는 소비와 하류 주문 기록","과잉 재고·운반·보관·수리 또는 사용 시점 지연이 압력이 된다","실제 비교 후보·교역·재활용·수리·배급 조정 중 원본 기능에 맞는 경로로 재고 압력을 줄인다","설계 확정; 질량·가격·스택·부패·효과 수치는 source authority와 밸런스 기준서에서 별도 검증 OPEN"
"equipment-item:weapon:halberd","할버드","Weapon (무기)","[{""rid"":7737211673752633597},{""rid"":7737211673752633598},{""rid"":7737211673752633599}]","해당 없음: GenericItemDefinitionSO","4.2","600","게임 내 역할은 장비 제작과 장착, 생산망의 입력·출력, 연구에 따른 사용 시점 제한에 연결된다.","지정 전투·노동 역할에 장비를 배정하고 수리·보관을 감당해 다른 장비 계통을 늦춘다","비교 후보(대체 가능성 미검증): GenericItemDefinitionSO:equipment-item:armor:articulated-plate, GenericItemDefinitionSO:equipment-item:armor:blacksteel-carapace, GenericItemDefinitionSO:equipment-item:armor:blast-coat, GenericItemDefinitionSO:equipment-item:armor:breastplate, GenericItemDefinitionSO:equipment-item:armor:brigandine, GenericItemDefinitionSO:equipment-item:armor:closed-plate-helm, GenericItemDefinitionSO:equipment-item:armor:gambeson, GenericItemDefinitionSO:equipment-item:armor:hardened-leather-coat, GenericItemDefinitionSO:equipment-item:armor:iron-helmet, GenericItemDefinitionSO:equipment-item:armor:jack-of-plates, GenericItemDefinitionSO:equipment-item:armor:leather, GenericItemDefinitionSO:equipment-item:armor:mail-coif 외 42개","생성 또는 거래·재고 입고·운반·보관·장착 또는 소비와 하류 주문 기록","과잉 재고·운반·보관·수리 또는 사용 시점 지연이 압력이 된다","실제 비교 후보·교역·재활용·수리·배급 조정 중 원본 기능에 맞는 경로로 재고 압력을 줄인다","설계 확정; 질량·가격·스택·부패·효과 수치는 source authority와 밸런스 기준서에서 별도 검증 OPEN"
"equipment-item:weapon:handgonne","수총","Weapon (무기)","[{""rid"":7737211673752633503},{""rid"":7737211673752633504},{""rid"":7737211673752633505}]","해당 없음: GenericItemDefinitionSO","4.8","490","게임 내 역할은 장비 제작과 장착, 생산망의 입력·출력, 연구에 따른 사용 시점 제한에 연결된다.","지정 전투·노동 역할에 장비를 배정하고 수리·보관을 감당해 다른 장비 계통을 늦춘다","비교 후보(대체 가능성 미검증): GenericItemDefinitionSO:equipment-item:armor:articulated-plate, GenericItemDefinitionSO:equipment-item:armor:blacksteel-carapace, GenericItemDefinitionSO:equipment-item:armor:blast-coat, GenericItemDefinitionSO:equipment-item:armor:breastplate, GenericItemDefinitionSO:equipment-item:armor:brigandine, GenericItemDefinitionSO:equipment-item:armor:closed-plate-helm, GenericItemDefinitionSO:equipment-item:armor:gambeson, GenericItemDefinitionSO:equipment-item:armor:hardened-leather-coat, GenericItemDefinitionSO:equipment-item:armor:iron-helmet, GenericItemDefinitionSO:equipment-item:armor:jack-of-plates, GenericItemDefinitionSO:equipment-item:armor:leather, GenericItemDefinitionSO:equipment-item:armor:mail-coif 외 42개","생성 또는 거래·재고 입고·운반·보관·장착 또는 소비와 하류 주문 기록","과잉 재고·운반·보관·수리 또는 사용 시점 지연이 압력이 된다","실제 비교 후보·교역·재활용·수리·배급 조정 중 원본 기능에 맞는 경로로 재고 압력을 줄인다","설계 확정; 질량·가격·스택·부패·효과 수치는 source authority와 밸런스 기준서에서 별도 검증 OPEN"
"equipment-item:weapon:heavy-matchlock","중화승총","Weapon (무기)","[{""rid"":7737211866096074850},{""rid"":7737211866096074851},{""rid"":7737211866096074852}]","해당 없음: GenericItemDefinitionSO","8.4","1176","게임 내 역할은 장비 제작과 장착, 생산망의 입력·출력, 연구에 따른 사용 시점 제한에 연결된다.","지정 전투·노동 역할에 장비를 배정하고 수리·보관을 감당해 다른 장비 계통을 늦춘다","비교 후보(대체 가능성 미검증): GenericItemDefinitionSO:equipment-item:armor:articulated-plate, GenericItemDefinitionSO:equipment-item:armor:blacksteel-carapace, GenericItemDefinitionSO:equipment-item:armor:blast-coat, GenericItemDefinitionSO:equipment-item:armor:breastplate, GenericItemDefinitionSO:equipment-item:armor:brigandine, GenericItemDefinitionSO:equipment-item:armor:closed-plate-helm, GenericItemDefinitionSO:equipment-item:armor:gambeson, GenericItemDefinitionSO:equipment-item:armor:hardened-leather-coat, GenericItemDefinitionSO:equipment-item:armor:iron-helmet, GenericItemDefinitionSO:equipment-item:armor:jack-of-plates, GenericItemDefinitionSO:equipment-item:armor:leather, GenericItemDefinitionSO:equipment-item:armor:mail-coif 외 42개","생성 또는 거래·재고 입고·운반·보관·장착 또는 소비와 하류 주문 기록","과잉 재고·운반·보관·수리 또는 사용 시점 지연이 압력이 된다","실제 비교 후보·교역·재활용·수리·배급 조정 중 원본 기능에 맞는 경로로 재고 압력을 줄인다","설계 확정; 질량·가격·스택·부패·효과 수치는 source authority와 밸런스 기준서에서 별도 검증 OPEN"
"equipment-item:weapon:javelin","투창","Weapon (무기)","[{""rid"":7737211673752633610},{""rid"":7737211673752633611}]","해당 없음: GenericItemDefinitionSO","2","52","게임 내 역할은 장비 제작과 장착, 생산망의 입력·출력에 연결된다.","지정 전투·노동 역할에 장비를 배정하고 수리·보관을 감당해 다른 장비 계통을 늦춘다","비교 후보(대체 가능성 미검증): GenericItemDefinitionSO:equipment-item:armor:cloth-hood, GenericItemDefinitionSO:equipment-item:armor:leather-cap, GenericItemDefinitionSO:equipment-item:shield:wood, GenericItemDefinitionSO:equipment-item:weapon:dagger, GenericItemDefinitionSO:equipment-item:weapon:spear","생성 또는 거래·재고 입고·운반·보관·장착 또는 소비와 하류 주문 기록","과잉 재고·운반·보관·수리 또는 사용 시점 지연이 압력이 된다","실제 비교 후보·교역·재활용·수리·배급 조정 중 원본 기능에 맞는 경로로 재고 압력을 줄인다","설계 확정; 질량·가격·스택·부패·효과 수치는 source authority와 밸런스 기준서에서 별도 검증 OPEN"
"equipment-item:weapon:longbow","장궁","Weapon (무기)","[{""rid"":7737211673752633523},{""rid"":7737211673752633524},{""rid"":7737211673752633525}]","해당 없음: GenericItemDefinitionSO","2.1","122","게임 내 역할은 장비 제작과 장착, 생산망의 입력·출력, 연구에 따른 사용 시점 제한에 연결된다.","지정 전투·노동 역할에 장비를 배정하고 수리·보관을 감당해 다른 장비 계통을 늦춘다","비교 후보(대체 가능성 미검증): GenericItemDefinitionSO:equipment-item:armor:articulated-plate, GenericItemDefinitionSO:equipment-item:armor:blacksteel-carapace, GenericItemDefinitionSO:equipment-item:armor:blast-coat, GenericItemDefinitionSO:equipment-item:armor:breastplate, GenericItemDefinitionSO:equipment-item:armor:brigandine, GenericItemDefinitionSO:equipment-item:armor:closed-plate-helm, GenericItemDefinitionSO:equipment-item:armor:gambeson, GenericItemDefinitionSO:equipment-item:armor:hardened-leather-coat, GenericItemDefinitionSO:equipment-item:armor:iron-helmet, GenericItemDefinitionSO:equipment-item:armor:jack-of-plates, GenericItemDefinitionSO:equipment-item:armor:leather, GenericItemDefinitionSO:equipment-item:armor:mail-coif 외 42개","생성 또는 거래·재고 입고·운반·보관·장착 또는 소비와 하류 주문 기록","과잉 재고·운반·보관·수리 또는 사용 시점 지연이 압력이 된다","실제 비교 후보·교역·재활용·수리·배급 조정 중 원본 기능에 맞는 경로로 재고 압력을 줄인다","설계 확정; 질량·가격·스택·부패·효과 수치는 source authority와 밸런스 기준서에서 별도 검증 OPEN"
"equipment-item:weapon:longsword","장검","Weapon (무기)","[{""rid"":7737211673752633580},{""rid"":7737211673752633581},{""rid"":7737211673752633582}]","해당 없음: GenericItemDefinitionSO","1.8","526","게임 내 역할은 장비 제작과 장착, 생산망의 입력·출력, 연구에 따른 사용 시점 제한에 연결된다.","지정 전투·노동 역할에 장비를 배정하고 수리·보관을 감당해 다른 장비 계통을 늦춘다","비교 후보(대체 가능성 미검증): GenericItemDefinitionSO:equipment-item:armor:articulated-plate, GenericItemDefinitionSO:equipment-item:armor:blacksteel-carapace, GenericItemDefinitionSO:equipment-item:armor:blast-coat, GenericItemDefinitionSO:equipment-item:armor:breastplate, GenericItemDefinitionSO:equipment-item:armor:brigandine, GenericItemDefinitionSO:equipment-item:armor:closed-plate-helm, GenericItemDefinitionSO:equipment-item:armor:gambeson, GenericItemDefinitionSO:equipment-item:armor:hardened-leather-coat, GenericItemDefinitionSO:equipment-item:armor:iron-helmet, GenericItemDefinitionSO:equipment-item:armor:jack-of-plates, GenericItemDefinitionSO:equipment-item:armor:leather, GenericItemDefinitionSO:equipment-item:armor:mail-coif 외 42개","생성 또는 거래·재고 입고·운반·보관·장착 또는 소비와 하류 주문 기록","과잉 재고·운반·보관·수리 또는 사용 시점 지연이 압력이 된다","실제 비교 후보·교역·재활용·수리·배급 조정 중 원본 기능에 맞는 경로로 재고 압력을 줄인다","설계 확정; 질량·가격·스택·부패·효과 수치는 source authority와 밸런스 기준서에서 별도 검증 OPEN"
"equipment-item:weapon:mace","철퇴","Weapon (무기)","[{""rid"":7737211673752633451},{""rid"":7737211673752633452},{""rid"":7737211673752633453}]","해당 없음: GenericItemDefinitionSO","2.8","122","게임 내 역할은 장비 제작과 장착, 생산망의 입력·출력, 연구에 따른 사용 시점 제한에 연결된다.","지정 전투·노동 역할에 장비를 배정하고 수리·보관을 감당해 다른 장비 계통을 늦춘다","비교 후보(대체 가능성 미검증): GenericItemDefinitionSO:equipment-item:armor:articulated-plate, GenericItemDefinitionSO:equipment-item:armor:blacksteel-carapace, GenericItemDefinitionSO:equipment-item:armor:blast-coat, GenericItemDefinitionSO:equipment-item:armor:breastplate, GenericItemDefinitionSO:equipment-item:armor:brigandine, GenericItemDefinitionSO:equipment-item:armor:closed-plate-helm, GenericItemDefinitionSO:equipment-item:armor:gambeson, GenericItemDefinitionSO:equipment-item:armor:hardened-leather-coat, GenericItemDefinitionSO:equipment-item:armor:iron-helmet, GenericItemDefinitionSO:equipment-item:armor:jack-of-plates, GenericItemDefinitionSO:equipment-item:armor:leather, GenericItemDefinitionSO:equipment-item:armor:mail-coif 외 42개","생성 또는 거래·재고 입고·운반·보관·장착 또는 소비와 하류 주문 기록","과잉 재고·운반·보관·수리 또는 사용 시점 지연이 압력이 된다","실제 비교 후보·교역·재활용·수리·배급 조정 중 원본 기능에 맞는 경로로 재고 압력을 줄인다","설계 확정; 질량·가격·스택·부패·효과 수치는 source authority와 밸런스 기준서에서 별도 검증 OPEN"
"equipment-item:weapon:mana-lance","마나 랜스","Weapon (무기)","[{""rid"":7737211673752633560},{""rid"":7737211673752633561},{""rid"":7737211673752633562}]","해당 없음: GenericItemDefinitionSO","4.9","379","게임 내 역할은 장비 제작과 장착, 생산망의 입력·출력, 연구에 따른 사용 시점 제한에 연결된다.","지정 전투·노동 역할에 장비를 배정하고 수리·보관을 감당해 다른 장비 계통을 늦춘다","비교 후보(대체 가능성 미검증): GenericItemDefinitionSO:equipment-item:armor:articulated-plate, GenericItemDefinitionSO:equipment-item:armor:blacksteel-carapace, GenericItemDefinitionSO:equipment-item:armor:blast-coat, GenericItemDefinitionSO:equipment-item:armor:breastplate, GenericItemDefinitionSO:equipment-item:armor:brigandine, GenericItemDefinitionSO:equipment-item:armor:closed-plate-helm, GenericItemDefinitionSO:equipment-item:armor:gambeson, GenericItemDefinitionSO:equipment-item:armor:hardened-leather-coat, GenericItemDefinitionSO:equipment-item:armor:iron-helmet, GenericItemDefinitionSO:equipment-item:armor:jack-of-plates, GenericItemDefinitionSO:equipment-item:armor:leather, GenericItemDefinitionSO:equipment-item:armor:mail-coif 외 42개","생성 또는 거래·재고 입고·운반·보관·장착 또는 소비와 하류 주문 기록","과잉 재고·운반·보관·수리 또는 사용 시점 지연이 압력이 된다","실제 비교 후보·교역·재활용·수리·배급 조정 중 원본 기능에 맞는 경로로 재고 압력을 줄인다","설계 확정; 질량·가격·스택·부패·효과 수치는 source authority와 밸런스 기준서에서 별도 검증 OPEN"
"equipment-item:weapon:matchlock-long-gun","화승 장총","Weapon (무기)","[{""rid"":7737211866096074844},{""rid"":7737211866096074845},{""rid"":7737211866096074846}]","해당 없음: GenericItemDefinitionSO","6.4","656","게임 내 역할은 장비 제작과 장착, 생산망의 입력·출력, 연구에 따른 사용 시점 제한에 연결된다.","지정 전투·노동 역할에 장비를 배정하고 수리·보관을 감당해 다른 장비 계통을 늦춘다","비교 후보(대체 가능성 미검증): GenericItemDefinitionSO:equipment-item:armor:articulated-plate, GenericItemDefinitionSO:equipment-item:armor:blacksteel-carapace, GenericItemDefinitionSO:equipment-item:armor:blast-coat, GenericItemDefinitionSO:equipment-item:armor:breastplate, GenericItemDefinitionSO:equipment-item:armor:brigandine, GenericItemDefinitionSO:equipment-item:armor:closed-plate-helm, GenericItemDefinitionSO:equipment-item:armor:gambeson, GenericItemDefinitionSO:equipment-item:armor:hardened-leather-coat, GenericItemDefinitionSO:equipment-item:armor:iron-helmet, GenericItemDefinitionSO:equipment-item:armor:jack-of-plates, GenericItemDefinitionSO:equipment-item:armor:leather, GenericItemDefinitionSO:equipment-item:armor:mail-coif 외 42개","생성 또는 거래·재고 입고·운반·보관·장착 또는 소비와 하류 주문 기록","과잉 재고·운반·보관·수리 또는 사용 시점 지연이 압력이 된다","실제 비교 후보·교역·재활용·수리·배급 조정 중 원본 기능에 맞는 경로로 재고 압력을 줄인다","설계 확정; 질량·가격·스택·부패·효과 수치는 source authority와 밸런스 기준서에서 별도 검증 OPEN"
"equipment-item:weapon:matchlock-pistol","화승 권총","Weapon (무기)","[{""rid"":7737211673752633570},{""rid"":7737211673752633571},{""rid"":7737211673752633572}]","해당 없음: GenericItemDefinitionSO","2.6","868","게임 내 역할은 장비 제작과 장착, 생산망의 입력·출력, 연구에 따른 사용 시점 제한에 연결된다.","지정 전투·노동 역할에 장비를 배정하고 수리·보관을 감당해 다른 장비 계통을 늦춘다","비교 후보(대체 가능성 미검증): GenericItemDefinitionSO:equipment-item:armor:articulated-plate, GenericItemDefinitionSO:equipment-item:armor:blacksteel-carapace, GenericItemDefinitionSO:equipment-item:armor:blast-coat, GenericItemDefinitionSO:equipment-item:armor:breastplate, GenericItemDefinitionSO:equipment-item:armor:brigandine, GenericItemDefinitionSO:equipment-item:armor:closed-plate-helm, GenericItemDefinitionSO:equipment-item:armor:gambeson, GenericItemDefinitionSO:equipment-item:armor:hardened-leather-coat, GenericItemDefinitionSO:equipment-item:armor:iron-helmet, GenericItemDefinitionSO:equipment-item:armor:jack-of-plates, GenericItemDefinitionSO:equipment-item:armor:leather, GenericItemDefinitionSO:equipment-item:armor:mail-coif 외 42개","생성 또는 거래·재고 입고·운반·보관·장착 또는 소비와 하류 주문 기록","과잉 재고·운반·보관·수리 또는 사용 시점 지연이 압력이 된다","실제 비교 후보·교역·재활용·수리·배급 조정 중 원본 기능에 맞는 경로로 재고 압력을 줄인다","설계 확정; 질량·가격·스택·부패·효과 수치는 source authority와 밸런스 기준서에서 별도 검증 OPEN"
"equipment-item:weapon:pollaxe","폴액스","Weapon (무기)","[{""rid"":7737211866096074823},{""rid"":7737211866096074824},{""rid"":7737211866096074825}]","해당 없음: GenericItemDefinitionSO","4.8","170","게임 내 역할은 장비 제작과 장착, 생산망의 입력·출력, 연구에 따른 사용 시점 제한에 연결된다.","지정 전투·노동 역할에 장비를 배정하고 수리·보관을 감당해 다른 장비 계통을 늦춘다","비교 후보(대체 가능성 미검증): GenericItemDefinitionSO:equipment-item:armor:articulated-plate, GenericItemDefinitionSO:equipment-item:armor:blacksteel-carapace, GenericItemDefinitionSO:equipment-item:armor:blast-coat, GenericItemDefinitionSO:equipment-item:armor:breastplate, GenericItemDefinitionSO:equipment-item:armor:brigandine, GenericItemDefinitionSO:equipment-item:armor:closed-plate-helm, GenericItemDefinitionSO:equipment-item:armor:gambeson, GenericItemDefinitionSO:equipment-item:armor:hardened-leather-coat, GenericItemDefinitionSO:equipment-item:armor:iron-helmet, GenericItemDefinitionSO:equipment-item:armor:jack-of-plates, GenericItemDefinitionSO:equipment-item:armor:leather, GenericItemDefinitionSO:equipment-item:armor:mail-coif 외 42개","생성 또는 거래·재고 입고·운반·보관·장착 또는 소비와 하류 주문 기록","과잉 재고·운반·보관·수리 또는 사용 시점 지연이 압력이 된다","실제 비교 후보·교역·재활용·수리·배급 조정 중 원본 기능에 맞는 경로로 재고 압력을 줄인다","설계 확정; 질량·가격·스택·부패·효과 수치는 source authority와 밸런스 기준서에서 별도 검증 OPEN"
"equipment-item:weapon:powered-striking-gauntlet","동력 타격장갑","Weapon (무기)","[{""rid"":7737211866096074814},{""rid"":7737211866096074815},{""rid"":7737211866096074816}]","해당 없음: GenericItemDefinitionSO","7.2","578","게임 내 역할은 장비 제작과 장착, 생산망의 입력·출력, 연구에 따른 사용 시점 제한에 연결된다.","지정 전투·노동 역할에 장비를 배정하고 수리·보관을 감당해 다른 장비 계통을 늦춘다","비교 후보(대체 가능성 미검증): GenericItemDefinitionSO:equipment-item:armor:articulated-plate, GenericItemDefinitionSO:equipment-item:armor:blacksteel-carapace, GenericItemDefinitionSO:equipment-item:armor:blast-coat, GenericItemDefinitionSO:equipment-item:armor:breastplate, GenericItemDefinitionSO:equipment-item:armor:brigandine, GenericItemDefinitionSO:equipment-item:armor:closed-plate-helm, GenericItemDefinitionSO:equipment-item:armor:gambeson, GenericItemDefinitionSO:equipment-item:armor:hardened-leather-coat, GenericItemDefinitionSO:equipment-item:armor:iron-helmet, GenericItemDefinitionSO:equipment-item:armor:jack-of-plates, GenericItemDefinitionSO:equipment-item:armor:leather, GenericItemDefinitionSO:equipment-item:armor:mail-coif 외 42개","생성 또는 거래·재고 입고·운반·보관·장착 또는 소비와 하류 주문 기록","과잉 재고·운반·보관·수리 또는 사용 시점 지연이 압력이 된다","실제 비교 후보·교역·재활용·수리·배급 조정 중 원본 기능에 맞는 경로로 재고 압력을 줄인다","설계 확정; 질량·가격·스택·부패·효과 수치는 source authority와 밸런스 기준서에서 별도 검증 OPEN"
"equipment-item:weapon:repeating-crossbow","반복 석궁","Weapon (무기)","[{""rid"":7737211866096074835},{""rid"":7737211866096074836},{""rid"":7737211866096074837}]","해당 없음: GenericItemDefinitionSO","4.4","809","게임 내 역할은 장비 제작과 장착, 생산망의 입력·출력, 연구에 따른 사용 시점 제한에 연결된다.","지정 전투·노동 역할에 장비를 배정하고 수리·보관을 감당해 다른 장비 계통을 늦춘다","비교 후보(대체 가능성 미검증): GenericItemDefinitionSO:equipment-item:armor:articulated-plate, GenericItemDefinitionSO:equipment-item:armor:blacksteel-carapace, GenericItemDefinitionSO:equipment-item:armor:blast-coat, GenericItemDefinitionSO:equipment-item:armor:breastplate, GenericItemDefinitionSO:equipment-item:armor:brigandine, GenericItemDefinitionSO:equipment-item:armor:closed-plate-helm, GenericItemDefinitionSO:equipment-item:armor:gambeson, GenericItemDefinitionSO:equipment-item:armor:hardened-leather-coat, GenericItemDefinitionSO:equipment-item:armor:iron-helmet, GenericItemDefinitionSO:equipment-item:armor:jack-of-plates, GenericItemDefinitionSO:equipment-item:armor:leather, GenericItemDefinitionSO:equipment-item:armor:mail-coif 외 42개","생성 또는 거래·재고 입고·운반·보관·장착 또는 소비와 하류 주문 기록","과잉 재고·운반·보관·수리 또는 사용 시점 지연이 압력이 된다","실제 비교 후보·교역·재활용·수리·배급 조정 중 원본 기능에 맞는 경로로 재고 압력을 줄인다","설계 확정; 질량·가격·스택·부패·효과 수치는 source authority와 밸런스 기준서에서 별도 검증 OPEN"
"equipment-item:weapon:rune-blade","룬검","Weapon (무기)","[{""rid"":7737211673752633518},{""rid"":7737211673752633519},{""rid"":7737211673752633520}]","해당 없음: GenericItemDefinitionSO","2.2","1035","게임 내 역할은 장비 제작과 장착, 생산망의 입력·출력, 연구에 따른 사용 시점 제한에 연결된다.","지정 전투·노동 역할에 장비를 배정하고 수리·보관을 감당해 다른 장비 계통을 늦춘다","비교 후보(대체 가능성 미검증): GenericItemDefinitionSO:equipment-item:armor:articulated-plate, GenericItemDefinitionSO:equipment-item:armor:blacksteel-carapace, GenericItemDefinitionSO:equipment-item:armor:blast-coat, GenericItemDefinitionSO:equipment-item:armor:breastplate, GenericItemDefinitionSO:equipment-item:armor:brigandine, GenericItemDefinitionSO:equipment-item:armor:closed-plate-helm, GenericItemDefinitionSO:equipment-item:armor:gambeson, GenericItemDefinitionSO:equipment-item:armor:hardened-leather-coat, GenericItemDefinitionSO:equipment-item:armor:iron-helmet, GenericItemDefinitionSO:equipment-item:armor:jack-of-plates, GenericItemDefinitionSO:equipment-item:armor:leather, GenericItemDefinitionSO:equipment-item:armor:mail-coif 외 42개","생성 또는 거래·재고 입고·운반·보관·장착 또는 소비와 하류 주문 기록","과잉 재고·운반·보관·수리 또는 사용 시점 지연이 압력이 된다","실제 비교 후보·교역·재활용·수리·배급 조정 중 원본 기능에 맞는 경로로 재고 압력을 줄인다","설계 확정; 질량·가격·스택·부패·효과 수치는 source authority와 밸런스 기준서에서 별도 검증 OPEN"
"equipment-item:weapon:rune-bow","룬 활","Weapon (무기)","[{""rid"":7737211866096074841},{""rid"":7737211866096074842},{""rid"":7737211866096074843}]","해당 없음: GenericItemDefinitionSO","2.4","815","게임 내 역할은 장비 제작과 장착, 생산망의 입력·출력, 연구에 따른 사용 시점 제한에 연결된다.","지정 전투·노동 역할에 장비를 배정하고 수리·보관을 감당해 다른 장비 계통을 늦춘다","비교 후보(대체 가능성 미검증): GenericItemDefinitionSO:equipment-item:armor:articulated-plate, GenericItemDefinitionSO:equipment-item:armor:blacksteel-carapace, GenericItemDefinitionSO:equipment-item:armor:blast-coat, GenericItemDefinitionSO:equipment-item:armor:breastplate, GenericItemDefinitionSO:equipment-item:armor:brigandine, GenericItemDefinitionSO:equipment-item:armor:closed-plate-helm, GenericItemDefinitionSO:equipment-item:armor:gambeson, GenericItemDefinitionSO:equipment-item:armor:hardened-leather-coat, GenericItemDefinitionSO:equipment-item:armor:iron-helmet, GenericItemDefinitionSO:equipment-item:armor:jack-of-plates, GenericItemDefinitionSO:equipment-item:armor:leather, GenericItemDefinitionSO:equipment-item:armor:mail-coif 외 42개","생성 또는 거래·재고 입고·운반·보관·장착 또는 소비와 하류 주문 기록","과잉 재고·운반·보관·수리 또는 사용 시점 지연이 압력이 된다","실제 비교 후보·교역·재활용·수리·배급 조정 중 원본 기능에 맞는 경로로 재고 압력을 줄인다","설계 확정; 질량·가격·스택·부패·효과 수치는 source authority와 밸런스 기준서에서 별도 검증 OPEN"
"equipment-item:weapon:shortbow","단궁","Weapon (무기)","[{""rid"":7737211673752633550},{""rid"":7737211673752633551},{""rid"":7737211673752633552}]","해당 없음: GenericItemDefinitionSO","1.4","122","게임 내 역할은 장비 제작과 장착, 생산망의 입력·출력, 연구에 따른 사용 시점 제한에 연결된다.","지정 전투·노동 역할에 장비를 배정하고 수리·보관을 감당해 다른 장비 계통을 늦춘다","비교 후보(대체 가능성 미검증): GenericItemDefinitionSO:equipment-item:armor:articulated-plate, GenericItemDefinitionSO:equipment-item:armor:blacksteel-carapace, GenericItemDefinitionSO:equipment-item:armor:blast-coat, GenericItemDefinitionSO:equipment-item:armor:breastplate, GenericItemDefinitionSO:equipment-item:armor:brigandine, GenericItemDefinitionSO:equipment-item:armor:closed-plate-helm, GenericItemDefinitionSO:equipment-item:armor:gambeson, GenericItemDefinitionSO:equipment-item:armor:hardened-leather-coat, GenericItemDefinitionSO:equipment-item:armor:iron-helmet, GenericItemDefinitionSO:equipment-item:armor:jack-of-plates, GenericItemDefinitionSO:equipment-item:armor:leather, GenericItemDefinitionSO:equipment-item:armor:mail-coif 외 42개","생성 또는 거래·재고 입고·운반·보관·장착 또는 소비와 하류 주문 기록","과잉 재고·운반·보관·수리 또는 사용 시점 지연이 압력이 된다","실제 비교 후보·교역·재활용·수리·배급 조정 중 원본 기능에 맞는 경로로 재고 압력을 줄인다","설계 확정; 질량·가격·스택·부패·효과 수치는 source authority와 밸런스 기준서에서 별도 검증 OPEN"
"equipment-item:weapon:shotgun","산탄총","Weapon (무기)","[{""rid"":7737211866096074820},{""rid"":7737211866096074821},{""rid"":7737211866096074822}]","해당 없음: GenericItemDefinitionSO","6.1","691","게임 내 역할은 장비 제작과 장착, 생산망의 입력·출력, 연구에 따른 사용 시점 제한에 연결된다.","지정 전투·노동 역할에 장비를 배정하고 수리·보관을 감당해 다른 장비 계통을 늦춘다","비교 후보(대체 가능성 미검증): GenericItemDefinitionSO:equipment-item:armor:articulated-plate, GenericItemDefinitionSO:equipment-item:armor:blacksteel-carapace, GenericItemDefinitionSO:equipment-item:armor:blast-coat, GenericItemDefinitionSO:equipment-item:armor:breastplate, GenericItemDefinitionSO:equipment-item:armor:brigandine, GenericItemDefinitionSO:equipment-item:armor:closed-plate-helm, GenericItemDefinitionSO:equipment-item:armor:gambeson, GenericItemDefinitionSO:equipment-item:armor:hardened-leather-coat, GenericItemDefinitionSO:equipment-item:armor:iron-helmet, GenericItemDefinitionSO:equipment-item:armor:jack-of-plates, GenericItemDefinitionSO:equipment-item:armor:leather, GenericItemDefinitionSO:equipment-item:armor:mail-coif 외 42개","생성 또는 거래·재고 입고·운반·보관·장착 또는 소비와 하류 주문 기록","과잉 재고·운반·보관·수리 또는 사용 시점 지연이 압력이 된다","실제 비교 후보·교역·재활용·수리·배급 조정 중 원본 기능에 맞는 경로로 재고 압력을 줄인다","설계 확정; 질량·가격·스택·부패·효과 수치는 source authority와 밸런스 기준서에서 별도 검증 OPEN"
"equipment-item:weapon:siege-arbalest","공성 쇠뇌","Weapon (무기)","[{""rid"":7737211673752633614},{""rid"":7737211673752633615},{""rid"":7737211673752633616}]","해당 없음: GenericItemDefinitionSO","8.5","1033","게임 내 역할은 장비 제작과 장착, 생산망의 입력·출력, 연구에 따른 사용 시점 제한에 연결된다.","지정 전투·노동 역할에 장비를 배정하고 수리·보관을 감당해 다른 장비 계통을 늦춘다","비교 후보(대체 가능성 미검증): GenericItemDefinitionSO:equipment-item:armor:articulated-plate, GenericItemDefinitionSO:equipment-item:armor:blacksteel-carapace, GenericItemDefinitionSO:equipment-item:armor:blast-coat, GenericItemDefinitionSO:equipment-item:armor:breastplate, GenericItemDefinitionSO:equipment-item:armor:brigandine, GenericItemDefinitionSO:equipment-item:armor:closed-plate-helm, GenericItemDefinitionSO:equipment-item:armor:gambeson, GenericItemDefinitionSO:equipment-item:armor:hardened-leather-coat, GenericItemDefinitionSO:equipment-item:armor:iron-helmet, GenericItemDefinitionSO:equipment-item:armor:jack-of-plates, GenericItemDefinitionSO:equipment-item:armor:leather, GenericItemDefinitionSO:equipment-item:armor:mail-coif 외 42개","생성 또는 거래·재고 입고·운반·보관·장착 또는 소비와 하류 주문 기록","과잉 재고·운반·보관·수리 또는 사용 시점 지연이 압력이 된다","실제 비교 후보·교역·재활용·수리·배급 조정 중 원본 기능에 맞는 경로로 재고 압력을 줄인다","설계 확정; 질량·가격·스택·부패·효과 수치는 source authority와 밸런스 기준서에서 별도 검증 OPEN"
"equipment-item:weapon:sniper-arquebus","저격 아쿼버스","Weapon (무기)","[{""rid"":7737211866096074847},{""rid"":7737211866096074848},{""rid"":7737211866096074849}]","해당 없음: GenericItemDefinitionSO","6.8","1162","게임 내 역할은 장비 제작과 장착, 생산망의 입력·출력, 연구에 따른 사용 시점 제한에 연결된다.","지정 전투·노동 역할에 장비를 배정하고 수리·보관을 감당해 다른 장비 계통을 늦춘다","비교 후보(대체 가능성 미검증): GenericItemDefinitionSO:equipment-item:armor:articulated-plate, GenericItemDefinitionSO:equipment-item:armor:blacksteel-carapace, GenericItemDefinitionSO:equipment-item:armor:blast-coat, GenericItemDefinitionSO:equipment-item:armor:breastplate, GenericItemDefinitionSO:equipment-item:armor:brigandine, GenericItemDefinitionSO:equipment-item:armor:closed-plate-helm, GenericItemDefinitionSO:equipment-item:armor:gambeson, GenericItemDefinitionSO:equipment-item:armor:hardened-leather-coat, GenericItemDefinitionSO:equipment-item:armor:iron-helmet, GenericItemDefinitionSO:equipment-item:armor:jack-of-plates, GenericItemDefinitionSO:equipment-item:armor:leather, GenericItemDefinitionSO:equipment-item:armor:mail-coif 외 42개","생성 또는 거래·재고 입고·운반·보관·장착 또는 소비와 하류 주문 기록","과잉 재고·운반·보관·수리 또는 사용 시점 지연이 압력이 된다","실제 비교 후보·교역·재활용·수리·배급 조정 중 원본 기능에 맞는 경로로 재고 압력을 줄인다","설계 확정; 질량·가격·스택·부패·효과 수치는 source authority와 밸런스 기준서에서 별도 검증 OPEN"
"equipment-item:weapon:spear","창","Weapon (무기)","[{""rid"":7737211673752633539},{""rid"":7737211673752633540}]","해당 없음: GenericItemDefinitionSO","2.4","74","게임 내 역할은 장비 제작과 장착, 생산망의 입력·출력에 연결된다.","지정 전투·노동 역할에 장비를 배정하고 수리·보관을 감당해 다른 장비 계통을 늦춘다","비교 후보(대체 가능성 미검증): GenericItemDefinitionSO:equipment-item:armor:cloth-hood, GenericItemDefinitionSO:equipment-item:armor:leather-cap, GenericItemDefinitionSO:equipment-item:shield:wood, GenericItemDefinitionSO:equipment-item:weapon:dagger, GenericItemDefinitionSO:equipment-item:weapon:javelin","생성 또는 거래·재고 입고·운반·보관·장착 또는 소비와 하류 주문 기록","과잉 재고·운반·보관·수리 또는 사용 시점 지연이 압력이 된다","실제 비교 후보·교역·재활용·수리·배급 조정 중 원본 기능에 맞는 경로로 재고 압력을 줄인다","설계 확정; 질량·가격·스택·부패·효과 수치는 source authority와 밸런스 기준서에서 별도 검증 OPEN"
"equipment-item:weapon:throwing-axe","투척도끼","Weapon (무기)","[{""rid"":7737211673752633464},{""rid"":7737211673752633465},{""rid"":7737211673752633466}]","해당 없음: GenericItemDefinitionSO","1.4","95","게임 내 역할은 장비 제작과 장착, 생산망의 입력·출력, 연구에 따른 사용 시점 제한에 연결된다.","지정 전투·노동 역할에 장비를 배정하고 수리·보관을 감당해 다른 장비 계통을 늦춘다","비교 후보(대체 가능성 미검증): GenericItemDefinitionSO:equipment-item:armor:articulated-plate, GenericItemDefinitionSO:equipment-item:armor:blacksteel-carapace, GenericItemDefinitionSO:equipment-item:armor:blast-coat, GenericItemDefinitionSO:equipment-item:armor:breastplate, GenericItemDefinitionSO:equipment-item:armor:brigandine, GenericItemDefinitionSO:equipment-item:armor:closed-plate-helm, GenericItemDefinitionSO:equipment-item:armor:gambeson, GenericItemDefinitionSO:equipment-item:armor:hardened-leather-coat, GenericItemDefinitionSO:equipment-item:armor:iron-helmet, GenericItemDefinitionSO:equipment-item:armor:jack-of-plates, GenericItemDefinitionSO:equipment-item:armor:leather, GenericItemDefinitionSO:equipment-item:armor:mail-coif 외 42개","생성 또는 거래·재고 입고·운반·보관·장착 또는 소비와 하류 주문 기록","과잉 재고·운반·보관·수리 또는 사용 시점 지연이 압력이 된다","실제 비교 후보·교역·재활용·수리·배급 조정 중 원본 기능에 맞는 경로로 재고 압력을 줄인다","설계 확정; 질량·가격·스택·부패·효과 수치는 source authority와 밸런스 기준서에서 별도 검증 OPEN"
"equipment-item:weapon:warhammer","전투망치","Weapon (무기)","[{""rid"":7737211673752633590},{""rid"":7737211673752633591},{""rid"":7737211673752633592}]","해당 없음: GenericItemDefinitionSO","3.1","143","게임 내 역할은 장비 제작과 장착, 생산망의 입력·출력, 연구에 따른 사용 시점 제한에 연결된다.","지정 전투·노동 역할에 장비를 배정하고 수리·보관을 감당해 다른 장비 계통을 늦춘다","비교 후보(대체 가능성 미검증): GenericItemDefinitionSO:equipment-item:armor:articulated-plate, GenericItemDefinitionSO:equipment-item:armor:blacksteel-carapace, GenericItemDefinitionSO:equipment-item:armor:blast-coat, GenericItemDefinitionSO:equipment-item:armor:breastplate, GenericItemDefinitionSO:equipment-item:armor:brigandine, GenericItemDefinitionSO:equipment-item:armor:closed-plate-helm, GenericItemDefinitionSO:equipment-item:armor:gambeson, GenericItemDefinitionSO:equipment-item:armor:hardened-leather-coat, GenericItemDefinitionSO:equipment-item:armor:iron-helmet, GenericItemDefinitionSO:equipment-item:armor:jack-of-plates, GenericItemDefinitionSO:equipment-item:armor:leather, GenericItemDefinitionSO:equipment-item:armor:mail-coif 외 42개","생성 또는 거래·재고 입고·운반·보관·장착 또는 소비와 하류 주문 기록","과잉 재고·운반·보관·수리 또는 사용 시점 지연이 압력이 된다","실제 비교 후보·교역·재활용·수리·배급 조정 중 원본 기능에 맞는 경로로 재고 압력을 줄인다","설계 확정; 질량·가격·스택·부패·효과 수치는 source authority와 밸런스 기준서에서 별도 검증 OPEN"
"equipment-item:weapon:windlass-crossbow","권양 석궁","Weapon (무기)","[{""rid"":7737211673752633442},{""rid"":7737211673752633443},{""rid"":7737211673752633444}]","해당 없음: GenericItemDefinitionSO","5.2","779","게임 내 역할은 장비 제작과 장착, 생산망의 입력·출력, 연구에 따른 사용 시점 제한에 연결된다.","지정 전투·노동 역할에 장비를 배정하고 수리·보관을 감당해 다른 장비 계통을 늦춘다","비교 후보(대체 가능성 미검증): GenericItemDefinitionSO:equipment-item:armor:articulated-plate, GenericItemDefinitionSO:equipment-item:armor:blacksteel-carapace, GenericItemDefinitionSO:equipment-item:armor:blast-coat, GenericItemDefinitionSO:equipment-item:armor:breastplate, GenericItemDefinitionSO:equipment-item:armor:brigandine, GenericItemDefinitionSO:equipment-item:armor:closed-plate-helm, GenericItemDefinitionSO:equipment-item:armor:gambeson, GenericItemDefinitionSO:equipment-item:armor:hardened-leather-coat, GenericItemDefinitionSO:equipment-item:armor:iron-helmet, GenericItemDefinitionSO:equipment-item:armor:jack-of-plates, GenericItemDefinitionSO:equipment-item:armor:leather, GenericItemDefinitionSO:equipment-item:armor:mail-coif 외 42개","생성 또는 거래·재고 입고·운반·보관·장착 또는 소비와 하류 주문 기록","과잉 재고·운반·보관·수리 또는 사용 시점 지연이 압력이 된다","실제 비교 후보·교역·재활용·수리·배급 조정 중 원본 기능에 맞는 경로로 재고 압력을 줄인다","설계 확정; 질량·가격·스택·부패·효과 수치는 source authority와 밸런스 기준서에서 별도 검증 OPEN"
"evolution:catalyst:arcane:1","비전 촉매 진행 1 · 1등급","General (일반)","[{""rid"":7737211921623154737},{""rid"":7737211921623154738}]","해당 없음: GenericItemDefinitionSO","0.25","120","게임 내 역할은 시설 진화 촉매, 생산망의 입력·출력에 연결된다.","이 물자의 원본 기능을 위해 보관·운반·소비·거래 중 한 경로에 재고를 배정해 다른 사용처를 늦춘다","비교 후보(대체 가능성 미검증): GenericItemDefinitionSO:evolution:catalyst:arcane:10, GenericItemDefinitionSO:evolution:catalyst:arcane:11, GenericItemDefinitionSO:evolution:catalyst:arcane:12, GenericItemDefinitionSO:evolution:catalyst:arcane:13, GenericItemDefinitionSO:evolution:catalyst:arcane:14, GenericItemDefinitionSO:evolution:catalyst:arcane:15, GenericItemDefinitionSO:evolution:catalyst:arcane:16, GenericItemDefinitionSO:evolution:catalyst:arcane:17, GenericItemDefinitionSO:evolution:catalyst:arcane:18, GenericItemDefinitionSO:evolution:catalyst:arcane:19, GenericItemDefinitionSO:evolution:catalyst:arcane:2, GenericItemDefinitionSO:evolution:catalyst:arcane:20 외 155개","생성 또는 거래·재고 입고·운반·보관·장착 또는 소비와 하류 주문 기록","과잉 재고·운반·보관·수리 또는 사용 시점 지연이 압력이 된다","실제 비교 후보·교역·재활용·수리·배급 조정 중 원본 기능에 맞는 경로로 재고 압력을 줄인다","설계 확정; 질량·가격·스택·부패·효과 수치는 source authority와 밸런스 기준서에서 별도 검증 OPEN"
"evolution:catalyst:arcane:10","비전 촉매 진행 10 · 3등급","General (일반)","[{""rid"":7737211921623154739},{""rid"":7737211921623154740}]","해당 없음: GenericItemDefinitionSO","0.25","61440","게임 내 역할은 시설 진화 촉매, 생산망의 입력·출력에 연결된다.","이 물자의 원본 기능을 위해 보관·운반·소비·거래 중 한 경로에 재고를 배정해 다른 사용처를 늦춘다","비교 후보(대체 가능성 미검증): GenericItemDefinitionSO:evolution:catalyst:arcane:1, GenericItemDefinitionSO:evolution:catalyst:arcane:11, GenericItemDefinitionSO:evolution:catalyst:arcane:12, GenericItemDefinitionSO:evolution:catalyst:arcane:13, GenericItemDefinitionSO:evolution:catalyst:arcane:14, GenericItemDefinitionSO:evolution:catalyst:arcane:15, GenericItemDefinitionSO:evolution:catalyst:arcane:16, GenericItemDefinitionSO:evolution:catalyst:arcane:17, GenericItemDefinitionSO:evolution:catalyst:arcane:18, GenericItemDefinitionSO:evolution:catalyst:arcane:19, GenericItemDefinitionSO:evolution:catalyst:arcane:2, GenericItemDefinitionSO:evolution:catalyst:arcane:20 외 155개","생성 또는 거래·재고 입고·운반·보관·장착 또는 소비와 하류 주문 기록","과잉 재고·운반·보관·수리 또는 사용 시점 지연이 압력이 된다","실제 비교 후보·교역·재활용·수리·배급 조정 중 원본 기능에 맞는 경로로 재고 압력을 줄인다","설계 확정; 질량·가격·스택·부패·효과 수치는 source authority와 밸런스 기준서에서 별도 검증 OPEN"
"evolution:catalyst:arcane:11","비전 촉매 진행 11 · 3등급","General (일반)","[{""rid"":7737211921623154741},{""rid"":7737211921623154742}]","해당 없음: GenericItemDefinitionSO","0.25","122880","게임 내 역할은 시설 진화 촉매, 생산망의 입력·출력에 연결된다.","이 물자의 원본 기능을 위해 보관·운반·소비·거래 중 한 경로에 재고를 배정해 다른 사용처를 늦춘다","비교 후보(대체 가능성 미검증): GenericItemDefinitionSO:evolution:catalyst:arcane:1, GenericItemDefinitionSO:evolution:catalyst:arcane:10, GenericItemDefinitionSO:evolution:catalyst:arcane:12, GenericItemDefinitionSO:evolution:catalyst:arcane:13, GenericItemDefinitionSO:evolution:catalyst:arcane:14, GenericItemDefinitionSO:evolution:catalyst:arcane:15, GenericItemDefinitionSO:evolution:catalyst:arcane:16, GenericItemDefinitionSO:evolution:catalyst:arcane:17, GenericItemDefinitionSO:evolution:catalyst:arcane:18, GenericItemDefinitionSO:evolution:catalyst:arcane:19, GenericItemDefinitionSO:evolution:catalyst:arcane:2, GenericItemDefinitionSO:evolution:catalyst:arcane:20 외 155개","생성 또는 거래·재고 입고·운반·보관·장착 또는 소비와 하류 주문 기록","과잉 재고·운반·보관·수리 또는 사용 시점 지연이 압력이 된다","실제 비교 후보·교역·재활용·수리·배급 조정 중 원본 기능에 맞는 경로로 재고 압력을 줄인다","설계 확정; 질량·가격·스택·부패·효과 수치는 source authority와 밸런스 기준서에서 별도 검증 OPEN"
"evolution:catalyst:arcane:12","비전 촉매 진행 12 · 3등급","General (일반)","[{""rid"":7737211921623154743},{""rid"":7737211921623154744}]","해당 없음: GenericItemDefinitionSO","0.25","245760","게임 내 역할은 시설 진화 촉매, 생산망의 입력·출력에 연결된다.","이 물자의 원본 기능을 위해 보관·운반·소비·거래 중 한 경로에 재고를 배정해 다른 사용처를 늦춘다","비교 후보(대체 가능성 미검증): GenericItemDefinitionSO:evolution:catalyst:arcane:1, GenericItemDefinitionSO:evolution:catalyst:arcane:10, GenericItemDefinitionSO:evolution:catalyst:arcane:11, GenericItemDefinitionSO:evolution:catalyst:arcane:13, GenericItemDefinitionSO:evolution:catalyst:arcane:14, GenericItemDefinitionSO:evolution:catalyst:arcane:15, GenericItemDefinitionSO:evolution:catalyst:arcane:16, GenericItemDefinitionSO:evolution:catalyst:arcane:17, GenericItemDefinitionSO:evolution:catalyst:arcane:18, GenericItemDefinitionSO:evolution:catalyst:arcane:19, GenericItemDefinitionSO:evolution:catalyst:arcane:2, GenericItemDefinitionSO:evolution:catalyst:arcane:20 외 155개","생성 또는 거래·재고 입고·운반·보관·장착 또는 소비와 하류 주문 기록","과잉 재고·운반·보관·수리 또는 사용 시점 지연이 압력이 된다","실제 비교 후보·교역·재활용·수리·배급 조정 중 원본 기능에 맞는 경로로 재고 압력을 줄인다","설계 확정; 질량·가격·스택·부패·효과 수치는 source authority와 밸런스 기준서에서 별도 검증 OPEN"
"evolution:catalyst:arcane:13","비전 촉매 진행 13 · 3등급","General (일반)","[{""rid"":7737211921623154745},{""rid"":7737211921623154746}]","해당 없음: GenericItemDefinitionSO","0.25","491520","게임 내 역할은 시설 진화 촉매, 생산망의 입력·출력에 연결된다.","이 물자의 원본 기능을 위해 보관·운반·소비·거래 중 한 경로에 재고를 배정해 다른 사용처를 늦춘다","비교 후보(대체 가능성 미검증): GenericItemDefinitionSO:evolution:catalyst:arcane:1, GenericItemDefinitionSO:evolution:catalyst:arcane:10, GenericItemDefinitionSO:evolution:catalyst:arcane:11, GenericItemDefinitionSO:evolution:catalyst:arcane:12, GenericItemDefinitionSO:evolution:catalyst:arcane:14, GenericItemDefinitionSO:evolution:catalyst:arcane:15, GenericItemDefinitionSO:evolution:catalyst:arcane:16, GenericItemDefinitionSO:evolution:catalyst:arcane:17, GenericItemDefinitionSO:evolution:catalyst:arcane:18, GenericItemDefinitionSO:evolution:catalyst:arcane:19, GenericItemDefinitionSO:evolution:catalyst:arcane:2, GenericItemDefinitionSO:evolution:catalyst:arcane:20 외 155개","생성 또는 거래·재고 입고·운반·보관·장착 또는 소비와 하류 주문 기록","과잉 재고·운반·보관·수리 또는 사용 시점 지연이 압력이 된다","실제 비교 후보·교역·재활용·수리·배급 조정 중 원본 기능에 맞는 경로로 재고 압력을 줄인다","설계 확정; 질량·가격·스택·부패·효과 수치는 source authority와 밸런스 기준서에서 별도 검증 OPEN"
"evolution:catalyst:arcane:14","비전 촉매 진행 14 · 4등급","General (일반)","[{""rid"":7737211921623154747},{""rid"":7737211921623154748}]","해당 없음: GenericItemDefinitionSO","0.25","983040","게임 내 역할은 시설 진화 촉매, 생산망의 입력·출력에 연결된다.","이 물자의 원본 기능을 위해 보관·운반·소비·거래 중 한 경로에 재고를 배정해 다른 사용처를 늦춘다","비교 후보(대체 가능성 미검증): GenericItemDefinitionSO:evolution:catalyst:arcane:1, GenericItemDefinitionSO:evolution:catalyst:arcane:10, GenericItemDefinitionSO:evolution:catalyst:arcane:11, GenericItemDefinitionSO:evolution:catalyst:arcane:12, GenericItemDefinitionSO:evolution:catalyst:arcane:13, GenericItemDefinitionSO:evolution:catalyst:arcane:15, GenericItemDefinitionSO:evolution:catalyst:arcane:16, GenericItemDefinitionSO:evolution:catalyst:arcane:17, GenericItemDefinitionSO:evolution:catalyst:arcane:18, GenericItemDefinitionSO:evolution:catalyst:arcane:19, GenericItemDefinitionSO:evolution:catalyst:arcane:2, GenericItemDefinitionSO:evolution:catalyst:arcane:20 외 155개","생성 또는 거래·재고 입고·운반·보관·장착 또는 소비와 하류 주문 기록","과잉 재고·운반·보관·수리 또는 사용 시점 지연이 압력이 된다","실제 비교 후보·교역·재활용·수리·배급 조정 중 원본 기능에 맞는 경로로 재고 압력을 줄인다","설계 확정; 질량·가격·스택·부패·효과 수치는 source authority와 밸런스 기준서에서 별도 검증 OPEN"
"evolution:catalyst:arcane:15","비전 촉매 진행 15 · 4등급","General (일반)","[{""rid"":7737211921623154749},{""rid"":7737211921623154750}]","해당 없음: GenericItemDefinitionSO","0.25","1966080","게임 내 역할은 시설 진화 촉매, 생산망의 입력·출력에 연결된다.","이 물자의 원본 기능을 위해 보관·운반·소비·거래 중 한 경로에 재고를 배정해 다른 사용처를 늦춘다","비교 후보(대체 가능성 미검증): GenericItemDefinitionSO:evolution:catalyst:arcane:1, GenericItemDefinitionSO:evolution:catalyst:arcane:10, GenericItemDefinitionSO:evolution:catalyst:arcane:11, GenericItemDefinitionSO:evolution:catalyst:arcane:12, GenericItemDefinitionSO:evolution:catalyst:arcane:13, GenericItemDefinitionSO:evolution:catalyst:arcane:14, GenericItemDefinitionSO:evolution:catalyst:arcane:16, GenericItemDefinitionSO:evolution:catalyst:arcane:17, GenericItemDefinitionSO:evolution:catalyst:arcane:18, GenericItemDefinitionSO:evolution:catalyst:arcane:19, GenericItemDefinitionSO:evolution:catalyst:arcane:2, GenericItemDefinitionSO:evolution:catalyst:arcane:20 외 155개","생성 또는 거래·재고 입고·운반·보관·장착 또는 소비와 하류 주문 기록","과잉 재고·운반·보관·수리 또는 사용 시점 지연이 압력이 된다","실제 비교 후보·교역·재활용·수리·배급 조정 중 원본 기능에 맞는 경로로 재고 압력을 줄인다","설계 확정; 질량·가격·스택·부패·효과 수치는 source authority와 밸런스 기준서에서 별도 검증 OPEN"
"evolution:catalyst:arcane:16","비전 촉매 진행 16 · 4등급","General (일반)","[{""rid"":7737211921623154751},{""rid"":7737211921623154752}]","해당 없음: GenericItemDefinitionSO","0.25","3932160","게임 내 역할은 시설 진화 촉매, 생산망의 입력·출력에 연결된다.","이 물자의 원본 기능을 위해 보관·운반·소비·거래 중 한 경로에 재고를 배정해 다른 사용처를 늦춘다","비교 후보(대체 가능성 미검증): GenericItemDefinitionSO:evolution:catalyst:arcane:1, GenericItemDefinitionSO:evolution:catalyst:arcane:10, GenericItemDefinitionSO:evolution:catalyst:arcane:11, GenericItemDefinitionSO:evolution:catalyst:arcane:12, GenericItemDefinitionSO:evolution:catalyst:arcane:13, GenericItemDefinitionSO:evolution:catalyst:arcane:14, GenericItemDefinitionSO:evolution:catalyst:arcane:15, GenericItemDefinitionSO:evolution:catalyst:arcane:17, GenericItemDefinitionSO:evolution:catalyst:arcane:18, GenericItemDefinitionSO:evolution:catalyst:arcane:19, GenericItemDefinitionSO:evolution:catalyst:arcane:2, GenericItemDefinitionSO:evolution:catalyst:arcane:20 외 155개","생성 또는 거래·재고 입고·운반·보관·장착 또는 소비와 하류 주문 기록","과잉 재고·운반·보관·수리 또는 사용 시점 지연이 압력이 된다","실제 비교 후보·교역·재활용·수리·배급 조정 중 원본 기능에 맞는 경로로 재고 압력을 줄인다","설계 확정; 질량·가격·스택·부패·효과 수치는 source authority와 밸런스 기준서에서 별도 검증 OPEN"
"evolution:catalyst:arcane:17","비전 촉매 진행 17 · 4등급","General (일반)","[{""rid"":7737211921623154753},{""rid"":7737211921623154754}]","해당 없음: GenericItemDefinitionSO","0.25","7864320","게임 내 역할은 시설 진화 촉매, 생산망의 입력·출력에 연결된다.","이 물자의 원본 기능을 위해 보관·운반·소비·거래 중 한 경로에 재고를 배정해 다른 사용처를 늦춘다","비교 후보(대체 가능성 미검증): GenericItemDefinitionSO:evolution:catalyst:arcane:1, GenericItemDefinitionSO:evolution:catalyst:arcane:10, GenericItemDefinitionSO:evolution:catalyst:arcane:11, GenericItemDefinitionSO:evolution:catalyst:arcane:12, GenericItemDefinitionSO:evolution:catalyst:arcane:13, GenericItemDefinitionSO:evolution:catalyst:arcane:14, GenericItemDefinitionSO:evolution:catalyst:arcane:15, GenericItemDefinitionSO:evolution:catalyst:arcane:16, GenericItemDefinitionSO:evolution:catalyst:arcane:18, GenericItemDefinitionSO:evolution:catalyst:arcane:19, GenericItemDefinitionSO:evolution:catalyst:arcane:2, GenericItemDefinitionSO:evolution:catalyst:arcane:20 외 155개","생성 또는 거래·재고 입고·운반·보관·장착 또는 소비와 하류 주문 기록","과잉 재고·운반·보관·수리 또는 사용 시점 지연이 압력이 된다","실제 비교 후보·교역·재활용·수리·배급 조정 중 원본 기능에 맞는 경로로 재고 압력을 줄인다","설계 확정; 질량·가격·스택·부패·효과 수치는 source authority와 밸런스 기준서에서 별도 검증 OPEN"
"evolution:catalyst:arcane:18","비전 촉매 진행 18 · 5등급","General (일반)","[{""rid"":7737211921623154755},{""rid"":7737211921623154756}]","해당 없음: GenericItemDefinitionSO","0.25","15728640","게임 내 역할은 시설 진화 촉매, 생산망의 입력·출력에 연결된다.","이 물자의 원본 기능을 위해 보관·운반·소비·거래 중 한 경로에 재고를 배정해 다른 사용처를 늦춘다","비교 후보(대체 가능성 미검증): GenericItemDefinitionSO:evolution:catalyst:arcane:1, GenericItemDefinitionSO:evolution:catalyst:arcane:10, GenericItemDefinitionSO:evolution:catalyst:arcane:11, GenericItemDefinitionSO:evolution:catalyst:arcane:12, GenericItemDefinitionSO:evolution:catalyst:arcane:13, GenericItemDefinitionSO:evolution:catalyst:arcane:14, GenericItemDefinitionSO:evolution:catalyst:arcane:15, GenericItemDefinitionSO:evolution:catalyst:arcane:16, GenericItemDefinitionSO:evolution:catalyst:arcane:17, GenericItemDefinitionSO:evolution:catalyst:arcane:19, GenericItemDefinitionSO:evolution:catalyst:arcane:2, GenericItemDefinitionSO:evolution:catalyst:arcane:20 외 155개","생성 또는 거래·재고 입고·운반·보관·장착 또는 소비와 하류 주문 기록","과잉 재고·운반·보관·수리 또는 사용 시점 지연이 압력이 된다","실제 비교 후보·교역·재활용·수리·배급 조정 중 원본 기능에 맞는 경로로 재고 압력을 줄인다","설계 확정; 질량·가격·스택·부패·효과 수치는 source authority와 밸런스 기준서에서 별도 검증 OPEN"
"evolution:catalyst:arcane:19","비전 촉매 진행 19 · 5등급","General (일반)","[{""rid"":7737211921623154757},{""rid"":7737211921623154758}]","해당 없음: GenericItemDefinitionSO","0.25","31457280","게임 내 역할은 시설 진화 촉매, 생산망의 입력·출력에 연결된다.","이 물자의 원본 기능을 위해 보관·운반·소비·거래 중 한 경로에 재고를 배정해 다른 사용처를 늦춘다","비교 후보(대체 가능성 미검증): GenericItemDefinitionSO:evolution:catalyst:arcane:1, GenericItemDefinitionSO:evolution:catalyst:arcane:10, GenericItemDefinitionSO:evolution:catalyst:arcane:11, GenericItemDefinitionSO:evolution:catalyst:arcane:12, GenericItemDefinitionSO:evolution:catalyst:arcane:13, GenericItemDefinitionSO:evolution:catalyst:arcane:14, GenericItemDefinitionSO:evolution:catalyst:arcane:15, GenericItemDefinitionSO:evolution:catalyst:arcane:16, GenericItemDefinitionSO:evolution:catalyst:arcane:17, GenericItemDefinitionSO:evolution:catalyst:arcane:18, GenericItemDefinitionSO:evolution:catalyst:arcane:2, GenericItemDefinitionSO:evolution:catalyst:arcane:20 외 155개","생성 또는 거래·재고 입고·운반·보관·장착 또는 소비와 하류 주문 기록","과잉 재고·운반·보관·수리 또는 사용 시점 지연이 압력이 된다","실제 비교 후보·교역·재활용·수리·배급 조정 중 원본 기능에 맞는 경로로 재고 압력을 줄인다","설계 확정; 질량·가격·스택·부패·효과 수치는 source authority와 밸런스 기준서에서 별도 검증 OPEN"
"evolution:catalyst:arcane:2","비전 촉매 진행 2 · 1등급","General (일반)","[{""rid"":7737211921623154759},{""rid"":7737211921623154760}]","해당 없음: GenericItemDefinitionSO","0.25","240","게임 내 역할은 시설 진화 촉매, 생산망의 입력·출력에 연결된다.","이 물자의 원본 기능을 위해 보관·운반·소비·거래 중 한 경로에 재고를 배정해 다른 사용처를 늦춘다","비교 후보(대체 가능성 미검증): GenericItemDefinitionSO:evolution:catalyst:arcane:1, GenericItemDefinitionSO:evolution:catalyst:arcane:10, GenericItemDefinitionSO:evolution:catalyst:arcane:11, GenericItemDefinitionSO:evolution:catalyst:arcane:12, GenericItemDefinitionSO:evolution:catalyst:arcane:13, GenericItemDefinitionSO:evolution:catalyst:arcane:14, GenericItemDefinitionSO:evolution:catalyst:arcane:15, GenericItemDefinitionSO:evolution:catalyst:arcane:16, GenericItemDefinitionSO:evolution:catalyst:arcane:17, GenericItemDefinitionSO:evolution:catalyst:arcane:18, GenericItemDefinitionSO:evolution:catalyst:arcane:19, GenericItemDefinitionSO:evolution:catalyst:arcane:20 외 155개","생성 또는 거래·재고 입고·운반·보관·장착 또는 소비와 하류 주문 기록","과잉 재고·운반·보관·수리 또는 사용 시점 지연이 압력이 된다","실제 비교 후보·교역·재활용·수리·배급 조정 중 원본 기능에 맞는 경로로 재고 압력을 줄인다","설계 확정; 질량·가격·스택·부패·효과 수치는 source authority와 밸런스 기준서에서 별도 검증 OPEN"
"evolution:catalyst:arcane:20","비전 촉매 진행 20 · 5등급","General (일반)","[{""rid"":7737211921623154761},{""rid"":7737211921623154762}]","해당 없음: GenericItemDefinitionSO","0.25","62914560","게임 내 역할은 시설 진화 촉매, 생산망의 입력·출력에 연결된다.","이 물자의 원본 기능을 위해 보관·운반·소비·거래 중 한 경로에 재고를 배정해 다른 사용처를 늦춘다","비교 후보(대체 가능성 미검증): GenericItemDefinitionSO:evolution:catalyst:arcane:1, GenericItemDefinitionSO:evolution:catalyst:arcane:10, GenericItemDefinitionSO:evolution:catalyst:arcane:11, GenericItemDefinitionSO:evolution:catalyst:arcane:12, GenericItemDefinitionSO:evolution:catalyst:arcane:13, GenericItemDefinitionSO:evolution:catalyst:arcane:14, GenericItemDefinitionSO:evolution:catalyst:arcane:15, GenericItemDefinitionSO:evolution:catalyst:arcane:16, GenericItemDefinitionSO:evolution:catalyst:arcane:17, GenericItemDefinitionSO:evolution:catalyst:arcane:18, GenericItemDefinitionSO:evolution:catalyst:arcane:19, GenericItemDefinitionSO:evolution:catalyst:arcane:2 외 155개","생성 또는 거래·재고 입고·운반·보관·장착 또는 소비와 하류 주문 기록","과잉 재고·운반·보관·수리 또는 사용 시점 지연이 압력이 된다","실제 비교 후보·교역·재활용·수리·배급 조정 중 원본 기능에 맞는 경로로 재고 압력을 줄인다","설계 확정; 질량·가격·스택·부패·효과 수치는 source authority와 밸런스 기준서에서 별도 검증 OPEN"
"evolution:catalyst:arcane:21","비전 촉매 진행 21 · 5등급","General (일반)","[{""rid"":7737211921623154763},{""rid"":7737211921623154764}]","해당 없음: GenericItemDefinitionSO","0.25","125829120","게임 내 역할은 시설 진화 촉매, 생산망의 입력·출력에 연결된다.","이 물자의 원본 기능을 위해 보관·운반·소비·거래 중 한 경로에 재고를 배정해 다른 사용처를 늦춘다","비교 후보(대체 가능성 미검증): GenericItemDefinitionSO:evolution:catalyst:arcane:1, GenericItemDefinitionSO:evolution:catalyst:arcane:10, GenericItemDefinitionSO:evolution:catalyst:arcane:11, GenericItemDefinitionSO:evolution:catalyst:arcane:12, GenericItemDefinitionSO:evolution:catalyst:arcane:13, GenericItemDefinitionSO:evolution:catalyst:arcane:14, GenericItemDefinitionSO:evolution:catalyst:arcane:15, GenericItemDefinitionSO:evolution:catalyst:arcane:16, GenericItemDefinitionSO:evolution:catalyst:arcane:17, GenericItemDefinitionSO:evolution:catalyst:arcane:18, GenericItemDefinitionSO:evolution:catalyst:arcane:19, GenericItemDefinitionSO:evolution:catalyst:arcane:2 외 155개","생성 또는 거래·재고 입고·운반·보관·장착 또는 소비와 하류 주문 기록","과잉 재고·운반·보관·수리 또는 사용 시점 지연이 압력이 된다","실제 비교 후보·교역·재활용·수리·배급 조정 중 원본 기능에 맞는 경로로 재고 압력을 줄인다","설계 확정; 질량·가격·스택·부패·효과 수치는 source authority와 밸런스 기준서에서 별도 검증 OPEN"
"evolution:catalyst:arcane:3","비전 촉매 진행 3 · 1등급","General (일반)","[{""rid"":7737211921623154765},{""rid"":7737211921623154766}]","해당 없음: GenericItemDefinitionSO","0.25","480","게임 내 역할은 시설 진화 촉매, 생산망의 입력·출력에 연결된다.","이 물자의 원본 기능을 위해 보관·운반·소비·거래 중 한 경로에 재고를 배정해 다른 사용처를 늦춘다","비교 후보(대체 가능성 미검증): GenericItemDefinitionSO:evolution:catalyst:arcane:1, GenericItemDefinitionSO:evolution:catalyst:arcane:10, GenericItemDefinitionSO:evolution:catalyst:arcane:11, GenericItemDefinitionSO:evolution:catalyst:arcane:12, GenericItemDefinitionSO:evolution:catalyst:arcane:13, GenericItemDefinitionSO:evolution:catalyst:arcane:14, GenericItemDefinitionSO:evolution:catalyst:arcane:15, GenericItemDefinitionSO:evolution:catalyst:arcane:16, GenericItemDefinitionSO:evolution:catalyst:arcane:17, GenericItemDefinitionSO:evolution:catalyst:arcane:18, GenericItemDefinitionSO:evolution:catalyst:arcane:19, GenericItemDefinitionSO:evolution:catalyst:arcane:2 외 155개","생성 또는 거래·재고 입고·운반·보관·장착 또는 소비와 하류 주문 기록","과잉 재고·운반·보관·수리 또는 사용 시점 지연이 압력이 된다","실제 비교 후보·교역·재활용·수리·배급 조정 중 원본 기능에 맞는 경로로 재고 압력을 줄인다","설계 확정; 질량·가격·스택·부패·효과 수치는 source authority와 밸런스 기준서에서 별도 검증 OPEN"
"evolution:catalyst:arcane:4","비전 촉매 진행 4 · 1등급","General (일반)","[{""rid"":7737211921623154767},{""rid"":7737211921623154768}]","해당 없음: GenericItemDefinitionSO","0.25","960","게임 내 역할은 시설 진화 촉매, 생산망의 입력·출력에 연결된다.","이 물자의 원본 기능을 위해 보관·운반·소비·거래 중 한 경로에 재고를 배정해 다른 사용처를 늦춘다","비교 후보(대체 가능성 미검증): GenericItemDefinitionSO:evolution:catalyst:arcane:1, GenericItemDefinitionSO:evolution:catalyst:arcane:10, GenericItemDefinitionSO:evolution:catalyst:arcane:11, GenericItemDefinitionSO:evolution:catalyst:arcane:12, GenericItemDefinitionSO:evolution:catalyst:arcane:13, GenericItemDefinitionSO:evolution:catalyst:arcane:14, GenericItemDefinitionSO:evolution:catalyst:arcane:15, GenericItemDefinitionSO:evolution:catalyst:arcane:16, GenericItemDefinitionSO:evolution:catalyst:arcane:17, GenericItemDefinitionSO:evolution:catalyst:arcane:18, GenericItemDefinitionSO:evolution:catalyst:arcane:19, GenericItemDefinitionSO:evolution:catalyst:arcane:2 외 155개","생성 또는 거래·재고 입고·운반·보관·장착 또는 소비와 하류 주문 기록","과잉 재고·운반·보관·수리 또는 사용 시점 지연이 압력이 된다","실제 비교 후보·교역·재활용·수리·배급 조정 중 원본 기능에 맞는 경로로 재고 압력을 줄인다","설계 확정; 질량·가격·스택·부패·효과 수치는 source authority와 밸런스 기준서에서 별도 검증 OPEN"
"evolution:catalyst:arcane:5","비전 촉매 진행 5 · 1등급","General (일반)","[{""rid"":7737211921623154769},{""rid"":7737211921623154770}]","해당 없음: GenericItemDefinitionSO","0.25","1920","게임 내 역할은 시설 진화 촉매, 생산망의 입력·출력에 연결된다.","이 물자의 원본 기능을 위해 보관·운반·소비·거래 중 한 경로에 재고를 배정해 다른 사용처를 늦춘다","비교 후보(대체 가능성 미검증): GenericItemDefinitionSO:evolution:catalyst:arcane:1, GenericItemDefinitionSO:evolution:catalyst:arcane:10, GenericItemDefinitionSO:evolution:catalyst:arcane:11, GenericItemDefinitionSO:evolution:catalyst:arcane:12, GenericItemDefinitionSO:evolution:catalyst:arcane:13, GenericItemDefinitionSO:evolution:catalyst:arcane:14, GenericItemDefinitionSO:evolution:catalyst:arcane:15, GenericItemDefinitionSO:evolution:catalyst:arcane:16, GenericItemDefinitionSO:evolution:catalyst:arcane:17, GenericItemDefinitionSO:evolution:catalyst:arcane:18, GenericItemDefinitionSO:evolution:catalyst:arcane:19, GenericItemDefinitionSO:evolution:catalyst:arcane:2 외 155개","생성 또는 거래·재고 입고·운반·보관·장착 또는 소비와 하류 주문 기록","과잉 재고·운반·보관·수리 또는 사용 시점 지연이 압력이 된다","실제 비교 후보·교역·재활용·수리·배급 조정 중 원본 기능에 맞는 경로로 재고 압력을 줄인다","설계 확정; 질량·가격·스택·부패·효과 수치는 source authority와 밸런스 기준서에서 별도 검증 OPEN"
"evolution:catalyst:arcane:6","비전 촉매 진행 6 · 2등급","General (일반)","[{""rid"":7737211921623154771},{""rid"":7737211921623154772}]","해당 없음: GenericItemDefinitionSO","0.25","3840","게임 내 역할은 시설 진화 촉매, 생산망의 입력·출력에 연결된다.","이 물자의 원본 기능을 위해 보관·운반·소비·거래 중 한 경로에 재고를 배정해 다른 사용처를 늦춘다","비교 후보(대체 가능성 미검증): GenericItemDefinitionSO:evolution:catalyst:arcane:1, GenericItemDefinitionSO:evolution:catalyst:arcane:10, GenericItemDefinitionSO:evolution:catalyst:arcane:11, GenericItemDefinitionSO:evolution:catalyst:arcane:12, GenericItemDefinitionSO:evolution:catalyst:arcane:13, GenericItemDefinitionSO:evolution:catalyst:arcane:14, GenericItemDefinitionSO:evolution:catalyst:arcane:15, GenericItemDefinitionSO:evolution:catalyst:arcane:16, GenericItemDefinitionSO:evolution:catalyst:arcane:17, GenericItemDefinitionSO:evolution:catalyst:arcane:18, GenericItemDefinitionSO:evolution:catalyst:arcane:19, GenericItemDefinitionSO:evolution:catalyst:arcane:2 외 155개","생성 또는 거래·재고 입고·운반·보관·장착 또는 소비와 하류 주문 기록","과잉 재고·운반·보관·수리 또는 사용 시점 지연이 압력이 된다","실제 비교 후보·교역·재활용·수리·배급 조정 중 원본 기능에 맞는 경로로 재고 압력을 줄인다","설계 확정; 질량·가격·스택·부패·효과 수치는 source authority와 밸런스 기준서에서 별도 검증 OPEN"
"evolution:catalyst:arcane:7","비전 촉매 진행 7 · 2등급","General (일반)","[{""rid"":7737211921623154773},{""rid"":7737211921623154774}]","해당 없음: GenericItemDefinitionSO","0.25","7680","게임 내 역할은 시설 진화 촉매, 생산망의 입력·출력에 연결된다.","이 물자의 원본 기능을 위해 보관·운반·소비·거래 중 한 경로에 재고를 배정해 다른 사용처를 늦춘다","비교 후보(대체 가능성 미검증): GenericItemDefinitionSO:evolution:catalyst:arcane:1, GenericItemDefinitionSO:evolution:catalyst:arcane:10, GenericItemDefinitionSO:evolution:catalyst:arcane:11, GenericItemDefinitionSO:evolution:catalyst:arcane:12, GenericItemDefinitionSO:evolution:catalyst:arcane:13, GenericItemDefinitionSO:evolution:catalyst:arcane:14, GenericItemDefinitionSO:evolution:catalyst:arcane:15, GenericItemDefinitionSO:evolution:catalyst:arcane:16, GenericItemDefinitionSO:evolution:catalyst:arcane:17, GenericItemDefinitionSO:evolution:catalyst:arcane:18, GenericItemDefinitionSO:evolution:catalyst:arcane:19, GenericItemDefinitionSO:evolution:catalyst:arcane:2 외 155개","생성 또는 거래·재고 입고·운반·보관·장착 또는 소비와 하류 주문 기록","과잉 재고·운반·보관·수리 또는 사용 시점 지연이 압력이 된다","실제 비교 후보·교역·재활용·수리·배급 조정 중 원본 기능에 맞는 경로로 재고 압력을 줄인다","설계 확정; 질량·가격·스택·부패·효과 수치는 source authority와 밸런스 기준서에서 별도 검증 OPEN"
"evolution:catalyst:arcane:8","비전 촉매 진행 8 · 2등급","General (일반)","[{""rid"":7737211921623154775},{""rid"":7737211921623154776}]","해당 없음: GenericItemDefinitionSO","0.25","15360","게임 내 역할은 시설 진화 촉매, 생산망의 입력·출력에 연결된다.","이 물자의 원본 기능을 위해 보관·운반·소비·거래 중 한 경로에 재고를 배정해 다른 사용처를 늦춘다","비교 후보(대체 가능성 미검증): GenericItemDefinitionSO:evolution:catalyst:arcane:1, GenericItemDefinitionSO:evolution:catalyst:arcane:10, GenericItemDefinitionSO:evolution:catalyst:arcane:11, GenericItemDefinitionSO:evolution:catalyst:arcane:12, GenericItemDefinitionSO:evolution:catalyst:arcane:13, GenericItemDefinitionSO:evolution:catalyst:arcane:14, GenericItemDefinitionSO:evolution:catalyst:arcane:15, GenericItemDefinitionSO:evolution:catalyst:arcane:16, GenericItemDefinitionSO:evolution:catalyst:arcane:17, GenericItemDefinitionSO:evolution:catalyst:arcane:18, GenericItemDefinitionSO:evolution:catalyst:arcane:19, GenericItemDefinitionSO:evolution:catalyst:arcane:2 외 155개","생성 또는 거래·재고 입고·운반·보관·장착 또는 소비와 하류 주문 기록","과잉 재고·운반·보관·수리 또는 사용 시점 지연이 압력이 된다","실제 비교 후보·교역·재활용·수리·배급 조정 중 원본 기능에 맞는 경로로 재고 압력을 줄인다","설계 확정; 질량·가격·스택·부패·효과 수치는 source authority와 밸런스 기준서에서 별도 검증 OPEN"
"evolution:catalyst:arcane:9","비전 촉매 진행 9 · 2등급","General (일반)","[{""rid"":7737211921623154777},{""rid"":7737211921623154778}]","해당 없음: GenericItemDefinitionSO","0.25","30720","게임 내 역할은 시설 진화 촉매, 생산망의 입력·출력에 연결된다.","이 물자의 원본 기능을 위해 보관·운반·소비·거래 중 한 경로에 재고를 배정해 다른 사용처를 늦춘다","비교 후보(대체 가능성 미검증): GenericItemDefinitionSO:evolution:catalyst:arcane:1, GenericItemDefinitionSO:evolution:catalyst:arcane:10, GenericItemDefinitionSO:evolution:catalyst:arcane:11, GenericItemDefinitionSO:evolution:catalyst:arcane:12, GenericItemDefinitionSO:evolution:catalyst:arcane:13, GenericItemDefinitionSO:evolution:catalyst:arcane:14, GenericItemDefinitionSO:evolution:catalyst:arcane:15, GenericItemDefinitionSO:evolution:catalyst:arcane:16, GenericItemDefinitionSO:evolution:catalyst:arcane:17, GenericItemDefinitionSO:evolution:catalyst:arcane:18, GenericItemDefinitionSO:evolution:catalyst:arcane:19, GenericItemDefinitionSO:evolution:catalyst:arcane:2 외 155개","생성 또는 거래·재고 입고·운반·보관·장착 또는 소비와 하류 주문 기록","과잉 재고·운반·보관·수리 또는 사용 시점 지연이 압력이 된다","실제 비교 후보·교역·재활용·수리·배급 조정 중 원본 기능에 맞는 경로로 재고 압력을 줄인다","설계 확정; 질량·가격·스택·부패·효과 수치는 source authority와 밸런스 기준서에서 별도 검증 OPEN"
"evolution:catalyst:authority:1","권위 촉매 진행 1 · 1등급","General (일반)","[{""rid"":7737211921623154779},{""rid"":7737211921623154780}]","해당 없음: GenericItemDefinitionSO","0.25","120","게임 내 역할은 시설 진화 촉매, 생산망의 입력·출력에 연결된다.","이 물자의 원본 기능을 위해 보관·운반·소비·거래 중 한 경로에 재고를 배정해 다른 사용처를 늦춘다","비교 후보(대체 가능성 미검증): GenericItemDefinitionSO:evolution:catalyst:arcane:1, GenericItemDefinitionSO:evolution:catalyst:arcane:10, GenericItemDefinitionSO:evolution:catalyst:arcane:11, GenericItemDefinitionSO:evolution:catalyst:arcane:12, GenericItemDefinitionSO:evolution:catalyst:arcane:13, GenericItemDefinitionSO:evolution:catalyst:arcane:14, GenericItemDefinitionSO:evolution:catalyst:arcane:15, GenericItemDefinitionSO:evolution:catalyst:arcane:16, GenericItemDefinitionSO:evolution:catalyst:arcane:17, GenericItemDefinitionSO:evolution:catalyst:arcane:18, GenericItemDefinitionSO:evolution:catalyst:arcane:19, GenericItemDefinitionSO:evolution:catalyst:arcane:2 외 155개","생성 또는 거래·재고 입고·운반·보관·장착 또는 소비와 하류 주문 기록","과잉 재고·운반·보관·수리 또는 사용 시점 지연이 압력이 된다","실제 비교 후보·교역·재활용·수리·배급 조정 중 원본 기능에 맞는 경로로 재고 압력을 줄인다","설계 확정; 질량·가격·스택·부패·효과 수치는 source authority와 밸런스 기준서에서 별도 검증 OPEN"
"evolution:catalyst:authority:10","권위 촉매 진행 10 · 3등급","General (일반)","[{""rid"":7737211921623154781},{""rid"":7737211921623154782}]","해당 없음: GenericItemDefinitionSO","0.25","61440","게임 내 역할은 시설 진화 촉매, 생산망의 입력·출력에 연결된다.","이 물자의 원본 기능을 위해 보관·운반·소비·거래 중 한 경로에 재고를 배정해 다른 사용처를 늦춘다","비교 후보(대체 가능성 미검증): GenericItemDefinitionSO:evolution:catalyst:arcane:1, GenericItemDefinitionSO:evolution:catalyst:arcane:10, GenericItemDefinitionSO:evolution:catalyst:arcane:11, GenericItemDefinitionSO:evolution:catalyst:arcane:12, GenericItemDefinitionSO:evolution:catalyst:arcane:13, GenericItemDefinitionSO:evolution:catalyst:arcane:14, GenericItemDefinitionSO:evolution:catalyst:arcane:15, GenericItemDefinitionSO:evolution:catalyst:arcane:16, GenericItemDefinitionSO:evolution:catalyst:arcane:17, GenericItemDefinitionSO:evolution:catalyst:arcane:18, GenericItemDefinitionSO:evolution:catalyst:arcane:19, GenericItemDefinitionSO:evolution:catalyst:arcane:2 외 155개","생성 또는 거래·재고 입고·운반·보관·장착 또는 소비와 하류 주문 기록","과잉 재고·운반·보관·수리 또는 사용 시점 지연이 압력이 된다","실제 비교 후보·교역·재활용·수리·배급 조정 중 원본 기능에 맞는 경로로 재고 압력을 줄인다","설계 확정; 질량·가격·스택·부패·효과 수치는 source authority와 밸런스 기준서에서 별도 검증 OPEN"
"evolution:catalyst:authority:11","권위 촉매 진행 11 · 3등급","General (일반)","[{""rid"":7737211921623154783},{""rid"":7737211921623154784}]","해당 없음: GenericItemDefinitionSO","0.25","122880","게임 내 역할은 시설 진화 촉매, 생산망의 입력·출력에 연결된다.","이 물자의 원본 기능을 위해 보관·운반·소비·거래 중 한 경로에 재고를 배정해 다른 사용처를 늦춘다","비교 후보(대체 가능성 미검증): GenericItemDefinitionSO:evolution:catalyst:arcane:1, GenericItemDefinitionSO:evolution:catalyst:arcane:10, GenericItemDefinitionSO:evolution:catalyst:arcane:11, GenericItemDefinitionSO:evolution:catalyst:arcane:12, GenericItemDefinitionSO:evolution:catalyst:arcane:13, GenericItemDefinitionSO:evolution:catalyst:arcane:14, GenericItemDefinitionSO:evolution:catalyst:arcane:15, GenericItemDefinitionSO:evolution:catalyst:arcane:16, GenericItemDefinitionSO:evolution:catalyst:arcane:17, GenericItemDefinitionSO:evolution:catalyst:arcane:18, GenericItemDefinitionSO:evolution:catalyst:arcane:19, GenericItemDefinitionSO:evolution:catalyst:arcane:2 외 155개","생성 또는 거래·재고 입고·운반·보관·장착 또는 소비와 하류 주문 기록","과잉 재고·운반·보관·수리 또는 사용 시점 지연이 압력이 된다","실제 비교 후보·교역·재활용·수리·배급 조정 중 원본 기능에 맞는 경로로 재고 압력을 줄인다","설계 확정; 질량·가격·스택·부패·효과 수치는 source authority와 밸런스 기준서에서 별도 검증 OPEN"
"evolution:catalyst:authority:12","권위 촉매 진행 12 · 3등급","General (일반)","[{""rid"":7737211921623154785},{""rid"":7737211921623154786}]","해당 없음: GenericItemDefinitionSO","0.25","245760","게임 내 역할은 시설 진화 촉매, 생산망의 입력·출력에 연결된다.","이 물자의 원본 기능을 위해 보관·운반·소비·거래 중 한 경로에 재고를 배정해 다른 사용처를 늦춘다","비교 후보(대체 가능성 미검증): GenericItemDefinitionSO:evolution:catalyst:arcane:1, GenericItemDefinitionSO:evolution:catalyst:arcane:10, GenericItemDefinitionSO:evolution:catalyst:arcane:11, GenericItemDefinitionSO:evolution:catalyst:arcane:12, GenericItemDefinitionSO:evolution:catalyst:arcane:13, GenericItemDefinitionSO:evolution:catalyst:arcane:14, GenericItemDefinitionSO:evolution:catalyst:arcane:15, GenericItemDefinitionSO:evolution:catalyst:arcane:16, GenericItemDefinitionSO:evolution:catalyst:arcane:17, GenericItemDefinitionSO:evolution:catalyst:arcane:18, GenericItemDefinitionSO:evolution:catalyst:arcane:19, GenericItemDefinitionSO:evolution:catalyst:arcane:2 외 155개","생성 또는 거래·재고 입고·운반·보관·장착 또는 소비와 하류 주문 기록","과잉 재고·운반·보관·수리 또는 사용 시점 지연이 압력이 된다","실제 비교 후보·교역·재활용·수리·배급 조정 중 원본 기능에 맞는 경로로 재고 압력을 줄인다","설계 확정; 질량·가격·스택·부패·효과 수치는 source authority와 밸런스 기준서에서 별도 검증 OPEN"
"evolution:catalyst:authority:13","권위 촉매 진행 13 · 3등급","General (일반)","[{""rid"":7737211921623154787},{""rid"":7737211921623154788}]","해당 없음: GenericItemDefinitionSO","0.25","491520","게임 내 역할은 시설 진화 촉매, 생산망의 입력·출력에 연결된다.","이 물자의 원본 기능을 위해 보관·운반·소비·거래 중 한 경로에 재고를 배정해 다른 사용처를 늦춘다","비교 후보(대체 가능성 미검증): GenericItemDefinitionSO:evolution:catalyst:arcane:1, GenericItemDefinitionSO:evolution:catalyst:arcane:10, GenericItemDefinitionSO:evolution:catalyst:arcane:11, GenericItemDefinitionSO:evolution:catalyst:arcane:12, GenericItemDefinitionSO:evolution:catalyst:arcane:13, GenericItemDefinitionSO:evolution:catalyst:arcane:14, GenericItemDefinitionSO:evolution:catalyst:arcane:15, GenericItemDefinitionSO:evolution:catalyst:arcane:16, GenericItemDefinitionSO:evolution:catalyst:arcane:17, GenericItemDefinitionSO:evolution:catalyst:arcane:18, GenericItemDefinitionSO:evolution:catalyst:arcane:19, GenericItemDefinitionSO:evolution:catalyst:arcane:2 외 155개","생성 또는 거래·재고 입고·운반·보관·장착 또는 소비와 하류 주문 기록","과잉 재고·운반·보관·수리 또는 사용 시점 지연이 압력이 된다","실제 비교 후보·교역·재활용·수리·배급 조정 중 원본 기능에 맞는 경로로 재고 압력을 줄인다","설계 확정; 질량·가격·스택·부패·효과 수치는 source authority와 밸런스 기준서에서 별도 검증 OPEN"
"evolution:catalyst:authority:14","권위 촉매 진행 14 · 4등급","General (일반)","[{""rid"":7737211921623154789},{""rid"":7737211921623154790}]","해당 없음: GenericItemDefinitionSO","0.25","983040","게임 내 역할은 시설 진화 촉매, 생산망의 입력·출력에 연결된다.","이 물자의 원본 기능을 위해 보관·운반·소비·거래 중 한 경로에 재고를 배정해 다른 사용처를 늦춘다","비교 후보(대체 가능성 미검증): GenericItemDefinitionSO:evolution:catalyst:arcane:1, GenericItemDefinitionSO:evolution:catalyst:arcane:10, GenericItemDefinitionSO:evolution:catalyst:arcane:11, GenericItemDefinitionSO:evolution:catalyst:arcane:12, GenericItemDefinitionSO:evolution:catalyst:arcane:13, GenericItemDefinitionSO:evolution:catalyst:arcane:14, GenericItemDefinitionSO:evolution:catalyst:arcane:15, GenericItemDefinitionSO:evolution:catalyst:arcane:16, GenericItemDefinitionSO:evolution:catalyst:arcane:17, GenericItemDefinitionSO:evolution:catalyst:arcane:18, GenericItemDefinitionSO:evolution:catalyst:arcane:19, GenericItemDefinitionSO:evolution:catalyst:arcane:2 외 155개","생성 또는 거래·재고 입고·운반·보관·장착 또는 소비와 하류 주문 기록","과잉 재고·운반·보관·수리 또는 사용 시점 지연이 압력이 된다","실제 비교 후보·교역·재활용·수리·배급 조정 중 원본 기능에 맞는 경로로 재고 압력을 줄인다","설계 확정; 질량·가격·스택·부패·효과 수치는 source authority와 밸런스 기준서에서 별도 검증 OPEN"
"evolution:catalyst:authority:15","권위 촉매 진행 15 · 4등급","General (일반)","[{""rid"":7737211921623154791},{""rid"":7737211921623154792}]","해당 없음: GenericItemDefinitionSO","0.25","1966080","게임 내 역할은 시설 진화 촉매, 생산망의 입력·출력에 연결된다.","이 물자의 원본 기능을 위해 보관·운반·소비·거래 중 한 경로에 재고를 배정해 다른 사용처를 늦춘다","비교 후보(대체 가능성 미검증): GenericItemDefinitionSO:evolution:catalyst:arcane:1, GenericItemDefinitionSO:evolution:catalyst:arcane:10, GenericItemDefinitionSO:evolution:catalyst:arcane:11, GenericItemDefinitionSO:evolution:catalyst:arcane:12, GenericItemDefinitionSO:evolution:catalyst:arcane:13, GenericItemDefinitionSO:evolution:catalyst:arcane:14, GenericItemDefinitionSO:evolution:catalyst:arcane:15, GenericItemDefinitionSO:evolution:catalyst:arcane:16, GenericItemDefinitionSO:evolution:catalyst:arcane:17, GenericItemDefinitionSO:evolution:catalyst:arcane:18, GenericItemDefinitionSO:evolution:catalyst:arcane:19, GenericItemDefinitionSO:evolution:catalyst:arcane:2 외 155개","생성 또는 거래·재고 입고·운반·보관·장착 또는 소비와 하류 주문 기록","과잉 재고·운반·보관·수리 또는 사용 시점 지연이 압력이 된다","실제 비교 후보·교역·재활용·수리·배급 조정 중 원본 기능에 맞는 경로로 재고 압력을 줄인다","설계 확정; 질량·가격·스택·부패·효과 수치는 source authority와 밸런스 기준서에서 별도 검증 OPEN"
"evolution:catalyst:authority:16","권위 촉매 진행 16 · 4등급","General (일반)","[{""rid"":7737211921623154793},{""rid"":7737211921623154794}]","해당 없음: GenericItemDefinitionSO","0.25","3932160","게임 내 역할은 시설 진화 촉매, 생산망의 입력·출력에 연결된다.","이 물자의 원본 기능을 위해 보관·운반·소비·거래 중 한 경로에 재고를 배정해 다른 사용처를 늦춘다","비교 후보(대체 가능성 미검증): GenericItemDefinitionSO:evolution:catalyst:arcane:1, GenericItemDefinitionSO:evolution:catalyst:arcane:10, GenericItemDefinitionSO:evolution:catalyst:arcane:11, GenericItemDefinitionSO:evolution:catalyst:arcane:12, GenericItemDefinitionSO:evolution:catalyst:arcane:13, GenericItemDefinitionSO:evolution:catalyst:arcane:14, GenericItemDefinitionSO:evolution:catalyst:arcane:15, GenericItemDefinitionSO:evolution:catalyst:arcane:16, GenericItemDefinitionSO:evolution:catalyst:arcane:17, GenericItemDefinitionSO:evolution:catalyst:arcane:18, GenericItemDefinitionSO:evolution:catalyst:arcane:19, GenericItemDefinitionSO:evolution:catalyst:arcane:2 외 155개","생성 또는 거래·재고 입고·운반·보관·장착 또는 소비와 하류 주문 기록","과잉 재고·운반·보관·수리 또는 사용 시점 지연이 압력이 된다","실제 비교 후보·교역·재활용·수리·배급 조정 중 원본 기능에 맞는 경로로 재고 압력을 줄인다","설계 확정; 질량·가격·스택·부패·효과 수치는 source authority와 밸런스 기준서에서 별도 검증 OPEN"
"evolution:catalyst:authority:17","권위 촉매 진행 17 · 4등급","General (일반)","[{""rid"":7737211921623154795},{""rid"":7737211921623154796}]","해당 없음: GenericItemDefinitionSO","0.25","7864320","게임 내 역할은 시설 진화 촉매, 생산망의 입력·출력에 연결된다.","이 물자의 원본 기능을 위해 보관·운반·소비·거래 중 한 경로에 재고를 배정해 다른 사용처를 늦춘다","비교 후보(대체 가능성 미검증): GenericItemDefinitionSO:evolution:catalyst:arcane:1, GenericItemDefinitionSO:evolution:catalyst:arcane:10, GenericItemDefinitionSO:evolution:catalyst:arcane:11, GenericItemDefinitionSO:evolution:catalyst:arcane:12, GenericItemDefinitionSO:evolution:catalyst:arcane:13, GenericItemDefinitionSO:evolution:catalyst:arcane:14, GenericItemDefinitionSO:evolution:catalyst:arcane:15, GenericItemDefinitionSO:evolution:catalyst:arcane:16, GenericItemDefinitionSO:evolution:catalyst:arcane:17, GenericItemDefinitionSO:evolution:catalyst:arcane:18, GenericItemDefinitionSO:evolution:catalyst:arcane:19, GenericItemDefinitionSO:evolution:catalyst:arcane:2 외 155개","생성 또는 거래·재고 입고·운반·보관·장착 또는 소비와 하류 주문 기록","과잉 재고·운반·보관·수리 또는 사용 시점 지연이 압력이 된다","실제 비교 후보·교역·재활용·수리·배급 조정 중 원본 기능에 맞는 경로로 재고 압력을 줄인다","설계 확정; 질량·가격·스택·부패·효과 수치는 source authority와 밸런스 기준서에서 별도 검증 OPEN"
"evolution:catalyst:authority:18","권위 촉매 진행 18 · 5등급","General (일반)","[{""rid"":7737211921623154797},{""rid"":7737211921623154798}]","해당 없음: GenericItemDefinitionSO","0.25","15728640","게임 내 역할은 시설 진화 촉매, 생산망의 입력·출력에 연결된다.","이 물자의 원본 기능을 위해 보관·운반·소비·거래 중 한 경로에 재고를 배정해 다른 사용처를 늦춘다","비교 후보(대체 가능성 미검증): GenericItemDefinitionSO:evolution:catalyst:arcane:1, GenericItemDefinitionSO:evolution:catalyst:arcane:10, GenericItemDefinitionSO:evolution:catalyst:arcane:11, GenericItemDefinitionSO:evolution:catalyst:arcane:12, GenericItemDefinitionSO:evolution:catalyst:arcane:13, GenericItemDefinitionSO:evolution:catalyst:arcane:14, GenericItemDefinitionSO:evolution:catalyst:arcane:15, GenericItemDefinitionSO:evolution:catalyst:arcane:16, GenericItemDefinitionSO:evolution:catalyst:arcane:17, GenericItemDefinitionSO:evolution:catalyst:arcane:18, GenericItemDefinitionSO:evolution:catalyst:arcane:19, GenericItemDefinitionSO:evolution:catalyst:arcane:2 외 155개","생성 또는 거래·재고 입고·운반·보관·장착 또는 소비와 하류 주문 기록","과잉 재고·운반·보관·수리 또는 사용 시점 지연이 압력이 된다","실제 비교 후보·교역·재활용·수리·배급 조정 중 원본 기능에 맞는 경로로 재고 압력을 줄인다","설계 확정; 질량·가격·스택·부패·효과 수치는 source authority와 밸런스 기준서에서 별도 검증 OPEN"
"evolution:catalyst:authority:19","권위 촉매 진행 19 · 5등급","General (일반)","[{""rid"":7737211921623154799},{""rid"":7737211921623154800}]","해당 없음: GenericItemDefinitionSO","0.25","31457280","게임 내 역할은 시설 진화 촉매, 생산망의 입력·출력에 연결된다.","이 물자의 원본 기능을 위해 보관·운반·소비·거래 중 한 경로에 재고를 배정해 다른 사용처를 늦춘다","비교 후보(대체 가능성 미검증): GenericItemDefinitionSO:evolution:catalyst:arcane:1, GenericItemDefinitionSO:evolution:catalyst:arcane:10, GenericItemDefinitionSO:evolution:catalyst:arcane:11, GenericItemDefinitionSO:evolution:catalyst:arcane:12, GenericItemDefinitionSO:evolution:catalyst:arcane:13, GenericItemDefinitionSO:evolution:catalyst:arcane:14, GenericItemDefinitionSO:evolution:catalyst:arcane:15, GenericItemDefinitionSO:evolution:catalyst:arcane:16, GenericItemDefinitionSO:evolution:catalyst:arcane:17, GenericItemDefinitionSO:evolution:catalyst:arcane:18, GenericItemDefinitionSO:evolution:catalyst:arcane:19, GenericItemDefinitionSO:evolution:catalyst:arcane:2 외 155개","생성 또는 거래·재고 입고·운반·보관·장착 또는 소비와 하류 주문 기록","과잉 재고·운반·보관·수리 또는 사용 시점 지연이 압력이 된다","실제 비교 후보·교역·재활용·수리·배급 조정 중 원본 기능에 맞는 경로로 재고 압력을 줄인다","설계 확정; 질량·가격·스택·부패·효과 수치는 source authority와 밸런스 기준서에서 별도 검증 OPEN"
"evolution:catalyst:authority:2","권위 촉매 진행 2 · 1등급","General (일반)","[{""rid"":7737211921623154801},{""rid"":7737211921623154802}]","해당 없음: GenericItemDefinitionSO","0.25","240","게임 내 역할은 시설 진화 촉매, 생산망의 입력·출력에 연결된다.","이 물자의 원본 기능을 위해 보관·운반·소비·거래 중 한 경로에 재고를 배정해 다른 사용처를 늦춘다","비교 후보(대체 가능성 미검증): GenericItemDefinitionSO:evolution:catalyst:arcane:1, GenericItemDefinitionSO:evolution:catalyst:arcane:10, GenericItemDefinitionSO:evolution:catalyst:arcane:11, GenericItemDefinitionSO:evolution:catalyst:arcane:12, GenericItemDefinitionSO:evolution:catalyst:arcane:13, GenericItemDefinitionSO:evolution:catalyst:arcane:14, GenericItemDefinitionSO:evolution:catalyst:arcane:15, GenericItemDefinitionSO:evolution:catalyst:arcane:16, GenericItemDefinitionSO:evolution:catalyst:arcane:17, GenericItemDefinitionSO:evolution:catalyst:arcane:18, GenericItemDefinitionSO:evolution:catalyst:arcane:19, GenericItemDefinitionSO:evolution:catalyst:arcane:2 외 155개","생성 또는 거래·재고 입고·운반·보관·장착 또는 소비와 하류 주문 기록","과잉 재고·운반·보관·수리 또는 사용 시점 지연이 압력이 된다","실제 비교 후보·교역·재활용·수리·배급 조정 중 원본 기능에 맞는 경로로 재고 압력을 줄인다","설계 확정; 질량·가격·스택·부패·효과 수치는 source authority와 밸런스 기준서에서 별도 검증 OPEN"
"evolution:catalyst:authority:20","권위 촉매 진행 20 · 5등급","General (일반)","[{""rid"":7737211921623154803},{""rid"":7737211921623154804}]","해당 없음: GenericItemDefinitionSO","0.25","62914560","게임 내 역할은 시설 진화 촉매, 생산망의 입력·출력에 연결된다.","이 물자의 원본 기능을 위해 보관·운반·소비·거래 중 한 경로에 재고를 배정해 다른 사용처를 늦춘다","비교 후보(대체 가능성 미검증): GenericItemDefinitionSO:evolution:catalyst:arcane:1, GenericItemDefinitionSO:evolution:catalyst:arcane:10, GenericItemDefinitionSO:evolution:catalyst:arcane:11, GenericItemDefinitionSO:evolution:catalyst:arcane:12, GenericItemDefinitionSO:evolution:catalyst:arcane:13, GenericItemDefinitionSO:evolution:catalyst:arcane:14, GenericItemDefinitionSO:evolution:catalyst:arcane:15, GenericItemDefinitionSO:evolution:catalyst:arcane:16, GenericItemDefinitionSO:evolution:catalyst:arcane:17, GenericItemDefinitionSO:evolution:catalyst:arcane:18, GenericItemDefinitionSO:evolution:catalyst:arcane:19, GenericItemDefinitionSO:evolution:catalyst:arcane:2 외 155개","생성 또는 거래·재고 입고·운반·보관·장착 또는 소비와 하류 주문 기록","과잉 재고·운반·보관·수리 또는 사용 시점 지연이 압력이 된다","실제 비교 후보·교역·재활용·수리·배급 조정 중 원본 기능에 맞는 경로로 재고 압력을 줄인다","설계 확정; 질량·가격·스택·부패·효과 수치는 source authority와 밸런스 기준서에서 별도 검증 OPEN"
"evolution:catalyst:authority:21","권위 촉매 진행 21 · 5등급","General (일반)","[{""rid"":7737211921623154805},{""rid"":7737211921623154806}]","해당 없음: GenericItemDefinitionSO","0.25","125829120","게임 내 역할은 시설 진화 촉매, 생산망의 입력·출력에 연결된다.","이 물자의 원본 기능을 위해 보관·운반·소비·거래 중 한 경로에 재고를 배정해 다른 사용처를 늦춘다","비교 후보(대체 가능성 미검증): GenericItemDefinitionSO:evolution:catalyst:arcane:1, GenericItemDefinitionSO:evolution:catalyst:arcane:10, GenericItemDefinitionSO:evolution:catalyst:arcane:11, GenericItemDefinitionSO:evolution:catalyst:arcane:12, GenericItemDefinitionSO:evolution:catalyst:arcane:13, GenericItemDefinitionSO:evolution:catalyst:arcane:14, GenericItemDefinitionSO:evolution:catalyst:arcane:15, GenericItemDefinitionSO:evolution:catalyst:arcane:16, GenericItemDefinitionSO:evolution:catalyst:arcane:17, GenericItemDefinitionSO:evolution:catalyst:arcane:18, GenericItemDefinitionSO:evolution:catalyst:arcane:19, GenericItemDefinitionSO:evolution:catalyst:arcane:2 외 155개","생성 또는 거래·재고 입고·운반·보관·장착 또는 소비와 하류 주문 기록","과잉 재고·운반·보관·수리 또는 사용 시점 지연이 압력이 된다","실제 비교 후보·교역·재활용·수리·배급 조정 중 원본 기능에 맞는 경로로 재고 압력을 줄인다","설계 확정; 질량·가격·스택·부패·효과 수치는 source authority와 밸런스 기준서에서 별도 검증 OPEN"
"evolution:catalyst:authority:3","권위 촉매 진행 3 · 1등급","General (일반)","[{""rid"":7737211921623154807},{""rid"":7737211921623154808}]","해당 없음: GenericItemDefinitionSO","0.25","480","게임 내 역할은 시설 진화 촉매, 생산망의 입력·출력에 연결된다.","이 물자의 원본 기능을 위해 보관·운반·소비·거래 중 한 경로에 재고를 배정해 다른 사용처를 늦춘다","비교 후보(대체 가능성 미검증): GenericItemDefinitionSO:evolution:catalyst:arcane:1, GenericItemDefinitionSO:evolution:catalyst:arcane:10, GenericItemDefinitionSO:evolution:catalyst:arcane:11, GenericItemDefinitionSO:evolution:catalyst:arcane:12, GenericItemDefinitionSO:evolution:catalyst:arcane:13, GenericItemDefinitionSO:evolution:catalyst:arcane:14, GenericItemDefinitionSO:evolution:catalyst:arcane:15, GenericItemDefinitionSO:evolution:catalyst:arcane:16, GenericItemDefinitionSO:evolution:catalyst:arcane:17, GenericItemDefinitionSO:evolution:catalyst:arcane:18, GenericItemDefinitionSO:evolution:catalyst:arcane:19, GenericItemDefinitionSO:evolution:catalyst:arcane:2 외 155개","생성 또는 거래·재고 입고·운반·보관·장착 또는 소비와 하류 주문 기록","과잉 재고·운반·보관·수리 또는 사용 시점 지연이 압력이 된다","실제 비교 후보·교역·재활용·수리·배급 조정 중 원본 기능에 맞는 경로로 재고 압력을 줄인다","설계 확정; 질량·가격·스택·부패·효과 수치는 source authority와 밸런스 기준서에서 별도 검증 OPEN"
"evolution:catalyst:authority:4","권위 촉매 진행 4 · 1등급","General (일반)","[{""rid"":7737211921623154809},{""rid"":7737211921623154810}]","해당 없음: GenericItemDefinitionSO","0.25","960","게임 내 역할은 시설 진화 촉매, 생산망의 입력·출력에 연결된다.","이 물자의 원본 기능을 위해 보관·운반·소비·거래 중 한 경로에 재고를 배정해 다른 사용처를 늦춘다","비교 후보(대체 가능성 미검증): GenericItemDefinitionSO:evolution:catalyst:arcane:1, GenericItemDefinitionSO:evolution:catalyst:arcane:10, GenericItemDefinitionSO:evolution:catalyst:arcane:11, GenericItemDefinitionSO:evolution:catalyst:arcane:12, GenericItemDefinitionSO:evolution:catalyst:arcane:13, GenericItemDefinitionSO:evolution:catalyst:arcane:14, GenericItemDefinitionSO:evolution:catalyst:arcane:15, GenericItemDefinitionSO:evolution:catalyst:arcane:16, GenericItemDefinitionSO:evolution:catalyst:arcane:17, GenericItemDefinitionSO:evolution:catalyst:arcane:18, GenericItemDefinitionSO:evolution:catalyst:arcane:19, GenericItemDefinitionSO:evolution:catalyst:arcane:2 외 155개","생성 또는 거래·재고 입고·운반·보관·장착 또는 소비와 하류 주문 기록","과잉 재고·운반·보관·수리 또는 사용 시점 지연이 압력이 된다","실제 비교 후보·교역·재활용·수리·배급 조정 중 원본 기능에 맞는 경로로 재고 압력을 줄인다","설계 확정; 질량·가격·스택·부패·효과 수치는 source authority와 밸런스 기준서에서 별도 검증 OPEN"
"evolution:catalyst:authority:5","권위 촉매 진행 5 · 1등급","General (일반)","[{""rid"":7737211921623154811},{""rid"":7737211921623154812}]","해당 없음: GenericItemDefinitionSO","0.25","1920","게임 내 역할은 시설 진화 촉매, 생산망의 입력·출력에 연결된다.","이 물자의 원본 기능을 위해 보관·운반·소비·거래 중 한 경로에 재고를 배정해 다른 사용처를 늦춘다","비교 후보(대체 가능성 미검증): GenericItemDefinitionSO:evolution:catalyst:arcane:1, GenericItemDefinitionSO:evolution:catalyst:arcane:10, GenericItemDefinitionSO:evolution:catalyst:arcane:11, GenericItemDefinitionSO:evolution:catalyst:arcane:12, GenericItemDefinitionSO:evolution:catalyst:arcane:13, GenericItemDefinitionSO:evolution:catalyst:arcane:14, GenericItemDefinitionSO:evolution:catalyst:arcane:15, GenericItemDefinitionSO:evolution:catalyst:arcane:16, GenericItemDefinitionSO:evolution:catalyst:arcane:17, GenericItemDefinitionSO:evolution:catalyst:arcane:18, GenericItemDefinitionSO:evolution:catalyst:arcane:19, GenericItemDefinitionSO:evolution:catalyst:arcane:2 외 155개","생성 또는 거래·재고 입고·운반·보관·장착 또는 소비와 하류 주문 기록","과잉 재고·운반·보관·수리 또는 사용 시점 지연이 압력이 된다","실제 비교 후보·교역·재활용·수리·배급 조정 중 원본 기능에 맞는 경로로 재고 압력을 줄인다","설계 확정; 질량·가격·스택·부패·효과 수치는 source authority와 밸런스 기준서에서 별도 검증 OPEN"
"evolution:catalyst:authority:6","권위 촉매 진행 6 · 2등급","General (일반)","[{""rid"":7737211921623154813},{""rid"":7737211921623154814}]","해당 없음: GenericItemDefinitionSO","0.25","3840","게임 내 역할은 시설 진화 촉매, 생산망의 입력·출력에 연결된다.","이 물자의 원본 기능을 위해 보관·운반·소비·거래 중 한 경로에 재고를 배정해 다른 사용처를 늦춘다","비교 후보(대체 가능성 미검증): GenericItemDefinitionSO:evolution:catalyst:arcane:1, GenericItemDefinitionSO:evolution:catalyst:arcane:10, GenericItemDefinitionSO:evolution:catalyst:arcane:11, GenericItemDefinitionSO:evolution:catalyst:arcane:12, GenericItemDefinitionSO:evolution:catalyst:arcane:13, GenericItemDefinitionSO:evolution:catalyst:arcane:14, GenericItemDefinitionSO:evolution:catalyst:arcane:15, GenericItemDefinitionSO:evolution:catalyst:arcane:16, GenericItemDefinitionSO:evolution:catalyst:arcane:17, GenericItemDefinitionSO:evolution:catalyst:arcane:18, GenericItemDefinitionSO:evolution:catalyst:arcane:19, GenericItemDefinitionSO:evolution:catalyst:arcane:2 외 155개","생성 또는 거래·재고 입고·운반·보관·장착 또는 소비와 하류 주문 기록","과잉 재고·운반·보관·수리 또는 사용 시점 지연이 압력이 된다","실제 비교 후보·교역·재활용·수리·배급 조정 중 원본 기능에 맞는 경로로 재고 압력을 줄인다","설계 확정; 질량·가격·스택·부패·효과 수치는 source authority와 밸런스 기준서에서 별도 검증 OPEN"
"evolution:catalyst:authority:7","권위 촉매 진행 7 · 2등급","General (일반)","[{""rid"":7737211921623154815},{""rid"":7737211921623154816}]","해당 없음: GenericItemDefinitionSO","0.25","7680","게임 내 역할은 시설 진화 촉매, 생산망의 입력·출력에 연결된다.","이 물자의 원본 기능을 위해 보관·운반·소비·거래 중 한 경로에 재고를 배정해 다른 사용처를 늦춘다","비교 후보(대체 가능성 미검증): GenericItemDefinitionSO:evolution:catalyst:arcane:1, GenericItemDefinitionSO:evolution:catalyst:arcane:10, GenericItemDefinitionSO:evolution:catalyst:arcane:11, GenericItemDefinitionSO:evolution:catalyst:arcane:12, GenericItemDefinitionSO:evolution:catalyst:arcane:13, GenericItemDefinitionSO:evolution:catalyst:arcane:14, GenericItemDefinitionSO:evolution:catalyst:arcane:15, GenericItemDefinitionSO:evolution:catalyst:arcane:16, GenericItemDefinitionSO:evolution:catalyst:arcane:17, GenericItemDefinitionSO:evolution:catalyst:arcane:18, GenericItemDefinitionSO:evolution:catalyst:arcane:19, GenericItemDefinitionSO:evolution:catalyst:arcane:2 외 155개","생성 또는 거래·재고 입고·운반·보관·장착 또는 소비와 하류 주문 기록","과잉 재고·운반·보관·수리 또는 사용 시점 지연이 압력이 된다","실제 비교 후보·교역·재활용·수리·배급 조정 중 원본 기능에 맞는 경로로 재고 압력을 줄인다","설계 확정; 질량·가격·스택·부패·효과 수치는 source authority와 밸런스 기준서에서 별도 검증 OPEN"
"evolution:catalyst:authority:8","권위 촉매 진행 8 · 2등급","General (일반)","[{""rid"":7737211921623154817},{""rid"":7737211921623154818}]","해당 없음: GenericItemDefinitionSO","0.25","15360","게임 내 역할은 시설 진화 촉매, 생산망의 입력·출력에 연결된다.","이 물자의 원본 기능을 위해 보관·운반·소비·거래 중 한 경로에 재고를 배정해 다른 사용처를 늦춘다","비교 후보(대체 가능성 미검증): GenericItemDefinitionSO:evolution:catalyst:arcane:1, GenericItemDefinitionSO:evolution:catalyst:arcane:10, GenericItemDefinitionSO:evolution:catalyst:arcane:11, GenericItemDefinitionSO:evolution:catalyst:arcane:12, GenericItemDefinitionSO:evolution:catalyst:arcane:13, GenericItemDefinitionSO:evolution:catalyst:arcane:14, GenericItemDefinitionSO:evolution:catalyst:arcane:15, GenericItemDefinitionSO:evolution:catalyst:arcane:16, GenericItemDefinitionSO:evolution:catalyst:arcane:17, GenericItemDefinitionSO:evolution:catalyst:arcane:18, GenericItemDefinitionSO:evolution:catalyst:arcane:19, GenericItemDefinitionSO:evolution:catalyst:arcane:2 외 155개","생성 또는 거래·재고 입고·운반·보관·장착 또는 소비와 하류 주문 기록","과잉 재고·운반·보관·수리 또는 사용 시점 지연이 압력이 된다","실제 비교 후보·교역·재활용·수리·배급 조정 중 원본 기능에 맞는 경로로 재고 압력을 줄인다","설계 확정; 질량·가격·스택·부패·효과 수치는 source authority와 밸런스 기준서에서 별도 검증 OPEN"
"evolution:catalyst:authority:9","권위 촉매 진행 9 · 2등급","General (일반)","[{""rid"":7737211921623154819},{""rid"":7737211921623154820}]","해당 없음: GenericItemDefinitionSO","0.25","30720","게임 내 역할은 시설 진화 촉매, 생산망의 입력·출력에 연결된다.","이 물자의 원본 기능을 위해 보관·운반·소비·거래 중 한 경로에 재고를 배정해 다른 사용처를 늦춘다","비교 후보(대체 가능성 미검증): GenericItemDefinitionSO:evolution:catalyst:arcane:1, GenericItemDefinitionSO:evolution:catalyst:arcane:10, GenericItemDefinitionSO:evolution:catalyst:arcane:11, GenericItemDefinitionSO:evolution:catalyst:arcane:12, GenericItemDefinitionSO:evolution:catalyst:arcane:13, GenericItemDefinitionSO:evolution:catalyst:arcane:14, GenericItemDefinitionSO:evolution:catalyst:arcane:15, GenericItemDefinitionSO:evolution:catalyst:arcane:16, GenericItemDefinitionSO:evolution:catalyst:arcane:17, GenericItemDefinitionSO:evolution:catalyst:arcane:18, GenericItemDefinitionSO:evolution:catalyst:arcane:19, GenericItemDefinitionSO:evolution:catalyst:arcane:2 외 155개","생성 또는 거래·재고 입고·운반·보관·장착 또는 소비와 하류 주문 기록","과잉 재고·운반·보관·수리 또는 사용 시점 지연이 압력이 된다","실제 비교 후보·교역·재활용·수리·배급 조정 중 원본 기능에 맞는 경로로 재고 압력을 줄인다","설계 확정; 질량·가격·스택·부패·효과 수치는 source authority와 밸런스 기준서에서 별도 검증 OPEN"
"evolution:catalyst:defense:1","수호 촉매 진행 1 · 1등급","General (일반)","[{""rid"":7737211921623154821},{""rid"":7737211921623154822}]","해당 없음: GenericItemDefinitionSO","0.25","120","게임 내 역할은 시설 진화 촉매, 생산망의 입력·출력에 연결된다.","이 물자의 원본 기능을 위해 보관·운반·소비·거래 중 한 경로에 재고를 배정해 다른 사용처를 늦춘다","비교 후보(대체 가능성 미검증): GenericItemDefinitionSO:evolution:catalyst:arcane:1, GenericItemDefinitionSO:evolution:catalyst:arcane:10, GenericItemDefinitionSO:evolution:catalyst:arcane:11, GenericItemDefinitionSO:evolution:catalyst:arcane:12, GenericItemDefinitionSO:evolution:catalyst:arcane:13, GenericItemDefinitionSO:evolution:catalyst:arcane:14, GenericItemDefinitionSO:evolution:catalyst:arcane:15, GenericItemDefinitionSO:evolution:catalyst:arcane:16, GenericItemDefinitionSO:evolution:catalyst:arcane:17, GenericItemDefinitionSO:evolution:catalyst:arcane:18, GenericItemDefinitionSO:evolution:catalyst:arcane:19, GenericItemDefinitionSO:evolution:catalyst:arcane:2 외 155개","생성 또는 거래·재고 입고·운반·보관·장착 또는 소비와 하류 주문 기록","과잉 재고·운반·보관·수리 또는 사용 시점 지연이 압력이 된다","실제 비교 후보·교역·재활용·수리·배급 조정 중 원본 기능에 맞는 경로로 재고 압력을 줄인다","설계 확정; 질량·가격·스택·부패·효과 수치는 source authority와 밸런스 기준서에서 별도 검증 OPEN"
"evolution:catalyst:defense:10","수호 촉매 진행 10 · 3등급","General (일반)","[{""rid"":7737211921623154823},{""rid"":7737211921623154824}]","해당 없음: GenericItemDefinitionSO","0.25","61440","게임 내 역할은 시설 진화 촉매, 생산망의 입력·출력에 연결된다.","이 물자의 원본 기능을 위해 보관·운반·소비·거래 중 한 경로에 재고를 배정해 다른 사용처를 늦춘다","비교 후보(대체 가능성 미검증): GenericItemDefinitionSO:evolution:catalyst:arcane:1, GenericItemDefinitionSO:evolution:catalyst:arcane:10, GenericItemDefinitionSO:evolution:catalyst:arcane:11, GenericItemDefinitionSO:evolution:catalyst:arcane:12, GenericItemDefinitionSO:evolution:catalyst:arcane:13, GenericItemDefinitionSO:evolution:catalyst:arcane:14, GenericItemDefinitionSO:evolution:catalyst:arcane:15, GenericItemDefinitionSO:evolution:catalyst:arcane:16, GenericItemDefinitionSO:evolution:catalyst:arcane:17, GenericItemDefinitionSO:evolution:catalyst:arcane:18, GenericItemDefinitionSO:evolution:catalyst:arcane:19, GenericItemDefinitionSO:evolution:catalyst:arcane:2 외 155개","생성 또는 거래·재고 입고·운반·보관·장착 또는 소비와 하류 주문 기록","과잉 재고·운반·보관·수리 또는 사용 시점 지연이 압력이 된다","실제 비교 후보·교역·재활용·수리·배급 조정 중 원본 기능에 맞는 경로로 재고 압력을 줄인다","설계 확정; 질량·가격·스택·부패·효과 수치는 source authority와 밸런스 기준서에서 별도 검증 OPEN"
"evolution:catalyst:defense:11","수호 촉매 진행 11 · 3등급","General (일반)","[{""rid"":7737211921623154825},{""rid"":7737211921623154826}]","해당 없음: GenericItemDefinitionSO","0.25","122880","게임 내 역할은 시설 진화 촉매, 생산망의 입력·출력에 연결된다.","이 물자의 원본 기능을 위해 보관·운반·소비·거래 중 한 경로에 재고를 배정해 다른 사용처를 늦춘다","비교 후보(대체 가능성 미검증): GenericItemDefinitionSO:evolution:catalyst:arcane:1, GenericItemDefinitionSO:evolution:catalyst:arcane:10, GenericItemDefinitionSO:evolution:catalyst:arcane:11, GenericItemDefinitionSO:evolution:catalyst:arcane:12, GenericItemDefinitionSO:evolution:catalyst:arcane:13, GenericItemDefinitionSO:evolution:catalyst:arcane:14, GenericItemDefinitionSO:evolution:catalyst:arcane:15, GenericItemDefinitionSO:evolution:catalyst:arcane:16, GenericItemDefinitionSO:evolution:catalyst:arcane:17, GenericItemDefinitionSO:evolution:catalyst:arcane:18, GenericItemDefinitionSO:evolution:catalyst:arcane:19, GenericItemDefinitionSO:evolution:catalyst:arcane:2 외 155개","생성 또는 거래·재고 입고·운반·보관·장착 또는 소비와 하류 주문 기록","과잉 재고·운반·보관·수리 또는 사용 시점 지연이 압력이 된다","실제 비교 후보·교역·재활용·수리·배급 조정 중 원본 기능에 맞는 경로로 재고 압력을 줄인다","설계 확정; 질량·가격·스택·부패·효과 수치는 source authority와 밸런스 기준서에서 별도 검증 OPEN"
"evolution:catalyst:defense:12","수호 촉매 진행 12 · 3등급","General (일반)","[{""rid"":7737211921623154827},{""rid"":7737211921623154828}]","해당 없음: GenericItemDefinitionSO","0.25","245760","게임 내 역할은 시설 진화 촉매, 생산망의 입력·출력에 연결된다.","이 물자의 원본 기능을 위해 보관·운반·소비·거래 중 한 경로에 재고를 배정해 다른 사용처를 늦춘다","비교 후보(대체 가능성 미검증): GenericItemDefinitionSO:evolution:catalyst:arcane:1, GenericItemDefinitionSO:evolution:catalyst:arcane:10, GenericItemDefinitionSO:evolution:catalyst:arcane:11, GenericItemDefinitionSO:evolution:catalyst:arcane:12, GenericItemDefinitionSO:evolution:catalyst:arcane:13, GenericItemDefinitionSO:evolution:catalyst:arcane:14, GenericItemDefinitionSO:evolution:catalyst:arcane:15, GenericItemDefinitionSO:evolution:catalyst:arcane:16, GenericItemDefinitionSO:evolution:catalyst:arcane:17, GenericItemDefinitionSO:evolution:catalyst:arcane:18, GenericItemDefinitionSO:evolution:catalyst:arcane:19, GenericItemDefinitionSO:evolution:catalyst:arcane:2 외 155개","생성 또는 거래·재고 입고·운반·보관·장착 또는 소비와 하류 주문 기록","과잉 재고·운반·보관·수리 또는 사용 시점 지연이 압력이 된다","실제 비교 후보·교역·재활용·수리·배급 조정 중 원본 기능에 맞는 경로로 재고 압력을 줄인다","설계 확정; 질량·가격·스택·부패·효과 수치는 source authority와 밸런스 기준서에서 별도 검증 OPEN"
"evolution:catalyst:defense:13","수호 촉매 진행 13 · 3등급","General (일반)","[{""rid"":7737211921623154829},{""rid"":7737211921623154830}]","해당 없음: GenericItemDefinitionSO","0.25","491520","게임 내 역할은 시설 진화 촉매, 생산망의 입력·출력에 연결된다.","이 물자의 원본 기능을 위해 보관·운반·소비·거래 중 한 경로에 재고를 배정해 다른 사용처를 늦춘다","비교 후보(대체 가능성 미검증): GenericItemDefinitionSO:evolution:catalyst:arcane:1, GenericItemDefinitionSO:evolution:catalyst:arcane:10, GenericItemDefinitionSO:evolution:catalyst:arcane:11, GenericItemDefinitionSO:evolution:catalyst:arcane:12, GenericItemDefinitionSO:evolution:catalyst:arcane:13, GenericItemDefinitionSO:evolution:catalyst:arcane:14, GenericItemDefinitionSO:evolution:catalyst:arcane:15, GenericItemDefinitionSO:evolution:catalyst:arcane:16, GenericItemDefinitionSO:evolution:catalyst:arcane:17, GenericItemDefinitionSO:evolution:catalyst:arcane:18, GenericItemDefinitionSO:evolution:catalyst:arcane:19, GenericItemDefinitionSO:evolution:catalyst:arcane:2 외 155개","생성 또는 거래·재고 입고·운반·보관·장착 또는 소비와 하류 주문 기록","과잉 재고·운반·보관·수리 또는 사용 시점 지연이 압력이 된다","실제 비교 후보·교역·재활용·수리·배급 조정 중 원본 기능에 맞는 경로로 재고 압력을 줄인다","설계 확정; 질량·가격·스택·부패·효과 수치는 source authority와 밸런스 기준서에서 별도 검증 OPEN"
"evolution:catalyst:defense:14","수호 촉매 진행 14 · 4등급","General (일반)","[{""rid"":7737211921623154831},{""rid"":7737211921623154832}]","해당 없음: GenericItemDefinitionSO","0.25","983040","게임 내 역할은 시설 진화 촉매, 생산망의 입력·출력에 연결된다.","이 물자의 원본 기능을 위해 보관·운반·소비·거래 중 한 경로에 재고를 배정해 다른 사용처를 늦춘다","비교 후보(대체 가능성 미검증): GenericItemDefinitionSO:evolution:catalyst:arcane:1, GenericItemDefinitionSO:evolution:catalyst:arcane:10, GenericItemDefinitionSO:evolution:catalyst:arcane:11, GenericItemDefinitionSO:evolution:catalyst:arcane:12, GenericItemDefinitionSO:evolution:catalyst:arcane:13, GenericItemDefinitionSO:evolution:catalyst:arcane:14, GenericItemDefinitionSO:evolution:catalyst:arcane:15, GenericItemDefinitionSO:evolution:catalyst:arcane:16, GenericItemDefinitionSO:evolution:catalyst:arcane:17, GenericItemDefinitionSO:evolution:catalyst:arcane:18, GenericItemDefinitionSO:evolution:catalyst:arcane:19, GenericItemDefinitionSO:evolution:catalyst:arcane:2 외 155개","생성 또는 거래·재고 입고·운반·보관·장착 또는 소비와 하류 주문 기록","과잉 재고·운반·보관·수리 또는 사용 시점 지연이 압력이 된다","실제 비교 후보·교역·재활용·수리·배급 조정 중 원본 기능에 맞는 경로로 재고 압력을 줄인다","설계 확정; 질량·가격·스택·부패·효과 수치는 source authority와 밸런스 기준서에서 별도 검증 OPEN"
"evolution:catalyst:defense:15","수호 촉매 진행 15 · 4등급","General (일반)","[{""rid"":7737211921623154833},{""rid"":7737211921623154834}]","해당 없음: GenericItemDefinitionSO","0.25","1966080","게임 내 역할은 시설 진화 촉매, 생산망의 입력·출력에 연결된다.","이 물자의 원본 기능을 위해 보관·운반·소비·거래 중 한 경로에 재고를 배정해 다른 사용처를 늦춘다","비교 후보(대체 가능성 미검증): GenericItemDefinitionSO:evolution:catalyst:arcane:1, GenericItemDefinitionSO:evolution:catalyst:arcane:10, GenericItemDefinitionSO:evolution:catalyst:arcane:11, GenericItemDefinitionSO:evolution:catalyst:arcane:12, GenericItemDefinitionSO:evolution:catalyst:arcane:13, GenericItemDefinitionSO:evolution:catalyst:arcane:14, GenericItemDefinitionSO:evolution:catalyst:arcane:15, GenericItemDefinitionSO:evolution:catalyst:arcane:16, GenericItemDefinitionSO:evolution:catalyst:arcane:17, GenericItemDefinitionSO:evolution:catalyst:arcane:18, GenericItemDefinitionSO:evolution:catalyst:arcane:19, GenericItemDefinitionSO:evolution:catalyst:arcane:2 외 155개","생성 또는 거래·재고 입고·운반·보관·장착 또는 소비와 하류 주문 기록","과잉 재고·운반·보관·수리 또는 사용 시점 지연이 압력이 된다","실제 비교 후보·교역·재활용·수리·배급 조정 중 원본 기능에 맞는 경로로 재고 압력을 줄인다","설계 확정; 질량·가격·스택·부패·효과 수치는 source authority와 밸런스 기준서에서 별도 검증 OPEN"
"evolution:catalyst:defense:16","수호 촉매 진행 16 · 4등급","General (일반)","[{""rid"":7737211921623154835},{""rid"":7737211921623154836}]","해당 없음: GenericItemDefinitionSO","0.25","3932160","게임 내 역할은 시설 진화 촉매, 생산망의 입력·출력에 연결된다.","이 물자의 원본 기능을 위해 보관·운반·소비·거래 중 한 경로에 재고를 배정해 다른 사용처를 늦춘다","비교 후보(대체 가능성 미검증): GenericItemDefinitionSO:evolution:catalyst:arcane:1, GenericItemDefinitionSO:evolution:catalyst:arcane:10, GenericItemDefinitionSO:evolution:catalyst:arcane:11, GenericItemDefinitionSO:evolution:catalyst:arcane:12, GenericItemDefinitionSO:evolution:catalyst:arcane:13, GenericItemDefinitionSO:evolution:catalyst:arcane:14, GenericItemDefinitionSO:evolution:catalyst:arcane:15, GenericItemDefinitionSO:evolution:catalyst:arcane:16, GenericItemDefinitionSO:evolution:catalyst:arcane:17, GenericItemDefinitionSO:evolution:catalyst:arcane:18, GenericItemDefinitionSO:evolution:catalyst:arcane:19, GenericItemDefinitionSO:evolution:catalyst:arcane:2 외 155개","생성 또는 거래·재고 입고·운반·보관·장착 또는 소비와 하류 주문 기록","과잉 재고·운반·보관·수리 또는 사용 시점 지연이 압력이 된다","실제 비교 후보·교역·재활용·수리·배급 조정 중 원본 기능에 맞는 경로로 재고 압력을 줄인다","설계 확정; 질량·가격·스택·부패·효과 수치는 source authority와 밸런스 기준서에서 별도 검증 OPEN"
"evolution:catalyst:defense:17","수호 촉매 진행 17 · 4등급","General (일반)","[{""rid"":7737211921623154837},{""rid"":7737211921623154838}]","해당 없음: GenericItemDefinitionSO","0.25","7864320","게임 내 역할은 시설 진화 촉매, 생산망의 입력·출력에 연결된다.","이 물자의 원본 기능을 위해 보관·운반·소비·거래 중 한 경로에 재고를 배정해 다른 사용처를 늦춘다","비교 후보(대체 가능성 미검증): GenericItemDefinitionSO:evolution:catalyst:arcane:1, GenericItemDefinitionSO:evolution:catalyst:arcane:10, GenericItemDefinitionSO:evolution:catalyst:arcane:11, GenericItemDefinitionSO:evolution:catalyst:arcane:12, GenericItemDefinitionSO:evolution:catalyst:arcane:13, GenericItemDefinitionSO:evolution:catalyst:arcane:14, GenericItemDefinitionSO:evolution:catalyst:arcane:15, GenericItemDefinitionSO:evolution:catalyst:arcane:16, GenericItemDefinitionSO:evolution:catalyst:arcane:17, GenericItemDefinitionSO:evolution:catalyst:arcane:18, GenericItemDefinitionSO:evolution:catalyst:arcane:19, GenericItemDefinitionSO:evolution:catalyst:arcane:2 외 155개","생성 또는 거래·재고 입고·운반·보관·장착 또는 소비와 하류 주문 기록","과잉 재고·운반·보관·수리 또는 사용 시점 지연이 압력이 된다","실제 비교 후보·교역·재활용·수리·배급 조정 중 원본 기능에 맞는 경로로 재고 압력을 줄인다","설계 확정; 질량·가격·스택·부패·효과 수치는 source authority와 밸런스 기준서에서 별도 검증 OPEN"
"evolution:catalyst:defense:18","수호 촉매 진행 18 · 5등급","General (일반)","[{""rid"":7737211921623154839},{""rid"":7737211921623154840}]","해당 없음: GenericItemDefinitionSO","0.25","15728640","게임 내 역할은 시설 진화 촉매, 생산망의 입력·출력에 연결된다.","이 물자의 원본 기능을 위해 보관·운반·소비·거래 중 한 경로에 재고를 배정해 다른 사용처를 늦춘다","비교 후보(대체 가능성 미검증): GenericItemDefinitionSO:evolution:catalyst:arcane:1, GenericItemDefinitionSO:evolution:catalyst:arcane:10, GenericItemDefinitionSO:evolution:catalyst:arcane:11, GenericItemDefinitionSO:evolution:catalyst:arcane:12, GenericItemDefinitionSO:evolution:catalyst:arcane:13, GenericItemDefinitionSO:evolution:catalyst:arcane:14, GenericItemDefinitionSO:evolution:catalyst:arcane:15, GenericItemDefinitionSO:evolution:catalyst:arcane:16, GenericItemDefinitionSO:evolution:catalyst:arcane:17, GenericItemDefinitionSO:evolution:catalyst:arcane:18, GenericItemDefinitionSO:evolution:catalyst:arcane:19, GenericItemDefinitionSO:evolution:catalyst:arcane:2 외 155개","생성 또는 거래·재고 입고·운반·보관·장착 또는 소비와 하류 주문 기록","과잉 재고·운반·보관·수리 또는 사용 시점 지연이 압력이 된다","실제 비교 후보·교역·재활용·수리·배급 조정 중 원본 기능에 맞는 경로로 재고 압력을 줄인다","설계 확정; 질량·가격·스택·부패·효과 수치는 source authority와 밸런스 기준서에서 별도 검증 OPEN"
"evolution:catalyst:defense:19","수호 촉매 진행 19 · 5등급","General (일반)","[{""rid"":7737211921623154841},{""rid"":7737211921623154842}]","해당 없음: GenericItemDefinitionSO","0.25","31457280","게임 내 역할은 시설 진화 촉매, 생산망의 입력·출력에 연결된다.","이 물자의 원본 기능을 위해 보관·운반·소비·거래 중 한 경로에 재고를 배정해 다른 사용처를 늦춘다","비교 후보(대체 가능성 미검증): GenericItemDefinitionSO:evolution:catalyst:arcane:1, GenericItemDefinitionSO:evolution:catalyst:arcane:10, GenericItemDefinitionSO:evolution:catalyst:arcane:11, GenericItemDefinitionSO:evolution:catalyst:arcane:12, GenericItemDefinitionSO:evolution:catalyst:arcane:13, GenericItemDefinitionSO:evolution:catalyst:arcane:14, GenericItemDefinitionSO:evolution:catalyst:arcane:15, GenericItemDefinitionSO:evolution:catalyst:arcane:16, GenericItemDefinitionSO:evolution:catalyst:arcane:17, GenericItemDefinitionSO:evolution:catalyst:arcane:18, GenericItemDefinitionSO:evolution:catalyst:arcane:19, GenericItemDefinitionSO:evolution:catalyst:arcane:2 외 155개","생성 또는 거래·재고 입고·운반·보관·장착 또는 소비와 하류 주문 기록","과잉 재고·운반·보관·수리 또는 사용 시점 지연이 압력이 된다","실제 비교 후보·교역·재활용·수리·배급 조정 중 원본 기능에 맞는 경로로 재고 압력을 줄인다","설계 확정; 질량·가격·스택·부패·효과 수치는 source authority와 밸런스 기준서에서 별도 검증 OPEN"
"evolution:catalyst:defense:2","수호 촉매 진행 2 · 1등급","General (일반)","[{""rid"":7737211921623154843},{""rid"":7737211921623154844}]","해당 없음: GenericItemDefinitionSO","0.25","240","게임 내 역할은 시설 진화 촉매, 생산망의 입력·출력에 연결된다.","이 물자의 원본 기능을 위해 보관·운반·소비·거래 중 한 경로에 재고를 배정해 다른 사용처를 늦춘다","비교 후보(대체 가능성 미검증): GenericItemDefinitionSO:evolution:catalyst:arcane:1, GenericItemDefinitionSO:evolution:catalyst:arcane:10, GenericItemDefinitionSO:evolution:catalyst:arcane:11, GenericItemDefinitionSO:evolution:catalyst:arcane:12, GenericItemDefinitionSO:evolution:catalyst:arcane:13, GenericItemDefinitionSO:evolution:catalyst:arcane:14, GenericItemDefinitionSO:evolution:catalyst:arcane:15, GenericItemDefinitionSO:evolution:catalyst:arcane:16, GenericItemDefinitionSO:evolution:catalyst:arcane:17, GenericItemDefinitionSO:evolution:catalyst:arcane:18, GenericItemDefinitionSO:evolution:catalyst:arcane:19, GenericItemDefinitionSO:evolution:catalyst:arcane:2 외 155개","생성 또는 거래·재고 입고·운반·보관·장착 또는 소비와 하류 주문 기록","과잉 재고·운반·보관·수리 또는 사용 시점 지연이 압력이 된다","실제 비교 후보·교역·재활용·수리·배급 조정 중 원본 기능에 맞는 경로로 재고 압력을 줄인다","설계 확정; 질량·가격·스택·부패·효과 수치는 source authority와 밸런스 기준서에서 별도 검증 OPEN"
"evolution:catalyst:defense:20","수호 촉매 진행 20 · 5등급","General (일반)","[{""rid"":7737211921623154845},{""rid"":7737211921623154846}]","해당 없음: GenericItemDefinitionSO","0.25","62914560","게임 내 역할은 시설 진화 촉매, 생산망의 입력·출력에 연결된다.","이 물자의 원본 기능을 위해 보관·운반·소비·거래 중 한 경로에 재고를 배정해 다른 사용처를 늦춘다","비교 후보(대체 가능성 미검증): GenericItemDefinitionSO:evolution:catalyst:arcane:1, GenericItemDefinitionSO:evolution:catalyst:arcane:10, GenericItemDefinitionSO:evolution:catalyst:arcane:11, GenericItemDefinitionSO:evolution:catalyst:arcane:12, GenericItemDefinitionSO:evolution:catalyst:arcane:13, GenericItemDefinitionSO:evolution:catalyst:arcane:14, GenericItemDefinitionSO:evolution:catalyst:arcane:15, GenericItemDefinitionSO:evolution:catalyst:arcane:16, GenericItemDefinitionSO:evolution:catalyst:arcane:17, GenericItemDefinitionSO:evolution:catalyst:arcane:18, GenericItemDefinitionSO:evolution:catalyst:arcane:19, GenericItemDefinitionSO:evolution:catalyst:arcane:2 외 155개","생성 또는 거래·재고 입고·운반·보관·장착 또는 소비와 하류 주문 기록","과잉 재고·운반·보관·수리 또는 사용 시점 지연이 압력이 된다","실제 비교 후보·교역·재활용·수리·배급 조정 중 원본 기능에 맞는 경로로 재고 압력을 줄인다","설계 확정; 질량·가격·스택·부패·효과 수치는 source authority와 밸런스 기준서에서 별도 검증 OPEN"
"evolution:catalyst:defense:21","수호 촉매 진행 21 · 5등급","General (일반)","[{""rid"":7737211921623154847},{""rid"":7737211921623154848}]","해당 없음: GenericItemDefinitionSO","0.25","125829120","게임 내 역할은 시설 진화 촉매, 생산망의 입력·출력에 연결된다.","이 물자의 원본 기능을 위해 보관·운반·소비·거래 중 한 경로에 재고를 배정해 다른 사용처를 늦춘다","비교 후보(대체 가능성 미검증): GenericItemDefinitionSO:evolution:catalyst:arcane:1, GenericItemDefinitionSO:evolution:catalyst:arcane:10, GenericItemDefinitionSO:evolution:catalyst:arcane:11, GenericItemDefinitionSO:evolution:catalyst:arcane:12, GenericItemDefinitionSO:evolution:catalyst:arcane:13, GenericItemDefinitionSO:evolution:catalyst:arcane:14, GenericItemDefinitionSO:evolution:catalyst:arcane:15, GenericItemDefinitionSO:evolution:catalyst:arcane:16, GenericItemDefinitionSO:evolution:catalyst:arcane:17, GenericItemDefinitionSO:evolution:catalyst:arcane:18, GenericItemDefinitionSO:evolution:catalyst:arcane:19, GenericItemDefinitionSO:evolution:catalyst:arcane:2 외 155개","생성 또는 거래·재고 입고·운반·보관·장착 또는 소비와 하류 주문 기록","과잉 재고·운반·보관·수리 또는 사용 시점 지연이 압력이 된다","실제 비교 후보·교역·재활용·수리·배급 조정 중 원본 기능에 맞는 경로로 재고 압력을 줄인다","설계 확정; 질량·가격·스택·부패·효과 수치는 source authority와 밸런스 기준서에서 별도 검증 OPEN"
"evolution:catalyst:defense:3","수호 촉매 진행 3 · 1등급","General (일반)","[{""rid"":7737211921623154849},{""rid"":7737211921623154850}]","해당 없음: GenericItemDefinitionSO","0.25","480","게임 내 역할은 시설 진화 촉매, 생산망의 입력·출력에 연결된다.","이 물자의 원본 기능을 위해 보관·운반·소비·거래 중 한 경로에 재고를 배정해 다른 사용처를 늦춘다","비교 후보(대체 가능성 미검증): GenericItemDefinitionSO:evolution:catalyst:arcane:1, GenericItemDefinitionSO:evolution:catalyst:arcane:10, GenericItemDefinitionSO:evolution:catalyst:arcane:11, GenericItemDefinitionSO:evolution:catalyst:arcane:12, GenericItemDefinitionSO:evolution:catalyst:arcane:13, GenericItemDefinitionSO:evolution:catalyst:arcane:14, GenericItemDefinitionSO:evolution:catalyst:arcane:15, GenericItemDefinitionSO:evolution:catalyst:arcane:16, GenericItemDefinitionSO:evolution:catalyst:arcane:17, GenericItemDefinitionSO:evolution:catalyst:arcane:18, GenericItemDefinitionSO:evolution:catalyst:arcane:19, GenericItemDefinitionSO:evolution:catalyst:arcane:2 외 155개","생성 또는 거래·재고 입고·운반·보관·장착 또는 소비와 하류 주문 기록","과잉 재고·운반·보관·수리 또는 사용 시점 지연이 압력이 된다","실제 비교 후보·교역·재활용·수리·배급 조정 중 원본 기능에 맞는 경로로 재고 압력을 줄인다","설계 확정; 질량·가격·스택·부패·효과 수치는 source authority와 밸런스 기준서에서 별도 검증 OPEN"
"evolution:catalyst:defense:4","수호 촉매 진행 4 · 1등급","General (일반)","[{""rid"":7737211921623154851},{""rid"":7737211921623154852}]","해당 없음: GenericItemDefinitionSO","0.25","960","게임 내 역할은 시설 진화 촉매, 생산망의 입력·출력에 연결된다.","이 물자의 원본 기능을 위해 보관·운반·소비·거래 중 한 경로에 재고를 배정해 다른 사용처를 늦춘다","비교 후보(대체 가능성 미검증): GenericItemDefinitionSO:evolution:catalyst:arcane:1, GenericItemDefinitionSO:evolution:catalyst:arcane:10, GenericItemDefinitionSO:evolution:catalyst:arcane:11, GenericItemDefinitionSO:evolution:catalyst:arcane:12, GenericItemDefinitionSO:evolution:catalyst:arcane:13, GenericItemDefinitionSO:evolution:catalyst:arcane:14, GenericItemDefinitionSO:evolution:catalyst:arcane:15, GenericItemDefinitionSO:evolution:catalyst:arcane:16, GenericItemDefinitionSO:evolution:catalyst:arcane:17, GenericItemDefinitionSO:evolution:catalyst:arcane:18, GenericItemDefinitionSO:evolution:catalyst:arcane:19, GenericItemDefinitionSO:evolution:catalyst:arcane:2 외 155개","생성 또는 거래·재고 입고·운반·보관·장착 또는 소비와 하류 주문 기록","과잉 재고·운반·보관·수리 또는 사용 시점 지연이 압력이 된다","실제 비교 후보·교역·재활용·수리·배급 조정 중 원본 기능에 맞는 경로로 재고 압력을 줄인다","설계 확정; 질량·가격·스택·부패·효과 수치는 source authority와 밸런스 기준서에서 별도 검증 OPEN"
"evolution:catalyst:defense:5","수호 촉매 진행 5 · 1등급","General (일반)","[{""rid"":7737211921623154853},{""rid"":7737211921623154854}]","해당 없음: GenericItemDefinitionSO","0.25","1920","게임 내 역할은 시설 진화 촉매, 생산망의 입력·출력에 연결된다.","이 물자의 원본 기능을 위해 보관·운반·소비·거래 중 한 경로에 재고를 배정해 다른 사용처를 늦춘다","비교 후보(대체 가능성 미검증): GenericItemDefinitionSO:evolution:catalyst:arcane:1, GenericItemDefinitionSO:evolution:catalyst:arcane:10, GenericItemDefinitionSO:evolution:catalyst:arcane:11, GenericItemDefinitionSO:evolution:catalyst:arcane:12, GenericItemDefinitionSO:evolution:catalyst:arcane:13, GenericItemDefinitionSO:evolution:catalyst:arcane:14, GenericItemDefinitionSO:evolution:catalyst:arcane:15, GenericItemDefinitionSO:evolution:catalyst:arcane:16, GenericItemDefinitionSO:evolution:catalyst:arcane:17, GenericItemDefinitionSO:evolution:catalyst:arcane:18, GenericItemDefinitionSO:evolution:catalyst:arcane:19, GenericItemDefinitionSO:evolution:catalyst:arcane:2 외 155개","생성 또는 거래·재고 입고·운반·보관·장착 또는 소비와 하류 주문 기록","과잉 재고·운반·보관·수리 또는 사용 시점 지연이 압력이 된다","실제 비교 후보·교역·재활용·수리·배급 조정 중 원본 기능에 맞는 경로로 재고 압력을 줄인다","설계 확정; 질량·가격·스택·부패·효과 수치는 source authority와 밸런스 기준서에서 별도 검증 OPEN"
"evolution:catalyst:defense:6","수호 촉매 진행 6 · 2등급","General (일반)","[{""rid"":7737211921623154855},{""rid"":7737211921623154856}]","해당 없음: GenericItemDefinitionSO","0.25","3840","게임 내 역할은 시설 진화 촉매, 생산망의 입력·출력에 연결된다.","이 물자의 원본 기능을 위해 보관·운반·소비·거래 중 한 경로에 재고를 배정해 다른 사용처를 늦춘다","비교 후보(대체 가능성 미검증): GenericItemDefinitionSO:evolution:catalyst:arcane:1, GenericItemDefinitionSO:evolution:catalyst:arcane:10, GenericItemDefinitionSO:evolution:catalyst:arcane:11, GenericItemDefinitionSO:evolution:catalyst:arcane:12, GenericItemDefinitionSO:evolution:catalyst:arcane:13, GenericItemDefinitionSO:evolution:catalyst:arcane:14, GenericItemDefinitionSO:evolution:catalyst:arcane:15, GenericItemDefinitionSO:evolution:catalyst:arcane:16, GenericItemDefinitionSO:evolution:catalyst:arcane:17, GenericItemDefinitionSO:evolution:catalyst:arcane:18, GenericItemDefinitionSO:evolution:catalyst:arcane:19, GenericItemDefinitionSO:evolution:catalyst:arcane:2 외 155개","생성 또는 거래·재고 입고·운반·보관·장착 또는 소비와 하류 주문 기록","과잉 재고·운반·보관·수리 또는 사용 시점 지연이 압력이 된다","실제 비교 후보·교역·재활용·수리·배급 조정 중 원본 기능에 맞는 경로로 재고 압력을 줄인다","설계 확정; 질량·가격·스택·부패·효과 수치는 source authority와 밸런스 기준서에서 별도 검증 OPEN"
"evolution:catalyst:defense:7","수호 촉매 진행 7 · 2등급","General (일반)","[{""rid"":7737211921623154857},{""rid"":7737211921623154858}]","해당 없음: GenericItemDefinitionSO","0.25","7680","게임 내 역할은 시설 진화 촉매, 생산망의 입력·출력에 연결된다.","이 물자의 원본 기능을 위해 보관·운반·소비·거래 중 한 경로에 재고를 배정해 다른 사용처를 늦춘다","비교 후보(대체 가능성 미검증): GenericItemDefinitionSO:evolution:catalyst:arcane:1, GenericItemDefinitionSO:evolution:catalyst:arcane:10, GenericItemDefinitionSO:evolution:catalyst:arcane:11, GenericItemDefinitionSO:evolution:catalyst:arcane:12, GenericItemDefinitionSO:evolution:catalyst:arcane:13, GenericItemDefinitionSO:evolution:catalyst:arcane:14, GenericItemDefinitionSO:evolution:catalyst:arcane:15, GenericItemDefinitionSO:evolution:catalyst:arcane:16, GenericItemDefinitionSO:evolution:catalyst:arcane:17, GenericItemDefinitionSO:evolution:catalyst:arcane:18, GenericItemDefinitionSO:evolution:catalyst:arcane:19, GenericItemDefinitionSO:evolution:catalyst:arcane:2 외 155개","생성 또는 거래·재고 입고·운반·보관·장착 또는 소비와 하류 주문 기록","과잉 재고·운반·보관·수리 또는 사용 시점 지연이 압력이 된다","실제 비교 후보·교역·재활용·수리·배급 조정 중 원본 기능에 맞는 경로로 재고 압력을 줄인다","설계 확정; 질량·가격·스택·부패·효과 수치는 source authority와 밸런스 기준서에서 별도 검증 OPEN"
"evolution:catalyst:defense:8","수호 촉매 진행 8 · 2등급","General (일반)","[{""rid"":7737211921623154859},{""rid"":7737211921623154860}]","해당 없음: GenericItemDefinitionSO","0.25","15360","게임 내 역할은 시설 진화 촉매, 생산망의 입력·출력에 연결된다.","이 물자의 원본 기능을 위해 보관·운반·소비·거래 중 한 경로에 재고를 배정해 다른 사용처를 늦춘다","비교 후보(대체 가능성 미검증): GenericItemDefinitionSO:evolution:catalyst:arcane:1, GenericItemDefinitionSO:evolution:catalyst:arcane:10, GenericItemDefinitionSO:evolution:catalyst:arcane:11, GenericItemDefinitionSO:evolution:catalyst:arcane:12, GenericItemDefinitionSO:evolution:catalyst:arcane:13, GenericItemDefinitionSO:evolution:catalyst:arcane:14, GenericItemDefinitionSO:evolution:catalyst:arcane:15, GenericItemDefinitionSO:evolution:catalyst:arcane:16, GenericItemDefinitionSO:evolution:catalyst:arcane:17, GenericItemDefinitionSO:evolution:catalyst:arcane:18, GenericItemDefinitionSO:evolution:catalyst:arcane:19, GenericItemDefinitionSO:evolution:catalyst:arcane:2 외 155개","생성 또는 거래·재고 입고·운반·보관·장착 또는 소비와 하류 주문 기록","과잉 재고·운반·보관·수리 또는 사용 시점 지연이 압력이 된다","실제 비교 후보·교역·재활용·수리·배급 조정 중 원본 기능에 맞는 경로로 재고 압력을 줄인다","설계 확정; 질량·가격·스택·부패·효과 수치는 source authority와 밸런스 기준서에서 별도 검증 OPEN"
"evolution:catalyst:defense:9","수호 촉매 진행 9 · 2등급","General (일반)","[{""rid"":7737211921623154861},{""rid"":7737211921623154862}]","해당 없음: GenericItemDefinitionSO","0.25","30720","게임 내 역할은 시설 진화 촉매, 생산망의 입력·출력에 연결된다.","이 물자의 원본 기능을 위해 보관·운반·소비·거래 중 한 경로에 재고를 배정해 다른 사용처를 늦춘다","비교 후보(대체 가능성 미검증): GenericItemDefinitionSO:evolution:catalyst:arcane:1, GenericItemDefinitionSO:evolution:catalyst:arcane:10, GenericItemDefinitionSO:evolution:catalyst:arcane:11, GenericItemDefinitionSO:evolution:catalyst:arcane:12, GenericItemDefinitionSO:evolution:catalyst:arcane:13, GenericItemDefinitionSO:evolution:catalyst:arcane:14, GenericItemDefinitionSO:evolution:catalyst:arcane:15, GenericItemDefinitionSO:evolution:catalyst:arcane:16, GenericItemDefinitionSO:evolution:catalyst:arcane:17, GenericItemDefinitionSO:evolution:catalyst:arcane:18, GenericItemDefinitionSO:evolution:catalyst:arcane:19, GenericItemDefinitionSO:evolution:catalyst:arcane:2 외 155개","생성 또는 거래·재고 입고·운반·보관·장착 또는 소비와 하류 주문 기록","과잉 재고·운반·보관·수리 또는 사용 시점 지연이 압력이 된다","실제 비교 후보·교역·재활용·수리·배급 조정 중 원본 기능에 맞는 경로로 재고 압력을 줄인다","설계 확정; 질량·가격·스택·부패·효과 수치는 source authority와 밸런스 기준서에서 별도 검증 OPEN"
"evolution:catalyst:industry:1","산업 촉매 진행 1 · 1등급","General (일반)","[{""rid"":7737211921623154863},{""rid"":7737211921623154864}]","해당 없음: GenericItemDefinitionSO","0.25","120","게임 내 역할은 시설 진화 촉매, 생산망의 입력·출력에 연결된다.","이 물자의 원본 기능을 위해 보관·운반·소비·거래 중 한 경로에 재고를 배정해 다른 사용처를 늦춘다","비교 후보(대체 가능성 미검증): GenericItemDefinitionSO:evolution:catalyst:arcane:1, GenericItemDefinitionSO:evolution:catalyst:arcane:10, GenericItemDefinitionSO:evolution:catalyst:arcane:11, GenericItemDefinitionSO:evolution:catalyst:arcane:12, GenericItemDefinitionSO:evolution:catalyst:arcane:13, GenericItemDefinitionSO:evolution:catalyst:arcane:14, GenericItemDefinitionSO:evolution:catalyst:arcane:15, GenericItemDefinitionSO:evolution:catalyst:arcane:16, GenericItemDefinitionSO:evolution:catalyst:arcane:17, GenericItemDefinitionSO:evolution:catalyst:arcane:18, GenericItemDefinitionSO:evolution:catalyst:arcane:19, GenericItemDefinitionSO:evolution:catalyst:arcane:2 외 155개","생성 또는 거래·재고 입고·운반·보관·장착 또는 소비와 하류 주문 기록","과잉 재고·운반·보관·수리 또는 사용 시점 지연이 압력이 된다","실제 비교 후보·교역·재활용·수리·배급 조정 중 원본 기능에 맞는 경로로 재고 압력을 줄인다","설계 확정; 질량·가격·스택·부패·효과 수치는 source authority와 밸런스 기준서에서 별도 검증 OPEN"
"evolution:catalyst:industry:10","산업 촉매 진행 10 · 3등급","General (일반)","[{""rid"":7737211921623154865},{""rid"":7737211921623154866}]","해당 없음: GenericItemDefinitionSO","0.25","61440","게임 내 역할은 시설 진화 촉매, 생산망의 입력·출력에 연결된다.","이 물자의 원본 기능을 위해 보관·운반·소비·거래 중 한 경로에 재고를 배정해 다른 사용처를 늦춘다","비교 후보(대체 가능성 미검증): GenericItemDefinitionSO:evolution:catalyst:arcane:1, GenericItemDefinitionSO:evolution:catalyst:arcane:10, GenericItemDefinitionSO:evolution:catalyst:arcane:11, GenericItemDefinitionSO:evolution:catalyst:arcane:12, GenericItemDefinitionSO:evolution:catalyst:arcane:13, GenericItemDefinitionSO:evolution:catalyst:arcane:14, GenericItemDefinitionSO:evolution:catalyst:arcane:15, GenericItemDefinitionSO:evolution:catalyst:arcane:16, GenericItemDefinitionSO:evolution:catalyst:arcane:17, GenericItemDefinitionSO:evolution:catalyst:arcane:18, GenericItemDefinitionSO:evolution:catalyst:arcane:19, GenericItemDefinitionSO:evolution:catalyst:arcane:2 외 155개","생성 또는 거래·재고 입고·운반·보관·장착 또는 소비와 하류 주문 기록","과잉 재고·운반·보관·수리 또는 사용 시점 지연이 압력이 된다","실제 비교 후보·교역·재활용·수리·배급 조정 중 원본 기능에 맞는 경로로 재고 압력을 줄인다","설계 확정; 질량·가격·스택·부패·효과 수치는 source authority와 밸런스 기준서에서 별도 검증 OPEN"
"evolution:catalyst:industry:11","산업 촉매 진행 11 · 3등급","General (일반)","[{""rid"":7737211921623154867},{""rid"":7737211921623154868}]","해당 없음: GenericItemDefinitionSO","0.25","122880","게임 내 역할은 시설 진화 촉매, 생산망의 입력·출력에 연결된다.","이 물자의 원본 기능을 위해 보관·운반·소비·거래 중 한 경로에 재고를 배정해 다른 사용처를 늦춘다","비교 후보(대체 가능성 미검증): GenericItemDefinitionSO:evolution:catalyst:arcane:1, GenericItemDefinitionSO:evolution:catalyst:arcane:10, GenericItemDefinitionSO:evolution:catalyst:arcane:11, GenericItemDefinitionSO:evolution:catalyst:arcane:12, GenericItemDefinitionSO:evolution:catalyst:arcane:13, GenericItemDefinitionSO:evolution:catalyst:arcane:14, GenericItemDefinitionSO:evolution:catalyst:arcane:15, GenericItemDefinitionSO:evolution:catalyst:arcane:16, GenericItemDefinitionSO:evolution:catalyst:arcane:17, GenericItemDefinitionSO:evolution:catalyst:arcane:18, GenericItemDefinitionSO:evolution:catalyst:arcane:19, GenericItemDefinitionSO:evolution:catalyst:arcane:2 외 155개","생성 또는 거래·재고 입고·운반·보관·장착 또는 소비와 하류 주문 기록","과잉 재고·운반·보관·수리 또는 사용 시점 지연이 압력이 된다","실제 비교 후보·교역·재활용·수리·배급 조정 중 원본 기능에 맞는 경로로 재고 압력을 줄인다","설계 확정; 질량·가격·스택·부패·효과 수치는 source authority와 밸런스 기준서에서 별도 검증 OPEN"
"evolution:catalyst:industry:12","산업 촉매 진행 12 · 3등급","General (일반)","[{""rid"":7737211921623154869},{""rid"":7737211921623154870}]","해당 없음: GenericItemDefinitionSO","0.25","245760","게임 내 역할은 시설 진화 촉매, 생산망의 입력·출력에 연결된다.","이 물자의 원본 기능을 위해 보관·운반·소비·거래 중 한 경로에 재고를 배정해 다른 사용처를 늦춘다","비교 후보(대체 가능성 미검증): GenericItemDefinitionSO:evolution:catalyst:arcane:1, GenericItemDefinitionSO:evolution:catalyst:arcane:10, GenericItemDefinitionSO:evolution:catalyst:arcane:11, GenericItemDefinitionSO:evolution:catalyst:arcane:12, GenericItemDefinitionSO:evolution:catalyst:arcane:13, GenericItemDefinitionSO:evolution:catalyst:arcane:14, GenericItemDefinitionSO:evolution:catalyst:arcane:15, GenericItemDefinitionSO:evolution:catalyst:arcane:16, GenericItemDefinitionSO:evolution:catalyst:arcane:17, GenericItemDefinitionSO:evolution:catalyst:arcane:18, GenericItemDefinitionSO:evolution:catalyst:arcane:19, GenericItemDefinitionSO:evolution:catalyst:arcane:2 외 155개","생성 또는 거래·재고 입고·운반·보관·장착 또는 소비와 하류 주문 기록","과잉 재고·운반·보관·수리 또는 사용 시점 지연이 압력이 된다","실제 비교 후보·교역·재활용·수리·배급 조정 중 원본 기능에 맞는 경로로 재고 압력을 줄인다","설계 확정; 질량·가격·스택·부패·효과 수치는 source authority와 밸런스 기준서에서 별도 검증 OPEN"
"evolution:catalyst:industry:13","산업 촉매 진행 13 · 3등급","General (일반)","[{""rid"":7737211921623154871},{""rid"":7737211921623154872}]","해당 없음: GenericItemDefinitionSO","0.25","491520","게임 내 역할은 시설 진화 촉매, 생산망의 입력·출력에 연결된다.","이 물자의 원본 기능을 위해 보관·운반·소비·거래 중 한 경로에 재고를 배정해 다른 사용처를 늦춘다","비교 후보(대체 가능성 미검증): GenericItemDefinitionSO:evolution:catalyst:arcane:1, GenericItemDefinitionSO:evolution:catalyst:arcane:10, GenericItemDefinitionSO:evolution:catalyst:arcane:11, GenericItemDefinitionSO:evolution:catalyst:arcane:12, GenericItemDefinitionSO:evolution:catalyst:arcane:13, GenericItemDefinitionSO:evolution:catalyst:arcane:14, GenericItemDefinitionSO:evolution:catalyst:arcane:15, GenericItemDefinitionSO:evolution:catalyst:arcane:16, GenericItemDefinitionSO:evolution:catalyst:arcane:17, GenericItemDefinitionSO:evolution:catalyst:arcane:18, GenericItemDefinitionSO:evolution:catalyst:arcane:19, GenericItemDefinitionSO:evolution:catalyst:arcane:2 외 155개","생성 또는 거래·재고 입고·운반·보관·장착 또는 소비와 하류 주문 기록","과잉 재고·운반·보관·수리 또는 사용 시점 지연이 압력이 된다","실제 비교 후보·교역·재활용·수리·배급 조정 중 원본 기능에 맞는 경로로 재고 압력을 줄인다","설계 확정; 질량·가격·스택·부패·효과 수치는 source authority와 밸런스 기준서에서 별도 검증 OPEN"
"evolution:catalyst:industry:14","산업 촉매 진행 14 · 4등급","General (일반)","[{""rid"":7737211921623154873},{""rid"":7737211921623154874}]","해당 없음: GenericItemDefinitionSO","0.25","983040","게임 내 역할은 시설 진화 촉매, 생산망의 입력·출력에 연결된다.","이 물자의 원본 기능을 위해 보관·운반·소비·거래 중 한 경로에 재고를 배정해 다른 사용처를 늦춘다","비교 후보(대체 가능성 미검증): GenericItemDefinitionSO:evolution:catalyst:arcane:1, GenericItemDefinitionSO:evolution:catalyst:arcane:10, GenericItemDefinitionSO:evolution:catalyst:arcane:11, GenericItemDefinitionSO:evolution:catalyst:arcane:12, GenericItemDefinitionSO:evolution:catalyst:arcane:13, GenericItemDefinitionSO:evolution:catalyst:arcane:14, GenericItemDefinitionSO:evolution:catalyst:arcane:15, GenericItemDefinitionSO:evolution:catalyst:arcane:16, GenericItemDefinitionSO:evolution:catalyst:arcane:17, GenericItemDefinitionSO:evolution:catalyst:arcane:18, GenericItemDefinitionSO:evolution:catalyst:arcane:19, GenericItemDefinitionSO:evolution:catalyst:arcane:2 외 155개","생성 또는 거래·재고 입고·운반·보관·장착 또는 소비와 하류 주문 기록","과잉 재고·운반·보관·수리 또는 사용 시점 지연이 압력이 된다","실제 비교 후보·교역·재활용·수리·배급 조정 중 원본 기능에 맞는 경로로 재고 압력을 줄인다","설계 확정; 질량·가격·스택·부패·효과 수치는 source authority와 밸런스 기준서에서 별도 검증 OPEN"
"evolution:catalyst:industry:15","산업 촉매 진행 15 · 4등급","General (일반)","[{""rid"":7737211921623154875},{""rid"":7737211921623154876}]","해당 없음: GenericItemDefinitionSO","0.25","1966080","게임 내 역할은 시설 진화 촉매, 생산망의 입력·출력에 연결된다.","이 물자의 원본 기능을 위해 보관·운반·소비·거래 중 한 경로에 재고를 배정해 다른 사용처를 늦춘다","비교 후보(대체 가능성 미검증): GenericItemDefinitionSO:evolution:catalyst:arcane:1, GenericItemDefinitionSO:evolution:catalyst:arcane:10, GenericItemDefinitionSO:evolution:catalyst:arcane:11, GenericItemDefinitionSO:evolution:catalyst:arcane:12, GenericItemDefinitionSO:evolution:catalyst:arcane:13, GenericItemDefinitionSO:evolution:catalyst:arcane:14, GenericItemDefinitionSO:evolution:catalyst:arcane:15, GenericItemDefinitionSO:evolution:catalyst:arcane:16, GenericItemDefinitionSO:evolution:catalyst:arcane:17, GenericItemDefinitionSO:evolution:catalyst:arcane:18, GenericItemDefinitionSO:evolution:catalyst:arcane:19, GenericItemDefinitionSO:evolution:catalyst:arcane:2 외 155개","생성 또는 거래·재고 입고·운반·보관·장착 또는 소비와 하류 주문 기록","과잉 재고·운반·보관·수리 또는 사용 시점 지연이 압력이 된다","실제 비교 후보·교역·재활용·수리·배급 조정 중 원본 기능에 맞는 경로로 재고 압력을 줄인다","설계 확정; 질량·가격·스택·부패·효과 수치는 source authority와 밸런스 기준서에서 별도 검증 OPEN"
"evolution:catalyst:industry:16","산업 촉매 진행 16 · 4등급","General (일반)","[{""rid"":7737211921623154877},{""rid"":7737211921623154878}]","해당 없음: GenericItemDefinitionSO","0.25","3932160","게임 내 역할은 시설 진화 촉매, 생산망의 입력·출력에 연결된다.","이 물자의 원본 기능을 위해 보관·운반·소비·거래 중 한 경로에 재고를 배정해 다른 사용처를 늦춘다","비교 후보(대체 가능성 미검증): GenericItemDefinitionSO:evolution:catalyst:arcane:1, GenericItemDefinitionSO:evolution:catalyst:arcane:10, GenericItemDefinitionSO:evolution:catalyst:arcane:11, GenericItemDefinitionSO:evolution:catalyst:arcane:12, GenericItemDefinitionSO:evolution:catalyst:arcane:13, GenericItemDefinitionSO:evolution:catalyst:arcane:14, GenericItemDefinitionSO:evolution:catalyst:arcane:15, GenericItemDefinitionSO:evolution:catalyst:arcane:16, GenericItemDefinitionSO:evolution:catalyst:arcane:17, GenericItemDefinitionSO:evolution:catalyst:arcane:18, GenericItemDefinitionSO:evolution:catalyst:arcane:19, GenericItemDefinitionSO:evolution:catalyst:arcane:2 외 155개","생성 또는 거래·재고 입고·운반·보관·장착 또는 소비와 하류 주문 기록","과잉 재고·운반·보관·수리 또는 사용 시점 지연이 압력이 된다","실제 비교 후보·교역·재활용·수리·배급 조정 중 원본 기능에 맞는 경로로 재고 압력을 줄인다","설계 확정; 질량·가격·스택·부패·효과 수치는 source authority와 밸런스 기준서에서 별도 검증 OPEN"
"evolution:catalyst:industry:17","산업 촉매 진행 17 · 4등급","General (일반)","[{""rid"":7737211921623154879},{""rid"":7737211921623154880}]","해당 없음: GenericItemDefinitionSO","0.25","7864320","게임 내 역할은 시설 진화 촉매, 생산망의 입력·출력에 연결된다.","이 물자의 원본 기능을 위해 보관·운반·소비·거래 중 한 경로에 재고를 배정해 다른 사용처를 늦춘다","비교 후보(대체 가능성 미검증): GenericItemDefinitionSO:evolution:catalyst:arcane:1, GenericItemDefinitionSO:evolution:catalyst:arcane:10, GenericItemDefinitionSO:evolution:catalyst:arcane:11, GenericItemDefinitionSO:evolution:catalyst:arcane:12, GenericItemDefinitionSO:evolution:catalyst:arcane:13, GenericItemDefinitionSO:evolution:catalyst:arcane:14, GenericItemDefinitionSO:evolution:catalyst:arcane:15, GenericItemDefinitionSO:evolution:catalyst:arcane:16, GenericItemDefinitionSO:evolution:catalyst:arcane:17, GenericItemDefinitionSO:evolution:catalyst:arcane:18, GenericItemDefinitionSO:evolution:catalyst:arcane:19, GenericItemDefinitionSO:evolution:catalyst:arcane:2 외 155개","생성 또는 거래·재고 입고·운반·보관·장착 또는 소비와 하류 주문 기록","과잉 재고·운반·보관·수리 또는 사용 시점 지연이 압력이 된다","실제 비교 후보·교역·재활용·수리·배급 조정 중 원본 기능에 맞는 경로로 재고 압력을 줄인다","설계 확정; 질량·가격·스택·부패·효과 수치는 source authority와 밸런스 기준서에서 별도 검증 OPEN"
"evolution:catalyst:industry:18","산업 촉매 진행 18 · 5등급","General (일반)","[{""rid"":7737211921623154881},{""rid"":7737211921623154882}]","해당 없음: GenericItemDefinitionSO","0.25","15728640","게임 내 역할은 시설 진화 촉매, 생산망의 입력·출력에 연결된다.","이 물자의 원본 기능을 위해 보관·운반·소비·거래 중 한 경로에 재고를 배정해 다른 사용처를 늦춘다","비교 후보(대체 가능성 미검증): GenericItemDefinitionSO:evolution:catalyst:arcane:1, GenericItemDefinitionSO:evolution:catalyst:arcane:10, GenericItemDefinitionSO:evolution:catalyst:arcane:11, GenericItemDefinitionSO:evolution:catalyst:arcane:12, GenericItemDefinitionSO:evolution:catalyst:arcane:13, GenericItemDefinitionSO:evolution:catalyst:arcane:14, GenericItemDefinitionSO:evolution:catalyst:arcane:15, GenericItemDefinitionSO:evolution:catalyst:arcane:16, GenericItemDefinitionSO:evolution:catalyst:arcane:17, GenericItemDefinitionSO:evolution:catalyst:arcane:18, GenericItemDefinitionSO:evolution:catalyst:arcane:19, GenericItemDefinitionSO:evolution:catalyst:arcane:2 외 155개","생성 또는 거래·재고 입고·운반·보관·장착 또는 소비와 하류 주문 기록","과잉 재고·운반·보관·수리 또는 사용 시점 지연이 압력이 된다","실제 비교 후보·교역·재활용·수리·배급 조정 중 원본 기능에 맞는 경로로 재고 압력을 줄인다","설계 확정; 질량·가격·스택·부패·효과 수치는 source authority와 밸런스 기준서에서 별도 검증 OPEN"
"evolution:catalyst:industry:19","산업 촉매 진행 19 · 5등급","General (일반)","[{""rid"":7737211921623154883},{""rid"":7737211921623154884}]","해당 없음: GenericItemDefinitionSO","0.25","31457280","게임 내 역할은 시설 진화 촉매, 생산망의 입력·출력에 연결된다.","이 물자의 원본 기능을 위해 보관·운반·소비·거래 중 한 경로에 재고를 배정해 다른 사용처를 늦춘다","비교 후보(대체 가능성 미검증): GenericItemDefinitionSO:evolution:catalyst:arcane:1, GenericItemDefinitionSO:evolution:catalyst:arcane:10, GenericItemDefinitionSO:evolution:catalyst:arcane:11, GenericItemDefinitionSO:evolution:catalyst:arcane:12, GenericItemDefinitionSO:evolution:catalyst:arcane:13, GenericItemDefinitionSO:evolution:catalyst:arcane:14, GenericItemDefinitionSO:evolution:catalyst:arcane:15, GenericItemDefinitionSO:evolution:catalyst:arcane:16, GenericItemDefinitionSO:evolution:catalyst:arcane:17, GenericItemDefinitionSO:evolution:catalyst:arcane:18, GenericItemDefinitionSO:evolution:catalyst:arcane:19, GenericItemDefinitionSO:evolution:catalyst:arcane:2 외 155개","생성 또는 거래·재고 입고·운반·보관·장착 또는 소비와 하류 주문 기록","과잉 재고·운반·보관·수리 또는 사용 시점 지연이 압력이 된다","실제 비교 후보·교역·재활용·수리·배급 조정 중 원본 기능에 맞는 경로로 재고 압력을 줄인다","설계 확정; 질량·가격·스택·부패·효과 수치는 source authority와 밸런스 기준서에서 별도 검증 OPEN"
"evolution:catalyst:industry:2","산업 촉매 진행 2 · 1등급","General (일반)","[{""rid"":7737211921623154885},{""rid"":7737211921623154886}]","해당 없음: GenericItemDefinitionSO","0.25","240","게임 내 역할은 시설 진화 촉매, 생산망의 입력·출력에 연결된다.","이 물자의 원본 기능을 위해 보관·운반·소비·거래 중 한 경로에 재고를 배정해 다른 사용처를 늦춘다","비교 후보(대체 가능성 미검증): GenericItemDefinitionSO:evolution:catalyst:arcane:1, GenericItemDefinitionSO:evolution:catalyst:arcane:10, GenericItemDefinitionSO:evolution:catalyst:arcane:11, GenericItemDefinitionSO:evolution:catalyst:arcane:12, GenericItemDefinitionSO:evolution:catalyst:arcane:13, GenericItemDefinitionSO:evolution:catalyst:arcane:14, GenericItemDefinitionSO:evolution:catalyst:arcane:15, GenericItemDefinitionSO:evolution:catalyst:arcane:16, GenericItemDefinitionSO:evolution:catalyst:arcane:17, GenericItemDefinitionSO:evolution:catalyst:arcane:18, GenericItemDefinitionSO:evolution:catalyst:arcane:19, GenericItemDefinitionSO:evolution:catalyst:arcane:2 외 155개","생성 또는 거래·재고 입고·운반·보관·장착 또는 소비와 하류 주문 기록","과잉 재고·운반·보관·수리 또는 사용 시점 지연이 압력이 된다","실제 비교 후보·교역·재활용·수리·배급 조정 중 원본 기능에 맞는 경로로 재고 압력을 줄인다","설계 확정; 질량·가격·스택·부패·효과 수치는 source authority와 밸런스 기준서에서 별도 검증 OPEN"
"evolution:catalyst:industry:20","산업 촉매 진행 20 · 5등급","General (일반)","[{""rid"":7737211921623154887},{""rid"":7737211921623154888}]","해당 없음: GenericItemDefinitionSO","0.25","62914560","게임 내 역할은 시설 진화 촉매, 생산망의 입력·출력에 연결된다.","이 물자의 원본 기능을 위해 보관·운반·소비·거래 중 한 경로에 재고를 배정해 다른 사용처를 늦춘다","비교 후보(대체 가능성 미검증): GenericItemDefinitionSO:evolution:catalyst:arcane:1, GenericItemDefinitionSO:evolution:catalyst:arcane:10, GenericItemDefinitionSO:evolution:catalyst:arcane:11, GenericItemDefinitionSO:evolution:catalyst:arcane:12, GenericItemDefinitionSO:evolution:catalyst:arcane:13, GenericItemDefinitionSO:evolution:catalyst:arcane:14, GenericItemDefinitionSO:evolution:catalyst:arcane:15, GenericItemDefinitionSO:evolution:catalyst:arcane:16, GenericItemDefinitionSO:evolution:catalyst:arcane:17, GenericItemDefinitionSO:evolution:catalyst:arcane:18, GenericItemDefinitionSO:evolution:catalyst:arcane:19, GenericItemDefinitionSO:evolution:catalyst:arcane:2 외 155개","생성 또는 거래·재고 입고·운반·보관·장착 또는 소비와 하류 주문 기록","과잉 재고·운반·보관·수리 또는 사용 시점 지연이 압력이 된다","실제 비교 후보·교역·재활용·수리·배급 조정 중 원본 기능에 맞는 경로로 재고 압력을 줄인다","설계 확정; 질량·가격·스택·부패·효과 수치는 source authority와 밸런스 기준서에서 별도 검증 OPEN"
"evolution:catalyst:industry:21","산업 촉매 진행 21 · 5등급","General (일반)","[{""rid"":7737211921623154889},{""rid"":7737211921623154890}]","해당 없음: GenericItemDefinitionSO","0.25","125829120","게임 내 역할은 시설 진화 촉매, 생산망의 입력·출력에 연결된다.","이 물자의 원본 기능을 위해 보관·운반·소비·거래 중 한 경로에 재고를 배정해 다른 사용처를 늦춘다","비교 후보(대체 가능성 미검증): GenericItemDefinitionSO:evolution:catalyst:arcane:1, GenericItemDefinitionSO:evolution:catalyst:arcane:10, GenericItemDefinitionSO:evolution:catalyst:arcane:11, GenericItemDefinitionSO:evolution:catalyst:arcane:12, GenericItemDefinitionSO:evolution:catalyst:arcane:13, GenericItemDefinitionSO:evolution:catalyst:arcane:14, GenericItemDefinitionSO:evolution:catalyst:arcane:15, GenericItemDefinitionSO:evolution:catalyst:arcane:16, GenericItemDefinitionSO:evolution:catalyst:arcane:17, GenericItemDefinitionSO:evolution:catalyst:arcane:18, GenericItemDefinitionSO:evolution:catalyst:arcane:19, GenericItemDefinitionSO:evolution:catalyst:arcane:2 외 155개","생성 또는 거래·재고 입고·운반·보관·장착 또는 소비와 하류 주문 기록","과잉 재고·운반·보관·수리 또는 사용 시점 지연이 압력이 된다","실제 비교 후보·교역·재활용·수리·배급 조정 중 원본 기능에 맞는 경로로 재고 압력을 줄인다","설계 확정; 질량·가격·스택·부패·효과 수치는 source authority와 밸런스 기준서에서 별도 검증 OPEN"
"evolution:catalyst:industry:3","산업 촉매 진행 3 · 1등급","General (일반)","[{""rid"":7737211921623154891},{""rid"":7737211921623154892}]","해당 없음: GenericItemDefinitionSO","0.25","480","게임 내 역할은 시설 진화 촉매, 생산망의 입력·출력에 연결된다.","이 물자의 원본 기능을 위해 보관·운반·소비·거래 중 한 경로에 재고를 배정해 다른 사용처를 늦춘다","비교 후보(대체 가능성 미검증): GenericItemDefinitionSO:evolution:catalyst:arcane:1, GenericItemDefinitionSO:evolution:catalyst:arcane:10, GenericItemDefinitionSO:evolution:catalyst:arcane:11, GenericItemDefinitionSO:evolution:catalyst:arcane:12, GenericItemDefinitionSO:evolution:catalyst:arcane:13, GenericItemDefinitionSO:evolution:catalyst:arcane:14, GenericItemDefinitionSO:evolution:catalyst:arcane:15, GenericItemDefinitionSO:evolution:catalyst:arcane:16, GenericItemDefinitionSO:evolution:catalyst:arcane:17, GenericItemDefinitionSO:evolution:catalyst:arcane:18, GenericItemDefinitionSO:evolution:catalyst:arcane:19, GenericItemDefinitionSO:evolution:catalyst:arcane:2 외 155개","생성 또는 거래·재고 입고·운반·보관·장착 또는 소비와 하류 주문 기록","과잉 재고·운반·보관·수리 또는 사용 시점 지연이 압력이 된다","실제 비교 후보·교역·재활용·수리·배급 조정 중 원본 기능에 맞는 경로로 재고 압력을 줄인다","설계 확정; 질량·가격·스택·부패·효과 수치는 source authority와 밸런스 기준서에서 별도 검증 OPEN"
"evolution:catalyst:industry:4","산업 촉매 진행 4 · 1등급","General (일반)","[{""rid"":7737211921623154893},{""rid"":7737211921623154894}]","해당 없음: GenericItemDefinitionSO","0.25","960","게임 내 역할은 시설 진화 촉매, 생산망의 입력·출력에 연결된다.","이 물자의 원본 기능을 위해 보관·운반·소비·거래 중 한 경로에 재고를 배정해 다른 사용처를 늦춘다","비교 후보(대체 가능성 미검증): GenericItemDefinitionSO:evolution:catalyst:arcane:1, GenericItemDefinitionSO:evolution:catalyst:arcane:10, GenericItemDefinitionSO:evolution:catalyst:arcane:11, GenericItemDefinitionSO:evolution:catalyst:arcane:12, GenericItemDefinitionSO:evolution:catalyst:arcane:13, GenericItemDefinitionSO:evolution:catalyst:arcane:14, GenericItemDefinitionSO:evolution:catalyst:arcane:15, GenericItemDefinitionSO:evolution:catalyst:arcane:16, GenericItemDefinitionSO:evolution:catalyst:arcane:17, GenericItemDefinitionSO:evolution:catalyst:arcane:18, GenericItemDefinitionSO:evolution:catalyst:arcane:19, GenericItemDefinitionSO:evolution:catalyst:arcane:2 외 155개","생성 또는 거래·재고 입고·운반·보관·장착 또는 소비와 하류 주문 기록","과잉 재고·운반·보관·수리 또는 사용 시점 지연이 압력이 된다","실제 비교 후보·교역·재활용·수리·배급 조정 중 원본 기능에 맞는 경로로 재고 압력을 줄인다","설계 확정; 질량·가격·스택·부패·효과 수치는 source authority와 밸런스 기준서에서 별도 검증 OPEN"
"evolution:catalyst:industry:5","산업 촉매 진행 5 · 1등급","General (일반)","[{""rid"":7737211921623154895},{""rid"":7737211921623154896}]","해당 없음: GenericItemDefinitionSO","0.25","1920","게임 내 역할은 시설 진화 촉매, 생산망의 입력·출력에 연결된다.","이 물자의 원본 기능을 위해 보관·운반·소비·거래 중 한 경로에 재고를 배정해 다른 사용처를 늦춘다","비교 후보(대체 가능성 미검증): GenericItemDefinitionSO:evolution:catalyst:arcane:1, GenericItemDefinitionSO:evolution:catalyst:arcane:10, GenericItemDefinitionSO:evolution:catalyst:arcane:11, GenericItemDefinitionSO:evolution:catalyst:arcane:12, GenericItemDefinitionSO:evolution:catalyst:arcane:13, GenericItemDefinitionSO:evolution:catalyst:arcane:14, GenericItemDefinitionSO:evolution:catalyst:arcane:15, GenericItemDefinitionSO:evolution:catalyst:arcane:16, GenericItemDefinitionSO:evolution:catalyst:arcane:17, GenericItemDefinitionSO:evolution:catalyst:arcane:18, GenericItemDefinitionSO:evolution:catalyst:arcane:19, GenericItemDefinitionSO:evolution:catalyst:arcane:2 외 155개","생성 또는 거래·재고 입고·운반·보관·장착 또는 소비와 하류 주문 기록","과잉 재고·운반·보관·수리 또는 사용 시점 지연이 압력이 된다","실제 비교 후보·교역·재활용·수리·배급 조정 중 원본 기능에 맞는 경로로 재고 압력을 줄인다","설계 확정; 질량·가격·스택·부패·효과 수치는 source authority와 밸런스 기준서에서 별도 검증 OPEN"
"evolution:catalyst:industry:6","산업 촉매 진행 6 · 2등급","General (일반)","[{""rid"":7737211921623154897},{""rid"":7737211921623154898}]","해당 없음: GenericItemDefinitionSO","0.25","3840","게임 내 역할은 시설 진화 촉매, 생산망의 입력·출력에 연결된다.","이 물자의 원본 기능을 위해 보관·운반·소비·거래 중 한 경로에 재고를 배정해 다른 사용처를 늦춘다","비교 후보(대체 가능성 미검증): GenericItemDefinitionSO:evolution:catalyst:arcane:1, GenericItemDefinitionSO:evolution:catalyst:arcane:10, GenericItemDefinitionSO:evolution:catalyst:arcane:11, GenericItemDefinitionSO:evolution:catalyst:arcane:12, GenericItemDefinitionSO:evolution:catalyst:arcane:13, GenericItemDefinitionSO:evolution:catalyst:arcane:14, GenericItemDefinitionSO:evolution:catalyst:arcane:15, GenericItemDefinitionSO:evolution:catalyst:arcane:16, GenericItemDefinitionSO:evolution:catalyst:arcane:17, GenericItemDefinitionSO:evolution:catalyst:arcane:18, GenericItemDefinitionSO:evolution:catalyst:arcane:19, GenericItemDefinitionSO:evolution:catalyst:arcane:2 외 155개","생성 또는 거래·재고 입고·운반·보관·장착 또는 소비와 하류 주문 기록","과잉 재고·운반·보관·수리 또는 사용 시점 지연이 압력이 된다","실제 비교 후보·교역·재활용·수리·배급 조정 중 원본 기능에 맞는 경로로 재고 압력을 줄인다","설계 확정; 질량·가격·스택·부패·효과 수치는 source authority와 밸런스 기준서에서 별도 검증 OPEN"
"evolution:catalyst:industry:7","산업 촉매 진행 7 · 2등급","General (일반)","[{""rid"":7737211921623154899},{""rid"":7737211921623154900}]","해당 없음: GenericItemDefinitionSO","0.25","7680","게임 내 역할은 시설 진화 촉매, 생산망의 입력·출력에 연결된다.","이 물자의 원본 기능을 위해 보관·운반·소비·거래 중 한 경로에 재고를 배정해 다른 사용처를 늦춘다","비교 후보(대체 가능성 미검증): GenericItemDefinitionSO:evolution:catalyst:arcane:1, GenericItemDefinitionSO:evolution:catalyst:arcane:10, GenericItemDefinitionSO:evolution:catalyst:arcane:11, GenericItemDefinitionSO:evolution:catalyst:arcane:12, GenericItemDefinitionSO:evolution:catalyst:arcane:13, GenericItemDefinitionSO:evolution:catalyst:arcane:14, GenericItemDefinitionSO:evolution:catalyst:arcane:15, GenericItemDefinitionSO:evolution:catalyst:arcane:16, GenericItemDefinitionSO:evolution:catalyst:arcane:17, GenericItemDefinitionSO:evolution:catalyst:arcane:18, GenericItemDefinitionSO:evolution:catalyst:arcane:19, GenericItemDefinitionSO:evolution:catalyst:arcane:2 외 155개","생성 또는 거래·재고 입고·운반·보관·장착 또는 소비와 하류 주문 기록","과잉 재고·운반·보관·수리 또는 사용 시점 지연이 압력이 된다","실제 비교 후보·교역·재활용·수리·배급 조정 중 원본 기능에 맞는 경로로 재고 압력을 줄인다","설계 확정; 질량·가격·스택·부패·효과 수치는 source authority와 밸런스 기준서에서 별도 검증 OPEN"
"evolution:catalyst:industry:8","산업 촉매 진행 8 · 2등급","General (일반)","[{""rid"":7737211921623154901},{""rid"":7737211921623154902}]","해당 없음: GenericItemDefinitionSO","0.25","15360","게임 내 역할은 시설 진화 촉매, 생산망의 입력·출력에 연결된다.","이 물자의 원본 기능을 위해 보관·운반·소비·거래 중 한 경로에 재고를 배정해 다른 사용처를 늦춘다","비교 후보(대체 가능성 미검증): GenericItemDefinitionSO:evolution:catalyst:arcane:1, GenericItemDefinitionSO:evolution:catalyst:arcane:10, GenericItemDefinitionSO:evolution:catalyst:arcane:11, GenericItemDefinitionSO:evolution:catalyst:arcane:12, GenericItemDefinitionSO:evolution:catalyst:arcane:13, GenericItemDefinitionSO:evolution:catalyst:arcane:14, GenericItemDefinitionSO:evolution:catalyst:arcane:15, GenericItemDefinitionSO:evolution:catalyst:arcane:16, GenericItemDefinitionSO:evolution:catalyst:arcane:17, GenericItemDefinitionSO:evolution:catalyst:arcane:18, GenericItemDefinitionSO:evolution:catalyst:arcane:19, GenericItemDefinitionSO:evolution:catalyst:arcane:2 외 155개","생성 또는 거래·재고 입고·운반·보관·장착 또는 소비와 하류 주문 기록","과잉 재고·운반·보관·수리 또는 사용 시점 지연이 압력이 된다","실제 비교 후보·교역·재활용·수리·배급 조정 중 원본 기능에 맞는 경로로 재고 압력을 줄인다","설계 확정; 질량·가격·스택·부패·효과 수치는 source authority와 밸런스 기준서에서 별도 검증 OPEN"
"evolution:catalyst:industry:9","산업 촉매 진행 9 · 2등급","General (일반)","[{""rid"":7737211921623154903},{""rid"":7737211921623154904}]","해당 없음: GenericItemDefinitionSO","0.25","30720","게임 내 역할은 시설 진화 촉매, 생산망의 입력·출력에 연결된다.","이 물자의 원본 기능을 위해 보관·운반·소비·거래 중 한 경로에 재고를 배정해 다른 사용처를 늦춘다","비교 후보(대체 가능성 미검증): GenericItemDefinitionSO:evolution:catalyst:arcane:1, GenericItemDefinitionSO:evolution:catalyst:arcane:10, GenericItemDefinitionSO:evolution:catalyst:arcane:11, GenericItemDefinitionSO:evolution:catalyst:arcane:12, GenericItemDefinitionSO:evolution:catalyst:arcane:13, GenericItemDefinitionSO:evolution:catalyst:arcane:14, GenericItemDefinitionSO:evolution:catalyst:arcane:15, GenericItemDefinitionSO:evolution:catalyst:arcane:16, GenericItemDefinitionSO:evolution:catalyst:arcane:17, GenericItemDefinitionSO:evolution:catalyst:arcane:18, GenericItemDefinitionSO:evolution:catalyst:arcane:19, GenericItemDefinitionSO:evolution:catalyst:arcane:2 외 155개","생성 또는 거래·재고 입고·운반·보관·장착 또는 소비와 하류 주문 기록","과잉 재고·운반·보관·수리 또는 사용 시점 지연이 압력이 된다","실제 비교 후보·교역·재활용·수리·배급 조정 중 원본 기능에 맞는 경로로 재고 압력을 줄인다","설계 확정; 질량·가격·스택·부패·효과 수치는 source authority와 밸런스 기준서에서 별도 검증 OPEN"
"evolution:catalyst:offense:1","공세 촉매 진행 1 · 1등급","General (일반)","[{""rid"":7737211921623154905},{""rid"":7737211921623154906}]","해당 없음: GenericItemDefinitionSO","0.25","120","게임 내 역할은 시설 진화 촉매, 생산망의 입력·출력에 연결된다.","이 물자의 원본 기능을 위해 보관·운반·소비·거래 중 한 경로에 재고를 배정해 다른 사용처를 늦춘다","비교 후보(대체 가능성 미검증): GenericItemDefinitionSO:evolution:catalyst:arcane:1, GenericItemDefinitionSO:evolution:catalyst:arcane:10, GenericItemDefinitionSO:evolution:catalyst:arcane:11, GenericItemDefinitionSO:evolution:catalyst:arcane:12, GenericItemDefinitionSO:evolution:catalyst:arcane:13, GenericItemDefinitionSO:evolution:catalyst:arcane:14, GenericItemDefinitionSO:evolution:catalyst:arcane:15, GenericItemDefinitionSO:evolution:catalyst:arcane:16, GenericItemDefinitionSO:evolution:catalyst:arcane:17, GenericItemDefinitionSO:evolution:catalyst:arcane:18, GenericItemDefinitionSO:evolution:catalyst:arcane:19, GenericItemDefinitionSO:evolution:catalyst:arcane:2 외 155개","생성 또는 거래·재고 입고·운반·보관·장착 또는 소비와 하류 주문 기록","과잉 재고·운반·보관·수리 또는 사용 시점 지연이 압력이 된다","실제 비교 후보·교역·재활용·수리·배급 조정 중 원본 기능에 맞는 경로로 재고 압력을 줄인다","설계 확정; 질량·가격·스택·부패·효과 수치는 source authority와 밸런스 기준서에서 별도 검증 OPEN"
"evolution:catalyst:offense:10","공세 촉매 진행 10 · 3등급","General (일반)","[{""rid"":7737211921623154907},{""rid"":7737211921623154908}]","해당 없음: GenericItemDefinitionSO","0.25","61440","게임 내 역할은 시설 진화 촉매, 생산망의 입력·출력에 연결된다.","이 물자의 원본 기능을 위해 보관·운반·소비·거래 중 한 경로에 재고를 배정해 다른 사용처를 늦춘다","비교 후보(대체 가능성 미검증): GenericItemDefinitionSO:evolution:catalyst:arcane:1, GenericItemDefinitionSO:evolution:catalyst:arcane:10, GenericItemDefinitionSO:evolution:catalyst:arcane:11, GenericItemDefinitionSO:evolution:catalyst:arcane:12, GenericItemDefinitionSO:evolution:catalyst:arcane:13, GenericItemDefinitionSO:evolution:catalyst:arcane:14, GenericItemDefinitionSO:evolution:catalyst:arcane:15, GenericItemDefinitionSO:evolution:catalyst:arcane:16, GenericItemDefinitionSO:evolution:catalyst:arcane:17, GenericItemDefinitionSO:evolution:catalyst:arcane:18, GenericItemDefinitionSO:evolution:catalyst:arcane:19, GenericItemDefinitionSO:evolution:catalyst:arcane:2 외 155개","생성 또는 거래·재고 입고·운반·보관·장착 또는 소비와 하류 주문 기록","과잉 재고·운반·보관·수리 또는 사용 시점 지연이 압력이 된다","실제 비교 후보·교역·재활용·수리·배급 조정 중 원본 기능에 맞는 경로로 재고 압력을 줄인다","설계 확정; 질량·가격·스택·부패·효과 수치는 source authority와 밸런스 기준서에서 별도 검증 OPEN"
"evolution:catalyst:offense:11","공세 촉매 진행 11 · 3등급","General (일반)","[{""rid"":7737211921623154909},{""rid"":7737211921623154910}]","해당 없음: GenericItemDefinitionSO","0.25","122880","게임 내 역할은 시설 진화 촉매, 생산망의 입력·출력에 연결된다.","이 물자의 원본 기능을 위해 보관·운반·소비·거래 중 한 경로에 재고를 배정해 다른 사용처를 늦춘다","비교 후보(대체 가능성 미검증): GenericItemDefinitionSO:evolution:catalyst:arcane:1, GenericItemDefinitionSO:evolution:catalyst:arcane:10, GenericItemDefinitionSO:evolution:catalyst:arcane:11, GenericItemDefinitionSO:evolution:catalyst:arcane:12, GenericItemDefinitionSO:evolution:catalyst:arcane:13, GenericItemDefinitionSO:evolution:catalyst:arcane:14, GenericItemDefinitionSO:evolution:catalyst:arcane:15, GenericItemDefinitionSO:evolution:catalyst:arcane:16, GenericItemDefinitionSO:evolution:catalyst:arcane:17, GenericItemDefinitionSO:evolution:catalyst:arcane:18, GenericItemDefinitionSO:evolution:catalyst:arcane:19, GenericItemDefinitionSO:evolution:catalyst:arcane:2 외 155개","생성 또는 거래·재고 입고·운반·보관·장착 또는 소비와 하류 주문 기록","과잉 재고·운반·보관·수리 또는 사용 시점 지연이 압력이 된다","실제 비교 후보·교역·재활용·수리·배급 조정 중 원본 기능에 맞는 경로로 재고 압력을 줄인다","설계 확정; 질량·가격·스택·부패·효과 수치는 source authority와 밸런스 기준서에서 별도 검증 OPEN"
"evolution:catalyst:offense:12","공세 촉매 진행 12 · 3등급","General (일반)","[{""rid"":7737211921623154911},{""rid"":7737211921623154912}]","해당 없음: GenericItemDefinitionSO","0.25","245760","게임 내 역할은 시설 진화 촉매, 생산망의 입력·출력에 연결된다.","이 물자의 원본 기능을 위해 보관·운반·소비·거래 중 한 경로에 재고를 배정해 다른 사용처를 늦춘다","비교 후보(대체 가능성 미검증): GenericItemDefinitionSO:evolution:catalyst:arcane:1, GenericItemDefinitionSO:evolution:catalyst:arcane:10, GenericItemDefinitionSO:evolution:catalyst:arcane:11, GenericItemDefinitionSO:evolution:catalyst:arcane:12, GenericItemDefinitionSO:evolution:catalyst:arcane:13, GenericItemDefinitionSO:evolution:catalyst:arcane:14, GenericItemDefinitionSO:evolution:catalyst:arcane:15, GenericItemDefinitionSO:evolution:catalyst:arcane:16, GenericItemDefinitionSO:evolution:catalyst:arcane:17, GenericItemDefinitionSO:evolution:catalyst:arcane:18, GenericItemDefinitionSO:evolution:catalyst:arcane:19, GenericItemDefinitionSO:evolution:catalyst:arcane:2 외 155개","생성 또는 거래·재고 입고·운반·보관·장착 또는 소비와 하류 주문 기록","과잉 재고·운반·보관·수리 또는 사용 시점 지연이 압력이 된다","실제 비교 후보·교역·재활용·수리·배급 조정 중 원본 기능에 맞는 경로로 재고 압력을 줄인다","설계 확정; 질량·가격·스택·부패·효과 수치는 source authority와 밸런스 기준서에서 별도 검증 OPEN"
"evolution:catalyst:offense:13","공세 촉매 진행 13 · 3등급","General (일반)","[{""rid"":7737211921623154913},{""rid"":7737211921623154914}]","해당 없음: GenericItemDefinitionSO","0.25","491520","게임 내 역할은 시설 진화 촉매, 생산망의 입력·출력에 연결된다.","이 물자의 원본 기능을 위해 보관·운반·소비·거래 중 한 경로에 재고를 배정해 다른 사용처를 늦춘다","비교 후보(대체 가능성 미검증): GenericItemDefinitionSO:evolution:catalyst:arcane:1, GenericItemDefinitionSO:evolution:catalyst:arcane:10, GenericItemDefinitionSO:evolution:catalyst:arcane:11, GenericItemDefinitionSO:evolution:catalyst:arcane:12, GenericItemDefinitionSO:evolution:catalyst:arcane:13, GenericItemDefinitionSO:evolution:catalyst:arcane:14, GenericItemDefinitionSO:evolution:catalyst:arcane:15, GenericItemDefinitionSO:evolution:catalyst:arcane:16, GenericItemDefinitionSO:evolution:catalyst:arcane:17, GenericItemDefinitionSO:evolution:catalyst:arcane:18, GenericItemDefinitionSO:evolution:catalyst:arcane:19, GenericItemDefinitionSO:evolution:catalyst:arcane:2 외 155개","생성 또는 거래·재고 입고·운반·보관·장착 또는 소비와 하류 주문 기록","과잉 재고·운반·보관·수리 또는 사용 시점 지연이 압력이 된다","실제 비교 후보·교역·재활용·수리·배급 조정 중 원본 기능에 맞는 경로로 재고 압력을 줄인다","설계 확정; 질량·가격·스택·부패·효과 수치는 source authority와 밸런스 기준서에서 별도 검증 OPEN"
"evolution:catalyst:offense:14","공세 촉매 진행 14 · 4등급","General (일반)","[{""rid"":7737211921623154915},{""rid"":7737211921623154916}]","해당 없음: GenericItemDefinitionSO","0.25","983040","게임 내 역할은 시설 진화 촉매, 생산망의 입력·출력에 연결된다.","이 물자의 원본 기능을 위해 보관·운반·소비·거래 중 한 경로에 재고를 배정해 다른 사용처를 늦춘다","비교 후보(대체 가능성 미검증): GenericItemDefinitionSO:evolution:catalyst:arcane:1, GenericItemDefinitionSO:evolution:catalyst:arcane:10, GenericItemDefinitionSO:evolution:catalyst:arcane:11, GenericItemDefinitionSO:evolution:catalyst:arcane:12, GenericItemDefinitionSO:evolution:catalyst:arcane:13, GenericItemDefinitionSO:evolution:catalyst:arcane:14, GenericItemDefinitionSO:evolution:catalyst:arcane:15, GenericItemDefinitionSO:evolution:catalyst:arcane:16, GenericItemDefinitionSO:evolution:catalyst:arcane:17, GenericItemDefinitionSO:evolution:catalyst:arcane:18, GenericItemDefinitionSO:evolution:catalyst:arcane:19, GenericItemDefinitionSO:evolution:catalyst:arcane:2 외 155개","생성 또는 거래·재고 입고·운반·보관·장착 또는 소비와 하류 주문 기록","과잉 재고·운반·보관·수리 또는 사용 시점 지연이 압력이 된다","실제 비교 후보·교역·재활용·수리·배급 조정 중 원본 기능에 맞는 경로로 재고 압력을 줄인다","설계 확정; 질량·가격·스택·부패·효과 수치는 source authority와 밸런스 기준서에서 별도 검증 OPEN"
"evolution:catalyst:offense:15","공세 촉매 진행 15 · 4등급","General (일반)","[{""rid"":7737211921623154917},{""rid"":7737211921623154918}]","해당 없음: GenericItemDefinitionSO","0.25","1966080","게임 내 역할은 시설 진화 촉매, 생산망의 입력·출력에 연결된다.","이 물자의 원본 기능을 위해 보관·운반·소비·거래 중 한 경로에 재고를 배정해 다른 사용처를 늦춘다","비교 후보(대체 가능성 미검증): GenericItemDefinitionSO:evolution:catalyst:arcane:1, GenericItemDefinitionSO:evolution:catalyst:arcane:10, GenericItemDefinitionSO:evolution:catalyst:arcane:11, GenericItemDefinitionSO:evolution:catalyst:arcane:12, GenericItemDefinitionSO:evolution:catalyst:arcane:13, GenericItemDefinitionSO:evolution:catalyst:arcane:14, GenericItemDefinitionSO:evolution:catalyst:arcane:15, GenericItemDefinitionSO:evolution:catalyst:arcane:16, GenericItemDefinitionSO:evolution:catalyst:arcane:17, GenericItemDefinitionSO:evolution:catalyst:arcane:18, GenericItemDefinitionSO:evolution:catalyst:arcane:19, GenericItemDefinitionSO:evolution:catalyst:arcane:2 외 155개","생성 또는 거래·재고 입고·운반·보관·장착 또는 소비와 하류 주문 기록","과잉 재고·운반·보관·수리 또는 사용 시점 지연이 압력이 된다","실제 비교 후보·교역·재활용·수리·배급 조정 중 원본 기능에 맞는 경로로 재고 압력을 줄인다","설계 확정; 질량·가격·스택·부패·효과 수치는 source authority와 밸런스 기준서에서 별도 검증 OPEN"
"evolution:catalyst:offense:16","공세 촉매 진행 16 · 4등급","General (일반)","[{""rid"":7737211921623154919},{""rid"":7737211921623154920}]","해당 없음: GenericItemDefinitionSO","0.25","3932160","게임 내 역할은 시설 진화 촉매, 생산망의 입력·출력에 연결된다.","이 물자의 원본 기능을 위해 보관·운반·소비·거래 중 한 경로에 재고를 배정해 다른 사용처를 늦춘다","비교 후보(대체 가능성 미검증): GenericItemDefinitionSO:evolution:catalyst:arcane:1, GenericItemDefinitionSO:evolution:catalyst:arcane:10, GenericItemDefinitionSO:evolution:catalyst:arcane:11, GenericItemDefinitionSO:evolution:catalyst:arcane:12, GenericItemDefinitionSO:evolution:catalyst:arcane:13, GenericItemDefinitionSO:evolution:catalyst:arcane:14, GenericItemDefinitionSO:evolution:catalyst:arcane:15, GenericItemDefinitionSO:evolution:catalyst:arcane:16, GenericItemDefinitionSO:evolution:catalyst:arcane:17, GenericItemDefinitionSO:evolution:catalyst:arcane:18, GenericItemDefinitionSO:evolution:catalyst:arcane:19, GenericItemDefinitionSO:evolution:catalyst:arcane:2 외 155개","생성 또는 거래·재고 입고·운반·보관·장착 또는 소비와 하류 주문 기록","과잉 재고·운반·보관·수리 또는 사용 시점 지연이 압력이 된다","실제 비교 후보·교역·재활용·수리·배급 조정 중 원본 기능에 맞는 경로로 재고 압력을 줄인다","설계 확정; 질량·가격·스택·부패·효과 수치는 source authority와 밸런스 기준서에서 별도 검증 OPEN"
"evolution:catalyst:offense:17","공세 촉매 진행 17 · 4등급","General (일반)","[{""rid"":7737211921623154921},{""rid"":7737211921623154922}]","해당 없음: GenericItemDefinitionSO","0.25","7864320","게임 내 역할은 시설 진화 촉매, 생산망의 입력·출력에 연결된다.","이 물자의 원본 기능을 위해 보관·운반·소비·거래 중 한 경로에 재고를 배정해 다른 사용처를 늦춘다","비교 후보(대체 가능성 미검증): GenericItemDefinitionSO:evolution:catalyst:arcane:1, GenericItemDefinitionSO:evolution:catalyst:arcane:10, GenericItemDefinitionSO:evolution:catalyst:arcane:11, GenericItemDefinitionSO:evolution:catalyst:arcane:12, GenericItemDefinitionSO:evolution:catalyst:arcane:13, GenericItemDefinitionSO:evolution:catalyst:arcane:14, GenericItemDefinitionSO:evolution:catalyst:arcane:15, GenericItemDefinitionSO:evolution:catalyst:arcane:16, GenericItemDefinitionSO:evolution:catalyst:arcane:17, GenericItemDefinitionSO:evolution:catalyst:arcane:18, GenericItemDefinitionSO:evolution:catalyst:arcane:19, GenericItemDefinitionSO:evolution:catalyst:arcane:2 외 155개","생성 또는 거래·재고 입고·운반·보관·장착 또는 소비와 하류 주문 기록","과잉 재고·운반·보관·수리 또는 사용 시점 지연이 압력이 된다","실제 비교 후보·교역·재활용·수리·배급 조정 중 원본 기능에 맞는 경로로 재고 압력을 줄인다","설계 확정; 질량·가격·스택·부패·효과 수치는 source authority와 밸런스 기준서에서 별도 검증 OPEN"
"evolution:catalyst:offense:18","공세 촉매 진행 18 · 5등급","General (일반)","[{""rid"":7737211921623154923},{""rid"":7737211921623154924}]","해당 없음: GenericItemDefinitionSO","0.25","15728640","게임 내 역할은 시설 진화 촉매, 생산망의 입력·출력에 연결된다.","이 물자의 원본 기능을 위해 보관·운반·소비·거래 중 한 경로에 재고를 배정해 다른 사용처를 늦춘다","비교 후보(대체 가능성 미검증): GenericItemDefinitionSO:evolution:catalyst:arcane:1, GenericItemDefinitionSO:evolution:catalyst:arcane:10, GenericItemDefinitionSO:evolution:catalyst:arcane:11, GenericItemDefinitionSO:evolution:catalyst:arcane:12, GenericItemDefinitionSO:evolution:catalyst:arcane:13, GenericItemDefinitionSO:evolution:catalyst:arcane:14, GenericItemDefinitionSO:evolution:catalyst:arcane:15, GenericItemDefinitionSO:evolution:catalyst:arcane:16, GenericItemDefinitionSO:evolution:catalyst:arcane:17, GenericItemDefinitionSO:evolution:catalyst:arcane:18, GenericItemDefinitionSO:evolution:catalyst:arcane:19, GenericItemDefinitionSO:evolution:catalyst:arcane:2 외 155개","생성 또는 거래·재고 입고·운반·보관·장착 또는 소비와 하류 주문 기록","과잉 재고·운반·보관·수리 또는 사용 시점 지연이 압력이 된다","실제 비교 후보·교역·재활용·수리·배급 조정 중 원본 기능에 맞는 경로로 재고 압력을 줄인다","설계 확정; 질량·가격·스택·부패·효과 수치는 source authority와 밸런스 기준서에서 별도 검증 OPEN"
"evolution:catalyst:offense:19","공세 촉매 진행 19 · 5등급","General (일반)","[{""rid"":7737211921623154925},{""rid"":7737211921623154926}]","해당 없음: GenericItemDefinitionSO","0.25","31457280","게임 내 역할은 시설 진화 촉매, 생산망의 입력·출력에 연결된다.","이 물자의 원본 기능을 위해 보관·운반·소비·거래 중 한 경로에 재고를 배정해 다른 사용처를 늦춘다","비교 후보(대체 가능성 미검증): GenericItemDefinitionSO:evolution:catalyst:arcane:1, GenericItemDefinitionSO:evolution:catalyst:arcane:10, GenericItemDefinitionSO:evolution:catalyst:arcane:11, GenericItemDefinitionSO:evolution:catalyst:arcane:12, GenericItemDefinitionSO:evolution:catalyst:arcane:13, GenericItemDefinitionSO:evolution:catalyst:arcane:14, GenericItemDefinitionSO:evolution:catalyst:arcane:15, GenericItemDefinitionSO:evolution:catalyst:arcane:16, GenericItemDefinitionSO:evolution:catalyst:arcane:17, GenericItemDefinitionSO:evolution:catalyst:arcane:18, GenericItemDefinitionSO:evolution:catalyst:arcane:19, GenericItemDefinitionSO:evolution:catalyst:arcane:2 외 155개","생성 또는 거래·재고 입고·운반·보관·장착 또는 소비와 하류 주문 기록","과잉 재고·운반·보관·수리 또는 사용 시점 지연이 압력이 된다","실제 비교 후보·교역·재활용·수리·배급 조정 중 원본 기능에 맞는 경로로 재고 압력을 줄인다","설계 확정; 질량·가격·스택·부패·효과 수치는 source authority와 밸런스 기준서에서 별도 검증 OPEN"
"evolution:catalyst:offense:2","공세 촉매 진행 2 · 1등급","General (일반)","[{""rid"":7737211921623154927},{""rid"":7737211921623154928}]","해당 없음: GenericItemDefinitionSO","0.25","240","게임 내 역할은 시설 진화 촉매, 생산망의 입력·출력에 연결된다.","이 물자의 원본 기능을 위해 보관·운반·소비·거래 중 한 경로에 재고를 배정해 다른 사용처를 늦춘다","비교 후보(대체 가능성 미검증): GenericItemDefinitionSO:evolution:catalyst:arcane:1, GenericItemDefinitionSO:evolution:catalyst:arcane:10, GenericItemDefinitionSO:evolution:catalyst:arcane:11, GenericItemDefinitionSO:evolution:catalyst:arcane:12, GenericItemDefinitionSO:evolution:catalyst:arcane:13, GenericItemDefinitionSO:evolution:catalyst:arcane:14, GenericItemDefinitionSO:evolution:catalyst:arcane:15, GenericItemDefinitionSO:evolution:catalyst:arcane:16, GenericItemDefinitionSO:evolution:catalyst:arcane:17, GenericItemDefinitionSO:evolution:catalyst:arcane:18, GenericItemDefinitionSO:evolution:catalyst:arcane:19, GenericItemDefinitionSO:evolution:catalyst:arcane:2 외 155개","생성 또는 거래·재고 입고·운반·보관·장착 또는 소비와 하류 주문 기록","과잉 재고·운반·보관·수리 또는 사용 시점 지연이 압력이 된다","실제 비교 후보·교역·재활용·수리·배급 조정 중 원본 기능에 맞는 경로로 재고 압력을 줄인다","설계 확정; 질량·가격·스택·부패·효과 수치는 source authority와 밸런스 기준서에서 별도 검증 OPEN"
"evolution:catalyst:offense:20","공세 촉매 진행 20 · 5등급","General (일반)","[{""rid"":7737211921623154929},{""rid"":7737211921623154930}]","해당 없음: GenericItemDefinitionSO","0.25","62914560","게임 내 역할은 시설 진화 촉매, 생산망의 입력·출력에 연결된다.","이 물자의 원본 기능을 위해 보관·운반·소비·거래 중 한 경로에 재고를 배정해 다른 사용처를 늦춘다","비교 후보(대체 가능성 미검증): GenericItemDefinitionSO:evolution:catalyst:arcane:1, GenericItemDefinitionSO:evolution:catalyst:arcane:10, GenericItemDefinitionSO:evolution:catalyst:arcane:11, GenericItemDefinitionSO:evolution:catalyst:arcane:12, GenericItemDefinitionSO:evolution:catalyst:arcane:13, GenericItemDefinitionSO:evolution:catalyst:arcane:14, GenericItemDefinitionSO:evolution:catalyst:arcane:15, GenericItemDefinitionSO:evolution:catalyst:arcane:16, GenericItemDefinitionSO:evolution:catalyst:arcane:17, GenericItemDefinitionSO:evolution:catalyst:arcane:18, GenericItemDefinitionSO:evolution:catalyst:arcane:19, GenericItemDefinitionSO:evolution:catalyst:arcane:2 외 155개","생성 또는 거래·재고 입고·운반·보관·장착 또는 소비와 하류 주문 기록","과잉 재고·운반·보관·수리 또는 사용 시점 지연이 압력이 된다","실제 비교 후보·교역·재활용·수리·배급 조정 중 원본 기능에 맞는 경로로 재고 압력을 줄인다","설계 확정; 질량·가격·스택·부패·효과 수치는 source authority와 밸런스 기준서에서 별도 검증 OPEN"
"evolution:catalyst:offense:21","공세 촉매 진행 21 · 5등급","General (일반)","[{""rid"":7737211921623154931},{""rid"":7737211921623154932}]","해당 없음: GenericItemDefinitionSO","0.25","125829120","게임 내 역할은 시설 진화 촉매, 생산망의 입력·출력에 연결된다.","이 물자의 원본 기능을 위해 보관·운반·소비·거래 중 한 경로에 재고를 배정해 다른 사용처를 늦춘다","비교 후보(대체 가능성 미검증): GenericItemDefinitionSO:evolution:catalyst:arcane:1, GenericItemDefinitionSO:evolution:catalyst:arcane:10, GenericItemDefinitionSO:evolution:catalyst:arcane:11, GenericItemDefinitionSO:evolution:catalyst:arcane:12, GenericItemDefinitionSO:evolution:catalyst:arcane:13, GenericItemDefinitionSO:evolution:catalyst:arcane:14, GenericItemDefinitionSO:evolution:catalyst:arcane:15, GenericItemDefinitionSO:evolution:catalyst:arcane:16, GenericItemDefinitionSO:evolution:catalyst:arcane:17, GenericItemDefinitionSO:evolution:catalyst:arcane:18, GenericItemDefinitionSO:evolution:catalyst:arcane:19, GenericItemDefinitionSO:evolution:catalyst:arcane:2 외 155개","생성 또는 거래·재고 입고·운반·보관·장착 또는 소비와 하류 주문 기록","과잉 재고·운반·보관·수리 또는 사용 시점 지연이 압력이 된다","실제 비교 후보·교역·재활용·수리·배급 조정 중 원본 기능에 맞는 경로로 재고 압력을 줄인다","설계 확정; 질량·가격·스택·부패·효과 수치는 source authority와 밸런스 기준서에서 별도 검증 OPEN"
"evolution:catalyst:offense:3","공세 촉매 진행 3 · 1등급","General (일반)","[{""rid"":7737211921623154933},{""rid"":7737211921623154934}]","해당 없음: GenericItemDefinitionSO","0.25","480","게임 내 역할은 시설 진화 촉매, 생산망의 입력·출력에 연결된다.","이 물자의 원본 기능을 위해 보관·운반·소비·거래 중 한 경로에 재고를 배정해 다른 사용처를 늦춘다","비교 후보(대체 가능성 미검증): GenericItemDefinitionSO:evolution:catalyst:arcane:1, GenericItemDefinitionSO:evolution:catalyst:arcane:10, GenericItemDefinitionSO:evolution:catalyst:arcane:11, GenericItemDefinitionSO:evolution:catalyst:arcane:12, GenericItemDefinitionSO:evolution:catalyst:arcane:13, GenericItemDefinitionSO:evolution:catalyst:arcane:14, GenericItemDefinitionSO:evolution:catalyst:arcane:15, GenericItemDefinitionSO:evolution:catalyst:arcane:16, GenericItemDefinitionSO:evolution:catalyst:arcane:17, GenericItemDefinitionSO:evolution:catalyst:arcane:18, GenericItemDefinitionSO:evolution:catalyst:arcane:19, GenericItemDefinitionSO:evolution:catalyst:arcane:2 외 155개","생성 또는 거래·재고 입고·운반·보관·장착 또는 소비와 하류 주문 기록","과잉 재고·운반·보관·수리 또는 사용 시점 지연이 압력이 된다","실제 비교 후보·교역·재활용·수리·배급 조정 중 원본 기능에 맞는 경로로 재고 압력을 줄인다","설계 확정; 질량·가격·스택·부패·효과 수치는 source authority와 밸런스 기준서에서 별도 검증 OPEN"
"evolution:catalyst:offense:4","공세 촉매 진행 4 · 1등급","General (일반)","[{""rid"":7737211921623154935},{""rid"":7737211921623154936}]","해당 없음: GenericItemDefinitionSO","0.25","960","게임 내 역할은 시설 진화 촉매, 생산망의 입력·출력에 연결된다.","이 물자의 원본 기능을 위해 보관·운반·소비·거래 중 한 경로에 재고를 배정해 다른 사용처를 늦춘다","비교 후보(대체 가능성 미검증): GenericItemDefinitionSO:evolution:catalyst:arcane:1, GenericItemDefinitionSO:evolution:catalyst:arcane:10, GenericItemDefinitionSO:evolution:catalyst:arcane:11, GenericItemDefinitionSO:evolution:catalyst:arcane:12, GenericItemDefinitionSO:evolution:catalyst:arcane:13, GenericItemDefinitionSO:evolution:catalyst:arcane:14, GenericItemDefinitionSO:evolution:catalyst:arcane:15, GenericItemDefinitionSO:evolution:catalyst:arcane:16, GenericItemDefinitionSO:evolution:catalyst:arcane:17, GenericItemDefinitionSO:evolution:catalyst:arcane:18, GenericItemDefinitionSO:evolution:catalyst:arcane:19, GenericItemDefinitionSO:evolution:catalyst:arcane:2 외 155개","생성 또는 거래·재고 입고·운반·보관·장착 또는 소비와 하류 주문 기록","과잉 재고·운반·보관·수리 또는 사용 시점 지연이 압력이 된다","실제 비교 후보·교역·재활용·수리·배급 조정 중 원본 기능에 맞는 경로로 재고 압력을 줄인다","설계 확정; 질량·가격·스택·부패·효과 수치는 source authority와 밸런스 기준서에서 별도 검증 OPEN"
"evolution:catalyst:offense:5","공세 촉매 진행 5 · 1등급","General (일반)","[{""rid"":7737211921623154937},{""rid"":7737211921623154938}]","해당 없음: GenericItemDefinitionSO","0.25","1920","게임 내 역할은 시설 진화 촉매, 생산망의 입력·출력에 연결된다.","이 물자의 원본 기능을 위해 보관·운반·소비·거래 중 한 경로에 재고를 배정해 다른 사용처를 늦춘다","비교 후보(대체 가능성 미검증): GenericItemDefinitionSO:evolution:catalyst:arcane:1, GenericItemDefinitionSO:evolution:catalyst:arcane:10, GenericItemDefinitionSO:evolution:catalyst:arcane:11, GenericItemDefinitionSO:evolution:catalyst:arcane:12, GenericItemDefinitionSO:evolution:catalyst:arcane:13, GenericItemDefinitionSO:evolution:catalyst:arcane:14, GenericItemDefinitionSO:evolution:catalyst:arcane:15, GenericItemDefinitionSO:evolution:catalyst:arcane:16, GenericItemDefinitionSO:evolution:catalyst:arcane:17, GenericItemDefinitionSO:evolution:catalyst:arcane:18, GenericItemDefinitionSO:evolution:catalyst:arcane:19, GenericItemDefinitionSO:evolution:catalyst:arcane:2 외 155개","생성 또는 거래·재고 입고·운반·보관·장착 또는 소비와 하류 주문 기록","과잉 재고·운반·보관·수리 또는 사용 시점 지연이 압력이 된다","실제 비교 후보·교역·재활용·수리·배급 조정 중 원본 기능에 맞는 경로로 재고 압력을 줄인다","설계 확정; 질량·가격·스택·부패·효과 수치는 source authority와 밸런스 기준서에서 별도 검증 OPEN"
"evolution:catalyst:offense:6","공세 촉매 진행 6 · 2등급","General (일반)","[{""rid"":7737211921623154939},{""rid"":7737211921623154940}]","해당 없음: GenericItemDefinitionSO","0.25","3840","게임 내 역할은 시설 진화 촉매, 생산망의 입력·출력에 연결된다.","이 물자의 원본 기능을 위해 보관·운반·소비·거래 중 한 경로에 재고를 배정해 다른 사용처를 늦춘다","비교 후보(대체 가능성 미검증): GenericItemDefinitionSO:evolution:catalyst:arcane:1, GenericItemDefinitionSO:evolution:catalyst:arcane:10, GenericItemDefinitionSO:evolution:catalyst:arcane:11, GenericItemDefinitionSO:evolution:catalyst:arcane:12, GenericItemDefinitionSO:evolution:catalyst:arcane:13, GenericItemDefinitionSO:evolution:catalyst:arcane:14, GenericItemDefinitionSO:evolution:catalyst:arcane:15, GenericItemDefinitionSO:evolution:catalyst:arcane:16, GenericItemDefinitionSO:evolution:catalyst:arcane:17, GenericItemDefinitionSO:evolution:catalyst:arcane:18, GenericItemDefinitionSO:evolution:catalyst:arcane:19, GenericItemDefinitionSO:evolution:catalyst:arcane:2 외 155개","생성 또는 거래·재고 입고·운반·보관·장착 또는 소비와 하류 주문 기록","과잉 재고·운반·보관·수리 또는 사용 시점 지연이 압력이 된다","실제 비교 후보·교역·재활용·수리·배급 조정 중 원본 기능에 맞는 경로로 재고 압력을 줄인다","설계 확정; 질량·가격·스택·부패·효과 수치는 source authority와 밸런스 기준서에서 별도 검증 OPEN"
"evolution:catalyst:offense:7","공세 촉매 진행 7 · 2등급","General (일반)","[{""rid"":7737211921623154941},{""rid"":7737211921623154942}]","해당 없음: GenericItemDefinitionSO","0.25","7680","게임 내 역할은 시설 진화 촉매, 생산망의 입력·출력에 연결된다.","이 물자의 원본 기능을 위해 보관·운반·소비·거래 중 한 경로에 재고를 배정해 다른 사용처를 늦춘다","비교 후보(대체 가능성 미검증): GenericItemDefinitionSO:evolution:catalyst:arcane:1, GenericItemDefinitionSO:evolution:catalyst:arcane:10, GenericItemDefinitionSO:evolution:catalyst:arcane:11, GenericItemDefinitionSO:evolution:catalyst:arcane:12, GenericItemDefinitionSO:evolution:catalyst:arcane:13, GenericItemDefinitionSO:evolution:catalyst:arcane:14, GenericItemDefinitionSO:evolution:catalyst:arcane:15, GenericItemDefinitionSO:evolution:catalyst:arcane:16, GenericItemDefinitionSO:evolution:catalyst:arcane:17, GenericItemDefinitionSO:evolution:catalyst:arcane:18, GenericItemDefinitionSO:evolution:catalyst:arcane:19, GenericItemDefinitionSO:evolution:catalyst:arcane:2 외 155개","생성 또는 거래·재고 입고·운반·보관·장착 또는 소비와 하류 주문 기록","과잉 재고·운반·보관·수리 또는 사용 시점 지연이 압력이 된다","실제 비교 후보·교역·재활용·수리·배급 조정 중 원본 기능에 맞는 경로로 재고 압력을 줄인다","설계 확정; 질량·가격·스택·부패·효과 수치는 source authority와 밸런스 기준서에서 별도 검증 OPEN"
"evolution:catalyst:offense:8","공세 촉매 진행 8 · 2등급","General (일반)","[{""rid"":7737211921623154943},{""rid"":7737211921623154944}]","해당 없음: GenericItemDefinitionSO","0.25","15360","게임 내 역할은 시설 진화 촉매, 생산망의 입력·출력에 연결된다.","이 물자의 원본 기능을 위해 보관·운반·소비·거래 중 한 경로에 재고를 배정해 다른 사용처를 늦춘다","비교 후보(대체 가능성 미검증): GenericItemDefinitionSO:evolution:catalyst:arcane:1, GenericItemDefinitionSO:evolution:catalyst:arcane:10, GenericItemDefinitionSO:evolution:catalyst:arcane:11, GenericItemDefinitionSO:evolution:catalyst:arcane:12, GenericItemDefinitionSO:evolution:catalyst:arcane:13, GenericItemDefinitionSO:evolution:catalyst:arcane:14, GenericItemDefinitionSO:evolution:catalyst:arcane:15, GenericItemDefinitionSO:evolution:catalyst:arcane:16, GenericItemDefinitionSO:evolution:catalyst:arcane:17, GenericItemDefinitionSO:evolution:catalyst:arcane:18, GenericItemDefinitionSO:evolution:catalyst:arcane:19, GenericItemDefinitionSO:evolution:catalyst:arcane:2 외 155개","생성 또는 거래·재고 입고·운반·보관·장착 또는 소비와 하류 주문 기록","과잉 재고·운반·보관·수리 또는 사용 시점 지연이 압력이 된다","실제 비교 후보·교역·재활용·수리·배급 조정 중 원본 기능에 맞는 경로로 재고 압력을 줄인다","설계 확정; 질량·가격·스택·부패·효과 수치는 source authority와 밸런스 기준서에서 별도 검증 OPEN"
"evolution:catalyst:offense:9","공세 촉매 진행 9 · 2등급","General (일반)","[{""rid"":7737211921623154945},{""rid"":7737211921623154946}]","해당 없음: GenericItemDefinitionSO","0.25","30720","게임 내 역할은 시설 진화 촉매, 생산망의 입력·출력에 연결된다.","이 물자의 원본 기능을 위해 보관·운반·소비·거래 중 한 경로에 재고를 배정해 다른 사용처를 늦춘다","비교 후보(대체 가능성 미검증): GenericItemDefinitionSO:evolution:catalyst:arcane:1, GenericItemDefinitionSO:evolution:catalyst:arcane:10, GenericItemDefinitionSO:evolution:catalyst:arcane:11, GenericItemDefinitionSO:evolution:catalyst:arcane:12, GenericItemDefinitionSO:evolution:catalyst:arcane:13, GenericItemDefinitionSO:evolution:catalyst:arcane:14, GenericItemDefinitionSO:evolution:catalyst:arcane:15, GenericItemDefinitionSO:evolution:catalyst:arcane:16, GenericItemDefinitionSO:evolution:catalyst:arcane:17, GenericItemDefinitionSO:evolution:catalyst:arcane:18, GenericItemDefinitionSO:evolution:catalyst:arcane:19, GenericItemDefinitionSO:evolution:catalyst:arcane:2 외 155개","생성 또는 거래·재고 입고·운반·보관·장착 또는 소비와 하류 주문 기록","과잉 재고·운반·보관·수리 또는 사용 시점 지연이 압력이 된다","실제 비교 후보·교역·재활용·수리·배급 조정 중 원본 기능에 맞는 경로로 재고 압력을 줄인다","설계 확정; 질량·가격·스택·부패·효과 수치는 source authority와 밸런스 기준서에서 별도 검증 OPEN"
"evolution:catalyst:survival:1","생존 촉매 진행 1 · 1등급","General (일반)","[{""rid"":7737211921623154947},{""rid"":7737211921623154948}]","해당 없음: GenericItemDefinitionSO","0.25","120","게임 내 역할은 시설 진화 촉매, 생산망의 입력·출력에 연결된다.","이 물자의 원본 기능을 위해 보관·운반·소비·거래 중 한 경로에 재고를 배정해 다른 사용처를 늦춘다","비교 후보(대체 가능성 미검증): GenericItemDefinitionSO:evolution:catalyst:arcane:1, GenericItemDefinitionSO:evolution:catalyst:arcane:10, GenericItemDefinitionSO:evolution:catalyst:arcane:11, GenericItemDefinitionSO:evolution:catalyst:arcane:12, GenericItemDefinitionSO:evolution:catalyst:arcane:13, GenericItemDefinitionSO:evolution:catalyst:arcane:14, GenericItemDefinitionSO:evolution:catalyst:arcane:15, GenericItemDefinitionSO:evolution:catalyst:arcane:16, GenericItemDefinitionSO:evolution:catalyst:arcane:17, GenericItemDefinitionSO:evolution:catalyst:arcane:18, GenericItemDefinitionSO:evolution:catalyst:arcane:19, GenericItemDefinitionSO:evolution:catalyst:arcane:2 외 155개","생성 또는 거래·재고 입고·운반·보관·장착 또는 소비와 하류 주문 기록","과잉 재고·운반·보관·수리 또는 사용 시점 지연이 압력이 된다","실제 비교 후보·교역·재활용·수리·배급 조정 중 원본 기능에 맞는 경로로 재고 압력을 줄인다","설계 확정; 질량·가격·스택·부패·효과 수치는 source authority와 밸런스 기준서에서 별도 검증 OPEN"
"evolution:catalyst:survival:10","생존 촉매 진행 10 · 3등급","General (일반)","[{""rid"":7737211921623154949},{""rid"":7737211921623154950}]","해당 없음: GenericItemDefinitionSO","0.25","61440","게임 내 역할은 시설 진화 촉매, 생산망의 입력·출력에 연결된다.","이 물자의 원본 기능을 위해 보관·운반·소비·거래 중 한 경로에 재고를 배정해 다른 사용처를 늦춘다","비교 후보(대체 가능성 미검증): GenericItemDefinitionSO:evolution:catalyst:arcane:1, GenericItemDefinitionSO:evolution:catalyst:arcane:10, GenericItemDefinitionSO:evolution:catalyst:arcane:11, GenericItemDefinitionSO:evolution:catalyst:arcane:12, GenericItemDefinitionSO:evolution:catalyst:arcane:13, GenericItemDefinitionSO:evolution:catalyst:arcane:14, GenericItemDefinitionSO:evolution:catalyst:arcane:15, GenericItemDefinitionSO:evolution:catalyst:arcane:16, GenericItemDefinitionSO:evolution:catalyst:arcane:17, GenericItemDefinitionSO:evolution:catalyst:arcane:18, GenericItemDefinitionSO:evolution:catalyst:arcane:19, GenericItemDefinitionSO:evolution:catalyst:arcane:2 외 155개","생성 또는 거래·재고 입고·운반·보관·장착 또는 소비와 하류 주문 기록","과잉 재고·운반·보관·수리 또는 사용 시점 지연이 압력이 된다","실제 비교 후보·교역·재활용·수리·배급 조정 중 원본 기능에 맞는 경로로 재고 압력을 줄인다","설계 확정; 질량·가격·스택·부패·효과 수치는 source authority와 밸런스 기준서에서 별도 검증 OPEN"
"evolution:catalyst:survival:11","생존 촉매 진행 11 · 3등급","General (일반)","[{""rid"":7737211921623154951},{""rid"":7737211921623154952}]","해당 없음: GenericItemDefinitionSO","0.25","122880","게임 내 역할은 시설 진화 촉매, 생산망의 입력·출력에 연결된다.","이 물자의 원본 기능을 위해 보관·운반·소비·거래 중 한 경로에 재고를 배정해 다른 사용처를 늦춘다","비교 후보(대체 가능성 미검증): GenericItemDefinitionSO:evolution:catalyst:arcane:1, GenericItemDefinitionSO:evolution:catalyst:arcane:10, GenericItemDefinitionSO:evolution:catalyst:arcane:11, GenericItemDefinitionSO:evolution:catalyst:arcane:12, GenericItemDefinitionSO:evolution:catalyst:arcane:13, GenericItemDefinitionSO:evolution:catalyst:arcane:14, GenericItemDefinitionSO:evolution:catalyst:arcane:15, GenericItemDefinitionSO:evolution:catalyst:arcane:16, GenericItemDefinitionSO:evolution:catalyst:arcane:17, GenericItemDefinitionSO:evolution:catalyst:arcane:18, GenericItemDefinitionSO:evolution:catalyst:arcane:19, GenericItemDefinitionSO:evolution:catalyst:arcane:2 외 155개","생성 또는 거래·재고 입고·운반·보관·장착 또는 소비와 하류 주문 기록","과잉 재고·운반·보관·수리 또는 사용 시점 지연이 압력이 된다","실제 비교 후보·교역·재활용·수리·배급 조정 중 원본 기능에 맞는 경로로 재고 압력을 줄인다","설계 확정; 질량·가격·스택·부패·효과 수치는 source authority와 밸런스 기준서에서 별도 검증 OPEN"
"evolution:catalyst:survival:12","생존 촉매 진행 12 · 3등급","General (일반)","[{""rid"":7737211921623154953},{""rid"":7737211921623154954}]","해당 없음: GenericItemDefinitionSO","0.25","245760","게임 내 역할은 시설 진화 촉매, 생산망의 입력·출력에 연결된다.","이 물자의 원본 기능을 위해 보관·운반·소비·거래 중 한 경로에 재고를 배정해 다른 사용처를 늦춘다","비교 후보(대체 가능성 미검증): GenericItemDefinitionSO:evolution:catalyst:arcane:1, GenericItemDefinitionSO:evolution:catalyst:arcane:10, GenericItemDefinitionSO:evolution:catalyst:arcane:11, GenericItemDefinitionSO:evolution:catalyst:arcane:12, GenericItemDefinitionSO:evolution:catalyst:arcane:13, GenericItemDefinitionSO:evolution:catalyst:arcane:14, GenericItemDefinitionSO:evolution:catalyst:arcane:15, GenericItemDefinitionSO:evolution:catalyst:arcane:16, GenericItemDefinitionSO:evolution:catalyst:arcane:17, GenericItemDefinitionSO:evolution:catalyst:arcane:18, GenericItemDefinitionSO:evolution:catalyst:arcane:19, GenericItemDefinitionSO:evolution:catalyst:arcane:2 외 155개","생성 또는 거래·재고 입고·운반·보관·장착 또는 소비와 하류 주문 기록","과잉 재고·운반·보관·수리 또는 사용 시점 지연이 압력이 된다","실제 비교 후보·교역·재활용·수리·배급 조정 중 원본 기능에 맞는 경로로 재고 압력을 줄인다","설계 확정; 질량·가격·스택·부패·효과 수치는 source authority와 밸런스 기준서에서 별도 검증 OPEN"
"evolution:catalyst:survival:13","생존 촉매 진행 13 · 3등급","General (일반)","[{""rid"":7737211921623154955},{""rid"":7737211921623154956}]","해당 없음: GenericItemDefinitionSO","0.25","491520","게임 내 역할은 시설 진화 촉매, 생산망의 입력·출력에 연결된다.","이 물자의 원본 기능을 위해 보관·운반·소비·거래 중 한 경로에 재고를 배정해 다른 사용처를 늦춘다","비교 후보(대체 가능성 미검증): GenericItemDefinitionSO:evolution:catalyst:arcane:1, GenericItemDefinitionSO:evolution:catalyst:arcane:10, GenericItemDefinitionSO:evolution:catalyst:arcane:11, GenericItemDefinitionSO:evolution:catalyst:arcane:12, GenericItemDefinitionSO:evolution:catalyst:arcane:13, GenericItemDefinitionSO:evolution:catalyst:arcane:14, GenericItemDefinitionSO:evolution:catalyst:arcane:15, GenericItemDefinitionSO:evolution:catalyst:arcane:16, GenericItemDefinitionSO:evolution:catalyst:arcane:17, GenericItemDefinitionSO:evolution:catalyst:arcane:18, GenericItemDefinitionSO:evolution:catalyst:arcane:19, GenericItemDefinitionSO:evolution:catalyst:arcane:2 외 155개","생성 또는 거래·재고 입고·운반·보관·장착 또는 소비와 하류 주문 기록","과잉 재고·운반·보관·수리 또는 사용 시점 지연이 압력이 된다","실제 비교 후보·교역·재활용·수리·배급 조정 중 원본 기능에 맞는 경로로 재고 압력을 줄인다","설계 확정; 질량·가격·스택·부패·효과 수치는 source authority와 밸런스 기준서에서 별도 검증 OPEN"
"evolution:catalyst:survival:14","생존 촉매 진행 14 · 4등급","General (일반)","[{""rid"":7737211921623154957},{""rid"":7737211921623154958}]","해당 없음: GenericItemDefinitionSO","0.25","983040","게임 내 역할은 시설 진화 촉매, 생산망의 입력·출력에 연결된다.","이 물자의 원본 기능을 위해 보관·운반·소비·거래 중 한 경로에 재고를 배정해 다른 사용처를 늦춘다","비교 후보(대체 가능성 미검증): GenericItemDefinitionSO:evolution:catalyst:arcane:1, GenericItemDefinitionSO:evolution:catalyst:arcane:10, GenericItemDefinitionSO:evolution:catalyst:arcane:11, GenericItemDefinitionSO:evolution:catalyst:arcane:12, GenericItemDefinitionSO:evolution:catalyst:arcane:13, GenericItemDefinitionSO:evolution:catalyst:arcane:14, GenericItemDefinitionSO:evolution:catalyst:arcane:15, GenericItemDefinitionSO:evolution:catalyst:arcane:16, GenericItemDefinitionSO:evolution:catalyst:arcane:17, GenericItemDefinitionSO:evolution:catalyst:arcane:18, GenericItemDefinitionSO:evolution:catalyst:arcane:19, GenericItemDefinitionSO:evolution:catalyst:arcane:2 외 155개","생성 또는 거래·재고 입고·운반·보관·장착 또는 소비와 하류 주문 기록","과잉 재고·운반·보관·수리 또는 사용 시점 지연이 압력이 된다","실제 비교 후보·교역·재활용·수리·배급 조정 중 원본 기능에 맞는 경로로 재고 압력을 줄인다","설계 확정; 질량·가격·스택·부패·효과 수치는 source authority와 밸런스 기준서에서 별도 검증 OPEN"
"evolution:catalyst:survival:15","생존 촉매 진행 15 · 4등급","General (일반)","[{""rid"":7737211921623154959},{""rid"":7737211921623154960}]","해당 없음: GenericItemDefinitionSO","0.25","1966080","게임 내 역할은 시설 진화 촉매, 생산망의 입력·출력에 연결된다.","이 물자의 원본 기능을 위해 보관·운반·소비·거래 중 한 경로에 재고를 배정해 다른 사용처를 늦춘다","비교 후보(대체 가능성 미검증): GenericItemDefinitionSO:evolution:catalyst:arcane:1, GenericItemDefinitionSO:evolution:catalyst:arcane:10, GenericItemDefinitionSO:evolution:catalyst:arcane:11, GenericItemDefinitionSO:evolution:catalyst:arcane:12, GenericItemDefinitionSO:evolution:catalyst:arcane:13, GenericItemDefinitionSO:evolution:catalyst:arcane:14, GenericItemDefinitionSO:evolution:catalyst:arcane:15, GenericItemDefinitionSO:evolution:catalyst:arcane:16, GenericItemDefinitionSO:evolution:catalyst:arcane:17, GenericItemDefinitionSO:evolution:catalyst:arcane:18, GenericItemDefinitionSO:evolution:catalyst:arcane:19, GenericItemDefinitionSO:evolution:catalyst:arcane:2 외 155개","생성 또는 거래·재고 입고·운반·보관·장착 또는 소비와 하류 주문 기록","과잉 재고·운반·보관·수리 또는 사용 시점 지연이 압력이 된다","실제 비교 후보·교역·재활용·수리·배급 조정 중 원본 기능에 맞는 경로로 재고 압력을 줄인다","설계 확정; 질량·가격·스택·부패·효과 수치는 source authority와 밸런스 기준서에서 별도 검증 OPEN"
"evolution:catalyst:survival:16","생존 촉매 진행 16 · 4등급","General (일반)","[{""rid"":7737211921623154961},{""rid"":7737211921623154962}]","해당 없음: GenericItemDefinitionSO","0.25","3932160","게임 내 역할은 시설 진화 촉매, 생산망의 입력·출력에 연결된다.","이 물자의 원본 기능을 위해 보관·운반·소비·거래 중 한 경로에 재고를 배정해 다른 사용처를 늦춘다","비교 후보(대체 가능성 미검증): GenericItemDefinitionSO:evolution:catalyst:arcane:1, GenericItemDefinitionSO:evolution:catalyst:arcane:10, GenericItemDefinitionSO:evolution:catalyst:arcane:11, GenericItemDefinitionSO:evolution:catalyst:arcane:12, GenericItemDefinitionSO:evolution:catalyst:arcane:13, GenericItemDefinitionSO:evolution:catalyst:arcane:14, GenericItemDefinitionSO:evolution:catalyst:arcane:15, GenericItemDefinitionSO:evolution:catalyst:arcane:16, GenericItemDefinitionSO:evolution:catalyst:arcane:17, GenericItemDefinitionSO:evolution:catalyst:arcane:18, GenericItemDefinitionSO:evolution:catalyst:arcane:19, GenericItemDefinitionSO:evolution:catalyst:arcane:2 외 155개","생성 또는 거래·재고 입고·운반·보관·장착 또는 소비와 하류 주문 기록","과잉 재고·운반·보관·수리 또는 사용 시점 지연이 압력이 된다","실제 비교 후보·교역·재활용·수리·배급 조정 중 원본 기능에 맞는 경로로 재고 압력을 줄인다","설계 확정; 질량·가격·스택·부패·효과 수치는 source authority와 밸런스 기준서에서 별도 검증 OPEN"
"evolution:catalyst:survival:17","생존 촉매 진행 17 · 4등급","General (일반)","[{""rid"":7737211921623154963},{""rid"":7737211921623154964}]","해당 없음: GenericItemDefinitionSO","0.25","7864320","게임 내 역할은 시설 진화 촉매, 생산망의 입력·출력에 연결된다.","이 물자의 원본 기능을 위해 보관·운반·소비·거래 중 한 경로에 재고를 배정해 다른 사용처를 늦춘다","비교 후보(대체 가능성 미검증): GenericItemDefinitionSO:evolution:catalyst:arcane:1, GenericItemDefinitionSO:evolution:catalyst:arcane:10, GenericItemDefinitionSO:evolution:catalyst:arcane:11, GenericItemDefinitionSO:evolution:catalyst:arcane:12, GenericItemDefinitionSO:evolution:catalyst:arcane:13, GenericItemDefinitionSO:evolution:catalyst:arcane:14, GenericItemDefinitionSO:evolution:catalyst:arcane:15, GenericItemDefinitionSO:evolution:catalyst:arcane:16, GenericItemDefinitionSO:evolution:catalyst:arcane:17, GenericItemDefinitionSO:evolution:catalyst:arcane:18, GenericItemDefinitionSO:evolution:catalyst:arcane:19, GenericItemDefinitionSO:evolution:catalyst:arcane:2 외 155개","생성 또는 거래·재고 입고·운반·보관·장착 또는 소비와 하류 주문 기록","과잉 재고·운반·보관·수리 또는 사용 시점 지연이 압력이 된다","실제 비교 후보·교역·재활용·수리·배급 조정 중 원본 기능에 맞는 경로로 재고 압력을 줄인다","설계 확정; 질량·가격·스택·부패·효과 수치는 source authority와 밸런스 기준서에서 별도 검증 OPEN"
"evolution:catalyst:survival:18","생존 촉매 진행 18 · 5등급","General (일반)","[{""rid"":7737211921623154965},{""rid"":7737211921623154966}]","해당 없음: GenericItemDefinitionSO","0.25","15728640","게임 내 역할은 시설 진화 촉매, 생산망의 입력·출력에 연결된다.","이 물자의 원본 기능을 위해 보관·운반·소비·거래 중 한 경로에 재고를 배정해 다른 사용처를 늦춘다","비교 후보(대체 가능성 미검증): GenericItemDefinitionSO:evolution:catalyst:arcane:1, GenericItemDefinitionSO:evolution:catalyst:arcane:10, GenericItemDefinitionSO:evolution:catalyst:arcane:11, GenericItemDefinitionSO:evolution:catalyst:arcane:12, GenericItemDefinitionSO:evolution:catalyst:arcane:13, GenericItemDefinitionSO:evolution:catalyst:arcane:14, GenericItemDefinitionSO:evolution:catalyst:arcane:15, GenericItemDefinitionSO:evolution:catalyst:arcane:16, GenericItemDefinitionSO:evolution:catalyst:arcane:17, GenericItemDefinitionSO:evolution:catalyst:arcane:18, GenericItemDefinitionSO:evolution:catalyst:arcane:19, GenericItemDefinitionSO:evolution:catalyst:arcane:2 외 155개","생성 또는 거래·재고 입고·운반·보관·장착 또는 소비와 하류 주문 기록","과잉 재고·운반·보관·수리 또는 사용 시점 지연이 압력이 된다","실제 비교 후보·교역·재활용·수리·배급 조정 중 원본 기능에 맞는 경로로 재고 압력을 줄인다","설계 확정; 질량·가격·스택·부패·효과 수치는 source authority와 밸런스 기준서에서 별도 검증 OPEN"
"evolution:catalyst:survival:19","생존 촉매 진행 19 · 5등급","General (일반)","[{""rid"":7737211921623154967},{""rid"":7737211921623154968}]","해당 없음: GenericItemDefinitionSO","0.25","31457280","게임 내 역할은 시설 진화 촉매, 생산망의 입력·출력에 연결된다.","이 물자의 원본 기능을 위해 보관·운반·소비·거래 중 한 경로에 재고를 배정해 다른 사용처를 늦춘다","비교 후보(대체 가능성 미검증): GenericItemDefinitionSO:evolution:catalyst:arcane:1, GenericItemDefinitionSO:evolution:catalyst:arcane:10, GenericItemDefinitionSO:evolution:catalyst:arcane:11, GenericItemDefinitionSO:evolution:catalyst:arcane:12, GenericItemDefinitionSO:evolution:catalyst:arcane:13, GenericItemDefinitionSO:evolution:catalyst:arcane:14, GenericItemDefinitionSO:evolution:catalyst:arcane:15, GenericItemDefinitionSO:evolution:catalyst:arcane:16, GenericItemDefinitionSO:evolution:catalyst:arcane:17, GenericItemDefinitionSO:evolution:catalyst:arcane:18, GenericItemDefinitionSO:evolution:catalyst:arcane:19, GenericItemDefinitionSO:evolution:catalyst:arcane:2 외 155개","생성 또는 거래·재고 입고·운반·보관·장착 또는 소비와 하류 주문 기록","과잉 재고·운반·보관·수리 또는 사용 시점 지연이 압력이 된다","실제 비교 후보·교역·재활용·수리·배급 조정 중 원본 기능에 맞는 경로로 재고 압력을 줄인다","설계 확정; 질량·가격·스택·부패·효과 수치는 source authority와 밸런스 기준서에서 별도 검증 OPEN"
"evolution:catalyst:survival:2","생존 촉매 진행 2 · 1등급","General (일반)","[{""rid"":7737211921623154969},{""rid"":7737211921623154970}]","해당 없음: GenericItemDefinitionSO","0.25","240","게임 내 역할은 시설 진화 촉매, 생산망의 입력·출력에 연결된다.","이 물자의 원본 기능을 위해 보관·운반·소비·거래 중 한 경로에 재고를 배정해 다른 사용처를 늦춘다","비교 후보(대체 가능성 미검증): GenericItemDefinitionSO:evolution:catalyst:arcane:1, GenericItemDefinitionSO:evolution:catalyst:arcane:10, GenericItemDefinitionSO:evolution:catalyst:arcane:11, GenericItemDefinitionSO:evolution:catalyst:arcane:12, GenericItemDefinitionSO:evolution:catalyst:arcane:13, GenericItemDefinitionSO:evolution:catalyst:arcane:14, GenericItemDefinitionSO:evolution:catalyst:arcane:15, GenericItemDefinitionSO:evolution:catalyst:arcane:16, GenericItemDefinitionSO:evolution:catalyst:arcane:17, GenericItemDefinitionSO:evolution:catalyst:arcane:18, GenericItemDefinitionSO:evolution:catalyst:arcane:19, GenericItemDefinitionSO:evolution:catalyst:arcane:2 외 155개","생성 또는 거래·재고 입고·운반·보관·장착 또는 소비와 하류 주문 기록","과잉 재고·운반·보관·수리 또는 사용 시점 지연이 압력이 된다","실제 비교 후보·교역·재활용·수리·배급 조정 중 원본 기능에 맞는 경로로 재고 압력을 줄인다","설계 확정; 질량·가격·스택·부패·효과 수치는 source authority와 밸런스 기준서에서 별도 검증 OPEN"
"evolution:catalyst:survival:20","생존 촉매 진행 20 · 5등급","General (일반)","[{""rid"":7737211921623154971},{""rid"":7737211921623154972}]","해당 없음: GenericItemDefinitionSO","0.25","62914560","게임 내 역할은 시설 진화 촉매, 생산망의 입력·출력에 연결된다.","이 물자의 원본 기능을 위해 보관·운반·소비·거래 중 한 경로에 재고를 배정해 다른 사용처를 늦춘다","비교 후보(대체 가능성 미검증): GenericItemDefinitionSO:evolution:catalyst:arcane:1, GenericItemDefinitionSO:evolution:catalyst:arcane:10, GenericItemDefinitionSO:evolution:catalyst:arcane:11, GenericItemDefinitionSO:evolution:catalyst:arcane:12, GenericItemDefinitionSO:evolution:catalyst:arcane:13, GenericItemDefinitionSO:evolution:catalyst:arcane:14, GenericItemDefinitionSO:evolution:catalyst:arcane:15, GenericItemDefinitionSO:evolution:catalyst:arcane:16, GenericItemDefinitionSO:evolution:catalyst:arcane:17, GenericItemDefinitionSO:evolution:catalyst:arcane:18, GenericItemDefinitionSO:evolution:catalyst:arcane:19, GenericItemDefinitionSO:evolution:catalyst:arcane:2 외 155개","생성 또는 거래·재고 입고·운반·보관·장착 또는 소비와 하류 주문 기록","과잉 재고·운반·보관·수리 또는 사용 시점 지연이 압력이 된다","실제 비교 후보·교역·재활용·수리·배급 조정 중 원본 기능에 맞는 경로로 재고 압력을 줄인다","설계 확정; 질량·가격·스택·부패·효과 수치는 source authority와 밸런스 기준서에서 별도 검증 OPEN"
"evolution:catalyst:survival:21","생존 촉매 진행 21 · 5등급","General (일반)","[{""rid"":7737211921623154973},{""rid"":7737211921623154974}]","해당 없음: GenericItemDefinitionSO","0.25","125829120","게임 내 역할은 시설 진화 촉매, 생산망의 입력·출력에 연결된다.","이 물자의 원본 기능을 위해 보관·운반·소비·거래 중 한 경로에 재고를 배정해 다른 사용처를 늦춘다","비교 후보(대체 가능성 미검증): GenericItemDefinitionSO:evolution:catalyst:arcane:1, GenericItemDefinitionSO:evolution:catalyst:arcane:10, GenericItemDefinitionSO:evolution:catalyst:arcane:11, GenericItemDefinitionSO:evolution:catalyst:arcane:12, GenericItemDefinitionSO:evolution:catalyst:arcane:13, GenericItemDefinitionSO:evolution:catalyst:arcane:14, GenericItemDefinitionSO:evolution:catalyst:arcane:15, GenericItemDefinitionSO:evolution:catalyst:arcane:16, GenericItemDefinitionSO:evolution:catalyst:arcane:17, GenericItemDefinitionSO:evolution:catalyst:arcane:18, GenericItemDefinitionSO:evolution:catalyst:arcane:19, GenericItemDefinitionSO:evolution:catalyst:arcane:2 외 155개","생성 또는 거래·재고 입고·운반·보관·장착 또는 소비와 하류 주문 기록","과잉 재고·운반·보관·수리 또는 사용 시점 지연이 압력이 된다","실제 비교 후보·교역·재활용·수리·배급 조정 중 원본 기능에 맞는 경로로 재고 압력을 줄인다","설계 확정; 질량·가격·스택·부패·효과 수치는 source authority와 밸런스 기준서에서 별도 검증 OPEN"
"evolution:catalyst:survival:3","생존 촉매 진행 3 · 1등급","General (일반)","[{""rid"":7737211921623154975},{""rid"":7737211921623154976}]","해당 없음: GenericItemDefinitionSO","0.25","480","게임 내 역할은 시설 진화 촉매, 생산망의 입력·출력에 연결된다.","이 물자의 원본 기능을 위해 보관·운반·소비·거래 중 한 경로에 재고를 배정해 다른 사용처를 늦춘다","비교 후보(대체 가능성 미검증): GenericItemDefinitionSO:evolution:catalyst:arcane:1, GenericItemDefinitionSO:evolution:catalyst:arcane:10, GenericItemDefinitionSO:evolution:catalyst:arcane:11, GenericItemDefinitionSO:evolution:catalyst:arcane:12, GenericItemDefinitionSO:evolution:catalyst:arcane:13, GenericItemDefinitionSO:evolution:catalyst:arcane:14, GenericItemDefinitionSO:evolution:catalyst:arcane:15, GenericItemDefinitionSO:evolution:catalyst:arcane:16, GenericItemDefinitionSO:evolution:catalyst:arcane:17, GenericItemDefinitionSO:evolution:catalyst:arcane:18, GenericItemDefinitionSO:evolution:catalyst:arcane:19, GenericItemDefinitionSO:evolution:catalyst:arcane:2 외 155개","생성 또는 거래·재고 입고·운반·보관·장착 또는 소비와 하류 주문 기록","과잉 재고·운반·보관·수리 또는 사용 시점 지연이 압력이 된다","실제 비교 후보·교역·재활용·수리·배급 조정 중 원본 기능에 맞는 경로로 재고 압력을 줄인다","설계 확정; 질량·가격·스택·부패·효과 수치는 source authority와 밸런스 기준서에서 별도 검증 OPEN"
"evolution:catalyst:survival:4","생존 촉매 진행 4 · 1등급","General (일반)","[{""rid"":7737211921623154977},{""rid"":7737211921623154978}]","해당 없음: GenericItemDefinitionSO","0.25","960","게임 내 역할은 시설 진화 촉매, 생산망의 입력·출력에 연결된다.","이 물자의 원본 기능을 위해 보관·운반·소비·거래 중 한 경로에 재고를 배정해 다른 사용처를 늦춘다","비교 후보(대체 가능성 미검증): GenericItemDefinitionSO:evolution:catalyst:arcane:1, GenericItemDefinitionSO:evolution:catalyst:arcane:10, GenericItemDefinitionSO:evolution:catalyst:arcane:11, GenericItemDefinitionSO:evolution:catalyst:arcane:12, GenericItemDefinitionSO:evolution:catalyst:arcane:13, GenericItemDefinitionSO:evolution:catalyst:arcane:14, GenericItemDefinitionSO:evolution:catalyst:arcane:15, GenericItemDefinitionSO:evolution:catalyst:arcane:16, GenericItemDefinitionSO:evolution:catalyst:arcane:17, GenericItemDefinitionSO:evolution:catalyst:arcane:18, GenericItemDefinitionSO:evolution:catalyst:arcane:19, GenericItemDefinitionSO:evolution:catalyst:arcane:2 외 155개","생성 또는 거래·재고 입고·운반·보관·장착 또는 소비와 하류 주문 기록","과잉 재고·운반·보관·수리 또는 사용 시점 지연이 압력이 된다","실제 비교 후보·교역·재활용·수리·배급 조정 중 원본 기능에 맞는 경로로 재고 압력을 줄인다","설계 확정; 질량·가격·스택·부패·효과 수치는 source authority와 밸런스 기준서에서 별도 검증 OPEN"
"evolution:catalyst:survival:5","생존 촉매 진행 5 · 1등급","General (일반)","[{""rid"":7737211921623154979},{""rid"":7737211921623154980}]","해당 없음: GenericItemDefinitionSO","0.25","1920","게임 내 역할은 시설 진화 촉매, 생산망의 입력·출력에 연결된다.","이 물자의 원본 기능을 위해 보관·운반·소비·거래 중 한 경로에 재고를 배정해 다른 사용처를 늦춘다","비교 후보(대체 가능성 미검증): GenericItemDefinitionSO:evolution:catalyst:arcane:1, GenericItemDefinitionSO:evolution:catalyst:arcane:10, GenericItemDefinitionSO:evolution:catalyst:arcane:11, GenericItemDefinitionSO:evolution:catalyst:arcane:12, GenericItemDefinitionSO:evolution:catalyst:arcane:13, GenericItemDefinitionSO:evolution:catalyst:arcane:14, GenericItemDefinitionSO:evolution:catalyst:arcane:15, GenericItemDefinitionSO:evolution:catalyst:arcane:16, GenericItemDefinitionSO:evolution:catalyst:arcane:17, GenericItemDefinitionSO:evolution:catalyst:arcane:18, GenericItemDefinitionSO:evolution:catalyst:arcane:19, GenericItemDefinitionSO:evolution:catalyst:arcane:2 외 155개","생성 또는 거래·재고 입고·운반·보관·장착 또는 소비와 하류 주문 기록","과잉 재고·운반·보관·수리 또는 사용 시점 지연이 압력이 된다","실제 비교 후보·교역·재활용·수리·배급 조정 중 원본 기능에 맞는 경로로 재고 압력을 줄인다","설계 확정; 질량·가격·스택·부패·효과 수치는 source authority와 밸런스 기준서에서 별도 검증 OPEN"
"evolution:catalyst:survival:6","생존 촉매 진행 6 · 2등급","General (일반)","[{""rid"":7737211921623154981},{""rid"":7737211921623154982}]","해당 없음: GenericItemDefinitionSO","0.25","3840","게임 내 역할은 시설 진화 촉매, 생산망의 입력·출력에 연결된다.","이 물자의 원본 기능을 위해 보관·운반·소비·거래 중 한 경로에 재고를 배정해 다른 사용처를 늦춘다","비교 후보(대체 가능성 미검증): GenericItemDefinitionSO:evolution:catalyst:arcane:1, GenericItemDefinitionSO:evolution:catalyst:arcane:10, GenericItemDefinitionSO:evolution:catalyst:arcane:11, GenericItemDefinitionSO:evolution:catalyst:arcane:12, GenericItemDefinitionSO:evolution:catalyst:arcane:13, GenericItemDefinitionSO:evolution:catalyst:arcane:14, GenericItemDefinitionSO:evolution:catalyst:arcane:15, GenericItemDefinitionSO:evolution:catalyst:arcane:16, GenericItemDefinitionSO:evolution:catalyst:arcane:17, GenericItemDefinitionSO:evolution:catalyst:arcane:18, GenericItemDefinitionSO:evolution:catalyst:arcane:19, GenericItemDefinitionSO:evolution:catalyst:arcane:2 외 155개","생성 또는 거래·재고 입고·운반·보관·장착 또는 소비와 하류 주문 기록","과잉 재고·운반·보관·수리 또는 사용 시점 지연이 압력이 된다","실제 비교 후보·교역·재활용·수리·배급 조정 중 원본 기능에 맞는 경로로 재고 압력을 줄인다","설계 확정; 질량·가격·스택·부패·효과 수치는 source authority와 밸런스 기준서에서 별도 검증 OPEN"
"evolution:catalyst:survival:7","생존 촉매 진행 7 · 2등급","General (일반)","[{""rid"":7737211921623154983},{""rid"":7737211921623154984}]","해당 없음: GenericItemDefinitionSO","0.25","7680","게임 내 역할은 시설 진화 촉매, 생산망의 입력·출력에 연결된다.","이 물자의 원본 기능을 위해 보관·운반·소비·거래 중 한 경로에 재고를 배정해 다른 사용처를 늦춘다","비교 후보(대체 가능성 미검증): GenericItemDefinitionSO:evolution:catalyst:arcane:1, GenericItemDefinitionSO:evolution:catalyst:arcane:10, GenericItemDefinitionSO:evolution:catalyst:arcane:11, GenericItemDefinitionSO:evolution:catalyst:arcane:12, GenericItemDefinitionSO:evolution:catalyst:arcane:13, GenericItemDefinitionSO:evolution:catalyst:arcane:14, GenericItemDefinitionSO:evolution:catalyst:arcane:15, GenericItemDefinitionSO:evolution:catalyst:arcane:16, GenericItemDefinitionSO:evolution:catalyst:arcane:17, GenericItemDefinitionSO:evolution:catalyst:arcane:18, GenericItemDefinitionSO:evolution:catalyst:arcane:19, GenericItemDefinitionSO:evolution:catalyst:arcane:2 외 155개","생성 또는 거래·재고 입고·운반·보관·장착 또는 소비와 하류 주문 기록","과잉 재고·운반·보관·수리 또는 사용 시점 지연이 압력이 된다","실제 비교 후보·교역·재활용·수리·배급 조정 중 원본 기능에 맞는 경로로 재고 압력을 줄인다","설계 확정; 질량·가격·스택·부패·효과 수치는 source authority와 밸런스 기준서에서 별도 검증 OPEN"
"evolution:catalyst:survival:8","생존 촉매 진행 8 · 2등급","General (일반)","[{""rid"":7737211921623154985},{""rid"":7737211921623154986}]","해당 없음: GenericItemDefinitionSO","0.25","15360","게임 내 역할은 시설 진화 촉매, 생산망의 입력·출력에 연결된다.","이 물자의 원본 기능을 위해 보관·운반·소비·거래 중 한 경로에 재고를 배정해 다른 사용처를 늦춘다","비교 후보(대체 가능성 미검증): GenericItemDefinitionSO:evolution:catalyst:arcane:1, GenericItemDefinitionSO:evolution:catalyst:arcane:10, GenericItemDefinitionSO:evolution:catalyst:arcane:11, GenericItemDefinitionSO:evolution:catalyst:arcane:12, GenericItemDefinitionSO:evolution:catalyst:arcane:13, GenericItemDefinitionSO:evolution:catalyst:arcane:14, GenericItemDefinitionSO:evolution:catalyst:arcane:15, GenericItemDefinitionSO:evolution:catalyst:arcane:16, GenericItemDefinitionSO:evolution:catalyst:arcane:17, GenericItemDefinitionSO:evolution:catalyst:arcane:18, GenericItemDefinitionSO:evolution:catalyst:arcane:19, GenericItemDefinitionSO:evolution:catalyst:arcane:2 외 155개","생성 또는 거래·재고 입고·운반·보관·장착 또는 소비와 하류 주문 기록","과잉 재고·운반·보관·수리 또는 사용 시점 지연이 압력이 된다","실제 비교 후보·교역·재활용·수리·배급 조정 중 원본 기능에 맞는 경로로 재고 압력을 줄인다","설계 확정; 질량·가격·스택·부패·효과 수치는 source authority와 밸런스 기준서에서 별도 검증 OPEN"
"evolution:catalyst:survival:9","생존 촉매 진행 9 · 2등급","General (일반)","[{""rid"":7737211921623154987},{""rid"":7737211921623154988}]","해당 없음: GenericItemDefinitionSO","0.25","30720","게임 내 역할은 시설 진화 촉매, 생산망의 입력·출력에 연결된다.","이 물자의 원본 기능을 위해 보관·운반·소비·거래 중 한 경로에 재고를 배정해 다른 사용처를 늦춘다","비교 후보(대체 가능성 미검증): GenericItemDefinitionSO:evolution:catalyst:arcane:1, GenericItemDefinitionSO:evolution:catalyst:arcane:10, GenericItemDefinitionSO:evolution:catalyst:arcane:11, GenericItemDefinitionSO:evolution:catalyst:arcane:12, GenericItemDefinitionSO:evolution:catalyst:arcane:13, GenericItemDefinitionSO:evolution:catalyst:arcane:14, GenericItemDefinitionSO:evolution:catalyst:arcane:15, GenericItemDefinitionSO:evolution:catalyst:arcane:16, GenericItemDefinitionSO:evolution:catalyst:arcane:17, GenericItemDefinitionSO:evolution:catalyst:arcane:18, GenericItemDefinitionSO:evolution:catalyst:arcane:19, GenericItemDefinitionSO:evolution:catalyst:arcane:2 외 155개","생성 또는 거래·재고 입고·운반·보관·장착 또는 소비와 하류 주문 기록","과잉 재고·운반·보관·수리 또는 사용 시점 지연이 압력이 된다","실제 비교 후보·교역·재활용·수리·배급 조정 중 원본 기능에 맞는 경로로 재고 압력을 줄인다","설계 확정; 질량·가격·스택·부패·효과 수치는 source authority와 밸런스 기준서에서 별도 검증 OPEN"
"evolution:catalyst:universal:1","범용 촉매 진행 1 · 1등급","General (일반)","[{""rid"":7737211921623154989},{""rid"":7737211921623154990}]","해당 없음: GenericItemDefinitionSO","0.25","120","게임 내 역할은 시설 진화 촉매, 생산망의 입력·출력에 연결된다.","이 물자의 원본 기능을 위해 보관·운반·소비·거래 중 한 경로에 재고를 배정해 다른 사용처를 늦춘다","비교 후보(대체 가능성 미검증): GenericItemDefinitionSO:evolution:catalyst:arcane:1, GenericItemDefinitionSO:evolution:catalyst:arcane:10, GenericItemDefinitionSO:evolution:catalyst:arcane:11, GenericItemDefinitionSO:evolution:catalyst:arcane:12, GenericItemDefinitionSO:evolution:catalyst:arcane:13, GenericItemDefinitionSO:evolution:catalyst:arcane:14, GenericItemDefinitionSO:evolution:catalyst:arcane:15, GenericItemDefinitionSO:evolution:catalyst:arcane:16, GenericItemDefinitionSO:evolution:catalyst:arcane:17, GenericItemDefinitionSO:evolution:catalyst:arcane:18, GenericItemDefinitionSO:evolution:catalyst:arcane:19, GenericItemDefinitionSO:evolution:catalyst:arcane:2 외 155개","생성 또는 거래·재고 입고·운반·보관·장착 또는 소비와 하류 주문 기록","과잉 재고·운반·보관·수리 또는 사용 시점 지연이 압력이 된다","실제 비교 후보·교역·재활용·수리·배급 조정 중 원본 기능에 맞는 경로로 재고 압력을 줄인다","설계 확정; 질량·가격·스택·부패·효과 수치는 source authority와 밸런스 기준서에서 별도 검증 OPEN"
"evolution:catalyst:universal:10","범용 촉매 진행 10 · 3등급","General (일반)","[{""rid"":7737211921623154991},{""rid"":7737211921623154992}]","해당 없음: GenericItemDefinitionSO","0.25","61440","게임 내 역할은 시설 진화 촉매, 생산망의 입력·출력에 연결된다.","이 물자의 원본 기능을 위해 보관·운반·소비·거래 중 한 경로에 재고를 배정해 다른 사용처를 늦춘다","비교 후보(대체 가능성 미검증): GenericItemDefinitionSO:evolution:catalyst:arcane:1, GenericItemDefinitionSO:evolution:catalyst:arcane:10, GenericItemDefinitionSO:evolution:catalyst:arcane:11, GenericItemDefinitionSO:evolution:catalyst:arcane:12, GenericItemDefinitionSO:evolution:catalyst:arcane:13, GenericItemDefinitionSO:evolution:catalyst:arcane:14, GenericItemDefinitionSO:evolution:catalyst:arcane:15, GenericItemDefinitionSO:evolution:catalyst:arcane:16, GenericItemDefinitionSO:evolution:catalyst:arcane:17, GenericItemDefinitionSO:evolution:catalyst:arcane:18, GenericItemDefinitionSO:evolution:catalyst:arcane:19, GenericItemDefinitionSO:evolution:catalyst:arcane:2 외 155개","생성 또는 거래·재고 입고·운반·보관·장착 또는 소비와 하류 주문 기록","과잉 재고·운반·보관·수리 또는 사용 시점 지연이 압력이 된다","실제 비교 후보·교역·재활용·수리·배급 조정 중 원본 기능에 맞는 경로로 재고 압력을 줄인다","설계 확정; 질량·가격·스택·부패·효과 수치는 source authority와 밸런스 기준서에서 별도 검증 OPEN"
"evolution:catalyst:universal:11","범용 촉매 진행 11 · 3등급","General (일반)","[{""rid"":7737211921623154993},{""rid"":7737211921623154994}]","해당 없음: GenericItemDefinitionSO","0.25","122880","게임 내 역할은 시설 진화 촉매, 생산망의 입력·출력에 연결된다.","이 물자의 원본 기능을 위해 보관·운반·소비·거래 중 한 경로에 재고를 배정해 다른 사용처를 늦춘다","비교 후보(대체 가능성 미검증): GenericItemDefinitionSO:evolution:catalyst:arcane:1, GenericItemDefinitionSO:evolution:catalyst:arcane:10, GenericItemDefinitionSO:evolution:catalyst:arcane:11, GenericItemDefinitionSO:evolution:catalyst:arcane:12, GenericItemDefinitionSO:evolution:catalyst:arcane:13, GenericItemDefinitionSO:evolution:catalyst:arcane:14, GenericItemDefinitionSO:evolution:catalyst:arcane:15, GenericItemDefinitionSO:evolution:catalyst:arcane:16, GenericItemDefinitionSO:evolution:catalyst:arcane:17, GenericItemDefinitionSO:evolution:catalyst:arcane:18, GenericItemDefinitionSO:evolution:catalyst:arcane:19, GenericItemDefinitionSO:evolution:catalyst:arcane:2 외 155개","생성 또는 거래·재고 입고·운반·보관·장착 또는 소비와 하류 주문 기록","과잉 재고·운반·보관·수리 또는 사용 시점 지연이 압력이 된다","실제 비교 후보·교역·재활용·수리·배급 조정 중 원본 기능에 맞는 경로로 재고 압력을 줄인다","설계 확정; 질량·가격·스택·부패·효과 수치는 source authority와 밸런스 기준서에서 별도 검증 OPEN"
"evolution:catalyst:universal:12","범용 촉매 진행 12 · 3등급","General (일반)","[{""rid"":7737211921623154995},{""rid"":7737211921623154996}]","해당 없음: GenericItemDefinitionSO","0.25","245760","게임 내 역할은 시설 진화 촉매, 생산망의 입력·출력에 연결된다.","이 물자의 원본 기능을 위해 보관·운반·소비·거래 중 한 경로에 재고를 배정해 다른 사용처를 늦춘다","비교 후보(대체 가능성 미검증): GenericItemDefinitionSO:evolution:catalyst:arcane:1, GenericItemDefinitionSO:evolution:catalyst:arcane:10, GenericItemDefinitionSO:evolution:catalyst:arcane:11, GenericItemDefinitionSO:evolution:catalyst:arcane:12, GenericItemDefinitionSO:evolution:catalyst:arcane:13, GenericItemDefinitionSO:evolution:catalyst:arcane:14, GenericItemDefinitionSO:evolution:catalyst:arcane:15, GenericItemDefinitionSO:evolution:catalyst:arcane:16, GenericItemDefinitionSO:evolution:catalyst:arcane:17, GenericItemDefinitionSO:evolution:catalyst:arcane:18, GenericItemDefinitionSO:evolution:catalyst:arcane:19, GenericItemDefinitionSO:evolution:catalyst:arcane:2 외 155개","생성 또는 거래·재고 입고·운반·보관·장착 또는 소비와 하류 주문 기록","과잉 재고·운반·보관·수리 또는 사용 시점 지연이 압력이 된다","실제 비교 후보·교역·재활용·수리·배급 조정 중 원본 기능에 맞는 경로로 재고 압력을 줄인다","설계 확정; 질량·가격·스택·부패·효과 수치는 source authority와 밸런스 기준서에서 별도 검증 OPEN"
"evolution:catalyst:universal:13","범용 촉매 진행 13 · 3등급","General (일반)","[{""rid"":7737211921623154997},{""rid"":7737211921623154998}]","해당 없음: GenericItemDefinitionSO","0.25","491520","게임 내 역할은 시설 진화 촉매, 생산망의 입력·출력에 연결된다.","이 물자의 원본 기능을 위해 보관·운반·소비·거래 중 한 경로에 재고를 배정해 다른 사용처를 늦춘다","비교 후보(대체 가능성 미검증): GenericItemDefinitionSO:evolution:catalyst:arcane:1, GenericItemDefinitionSO:evolution:catalyst:arcane:10, GenericItemDefinitionSO:evolution:catalyst:arcane:11, GenericItemDefinitionSO:evolution:catalyst:arcane:12, GenericItemDefinitionSO:evolution:catalyst:arcane:13, GenericItemDefinitionSO:evolution:catalyst:arcane:14, GenericItemDefinitionSO:evolution:catalyst:arcane:15, GenericItemDefinitionSO:evolution:catalyst:arcane:16, GenericItemDefinitionSO:evolution:catalyst:arcane:17, GenericItemDefinitionSO:evolution:catalyst:arcane:18, GenericItemDefinitionSO:evolution:catalyst:arcane:19, GenericItemDefinitionSO:evolution:catalyst:arcane:2 외 155개","생성 또는 거래·재고 입고·운반·보관·장착 또는 소비와 하류 주문 기록","과잉 재고·운반·보관·수리 또는 사용 시점 지연이 압력이 된다","실제 비교 후보·교역·재활용·수리·배급 조정 중 원본 기능에 맞는 경로로 재고 압력을 줄인다","설계 확정; 질량·가격·스택·부패·효과 수치는 source authority와 밸런스 기준서에서 별도 검증 OPEN"
"evolution:catalyst:universal:14","범용 촉매 진행 14 · 4등급","General (일반)","[{""rid"":7737211921623154999},{""rid"":7737211921623155000}]","해당 없음: GenericItemDefinitionSO","0.25","983040","게임 내 역할은 시설 진화 촉매, 생산망의 입력·출력에 연결된다.","이 물자의 원본 기능을 위해 보관·운반·소비·거래 중 한 경로에 재고를 배정해 다른 사용처를 늦춘다","비교 후보(대체 가능성 미검증): GenericItemDefinitionSO:evolution:catalyst:arcane:1, GenericItemDefinitionSO:evolution:catalyst:arcane:10, GenericItemDefinitionSO:evolution:catalyst:arcane:11, GenericItemDefinitionSO:evolution:catalyst:arcane:12, GenericItemDefinitionSO:evolution:catalyst:arcane:13, GenericItemDefinitionSO:evolution:catalyst:arcane:14, GenericItemDefinitionSO:evolution:catalyst:arcane:15, GenericItemDefinitionSO:evolution:catalyst:arcane:16, GenericItemDefinitionSO:evolution:catalyst:arcane:17, GenericItemDefinitionSO:evolution:catalyst:arcane:18, GenericItemDefinitionSO:evolution:catalyst:arcane:19, GenericItemDefinitionSO:evolution:catalyst:arcane:2 외 155개","생성 또는 거래·재고 입고·운반·보관·장착 또는 소비와 하류 주문 기록","과잉 재고·운반·보관·수리 또는 사용 시점 지연이 압력이 된다","실제 비교 후보·교역·재활용·수리·배급 조정 중 원본 기능에 맞는 경로로 재고 압력을 줄인다","설계 확정; 질량·가격·스택·부패·효과 수치는 source authority와 밸런스 기준서에서 별도 검증 OPEN"
"evolution:catalyst:universal:15","범용 촉매 진행 15 · 4등급","General (일반)","[{""rid"":7737211921623155001},{""rid"":7737211921623155002}]","해당 없음: GenericItemDefinitionSO","0.25","1966080","게임 내 역할은 시설 진화 촉매, 생산망의 입력·출력에 연결된다.","이 물자의 원본 기능을 위해 보관·운반·소비·거래 중 한 경로에 재고를 배정해 다른 사용처를 늦춘다","비교 후보(대체 가능성 미검증): GenericItemDefinitionSO:evolution:catalyst:arcane:1, GenericItemDefinitionSO:evolution:catalyst:arcane:10, GenericItemDefinitionSO:evolution:catalyst:arcane:11, GenericItemDefinitionSO:evolution:catalyst:arcane:12, GenericItemDefinitionSO:evolution:catalyst:arcane:13, GenericItemDefinitionSO:evolution:catalyst:arcane:14, GenericItemDefinitionSO:evolution:catalyst:arcane:15, GenericItemDefinitionSO:evolution:catalyst:arcane:16, GenericItemDefinitionSO:evolution:catalyst:arcane:17, GenericItemDefinitionSO:evolution:catalyst:arcane:18, GenericItemDefinitionSO:evolution:catalyst:arcane:19, GenericItemDefinitionSO:evolution:catalyst:arcane:2 외 155개","생성 또는 거래·재고 입고·운반·보관·장착 또는 소비와 하류 주문 기록","과잉 재고·운반·보관·수리 또는 사용 시점 지연이 압력이 된다","실제 비교 후보·교역·재활용·수리·배급 조정 중 원본 기능에 맞는 경로로 재고 압력을 줄인다","설계 확정; 질량·가격·스택·부패·효과 수치는 source authority와 밸런스 기준서에서 별도 검증 OPEN"
"evolution:catalyst:universal:16","범용 촉매 진행 16 · 4등급","General (일반)","[{""rid"":7737211921623155003},{""rid"":7737211921623155004}]","해당 없음: GenericItemDefinitionSO","0.25","3932160","게임 내 역할은 시설 진화 촉매, 생산망의 입력·출력에 연결된다.","이 물자의 원본 기능을 위해 보관·운반·소비·거래 중 한 경로에 재고를 배정해 다른 사용처를 늦춘다","비교 후보(대체 가능성 미검증): GenericItemDefinitionSO:evolution:catalyst:arcane:1, GenericItemDefinitionSO:evolution:catalyst:arcane:10, GenericItemDefinitionSO:evolution:catalyst:arcane:11, GenericItemDefinitionSO:evolution:catalyst:arcane:12, GenericItemDefinitionSO:evolution:catalyst:arcane:13, GenericItemDefinitionSO:evolution:catalyst:arcane:14, GenericItemDefinitionSO:evolution:catalyst:arcane:15, GenericItemDefinitionSO:evolution:catalyst:arcane:16, GenericItemDefinitionSO:evolution:catalyst:arcane:17, GenericItemDefinitionSO:evolution:catalyst:arcane:18, GenericItemDefinitionSO:evolution:catalyst:arcane:19, GenericItemDefinitionSO:evolution:catalyst:arcane:2 외 155개","생성 또는 거래·재고 입고·운반·보관·장착 또는 소비와 하류 주문 기록","과잉 재고·운반·보관·수리 또는 사용 시점 지연이 압력이 된다","실제 비교 후보·교역·재활용·수리·배급 조정 중 원본 기능에 맞는 경로로 재고 압력을 줄인다","설계 확정; 질량·가격·스택·부패·효과 수치는 source authority와 밸런스 기준서에서 별도 검증 OPEN"
"evolution:catalyst:universal:17","범용 촉매 진행 17 · 4등급","General (일반)","[{""rid"":7737211921623155005},{""rid"":7737211921623155006}]","해당 없음: GenericItemDefinitionSO","0.25","7864320","게임 내 역할은 시설 진화 촉매, 생산망의 입력·출력에 연결된다.","이 물자의 원본 기능을 위해 보관·운반·소비·거래 중 한 경로에 재고를 배정해 다른 사용처를 늦춘다","비교 후보(대체 가능성 미검증): GenericItemDefinitionSO:evolution:catalyst:arcane:1, GenericItemDefinitionSO:evolution:catalyst:arcane:10, GenericItemDefinitionSO:evolution:catalyst:arcane:11, GenericItemDefinitionSO:evolution:catalyst:arcane:12, GenericItemDefinitionSO:evolution:catalyst:arcane:13, GenericItemDefinitionSO:evolution:catalyst:arcane:14, GenericItemDefinitionSO:evolution:catalyst:arcane:15, GenericItemDefinitionSO:evolution:catalyst:arcane:16, GenericItemDefinitionSO:evolution:catalyst:arcane:17, GenericItemDefinitionSO:evolution:catalyst:arcane:18, GenericItemDefinitionSO:evolution:catalyst:arcane:19, GenericItemDefinitionSO:evolution:catalyst:arcane:2 외 155개","생성 또는 거래·재고 입고·운반·보관·장착 또는 소비와 하류 주문 기록","과잉 재고·운반·보관·수리 또는 사용 시점 지연이 압력이 된다","실제 비교 후보·교역·재활용·수리·배급 조정 중 원본 기능에 맞는 경로로 재고 압력을 줄인다","설계 확정; 질량·가격·스택·부패·효과 수치는 source authority와 밸런스 기준서에서 별도 검증 OPEN"
"evolution:catalyst:universal:18","범용 촉매 진행 18 · 5등급","General (일반)","[{""rid"":7737211921623155007},{""rid"":7737211921623155008}]","해당 없음: GenericItemDefinitionSO","0.25","15728640","게임 내 역할은 시설 진화 촉매, 생산망의 입력·출력에 연결된다.","이 물자의 원본 기능을 위해 보관·운반·소비·거래 중 한 경로에 재고를 배정해 다른 사용처를 늦춘다","비교 후보(대체 가능성 미검증): GenericItemDefinitionSO:evolution:catalyst:arcane:1, GenericItemDefinitionSO:evolution:catalyst:arcane:10, GenericItemDefinitionSO:evolution:catalyst:arcane:11, GenericItemDefinitionSO:evolution:catalyst:arcane:12, GenericItemDefinitionSO:evolution:catalyst:arcane:13, GenericItemDefinitionSO:evolution:catalyst:arcane:14, GenericItemDefinitionSO:evolution:catalyst:arcane:15, GenericItemDefinitionSO:evolution:catalyst:arcane:16, GenericItemDefinitionSO:evolution:catalyst:arcane:17, GenericItemDefinitionSO:evolution:catalyst:arcane:18, GenericItemDefinitionSO:evolution:catalyst:arcane:19, GenericItemDefinitionSO:evolution:catalyst:arcane:2 외 155개","생성 또는 거래·재고 입고·운반·보관·장착 또는 소비와 하류 주문 기록","과잉 재고·운반·보관·수리 또는 사용 시점 지연이 압력이 된다","실제 비교 후보·교역·재활용·수리·배급 조정 중 원본 기능에 맞는 경로로 재고 압력을 줄인다","설계 확정; 질량·가격·스택·부패·효과 수치는 source authority와 밸런스 기준서에서 별도 검증 OPEN"
"evolution:catalyst:universal:19","범용 촉매 진행 19 · 5등급","General (일반)","[{""rid"":7737211921623155009},{""rid"":7737211921623155010}]","해당 없음: GenericItemDefinitionSO","0.25","31457280","게임 내 역할은 시설 진화 촉매, 생산망의 입력·출력에 연결된다.","이 물자의 원본 기능을 위해 보관·운반·소비·거래 중 한 경로에 재고를 배정해 다른 사용처를 늦춘다","비교 후보(대체 가능성 미검증): GenericItemDefinitionSO:evolution:catalyst:arcane:1, GenericItemDefinitionSO:evolution:catalyst:arcane:10, GenericItemDefinitionSO:evolution:catalyst:arcane:11, GenericItemDefinitionSO:evolution:catalyst:arcane:12, GenericItemDefinitionSO:evolution:catalyst:arcane:13, GenericItemDefinitionSO:evolution:catalyst:arcane:14, GenericItemDefinitionSO:evolution:catalyst:arcane:15, GenericItemDefinitionSO:evolution:catalyst:arcane:16, GenericItemDefinitionSO:evolution:catalyst:arcane:17, GenericItemDefinitionSO:evolution:catalyst:arcane:18, GenericItemDefinitionSO:evolution:catalyst:arcane:19, GenericItemDefinitionSO:evolution:catalyst:arcane:2 외 155개","생성 또는 거래·재고 입고·운반·보관·장착 또는 소비와 하류 주문 기록","과잉 재고·운반·보관·수리 또는 사용 시점 지연이 압력이 된다","실제 비교 후보·교역·재활용·수리·배급 조정 중 원본 기능에 맞는 경로로 재고 압력을 줄인다","설계 확정; 질량·가격·스택·부패·효과 수치는 source authority와 밸런스 기준서에서 별도 검증 OPEN"
"evolution:catalyst:universal:2","범용 촉매 진행 2 · 1등급","General (일반)","[{""rid"":7737211921623155011},{""rid"":7737211921623155012}]","해당 없음: GenericItemDefinitionSO","0.25","240","게임 내 역할은 시설 진화 촉매, 생산망의 입력·출력에 연결된다.","이 물자의 원본 기능을 위해 보관·운반·소비·거래 중 한 경로에 재고를 배정해 다른 사용처를 늦춘다","비교 후보(대체 가능성 미검증): GenericItemDefinitionSO:evolution:catalyst:arcane:1, GenericItemDefinitionSO:evolution:catalyst:arcane:10, GenericItemDefinitionSO:evolution:catalyst:arcane:11, GenericItemDefinitionSO:evolution:catalyst:arcane:12, GenericItemDefinitionSO:evolution:catalyst:arcane:13, GenericItemDefinitionSO:evolution:catalyst:arcane:14, GenericItemDefinitionSO:evolution:catalyst:arcane:15, GenericItemDefinitionSO:evolution:catalyst:arcane:16, GenericItemDefinitionSO:evolution:catalyst:arcane:17, GenericItemDefinitionSO:evolution:catalyst:arcane:18, GenericItemDefinitionSO:evolution:catalyst:arcane:19, GenericItemDefinitionSO:evolution:catalyst:arcane:2 외 155개","생성 또는 거래·재고 입고·운반·보관·장착 또는 소비와 하류 주문 기록","과잉 재고·운반·보관·수리 또는 사용 시점 지연이 압력이 된다","실제 비교 후보·교역·재활용·수리·배급 조정 중 원본 기능에 맞는 경로로 재고 압력을 줄인다","설계 확정; 질량·가격·스택·부패·효과 수치는 source authority와 밸런스 기준서에서 별도 검증 OPEN"
"evolution:catalyst:universal:20","범용 촉매 진행 20 · 5등급","General (일반)","[{""rid"":7737211921623155013},{""rid"":7737211921623155014}]","해당 없음: GenericItemDefinitionSO","0.25","62914560","게임 내 역할은 시설 진화 촉매, 생산망의 입력·출력에 연결된다.","이 물자의 원본 기능을 위해 보관·운반·소비·거래 중 한 경로에 재고를 배정해 다른 사용처를 늦춘다","비교 후보(대체 가능성 미검증): GenericItemDefinitionSO:evolution:catalyst:arcane:1, GenericItemDefinitionSO:evolution:catalyst:arcane:10, GenericItemDefinitionSO:evolution:catalyst:arcane:11, GenericItemDefinitionSO:evolution:catalyst:arcane:12, GenericItemDefinitionSO:evolution:catalyst:arcane:13, GenericItemDefinitionSO:evolution:catalyst:arcane:14, GenericItemDefinitionSO:evolution:catalyst:arcane:15, GenericItemDefinitionSO:evolution:catalyst:arcane:16, GenericItemDefinitionSO:evolution:catalyst:arcane:17, GenericItemDefinitionSO:evolution:catalyst:arcane:18, GenericItemDefinitionSO:evolution:catalyst:arcane:19, GenericItemDefinitionSO:evolution:catalyst:arcane:2 외 155개","생성 또는 거래·재고 입고·운반·보관·장착 또는 소비와 하류 주문 기록","과잉 재고·운반·보관·수리 또는 사용 시점 지연이 압력이 된다","실제 비교 후보·교역·재활용·수리·배급 조정 중 원본 기능에 맞는 경로로 재고 압력을 줄인다","설계 확정; 질량·가격·스택·부패·효과 수치는 source authority와 밸런스 기준서에서 별도 검증 OPEN"
"evolution:catalyst:universal:21","범용 촉매 진행 21 · 5등급","General (일반)","[{""rid"":7737211921623155015},{""rid"":7737211921623155016}]","해당 없음: GenericItemDefinitionSO","0.25","125829120","게임 내 역할은 시설 진화 촉매, 생산망의 입력·출력에 연결된다.","이 물자의 원본 기능을 위해 보관·운반·소비·거래 중 한 경로에 재고를 배정해 다른 사용처를 늦춘다","비교 후보(대체 가능성 미검증): GenericItemDefinitionSO:evolution:catalyst:arcane:1, GenericItemDefinitionSO:evolution:catalyst:arcane:10, GenericItemDefinitionSO:evolution:catalyst:arcane:11, GenericItemDefinitionSO:evolution:catalyst:arcane:12, GenericItemDefinitionSO:evolution:catalyst:arcane:13, GenericItemDefinitionSO:evolution:catalyst:arcane:14, GenericItemDefinitionSO:evolution:catalyst:arcane:15, GenericItemDefinitionSO:evolution:catalyst:arcane:16, GenericItemDefinitionSO:evolution:catalyst:arcane:17, GenericItemDefinitionSO:evolution:catalyst:arcane:18, GenericItemDefinitionSO:evolution:catalyst:arcane:19, GenericItemDefinitionSO:evolution:catalyst:arcane:2 외 155개","생성 또는 거래·재고 입고·운반·보관·장착 또는 소비와 하류 주문 기록","과잉 재고·운반·보관·수리 또는 사용 시점 지연이 압력이 된다","실제 비교 후보·교역·재활용·수리·배급 조정 중 원본 기능에 맞는 경로로 재고 압력을 줄인다","설계 확정; 질량·가격·스택·부패·효과 수치는 source authority와 밸런스 기준서에서 별도 검증 OPEN"
"evolution:catalyst:universal:3","범용 촉매 진행 3 · 1등급","General (일반)","[{""rid"":7737211921623155017},{""rid"":7737211921623155018}]","해당 없음: GenericItemDefinitionSO","0.25","480","게임 내 역할은 시설 진화 촉매, 생산망의 입력·출력에 연결된다.","이 물자의 원본 기능을 위해 보관·운반·소비·거래 중 한 경로에 재고를 배정해 다른 사용처를 늦춘다","비교 후보(대체 가능성 미검증): GenericItemDefinitionSO:evolution:catalyst:arcane:1, GenericItemDefinitionSO:evolution:catalyst:arcane:10, GenericItemDefinitionSO:evolution:catalyst:arcane:11, GenericItemDefinitionSO:evolution:catalyst:arcane:12, GenericItemDefinitionSO:evolution:catalyst:arcane:13, GenericItemDefinitionSO:evolution:catalyst:arcane:14, GenericItemDefinitionSO:evolution:catalyst:arcane:15, GenericItemDefinitionSO:evolution:catalyst:arcane:16, GenericItemDefinitionSO:evolution:catalyst:arcane:17, GenericItemDefinitionSO:evolution:catalyst:arcane:18, GenericItemDefinitionSO:evolution:catalyst:arcane:19, GenericItemDefinitionSO:evolution:catalyst:arcane:2 외 155개","생성 또는 거래·재고 입고·운반·보관·장착 또는 소비와 하류 주문 기록","과잉 재고·운반·보관·수리 또는 사용 시점 지연이 압력이 된다","실제 비교 후보·교역·재활용·수리·배급 조정 중 원본 기능에 맞는 경로로 재고 압력을 줄인다","설계 확정; 질량·가격·스택·부패·효과 수치는 source authority와 밸런스 기준서에서 별도 검증 OPEN"
"evolution:catalyst:universal:4","범용 촉매 진행 4 · 1등급","General (일반)","[{""rid"":7737211921623155019},{""rid"":7737211921623155020}]","해당 없음: GenericItemDefinitionSO","0.25","960","게임 내 역할은 시설 진화 촉매, 생산망의 입력·출력에 연결된다.","이 물자의 원본 기능을 위해 보관·운반·소비·거래 중 한 경로에 재고를 배정해 다른 사용처를 늦춘다","비교 후보(대체 가능성 미검증): GenericItemDefinitionSO:evolution:catalyst:arcane:1, GenericItemDefinitionSO:evolution:catalyst:arcane:10, GenericItemDefinitionSO:evolution:catalyst:arcane:11, GenericItemDefinitionSO:evolution:catalyst:arcane:12, GenericItemDefinitionSO:evolution:catalyst:arcane:13, GenericItemDefinitionSO:evolution:catalyst:arcane:14, GenericItemDefinitionSO:evolution:catalyst:arcane:15, GenericItemDefinitionSO:evolution:catalyst:arcane:16, GenericItemDefinitionSO:evolution:catalyst:arcane:17, GenericItemDefinitionSO:evolution:catalyst:arcane:18, GenericItemDefinitionSO:evolution:catalyst:arcane:19, GenericItemDefinitionSO:evolution:catalyst:arcane:2 외 155개","생성 또는 거래·재고 입고·운반·보관·장착 또는 소비와 하류 주문 기록","과잉 재고·운반·보관·수리 또는 사용 시점 지연이 압력이 된다","실제 비교 후보·교역·재활용·수리·배급 조정 중 원본 기능에 맞는 경로로 재고 압력을 줄인다","설계 확정; 질량·가격·스택·부패·효과 수치는 source authority와 밸런스 기준서에서 별도 검증 OPEN"
"evolution:catalyst:universal:5","범용 촉매 진행 5 · 1등급","General (일반)","[{""rid"":7737211921623155021},{""rid"":7737211921623155022}]","해당 없음: GenericItemDefinitionSO","0.25","1920","게임 내 역할은 시설 진화 촉매, 생산망의 입력·출력에 연결된다.","이 물자의 원본 기능을 위해 보관·운반·소비·거래 중 한 경로에 재고를 배정해 다른 사용처를 늦춘다","비교 후보(대체 가능성 미검증): GenericItemDefinitionSO:evolution:catalyst:arcane:1, GenericItemDefinitionSO:evolution:catalyst:arcane:10, GenericItemDefinitionSO:evolution:catalyst:arcane:11, GenericItemDefinitionSO:evolution:catalyst:arcane:12, GenericItemDefinitionSO:evolution:catalyst:arcane:13, GenericItemDefinitionSO:evolution:catalyst:arcane:14, GenericItemDefinitionSO:evolution:catalyst:arcane:15, GenericItemDefinitionSO:evolution:catalyst:arcane:16, GenericItemDefinitionSO:evolution:catalyst:arcane:17, GenericItemDefinitionSO:evolution:catalyst:arcane:18, GenericItemDefinitionSO:evolution:catalyst:arcane:19, GenericItemDefinitionSO:evolution:catalyst:arcane:2 외 155개","생성 또는 거래·재고 입고·운반·보관·장착 또는 소비와 하류 주문 기록","과잉 재고·운반·보관·수리 또는 사용 시점 지연이 압력이 된다","실제 비교 후보·교역·재활용·수리·배급 조정 중 원본 기능에 맞는 경로로 재고 압력을 줄인다","설계 확정; 질량·가격·스택·부패·효과 수치는 source authority와 밸런스 기준서에서 별도 검증 OPEN"
"evolution:catalyst:universal:6","범용 촉매 진행 6 · 2등급","General (일반)","[{""rid"":7737211921623155023},{""rid"":7737211921623155024}]","해당 없음: GenericItemDefinitionSO","0.25","3840","게임 내 역할은 시설 진화 촉매, 생산망의 입력·출력에 연결된다.","이 물자의 원본 기능을 위해 보관·운반·소비·거래 중 한 경로에 재고를 배정해 다른 사용처를 늦춘다","비교 후보(대체 가능성 미검증): GenericItemDefinitionSO:evolution:catalyst:arcane:1, GenericItemDefinitionSO:evolution:catalyst:arcane:10, GenericItemDefinitionSO:evolution:catalyst:arcane:11, GenericItemDefinitionSO:evolution:catalyst:arcane:12, GenericItemDefinitionSO:evolution:catalyst:arcane:13, GenericItemDefinitionSO:evolution:catalyst:arcane:14, GenericItemDefinitionSO:evolution:catalyst:arcane:15, GenericItemDefinitionSO:evolution:catalyst:arcane:16, GenericItemDefinitionSO:evolution:catalyst:arcane:17, GenericItemDefinitionSO:evolution:catalyst:arcane:18, GenericItemDefinitionSO:evolution:catalyst:arcane:19, GenericItemDefinitionSO:evolution:catalyst:arcane:2 외 155개","생성 또는 거래·재고 입고·운반·보관·장착 또는 소비와 하류 주문 기록","과잉 재고·운반·보관·수리 또는 사용 시점 지연이 압력이 된다","실제 비교 후보·교역·재활용·수리·배급 조정 중 원본 기능에 맞는 경로로 재고 압력을 줄인다","설계 확정; 질량·가격·스택·부패·효과 수치는 source authority와 밸런스 기준서에서 별도 검증 OPEN"
"evolution:catalyst:universal:7","범용 촉매 진행 7 · 2등급","General (일반)","[{""rid"":7737211921623155025},{""rid"":7737211921623155026}]","해당 없음: GenericItemDefinitionSO","0.25","7680","게임 내 역할은 시설 진화 촉매, 생산망의 입력·출력에 연결된다.","이 물자의 원본 기능을 위해 보관·운반·소비·거래 중 한 경로에 재고를 배정해 다른 사용처를 늦춘다","비교 후보(대체 가능성 미검증): GenericItemDefinitionSO:evolution:catalyst:arcane:1, GenericItemDefinitionSO:evolution:catalyst:arcane:10, GenericItemDefinitionSO:evolution:catalyst:arcane:11, GenericItemDefinitionSO:evolution:catalyst:arcane:12, GenericItemDefinitionSO:evolution:catalyst:arcane:13, GenericItemDefinitionSO:evolution:catalyst:arcane:14, GenericItemDefinitionSO:evolution:catalyst:arcane:15, GenericItemDefinitionSO:evolution:catalyst:arcane:16, GenericItemDefinitionSO:evolution:catalyst:arcane:17, GenericItemDefinitionSO:evolution:catalyst:arcane:18, GenericItemDefinitionSO:evolution:catalyst:arcane:19, GenericItemDefinitionSO:evolution:catalyst:arcane:2 외 155개","생성 또는 거래·재고 입고·운반·보관·장착 또는 소비와 하류 주문 기록","과잉 재고·운반·보관·수리 또는 사용 시점 지연이 압력이 된다","실제 비교 후보·교역·재활용·수리·배급 조정 중 원본 기능에 맞는 경로로 재고 압력을 줄인다","설계 확정; 질량·가격·스택·부패·효과 수치는 source authority와 밸런스 기준서에서 별도 검증 OPEN"
"evolution:catalyst:universal:8","범용 촉매 진행 8 · 2등급","General (일반)","[{""rid"":7737211921623155027},{""rid"":7737211921623155028}]","해당 없음: GenericItemDefinitionSO","0.25","15360","게임 내 역할은 시설 진화 촉매, 생산망의 입력·출력에 연결된다.","이 물자의 원본 기능을 위해 보관·운반·소비·거래 중 한 경로에 재고를 배정해 다른 사용처를 늦춘다","비교 후보(대체 가능성 미검증): GenericItemDefinitionSO:evolution:catalyst:arcane:1, GenericItemDefinitionSO:evolution:catalyst:arcane:10, GenericItemDefinitionSO:evolution:catalyst:arcane:11, GenericItemDefinitionSO:evolution:catalyst:arcane:12, GenericItemDefinitionSO:evolution:catalyst:arcane:13, GenericItemDefinitionSO:evolution:catalyst:arcane:14, GenericItemDefinitionSO:evolution:catalyst:arcane:15, GenericItemDefinitionSO:evolution:catalyst:arcane:16, GenericItemDefinitionSO:evolution:catalyst:arcane:17, GenericItemDefinitionSO:evolution:catalyst:arcane:18, GenericItemDefinitionSO:evolution:catalyst:arcane:19, GenericItemDefinitionSO:evolution:catalyst:arcane:2 외 155개","생성 또는 거래·재고 입고·운반·보관·장착 또는 소비와 하류 주문 기록","과잉 재고·운반·보관·수리 또는 사용 시점 지연이 압력이 된다","실제 비교 후보·교역·재활용·수리·배급 조정 중 원본 기능에 맞는 경로로 재고 압력을 줄인다","설계 확정; 질량·가격·스택·부패·효과 수치는 source authority와 밸런스 기준서에서 별도 검증 OPEN"
"evolution:catalyst:universal:9","범용 촉매 진행 9 · 2등급","General (일반)","[{""rid"":7737211921623155029},{""rid"":7737211921623155030}]","해당 없음: GenericItemDefinitionSO","0.25","30720","게임 내 역할은 시설 진화 촉매, 생산망의 입력·출력에 연결된다.","이 물자의 원본 기능을 위해 보관·운반·소비·거래 중 한 경로에 재고를 배정해 다른 사용처를 늦춘다","비교 후보(대체 가능성 미검증): GenericItemDefinitionSO:evolution:catalyst:arcane:1, GenericItemDefinitionSO:evolution:catalyst:arcane:10, GenericItemDefinitionSO:evolution:catalyst:arcane:11, GenericItemDefinitionSO:evolution:catalyst:arcane:12, GenericItemDefinitionSO:evolution:catalyst:arcane:13, GenericItemDefinitionSO:evolution:catalyst:arcane:14, GenericItemDefinitionSO:evolution:catalyst:arcane:15, GenericItemDefinitionSO:evolution:catalyst:arcane:16, GenericItemDefinitionSO:evolution:catalyst:arcane:17, GenericItemDefinitionSO:evolution:catalyst:arcane:18, GenericItemDefinitionSO:evolution:catalyst:arcane:19, GenericItemDefinitionSO:evolution:catalyst:arcane:2 외 155개","생성 또는 거래·재고 입고·운반·보관·장착 또는 소비와 하류 주문 기록","과잉 재고·운반·보관·수리 또는 사용 시점 지연이 압력이 된다","실제 비교 후보·교역·재활용·수리·배급 조정 중 원본 기능에 맞는 경로로 재고 압력을 줄인다","설계 확정; 질량·가격·스택·부패·효과 수치는 source authority와 밸런스 기준서에서 별도 검증 OPEN"
"evolution:facility-package","포장된 시설","General (일반)","[{""rid"":7737211673752633423}]","해당 없음: GenericItemDefinitionSO","12","0","게임 내 역할은 생산망의 입력·출력에 연결된다.","이 물자의 원본 기능을 위해 보관·운반·소비·거래 중 한 경로에 재고를 배정해 다른 사용처를 늦춘다","비교 후보(대체 가능성 미검증): GenericItemDefinitionSO:captivity:restraints, GenericItemDefinitionSO:dark:bone, GenericItemDefinitionSO:dark:humanoid_corpse, GenericItemDefinitionSO:industrial:sludge, GenericItemDefinitionSO:medicine:temporary-power-bypass, GenericItemDefinitionSO:surgery:prosthetic:arm:left, GenericItemDefinitionSO:surgery:prosthetic:arm:right, GenericItemDefinitionSO:surgery:prosthetic:brain, GenericItemDefinitionSO:surgery:prosthetic:core, GenericItemDefinitionSO:surgery:prosthetic:eye:left, GenericItemDefinitionSO:surgery:prosthetic:eye:right, GenericItemDefinitionSO:surgery:prosthetic:heart 외 11개","생성 또는 거래·재고 입고·운반·보관·장착 또는 소비와 하류 주문 기록","과잉 재고·운반·보관·수리 또는 사용 시점 지연이 압력이 된다","실제 비교 후보·교역·재활용·수리·배급 조정 중 원본 기능에 맞는 경로로 재고 압력을 줄인다","설계 확정; 질량·가격·스택·부패·효과 수치는 source authority와 밸런스 기준서에서 별도 검증 OPEN"
"evolution:residue:1","범용 촉매 잔재 진행 1 · 1등급","General (일반)","[{""rid"":7737211921623155031},{""rid"":7737211921623155032}]","해당 없음: GenericItemDefinitionSO","0.1","40","게임 내 역할은 시설 진화 촉매, 생산망의 입력·출력에 연결된다.","이 물자의 원본 기능을 위해 보관·운반·소비·거래 중 한 경로에 재고를 배정해 다른 사용처를 늦춘다","비교 후보(대체 가능성 미검증): GenericItemDefinitionSO:evolution:catalyst:arcane:1, GenericItemDefinitionSO:evolution:catalyst:arcane:10, GenericItemDefinitionSO:evolution:catalyst:arcane:11, GenericItemDefinitionSO:evolution:catalyst:arcane:12, GenericItemDefinitionSO:evolution:catalyst:arcane:13, GenericItemDefinitionSO:evolution:catalyst:arcane:14, GenericItemDefinitionSO:evolution:catalyst:arcane:15, GenericItemDefinitionSO:evolution:catalyst:arcane:16, GenericItemDefinitionSO:evolution:catalyst:arcane:17, GenericItemDefinitionSO:evolution:catalyst:arcane:18, GenericItemDefinitionSO:evolution:catalyst:arcane:19, GenericItemDefinitionSO:evolution:catalyst:arcane:2 외 155개","생성 또는 거래·재고 입고·운반·보관·장착 또는 소비와 하류 주문 기록","과잉 재고·운반·보관·수리 또는 사용 시점 지연이 압력이 된다","실제 비교 후보·교역·재활용·수리·배급 조정 중 원본 기능에 맞는 경로로 재고 압력을 줄인다","설계 확정; 질량·가격·스택·부패·효과 수치는 source authority와 밸런스 기준서에서 별도 검증 OPEN"
"evolution:residue:10","범용 촉매 잔재 진행 10 · 3등급","General (일반)","[{""rid"":7737211921623155033},{""rid"":7737211921623155034}]","해당 없음: GenericItemDefinitionSO","0.1","20480","게임 내 역할은 시설 진화 촉매, 생산망의 입력·출력에 연결된다.","이 물자의 원본 기능을 위해 보관·운반·소비·거래 중 한 경로에 재고를 배정해 다른 사용처를 늦춘다","비교 후보(대체 가능성 미검증): GenericItemDefinitionSO:evolution:catalyst:arcane:1, GenericItemDefinitionSO:evolution:catalyst:arcane:10, GenericItemDefinitionSO:evolution:catalyst:arcane:11, GenericItemDefinitionSO:evolution:catalyst:arcane:12, GenericItemDefinitionSO:evolution:catalyst:arcane:13, GenericItemDefinitionSO:evolution:catalyst:arcane:14, GenericItemDefinitionSO:evolution:catalyst:arcane:15, GenericItemDefinitionSO:evolution:catalyst:arcane:16, GenericItemDefinitionSO:evolution:catalyst:arcane:17, GenericItemDefinitionSO:evolution:catalyst:arcane:18, GenericItemDefinitionSO:evolution:catalyst:arcane:19, GenericItemDefinitionSO:evolution:catalyst:arcane:2 외 155개","생성 또는 거래·재고 입고·운반·보관·장착 또는 소비와 하류 주문 기록","과잉 재고·운반·보관·수리 또는 사용 시점 지연이 압력이 된다","실제 비교 후보·교역·재활용·수리·배급 조정 중 원본 기능에 맞는 경로로 재고 압력을 줄인다","설계 확정; 질량·가격·스택·부패·효과 수치는 source authority와 밸런스 기준서에서 별도 검증 OPEN"
"evolution:residue:11","범용 촉매 잔재 진행 11 · 3등급","General (일반)","[{""rid"":7737211921623155035},{""rid"":7737211921623155036}]","해당 없음: GenericItemDefinitionSO","0.1","40960","게임 내 역할은 시설 진화 촉매, 생산망의 입력·출력에 연결된다.","이 물자의 원본 기능을 위해 보관·운반·소비·거래 중 한 경로에 재고를 배정해 다른 사용처를 늦춘다","비교 후보(대체 가능성 미검증): GenericItemDefinitionSO:evolution:catalyst:arcane:1, GenericItemDefinitionSO:evolution:catalyst:arcane:10, GenericItemDefinitionSO:evolution:catalyst:arcane:11, GenericItemDefinitionSO:evolution:catalyst:arcane:12, GenericItemDefinitionSO:evolution:catalyst:arcane:13, GenericItemDefinitionSO:evolution:catalyst:arcane:14, GenericItemDefinitionSO:evolution:catalyst:arcane:15, GenericItemDefinitionSO:evolution:catalyst:arcane:16, GenericItemDefinitionSO:evolution:catalyst:arcane:17, GenericItemDefinitionSO:evolution:catalyst:arcane:18, GenericItemDefinitionSO:evolution:catalyst:arcane:19, GenericItemDefinitionSO:evolution:catalyst:arcane:2 외 155개","생성 또는 거래·재고 입고·운반·보관·장착 또는 소비와 하류 주문 기록","과잉 재고·운반·보관·수리 또는 사용 시점 지연이 압력이 된다","실제 비교 후보·교역·재활용·수리·배급 조정 중 원본 기능에 맞는 경로로 재고 압력을 줄인다","설계 확정; 질량·가격·스택·부패·효과 수치는 source authority와 밸런스 기준서에서 별도 검증 OPEN"
"evolution:residue:12","범용 촉매 잔재 진행 12 · 3등급","General (일반)","[{""rid"":7737211921623155037},{""rid"":7737211921623155038}]","해당 없음: GenericItemDefinitionSO","0.1","81920","게임 내 역할은 시설 진화 촉매, 생산망의 입력·출력에 연결된다.","이 물자의 원본 기능을 위해 보관·운반·소비·거래 중 한 경로에 재고를 배정해 다른 사용처를 늦춘다","비교 후보(대체 가능성 미검증): GenericItemDefinitionSO:evolution:catalyst:arcane:1, GenericItemDefinitionSO:evolution:catalyst:arcane:10, GenericItemDefinitionSO:evolution:catalyst:arcane:11, GenericItemDefinitionSO:evolution:catalyst:arcane:12, GenericItemDefinitionSO:evolution:catalyst:arcane:13, GenericItemDefinitionSO:evolution:catalyst:arcane:14, GenericItemDefinitionSO:evolution:catalyst:arcane:15, GenericItemDefinitionSO:evolution:catalyst:arcane:16, GenericItemDefinitionSO:evolution:catalyst:arcane:17, GenericItemDefinitionSO:evolution:catalyst:arcane:18, GenericItemDefinitionSO:evolution:catalyst:arcane:19, GenericItemDefinitionSO:evolution:catalyst:arcane:2 외 155개","생성 또는 거래·재고 입고·운반·보관·장착 또는 소비와 하류 주문 기록","과잉 재고·운반·보관·수리 또는 사용 시점 지연이 압력이 된다","실제 비교 후보·교역·재활용·수리·배급 조정 중 원본 기능에 맞는 경로로 재고 압력을 줄인다","설계 확정; 질량·가격·스택·부패·효과 수치는 source authority와 밸런스 기준서에서 별도 검증 OPEN"
"evolution:residue:13","범용 촉매 잔재 진행 13 · 3등급","General (일반)","[{""rid"":7737211921623155039},{""rid"":7737211921623155040}]","해당 없음: GenericItemDefinitionSO","0.1","163840","게임 내 역할은 시설 진화 촉매, 생산망의 입력·출력에 연결된다.","이 물자의 원본 기능을 위해 보관·운반·소비·거래 중 한 경로에 재고를 배정해 다른 사용처를 늦춘다","비교 후보(대체 가능성 미검증): GenericItemDefinitionSO:evolution:catalyst:arcane:1, GenericItemDefinitionSO:evolution:catalyst:arcane:10, GenericItemDefinitionSO:evolution:catalyst:arcane:11, GenericItemDefinitionSO:evolution:catalyst:arcane:12, GenericItemDefinitionSO:evolution:catalyst:arcane:13, GenericItemDefinitionSO:evolution:catalyst:arcane:14, GenericItemDefinitionSO:evolution:catalyst:arcane:15, GenericItemDefinitionSO:evolution:catalyst:arcane:16, GenericItemDefinitionSO:evolution:catalyst:arcane:17, GenericItemDefinitionSO:evolution:catalyst:arcane:18, GenericItemDefinitionSO:evolution:catalyst:arcane:19, GenericItemDefinitionSO:evolution:catalyst:arcane:2 외 155개","생성 또는 거래·재고 입고·운반·보관·장착 또는 소비와 하류 주문 기록","과잉 재고·운반·보관·수리 또는 사용 시점 지연이 압력이 된다","실제 비교 후보·교역·재활용·수리·배급 조정 중 원본 기능에 맞는 경로로 재고 압력을 줄인다","설계 확정; 질량·가격·스택·부패·효과 수치는 source authority와 밸런스 기준서에서 별도 검증 OPEN"
"evolution:residue:14","범용 촉매 잔재 진행 14 · 4등급","General (일반)","[{""rid"":7737211921623155041},{""rid"":7737211921623155042}]","해당 없음: GenericItemDefinitionSO","0.1","327680","게임 내 역할은 시설 진화 촉매, 생산망의 입력·출력에 연결된다.","이 물자의 원본 기능을 위해 보관·운반·소비·거래 중 한 경로에 재고를 배정해 다른 사용처를 늦춘다","비교 후보(대체 가능성 미검증): GenericItemDefinitionSO:evolution:catalyst:arcane:1, GenericItemDefinitionSO:evolution:catalyst:arcane:10, GenericItemDefinitionSO:evolution:catalyst:arcane:11, GenericItemDefinitionSO:evolution:catalyst:arcane:12, GenericItemDefinitionSO:evolution:catalyst:arcane:13, GenericItemDefinitionSO:evolution:catalyst:arcane:14, GenericItemDefinitionSO:evolution:catalyst:arcane:15, GenericItemDefinitionSO:evolution:catalyst:arcane:16, GenericItemDefinitionSO:evolution:catalyst:arcane:17, GenericItemDefinitionSO:evolution:catalyst:arcane:18, GenericItemDefinitionSO:evolution:catalyst:arcane:19, GenericItemDefinitionSO:evolution:catalyst:arcane:2 외 155개","생성 또는 거래·재고 입고·운반·보관·장착 또는 소비와 하류 주문 기록","과잉 재고·운반·보관·수리 또는 사용 시점 지연이 압력이 된다","실제 비교 후보·교역·재활용·수리·배급 조정 중 원본 기능에 맞는 경로로 재고 압력을 줄인다","설계 확정; 질량·가격·스택·부패·효과 수치는 source authority와 밸런스 기준서에서 별도 검증 OPEN"
"evolution:residue:15","범용 촉매 잔재 진행 15 · 4등급","General (일반)","[{""rid"":7737211921623155043},{""rid"":7737211921623155044}]","해당 없음: GenericItemDefinitionSO","0.1","655360","게임 내 역할은 시설 진화 촉매, 생산망의 입력·출력에 연결된다.","이 물자의 원본 기능을 위해 보관·운반·소비·거래 중 한 경로에 재고를 배정해 다른 사용처를 늦춘다","비교 후보(대체 가능성 미검증): GenericItemDefinitionSO:evolution:catalyst:arcane:1, GenericItemDefinitionSO:evolution:catalyst:arcane:10, GenericItemDefinitionSO:evolution:catalyst:arcane:11, GenericItemDefinitionSO:evolution:catalyst:arcane:12, GenericItemDefinitionSO:evolution:catalyst:arcane:13, GenericItemDefinitionSO:evolution:catalyst:arcane:14, GenericItemDefinitionSO:evolution:catalyst:arcane:15, GenericItemDefinitionSO:evolution:catalyst:arcane:16, GenericItemDefinitionSO:evolution:catalyst:arcane:17, GenericItemDefinitionSO:evolution:catalyst:arcane:18, GenericItemDefinitionSO:evolution:catalyst:arcane:19, GenericItemDefinitionSO:evolution:catalyst:arcane:2 외 155개","생성 또는 거래·재고 입고·운반·보관·장착 또는 소비와 하류 주문 기록","과잉 재고·운반·보관·수리 또는 사용 시점 지연이 압력이 된다","실제 비교 후보·교역·재활용·수리·배급 조정 중 원본 기능에 맞는 경로로 재고 압력을 줄인다","설계 확정; 질량·가격·스택·부패·효과 수치는 source authority와 밸런스 기준서에서 별도 검증 OPEN"
"evolution:residue:16","범용 촉매 잔재 진행 16 · 4등급","General (일반)","[{""rid"":7737211921623155045},{""rid"":7737211921623155046}]","해당 없음: GenericItemDefinitionSO","0.1","1310720","게임 내 역할은 시설 진화 촉매, 생산망의 입력·출력에 연결된다.","이 물자의 원본 기능을 위해 보관·운반·소비·거래 중 한 경로에 재고를 배정해 다른 사용처를 늦춘다","비교 후보(대체 가능성 미검증): GenericItemDefinitionSO:evolution:catalyst:arcane:1, GenericItemDefinitionSO:evolution:catalyst:arcane:10, GenericItemDefinitionSO:evolution:catalyst:arcane:11, GenericItemDefinitionSO:evolution:catalyst:arcane:12, GenericItemDefinitionSO:evolution:catalyst:arcane:13, GenericItemDefinitionSO:evolution:catalyst:arcane:14, GenericItemDefinitionSO:evolution:catalyst:arcane:15, GenericItemDefinitionSO:evolution:catalyst:arcane:16, GenericItemDefinitionSO:evolution:catalyst:arcane:17, GenericItemDefinitionSO:evolution:catalyst:arcane:18, GenericItemDefinitionSO:evolution:catalyst:arcane:19, GenericItemDefinitionSO:evolution:catalyst:arcane:2 외 155개","생성 또는 거래·재고 입고·운반·보관·장착 또는 소비와 하류 주문 기록","과잉 재고·운반·보관·수리 또는 사용 시점 지연이 압력이 된다","실제 비교 후보·교역·재활용·수리·배급 조정 중 원본 기능에 맞는 경로로 재고 압력을 줄인다","설계 확정; 질량·가격·스택·부패·효과 수치는 source authority와 밸런스 기준서에서 별도 검증 OPEN"
"evolution:residue:17","범용 촉매 잔재 진행 17 · 4등급","General (일반)","[{""rid"":7737211921623155047},{""rid"":7737211921623155048}]","해당 없음: GenericItemDefinitionSO","0.1","2621440","게임 내 역할은 시설 진화 촉매, 생산망의 입력·출력에 연결된다.","이 물자의 원본 기능을 위해 보관·운반·소비·거래 중 한 경로에 재고를 배정해 다른 사용처를 늦춘다","비교 후보(대체 가능성 미검증): GenericItemDefinitionSO:evolution:catalyst:arcane:1, GenericItemDefinitionSO:evolution:catalyst:arcane:10, GenericItemDefinitionSO:evolution:catalyst:arcane:11, GenericItemDefinitionSO:evolution:catalyst:arcane:12, GenericItemDefinitionSO:evolution:catalyst:arcane:13, GenericItemDefinitionSO:evolution:catalyst:arcane:14, GenericItemDefinitionSO:evolution:catalyst:arcane:15, GenericItemDefinitionSO:evolution:catalyst:arcane:16, GenericItemDefinitionSO:evolution:catalyst:arcane:17, GenericItemDefinitionSO:evolution:catalyst:arcane:18, GenericItemDefinitionSO:evolution:catalyst:arcane:19, GenericItemDefinitionSO:evolution:catalyst:arcane:2 외 155개","생성 또는 거래·재고 입고·운반·보관·장착 또는 소비와 하류 주문 기록","과잉 재고·운반·보관·수리 또는 사용 시점 지연이 압력이 된다","실제 비교 후보·교역·재활용·수리·배급 조정 중 원본 기능에 맞는 경로로 재고 압력을 줄인다","설계 확정; 질량·가격·스택·부패·효과 수치는 source authority와 밸런스 기준서에서 별도 검증 OPEN"
"evolution:residue:18","범용 촉매 잔재 진행 18 · 5등급","General (일반)","[{""rid"":7737211921623155049},{""rid"":7737211921623155050}]","해당 없음: GenericItemDefinitionSO","0.1","5242880","게임 내 역할은 시설 진화 촉매, 생산망의 입력·출력에 연결된다.","이 물자의 원본 기능을 위해 보관·운반·소비·거래 중 한 경로에 재고를 배정해 다른 사용처를 늦춘다","비교 후보(대체 가능성 미검증): GenericItemDefinitionSO:evolution:catalyst:arcane:1, GenericItemDefinitionSO:evolution:catalyst:arcane:10, GenericItemDefinitionSO:evolution:catalyst:arcane:11, GenericItemDefinitionSO:evolution:catalyst:arcane:12, GenericItemDefinitionSO:evolution:catalyst:arcane:13, GenericItemDefinitionSO:evolution:catalyst:arcane:14, GenericItemDefinitionSO:evolution:catalyst:arcane:15, GenericItemDefinitionSO:evolution:catalyst:arcane:16, GenericItemDefinitionSO:evolution:catalyst:arcane:17, GenericItemDefinitionSO:evolution:catalyst:arcane:18, GenericItemDefinitionSO:evolution:catalyst:arcane:19, GenericItemDefinitionSO:evolution:catalyst:arcane:2 외 155개","생성 또는 거래·재고 입고·운반·보관·장착 또는 소비와 하류 주문 기록","과잉 재고·운반·보관·수리 또는 사용 시점 지연이 압력이 된다","실제 비교 후보·교역·재활용·수리·배급 조정 중 원본 기능에 맞는 경로로 재고 압력을 줄인다","설계 확정; 질량·가격·스택·부패·효과 수치는 source authority와 밸런스 기준서에서 별도 검증 OPEN"
"evolution:residue:19","범용 촉매 잔재 진행 19 · 5등급","General (일반)","[{""rid"":7737211921623155051},{""rid"":7737211921623155052}]","해당 없음: GenericItemDefinitionSO","0.1","10485760","게임 내 역할은 시설 진화 촉매, 생산망의 입력·출력에 연결된다.","이 물자의 원본 기능을 위해 보관·운반·소비·거래 중 한 경로에 재고를 배정해 다른 사용처를 늦춘다","비교 후보(대체 가능성 미검증): GenericItemDefinitionSO:evolution:catalyst:arcane:1, GenericItemDefinitionSO:evolution:catalyst:arcane:10, GenericItemDefinitionSO:evolution:catalyst:arcane:11, GenericItemDefinitionSO:evolution:catalyst:arcane:12, GenericItemDefinitionSO:evolution:catalyst:arcane:13, GenericItemDefinitionSO:evolution:catalyst:arcane:14, GenericItemDefinitionSO:evolution:catalyst:arcane:15, GenericItemDefinitionSO:evolution:catalyst:arcane:16, GenericItemDefinitionSO:evolution:catalyst:arcane:17, GenericItemDefinitionSO:evolution:catalyst:arcane:18, GenericItemDefinitionSO:evolution:catalyst:arcane:19, GenericItemDefinitionSO:evolution:catalyst:arcane:2 외 155개","생성 또는 거래·재고 입고·운반·보관·장착 또는 소비와 하류 주문 기록","과잉 재고·운반·보관·수리 또는 사용 시점 지연이 압력이 된다","실제 비교 후보·교역·재활용·수리·배급 조정 중 원본 기능에 맞는 경로로 재고 압력을 줄인다","설계 확정; 질량·가격·스택·부패·효과 수치는 source authority와 밸런스 기준서에서 별도 검증 OPEN"
"evolution:residue:2","범용 촉매 잔재 진행 2 · 1등급","General (일반)","[{""rid"":7737211921623155053},{""rid"":7737211921623155054}]","해당 없음: GenericItemDefinitionSO","0.1","80","게임 내 역할은 시설 진화 촉매, 생산망의 입력·출력에 연결된다.","이 물자의 원본 기능을 위해 보관·운반·소비·거래 중 한 경로에 재고를 배정해 다른 사용처를 늦춘다","비교 후보(대체 가능성 미검증): GenericItemDefinitionSO:evolution:catalyst:arcane:1, GenericItemDefinitionSO:evolution:catalyst:arcane:10, GenericItemDefinitionSO:evolution:catalyst:arcane:11, GenericItemDefinitionSO:evolution:catalyst:arcane:12, GenericItemDefinitionSO:evolution:catalyst:arcane:13, GenericItemDefinitionSO:evolution:catalyst:arcane:14, GenericItemDefinitionSO:evolution:catalyst:arcane:15, GenericItemDefinitionSO:evolution:catalyst:arcane:16, GenericItemDefinitionSO:evolution:catalyst:arcane:17, GenericItemDefinitionSO:evolution:catalyst:arcane:18, GenericItemDefinitionSO:evolution:catalyst:arcane:19, GenericItemDefinitionSO:evolution:catalyst:arcane:2 외 155개","생성 또는 거래·재고 입고·운반·보관·장착 또는 소비와 하류 주문 기록","과잉 재고·운반·보관·수리 또는 사용 시점 지연이 압력이 된다","실제 비교 후보·교역·재활용·수리·배급 조정 중 원본 기능에 맞는 경로로 재고 압력을 줄인다","설계 확정; 질량·가격·스택·부패·효과 수치는 source authority와 밸런스 기준서에서 별도 검증 OPEN"
"evolution:residue:20","범용 촉매 잔재 진행 20 · 5등급","General (일반)","[{""rid"":7737211921623155055},{""rid"":7737211921623155056}]","해당 없음: GenericItemDefinitionSO","0.1","20971520","게임 내 역할은 시설 진화 촉매, 생산망의 입력·출력에 연결된다.","이 물자의 원본 기능을 위해 보관·운반·소비·거래 중 한 경로에 재고를 배정해 다른 사용처를 늦춘다","비교 후보(대체 가능성 미검증): GenericItemDefinitionSO:evolution:catalyst:arcane:1, GenericItemDefinitionSO:evolution:catalyst:arcane:10, GenericItemDefinitionSO:evolution:catalyst:arcane:11, GenericItemDefinitionSO:evolution:catalyst:arcane:12, GenericItemDefinitionSO:evolution:catalyst:arcane:13, GenericItemDefinitionSO:evolution:catalyst:arcane:14, GenericItemDefinitionSO:evolution:catalyst:arcane:15, GenericItemDefinitionSO:evolution:catalyst:arcane:16, GenericItemDefinitionSO:evolution:catalyst:arcane:17, GenericItemDefinitionSO:evolution:catalyst:arcane:18, GenericItemDefinitionSO:evolution:catalyst:arcane:19, GenericItemDefinitionSO:evolution:catalyst:arcane:2 외 155개","생성 또는 거래·재고 입고·운반·보관·장착 또는 소비와 하류 주문 기록","과잉 재고·운반·보관·수리 또는 사용 시점 지연이 압력이 된다","실제 비교 후보·교역·재활용·수리·배급 조정 중 원본 기능에 맞는 경로로 재고 압력을 줄인다","설계 확정; 질량·가격·스택·부패·효과 수치는 source authority와 밸런스 기준서에서 별도 검증 OPEN"
"evolution:residue:21","범용 촉매 잔재 진행 21 · 5등급","General (일반)","[{""rid"":7737211921623155057},{""rid"":7737211921623155058}]","해당 없음: GenericItemDefinitionSO","0.1","41943040","게임 내 역할은 시설 진화 촉매, 생산망의 입력·출력에 연결된다.","이 물자의 원본 기능을 위해 보관·운반·소비·거래 중 한 경로에 재고를 배정해 다른 사용처를 늦춘다","비교 후보(대체 가능성 미검증): GenericItemDefinitionSO:evolution:catalyst:arcane:1, GenericItemDefinitionSO:evolution:catalyst:arcane:10, GenericItemDefinitionSO:evolution:catalyst:arcane:11, GenericItemDefinitionSO:evolution:catalyst:arcane:12, GenericItemDefinitionSO:evolution:catalyst:arcane:13, GenericItemDefinitionSO:evolution:catalyst:arcane:14, GenericItemDefinitionSO:evolution:catalyst:arcane:15, GenericItemDefinitionSO:evolution:catalyst:arcane:16, GenericItemDefinitionSO:evolution:catalyst:arcane:17, GenericItemDefinitionSO:evolution:catalyst:arcane:18, GenericItemDefinitionSO:evolution:catalyst:arcane:19, GenericItemDefinitionSO:evolution:catalyst:arcane:2 외 155개","생성 또는 거래·재고 입고·운반·보관·장착 또는 소비와 하류 주문 기록","과잉 재고·운반·보관·수리 또는 사용 시점 지연이 압력이 된다","실제 비교 후보·교역·재활용·수리·배급 조정 중 원본 기능에 맞는 경로로 재고 압력을 줄인다","설계 확정; 질량·가격·스택·부패·효과 수치는 source authority와 밸런스 기준서에서 별도 검증 OPEN"
"evolution:residue:3","범용 촉매 잔재 진행 3 · 1등급","General (일반)","[{""rid"":7737211921623155059},{""rid"":7737211921623155060}]","해당 없음: GenericItemDefinitionSO","0.1","160","게임 내 역할은 시설 진화 촉매, 생산망의 입력·출력에 연결된다.","이 물자의 원본 기능을 위해 보관·운반·소비·거래 중 한 경로에 재고를 배정해 다른 사용처를 늦춘다","비교 후보(대체 가능성 미검증): GenericItemDefinitionSO:evolution:catalyst:arcane:1, GenericItemDefinitionSO:evolution:catalyst:arcane:10, GenericItemDefinitionSO:evolution:catalyst:arcane:11, GenericItemDefinitionSO:evolution:catalyst:arcane:12, GenericItemDefinitionSO:evolution:catalyst:arcane:13, GenericItemDefinitionSO:evolution:catalyst:arcane:14, GenericItemDefinitionSO:evolution:catalyst:arcane:15, GenericItemDefinitionSO:evolution:catalyst:arcane:16, GenericItemDefinitionSO:evolution:catalyst:arcane:17, GenericItemDefinitionSO:evolution:catalyst:arcane:18, GenericItemDefinitionSO:evolution:catalyst:arcane:19, GenericItemDefinitionSO:evolution:catalyst:arcane:2 외 155개","생성 또는 거래·재고 입고·운반·보관·장착 또는 소비와 하류 주문 기록","과잉 재고·운반·보관·수리 또는 사용 시점 지연이 압력이 된다","실제 비교 후보·교역·재활용·수리·배급 조정 중 원본 기능에 맞는 경로로 재고 압력을 줄인다","설계 확정; 질량·가격·스택·부패·효과 수치는 source authority와 밸런스 기준서에서 별도 검증 OPEN"
"evolution:residue:4","범용 촉매 잔재 진행 4 · 1등급","General (일반)","[{""rid"":7737211921623155061},{""rid"":7737211921623155062}]","해당 없음: GenericItemDefinitionSO","0.1","320","게임 내 역할은 시설 진화 촉매, 생산망의 입력·출력에 연결된다.","이 물자의 원본 기능을 위해 보관·운반·소비·거래 중 한 경로에 재고를 배정해 다른 사용처를 늦춘다","비교 후보(대체 가능성 미검증): GenericItemDefinitionSO:evolution:catalyst:arcane:1, GenericItemDefinitionSO:evolution:catalyst:arcane:10, GenericItemDefinitionSO:evolution:catalyst:arcane:11, GenericItemDefinitionSO:evolution:catalyst:arcane:12, GenericItemDefinitionSO:evolution:catalyst:arcane:13, GenericItemDefinitionSO:evolution:catalyst:arcane:14, GenericItemDefinitionSO:evolution:catalyst:arcane:15, GenericItemDefinitionSO:evolution:catalyst:arcane:16, GenericItemDefinitionSO:evolution:catalyst:arcane:17, GenericItemDefinitionSO:evolution:catalyst:arcane:18, GenericItemDefinitionSO:evolution:catalyst:arcane:19, GenericItemDefinitionSO:evolution:catalyst:arcane:2 외 155개","생성 또는 거래·재고 입고·운반·보관·장착 또는 소비와 하류 주문 기록","과잉 재고·운반·보관·수리 또는 사용 시점 지연이 압력이 된다","실제 비교 후보·교역·재활용·수리·배급 조정 중 원본 기능에 맞는 경로로 재고 압력을 줄인다","설계 확정; 질량·가격·스택·부패·효과 수치는 source authority와 밸런스 기준서에서 별도 검증 OPEN"
"evolution:residue:5","범용 촉매 잔재 진행 5 · 1등급","General (일반)","[{""rid"":7737211921623155063},{""rid"":7737211921623155064}]","해당 없음: GenericItemDefinitionSO","0.1","640","게임 내 역할은 시설 진화 촉매, 생산망의 입력·출력에 연결된다.","이 물자의 원본 기능을 위해 보관·운반·소비·거래 중 한 경로에 재고를 배정해 다른 사용처를 늦춘다","비교 후보(대체 가능성 미검증): GenericItemDefinitionSO:evolution:catalyst:arcane:1, GenericItemDefinitionSO:evolution:catalyst:arcane:10, GenericItemDefinitionSO:evolution:catalyst:arcane:11, GenericItemDefinitionSO:evolution:catalyst:arcane:12, GenericItemDefinitionSO:evolution:catalyst:arcane:13, GenericItemDefinitionSO:evolution:catalyst:arcane:14, GenericItemDefinitionSO:evolution:catalyst:arcane:15, GenericItemDefinitionSO:evolution:catalyst:arcane:16, GenericItemDefinitionSO:evolution:catalyst:arcane:17, GenericItemDefinitionSO:evolution:catalyst:arcane:18, GenericItemDefinitionSO:evolution:catalyst:arcane:19, GenericItemDefinitionSO:evolution:catalyst:arcane:2 외 155개","생성 또는 거래·재고 입고·운반·보관·장착 또는 소비와 하류 주문 기록","과잉 재고·운반·보관·수리 또는 사용 시점 지연이 압력이 된다","실제 비교 후보·교역·재활용·수리·배급 조정 중 원본 기능에 맞는 경로로 재고 압력을 줄인다","설계 확정; 질량·가격·스택·부패·효과 수치는 source authority와 밸런스 기준서에서 별도 검증 OPEN"
"evolution:residue:6","범용 촉매 잔재 진행 6 · 2등급","General (일반)","[{""rid"":7737211921623155065},{""rid"":7737211921623155066}]","해당 없음: GenericItemDefinitionSO","0.1","1280","게임 내 역할은 시설 진화 촉매, 생산망의 입력·출력에 연결된다.","이 물자의 원본 기능을 위해 보관·운반·소비·거래 중 한 경로에 재고를 배정해 다른 사용처를 늦춘다","비교 후보(대체 가능성 미검증): GenericItemDefinitionSO:evolution:catalyst:arcane:1, GenericItemDefinitionSO:evolution:catalyst:arcane:10, GenericItemDefinitionSO:evolution:catalyst:arcane:11, GenericItemDefinitionSO:evolution:catalyst:arcane:12, GenericItemDefinitionSO:evolution:catalyst:arcane:13, GenericItemDefinitionSO:evolution:catalyst:arcane:14, GenericItemDefinitionSO:evolution:catalyst:arcane:15, GenericItemDefinitionSO:evolution:catalyst:arcane:16, GenericItemDefinitionSO:evolution:catalyst:arcane:17, GenericItemDefinitionSO:evolution:catalyst:arcane:18, GenericItemDefinitionSO:evolution:catalyst:arcane:19, GenericItemDefinitionSO:evolution:catalyst:arcane:2 외 155개","생성 또는 거래·재고 입고·운반·보관·장착 또는 소비와 하류 주문 기록","과잉 재고·운반·보관·수리 또는 사용 시점 지연이 압력이 된다","실제 비교 후보·교역·재활용·수리·배급 조정 중 원본 기능에 맞는 경로로 재고 압력을 줄인다","설계 확정; 질량·가격·스택·부패·효과 수치는 source authority와 밸런스 기준서에서 별도 검증 OPEN"
"evolution:residue:7","범용 촉매 잔재 진행 7 · 2등급","General (일반)","[{""rid"":7737211921623155067},{""rid"":7737211921623155068}]","해당 없음: GenericItemDefinitionSO","0.1","2560","게임 내 역할은 시설 진화 촉매, 생산망의 입력·출력에 연결된다.","이 물자의 원본 기능을 위해 보관·운반·소비·거래 중 한 경로에 재고를 배정해 다른 사용처를 늦춘다","비교 후보(대체 가능성 미검증): GenericItemDefinitionSO:evolution:catalyst:arcane:1, GenericItemDefinitionSO:evolution:catalyst:arcane:10, GenericItemDefinitionSO:evolution:catalyst:arcane:11, GenericItemDefinitionSO:evolution:catalyst:arcane:12, GenericItemDefinitionSO:evolution:catalyst:arcane:13, GenericItemDefinitionSO:evolution:catalyst:arcane:14, GenericItemDefinitionSO:evolution:catalyst:arcane:15, GenericItemDefinitionSO:evolution:catalyst:arcane:16, GenericItemDefinitionSO:evolution:catalyst:arcane:17, GenericItemDefinitionSO:evolution:catalyst:arcane:18, GenericItemDefinitionSO:evolution:catalyst:arcane:19, GenericItemDefinitionSO:evolution:catalyst:arcane:2 외 155개","생성 또는 거래·재고 입고·운반·보관·장착 또는 소비와 하류 주문 기록","과잉 재고·운반·보관·수리 또는 사용 시점 지연이 압력이 된다","실제 비교 후보·교역·재활용·수리·배급 조정 중 원본 기능에 맞는 경로로 재고 압력을 줄인다","설계 확정; 질량·가격·스택·부패·효과 수치는 source authority와 밸런스 기준서에서 별도 검증 OPEN"
"evolution:residue:8","범용 촉매 잔재 진행 8 · 2등급","General (일반)","[{""rid"":7737211921623155069},{""rid"":7737211921623155070}]","해당 없음: GenericItemDefinitionSO","0.1","5120","게임 내 역할은 시설 진화 촉매, 생산망의 입력·출력에 연결된다.","이 물자의 원본 기능을 위해 보관·운반·소비·거래 중 한 경로에 재고를 배정해 다른 사용처를 늦춘다","비교 후보(대체 가능성 미검증): GenericItemDefinitionSO:evolution:catalyst:arcane:1, GenericItemDefinitionSO:evolution:catalyst:arcane:10, GenericItemDefinitionSO:evolution:catalyst:arcane:11, GenericItemDefinitionSO:evolution:catalyst:arcane:12, GenericItemDefinitionSO:evolution:catalyst:arcane:13, GenericItemDefinitionSO:evolution:catalyst:arcane:14, GenericItemDefinitionSO:evolution:catalyst:arcane:15, GenericItemDefinitionSO:evolution:catalyst:arcane:16, GenericItemDefinitionSO:evolution:catalyst:arcane:17, GenericItemDefinitionSO:evolution:catalyst:arcane:18, GenericItemDefinitionSO:evolution:catalyst:arcane:19, GenericItemDefinitionSO:evolution:catalyst:arcane:2 외 155개","생성 또는 거래·재고 입고·운반·보관·장착 또는 소비와 하류 주문 기록","과잉 재고·운반·보관·수리 또는 사용 시점 지연이 압력이 된다","실제 비교 후보·교역·재활용·수리·배급 조정 중 원본 기능에 맞는 경로로 재고 압력을 줄인다","설계 확정; 질량·가격·스택·부패·효과 수치는 source authority와 밸런스 기준서에서 별도 검증 OPEN"
"evolution:residue:9","범용 촉매 잔재 진행 9 · 2등급","General (일반)","[{""rid"":7737211921623155071},{""rid"":7737211921623155072}]","해당 없음: GenericItemDefinitionSO","0.1","10240","게임 내 역할은 시설 진화 촉매, 생산망의 입력·출력에 연결된다.","이 물자의 원본 기능을 위해 보관·운반·소비·거래 중 한 경로에 재고를 배정해 다른 사용처를 늦춘다","비교 후보(대체 가능성 미검증): GenericItemDefinitionSO:evolution:catalyst:arcane:1, GenericItemDefinitionSO:evolution:catalyst:arcane:10, GenericItemDefinitionSO:evolution:catalyst:arcane:11, GenericItemDefinitionSO:evolution:catalyst:arcane:12, GenericItemDefinitionSO:evolution:catalyst:arcane:13, GenericItemDefinitionSO:evolution:catalyst:arcane:14, GenericItemDefinitionSO:evolution:catalyst:arcane:15, GenericItemDefinitionSO:evolution:catalyst:arcane:16, GenericItemDefinitionSO:evolution:catalyst:arcane:17, GenericItemDefinitionSO:evolution:catalyst:arcane:18, GenericItemDefinitionSO:evolution:catalyst:arcane:19, GenericItemDefinitionSO:evolution:catalyst:arcane:2 외 155개","생성 또는 거래·재고 입고·운반·보관·장착 또는 소비와 하류 주문 기록","과잉 재고·운반·보관·수리 또는 사용 시점 지연이 압력이 된다","실제 비교 후보·교역·재활용·수리·배급 조정 중 원본 기능에 맞는 경로로 재고 압력을 줄인다","설계 확정; 질량·가격·스택·부패·효과 수치는 source authority와 밸런스 기준서에서 별도 검증 OPEN"
"facility-kit:0","복도 설치 키트","General (일반)","[{""rid"":7737211679587435251},{""rid"":7737211679587435252}]","해당 없음: GenericItemDefinitionSO","8","1","게임 내 역할은 시설 설치와 구성, 생산망의 입력·출력에 연결된다.","이 물자의 원본 기능을 위해 보관·운반·소비·거래 중 한 경로에 재고를 배정해 다른 사용처를 늦춘다","비교 후보(대체 가능성 미검증): GenericItemDefinitionSO:facility-kit:1, GenericItemDefinitionSO:facility-kit:10, GenericItemDefinitionSO:facility-kit:1000, GenericItemDefinitionSO:facility-kit:1001, GenericItemDefinitionSO:facility-kit:1002, GenericItemDefinitionSO:facility-kit:1003, GenericItemDefinitionSO:facility-kit:1004, GenericItemDefinitionSO:facility-kit:1005, GenericItemDefinitionSO:facility-kit:1006, GenericItemDefinitionSO:facility-kit:1007, GenericItemDefinitionSO:facility-kit:1008, GenericItemDefinitionSO:facility-kit:1009 외 364개","생성 또는 거래·재고 입고·운반·보관·장착 또는 소비와 하류 주문 기록","과잉 재고·운반·보관·수리 또는 사용 시점 지연이 압력이 된다","실제 비교 후보·교역·재활용·수리·배급 조정 중 원본 기능에 맞는 경로로 재고 압력을 줄인다","설계 확정; 질량·가격·스택·부패·효과 수치는 source authority와 밸런스 기준서에서 별도 검증 OPEN"
"facility-kit:1","문 설치 키트","General (일반)","[{""rid"":7737211921623155073},{""rid"":7737211921623155074}]","해당 없음: GenericItemDefinitionSO","8","1","게임 내 역할은 시설 설치와 구성, 생산망의 입력·출력에 연결된다.","이 물자의 원본 기능을 위해 보관·운반·소비·거래 중 한 경로에 재고를 배정해 다른 사용처를 늦춘다","비교 후보(대체 가능성 미검증): GenericItemDefinitionSO:facility-kit:0, GenericItemDefinitionSO:facility-kit:10, GenericItemDefinitionSO:facility-kit:1000, GenericItemDefinitionSO:facility-kit:1001, GenericItemDefinitionSO:facility-kit:1002, GenericItemDefinitionSO:facility-kit:1003, GenericItemDefinitionSO:facility-kit:1004, GenericItemDefinitionSO:facility-kit:1005, GenericItemDefinitionSO:facility-kit:1006, GenericItemDefinitionSO:facility-kit:1007, GenericItemDefinitionSO:facility-kit:1008, GenericItemDefinitionSO:facility-kit:1009 외 364개","생성 또는 거래·재고 입고·운반·보관·장착 또는 소비와 하류 주문 기록","과잉 재고·운반·보관·수리 또는 사용 시점 지연이 압력이 된다","실제 비교 후보·교역·재활용·수리·배급 조정 중 원본 기능에 맞는 경로로 재고 압력을 줄인다","설계 확정; 질량·가격·스택·부패·효과 수치는 source authority와 밸런스 기준서에서 별도 검증 OPEN"
"facility-kit:10","저가 음식점 설치 키트","General (일반)","[{""rid"":7737211921623155075},{""rid"":7737211921623155076}]","해당 없음: GenericItemDefinitionSO","8","1","게임 내 역할은 시설 설치와 구성, 생산망의 입력·출력에 연결된다.","이 물자의 원본 기능을 위해 보관·운반·소비·거래 중 한 경로에 재고를 배정해 다른 사용처를 늦춘다","비교 후보(대체 가능성 미검증): GenericItemDefinitionSO:facility-kit:0, GenericItemDefinitionSO:facility-kit:1, GenericItemDefinitionSO:facility-kit:1000, GenericItemDefinitionSO:facility-kit:1001, GenericItemDefinitionSO:facility-kit:1002, GenericItemDefinitionSO:facility-kit:1003, GenericItemDefinitionSO:facility-kit:1004, GenericItemDefinitionSO:facility-kit:1005, GenericItemDefinitionSO:facility-kit:1006, GenericItemDefinitionSO:facility-kit:1007, GenericItemDefinitionSO:facility-kit:1008, GenericItemDefinitionSO:facility-kit:1009 외 364개","생성 또는 거래·재고 입고·운반·보관·장착 또는 소비와 하류 주문 기록","과잉 재고·운반·보관·수리 또는 사용 시점 지연이 압력이 된다","실제 비교 후보·교역·재활용·수리·배급 조정 중 원본 기능에 맞는 경로로 재고 압력을 줄인다","설계 확정; 질량·가격·스택·부패·효과 수치는 source authority와 밸런스 기준서에서 별도 검증 OPEN"
"facility-kit:1000","간이화덕 설치 키트","General (일반)","[{""rid"":7737211921623155077},{""rid"":7737211921623155078}]","해당 없음: GenericItemDefinitionSO","8","95","게임 내 역할은 시설 설치와 구성, 생산망의 입력·출력에 연결된다.","이 물자의 원본 기능을 위해 보관·운반·소비·거래 중 한 경로에 재고를 배정해 다른 사용처를 늦춘다","비교 후보(대체 가능성 미검증): GenericItemDefinitionSO:facility-kit:0, GenericItemDefinitionSO:facility-kit:1, GenericItemDefinitionSO:facility-kit:10, GenericItemDefinitionSO:facility-kit:1001, GenericItemDefinitionSO:facility-kit:1002, GenericItemDefinitionSO:facility-kit:1003, GenericItemDefinitionSO:facility-kit:1004, GenericItemDefinitionSO:facility-kit:1005, GenericItemDefinitionSO:facility-kit:1006, GenericItemDefinitionSO:facility-kit:1007, GenericItemDefinitionSO:facility-kit:1008, GenericItemDefinitionSO:facility-kit:1009 외 364개","생성 또는 거래·재고 입고·운반·보관·장착 또는 소비와 하류 주문 기록","과잉 재고·운반·보관·수리 또는 사용 시점 지연이 압력이 된다","실제 비교 후보·교역·재활용·수리·배급 조정 중 원본 기능에 맞는 경로로 재고 압력을 줄인다","설계 확정; 질량·가격·스택·부패·효과 수치는 source authority와 밸런스 기준서에서 별도 검증 OPEN"
"facility-kit:1001","고기그릴 설치 키트","General (일반)","[{""rid"":7737211921623155079},{""rid"":7737211921623155080}]","해당 없음: GenericItemDefinitionSO","8","110","게임 내 역할은 시설 설치와 구성, 생산망의 입력·출력에 연결된다.","이 물자의 원본 기능을 위해 보관·운반·소비·거래 중 한 경로에 재고를 배정해 다른 사용처를 늦춘다","비교 후보(대체 가능성 미검증): GenericItemDefinitionSO:facility-kit:0, GenericItemDefinitionSO:facility-kit:1, GenericItemDefinitionSO:facility-kit:10, GenericItemDefinitionSO:facility-kit:1000, GenericItemDefinitionSO:facility-kit:1002, GenericItemDefinitionSO:facility-kit:1003, GenericItemDefinitionSO:facility-kit:1004, GenericItemDefinitionSO:facility-kit:1005, GenericItemDefinitionSO:facility-kit:1006, GenericItemDefinitionSO:facility-kit:1007, GenericItemDefinitionSO:facility-kit:1008, GenericItemDefinitionSO:facility-kit:1009 외 364개","생성 또는 거래·재고 입고·운반·보관·장착 또는 소비와 하류 주문 기록","과잉 재고·운반·보관·수리 또는 사용 시점 지연이 압력이 된다","실제 비교 후보·교역·재활용·수리·배급 조정 중 원본 기능에 맞는 경로로 재고 압력을 줄인다","설계 확정; 질량·가격·스택·부패·효과 수치는 source authority와 밸런스 기준서에서 별도 검증 OPEN"
"facility-kit:1002","조리손질대 설치 키트","General (일반)","[{""rid"":7737211921623155081},{""rid"":7737211921623155082}]","해당 없음: GenericItemDefinitionSO","8","75","게임 내 역할은 시설 설치와 구성, 생산망의 입력·출력에 연결된다.","이 물자의 원본 기능을 위해 보관·운반·소비·거래 중 한 경로에 재고를 배정해 다른 사용처를 늦춘다","비교 후보(대체 가능성 미검증): GenericItemDefinitionSO:facility-kit:0, GenericItemDefinitionSO:facility-kit:1, GenericItemDefinitionSO:facility-kit:10, GenericItemDefinitionSO:facility-kit:1000, GenericItemDefinitionSO:facility-kit:1001, GenericItemDefinitionSO:facility-kit:1003, GenericItemDefinitionSO:facility-kit:1004, GenericItemDefinitionSO:facility-kit:1005, GenericItemDefinitionSO:facility-kit:1006, GenericItemDefinitionSO:facility-kit:1007, GenericItemDefinitionSO:facility-kit:1008, GenericItemDefinitionSO:facility-kit:1009 외 364개","생성 또는 거래·재고 입고·운반·보관·장착 또는 소비와 하류 주문 기록","과잉 재고·운반·보관·수리 또는 사용 시점 지연이 압력이 된다","실제 비교 후보·교역·재활용·수리·배급 조정 중 원본 기능에 맞는 경로로 재고 압력을 줄인다","설계 확정; 질량·가격·스택·부패·효과 수치는 source authority와 밸런스 기준서에서 별도 검증 OPEN"
"facility-kit:1003","배식카운터 설치 키트","General (일반)","[{""rid"":7737211921623155083},{""rid"":7737211921623155084}]","해당 없음: GenericItemDefinitionSO","8","110","게임 내 역할은 시설 설치와 구성, 생산망의 입력·출력에 연결된다.","이 물자의 원본 기능을 위해 보관·운반·소비·거래 중 한 경로에 재고를 배정해 다른 사용처를 늦춘다","비교 후보(대체 가능성 미검증): GenericItemDefinitionSO:facility-kit:0, GenericItemDefinitionSO:facility-kit:1, GenericItemDefinitionSO:facility-kit:10, GenericItemDefinitionSO:facility-kit:1000, GenericItemDefinitionSO:facility-kit:1001, GenericItemDefinitionSO:facility-kit:1002, GenericItemDefinitionSO:facility-kit:1004, GenericItemDefinitionSO:facility-kit:1005, GenericItemDefinitionSO:facility-kit:1006, GenericItemDefinitionSO:facility-kit:1007, GenericItemDefinitionSO:facility-kit:1008, GenericItemDefinitionSO:facility-kit:1009 외 364개","생성 또는 거래·재고 입고·운반·보관·장착 또는 소비와 하류 주문 기록","과잉 재고·운반·보관·수리 또는 사용 시점 지연이 압력이 된다","실제 비교 후보·교역·재활용·수리·배급 조정 중 원본 기능에 맞는 경로로 재고 압력을 줄인다","설계 확정; 질량·가격·스택·부패·효과 수치는 source authority와 밸런스 기준서에서 별도 검증 OPEN"
"facility-kit:1004","소형식탁 설치 키트","General (일반)","[{""rid"":7737211921623155085},{""rid"":7737211921623155086}]","해당 없음: GenericItemDefinitionSO","8","75","게임 내 역할은 시설 설치와 구성, 생산망의 입력·출력에 연결된다.","이 물자의 원본 기능을 위해 보관·운반·소비·거래 중 한 경로에 재고를 배정해 다른 사용처를 늦춘다","비교 후보(대체 가능성 미검증): GenericItemDefinitionSO:facility-kit:0, GenericItemDefinitionSO:facility-kit:1, GenericItemDefinitionSO:facility-kit:10, GenericItemDefinitionSO:facility-kit:1000, GenericItemDefinitionSO:facility-kit:1001, GenericItemDefinitionSO:facility-kit:1002, GenericItemDefinitionSO:facility-kit:1003, GenericItemDefinitionSO:facility-kit:1005, GenericItemDefinitionSO:facility-kit:1006, GenericItemDefinitionSO:facility-kit:1007, GenericItemDefinitionSO:facility-kit:1008, GenericItemDefinitionSO:facility-kit:1009 외 364개","생성 또는 거래·재고 입고·운반·보관·장착 또는 소비와 하류 주문 기록","과잉 재고·운반·보관·수리 또는 사용 시점 지연이 압력이 된다","실제 비교 후보·교역·재활용·수리·배급 조정 중 원본 기능에 맞는 경로로 재고 압력을 줄인다","설계 확정; 질량·가격·스택·부패·효과 수치는 source authority와 밸런스 기준서에서 별도 검증 OPEN"
"facility-kit:1005","대형연회식탁 설치 키트","General (일반)","[{""rid"":7737211921623155087},{""rid"":7737211921623155088}]","해당 없음: GenericItemDefinitionSO","8","115","게임 내 역할은 시설 설치와 구성, 생산망의 입력·출력에 연결된다.","이 물자의 원본 기능을 위해 보관·운반·소비·거래 중 한 경로에 재고를 배정해 다른 사용처를 늦춘다","비교 후보(대체 가능성 미검증): GenericItemDefinitionSO:facility-kit:0, GenericItemDefinitionSO:facility-kit:1, GenericItemDefinitionSO:facility-kit:10, GenericItemDefinitionSO:facility-kit:1000, GenericItemDefinitionSO:facility-kit:1001, GenericItemDefinitionSO:facility-kit:1002, GenericItemDefinitionSO:facility-kit:1003, GenericItemDefinitionSO:facility-kit:1004, GenericItemDefinitionSO:facility-kit:1006, GenericItemDefinitionSO:facility-kit:1007, GenericItemDefinitionSO:facility-kit:1008, GenericItemDefinitionSO:facility-kit:1009 외 364개","생성 또는 거래·재고 입고·운반·보관·장착 또는 소비와 하류 주문 기록","과잉 재고·운반·보관·수리 또는 사용 시점 지연이 압력이 된다","실제 비교 후보·교역·재활용·수리·배급 조정 중 원본 기능에 맞는 경로로 재고 압력을 줄인다","설계 확정; 질량·가격·스택·부패·효과 수치는 source authority와 밸런스 기준서에서 별도 검증 OPEN"
"facility-kit:1006","목제의자 설치 키트","General (일반)","[{""rid"":7737211921623155089},{""rid"":7737211921623155090}]","해당 없음: GenericItemDefinitionSO","8","60","게임 내 역할은 시설 설치와 구성, 생산망의 입력·출력에 연결된다.","이 물자의 원본 기능을 위해 보관·운반·소비·거래 중 한 경로에 재고를 배정해 다른 사용처를 늦춘다","비교 후보(대체 가능성 미검증): GenericItemDefinitionSO:facility-kit:0, GenericItemDefinitionSO:facility-kit:1, GenericItemDefinitionSO:facility-kit:10, GenericItemDefinitionSO:facility-kit:1000, GenericItemDefinitionSO:facility-kit:1001, GenericItemDefinitionSO:facility-kit:1002, GenericItemDefinitionSO:facility-kit:1003, GenericItemDefinitionSO:facility-kit:1004, GenericItemDefinitionSO:facility-kit:1005, GenericItemDefinitionSO:facility-kit:1007, GenericItemDefinitionSO:facility-kit:1008, GenericItemDefinitionSO:facility-kit:1009 외 364개","생성 또는 거래·재고 입고·운반·보관·장착 또는 소비와 하류 주문 기록","과잉 재고·운반·보관·수리 또는 사용 시점 지연이 압력이 된다","실제 비교 후보·교역·재활용·수리·배급 조정 중 원본 기능에 맞는 경로로 재고 압력을 줄인다","설계 확정; 질량·가격·스택·부패·효과 수치는 source authority와 밸런스 기준서에서 별도 검증 OPEN"
"facility-kit:1007","푹신한의자 설치 키트","General (일반)","[{""rid"":7737211921623155091},{""rid"":7737211921623155092}]","해당 없음: GenericItemDefinitionSO","8","85","게임 내 역할은 시설 설치와 구성, 생산망의 입력·출력에 연결된다.","이 물자의 원본 기능을 위해 보관·운반·소비·거래 중 한 경로에 재고를 배정해 다른 사용처를 늦춘다","비교 후보(대체 가능성 미검증): GenericItemDefinitionSO:facility-kit:0, GenericItemDefinitionSO:facility-kit:1, GenericItemDefinitionSO:facility-kit:10, GenericItemDefinitionSO:facility-kit:1000, GenericItemDefinitionSO:facility-kit:1001, GenericItemDefinitionSO:facility-kit:1002, GenericItemDefinitionSO:facility-kit:1003, GenericItemDefinitionSO:facility-kit:1004, GenericItemDefinitionSO:facility-kit:1005, GenericItemDefinitionSO:facility-kit:1006, GenericItemDefinitionSO:facility-kit:1008, GenericItemDefinitionSO:facility-kit:1009 외 364개","생성 또는 거래·재고 입고·운반·보관·장착 또는 소비와 하류 주문 기록","과잉 재고·운반·보관·수리 또는 사용 시점 지연이 압력이 된다","실제 비교 후보·교역·재활용·수리·배급 조정 중 원본 기능에 맞는 경로로 재고 압력을 줄인다","설계 확정; 질량·가격·스택·부패·효과 수치는 source authority와 밸런스 기준서에서 별도 검증 OPEN"
"facility-kit:1008","긴벤치 설치 키트","General (일반)","[{""rid"":7737211921623155093},{""rid"":7737211921623155094}]","해당 없음: GenericItemDefinitionSO","8","75","게임 내 역할은 시설 설치와 구성, 생산망의 입력·출력에 연결된다.","이 물자의 원본 기능을 위해 보관·운반·소비·거래 중 한 경로에 재고를 배정해 다른 사용처를 늦춘다","비교 후보(대체 가능성 미검증): GenericItemDefinitionSO:facility-kit:0, GenericItemDefinitionSO:facility-kit:1, GenericItemDefinitionSO:facility-kit:10, GenericItemDefinitionSO:facility-kit:1000, GenericItemDefinitionSO:facility-kit:1001, GenericItemDefinitionSO:facility-kit:1002, GenericItemDefinitionSO:facility-kit:1003, GenericItemDefinitionSO:facility-kit:1004, GenericItemDefinitionSO:facility-kit:1005, GenericItemDefinitionSO:facility-kit:1006, GenericItemDefinitionSO:facility-kit:1007, GenericItemDefinitionSO:facility-kit:1009 외 364개","생성 또는 거래·재고 입고·운반·보관·장착 또는 소비와 하류 주문 기록","과잉 재고·운반·보관·수리 또는 사용 시점 지연이 압력이 된다","실제 비교 후보·교역·재활용·수리·배급 조정 중 원본 기능에 맞는 경로로 재고 압력을 줄인다","설계 확정; 질량·가격·스택·부패·효과 수치는 source authority와 밸런스 기준서에서 별도 검증 OPEN"
"facility-kit:1009","식재료선반 설치 키트","General (일반)","[{""rid"":7737211921623155095},{""rid"":7737211921623155096}]","해당 없음: GenericItemDefinitionSO","8","60","게임 내 역할은 시설 설치와 구성, 생산망의 입력·출력에 연결된다.","이 물자의 원본 기능을 위해 보관·운반·소비·거래 중 한 경로에 재고를 배정해 다른 사용처를 늦춘다","비교 후보(대체 가능성 미검증): GenericItemDefinitionSO:facility-kit:0, GenericItemDefinitionSO:facility-kit:1, GenericItemDefinitionSO:facility-kit:10, GenericItemDefinitionSO:facility-kit:1000, GenericItemDefinitionSO:facility-kit:1001, GenericItemDefinitionSO:facility-kit:1002, GenericItemDefinitionSO:facility-kit:1003, GenericItemDefinitionSO:facility-kit:1004, GenericItemDefinitionSO:facility-kit:1005, GenericItemDefinitionSO:facility-kit:1006, GenericItemDefinitionSO:facility-kit:1007, GenericItemDefinitionSO:facility-kit:1008 외 364개","생성 또는 거래·재고 입고·운반·보관·장착 또는 소비와 하류 주문 기록","과잉 재고·운반·보관·수리 또는 사용 시점 지연이 압력이 된다","실제 비교 후보·교역·재활용·수리·배급 조정 중 원본 기능에 맞는 경로로 재고 압력을 줄인다","설계 확정; 질량·가격·스택·부패·효과 수치는 source authority와 밸런스 기준서에서 별도 검증 OPEN"
"facility-kit:1010","고기걸이 설치 키트","General (일반)","[{""rid"":7737211921623155097},{""rid"":7737211921623155098}]","해당 없음: GenericItemDefinitionSO","8","85","게임 내 역할은 시설 설치와 구성, 생산망의 입력·출력에 연결된다.","이 물자의 원본 기능을 위해 보관·운반·소비·거래 중 한 경로에 재고를 배정해 다른 사용처를 늦춘다","비교 후보(대체 가능성 미검증): GenericItemDefinitionSO:facility-kit:0, GenericItemDefinitionSO:facility-kit:1, GenericItemDefinitionSO:facility-kit:10, GenericItemDefinitionSO:facility-kit:1000, GenericItemDefinitionSO:facility-kit:1001, GenericItemDefinitionSO:facility-kit:1002, GenericItemDefinitionSO:facility-kit:1003, GenericItemDefinitionSO:facility-kit:1004, GenericItemDefinitionSO:facility-kit:1005, GenericItemDefinitionSO:facility-kit:1006, GenericItemDefinitionSO:facility-kit:1007, GenericItemDefinitionSO:facility-kit:1008 외 364개","생성 또는 거래·재고 입고·운반·보관·장착 또는 소비와 하류 주문 기록","과잉 재고·운반·보관·수리 또는 사용 시점 지연이 압력이 된다","실제 비교 후보·교역·재활용·수리·배급 조정 중 원본 기능에 맞는 경로로 재고 압력을 줄인다","설계 확정; 질량·가격·스택·부패·효과 수치는 source authority와 밸런스 기준서에서 별도 검증 OPEN"
"facility-kit:1011","술음료장 설치 키트","General (일반)","[{""rid"":7737211921623155099},{""rid"":7737211921623155100}]","해당 없음: GenericItemDefinitionSO","8","120","게임 내 역할은 시설 설치와 구성, 생산망의 입력·출력에 연결된다.","이 물자의 원본 기능을 위해 보관·운반·소비·거래 중 한 경로에 재고를 배정해 다른 사용처를 늦춘다","비교 후보(대체 가능성 미검증): GenericItemDefinitionSO:facility-kit:0, GenericItemDefinitionSO:facility-kit:1, GenericItemDefinitionSO:facility-kit:10, GenericItemDefinitionSO:facility-kit:1000, GenericItemDefinitionSO:facility-kit:1001, GenericItemDefinitionSO:facility-kit:1002, GenericItemDefinitionSO:facility-kit:1003, GenericItemDefinitionSO:facility-kit:1004, GenericItemDefinitionSO:facility-kit:1005, GenericItemDefinitionSO:facility-kit:1006, GenericItemDefinitionSO:facility-kit:1007, GenericItemDefinitionSO:facility-kit:1008 외 364개","생성 또는 거래·재고 입고·운반·보관·장착 또는 소비와 하류 주문 기록","과잉 재고·운반·보관·수리 또는 사용 시점 지연이 압력이 된다","실제 비교 후보·교역·재활용·수리·배급 조정 중 원본 기능에 맞는 경로로 재고 압력을 줄인다","설계 확정; 질량·가격·스택·부패·효과 수치는 source authority와 밸런스 기준서에서 별도 검증 OPEN"
"facility-kit:1012","판매카운터 설치 키트","General (일반)","[{""rid"":7737211921623155101},{""rid"":7737211921623155102}]","해당 없음: GenericItemDefinitionSO","8","110","게임 내 역할은 시설 설치와 구성, 생산망의 입력·출력에 연결된다.","이 물자의 원본 기능을 위해 보관·운반·소비·거래 중 한 경로에 재고를 배정해 다른 사용처를 늦춘다","비교 후보(대체 가능성 미검증): GenericItemDefinitionSO:facility-kit:0, GenericItemDefinitionSO:facility-kit:1, GenericItemDefinitionSO:facility-kit:10, GenericItemDefinitionSO:facility-kit:1000, GenericItemDefinitionSO:facility-kit:1001, GenericItemDefinitionSO:facility-kit:1002, GenericItemDefinitionSO:facility-kit:1003, GenericItemDefinitionSO:facility-kit:1004, GenericItemDefinitionSO:facility-kit:1005, GenericItemDefinitionSO:facility-kit:1006, GenericItemDefinitionSO:facility-kit:1007, GenericItemDefinitionSO:facility-kit:1008 외 364개","생성 또는 거래·재고 입고·운반·보관·장착 또는 소비와 하류 주문 기록","과잉 재고·운반·보관·수리 또는 사용 시점 지연이 압력이 된다","실제 비교 후보·교역·재활용·수리·배급 조정 중 원본 기능에 맞는 경로로 재고 압력을 줄인다","설계 확정; 질량·가격·스택·부패·효과 수치는 source authority와 밸런스 기준서에서 별도 검증 OPEN"
"facility-kit:1013","잡화진열선반 설치 키트","General (일반)","[{""rid"":7737211921623155103},{""rid"":7737211921623155104}]","해당 없음: GenericItemDefinitionSO","8","75","게임 내 역할은 시설 설치와 구성, 생산망의 입력·출력에 연결된다.","이 물자의 원본 기능을 위해 보관·운반·소비·거래 중 한 경로에 재고를 배정해 다른 사용처를 늦춘다","비교 후보(대체 가능성 미검증): GenericItemDefinitionSO:facility-kit:0, GenericItemDefinitionSO:facility-kit:1, GenericItemDefinitionSO:facility-kit:10, GenericItemDefinitionSO:facility-kit:1000, GenericItemDefinitionSO:facility-kit:1001, GenericItemDefinitionSO:facility-kit:1002, GenericItemDefinitionSO:facility-kit:1003, GenericItemDefinitionSO:facility-kit:1004, GenericItemDefinitionSO:facility-kit:1005, GenericItemDefinitionSO:facility-kit:1006, GenericItemDefinitionSO:facility-kit:1007, GenericItemDefinitionSO:facility-kit:1008 외 364개","생성 또는 거래·재고 입고·운반·보관·장착 또는 소비와 하류 주문 기록","과잉 재고·운반·보관·수리 또는 사용 시점 지연이 압력이 된다","실제 비교 후보·교역·재활용·수리·배급 조정 중 원본 기능에 맞는 경로로 재고 압력을 줄인다","설계 확정; 질량·가격·스택·부패·효과 수치는 source authority와 밸런스 기준서에서 별도 검증 OPEN"
"facility-kit:1014","잠금진열장 설치 키트","General (일반)","[{""rid"":7737211921623155105},{""rid"":7737211921623155106}]","해당 없음: GenericItemDefinitionSO","8","100","게임 내 역할은 시설 설치와 구성, 생산망의 입력·출력에 연결된다.","이 물자의 원본 기능을 위해 보관·운반·소비·거래 중 한 경로에 재고를 배정해 다른 사용처를 늦춘다","비교 후보(대체 가능성 미검증): GenericItemDefinitionSO:facility-kit:0, GenericItemDefinitionSO:facility-kit:1, GenericItemDefinitionSO:facility-kit:10, GenericItemDefinitionSO:facility-kit:1000, GenericItemDefinitionSO:facility-kit:1001, GenericItemDefinitionSO:facility-kit:1002, GenericItemDefinitionSO:facility-kit:1003, GenericItemDefinitionSO:facility-kit:1004, GenericItemDefinitionSO:facility-kit:1005, GenericItemDefinitionSO:facility-kit:1006, GenericItemDefinitionSO:facility-kit:1007, GenericItemDefinitionSO:facility-kit:1008 외 364개","생성 또는 거래·재고 입고·운반·보관·장착 또는 소비와 하류 주문 기록","과잉 재고·운반·보관·수리 또는 사용 시점 지연이 압력이 된다","실제 비교 후보·교역·재활용·수리·배급 조정 중 원본 기능에 맞는 경로로 재고 압력을 줄인다","설계 확정; 질량·가격·스택·부패·효과 수치는 source authority와 밸런스 기준서에서 별도 검증 OPEN"
"facility-kit:1015","잡화상자 설치 키트","General (일반)","[{""rid"":7737211921623155107},{""rid"":7737211921623155108}]","해당 없음: GenericItemDefinitionSO","8","60","게임 내 역할은 시설 설치와 구성, 생산망의 입력·출력에 연결된다.","이 물자의 원본 기능을 위해 보관·운반·소비·거래 중 한 경로에 재고를 배정해 다른 사용처를 늦춘다","비교 후보(대체 가능성 미검증): GenericItemDefinitionSO:facility-kit:0, GenericItemDefinitionSO:facility-kit:1, GenericItemDefinitionSO:facility-kit:10, GenericItemDefinitionSO:facility-kit:1000, GenericItemDefinitionSO:facility-kit:1001, GenericItemDefinitionSO:facility-kit:1002, GenericItemDefinitionSO:facility-kit:1003, GenericItemDefinitionSO:facility-kit:1004, GenericItemDefinitionSO:facility-kit:1005, GenericItemDefinitionSO:facility-kit:1006, GenericItemDefinitionSO:facility-kit:1007, GenericItemDefinitionSO:facility-kit:1008 외 364개","생성 또는 거래·재고 입고·운반·보관·장착 또는 소비와 하류 주문 기록","과잉 재고·운반·보관·수리 또는 사용 시점 지연이 압력이 된다","실제 비교 후보·교역·재활용·수리·배급 조정 중 원본 기능에 맞는 경로로 재고 압력을 줄인다","설계 확정; 질량·가격·스택·부패·효과 수치는 source authority와 밸런스 기준서에서 별도 검증 OPEN"
"facility-kit:1016","무기거치대 설치 키트","General (일반)","[{""rid"":7737211921623155109},{""rid"":7737211921623155110}]","해당 없음: GenericItemDefinitionSO","8","60","게임 내 역할은 시설 설치와 구성, 생산망의 입력·출력에 연결된다.","이 물자의 원본 기능을 위해 보관·운반·소비·거래 중 한 경로에 재고를 배정해 다른 사용처를 늦춘다","비교 후보(대체 가능성 미검증): GenericItemDefinitionSO:facility-kit:0, GenericItemDefinitionSO:facility-kit:1, GenericItemDefinitionSO:facility-kit:10, GenericItemDefinitionSO:facility-kit:1000, GenericItemDefinitionSO:facility-kit:1001, GenericItemDefinitionSO:facility-kit:1002, GenericItemDefinitionSO:facility-kit:1003, GenericItemDefinitionSO:facility-kit:1004, GenericItemDefinitionSO:facility-kit:1005, GenericItemDefinitionSO:facility-kit:1006, GenericItemDefinitionSO:facility-kit:1007, GenericItemDefinitionSO:facility-kit:1008 외 364개","생성 또는 거래·재고 입고·운반·보관·장착 또는 소비와 하류 주문 기록","과잉 재고·운반·보관·수리 또는 사용 시점 지연이 압력이 된다","실제 비교 후보·교역·재활용·수리·배급 조정 중 원본 기능에 맞는 경로로 재고 압력을 줄인다","설계 확정; 질량·가격·스택·부패·효과 수치는 source authority와 밸런스 기준서에서 별도 검증 OPEN"
"facility-kit:1017","갑옷거치대 설치 키트","General (일반)","[{""rid"":7737211921623155111},{""rid"":7737211921623155112}]","해당 없음: GenericItemDefinitionSO","8","60","게임 내 역할은 시설 설치와 구성, 생산망의 입력·출력에 연결된다.","이 물자의 원본 기능을 위해 보관·운반·소비·거래 중 한 경로에 재고를 배정해 다른 사용처를 늦춘다","비교 후보(대체 가능성 미검증): GenericItemDefinitionSO:facility-kit:0, GenericItemDefinitionSO:facility-kit:1, GenericItemDefinitionSO:facility-kit:10, GenericItemDefinitionSO:facility-kit:1000, GenericItemDefinitionSO:facility-kit:1001, GenericItemDefinitionSO:facility-kit:1002, GenericItemDefinitionSO:facility-kit:1003, GenericItemDefinitionSO:facility-kit:1004, GenericItemDefinitionSO:facility-kit:1005, GenericItemDefinitionSO:facility-kit:1006, GenericItemDefinitionSO:facility-kit:1007, GenericItemDefinitionSO:facility-kit:1008 외 364개","생성 또는 거래·재고 입고·운반·보관·장착 또는 소비와 하류 주문 기록","과잉 재고·운반·보관·수리 또는 사용 시점 지연이 압력이 된다","실제 비교 후보·교역·재활용·수리·배급 조정 중 원본 기능에 맞는 경로로 재고 압력을 줄인다","설계 확정; 질량·가격·스택·부패·효과 수치는 source authority와 밸런스 기준서에서 별도 검증 OPEN"
"facility-kit:1018","무기보관함 설치 키트","General (일반)","[{""rid"":7737211921623155113},{""rid"":7737211921623155114}]","해당 없음: GenericItemDefinitionSO","8","60","게임 내 역할은 시설 설치와 구성, 생산망의 입력·출력에 연결된다.","이 물자의 원본 기능을 위해 보관·운반·소비·거래 중 한 경로에 재고를 배정해 다른 사용처를 늦춘다","비교 후보(대체 가능성 미검증): GenericItemDefinitionSO:facility-kit:0, GenericItemDefinitionSO:facility-kit:1, GenericItemDefinitionSO:facility-kit:10, GenericItemDefinitionSO:facility-kit:1000, GenericItemDefinitionSO:facility-kit:1001, GenericItemDefinitionSO:facility-kit:1002, GenericItemDefinitionSO:facility-kit:1003, GenericItemDefinitionSO:facility-kit:1004, GenericItemDefinitionSO:facility-kit:1005, GenericItemDefinitionSO:facility-kit:1006, GenericItemDefinitionSO:facility-kit:1007, GenericItemDefinitionSO:facility-kit:1008 외 364개","생성 또는 거래·재고 입고·운반·보관·장착 또는 소비와 하류 주문 기록","과잉 재고·운반·보관·수리 또는 사용 시점 지연이 압력이 된다","실제 비교 후보·교역·재활용·수리·배급 조정 중 원본 기능에 맞는 경로로 재고 압력을 줄인다","설계 확정; 질량·가격·스택·부패·효과 수치는 source authority와 밸런스 기준서에서 별도 검증 OPEN"
"facility-kit:1019","대장작업대 설치 키트","General (일반)","[{""rid"":7737211921623155115},{""rid"":7737211921623155116}]","해당 없음: GenericItemDefinitionSO","8","135","게임 내 역할은 시설 설치와 구성, 생산망의 입력·출력에 연결된다.","이 물자의 원본 기능을 위해 보관·운반·소비·거래 중 한 경로에 재고를 배정해 다른 사용처를 늦춘다","비교 후보(대체 가능성 미검증): GenericItemDefinitionSO:facility-kit:0, GenericItemDefinitionSO:facility-kit:1, GenericItemDefinitionSO:facility-kit:10, GenericItemDefinitionSO:facility-kit:1000, GenericItemDefinitionSO:facility-kit:1001, GenericItemDefinitionSO:facility-kit:1002, GenericItemDefinitionSO:facility-kit:1003, GenericItemDefinitionSO:facility-kit:1004, GenericItemDefinitionSO:facility-kit:1005, GenericItemDefinitionSO:facility-kit:1006, GenericItemDefinitionSO:facility-kit:1007, GenericItemDefinitionSO:facility-kit:1008 외 364개","생성 또는 거래·재고 입고·운반·보관·장착 또는 소비와 하류 주문 기록","과잉 재고·운반·보관·수리 또는 사용 시점 지연이 압력이 된다","실제 비교 후보·교역·재활용·수리·배급 조정 중 원본 기능에 맞는 경로로 재고 압력을 줄인다","설계 확정; 질량·가격·스택·부패·효과 수치는 source authority와 밸런스 기준서에서 별도 검증 OPEN"
"facility-kit:1020","간이침대 설치 키트","General (일반)","[{""rid"":7737211921623155117},{""rid"":7737211921623155118}]","해당 없음: GenericItemDefinitionSO","8","110","게임 내 역할은 시설 설치와 구성, 생산망의 입력·출력에 연결된다.","이 물자의 원본 기능을 위해 보관·운반·소비·거래 중 한 경로에 재고를 배정해 다른 사용처를 늦춘다","비교 후보(대체 가능성 미검증): GenericItemDefinitionSO:facility-kit:0, GenericItemDefinitionSO:facility-kit:1, GenericItemDefinitionSO:facility-kit:10, GenericItemDefinitionSO:facility-kit:1000, GenericItemDefinitionSO:facility-kit:1001, GenericItemDefinitionSO:facility-kit:1002, GenericItemDefinitionSO:facility-kit:1003, GenericItemDefinitionSO:facility-kit:1004, GenericItemDefinitionSO:facility-kit:1005, GenericItemDefinitionSO:facility-kit:1006, GenericItemDefinitionSO:facility-kit:1007, GenericItemDefinitionSO:facility-kit:1008 외 364개","생성 또는 거래·재고 입고·운반·보관·장착 또는 소비와 하류 주문 기록","과잉 재고·운반·보관·수리 또는 사용 시점 지연이 압력이 된다","실제 비교 후보·교역·재활용·수리·배급 조정 중 원본 기능에 맞는 경로로 재고 압력을 줄인다","설계 확정; 질량·가격·스택·부패·효과 수치는 source authority와 밸런스 기준서에서 별도 검증 OPEN"
"facility-kit:1021","정식침대 설치 키트","General (일반)","[{""rid"":7737211921623155119},{""rid"":7737211921623155120}]","해당 없음: GenericItemDefinitionSO","8","135","게임 내 역할은 시설 설치와 구성, 생산망의 입력·출력에 연결된다.","이 물자의 원본 기능을 위해 보관·운반·소비·거래 중 한 경로에 재고를 배정해 다른 사용처를 늦춘다","비교 후보(대체 가능성 미검증): GenericItemDefinitionSO:facility-kit:0, GenericItemDefinitionSO:facility-kit:1, GenericItemDefinitionSO:facility-kit:10, GenericItemDefinitionSO:facility-kit:1000, GenericItemDefinitionSO:facility-kit:1001, GenericItemDefinitionSO:facility-kit:1002, GenericItemDefinitionSO:facility-kit:1003, GenericItemDefinitionSO:facility-kit:1004, GenericItemDefinitionSO:facility-kit:1005, GenericItemDefinitionSO:facility-kit:1006, GenericItemDefinitionSO:facility-kit:1007, GenericItemDefinitionSO:facility-kit:1008 외 364개","생성 또는 거래·재고 입고·운반·보관·장착 또는 소비와 하류 주문 기록","과잉 재고·운반·보관·수리 또는 사용 시점 지연이 압력이 된다","실제 비교 후보·교역·재활용·수리·배급 조정 중 원본 기능에 맞는 경로로 재고 압력을 줄인다","설계 확정; 질량·가격·스택·부패·효과 수치는 source authority와 밸런스 기준서에서 별도 검증 OPEN"
"facility-kit:1022","이층침대 설치 키트","General (일반)","[{""rid"":7737211921623155121},{""rid"":7737211921623155122}]","해당 없음: GenericItemDefinitionSO","8","135","게임 내 역할은 시설 설치와 구성, 생산망의 입력·출력에 연결된다.","이 물자의 원본 기능을 위해 보관·운반·소비·거래 중 한 경로에 재고를 배정해 다른 사용처를 늦춘다","비교 후보(대체 가능성 미검증): GenericItemDefinitionSO:facility-kit:0, GenericItemDefinitionSO:facility-kit:1, GenericItemDefinitionSO:facility-kit:10, GenericItemDefinitionSO:facility-kit:1000, GenericItemDefinitionSO:facility-kit:1001, GenericItemDefinitionSO:facility-kit:1002, GenericItemDefinitionSO:facility-kit:1003, GenericItemDefinitionSO:facility-kit:1004, GenericItemDefinitionSO:facility-kit:1005, GenericItemDefinitionSO:facility-kit:1006, GenericItemDefinitionSO:facility-kit:1007, GenericItemDefinitionSO:facility-kit:1008 외 364개","생성 또는 거래·재고 입고·운반·보관·장착 또는 소비와 하류 주문 기록","과잉 재고·운반·보관·수리 또는 사용 시점 지연이 압력이 된다","실제 비교 후보·교역·재활용·수리·배급 조정 중 원본 기능에 맞는 경로로 재고 압력을 줄인다","설계 확정; 질량·가격·스택·부패·효과 수치는 source authority와 밸런스 기준서에서 별도 검증 OPEN"
"facility-kit:1023","휴식용소파 설치 키트","General (일반)","[{""rid"":7737211921623155123},{""rid"":7737211921623155124}]","해당 없음: GenericItemDefinitionSO","8","110","게임 내 역할은 시설 설치와 구성, 생산망의 입력·출력에 연결된다.","이 물자의 원본 기능을 위해 보관·운반·소비·거래 중 한 경로에 재고를 배정해 다른 사용처를 늦춘다","비교 후보(대체 가능성 미검증): GenericItemDefinitionSO:facility-kit:0, GenericItemDefinitionSO:facility-kit:1, GenericItemDefinitionSO:facility-kit:10, GenericItemDefinitionSO:facility-kit:1000, GenericItemDefinitionSO:facility-kit:1001, GenericItemDefinitionSO:facility-kit:1002, GenericItemDefinitionSO:facility-kit:1003, GenericItemDefinitionSO:facility-kit:1004, GenericItemDefinitionSO:facility-kit:1005, GenericItemDefinitionSO:facility-kit:1006, GenericItemDefinitionSO:facility-kit:1007, GenericItemDefinitionSO:facility-kit:1008 외 364개","생성 또는 거래·재고 입고·운반·보관·장착 또는 소비와 하류 주문 기록","과잉 재고·운반·보관·수리 또는 사용 시점 지연이 압력이 된다","실제 비교 후보·교역·재활용·수리·배급 조정 중 원본 기능에 맞는 경로로 재고 압력을 줄인다","설계 확정; 질량·가격·스택·부패·효과 수치는 source authority와 밸런스 기준서에서 별도 검증 OPEN"
"facility-kit:1024","협탁 설치 키트","General (일반)","[{""rid"":7737211921623155125},{""rid"":7737211921623155126}]","해당 없음: GenericItemDefinitionSO","8","85","게임 내 역할은 시설 설치와 구성, 생산망의 입력·출력에 연결된다.","이 물자의 원본 기능을 위해 보관·운반·소비·거래 중 한 경로에 재고를 배정해 다른 사용처를 늦춘다","비교 후보(대체 가능성 미검증): GenericItemDefinitionSO:facility-kit:0, GenericItemDefinitionSO:facility-kit:1, GenericItemDefinitionSO:facility-kit:10, GenericItemDefinitionSO:facility-kit:1000, GenericItemDefinitionSO:facility-kit:1001, GenericItemDefinitionSO:facility-kit:1002, GenericItemDefinitionSO:facility-kit:1003, GenericItemDefinitionSO:facility-kit:1004, GenericItemDefinitionSO:facility-kit:1005, GenericItemDefinitionSO:facility-kit:1006, GenericItemDefinitionSO:facility-kit:1007, GenericItemDefinitionSO:facility-kit:1008 외 364개","생성 또는 거래·재고 입고·운반·보관·장착 또는 소비와 하류 주문 기록","과잉 재고·운반·보관·수리 또는 사용 시점 지연이 압력이 된다","실제 비교 후보·교역·재활용·수리·배급 조정 중 원본 기능에 맞는 경로로 재고 압력을 줄인다","설계 확정; 질량·가격·스택·부패·효과 수치는 source authority와 밸런스 기준서에서 별도 검증 OPEN"
"facility-kit:1025","옷장 설치 키트","General (일반)","[{""rid"":7737211921623155127},{""rid"":7737211921623155128}]","해당 없음: GenericItemDefinitionSO","8","85","게임 내 역할은 시설 설치와 구성, 생산망의 입력·출력에 연결된다.","이 물자의 원본 기능을 위해 보관·운반·소비·거래 중 한 경로에 재고를 배정해 다른 사용처를 늦춘다","비교 후보(대체 가능성 미검증): GenericItemDefinitionSO:facility-kit:0, GenericItemDefinitionSO:facility-kit:1, GenericItemDefinitionSO:facility-kit:10, GenericItemDefinitionSO:facility-kit:1000, GenericItemDefinitionSO:facility-kit:1001, GenericItemDefinitionSO:facility-kit:1002, GenericItemDefinitionSO:facility-kit:1003, GenericItemDefinitionSO:facility-kit:1004, GenericItemDefinitionSO:facility-kit:1005, GenericItemDefinitionSO:facility-kit:1006, GenericItemDefinitionSO:facility-kit:1007, GenericItemDefinitionSO:facility-kit:1008 외 364개","생성 또는 거래·재고 입고·운반·보관·장착 또는 소비와 하류 주문 기록","과잉 재고·운반·보관·수리 또는 사용 시점 지연이 압력이 된다","실제 비교 후보·교역·재활용·수리·배급 조정 중 원본 기능에 맞는 경로로 재고 압력을 줄인다","설계 확정; 질량·가격·스택·부패·효과 수치는 source authority와 밸런스 기준서에서 별도 검증 OPEN"
"facility-kit:1026","영주집무책상 설치 키트","General (일반)","[{""rid"":7737211921623155129},{""rid"":7737211921623155130}]","해당 없음: GenericItemDefinitionSO","8","110","게임 내 역할은 시설 설치와 구성, 생산망의 입력·출력에 연결된다.","이 물자의 원본 기능을 위해 보관·운반·소비·거래 중 한 경로에 재고를 배정해 다른 사용처를 늦춘다","비교 후보(대체 가능성 미검증): GenericItemDefinitionSO:facility-kit:0, GenericItemDefinitionSO:facility-kit:1, GenericItemDefinitionSO:facility-kit:10, GenericItemDefinitionSO:facility-kit:1000, GenericItemDefinitionSO:facility-kit:1001, GenericItemDefinitionSO:facility-kit:1002, GenericItemDefinitionSO:facility-kit:1003, GenericItemDefinitionSO:facility-kit:1004, GenericItemDefinitionSO:facility-kit:1005, GenericItemDefinitionSO:facility-kit:1006, GenericItemDefinitionSO:facility-kit:1007, GenericItemDefinitionSO:facility-kit:1008 외 364개","생성 또는 거래·재고 입고·운반·보관·장착 또는 소비와 하류 주문 기록","과잉 재고·운반·보관·수리 또는 사용 시점 지연이 압력이 된다","실제 비교 후보·교역·재활용·수리·배급 조정 중 원본 기능에 맞는 경로로 재고 압력을 줄인다","설계 확정; 질량·가격·스택·부패·효과 수치는 source authority와 밸런스 기준서에서 별도 검증 OPEN"
"facility-kit:1027","지휘의자 설치 키트","General (일반)","[{""rid"":7737211921623155131},{""rid"":7737211921623155132}]","해당 없음: GenericItemDefinitionSO","8","60","게임 내 역할은 시설 설치와 구성, 생산망의 입력·출력에 연결된다.","이 물자의 원본 기능을 위해 보관·운반·소비·거래 중 한 경로에 재고를 배정해 다른 사용처를 늦춘다","비교 후보(대체 가능성 미검증): GenericItemDefinitionSO:facility-kit:0, GenericItemDefinitionSO:facility-kit:1, GenericItemDefinitionSO:facility-kit:10, GenericItemDefinitionSO:facility-kit:1000, GenericItemDefinitionSO:facility-kit:1001, GenericItemDefinitionSO:facility-kit:1002, GenericItemDefinitionSO:facility-kit:1003, GenericItemDefinitionSO:facility-kit:1004, GenericItemDefinitionSO:facility-kit:1005, GenericItemDefinitionSO:facility-kit:1006, GenericItemDefinitionSO:facility-kit:1007, GenericItemDefinitionSO:facility-kit:1008 외 364개","생성 또는 거래·재고 입고·운반·보관·장착 또는 소비와 하류 주문 기록","과잉 재고·운반·보관·수리 또는 사용 시점 지연이 압력이 된다","실제 비교 후보·교역·재활용·수리·배급 조정 중 원본 기능에 맞는 경로로 재고 압력을 줄인다","설계 확정; 질량·가격·스택·부패·효과 수치는 source authority와 밸런스 기준서에서 별도 검증 OPEN"
"facility-kit:1028","개인보관함 설치 키트","General (일반)","[{""rid"":7737211921623155133},{""rid"":7737211921623155134}]","해당 없음: GenericItemDefinitionSO","8","60","게임 내 역할은 시설 설치와 구성, 생산망의 입력·출력에 연결된다.","이 물자의 원본 기능을 위해 보관·운반·소비·거래 중 한 경로에 재고를 배정해 다른 사용처를 늦춘다","비교 후보(대체 가능성 미검증): GenericItemDefinitionSO:facility-kit:0, GenericItemDefinitionSO:facility-kit:1, GenericItemDefinitionSO:facility-kit:10, GenericItemDefinitionSO:facility-kit:1000, GenericItemDefinitionSO:facility-kit:1001, GenericItemDefinitionSO:facility-kit:1002, GenericItemDefinitionSO:facility-kit:1003, GenericItemDefinitionSO:facility-kit:1004, GenericItemDefinitionSO:facility-kit:1005, GenericItemDefinitionSO:facility-kit:1006, GenericItemDefinitionSO:facility-kit:1007, GenericItemDefinitionSO:facility-kit:1008 외 364개","생성 또는 거래·재고 입고·운반·보관·장착 또는 소비와 하류 주문 기록","과잉 재고·운반·보관·수리 또는 사용 시점 지연이 압력이 된다","실제 비교 후보·교역·재활용·수리·배급 조정 중 원본 기능에 맞는 경로로 재고 압력을 줄인다","설계 확정; 질량·가격·스택·부패·효과 수치는 source authority와 밸런스 기준서에서 별도 검증 OPEN"
"facility-kit:1029","침실용책장 설치 키트","General (일반)","[{""rid"":7737211921623155135},{""rid"":7737211921623155136}]","해당 없음: GenericItemDefinitionSO","8","85","게임 내 역할은 시설 설치와 구성, 생산망의 입력·출력에 연결된다.","이 물자의 원본 기능을 위해 보관·운반·소비·거래 중 한 경로에 재고를 배정해 다른 사용처를 늦춘다","비교 후보(대체 가능성 미검증): GenericItemDefinitionSO:facility-kit:0, GenericItemDefinitionSO:facility-kit:1, GenericItemDefinitionSO:facility-kit:10, GenericItemDefinitionSO:facility-kit:1000, GenericItemDefinitionSO:facility-kit:1001, GenericItemDefinitionSO:facility-kit:1002, GenericItemDefinitionSO:facility-kit:1003, GenericItemDefinitionSO:facility-kit:1004, GenericItemDefinitionSO:facility-kit:1005, GenericItemDefinitionSO:facility-kit:1006, GenericItemDefinitionSO:facility-kit:1007, GenericItemDefinitionSO:facility-kit:1008 외 364개","생성 또는 거래·재고 입고·운반·보관·장착 또는 소비와 하류 주문 기록","과잉 재고·운반·보관·수리 또는 사용 시점 지연이 압력이 된다","실제 비교 후보·교역·재활용·수리·배급 조정 중 원본 기능에 맞는 경로로 재고 압력을 줄인다","설계 확정; 질량·가격·스택·부패·효과 수치는 source authority와 밸런스 기준서에서 별도 검증 OPEN"
"facility-kit:1030","연구책상 설치 키트","General (일반)","[{""rid"":7737211921623155137},{""rid"":7737211921623155138}]","해당 없음: GenericItemDefinitionSO","8","110","게임 내 역할은 시설 설치와 구성, 생산망의 입력·출력에 연결된다.","이 물자의 원본 기능을 위해 보관·운반·소비·거래 중 한 경로에 재고를 배정해 다른 사용처를 늦춘다","비교 후보(대체 가능성 미검증): GenericItemDefinitionSO:facility-kit:0, GenericItemDefinitionSO:facility-kit:1, GenericItemDefinitionSO:facility-kit:10, GenericItemDefinitionSO:facility-kit:1000, GenericItemDefinitionSO:facility-kit:1001, GenericItemDefinitionSO:facility-kit:1002, GenericItemDefinitionSO:facility-kit:1003, GenericItemDefinitionSO:facility-kit:1004, GenericItemDefinitionSO:facility-kit:1005, GenericItemDefinitionSO:facility-kit:1006, GenericItemDefinitionSO:facility-kit:1007, GenericItemDefinitionSO:facility-kit:1008 외 364개","생성 또는 거래·재고 입고·운반·보관·장착 또는 소비와 하류 주문 기록","과잉 재고·운반·보관·수리 또는 사용 시점 지연이 압력이 된다","실제 비교 후보·교역·재활용·수리·배급 조정 중 원본 기능에 맞는 경로로 재고 압력을 줄인다","설계 확정; 질량·가격·스택·부패·효과 수치는 source authority와 밸런스 기준서에서 별도 검증 OPEN"
"facility-kit:1031","연금술작업대 설치 키트","General (일반)","[{""rid"":7737211921623155139},{""rid"":7737211921623155140}]","해당 없음: GenericItemDefinitionSO","8","110","게임 내 역할은 시설 설치와 구성, 생산망의 입력·출력에 연결된다.","이 물자의 원본 기능을 위해 보관·운반·소비·거래 중 한 경로에 재고를 배정해 다른 사용처를 늦춘다","비교 후보(대체 가능성 미검증): GenericItemDefinitionSO:facility-kit:0, GenericItemDefinitionSO:facility-kit:1, GenericItemDefinitionSO:facility-kit:10, GenericItemDefinitionSO:facility-kit:1000, GenericItemDefinitionSO:facility-kit:1001, GenericItemDefinitionSO:facility-kit:1002, GenericItemDefinitionSO:facility-kit:1003, GenericItemDefinitionSO:facility-kit:1004, GenericItemDefinitionSO:facility-kit:1005, GenericItemDefinitionSO:facility-kit:1006, GenericItemDefinitionSO:facility-kit:1007, GenericItemDefinitionSO:facility-kit:1008 외 364개","생성 또는 거래·재고 입고·운반·보관·장착 또는 소비와 하류 주문 기록","과잉 재고·운반·보관·수리 또는 사용 시점 지연이 압력이 된다","실제 비교 후보·교역·재활용·수리·배급 조정 중 원본 기능에 맞는 경로로 재고 압력을 줄인다","설계 확정; 질량·가격·스택·부패·효과 수치는 source authority와 밸런스 기준서에서 별도 검증 OPEN"
"facility-kit:1032","연구용책장 설치 키트","General (일반)","[{""rid"":7737211921623155141},{""rid"":7737211921623155142}]","해당 없음: GenericItemDefinitionSO","8","60","게임 내 역할은 시설 설치와 구성, 생산망의 입력·출력에 연결된다.","이 물자의 원본 기능을 위해 보관·운반·소비·거래 중 한 경로에 재고를 배정해 다른 사용처를 늦춘다","비교 후보(대체 가능성 미검증): GenericItemDefinitionSO:facility-kit:0, GenericItemDefinitionSO:facility-kit:1, GenericItemDefinitionSO:facility-kit:10, GenericItemDefinitionSO:facility-kit:1000, GenericItemDefinitionSO:facility-kit:1001, GenericItemDefinitionSO:facility-kit:1002, GenericItemDefinitionSO:facility-kit:1003, GenericItemDefinitionSO:facility-kit:1004, GenericItemDefinitionSO:facility-kit:1005, GenericItemDefinitionSO:facility-kit:1006, GenericItemDefinitionSO:facility-kit:1007, GenericItemDefinitionSO:facility-kit:1008 외 364개","생성 또는 거래·재고 입고·운반·보관·장착 또는 소비와 하류 주문 기록","과잉 재고·운반·보관·수리 또는 사용 시점 지연이 압력이 된다","실제 비교 후보·교역·재활용·수리·배급 조정 중 원본 기능에 맞는 경로로 재고 압력을 줄인다","설계 확정; 질량·가격·스택·부패·효과 수치는 source authority와 밸런스 기준서에서 별도 검증 OPEN"
"facility-kit:1033","시약선반 설치 키트","General (일반)","[{""rid"":7737211921623155143},{""rid"":7737211921623155144}]","해당 없음: GenericItemDefinitionSO","8","60","게임 내 역할은 시설 설치와 구성, 생산망의 입력·출력에 연결된다.","이 물자의 원본 기능을 위해 보관·운반·소비·거래 중 한 경로에 재고를 배정해 다른 사용처를 늦춘다","비교 후보(대체 가능성 미검증): GenericItemDefinitionSO:facility-kit:0, GenericItemDefinitionSO:facility-kit:1, GenericItemDefinitionSO:facility-kit:10, GenericItemDefinitionSO:facility-kit:1000, GenericItemDefinitionSO:facility-kit:1001, GenericItemDefinitionSO:facility-kit:1002, GenericItemDefinitionSO:facility-kit:1003, GenericItemDefinitionSO:facility-kit:1004, GenericItemDefinitionSO:facility-kit:1005, GenericItemDefinitionSO:facility-kit:1006, GenericItemDefinitionSO:facility-kit:1007, GenericItemDefinitionSO:facility-kit:1008 외 364개","생성 또는 거래·재고 입고·운반·보관·장착 또는 소비와 하류 주문 기록","과잉 재고·운반·보관·수리 또는 사용 시점 지연이 압력이 된다","실제 비교 후보·교역·재활용·수리·배급 조정 중 원본 기능에 맞는 경로로 재고 압력을 줄인다","설계 확정; 질량·가격·스택·부패·효과 수치는 source authority와 밸런스 기준서에서 별도 검증 OPEN"
"facility-kit:1034","표본보관장 설치 키트","General (일반)","[{""rid"":7737211921623155145},{""rid"":7737211921623155146}]","해당 없음: GenericItemDefinitionSO","8","85","게임 내 역할은 시설 설치와 구성, 생산망의 입력·출력에 연결된다.","이 물자의 원본 기능을 위해 보관·운반·소비·거래 중 한 경로에 재고를 배정해 다른 사용처를 늦춘다","비교 후보(대체 가능성 미검증): GenericItemDefinitionSO:facility-kit:0, GenericItemDefinitionSO:facility-kit:1, GenericItemDefinitionSO:facility-kit:10, GenericItemDefinitionSO:facility-kit:1000, GenericItemDefinitionSO:facility-kit:1001, GenericItemDefinitionSO:facility-kit:1002, GenericItemDefinitionSO:facility-kit:1003, GenericItemDefinitionSO:facility-kit:1004, GenericItemDefinitionSO:facility-kit:1005, GenericItemDefinitionSO:facility-kit:1006, GenericItemDefinitionSO:facility-kit:1007, GenericItemDefinitionSO:facility-kit:1008 외 364개","생성 또는 거래·재고 입고·운반·보관·장착 또는 소비와 하류 주문 기록","과잉 재고·운반·보관·수리 또는 사용 시점 지연이 압력이 된다","실제 비교 후보·교역·재활용·수리·배급 조정 중 원본 기능에 맞는 경로로 재고 압력을 줄인다","설계 확정; 질량·가격·스택·부패·효과 수치는 source authority와 밸런스 기준서에서 별도 검증 OPEN"
"facility-kit:1035","설계판 설치 키트","General (일반)","[{""rid"":7737211921623155147},{""rid"":7737211921623155148}]","해당 없음: GenericItemDefinitionSO","8","85","게임 내 역할은 시설 설치와 구성, 생산망의 입력·출력에 연결된다.","이 물자의 원본 기능을 위해 보관·운반·소비·거래 중 한 경로에 재고를 배정해 다른 사용처를 늦춘다","비교 후보(대체 가능성 미검증): GenericItemDefinitionSO:facility-kit:0, GenericItemDefinitionSO:facility-kit:1, GenericItemDefinitionSO:facility-kit:10, GenericItemDefinitionSO:facility-kit:1000, GenericItemDefinitionSO:facility-kit:1001, GenericItemDefinitionSO:facility-kit:1002, GenericItemDefinitionSO:facility-kit:1003, GenericItemDefinitionSO:facility-kit:1004, GenericItemDefinitionSO:facility-kit:1005, GenericItemDefinitionSO:facility-kit:1006, GenericItemDefinitionSO:facility-kit:1007, GenericItemDefinitionSO:facility-kit:1008 외 364개","생성 또는 거래·재고 입고·운반·보관·장착 또는 소비와 하류 주문 기록","과잉 재고·운반·보관·수리 또는 사용 시점 지연이 압력이 된다","실제 비교 후보·교역·재활용·수리·배급 조정 중 원본 기능에 맞는 경로로 재고 압력을 줄인다","설계 확정; 질량·가격·스택·부패·효과 수치는 source authority와 밸런스 기준서에서 별도 검증 OPEN"
"facility-kit:1036","마력수정선반 설치 키트","General (일반)","[{""rid"":7737211921623155149},{""rid"":7737211921623155150}]","해당 없음: GenericItemDefinitionSO","8","95","게임 내 역할은 시설 설치와 구성, 생산망의 입력·출력에 연결된다.","이 물자의 원본 기능을 위해 보관·운반·소비·거래 중 한 경로에 재고를 배정해 다른 사용처를 늦춘다","비교 후보(대체 가능성 미검증): GenericItemDefinitionSO:facility-kit:0, GenericItemDefinitionSO:facility-kit:1, GenericItemDefinitionSO:facility-kit:10, GenericItemDefinitionSO:facility-kit:1000, GenericItemDefinitionSO:facility-kit:1001, GenericItemDefinitionSO:facility-kit:1002, GenericItemDefinitionSO:facility-kit:1003, GenericItemDefinitionSO:facility-kit:1004, GenericItemDefinitionSO:facility-kit:1005, GenericItemDefinitionSO:facility-kit:1006, GenericItemDefinitionSO:facility-kit:1007, GenericItemDefinitionSO:facility-kit:1008 외 364개","생성 또는 거래·재고 입고·운반·보관·장착 또는 소비와 하류 주문 기록","과잉 재고·운반·보관·수리 또는 사용 시점 지연이 압력이 된다","실제 비교 후보·교역·재활용·수리·배급 조정 중 원본 기능에 맞는 경로로 재고 압력을 줄인다","설계 확정; 질량·가격·스택·부패·효과 수치는 source authority와 밸런스 기준서에서 별도 검증 OPEN"
"facility-kit:1037","마력저장조 설치 키트","General (일반)","[{""rid"":7737211921623155151},{""rid"":7737211921623155152}]","해당 없음: GenericItemDefinitionSO","8","110","게임 내 역할은 시설 설치와 구성, 생산망의 입력·출력에 연결된다.","이 물자의 원본 기능을 위해 보관·운반·소비·거래 중 한 경로에 재고를 배정해 다른 사용처를 늦춘다","비교 후보(대체 가능성 미검증): GenericItemDefinitionSO:facility-kit:0, GenericItemDefinitionSO:facility-kit:1, GenericItemDefinitionSO:facility-kit:10, GenericItemDefinitionSO:facility-kit:1000, GenericItemDefinitionSO:facility-kit:1001, GenericItemDefinitionSO:facility-kit:1002, GenericItemDefinitionSO:facility-kit:1003, GenericItemDefinitionSO:facility-kit:1004, GenericItemDefinitionSO:facility-kit:1005, GenericItemDefinitionSO:facility-kit:1006, GenericItemDefinitionSO:facility-kit:1007, GenericItemDefinitionSO:facility-kit:1008 외 364개","생성 또는 거래·재고 입고·운반·보관·장착 또는 소비와 하류 주문 기록","과잉 재고·운반·보관·수리 또는 사용 시점 지연이 압력이 된다","실제 비교 후보·교역·재활용·수리·배급 조정 중 원본 기능에 맞는 경로로 재고 압력을 줄인다","설계 확정; 질량·가격·스택·부패·효과 수치는 source authority와 밸런스 기준서에서 별도 검증 OPEN"
"facility-kit:1038","룬안정기 설치 키트","General (일반)","[{""rid"":7737211921623155153},{""rid"":7737211921623155154}]","해당 없음: GenericItemDefinitionSO","8","60","게임 내 역할은 시설 설치와 구성, 생산망의 입력·출력에 연결된다.","이 물자의 원본 기능을 위해 보관·운반·소비·거래 중 한 경로에 재고를 배정해 다른 사용처를 늦춘다","비교 후보(대체 가능성 미검증): GenericItemDefinitionSO:facility-kit:0, GenericItemDefinitionSO:facility-kit:1, GenericItemDefinitionSO:facility-kit:10, GenericItemDefinitionSO:facility-kit:1000, GenericItemDefinitionSO:facility-kit:1001, GenericItemDefinitionSO:facility-kit:1002, GenericItemDefinitionSO:facility-kit:1003, GenericItemDefinitionSO:facility-kit:1004, GenericItemDefinitionSO:facility-kit:1005, GenericItemDefinitionSO:facility-kit:1006, GenericItemDefinitionSO:facility-kit:1007, GenericItemDefinitionSO:facility-kit:1008 외 364개","생성 또는 거래·재고 입고·운반·보관·장착 또는 소비와 하류 주문 기록","과잉 재고·운반·보관·수리 또는 사용 시점 지연이 압력이 된다","실제 비교 후보·교역·재활용·수리·배급 조정 중 원본 기능에 맞는 경로로 재고 압력을 줄인다","설계 확정; 질량·가격·스택·부패·효과 수치는 source authority와 밸런스 기준서에서 별도 검증 OPEN"
"facility-kit:1039","의식초점석 설치 키트","General (일반)","[{""rid"":7737211921623155155},{""rid"":7737211921623155156}]","해당 없음: GenericItemDefinitionSO","8","120","게임 내 역할은 시설 설치와 구성, 생산망의 입력·출력에 연결된다.","이 물자의 원본 기능을 위해 보관·운반·소비·거래 중 한 경로에 재고를 배정해 다른 사용처를 늦춘다","비교 후보(대체 가능성 미검증): GenericItemDefinitionSO:facility-kit:0, GenericItemDefinitionSO:facility-kit:1, GenericItemDefinitionSO:facility-kit:10, GenericItemDefinitionSO:facility-kit:1000, GenericItemDefinitionSO:facility-kit:1001, GenericItemDefinitionSO:facility-kit:1002, GenericItemDefinitionSO:facility-kit:1003, GenericItemDefinitionSO:facility-kit:1004, GenericItemDefinitionSO:facility-kit:1005, GenericItemDefinitionSO:facility-kit:1006, GenericItemDefinitionSO:facility-kit:1007, GenericItemDefinitionSO:facility-kit:1008 외 364개","생성 또는 거래·재고 입고·운반·보관·장착 또는 소비와 하류 주문 기록","과잉 재고·운반·보관·수리 또는 사용 시점 지연이 압력이 된다","실제 비교 후보·교역·재활용·수리·배급 조정 중 원본 기능에 맞는 경로로 재고 압력을 줄인다","설계 확정; 질량·가격·스택·부패·효과 수치는 source authority와 밸런스 기준서에서 별도 검증 OPEN"
"facility-kit:1040","훈련허수아비 설치 키트","General (일반)","[{""rid"":7737211921623155157},{""rid"":7737211921623155158}]","해당 없음: GenericItemDefinitionSO","8","95","게임 내 역할은 시설 설치와 구성, 생산망의 입력·출력에 연결된다.","이 물자의 원본 기능을 위해 보관·운반·소비·거래 중 한 경로에 재고를 배정해 다른 사용처를 늦춘다","비교 후보(대체 가능성 미검증): GenericItemDefinitionSO:facility-kit:0, GenericItemDefinitionSO:facility-kit:1, GenericItemDefinitionSO:facility-kit:10, GenericItemDefinitionSO:facility-kit:1000, GenericItemDefinitionSO:facility-kit:1001, GenericItemDefinitionSO:facility-kit:1002, GenericItemDefinitionSO:facility-kit:1003, GenericItemDefinitionSO:facility-kit:1004, GenericItemDefinitionSO:facility-kit:1005, GenericItemDefinitionSO:facility-kit:1006, GenericItemDefinitionSO:facility-kit:1007, GenericItemDefinitionSO:facility-kit:1008 외 364개","생성 또는 거래·재고 입고·운반·보관·장착 또는 소비와 하류 주문 기록","과잉 재고·운반·보관·수리 또는 사용 시점 지연이 압력이 된다","실제 비교 후보·교역·재활용·수리·배급 조정 중 원본 기능에 맞는 경로로 재고 압력을 줄인다","설계 확정; 질량·가격·스택·부패·효과 수치는 source authority와 밸런스 기준서에서 별도 검증 OPEN"
"facility-kit:1041","사격과녁 설치 키트","General (일반)","[{""rid"":7737211921623155159},{""rid"":7737211921623155160}]","해당 없음: GenericItemDefinitionSO","8","95","게임 내 역할은 시설 설치와 구성, 생산망의 입력·출력에 연결된다.","이 물자의 원본 기능을 위해 보관·운반·소비·거래 중 한 경로에 재고를 배정해 다른 사용처를 늦춘다","비교 후보(대체 가능성 미검증): GenericItemDefinitionSO:facility-kit:0, GenericItemDefinitionSO:facility-kit:1, GenericItemDefinitionSO:facility-kit:10, GenericItemDefinitionSO:facility-kit:1000, GenericItemDefinitionSO:facility-kit:1001, GenericItemDefinitionSO:facility-kit:1002, GenericItemDefinitionSO:facility-kit:1003, GenericItemDefinitionSO:facility-kit:1004, GenericItemDefinitionSO:facility-kit:1005, GenericItemDefinitionSO:facility-kit:1006, GenericItemDefinitionSO:facility-kit:1007, GenericItemDefinitionSO:facility-kit:1008 외 364개","생성 또는 거래·재고 입고·운반·보관·장착 또는 소비와 하류 주문 기록","과잉 재고·운반·보관·수리 또는 사용 시점 지연이 압력이 된다","실제 비교 후보·교역·재활용·수리·배급 조정 중 원본 기능에 맞는 경로로 재고 압력을 줄인다","설계 확정; 질량·가격·스택·부패·효과 수치는 source authority와 밸런스 기준서에서 별도 검증 OPEN"
"facility-kit:1042","중량훈련석 설치 키트","General (일반)","[{""rid"":7737211921623155161},{""rid"":7737211921623155162}]","해당 없음: GenericItemDefinitionSO","8","95","게임 내 역할은 시설 설치와 구성, 생산망의 입력·출력에 연결된다.","이 물자의 원본 기능을 위해 보관·운반·소비·거래 중 한 경로에 재고를 배정해 다른 사용처를 늦춘다","비교 후보(대체 가능성 미검증): GenericItemDefinitionSO:facility-kit:0, GenericItemDefinitionSO:facility-kit:1, GenericItemDefinitionSO:facility-kit:10, GenericItemDefinitionSO:facility-kit:1000, GenericItemDefinitionSO:facility-kit:1001, GenericItemDefinitionSO:facility-kit:1002, GenericItemDefinitionSO:facility-kit:1003, GenericItemDefinitionSO:facility-kit:1004, GenericItemDefinitionSO:facility-kit:1005, GenericItemDefinitionSO:facility-kit:1006, GenericItemDefinitionSO:facility-kit:1007, GenericItemDefinitionSO:facility-kit:1008 외 364개","생성 또는 거래·재고 입고·운반·보관·장착 또는 소비와 하류 주문 기록","과잉 재고·운반·보관·수리 또는 사용 시점 지연이 압력이 된다","실제 비교 후보·교역·재활용·수리·배급 조정 중 원본 기능에 맞는 경로로 재고 압력을 줄인다","설계 확정; 질량·가격·스택·부패·효과 수치는 source authority와 밸런스 기준서에서 별도 검증 OPEN"
"facility-kit:1043","대련매트 설치 키트","General (일반)","[{""rid"":7737211921623155163},{""rid"":7737211921623155164}]","해당 없음: GenericItemDefinitionSO","8","75","게임 내 역할은 시설 설치와 구성, 생산망의 입력·출력에 연결된다.","이 물자의 원본 기능을 위해 보관·운반·소비·거래 중 한 경로에 재고를 배정해 다른 사용처를 늦춘다","비교 후보(대체 가능성 미검증): GenericItemDefinitionSO:facility-kit:0, GenericItemDefinitionSO:facility-kit:1, GenericItemDefinitionSO:facility-kit:10, GenericItemDefinitionSO:facility-kit:1000, GenericItemDefinitionSO:facility-kit:1001, GenericItemDefinitionSO:facility-kit:1002, GenericItemDefinitionSO:facility-kit:1003, GenericItemDefinitionSO:facility-kit:1004, GenericItemDefinitionSO:facility-kit:1005, GenericItemDefinitionSO:facility-kit:1006, GenericItemDefinitionSO:facility-kit:1007, GenericItemDefinitionSO:facility-kit:1008 외 364개","생성 또는 거래·재고 입고·운반·보관·장착 또는 소비와 하류 주문 기록","과잉 재고·운반·보관·수리 또는 사용 시점 지연이 압력이 된다","실제 비교 후보·교역·재활용·수리·배급 조정 중 원본 기능에 맞는 경로로 재고 압력을 줄인다","설계 확정; 질량·가격·스택·부패·효과 수치는 source authority와 밸런스 기준서에서 별도 검증 OPEN"
"facility-kit:1044","경비초소책상 설치 키트","General (일반)","[{""rid"":7737211921623155165},{""rid"":7737211921623155166}]","해당 없음: GenericItemDefinitionSO","8","110","게임 내 역할은 시설 설치와 구성, 생산망의 입력·출력에 연결된다.","이 물자의 원본 기능을 위해 보관·운반·소비·거래 중 한 경로에 재고를 배정해 다른 사용처를 늦춘다","비교 후보(대체 가능성 미검증): GenericItemDefinitionSO:facility-kit:0, GenericItemDefinitionSO:facility-kit:1, GenericItemDefinitionSO:facility-kit:10, GenericItemDefinitionSO:facility-kit:1000, GenericItemDefinitionSO:facility-kit:1001, GenericItemDefinitionSO:facility-kit:1002, GenericItemDefinitionSO:facility-kit:1003, GenericItemDefinitionSO:facility-kit:1004, GenericItemDefinitionSO:facility-kit:1005, GenericItemDefinitionSO:facility-kit:1006, GenericItemDefinitionSO:facility-kit:1007, GenericItemDefinitionSO:facility-kit:1008 외 364개","생성 또는 거래·재고 입고·운반·보관·장착 또는 소비와 하류 주문 기록","과잉 재고·운반·보관·수리 또는 사용 시점 지연이 압력이 된다","실제 비교 후보·교역·재활용·수리·배급 조정 중 원본 기능에 맞는 경로로 재고 압력을 줄인다","설계 확정; 질량·가격·스택·부패·효과 수치는 source authority와 밸런스 기준서에서 별도 검증 OPEN"
"facility-kit:1045","경보종 설치 키트","General (일반)","[{""rid"":7737211921623155167},{""rid"":7737211921623155168}]","해당 없음: GenericItemDefinitionSO","8","95","게임 내 역할은 시설 설치와 구성, 생산망의 입력·출력에 연결된다.","이 물자의 원본 기능을 위해 보관·운반·소비·거래 중 한 경로에 재고를 배정해 다른 사용처를 늦춘다","비교 후보(대체 가능성 미검증): GenericItemDefinitionSO:facility-kit:0, GenericItemDefinitionSO:facility-kit:1, GenericItemDefinitionSO:facility-kit:10, GenericItemDefinitionSO:facility-kit:1000, GenericItemDefinitionSO:facility-kit:1001, GenericItemDefinitionSO:facility-kit:1002, GenericItemDefinitionSO:facility-kit:1003, GenericItemDefinitionSO:facility-kit:1004, GenericItemDefinitionSO:facility-kit:1005, GenericItemDefinitionSO:facility-kit:1006, GenericItemDefinitionSO:facility-kit:1007, GenericItemDefinitionSO:facility-kit:1008 외 364개","생성 또는 거래·재고 입고·운반·보관·장착 또는 소비와 하류 주문 기록","과잉 재고·운반·보관·수리 또는 사용 시점 지연이 압력이 된다","실제 비교 후보·교역·재활용·수리·배급 조정 중 원본 기능에 맞는 경로로 재고 압력을 줄인다","설계 확정; 질량·가격·스택·부패·효과 수치는 source authority와 밸런스 기준서에서 별도 검증 OPEN"
"facility-kit:1046","순찰상황판 설치 키트","General (일반)","[{""rid"":7737211921623155169},{""rid"":7737211921623155170}]","해당 없음: GenericItemDefinitionSO","8","85","게임 내 역할은 시설 설치와 구성, 생산망의 입력·출력에 연결된다.","이 물자의 원본 기능을 위해 보관·운반·소비·거래 중 한 경로에 재고를 배정해 다른 사용처를 늦춘다","비교 후보(대체 가능성 미검증): GenericItemDefinitionSO:facility-kit:0, GenericItemDefinitionSO:facility-kit:1, GenericItemDefinitionSO:facility-kit:10, GenericItemDefinitionSO:facility-kit:1000, GenericItemDefinitionSO:facility-kit:1001, GenericItemDefinitionSO:facility-kit:1002, GenericItemDefinitionSO:facility-kit:1003, GenericItemDefinitionSO:facility-kit:1004, GenericItemDefinitionSO:facility-kit:1005, GenericItemDefinitionSO:facility-kit:1006, GenericItemDefinitionSO:facility-kit:1007, GenericItemDefinitionSO:facility-kit:1008 외 364개","생성 또는 거래·재고 입고·운반·보관·장착 또는 소비와 하류 주문 기록","과잉 재고·운반·보관·수리 또는 사용 시점 지연이 압력이 된다","실제 비교 후보·교역·재활용·수리·배급 조정 중 원본 기능에 맞는 경로로 재고 압력을 줄인다","설계 확정; 질량·가격·스택·부패·효과 수치는 source authority와 밸런스 기준서에서 별도 검증 OPEN"
"facility-kit:1047","전술지도탁자 설치 키트","General (일반)","[{""rid"":7737211921623155171},{""rid"":7737211921623155172}]","해당 없음: GenericItemDefinitionSO","8","135","게임 내 역할은 시설 설치와 구성, 생산망의 입력·출력에 연결된다.","이 물자의 원본 기능을 위해 보관·운반·소비·거래 중 한 경로에 재고를 배정해 다른 사용처를 늦춘다","비교 후보(대체 가능성 미검증): GenericItemDefinitionSO:facility-kit:0, GenericItemDefinitionSO:facility-kit:1, GenericItemDefinitionSO:facility-kit:10, GenericItemDefinitionSO:facility-kit:1000, GenericItemDefinitionSO:facility-kit:1001, GenericItemDefinitionSO:facility-kit:1002, GenericItemDefinitionSO:facility-kit:1003, GenericItemDefinitionSO:facility-kit:1004, GenericItemDefinitionSO:facility-kit:1005, GenericItemDefinitionSO:facility-kit:1006, GenericItemDefinitionSO:facility-kit:1007, GenericItemDefinitionSO:facility-kit:1008 외 364개","생성 또는 거래·재고 입고·운반·보관·장착 또는 소비와 하류 주문 기록","과잉 재고·운반·보관·수리 또는 사용 시점 지연이 압력이 된다","실제 비교 후보·교역·재활용·수리·배급 조정 중 원본 기능에 맞는 경로로 재고 압력을 줄인다","설계 확정; 질량·가격·스택·부패·효과 수치는 source authority와 밸런스 기준서에서 별도 검증 OPEN"
"facility-kit:1048","전투깃발 설치 키트","General (일반)","[{""rid"":7737211921623155173},{""rid"":7737211921623155174}]","해당 없음: GenericItemDefinitionSO","8","85","게임 내 역할은 시설 설치와 구성, 생산망의 입력·출력에 연결된다.","이 물자의 원본 기능을 위해 보관·운반·소비·거래 중 한 경로에 재고를 배정해 다른 사용처를 늦춘다","비교 후보(대체 가능성 미검증): GenericItemDefinitionSO:facility-kit:0, GenericItemDefinitionSO:facility-kit:1, GenericItemDefinitionSO:facility-kit:10, GenericItemDefinitionSO:facility-kit:1000, GenericItemDefinitionSO:facility-kit:1001, GenericItemDefinitionSO:facility-kit:1002, GenericItemDefinitionSO:facility-kit:1003, GenericItemDefinitionSO:facility-kit:1004, GenericItemDefinitionSO:facility-kit:1005, GenericItemDefinitionSO:facility-kit:1006, GenericItemDefinitionSO:facility-kit:1007, GenericItemDefinitionSO:facility-kit:1008 외 364개","생성 또는 거래·재고 입고·운반·보관·장착 또는 소비와 하류 주문 기록","과잉 재고·운반·보관·수리 또는 사용 시점 지연이 압력이 된다","실제 비교 후보·교역·재활용·수리·배급 조정 중 원본 기능에 맞는 경로로 재고 압력을 줄인다","설계 확정; 질량·가격·스택·부패·효과 수치는 source authority와 밸런스 기준서에서 별도 검증 OPEN"
"facility-kit:1049","전리품거치대 설치 키트","General (일반)","[{""rid"":7737211921623155175},{""rid"":7737211921623155176}]","해당 없음: GenericItemDefinitionSO","8","110","게임 내 역할은 시설 설치와 구성, 생산망의 입력·출력에 연결된다.","이 물자의 원본 기능을 위해 보관·운반·소비·거래 중 한 경로에 재고를 배정해 다른 사용처를 늦춘다","비교 후보(대체 가능성 미검증): GenericItemDefinitionSO:facility-kit:0, GenericItemDefinitionSO:facility-kit:1, GenericItemDefinitionSO:facility-kit:10, GenericItemDefinitionSO:facility-kit:1000, GenericItemDefinitionSO:facility-kit:1001, GenericItemDefinitionSO:facility-kit:1002, GenericItemDefinitionSO:facility-kit:1003, GenericItemDefinitionSO:facility-kit:1004, GenericItemDefinitionSO:facility-kit:1005, GenericItemDefinitionSO:facility-kit:1006, GenericItemDefinitionSO:facility-kit:1007, GenericItemDefinitionSO:facility-kit:1008 외 364개","생성 또는 거래·재고 입고·운반·보관·장착 또는 소비와 하류 주문 기록","과잉 재고·운반·보관·수리 또는 사용 시점 지연이 압력이 된다","실제 비교 후보·교역·재활용·수리·배급 조정 중 원본 기능에 맞는 경로로 재고 압력을 줄인다","설계 확정; 질량·가격·스택·부패·효과 수치는 source authority와 밸런스 기준서에서 별도 검증 OPEN"
"facility-kit:1050","대형보관선반 설치 키트","General (일반)","[{""rid"":7737211921623155177},{""rid"":7737211921623155178}]","해당 없음: GenericItemDefinitionSO","8","110","게임 내 역할은 시설 설치와 구성, 생산망의 입력·출력에 연결된다.","이 물자의 원본 기능을 위해 보관·운반·소비·거래 중 한 경로에 재고를 배정해 다른 사용처를 늦춘다","비교 후보(대체 가능성 미검증): GenericItemDefinitionSO:facility-kit:0, GenericItemDefinitionSO:facility-kit:1, GenericItemDefinitionSO:facility-kit:10, GenericItemDefinitionSO:facility-kit:1000, GenericItemDefinitionSO:facility-kit:1001, GenericItemDefinitionSO:facility-kit:1002, GenericItemDefinitionSO:facility-kit:1003, GenericItemDefinitionSO:facility-kit:1004, GenericItemDefinitionSO:facility-kit:1005, GenericItemDefinitionSO:facility-kit:1006, GenericItemDefinitionSO:facility-kit:1007, GenericItemDefinitionSO:facility-kit:1008 외 364개","생성 또는 거래·재고 입고·운반·보관·장착 또는 소비와 하류 주문 기록","과잉 재고·운반·보관·수리 또는 사용 시점 지연이 압력이 된다","실제 비교 후보·교역·재활용·수리·배급 조정 중 원본 기능에 맞는 경로로 재고 압력을 줄인다","설계 확정; 질량·가격·스택·부패·효과 수치는 source authority와 밸런스 기준서에서 별도 검증 OPEN"
"facility-kit:1051","상자더미 설치 키트","General (일반)","[{""rid"":7737211921623155179},{""rid"":7737211921623155180}]","해당 없음: GenericItemDefinitionSO","8","60","게임 내 역할은 시설 설치와 구성, 생산망의 입력·출력에 연결된다.","이 물자의 원본 기능을 위해 보관·운반·소비·거래 중 한 경로에 재고를 배정해 다른 사용처를 늦춘다","비교 후보(대체 가능성 미검증): GenericItemDefinitionSO:facility-kit:0, GenericItemDefinitionSO:facility-kit:1, GenericItemDefinitionSO:facility-kit:10, GenericItemDefinitionSO:facility-kit:1000, GenericItemDefinitionSO:facility-kit:1001, GenericItemDefinitionSO:facility-kit:1002, GenericItemDefinitionSO:facility-kit:1003, GenericItemDefinitionSO:facility-kit:1004, GenericItemDefinitionSO:facility-kit:1005, GenericItemDefinitionSO:facility-kit:1006, GenericItemDefinitionSO:facility-kit:1007, GenericItemDefinitionSO:facility-kit:1008 외 364개","생성 또는 거래·재고 입고·운반·보관·장착 또는 소비와 하류 주문 기록","과잉 재고·운반·보관·수리 또는 사용 시점 지연이 압력이 된다","실제 비교 후보·교역·재활용·수리·배급 조정 중 원본 기능에 맞는 경로로 재고 압력을 줄인다","설계 확정; 질량·가격·스택·부패·효과 수치는 source authority와 밸런스 기준서에서 별도 검증 OPEN"
"facility-kit:1052","통더미 설치 키트","General (일반)","[{""rid"":7737211921623155181},{""rid"":7737211921623155182}]","해당 없음: GenericItemDefinitionSO","8","60","게임 내 역할은 시설 설치와 구성, 생산망의 입력·출력에 연결된다.","이 물자의 원본 기능을 위해 보관·운반·소비·거래 중 한 경로에 재고를 배정해 다른 사용처를 늦춘다","비교 후보(대체 가능성 미검증): GenericItemDefinitionSO:facility-kit:0, GenericItemDefinitionSO:facility-kit:1, GenericItemDefinitionSO:facility-kit:10, GenericItemDefinitionSO:facility-kit:1000, GenericItemDefinitionSO:facility-kit:1001, GenericItemDefinitionSO:facility-kit:1002, GenericItemDefinitionSO:facility-kit:1003, GenericItemDefinitionSO:facility-kit:1004, GenericItemDefinitionSO:facility-kit:1005, GenericItemDefinitionSO:facility-kit:1006, GenericItemDefinitionSO:facility-kit:1007, GenericItemDefinitionSO:facility-kit:1008 외 364개","생성 또는 거래·재고 입고·운반·보관·장착 또는 소비와 하류 주문 기록","과잉 재고·운반·보관·수리 또는 사용 시점 지연이 압력이 된다","실제 비교 후보·교역·재활용·수리·배급 조정 중 원본 기능에 맞는 경로로 재고 압력을 줄인다","설계 확정; 질량·가격·스택·부패·효과 수치는 source authority와 밸런스 기준서에서 별도 검증 OPEN"
"facility-kit:1053","자루더미 설치 키트","General (일반)","[{""rid"":7737211921623155183},{""rid"":7737211921623155184}]","해당 없음: GenericItemDefinitionSO","8","60","게임 내 역할은 시설 설치와 구성, 생산망의 입력·출력에 연결된다.","이 물자의 원본 기능을 위해 보관·운반·소비·거래 중 한 경로에 재고를 배정해 다른 사용처를 늦춘다","비교 후보(대체 가능성 미검증): GenericItemDefinitionSO:facility-kit:0, GenericItemDefinitionSO:facility-kit:1, GenericItemDefinitionSO:facility-kit:10, GenericItemDefinitionSO:facility-kit:1000, GenericItemDefinitionSO:facility-kit:1001, GenericItemDefinitionSO:facility-kit:1002, GenericItemDefinitionSO:facility-kit:1003, GenericItemDefinitionSO:facility-kit:1004, GenericItemDefinitionSO:facility-kit:1005, GenericItemDefinitionSO:facility-kit:1006, GenericItemDefinitionSO:facility-kit:1007, GenericItemDefinitionSO:facility-kit:1008 외 364개","생성 또는 거래·재고 입고·운반·보관·장착 또는 소비와 하류 주문 기록","과잉 재고·운반·보관·수리 또는 사용 시점 지연이 압력이 된다","실제 비교 후보·교역·재활용·수리·배급 조정 중 원본 기능에 맞는 경로로 재고 압력을 줄인다","설계 확정; 질량·가격·스택·부패·효과 수치는 source authority와 밸런스 기준서에서 별도 검증 OPEN"
"facility-kit:1054","식재료저장함 설치 키트","General (일반)","[{""rid"":7737211921623155185},{""rid"":7737211921623155186}]","해당 없음: GenericItemDefinitionSO","8","85","게임 내 역할은 시설 설치와 구성, 생산망의 입력·출력에 연결된다.","이 물자의 원본 기능을 위해 보관·운반·소비·거래 중 한 경로에 재고를 배정해 다른 사용처를 늦춘다","비교 후보(대체 가능성 미검증): GenericItemDefinitionSO:facility-kit:0, GenericItemDefinitionSO:facility-kit:1, GenericItemDefinitionSO:facility-kit:10, GenericItemDefinitionSO:facility-kit:1000, GenericItemDefinitionSO:facility-kit:1001, GenericItemDefinitionSO:facility-kit:1002, GenericItemDefinitionSO:facility-kit:1003, GenericItemDefinitionSO:facility-kit:1004, GenericItemDefinitionSO:facility-kit:1005, GenericItemDefinitionSO:facility-kit:1006, GenericItemDefinitionSO:facility-kit:1007, GenericItemDefinitionSO:facility-kit:1008 외 364개","생성 또는 거래·재고 입고·운반·보관·장착 또는 소비와 하류 주문 기록","과잉 재고·운반·보관·수리 또는 사용 시점 지연이 압력이 된다","실제 비교 후보·교역·재활용·수리·배급 조정 중 원본 기능에 맞는 경로로 재고 압력을 줄인다","설계 확정; 질량·가격·스택·부패·효과 수치는 source authority와 밸런스 기준서에서 별도 검증 OPEN"
"facility-kit:1055","무기로커 설치 키트","General (일반)","[{""rid"":7737211921623155187},{""rid"":7737211921623155188}]","해당 없음: GenericItemDefinitionSO","8","85","게임 내 역할은 시설 설치와 구성, 생산망의 입력·출력에 연결된다.","이 물자의 원본 기능을 위해 보관·운반·소비·거래 중 한 경로에 재고를 배정해 다른 사용처를 늦춘다","비교 후보(대체 가능성 미검증): GenericItemDefinitionSO:facility-kit:0, GenericItemDefinitionSO:facility-kit:1, GenericItemDefinitionSO:facility-kit:10, GenericItemDefinitionSO:facility-kit:1000, GenericItemDefinitionSO:facility-kit:1001, GenericItemDefinitionSO:facility-kit:1002, GenericItemDefinitionSO:facility-kit:1003, GenericItemDefinitionSO:facility-kit:1004, GenericItemDefinitionSO:facility-kit:1005, GenericItemDefinitionSO:facility-kit:1006, GenericItemDefinitionSO:facility-kit:1007, GenericItemDefinitionSO:facility-kit:1008 외 364개","생성 또는 거래·재고 입고·운반·보관·장착 또는 소비와 하류 주문 기록","과잉 재고·운반·보관·수리 또는 사용 시점 지연이 압력이 된다","실제 비교 후보·교역·재활용·수리·배급 조정 중 원본 기능에 맞는 경로로 재고 압력을 줄인다","설계 확정; 질량·가격·스택·부패·효과 수치는 source authority와 밸런스 기준서에서 별도 검증 OPEN"
"facility-kit:1056","마력보관함 설치 키트","General (일반)","[{""rid"":7737211921623155189},{""rid"":7737211921623155190}]","해당 없음: GenericItemDefinitionSO","8","85","게임 내 역할은 시설 설치와 구성, 생산망의 입력·출력에 연결된다.","이 물자의 원본 기능을 위해 보관·운반·소비·거래 중 한 경로에 재고를 배정해 다른 사용처를 늦춘다","비교 후보(대체 가능성 미검증): GenericItemDefinitionSO:facility-kit:0, GenericItemDefinitionSO:facility-kit:1, GenericItemDefinitionSO:facility-kit:10, GenericItemDefinitionSO:facility-kit:1000, GenericItemDefinitionSO:facility-kit:1001, GenericItemDefinitionSO:facility-kit:1002, GenericItemDefinitionSO:facility-kit:1003, GenericItemDefinitionSO:facility-kit:1004, GenericItemDefinitionSO:facility-kit:1005, GenericItemDefinitionSO:facility-kit:1006, GenericItemDefinitionSO:facility-kit:1007, GenericItemDefinitionSO:facility-kit:1008 외 364개","생성 또는 거래·재고 입고·운반·보관·장착 또는 소비와 하류 주문 기록","과잉 재고·운반·보관·수리 또는 사용 시점 지연이 압력이 된다","실제 비교 후보·교역·재활용·수리·배급 조정 중 원본 기능에 맞는 경로로 재고 압력을 줄인다","설계 확정; 질량·가격·스택·부패·효과 수치는 source authority와 밸런스 기준서에서 별도 검증 OPEN"
"facility-kit:1057","변기 설치 키트","General (일반)","[{""rid"":7737211921623155191},{""rid"":7737211921623155192}]","해당 없음: GenericItemDefinitionSO","8","95","게임 내 역할은 시설 설치와 구성, 생산망의 입력·출력에 연결된다.","이 물자의 원본 기능을 위해 보관·운반·소비·거래 중 한 경로에 재고를 배정해 다른 사용처를 늦춘다","비교 후보(대체 가능성 미검증): GenericItemDefinitionSO:facility-kit:0, GenericItemDefinitionSO:facility-kit:1, GenericItemDefinitionSO:facility-kit:10, GenericItemDefinitionSO:facility-kit:1000, GenericItemDefinitionSO:facility-kit:1001, GenericItemDefinitionSO:facility-kit:1002, GenericItemDefinitionSO:facility-kit:1003, GenericItemDefinitionSO:facility-kit:1004, GenericItemDefinitionSO:facility-kit:1005, GenericItemDefinitionSO:facility-kit:1006, GenericItemDefinitionSO:facility-kit:1007, GenericItemDefinitionSO:facility-kit:1008 외 364개","생성 또는 거래·재고 입고·운반·보관·장착 또는 소비와 하류 주문 기록","과잉 재고·운반·보관·수리 또는 사용 시점 지연이 압력이 된다","실제 비교 후보·교역·재활용·수리·배급 조정 중 원본 기능에 맞는 경로로 재고 압력을 줄인다","설계 확정; 질량·가격·스택·부패·효과 수치는 source authority와 밸런스 기준서에서 별도 검증 OPEN"
"facility-kit:1058","화장실칸막이 설치 키트","General (일반)","[{""rid"":7737211921623155193},{""rid"":7737211921623155194}]","해당 없음: GenericItemDefinitionSO","8","60","게임 내 역할은 시설 설치와 구성, 생산망의 입력·출력에 연결된다.","이 물자의 원본 기능을 위해 보관·운반·소비·거래 중 한 경로에 재고를 배정해 다른 사용처를 늦춘다","비교 후보(대체 가능성 미검증): GenericItemDefinitionSO:facility-kit:0, GenericItemDefinitionSO:facility-kit:1, GenericItemDefinitionSO:facility-kit:10, GenericItemDefinitionSO:facility-kit:1000, GenericItemDefinitionSO:facility-kit:1001, GenericItemDefinitionSO:facility-kit:1002, GenericItemDefinitionSO:facility-kit:1003, GenericItemDefinitionSO:facility-kit:1004, GenericItemDefinitionSO:facility-kit:1005, GenericItemDefinitionSO:facility-kit:1006, GenericItemDefinitionSO:facility-kit:1007, GenericItemDefinitionSO:facility-kit:1008 외 364개","생성 또는 거래·재고 입고·운반·보관·장착 또는 소비와 하류 주문 기록","과잉 재고·운반·보관·수리 또는 사용 시점 지연이 압력이 된다","실제 비교 후보·교역·재활용·수리·배급 조정 중 원본 기능에 맞는 경로로 재고 압력을 줄인다","설계 확정; 질량·가격·스택·부패·효과 수치는 source authority와 밸런스 기준서에서 별도 검증 OPEN"
"facility-kit:1059","세면대 설치 키트","General (일반)","[{""rid"":7737211921623155195},{""rid"":7737211921623155196}]","해당 없음: GenericItemDefinitionSO","8","95","게임 내 역할은 시설 설치와 구성, 생산망의 입력·출력에 연결된다.","이 물자의 원본 기능을 위해 보관·운반·소비·거래 중 한 경로에 재고를 배정해 다른 사용처를 늦춘다","비교 후보(대체 가능성 미검증): GenericItemDefinitionSO:facility-kit:0, GenericItemDefinitionSO:facility-kit:1, GenericItemDefinitionSO:facility-kit:10, GenericItemDefinitionSO:facility-kit:1000, GenericItemDefinitionSO:facility-kit:1001, GenericItemDefinitionSO:facility-kit:1002, GenericItemDefinitionSO:facility-kit:1003, GenericItemDefinitionSO:facility-kit:1004, GenericItemDefinitionSO:facility-kit:1005, GenericItemDefinitionSO:facility-kit:1006, GenericItemDefinitionSO:facility-kit:1007, GenericItemDefinitionSO:facility-kit:1008 외 364개","생성 또는 거래·재고 입고·운반·보관·장착 또는 소비와 하류 주문 기록","과잉 재고·운반·보관·수리 또는 사용 시점 지연이 압력이 된다","실제 비교 후보·교역·재활용·수리·배급 조정 중 원본 기능에 맞는 경로로 재고 압력을 줄인다","설계 확정; 질량·가격·스택·부패·효과 수치는 source authority와 밸런스 기준서에서 별도 검증 OPEN"
"facility-kit:1060","목욕통 설치 키트","General (일반)","[{""rid"":7737211921623155197},{""rid"":7737211921623155198}]","해당 없음: GenericItemDefinitionSO","8","135","게임 내 역할은 시설 설치와 구성, 생산망의 입력·출력에 연결된다.","이 물자의 원본 기능을 위해 보관·운반·소비·거래 중 한 경로에 재고를 배정해 다른 사용처를 늦춘다","비교 후보(대체 가능성 미검증): GenericItemDefinitionSO:facility-kit:0, GenericItemDefinitionSO:facility-kit:1, GenericItemDefinitionSO:facility-kit:10, GenericItemDefinitionSO:facility-kit:1000, GenericItemDefinitionSO:facility-kit:1001, GenericItemDefinitionSO:facility-kit:1002, GenericItemDefinitionSO:facility-kit:1003, GenericItemDefinitionSO:facility-kit:1004, GenericItemDefinitionSO:facility-kit:1005, GenericItemDefinitionSO:facility-kit:1006, GenericItemDefinitionSO:facility-kit:1007, GenericItemDefinitionSO:facility-kit:1008 외 364개","생성 또는 거래·재고 입고·운반·보관·장착 또는 소비와 하류 주문 기록","과잉 재고·운반·보관·수리 또는 사용 시점 지연이 압력이 된다","실제 비교 후보·교역·재활용·수리·배급 조정 중 원본 기능에 맞는 경로로 재고 압력을 줄인다","설계 확정; 질량·가격·스택·부패·효과 수치는 source authority와 밸런스 기준서에서 별도 검증 OPEN"
"facility-kit:1061","수건걸이 설치 키트","General (일반)","[{""rid"":7737211921623155199},{""rid"":7737211921623155200}]","해당 없음: GenericItemDefinitionSO","8","60","게임 내 역할은 시설 설치와 구성, 생산망의 입력·출력에 연결된다.","이 물자의 원본 기능을 위해 보관·운반·소비·거래 중 한 경로에 재고를 배정해 다른 사용처를 늦춘다","비교 후보(대체 가능성 미검증): GenericItemDefinitionSO:facility-kit:0, GenericItemDefinitionSO:facility-kit:1, GenericItemDefinitionSO:facility-kit:10, GenericItemDefinitionSO:facility-kit:1000, GenericItemDefinitionSO:facility-kit:1001, GenericItemDefinitionSO:facility-kit:1002, GenericItemDefinitionSO:facility-kit:1003, GenericItemDefinitionSO:facility-kit:1004, GenericItemDefinitionSO:facility-kit:1005, GenericItemDefinitionSO:facility-kit:1006, GenericItemDefinitionSO:facility-kit:1007, GenericItemDefinitionSO:facility-kit:1008 외 364개","생성 또는 거래·재고 입고·운반·보관·장착 또는 소비와 하류 주문 기록","과잉 재고·운반·보관·수리 또는 사용 시점 지연이 압력이 된다","실제 비교 후보·교역·재활용·수리·배급 조정 중 원본 기능에 맞는 경로로 재고 압력을 줄인다","설계 확정; 질량·가격·스택·부패·효과 수치는 source authority와 밸런스 기준서에서 별도 검증 OPEN"
"facility-kit:1062","청소도구함 설치 키트","General (일반)","[{""rid"":7737211921623155201},{""rid"":7737211921623155202}]","해당 없음: GenericItemDefinitionSO","8","60","게임 내 역할은 시설 설치와 구성, 생산망의 입력·출력에 연결된다.","이 물자의 원본 기능을 위해 보관·운반·소비·거래 중 한 경로에 재고를 배정해 다른 사용처를 늦춘다","비교 후보(대체 가능성 미검증): GenericItemDefinitionSO:facility-kit:0, GenericItemDefinitionSO:facility-kit:1, GenericItemDefinitionSO:facility-kit:10, GenericItemDefinitionSO:facility-kit:1000, GenericItemDefinitionSO:facility-kit:1001, GenericItemDefinitionSO:facility-kit:1002, GenericItemDefinitionSO:facility-kit:1003, GenericItemDefinitionSO:facility-kit:1004, GenericItemDefinitionSO:facility-kit:1005, GenericItemDefinitionSO:facility-kit:1006, GenericItemDefinitionSO:facility-kit:1007, GenericItemDefinitionSO:facility-kit:1008 외 364개","생성 또는 거래·재고 입고·운반·보관·장착 또는 소비와 하류 주문 기록","과잉 재고·운반·보관·수리 또는 사용 시점 지연이 압력이 된다","실제 비교 후보·교역·재활용·수리·배급 조정 중 원본 기능에 맞는 경로로 재고 압력을 줄인다","설계 확정; 질량·가격·스택·부패·효과 수치는 source authority와 밸런스 기준서에서 별도 검증 OPEN"
"facility-kit:1063","바닥배수구 설치 키트","General (일반)","[{""rid"":7737211921623155203},{""rid"":7737211921623155204}]","해당 없음: GenericItemDefinitionSO","8","85","게임 내 역할은 시설 설치와 구성, 생산망의 입력·출력에 연결된다.","이 물자의 원본 기능을 위해 보관·운반·소비·거래 중 한 경로에 재고를 배정해 다른 사용처를 늦춘다","비교 후보(대체 가능성 미검증): GenericItemDefinitionSO:facility-kit:0, GenericItemDefinitionSO:facility-kit:1, GenericItemDefinitionSO:facility-kit:10, GenericItemDefinitionSO:facility-kit:1000, GenericItemDefinitionSO:facility-kit:1001, GenericItemDefinitionSO:facility-kit:1002, GenericItemDefinitionSO:facility-kit:1003, GenericItemDefinitionSO:facility-kit:1004, GenericItemDefinitionSO:facility-kit:1005, GenericItemDefinitionSO:facility-kit:1006, GenericItemDefinitionSO:facility-kit:1007, GenericItemDefinitionSO:facility-kit:1008 외 364개","생성 또는 거래·재고 입고·운반·보관·장착 또는 소비와 하류 주문 기록","과잉 재고·운반·보관·수리 또는 사용 시점 지연이 압력이 된다","실제 비교 후보·교역·재활용·수리·배급 조정 중 원본 기능에 맞는 경로로 재고 압력을 줄인다","설계 확정; 질량·가격·스택·부패·효과 수치는 source authority와 밸런스 기준서에서 별도 검증 OPEN"
"facility-kit:1064","벽횃불 설치 키트","General (일반)","[{""rid"":7737211921623155205},{""rid"":7737211921623155206}]","해당 없음: GenericItemDefinitionSO","8","60","게임 내 역할은 시설 설치와 구성, 생산망의 입력·출력에 연결된다.","이 물자의 원본 기능을 위해 보관·운반·소비·거래 중 한 경로에 재고를 배정해 다른 사용처를 늦춘다","비교 후보(대체 가능성 미검증): GenericItemDefinitionSO:facility-kit:0, GenericItemDefinitionSO:facility-kit:1, GenericItemDefinitionSO:facility-kit:10, GenericItemDefinitionSO:facility-kit:1000, GenericItemDefinitionSO:facility-kit:1001, GenericItemDefinitionSO:facility-kit:1002, GenericItemDefinitionSO:facility-kit:1003, GenericItemDefinitionSO:facility-kit:1004, GenericItemDefinitionSO:facility-kit:1005, GenericItemDefinitionSO:facility-kit:1006, GenericItemDefinitionSO:facility-kit:1007, GenericItemDefinitionSO:facility-kit:1008 외 364개","생성 또는 거래·재고 입고·운반·보관·장착 또는 소비와 하류 주문 기록","과잉 재고·운반·보관·수리 또는 사용 시점 지연이 압력이 된다","실제 비교 후보·교역·재활용·수리·배급 조정 중 원본 기능에 맞는 경로로 재고 압력을 줄인다","설계 확정; 질량·가격·스택·부패·효과 수치는 source authority와 밸런스 기준서에서 별도 검증 OPEN"
"facility-kit:1065","바닥화로 설치 키트","General (일반)","[{""rid"":7737211921623155207},{""rid"":7737211921623155208}]","해당 없음: GenericItemDefinitionSO","8","85","게임 내 역할은 시설 설치와 구성, 생산망의 입력·출력에 연결된다.","이 물자의 원본 기능을 위해 보관·운반·소비·거래 중 한 경로에 재고를 배정해 다른 사용처를 늦춘다","비교 후보(대체 가능성 미검증): GenericItemDefinitionSO:facility-kit:0, GenericItemDefinitionSO:facility-kit:1, GenericItemDefinitionSO:facility-kit:10, GenericItemDefinitionSO:facility-kit:1000, GenericItemDefinitionSO:facility-kit:1001, GenericItemDefinitionSO:facility-kit:1002, GenericItemDefinitionSO:facility-kit:1003, GenericItemDefinitionSO:facility-kit:1004, GenericItemDefinitionSO:facility-kit:1005, GenericItemDefinitionSO:facility-kit:1006, GenericItemDefinitionSO:facility-kit:1007, GenericItemDefinitionSO:facility-kit:1008 외 364개","생성 또는 거래·재고 입고·운반·보관·장착 또는 소비와 하류 주문 기록","과잉 재고·운반·보관·수리 또는 사용 시점 지연이 압력이 된다","실제 비교 후보·교역·재활용·수리·배급 조정 중 원본 기능에 맞는 경로로 재고 압력을 줄인다","설계 확정; 질량·가격·스택·부패·효과 수치는 source authority와 밸런스 기준서에서 별도 검증 OPEN"
"facility-kit:1066","샹들리에 설치 키트","General (일반)","[{""rid"":7737211921623155209},{""rid"":7737211921623155210}]","해당 없음: GenericItemDefinitionSO","8","100","게임 내 역할은 시설 설치와 구성, 생산망의 입력·출력에 연결된다.","이 물자의 원본 기능을 위해 보관·운반·소비·거래 중 한 경로에 재고를 배정해 다른 사용처를 늦춘다","비교 후보(대체 가능성 미검증): GenericItemDefinitionSO:facility-kit:0, GenericItemDefinitionSO:facility-kit:1, GenericItemDefinitionSO:facility-kit:10, GenericItemDefinitionSO:facility-kit:1000, GenericItemDefinitionSO:facility-kit:1001, GenericItemDefinitionSO:facility-kit:1002, GenericItemDefinitionSO:facility-kit:1003, GenericItemDefinitionSO:facility-kit:1004, GenericItemDefinitionSO:facility-kit:1005, GenericItemDefinitionSO:facility-kit:1006, GenericItemDefinitionSO:facility-kit:1007, GenericItemDefinitionSO:facility-kit:1008 외 364개","생성 또는 거래·재고 입고·운반·보관·장착 또는 소비와 하류 주문 기록","과잉 재고·운반·보관·수리 또는 사용 시점 지연이 압력이 된다","실제 비교 후보·교역·재활용·수리·배급 조정 중 원본 기능에 맞는 경로로 재고 압력을 줄인다","설계 확정; 질량·가격·스택·부패·효과 수치는 source authority와 밸런스 기준서에서 별도 검증 OPEN"
"facility-kit:1067","소형러그 설치 키트","General (일반)","[{""rid"":7737211921623155211},{""rid"":7737211921623155212}]","해당 없음: GenericItemDefinitionSO","8","75","게임 내 역할은 시설 설치와 구성, 생산망의 입력·출력에 연결된다.","이 물자의 원본 기능을 위해 보관·운반·소비·거래 중 한 경로에 재고를 배정해 다른 사용처를 늦춘다","비교 후보(대체 가능성 미검증): GenericItemDefinitionSO:facility-kit:0, GenericItemDefinitionSO:facility-kit:1, GenericItemDefinitionSO:facility-kit:10, GenericItemDefinitionSO:facility-kit:1000, GenericItemDefinitionSO:facility-kit:1001, GenericItemDefinitionSO:facility-kit:1002, GenericItemDefinitionSO:facility-kit:1003, GenericItemDefinitionSO:facility-kit:1004, GenericItemDefinitionSO:facility-kit:1005, GenericItemDefinitionSO:facility-kit:1006, GenericItemDefinitionSO:facility-kit:1007, GenericItemDefinitionSO:facility-kit:1008 외 364개","생성 또는 거래·재고 입고·운반·보관·장착 또는 소비와 하류 주문 기록","과잉 재고·운반·보관·수리 또는 사용 시점 지연이 압력이 된다","실제 비교 후보·교역·재활용·수리·배급 조정 중 원본 기능에 맞는 경로로 재고 압력을 줄인다","설계 확정; 질량·가격·스택·부패·효과 수치는 source authority와 밸런스 기준서에서 별도 검증 OPEN"
"facility-kit:1068","세력깃발 설치 키트","General (일반)","[{""rid"":7737211921623155213},{""rid"":7737211921623155214}]","해당 없음: GenericItemDefinitionSO","8","60","게임 내 역할은 시설 설치와 구성, 생산망의 입력·출력에 연결된다.","이 물자의 원본 기능을 위해 보관·운반·소비·거래 중 한 경로에 재고를 배정해 다른 사용처를 늦춘다","비교 후보(대체 가능성 미검증): GenericItemDefinitionSO:facility-kit:0, GenericItemDefinitionSO:facility-kit:1, GenericItemDefinitionSO:facility-kit:10, GenericItemDefinitionSO:facility-kit:1000, GenericItemDefinitionSO:facility-kit:1001, GenericItemDefinitionSO:facility-kit:1002, GenericItemDefinitionSO:facility-kit:1003, GenericItemDefinitionSO:facility-kit:1004, GenericItemDefinitionSO:facility-kit:1005, GenericItemDefinitionSO:facility-kit:1006, GenericItemDefinitionSO:facility-kit:1007, GenericItemDefinitionSO:facility-kit:1008 외 364개","생성 또는 거래·재고 입고·운반·보관·장착 또는 소비와 하류 주문 기록","과잉 재고·운반·보관·수리 또는 사용 시점 지연이 압력이 된다","실제 비교 후보·교역·재활용·수리·배급 조정 중 원본 기능에 맞는 경로로 재고 압력을 줄인다","설계 확정; 질량·가격·스택·부패·효과 수치는 source authority와 밸런스 기준서에서 별도 검증 OPEN"
"facility-kit:1069","액자초상화 설치 키트","General (일반)","[{""rid"":7737211921623155215},{""rid"":7737211921623155216}]","해당 없음: GenericItemDefinitionSO","8","85","게임 내 역할은 시설 설치와 구성, 생산망의 입력·출력에 연결된다.","이 물자의 원본 기능을 위해 보관·운반·소비·거래 중 한 경로에 재고를 배정해 다른 사용처를 늦춘다","비교 후보(대체 가능성 미검증): GenericItemDefinitionSO:facility-kit:0, GenericItemDefinitionSO:facility-kit:1, GenericItemDefinitionSO:facility-kit:10, GenericItemDefinitionSO:facility-kit:1000, GenericItemDefinitionSO:facility-kit:1001, GenericItemDefinitionSO:facility-kit:1002, GenericItemDefinitionSO:facility-kit:1003, GenericItemDefinitionSO:facility-kit:1004, GenericItemDefinitionSO:facility-kit:1005, GenericItemDefinitionSO:facility-kit:1006, GenericItemDefinitionSO:facility-kit:1007, GenericItemDefinitionSO:facility-kit:1008 외 364개","생성 또는 거래·재고 입고·운반·보관·장착 또는 소비와 하류 주문 기록","과잉 재고·운반·보관·수리 또는 사용 시점 지연이 압력이 된다","실제 비교 후보·교역·재활용·수리·배급 조정 중 원본 기능에 맞는 경로로 재고 압력을 줄인다","설계 확정; 질량·가격·스택·부패·효과 수치는 source authority와 밸런스 기준서에서 별도 검증 OPEN"
"facility-kit:1070","촛대 설치 키트","General (일반)","[{""rid"":7737211921623155217},{""rid"":7737211921623155218}]","해당 없음: GenericItemDefinitionSO","8","60","게임 내 역할은 시설 설치와 구성, 생산망의 입력·출력에 연결된다.","이 물자의 원본 기능을 위해 보관·운반·소비·거래 중 한 경로에 재고를 배정해 다른 사용처를 늦춘다","비교 후보(대체 가능성 미검증): GenericItemDefinitionSO:facility-kit:0, GenericItemDefinitionSO:facility-kit:1, GenericItemDefinitionSO:facility-kit:10, GenericItemDefinitionSO:facility-kit:1000, GenericItemDefinitionSO:facility-kit:1001, GenericItemDefinitionSO:facility-kit:1002, GenericItemDefinitionSO:facility-kit:1003, GenericItemDefinitionSO:facility-kit:1004, GenericItemDefinitionSO:facility-kit:1005, GenericItemDefinitionSO:facility-kit:1006, GenericItemDefinitionSO:facility-kit:1007, GenericItemDefinitionSO:facility-kit:1008 외 364개","생성 또는 거래·재고 입고·운반·보관·장착 또는 소비와 하류 주문 기록","과잉 재고·운반·보관·수리 또는 사용 시점 지연이 압력이 된다","실제 비교 후보·교역·재활용·수리·배급 조정 중 원본 기능에 맞는 경로로 재고 압력을 줄인다","설계 확정; 질량·가격·스택·부패·효과 수치는 source authority와 밸런스 기준서에서 별도 검증 OPEN"
"facility-kit:1071","해골피장식 설치 키트","General (일반)","[{""rid"":7737211921623155219},{""rid"":7737211921623155220}]","해당 없음: GenericItemDefinitionSO","8","110","게임 내 역할은 시설 설치와 구성, 생산망의 입력·출력에 연결된다.","이 물자의 원본 기능을 위해 보관·운반·소비·거래 중 한 경로에 재고를 배정해 다른 사용처를 늦춘다","비교 후보(대체 가능성 미검증): GenericItemDefinitionSO:facility-kit:0, GenericItemDefinitionSO:facility-kit:1, GenericItemDefinitionSO:facility-kit:10, GenericItemDefinitionSO:facility-kit:1000, GenericItemDefinitionSO:facility-kit:1001, GenericItemDefinitionSO:facility-kit:1002, GenericItemDefinitionSO:facility-kit:1003, GenericItemDefinitionSO:facility-kit:1004, GenericItemDefinitionSO:facility-kit:1005, GenericItemDefinitionSO:facility-kit:1006, GenericItemDefinitionSO:facility-kit:1007, GenericItemDefinitionSO:facility-kit:1008 외 364개","생성 또는 거래·재고 입고·운반·보관·장착 또는 소비와 하류 주문 기록","과잉 재고·운반·보관·수리 또는 사용 시점 지연이 압력이 된다","실제 비교 후보·교역·재활용·수리·배급 조정 중 원본 기능에 맞는 경로로 재고 압력을 줄인다","설계 확정; 질량·가격·스택·부패·효과 수치는 source authority와 밸런스 기준서에서 별도 검증 OPEN"
"facility-kit:1072","방표지판 설치 키트","General (일반)","[{""rid"":7737211921623155221},{""rid"":7737211921623155222}]","해당 없음: GenericItemDefinitionSO","8","85","게임 내 역할은 시설 설치와 구성, 생산망의 입력·출력에 연결된다.","이 물자의 원본 기능을 위해 보관·운반·소비·거래 중 한 경로에 재고를 배정해 다른 사용처를 늦춘다","비교 후보(대체 가능성 미검증): GenericItemDefinitionSO:facility-kit:0, GenericItemDefinitionSO:facility-kit:1, GenericItemDefinitionSO:facility-kit:10, GenericItemDefinitionSO:facility-kit:1000, GenericItemDefinitionSO:facility-kit:1001, GenericItemDefinitionSO:facility-kit:1002, GenericItemDefinitionSO:facility-kit:1003, GenericItemDefinitionSO:facility-kit:1004, GenericItemDefinitionSO:facility-kit:1005, GenericItemDefinitionSO:facility-kit:1006, GenericItemDefinitionSO:facility-kit:1007, GenericItemDefinitionSO:facility-kit:1008 외 364개","생성 또는 거래·재고 입고·운반·보관·장착 또는 소비와 하류 주문 기록","과잉 재고·운반·보관·수리 또는 사용 시점 지연이 압력이 된다","실제 비교 후보·교역·재활용·수리·배급 조정 중 원본 기능에 맞는 경로로 재고 압력을 줄인다","설계 확정; 질량·가격·스택·부패·효과 수치는 source authority와 밸런스 기준서에서 별도 검증 OPEN"
"facility-kit:1073","제분소 설치 키트","General (일반)","[{""rid"":7737211921623155223},{""rid"":7737211921623155224}]","해당 없음: GenericItemDefinitionSO","8","110","게임 내 역할은 시설 설치와 구성, 생산망의 입력·출력에 연결된다.","이 물자의 원본 기능을 위해 보관·운반·소비·거래 중 한 경로에 재고를 배정해 다른 사용처를 늦춘다","비교 후보(대체 가능성 미검증): GenericItemDefinitionSO:facility-kit:0, GenericItemDefinitionSO:facility-kit:1, GenericItemDefinitionSO:facility-kit:10, GenericItemDefinitionSO:facility-kit:1000, GenericItemDefinitionSO:facility-kit:1001, GenericItemDefinitionSO:facility-kit:1002, GenericItemDefinitionSO:facility-kit:1003, GenericItemDefinitionSO:facility-kit:1004, GenericItemDefinitionSO:facility-kit:1005, GenericItemDefinitionSO:facility-kit:1006, GenericItemDefinitionSO:facility-kit:1007, GenericItemDefinitionSO:facility-kit:1008 외 364개","생성 또는 거래·재고 입고·운반·보관·장착 또는 소비와 하류 주문 기록","과잉 재고·운반·보관·수리 또는 사용 시점 지연이 압력이 된다","실제 비교 후보·교역·재활용·수리·배급 조정 중 원본 기능에 맞는 경로로 재고 압력을 줄인다","설계 확정; 질량·가격·스택·부패·효과 수치는 source authority와 밸런스 기준서에서 별도 검증 OPEN"
"facility-kit:1074","양조장 설치 키트","General (일반)","[{""rid"":7737211921623155225},{""rid"":7737211921623155226}]","해당 없음: GenericItemDefinitionSO","8","135","게임 내 역할은 시설 설치와 구성, 생산망의 입력·출력에 연결된다.","이 물자의 원본 기능을 위해 보관·운반·소비·거래 중 한 경로에 재고를 배정해 다른 사용처를 늦춘다","비교 후보(대체 가능성 미검증): GenericItemDefinitionSO:facility-kit:0, GenericItemDefinitionSO:facility-kit:1, GenericItemDefinitionSO:facility-kit:10, GenericItemDefinitionSO:facility-kit:1000, GenericItemDefinitionSO:facility-kit:1001, GenericItemDefinitionSO:facility-kit:1002, GenericItemDefinitionSO:facility-kit:1003, GenericItemDefinitionSO:facility-kit:1004, GenericItemDefinitionSO:facility-kit:1005, GenericItemDefinitionSO:facility-kit:1006, GenericItemDefinitionSO:facility-kit:1007, GenericItemDefinitionSO:facility-kit:1008 외 364개","생성 또는 거래·재고 입고·운반·보관·장착 또는 소비와 하류 주문 기록","과잉 재고·운반·보관·수리 또는 사용 시점 지연이 압력이 된다","실제 비교 후보·교역·재활용·수리·배급 조정 중 원본 기능에 맞는 경로로 재고 압력을 줄인다","설계 확정; 질량·가격·스택·부패·효과 수치는 source authority와 밸런스 기준서에서 별도 검증 OPEN"
"facility-kit:1075","제재소 설치 키트","General (일반)","[{""rid"":7737211921623155227},{""rid"":7737211921623155228}]","해당 없음: GenericItemDefinitionSO","8","125","게임 내 역할은 시설 설치와 구성, 생산망의 입력·출력에 연결된다.","이 물자의 원본 기능을 위해 보관·운반·소비·거래 중 한 경로에 재고를 배정해 다른 사용처를 늦춘다","비교 후보(대체 가능성 미검증): GenericItemDefinitionSO:facility-kit:0, GenericItemDefinitionSO:facility-kit:1, GenericItemDefinitionSO:facility-kit:10, GenericItemDefinitionSO:facility-kit:1000, GenericItemDefinitionSO:facility-kit:1001, GenericItemDefinitionSO:facility-kit:1002, GenericItemDefinitionSO:facility-kit:1003, GenericItemDefinitionSO:facility-kit:1004, GenericItemDefinitionSO:facility-kit:1005, GenericItemDefinitionSO:facility-kit:1006, GenericItemDefinitionSO:facility-kit:1007, GenericItemDefinitionSO:facility-kit:1008 외 364개","생성 또는 거래·재고 입고·운반·보관·장착 또는 소비와 하류 주문 기록","과잉 재고·운반·보관·수리 또는 사용 시점 지연이 압력이 된다","실제 비교 후보·교역·재활용·수리·배급 조정 중 원본 기능에 맞는 경로로 재고 압력을 줄인다","설계 확정; 질량·가격·스택·부패·효과 수치는 source authority와 밸런스 기준서에서 별도 검증 OPEN"
"facility-kit:1076","숯가마 설치 키트","General (일반)","[{""rid"":7737211921623155229},{""rid"":7737211921623155230}]","해당 없음: GenericItemDefinitionSO","8","135","게임 내 역할은 시설 설치와 구성, 생산망의 입력·출력에 연결된다.","이 물자의 원본 기능을 위해 보관·운반·소비·거래 중 한 경로에 재고를 배정해 다른 사용처를 늦춘다","비교 후보(대체 가능성 미검증): GenericItemDefinitionSO:facility-kit:0, GenericItemDefinitionSO:facility-kit:1, GenericItemDefinitionSO:facility-kit:10, GenericItemDefinitionSO:facility-kit:1000, GenericItemDefinitionSO:facility-kit:1001, GenericItemDefinitionSO:facility-kit:1002, GenericItemDefinitionSO:facility-kit:1003, GenericItemDefinitionSO:facility-kit:1004, GenericItemDefinitionSO:facility-kit:1005, GenericItemDefinitionSO:facility-kit:1006, GenericItemDefinitionSO:facility-kit:1007, GenericItemDefinitionSO:facility-kit:1008 외 364개","생성 또는 거래·재고 입고·운반·보관·장착 또는 소비와 하류 주문 기록","과잉 재고·운반·보관·수리 또는 사용 시점 지연이 압력이 된다","실제 비교 후보·교역·재활용·수리·배급 조정 중 원본 기능에 맞는 경로로 재고 압력을 줄인다","설계 확정; 질량·가격·스택·부패·효과 수치는 source authority와 밸런스 기준서에서 별도 검증 OPEN"
"facility-kit:1077","석재 절단대 설치 키트","General (일반)","[{""rid"":7737211921623155231},{""rid"":7737211921623155232}]","해당 없음: GenericItemDefinitionSO","8","110","게임 내 역할은 시설 설치와 구성, 생산망의 입력·출력에 연결된다.","이 물자의 원본 기능을 위해 보관·운반·소비·거래 중 한 경로에 재고를 배정해 다른 사용처를 늦춘다","비교 후보(대체 가능성 미검증): GenericItemDefinitionSO:facility-kit:0, GenericItemDefinitionSO:facility-kit:1, GenericItemDefinitionSO:facility-kit:10, GenericItemDefinitionSO:facility-kit:1000, GenericItemDefinitionSO:facility-kit:1001, GenericItemDefinitionSO:facility-kit:1002, GenericItemDefinitionSO:facility-kit:1003, GenericItemDefinitionSO:facility-kit:1004, GenericItemDefinitionSO:facility-kit:1005, GenericItemDefinitionSO:facility-kit:1006, GenericItemDefinitionSO:facility-kit:1007, GenericItemDefinitionSO:facility-kit:1008 외 364개","생성 또는 거래·재고 입고·운반·보관·장착 또는 소비와 하류 주문 기록","과잉 재고·운반·보관·수리 또는 사용 시점 지연이 압력이 된다","실제 비교 후보·교역·재활용·수리·배급 조정 중 원본 기능에 맞는 경로로 재고 압력을 줄인다","설계 확정; 질량·가격·스택·부패·효과 수치는 source authority와 밸런스 기준서에서 별도 검증 OPEN"
"facility-kit:1078","광석 선별대 설치 키트","General (일반)","[{""rid"":7737211921623155233},{""rid"":7737211921623155234}]","해당 없음: GenericItemDefinitionSO","8","135","게임 내 역할은 시설 설치와 구성, 생산망의 입력·출력에 연결된다.","이 물자의 원본 기능을 위해 보관·운반·소비·거래 중 한 경로에 재고를 배정해 다른 사용처를 늦춘다","비교 후보(대체 가능성 미검증): GenericItemDefinitionSO:facility-kit:0, GenericItemDefinitionSO:facility-kit:1, GenericItemDefinitionSO:facility-kit:10, GenericItemDefinitionSO:facility-kit:1000, GenericItemDefinitionSO:facility-kit:1001, GenericItemDefinitionSO:facility-kit:1002, GenericItemDefinitionSO:facility-kit:1003, GenericItemDefinitionSO:facility-kit:1004, GenericItemDefinitionSO:facility-kit:1005, GenericItemDefinitionSO:facility-kit:1006, GenericItemDefinitionSO:facility-kit:1007, GenericItemDefinitionSO:facility-kit:1008 외 364개","생성 또는 거래·재고 입고·운반·보관·장착 또는 소비와 하류 주문 기록","과잉 재고·운반·보관·수리 또는 사용 시점 지연이 압력이 된다","실제 비교 후보·교역·재활용·수리·배급 조정 중 원본 기능에 맞는 경로로 재고 압력을 줄인다","설계 확정; 질량·가격·스택·부패·효과 수치는 source authority와 밸런스 기준서에서 별도 검증 OPEN"
"facility-kit:1079","용광로 설치 키트","General (일반)","[{""rid"":7737211921623155235},{""rid"":7737211921623155236}]","해당 없음: GenericItemDefinitionSO","8","135","게임 내 역할은 시설 설치와 구성, 생산망의 입력·출력에 연결된다.","이 물자의 원본 기능을 위해 보관·운반·소비·거래 중 한 경로에 재고를 배정해 다른 사용처를 늦춘다","비교 후보(대체 가능성 미검증): GenericItemDefinitionSO:facility-kit:0, GenericItemDefinitionSO:facility-kit:1, GenericItemDefinitionSO:facility-kit:10, GenericItemDefinitionSO:facility-kit:1000, GenericItemDefinitionSO:facility-kit:1001, GenericItemDefinitionSO:facility-kit:1002, GenericItemDefinitionSO:facility-kit:1003, GenericItemDefinitionSO:facility-kit:1004, GenericItemDefinitionSO:facility-kit:1005, GenericItemDefinitionSO:facility-kit:1006, GenericItemDefinitionSO:facility-kit:1007, GenericItemDefinitionSO:facility-kit:1008 외 364개","생성 또는 거래·재고 입고·운반·보관·장착 또는 소비와 하류 주문 기록","과잉 재고·운반·보관·수리 또는 사용 시점 지연이 압력이 된다","실제 비교 후보·교역·재활용·수리·배급 조정 중 원본 기능에 맞는 경로로 재고 압력을 줄인다","설계 확정; 질량·가격·스택·부패·효과 수치는 source authority와 밸런스 기준서에서 별도 검증 OPEN"
"facility-kit:1080","제강로 설치 키트","General (일반)","[{""rid"":7737211921623155237},{""rid"":7737211921623155238}]","해당 없음: GenericItemDefinitionSO","8","150","게임 내 역할은 시설 설치와 구성, 생산망의 입력·출력에 연결된다.","이 물자의 원본 기능을 위해 보관·운반·소비·거래 중 한 경로에 재고를 배정해 다른 사용처를 늦춘다","비교 후보(대체 가능성 미검증): GenericItemDefinitionSO:facility-kit:0, GenericItemDefinitionSO:facility-kit:1, GenericItemDefinitionSO:facility-kit:10, GenericItemDefinitionSO:facility-kit:1000, GenericItemDefinitionSO:facility-kit:1001, GenericItemDefinitionSO:facility-kit:1002, GenericItemDefinitionSO:facility-kit:1003, GenericItemDefinitionSO:facility-kit:1004, GenericItemDefinitionSO:facility-kit:1005, GenericItemDefinitionSO:facility-kit:1006, GenericItemDefinitionSO:facility-kit:1007, GenericItemDefinitionSO:facility-kit:1008 외 364개","생성 또는 거래·재고 입고·운반·보관·장착 또는 소비와 하류 주문 기록","과잉 재고·운반·보관·수리 또는 사용 시점 지연이 압력이 된다","실제 비교 후보·교역·재활용·수리·배급 조정 중 원본 기능에 맞는 경로로 재고 압력을 줄인다","설계 확정; 질량·가격·스택·부패·효과 수치는 source authority와 밸런스 기준서에서 별도 검증 OPEN"
"facility-kit:1081","귀금 세공대 설치 키트","General (일반)","[{""rid"":7737211921623155239},{""rid"":7737211921623155240}]","해당 없음: GenericItemDefinitionSO","8","160","게임 내 역할은 시설 설치와 구성, 생산망의 입력·출력에 연결된다.","이 물자의 원본 기능을 위해 보관·운반·소비·거래 중 한 경로에 재고를 배정해 다른 사용처를 늦춘다","비교 후보(대체 가능성 미검증): GenericItemDefinitionSO:facility-kit:0, GenericItemDefinitionSO:facility-kit:1, GenericItemDefinitionSO:facility-kit:10, GenericItemDefinitionSO:facility-kit:1000, GenericItemDefinitionSO:facility-kit:1001, GenericItemDefinitionSO:facility-kit:1002, GenericItemDefinitionSO:facility-kit:1003, GenericItemDefinitionSO:facility-kit:1004, GenericItemDefinitionSO:facility-kit:1005, GenericItemDefinitionSO:facility-kit:1006, GenericItemDefinitionSO:facility-kit:1007, GenericItemDefinitionSO:facility-kit:1008 외 364개","생성 또는 거래·재고 입고·운반·보관·장착 또는 소비와 하류 주문 기록","과잉 재고·운반·보관·수리 또는 사용 시점 지연이 압력이 된다","실제 비교 후보·교역·재활용·수리·배급 조정 중 원본 기능에 맞는 경로로 재고 압력을 줄인다","설계 확정; 질량·가격·스택·부패·효과 수치는 source authority와 밸런스 기준서에서 별도 검증 OPEN"
"facility-kit:1082","비전 단조대 설치 키트","General (일반)","[{""rid"":7737211921623155241},{""rid"":7737211921623155242}]","해당 없음: GenericItemDefinitionSO","8","175","게임 내 역할은 시설 설치와 구성, 생산망의 입력·출력에 연결된다.","이 물자의 원본 기능을 위해 보관·운반·소비·거래 중 한 경로에 재고를 배정해 다른 사용처를 늦춘다","비교 후보(대체 가능성 미검증): GenericItemDefinitionSO:facility-kit:0, GenericItemDefinitionSO:facility-kit:1, GenericItemDefinitionSO:facility-kit:10, GenericItemDefinitionSO:facility-kit:1000, GenericItemDefinitionSO:facility-kit:1001, GenericItemDefinitionSO:facility-kit:1002, GenericItemDefinitionSO:facility-kit:1003, GenericItemDefinitionSO:facility-kit:1004, GenericItemDefinitionSO:facility-kit:1005, GenericItemDefinitionSO:facility-kit:1006, GenericItemDefinitionSO:facility-kit:1007, GenericItemDefinitionSO:facility-kit:1008 외 364개","생성 또는 거래·재고 입고·운반·보관·장착 또는 소비와 하류 주문 기록","과잉 재고·운반·보관·수리 또는 사용 시점 지연이 압력이 된다","실제 비교 후보·교역·재활용·수리·배급 조정 중 원본 기능에 맞는 경로로 재고 압력을 줄인다","설계 확정; 질량·가격·스택·부패·효과 수치는 source authority와 밸런스 기준서에서 별도 검증 OPEN"
"facility-kit:1083","직조기 설치 키트","General (일반)","[{""rid"":7737211921623155243},{""rid"":7737211921623155244}]","해당 없음: GenericItemDefinitionSO","8","110","게임 내 역할은 시설 설치와 구성, 생산망의 입력·출력에 연결된다.","이 물자의 원본 기능을 위해 보관·운반·소비·거래 중 한 경로에 재고를 배정해 다른 사용처를 늦춘다","비교 후보(대체 가능성 미검증): GenericItemDefinitionSO:facility-kit:0, GenericItemDefinitionSO:facility-kit:1, GenericItemDefinitionSO:facility-kit:10, GenericItemDefinitionSO:facility-kit:1000, GenericItemDefinitionSO:facility-kit:1001, GenericItemDefinitionSO:facility-kit:1002, GenericItemDefinitionSO:facility-kit:1003, GenericItemDefinitionSO:facility-kit:1004, GenericItemDefinitionSO:facility-kit:1005, GenericItemDefinitionSO:facility-kit:1006, GenericItemDefinitionSO:facility-kit:1007, GenericItemDefinitionSO:facility-kit:1008 외 364개","생성 또는 거래·재고 입고·운반·보관·장착 또는 소비와 하류 주문 기록","과잉 재고·운반·보관·수리 또는 사용 시점 지연이 압력이 된다","실제 비교 후보·교역·재활용·수리·배급 조정 중 원본 기능에 맞는 경로로 재고 압력을 줄인다","설계 확정; 질량·가격·스택·부패·효과 수치는 source authority와 밸런스 기준서에서 별도 검증 OPEN"
"facility-kit:1084","무두질대 설치 키트","General (일반)","[{""rid"":7737211921623155245},{""rid"":7737211921623155246}]","해당 없음: GenericItemDefinitionSO","8","110","게임 내 역할은 시설 설치와 구성, 생산망의 입력·출력에 연결된다.","이 물자의 원본 기능을 위해 보관·운반·소비·거래 중 한 경로에 재고를 배정해 다른 사용처를 늦춘다","비교 후보(대체 가능성 미검증): GenericItemDefinitionSO:facility-kit:0, GenericItemDefinitionSO:facility-kit:1, GenericItemDefinitionSO:facility-kit:10, GenericItemDefinitionSO:facility-kit:1000, GenericItemDefinitionSO:facility-kit:1001, GenericItemDefinitionSO:facility-kit:1002, GenericItemDefinitionSO:facility-kit:1003, GenericItemDefinitionSO:facility-kit:1004, GenericItemDefinitionSO:facility-kit:1005, GenericItemDefinitionSO:facility-kit:1006, GenericItemDefinitionSO:facility-kit:1007, GenericItemDefinitionSO:facility-kit:1008 외 364개","생성 또는 거래·재고 입고·운반·보관·장착 또는 소비와 하류 주문 기록","과잉 재고·운반·보관·수리 또는 사용 시점 지연이 압력이 된다","실제 비교 후보·교역·재활용·수리·배급 조정 중 원본 기능에 맞는 경로로 재고 압력을 줄인다","설계 확정; 질량·가격·스택·부패·효과 수치는 source authority와 밸런스 기준서에서 별도 검증 OPEN"
"facility-kit:1085","퇴비장 설치 키트","General (일반)","[{""rid"":7737211921623155247},{""rid"":7737211921623155248}]","해당 없음: GenericItemDefinitionSO","8","110","게임 내 역할은 시설 설치와 구성, 생산망의 입력·출력에 연결된다.","이 물자의 원본 기능을 위해 보관·운반·소비·거래 중 한 경로에 재고를 배정해 다른 사용처를 늦춘다","비교 후보(대체 가능성 미검증): GenericItemDefinitionSO:facility-kit:0, GenericItemDefinitionSO:facility-kit:1, GenericItemDefinitionSO:facility-kit:10, GenericItemDefinitionSO:facility-kit:1000, GenericItemDefinitionSO:facility-kit:1001, GenericItemDefinitionSO:facility-kit:1002, GenericItemDefinitionSO:facility-kit:1003, GenericItemDefinitionSO:facility-kit:1004, GenericItemDefinitionSO:facility-kit:1005, GenericItemDefinitionSO:facility-kit:1006, GenericItemDefinitionSO:facility-kit:1007, GenericItemDefinitionSO:facility-kit:1008 외 364개","생성 또는 거래·재고 입고·운반·보관·장착 또는 소비와 하류 주문 기록","과잉 재고·운반·보관·수리 또는 사용 시점 지연이 압력이 된다","실제 비교 후보·교역·재활용·수리·배급 조정 중 원본 기능에 맞는 경로로 재고 압력을 줄인다","설계 확정; 질량·가격·스택·부패·효과 수치는 source authority와 밸런스 기준서에서 별도 검증 OPEN"
"facility-kit:1086","증류기 설치 키트","General (일반)","[{""rid"":7737211921623155249},{""rid"":7737211921623155250}]","해당 없음: GenericItemDefinitionSO","8","135","게임 내 역할은 시설 설치와 구성, 생산망의 입력·출력에 연결된다.","이 물자의 원본 기능을 위해 보관·운반·소비·거래 중 한 경로에 재고를 배정해 다른 사용처를 늦춘다","비교 후보(대체 가능성 미검증): GenericItemDefinitionSO:facility-kit:0, GenericItemDefinitionSO:facility-kit:1, GenericItemDefinitionSO:facility-kit:10, GenericItemDefinitionSO:facility-kit:1000, GenericItemDefinitionSO:facility-kit:1001, GenericItemDefinitionSO:facility-kit:1002, GenericItemDefinitionSO:facility-kit:1003, GenericItemDefinitionSO:facility-kit:1004, GenericItemDefinitionSO:facility-kit:1005, GenericItemDefinitionSO:facility-kit:1006, GenericItemDefinitionSO:facility-kit:1007, GenericItemDefinitionSO:facility-kit:1008 외 364개","생성 또는 거래·재고 입고·운반·보관·장착 또는 소비와 하류 주문 기록","과잉 재고·운반·보관·수리 또는 사용 시점 지연이 압력이 된다","실제 비교 후보·교역·재활용·수리·배급 조정 중 원본 기능에 맞는 경로로 재고 압력을 줄인다","설계 확정; 질량·가격·스택·부패·효과 수치는 source authority와 밸런스 기준서에서 별도 검증 OPEN"
"facility-kit:1087","조리대 설치 키트","General (일반)","[{""rid"":7737211921623155251},{""rid"":7737211921623155252}]","해당 없음: GenericItemDefinitionSO","8","110","게임 내 역할은 시설 설치와 구성, 생산망의 입력·출력에 연결된다.","이 물자의 원본 기능을 위해 보관·운반·소비·거래 중 한 경로에 재고를 배정해 다른 사용처를 늦춘다","비교 후보(대체 가능성 미검증): GenericItemDefinitionSO:facility-kit:0, GenericItemDefinitionSO:facility-kit:1, GenericItemDefinitionSO:facility-kit:10, GenericItemDefinitionSO:facility-kit:1000, GenericItemDefinitionSO:facility-kit:1001, GenericItemDefinitionSO:facility-kit:1002, GenericItemDefinitionSO:facility-kit:1003, GenericItemDefinitionSO:facility-kit:1004, GenericItemDefinitionSO:facility-kit:1005, GenericItemDefinitionSO:facility-kit:1006, GenericItemDefinitionSO:facility-kit:1007, GenericItemDefinitionSO:facility-kit:1008 외 364개","생성 또는 거래·재고 입고·운반·보관·장착 또는 소비와 하류 주문 기록","과잉 재고·운반·보관·수리 또는 사용 시점 지연이 압력이 된다","실제 비교 후보·교역·재활용·수리·배급 조정 중 원본 기능에 맞는 경로로 재고 압력을 줄인다","설계 확정; 질량·가격·스택·부패·효과 수치는 source authority와 밸런스 기준서에서 별도 검증 OPEN"
"facility-kit:1088","훈연대 설치 키트","General (일반)","[{""rid"":7737211921623155253},{""rid"":7737211921623155254}]","해당 없음: GenericItemDefinitionSO","8","135","게임 내 역할은 시설 설치와 구성, 생산망의 입력·출력에 연결된다.","이 물자의 원본 기능을 위해 보관·운반·소비·거래 중 한 경로에 재고를 배정해 다른 사용처를 늦춘다","비교 후보(대체 가능성 미검증): GenericItemDefinitionSO:facility-kit:0, GenericItemDefinitionSO:facility-kit:1, GenericItemDefinitionSO:facility-kit:10, GenericItemDefinitionSO:facility-kit:1000, GenericItemDefinitionSO:facility-kit:1001, GenericItemDefinitionSO:facility-kit:1002, GenericItemDefinitionSO:facility-kit:1003, GenericItemDefinitionSO:facility-kit:1004, GenericItemDefinitionSO:facility-kit:1005, GenericItemDefinitionSO:facility-kit:1006, GenericItemDefinitionSO:facility-kit:1007, GenericItemDefinitionSO:facility-kit:1008 외 364개","생성 또는 거래·재고 입고·운반·보관·장착 또는 소비와 하류 주문 기록","과잉 재고·운반·보관·수리 또는 사용 시점 지연이 압력이 된다","실제 비교 후보·교역·재활용·수리·배급 조정 중 원본 기능에 맞는 경로로 재고 압력을 줄인다","설계 확정; 질량·가격·스택·부패·효과 수치는 source authority와 밸런스 기준서에서 별도 검증 OPEN"
"facility-kit:1089","사료 배합대 설치 키트","General (일반)","[{""rid"":7737211921623155255},{""rid"":7737211921623155256}]","해당 없음: GenericItemDefinitionSO","8","110","게임 내 역할은 시설 설치와 구성, 생산망의 입력·출력에 연결된다.","이 물자의 원본 기능을 위해 보관·운반·소비·거래 중 한 경로에 재고를 배정해 다른 사용처를 늦춘다","비교 후보(대체 가능성 미검증): GenericItemDefinitionSO:facility-kit:0, GenericItemDefinitionSO:facility-kit:1, GenericItemDefinitionSO:facility-kit:10, GenericItemDefinitionSO:facility-kit:1000, GenericItemDefinitionSO:facility-kit:1001, GenericItemDefinitionSO:facility-kit:1002, GenericItemDefinitionSO:facility-kit:1003, GenericItemDefinitionSO:facility-kit:1004, GenericItemDefinitionSO:facility-kit:1005, GenericItemDefinitionSO:facility-kit:1006, GenericItemDefinitionSO:facility-kit:1007, GenericItemDefinitionSO:facility-kit:1008 외 364개","생성 또는 거래·재고 입고·운반·보관·장착 또는 소비와 하류 주문 기록","과잉 재고·운반·보관·수리 또는 사용 시점 지연이 압력이 된다","실제 비교 후보·교역·재활용·수리·배급 조정 중 원본 기능에 맞는 경로로 재고 압력을 줄인다","설계 확정; 질량·가격·스택·부패·효과 수치는 source authority와 밸런스 기준서에서 별도 검증 OPEN"
"facility-kit:1090","약제대 설치 키트","General (일반)","[{""rid"":7737211921623155257},{""rid"":7737211921623155258}]","해당 없음: GenericItemDefinitionSO","8","135","게임 내 역할은 시설 설치와 구성, 생산망의 입력·출력에 연결된다.","이 물자의 원본 기능을 위해 보관·운반·소비·거래 중 한 경로에 재고를 배정해 다른 사용처를 늦춘다","비교 후보(대체 가능성 미검증): GenericItemDefinitionSO:facility-kit:0, GenericItemDefinitionSO:facility-kit:1, GenericItemDefinitionSO:facility-kit:10, GenericItemDefinitionSO:facility-kit:1000, GenericItemDefinitionSO:facility-kit:1001, GenericItemDefinitionSO:facility-kit:1002, GenericItemDefinitionSO:facility-kit:1003, GenericItemDefinitionSO:facility-kit:1004, GenericItemDefinitionSO:facility-kit:1005, GenericItemDefinitionSO:facility-kit:1006, GenericItemDefinitionSO:facility-kit:1007, GenericItemDefinitionSO:facility-kit:1008 외 364개","생성 또는 거래·재고 입고·운반·보관·장착 또는 소비와 하류 주문 기록","과잉 재고·운반·보관·수리 또는 사용 시점 지연이 압력이 된다","실제 비교 후보·교역·재활용·수리·배급 조정 중 원본 기능에 맞는 경로로 재고 압력을 줄인다","설계 확정; 질량·가격·스택·부패·효과 수치는 source authority와 밸런스 기준서에서 별도 검증 OPEN"
"facility-kit:1091","연금대 설치 키트","General (일반)","[{""rid"":7737211921623155259},{""rid"":7737211921623155260}]","해당 없음: GenericItemDefinitionSO","8","135","게임 내 역할은 시설 설치와 구성, 생산망의 입력·출력에 연결된다.","이 물자의 원본 기능을 위해 보관·운반·소비·거래 중 한 경로에 재고를 배정해 다른 사용처를 늦춘다","비교 후보(대체 가능성 미검증): GenericItemDefinitionSO:facility-kit:0, GenericItemDefinitionSO:facility-kit:1, GenericItemDefinitionSO:facility-kit:10, GenericItemDefinitionSO:facility-kit:1000, GenericItemDefinitionSO:facility-kit:1001, GenericItemDefinitionSO:facility-kit:1002, GenericItemDefinitionSO:facility-kit:1003, GenericItemDefinitionSO:facility-kit:1004, GenericItemDefinitionSO:facility-kit:1005, GenericItemDefinitionSO:facility-kit:1006, GenericItemDefinitionSO:facility-kit:1007, GenericItemDefinitionSO:facility-kit:1008 외 364개","생성 또는 거래·재고 입고·운반·보관·장착 또는 소비와 하류 주문 기록","과잉 재고·운반·보관·수리 또는 사용 시점 지연이 압력이 된다","실제 비교 후보·교역·재활용·수리·배급 조정 중 원본 기능에 맞는 경로로 재고 압력을 줄인다","설계 확정; 질량·가격·스택·부패·효과 수치는 source authority와 밸런스 기준서에서 별도 검증 OPEN"
"facility-kit:1092","몽직기 설치 키트","General (일반)","[{""rid"":7737211921623155261},{""rid"":7737211921623155262}]","해당 없음: GenericItemDefinitionSO","8","160","게임 내 역할은 시설 설치와 구성, 생산망의 입력·출력에 연결된다.","이 물자의 원본 기능을 위해 보관·운반·소비·거래 중 한 경로에 재고를 배정해 다른 사용처를 늦춘다","비교 후보(대체 가능성 미검증): GenericItemDefinitionSO:facility-kit:0, GenericItemDefinitionSO:facility-kit:1, GenericItemDefinitionSO:facility-kit:10, GenericItemDefinitionSO:facility-kit:1000, GenericItemDefinitionSO:facility-kit:1001, GenericItemDefinitionSO:facility-kit:1002, GenericItemDefinitionSO:facility-kit:1003, GenericItemDefinitionSO:facility-kit:1004, GenericItemDefinitionSO:facility-kit:1005, GenericItemDefinitionSO:facility-kit:1006, GenericItemDefinitionSO:facility-kit:1007, GenericItemDefinitionSO:facility-kit:1008 외 364개","생성 또는 거래·재고 입고·운반·보관·장착 또는 소비와 하류 주문 기록","과잉 재고·운반·보관·수리 또는 사용 시점 지연이 압력이 된다","실제 비교 후보·교역·재활용·수리·배급 조정 중 원본 기능에 맞는 경로로 재고 압력을 줄인다","설계 확정; 질량·가격·스택·부패·효과 수치는 source authority와 밸런스 기준서에서 별도 검증 OPEN"
"facility-kit:1093","대장간 설치 키트","General (일반)","[{""rid"":7737211921623155263},{""rid"":7737211921623155264}]","해당 없음: GenericItemDefinitionSO","8","125","게임 내 역할은 시설 설치와 구성, 생산망의 입력·출력에 연결된다.","이 물자의 원본 기능을 위해 보관·운반·소비·거래 중 한 경로에 재고를 배정해 다른 사용처를 늦춘다","비교 후보(대체 가능성 미검증): GenericItemDefinitionSO:facility-kit:0, GenericItemDefinitionSO:facility-kit:1, GenericItemDefinitionSO:facility-kit:10, GenericItemDefinitionSO:facility-kit:1000, GenericItemDefinitionSO:facility-kit:1001, GenericItemDefinitionSO:facility-kit:1002, GenericItemDefinitionSO:facility-kit:1003, GenericItemDefinitionSO:facility-kit:1004, GenericItemDefinitionSO:facility-kit:1005, GenericItemDefinitionSO:facility-kit:1006, GenericItemDefinitionSO:facility-kit:1007, GenericItemDefinitionSO:facility-kit:1008 외 364개","생성 또는 거래·재고 입고·운반·보관·장착 또는 소비와 하류 주문 기록","과잉 재고·운반·보관·수리 또는 사용 시점 지연이 압력이 된다","실제 비교 후보·교역·재활용·수리·배급 조정 중 원본 기능에 맞는 경로로 재고 압력을 줄인다","설계 확정; 질량·가격·스택·부패·효과 수치는 source authority와 밸런스 기준서에서 별도 검증 OPEN"
"facility-kit:1094","심부 채석장 설치 키트","General (일반)","[{""rid"":7737211921623155265},{""rid"":7737211921623155266}]","해당 없음: GenericItemDefinitionSO","8","150","게임 내 역할은 시설 설치와 구성, 생산망의 입력·출력에 연결된다.","이 물자의 원본 기능을 위해 보관·운반·소비·거래 중 한 경로에 재고를 배정해 다른 사용처를 늦춘다","비교 후보(대체 가능성 미검증): GenericItemDefinitionSO:facility-kit:0, GenericItemDefinitionSO:facility-kit:1, GenericItemDefinitionSO:facility-kit:10, GenericItemDefinitionSO:facility-kit:1000, GenericItemDefinitionSO:facility-kit:1001, GenericItemDefinitionSO:facility-kit:1002, GenericItemDefinitionSO:facility-kit:1003, GenericItemDefinitionSO:facility-kit:1004, GenericItemDefinitionSO:facility-kit:1005, GenericItemDefinitionSO:facility-kit:1006, GenericItemDefinitionSO:facility-kit:1007, GenericItemDefinitionSO:facility-kit:1008 외 364개","생성 또는 거래·재고 입고·운반·보관·장착 또는 소비와 하류 주문 기록","과잉 재고·운반·보관·수리 또는 사용 시점 지연이 압력이 된다","실제 비교 후보·교역·재활용·수리·배급 조정 중 원본 기능에 맞는 경로로 재고 압력을 줄인다","설계 확정; 질량·가격·스택·부패·효과 수치는 source authority와 밸런스 기준서에서 별도 검증 OPEN"
"facility-kit:1095","야외 경작지 설치 키트","General (일반)","[{""rid"":7737211921623155267},{""rid"":7737211921623155268}]","해당 없음: GenericItemDefinitionSO","8","125","게임 내 역할은 시설 설치와 구성, 생산망의 입력·출력에 연결된다.","이 물자의 원본 기능을 위해 보관·운반·소비·거래 중 한 경로에 재고를 배정해 다른 사용처를 늦춘다","비교 후보(대체 가능성 미검증): GenericItemDefinitionSO:facility-kit:0, GenericItemDefinitionSO:facility-kit:1, GenericItemDefinitionSO:facility-kit:10, GenericItemDefinitionSO:facility-kit:1000, GenericItemDefinitionSO:facility-kit:1001, GenericItemDefinitionSO:facility-kit:1002, GenericItemDefinitionSO:facility-kit:1003, GenericItemDefinitionSO:facility-kit:1004, GenericItemDefinitionSO:facility-kit:1005, GenericItemDefinitionSO:facility-kit:1006, GenericItemDefinitionSO:facility-kit:1007, GenericItemDefinitionSO:facility-kit:1008 외 364개","생성 또는 거래·재고 입고·운반·보관·장착 또는 소비와 하류 주문 기록","과잉 재고·운반·보관·수리 또는 사용 시점 지연이 압력이 된다","실제 비교 후보·교역·재활용·수리·배급 조정 중 원본 기능에 맞는 경로로 재고 압력을 줄인다","설계 확정; 질량·가격·스택·부패·효과 수치는 source authority와 밸런스 기준서에서 별도 검증 OPEN"
"facility-kit:1096","실내 재배조 설치 키트","General (일반)","[{""rid"":7737211921623155269},{""rid"":7737211921623155270}]","해당 없음: GenericItemDefinitionSO","8","150","게임 내 역할은 시설 설치와 구성, 생산망의 입력·출력에 연결된다.","이 물자의 원본 기능을 위해 보관·운반·소비·거래 중 한 경로에 재고를 배정해 다른 사용처를 늦춘다","비교 후보(대체 가능성 미검증): GenericItemDefinitionSO:facility-kit:0, GenericItemDefinitionSO:facility-kit:1, GenericItemDefinitionSO:facility-kit:10, GenericItemDefinitionSO:facility-kit:1000, GenericItemDefinitionSO:facility-kit:1001, GenericItemDefinitionSO:facility-kit:1002, GenericItemDefinitionSO:facility-kit:1003, GenericItemDefinitionSO:facility-kit:1004, GenericItemDefinitionSO:facility-kit:1005, GenericItemDefinitionSO:facility-kit:1006, GenericItemDefinitionSO:facility-kit:1007, GenericItemDefinitionSO:facility-kit:1008 외 364개","생성 또는 거래·재고 입고·운반·보관·장착 또는 소비와 하류 주문 기록","과잉 재고·운반·보관·수리 또는 사용 시점 지연이 압력이 된다","실제 비교 후보·교역·재활용·수리·배급 조정 중 원본 기능에 맞는 경로로 재고 압력을 줄인다","설계 확정; 질량·가격·스택·부패·효과 수치는 source authority와 밸런스 기준서에서 별도 검증 OPEN"
"facility-kit:1097","폐기 소각로 설치 키트","General (일반)","[{""rid"":7737211921623155271},{""rid"":7737211921623155272}]","해당 없음: GenericItemDefinitionSO","8","110","게임 내 역할은 시설 설치와 구성, 생산망의 입력·출력에 연결된다.","이 물자의 원본 기능을 위해 보관·운반·소비·거래 중 한 경로에 재고를 배정해 다른 사용처를 늦춘다","비교 후보(대체 가능성 미검증): GenericItemDefinitionSO:facility-kit:0, GenericItemDefinitionSO:facility-kit:1, GenericItemDefinitionSO:facility-kit:10, GenericItemDefinitionSO:facility-kit:1000, GenericItemDefinitionSO:facility-kit:1001, GenericItemDefinitionSO:facility-kit:1002, GenericItemDefinitionSO:facility-kit:1003, GenericItemDefinitionSO:facility-kit:1004, GenericItemDefinitionSO:facility-kit:1005, GenericItemDefinitionSO:facility-kit:1006, GenericItemDefinitionSO:facility-kit:1007, GenericItemDefinitionSO:facility-kit:1008 외 364개","생성 또는 거래·재고 입고·운반·보관·장착 또는 소비와 하류 주문 기록","과잉 재고·운반·보관·수리 또는 사용 시점 지연이 압력이 된다","실제 비교 후보·교역·재활용·수리·배급 조정 중 원본 기능에 맞는 경로로 재고 압력을 줄인다","설계 확정; 질량·가격·스택·부패·효과 수치는 source authority와 밸런스 기준서에서 별도 검증 OPEN"
"facility-kit:11","고기 식당 설치 키트","General (일반)","[{""rid"":7737211921623155273},{""rid"":7737211921623155274}]","해당 없음: GenericItemDefinitionSO","8","1","게임 내 역할은 시설 설치와 구성, 생산망의 입력·출력에 연결된다.","이 물자의 원본 기능을 위해 보관·운반·소비·거래 중 한 경로에 재고를 배정해 다른 사용처를 늦춘다","비교 후보(대체 가능성 미검증): GenericItemDefinitionSO:facility-kit:0, GenericItemDefinitionSO:facility-kit:1, GenericItemDefinitionSO:facility-kit:10, GenericItemDefinitionSO:facility-kit:1000, GenericItemDefinitionSO:facility-kit:1001, GenericItemDefinitionSO:facility-kit:1002, GenericItemDefinitionSO:facility-kit:1003, GenericItemDefinitionSO:facility-kit:1004, GenericItemDefinitionSO:facility-kit:1005, GenericItemDefinitionSO:facility-kit:1006, GenericItemDefinitionSO:facility-kit:1007, GenericItemDefinitionSO:facility-kit:1008 외 364개","생성 또는 거래·재고 입고·운반·보관·장착 또는 소비와 하류 주문 기록","과잉 재고·운반·보관·수리 또는 사용 시점 지연이 압력이 된다","실제 비교 후보·교역·재활용·수리·배급 조정 중 원본 기능에 맞는 경로로 재고 압력을 줄인다","설계 확정; 질량·가격·스택·부패·효과 수치는 source authority와 밸런스 기준서에서 별도 검증 OPEN"
"facility-kit:12","잡화점 설치 키트","General (일반)","[{""rid"":7737211921623155275},{""rid"":7737211921623155276}]","해당 없음: GenericItemDefinitionSO","8","1","게임 내 역할은 시설 설치와 구성, 생산망의 입력·출력에 연결된다.","이 물자의 원본 기능을 위해 보관·운반·소비·거래 중 한 경로에 재고를 배정해 다른 사용처를 늦춘다","비교 후보(대체 가능성 미검증): GenericItemDefinitionSO:facility-kit:0, GenericItemDefinitionSO:facility-kit:1, GenericItemDefinitionSO:facility-kit:10, GenericItemDefinitionSO:facility-kit:1000, GenericItemDefinitionSO:facility-kit:1001, GenericItemDefinitionSO:facility-kit:1002, GenericItemDefinitionSO:facility-kit:1003, GenericItemDefinitionSO:facility-kit:1004, GenericItemDefinitionSO:facility-kit:1005, GenericItemDefinitionSO:facility-kit:1006, GenericItemDefinitionSO:facility-kit:1007, GenericItemDefinitionSO:facility-kit:1008 외 364개","생성 또는 거래·재고 입고·운반·보관·장착 또는 소비와 하류 주문 기록","과잉 재고·운반·보관·수리 또는 사용 시점 지연이 압력이 된다","실제 비교 후보·교역·재활용·수리·배급 조정 중 원본 기능에 맞는 경로로 재고 압력을 줄인다","설계 확정; 질량·가격·스택·부패·효과 수치는 source authority와 밸런스 기준서에서 별도 검증 OPEN"
"facility-kit:1200","감방 구속대 설치 키트","General (일반)","[{""rid"":7737211921623155277},{""rid"":7737211921623155278}]","해당 없음: GenericItemDefinitionSO","8","90","게임 내 역할은 시설 설치와 구성, 생산망의 입력·출력에 연결된다.","이 물자의 원본 기능을 위해 보관·운반·소비·거래 중 한 경로에 재고를 배정해 다른 사용처를 늦춘다","비교 후보(대체 가능성 미검증): GenericItemDefinitionSO:facility-kit:0, GenericItemDefinitionSO:facility-kit:1, GenericItemDefinitionSO:facility-kit:10, GenericItemDefinitionSO:facility-kit:1000, GenericItemDefinitionSO:facility-kit:1001, GenericItemDefinitionSO:facility-kit:1002, GenericItemDefinitionSO:facility-kit:1003, GenericItemDefinitionSO:facility-kit:1004, GenericItemDefinitionSO:facility-kit:1005, GenericItemDefinitionSO:facility-kit:1006, GenericItemDefinitionSO:facility-kit:1007, GenericItemDefinitionSO:facility-kit:1008 외 364개","생성 또는 거래·재고 입고·운반·보관·장착 또는 소비와 하류 주문 기록","과잉 재고·운반·보관·수리 또는 사용 시점 지연이 압력이 된다","실제 비교 후보·교역·재활용·수리·배급 조정 중 원본 기능에 맞는 경로로 재고 압력을 줄인다","설계 확정; 질량·가격·스택·부패·효과 수치는 source authority와 밸런스 기준서에서 별도 검증 OPEN"
"facility-kit:1201","중앙 무대 설치 키트","General (일반)","[{""rid"":7737211921623155279},{""rid"":7737211921623155280}]","해당 없음: GenericItemDefinitionSO","8","180","게임 내 역할은 시설 설치와 구성, 생산망의 입력·출력에 연결된다.","이 물자의 원본 기능을 위해 보관·운반·소비·거래 중 한 경로에 재고를 배정해 다른 사용처를 늦춘다","비교 후보(대체 가능성 미검증): GenericItemDefinitionSO:facility-kit:0, GenericItemDefinitionSO:facility-kit:1, GenericItemDefinitionSO:facility-kit:10, GenericItemDefinitionSO:facility-kit:1000, GenericItemDefinitionSO:facility-kit:1001, GenericItemDefinitionSO:facility-kit:1002, GenericItemDefinitionSO:facility-kit:1003, GenericItemDefinitionSO:facility-kit:1004, GenericItemDefinitionSO:facility-kit:1005, GenericItemDefinitionSO:facility-kit:1006, GenericItemDefinitionSO:facility-kit:1007, GenericItemDefinitionSO:facility-kit:1008 외 364개","생성 또는 거래·재고 입고·운반·보관·장착 또는 소비와 하류 주문 기록","과잉 재고·운반·보관·수리 또는 사용 시점 지연이 압력이 된다","실제 비교 후보·교역·재활용·수리·배급 조정 중 원본 기능에 맞는 경로로 재고 압력을 줄인다","설계 확정; 질량·가격·스택·부패·효과 수치는 source authority와 밸런스 기준서에서 별도 검증 OPEN"
"facility-kit:1202","서커스 관람석 설치 키트","General (일반)","[{""rid"":7737211921623155281},{""rid"":7737211921623155282}]","해당 없음: GenericItemDefinitionSO","8","90","게임 내 역할은 시설 설치와 구성, 생산망의 입력·출력에 연결된다.","이 물자의 원본 기능을 위해 보관·운반·소비·거래 중 한 경로에 재고를 배정해 다른 사용처를 늦춘다","비교 후보(대체 가능성 미검증): GenericItemDefinitionSO:facility-kit:0, GenericItemDefinitionSO:facility-kit:1, GenericItemDefinitionSO:facility-kit:10, GenericItemDefinitionSO:facility-kit:1000, GenericItemDefinitionSO:facility-kit:1001, GenericItemDefinitionSO:facility-kit:1002, GenericItemDefinitionSO:facility-kit:1003, GenericItemDefinitionSO:facility-kit:1004, GenericItemDefinitionSO:facility-kit:1005, GenericItemDefinitionSO:facility-kit:1006, GenericItemDefinitionSO:facility-kit:1007, GenericItemDefinitionSO:facility-kit:1008 외 364개","생성 또는 거래·재고 입고·운반·보관·장착 또는 소비와 하류 주문 기록","과잉 재고·운반·보관·수리 또는 사용 시점 지연이 압력이 된다","실제 비교 후보·교역·재활용·수리·배급 조정 중 원본 기능에 맞는 경로로 재고 압력을 줄인다","설계 확정; 질량·가격·스택·부패·효과 수치는 source authority와 밸런스 기준서에서 별도 검증 OPEN"
"facility-kit:1203","야수 우리 설치 키트","General (일반)","[{""rid"":7737211921623155283},{""rid"":7737211921623155284}]","해당 없음: GenericItemDefinitionSO","8","90","게임 내 역할은 시설 설치와 구성, 생산망의 입력·출력에 연결된다.","이 물자의 원본 기능을 위해 보관·운반·소비·거래 중 한 경로에 재고를 배정해 다른 사용처를 늦춘다","비교 후보(대체 가능성 미검증): GenericItemDefinitionSO:facility-kit:0, GenericItemDefinitionSO:facility-kit:1, GenericItemDefinitionSO:facility-kit:10, GenericItemDefinitionSO:facility-kit:1000, GenericItemDefinitionSO:facility-kit:1001, GenericItemDefinitionSO:facility-kit:1002, GenericItemDefinitionSO:facility-kit:1003, GenericItemDefinitionSO:facility-kit:1004, GenericItemDefinitionSO:facility-kit:1005, GenericItemDefinitionSO:facility-kit:1006, GenericItemDefinitionSO:facility-kit:1007, GenericItemDefinitionSO:facility-kit:1008 외 364개","생성 또는 거래·재고 입고·운반·보관·장착 또는 소비와 하류 주문 기록","과잉 재고·운반·보관·수리 또는 사용 시점 지연이 압력이 된다","실제 비교 후보·교역·재활용·수리·배급 조정 중 원본 기능에 맞는 경로로 재고 압력을 줄인다","설계 확정; 질량·가격·스택·부패·효과 수치는 source authority와 밸런스 기준서에서 별도 검증 OPEN"
"facility-kit:1204","서커스 매표소 설치 키트","General (일반)","[{""rid"":7737211921623155285},{""rid"":7737211921623155286}]","해당 없음: GenericItemDefinitionSO","8","90","게임 내 역할은 시설 설치와 구성, 생산망의 입력·출력에 연결된다.","이 물자의 원본 기능을 위해 보관·운반·소비·거래 중 한 경로에 재고를 배정해 다른 사용처를 늦춘다","비교 후보(대체 가능성 미검증): GenericItemDefinitionSO:facility-kit:0, GenericItemDefinitionSO:facility-kit:1, GenericItemDefinitionSO:facility-kit:10, GenericItemDefinitionSO:facility-kit:1000, GenericItemDefinitionSO:facility-kit:1001, GenericItemDefinitionSO:facility-kit:1002, GenericItemDefinitionSO:facility-kit:1003, GenericItemDefinitionSO:facility-kit:1004, GenericItemDefinitionSO:facility-kit:1005, GenericItemDefinitionSO:facility-kit:1006, GenericItemDefinitionSO:facility-kit:1007, GenericItemDefinitionSO:facility-kit:1008 외 364개","생성 또는 거래·재고 입고·운반·보관·장착 또는 소비와 하류 주문 기록","과잉 재고·운반·보관·수리 또는 사용 시점 지연이 압력이 된다","실제 비교 후보·교역·재활용·수리·배급 조정 중 원본 기능에 맞는 경로로 재고 압력을 줄인다","설계 확정; 질량·가격·스택·부패·효과 수치는 source authority와 밸런스 기준서에서 별도 검증 OPEN"
"facility-kit:1205","서커스 도박 창구 설치 키트","General (일반)","[{""rid"":7737211921623155287},{""rid"":7737211921623155288}]","해당 없음: GenericItemDefinitionSO","8","90","게임 내 역할은 시설 설치와 구성, 생산망의 입력·출력에 연결된다.","이 물자의 원본 기능을 위해 보관·운반·소비·거래 중 한 경로에 재고를 배정해 다른 사용처를 늦춘다","비교 후보(대체 가능성 미검증): GenericItemDefinitionSO:facility-kit:0, GenericItemDefinitionSO:facility-kit:1, GenericItemDefinitionSO:facility-kit:10, GenericItemDefinitionSO:facility-kit:1000, GenericItemDefinitionSO:facility-kit:1001, GenericItemDefinitionSO:facility-kit:1002, GenericItemDefinitionSO:facility-kit:1003, GenericItemDefinitionSO:facility-kit:1004, GenericItemDefinitionSO:facility-kit:1005, GenericItemDefinitionSO:facility-kit:1006, GenericItemDefinitionSO:facility-kit:1007, GenericItemDefinitionSO:facility-kit:1008 외 364개","생성 또는 거래·재고 입고·운반·보관·장착 또는 소비와 하류 주문 기록","과잉 재고·운반·보관·수리 또는 사용 시점 지연이 압력이 된다","실제 비교 후보·교역·재활용·수리·배급 조정 중 원본 기능에 맞는 경로로 재고 압력을 줄인다","설계 확정; 질량·가격·스택·부패·효과 수치는 source authority와 밸런스 기준서에서 별도 검증 OPEN"
"facility-kit:1206","진행자 단상 설치 키트","General (일반)","[{""rid"":7737211921623155289},{""rid"":7737211921623155290}]","해당 없음: GenericItemDefinitionSO","8","90","게임 내 역할은 시설 설치와 구성, 생산망의 입력·출력에 연결된다.","이 물자의 원본 기능을 위해 보관·운반·소비·거래 중 한 경로에 재고를 배정해 다른 사용처를 늦춘다","비교 후보(대체 가능성 미검증): GenericItemDefinitionSO:facility-kit:0, GenericItemDefinitionSO:facility-kit:1, GenericItemDefinitionSO:facility-kit:10, GenericItemDefinitionSO:facility-kit:1000, GenericItemDefinitionSO:facility-kit:1001, GenericItemDefinitionSO:facility-kit:1002, GenericItemDefinitionSO:facility-kit:1003, GenericItemDefinitionSO:facility-kit:1004, GenericItemDefinitionSO:facility-kit:1005, GenericItemDefinitionSO:facility-kit:1006, GenericItemDefinitionSO:facility-kit:1007, GenericItemDefinitionSO:facility-kit:1008 외 364개","생성 또는 거래·재고 입고·운반·보관·장착 또는 소비와 하류 주문 기록","과잉 재고·운반·보관·수리 또는 사용 시점 지연이 압력이 된다","실제 비교 후보·교역·재활용·수리·배급 조정 중 원본 기능에 맞는 경로로 재고 압력을 줄인다","설계 확정; 질량·가격·스택·부패·효과 수치는 source authority와 밸런스 기준서에서 별도 검증 OPEN"
"facility-kit:1207","공연 위험 장치 설치 키트","General (일반)","[{""rid"":7737211921623155291},{""rid"":7737211921623155292}]","해당 없음: GenericItemDefinitionSO","8","90","게임 내 역할은 시설 설치와 구성, 생산망의 입력·출력에 연결된다.","이 물자의 원본 기능을 위해 보관·운반·소비·거래 중 한 경로에 재고를 배정해 다른 사용처를 늦춘다","비교 후보(대체 가능성 미검증): GenericItemDefinitionSO:facility-kit:0, GenericItemDefinitionSO:facility-kit:1, GenericItemDefinitionSO:facility-kit:10, GenericItemDefinitionSO:facility-kit:1000, GenericItemDefinitionSO:facility-kit:1001, GenericItemDefinitionSO:facility-kit:1002, GenericItemDefinitionSO:facility-kit:1003, GenericItemDefinitionSO:facility-kit:1004, GenericItemDefinitionSO:facility-kit:1005, GenericItemDefinitionSO:facility-kit:1006, GenericItemDefinitionSO:facility-kit:1007, GenericItemDefinitionSO:facility-kit:1008 외 364개","생성 또는 거래·재고 입고·운반·보관·장착 또는 소비와 하류 주문 기록","과잉 재고·운반·보관·수리 또는 사용 시점 지연이 압력이 된다","실제 비교 후보·교역·재활용·수리·배급 조정 중 원본 기능에 맞는 경로로 재고 압력을 줄인다","설계 확정; 질량·가격·스택·부패·효과 수치는 source authority와 밸런스 기준서에서 별도 검증 OPEN"
"facility-kit:1208","공연 치료 구역 설치 키트","General (일반)","[{""rid"":7737211921623155293},{""rid"":7737211921623155294}]","해당 없음: GenericItemDefinitionSO","8","90","게임 내 역할은 시설 설치와 구성, 생산망의 입력·출력에 연결된다.","이 물자의 원본 기능을 위해 보관·운반·소비·거래 중 한 경로에 재고를 배정해 다른 사용처를 늦춘다","비교 후보(대체 가능성 미검증): GenericItemDefinitionSO:facility-kit:0, GenericItemDefinitionSO:facility-kit:1, GenericItemDefinitionSO:facility-kit:10, GenericItemDefinitionSO:facility-kit:1000, GenericItemDefinitionSO:facility-kit:1001, GenericItemDefinitionSO:facility-kit:1002, GenericItemDefinitionSO:facility-kit:1003, GenericItemDefinitionSO:facility-kit:1004, GenericItemDefinitionSO:facility-kit:1005, GenericItemDefinitionSO:facility-kit:1006, GenericItemDefinitionSO:facility-kit:1007, GenericItemDefinitionSO:facility-kit:1008 외 364개","생성 또는 거래·재고 입고·운반·보관·장착 또는 소비와 하류 주문 기록","과잉 재고·운반·보관·수리 또는 사용 시점 지연이 압력이 된다","실제 비교 후보·교역·재활용·수리·배급 조정 중 원본 기능에 맞는 경로로 재고 압력을 줄인다","설계 확정; 질량·가격·스택·부패·효과 수치는 source authority와 밸런스 기준서에서 별도 검증 OPEN"
"facility-kit:1209","공개 형벌 장치 설치 키트","General (일반)","[{""rid"":7737211921623155295},{""rid"":7737211921623155296}]","해당 없음: GenericItemDefinitionSO","8","90","게임 내 역할은 시설 설치와 구성, 생산망의 입력·출력에 연결된다.","이 물자의 원본 기능을 위해 보관·운반·소비·거래 중 한 경로에 재고를 배정해 다른 사용처를 늦춘다","비교 후보(대체 가능성 미검증): GenericItemDefinitionSO:facility-kit:0, GenericItemDefinitionSO:facility-kit:1, GenericItemDefinitionSO:facility-kit:10, GenericItemDefinitionSO:facility-kit:1000, GenericItemDefinitionSO:facility-kit:1001, GenericItemDefinitionSO:facility-kit:1002, GenericItemDefinitionSO:facility-kit:1003, GenericItemDefinitionSO:facility-kit:1004, GenericItemDefinitionSO:facility-kit:1005, GenericItemDefinitionSO:facility-kit:1006, GenericItemDefinitionSO:facility-kit:1007, GenericItemDefinitionSO:facility-kit:1008 외 364개","생성 또는 거래·재고 입고·운반·보관·장착 또는 소비와 하류 주문 기록","과잉 재고·운반·보관·수리 또는 사용 시점 지연이 압력이 된다","실제 비교 후보·교역·재활용·수리·배급 조정 중 원본 기능에 맞는 경로로 재고 압력을 줄인다","설계 확정; 질량·가격·스택·부패·효과 수치는 source authority와 밸런스 기준서에서 별도 검증 OPEN"
"facility-kit:13","무기점 설치 키트","General (일반)","[{""rid"":7737211921623155297},{""rid"":7737211921623155298}]","해당 없음: GenericItemDefinitionSO","8","1","게임 내 역할은 시설 설치와 구성, 생산망의 입력·출력에 연결된다.","이 물자의 원본 기능을 위해 보관·운반·소비·거래 중 한 경로에 재고를 배정해 다른 사용처를 늦춘다","비교 후보(대체 가능성 미검증): GenericItemDefinitionSO:facility-kit:0, GenericItemDefinitionSO:facility-kit:1, GenericItemDefinitionSO:facility-kit:10, GenericItemDefinitionSO:facility-kit:1000, GenericItemDefinitionSO:facility-kit:1001, GenericItemDefinitionSO:facility-kit:1002, GenericItemDefinitionSO:facility-kit:1003, GenericItemDefinitionSO:facility-kit:1004, GenericItemDefinitionSO:facility-kit:1005, GenericItemDefinitionSO:facility-kit:1006, GenericItemDefinitionSO:facility-kit:1007, GenericItemDefinitionSO:facility-kit:1008 외 364개","생성 또는 거래·재고 입고·운반·보관·장착 또는 소비와 하류 주문 기록","과잉 재고·운반·보관·수리 또는 사용 시점 지연이 압력이 된다","실제 비교 후보·교역·재활용·수리·배급 조정 중 원본 기능에 맞는 경로로 재고 압력을 줄인다","설계 확정; 질량·가격·스택·부패·효과 수치는 source authority와 밸런스 기준서에서 별도 검증 OPEN"
"facility-kit:14","휴식방 설치 키트","General (일반)","[{""rid"":7737211921623155299},{""rid"":7737211921623155300}]","해당 없음: GenericItemDefinitionSO","8","1","게임 내 역할은 시설 설치와 구성, 생산망의 입력·출력에 연결된다.","이 물자의 원본 기능을 위해 보관·운반·소비·거래 중 한 경로에 재고를 배정해 다른 사용처를 늦춘다","비교 후보(대체 가능성 미검증): GenericItemDefinitionSO:facility-kit:0, GenericItemDefinitionSO:facility-kit:1, GenericItemDefinitionSO:facility-kit:10, GenericItemDefinitionSO:facility-kit:1000, GenericItemDefinitionSO:facility-kit:1001, GenericItemDefinitionSO:facility-kit:1002, GenericItemDefinitionSO:facility-kit:1003, GenericItemDefinitionSO:facility-kit:1004, GenericItemDefinitionSO:facility-kit:1005, GenericItemDefinitionSO:facility-kit:1006, GenericItemDefinitionSO:facility-kit:1007, GenericItemDefinitionSO:facility-kit:1008 외 364개","생성 또는 거래·재고 입고·운반·보관·장착 또는 소비와 하류 주문 기록","과잉 재고·운반·보관·수리 또는 사용 시점 지연이 압력이 된다","실제 비교 후보·교역·재활용·수리·배급 조정 중 원본 기능에 맞는 경로로 재고 압력을 줄인다","설계 확정; 질량·가격·스택·부패·효과 수치는 source authority와 밸런스 기준서에서 별도 검증 OPEN"
"facility-kit:15","훈련장 설치 키트","General (일반)","[{""rid"":7737211921623155301},{""rid"":7737211921623155302}]","해당 없음: GenericItemDefinitionSO","8","1","게임 내 역할은 시설 설치와 구성, 생산망의 입력·출력에 연결된다.","이 물자의 원본 기능을 위해 보관·운반·소비·거래 중 한 경로에 재고를 배정해 다른 사용처를 늦춘다","비교 후보(대체 가능성 미검증): GenericItemDefinitionSO:facility-kit:0, GenericItemDefinitionSO:facility-kit:1, GenericItemDefinitionSO:facility-kit:10, GenericItemDefinitionSO:facility-kit:1000, GenericItemDefinitionSO:facility-kit:1001, GenericItemDefinitionSO:facility-kit:1002, GenericItemDefinitionSO:facility-kit:1003, GenericItemDefinitionSO:facility-kit:1004, GenericItemDefinitionSO:facility-kit:1005, GenericItemDefinitionSO:facility-kit:1006, GenericItemDefinitionSO:facility-kit:1007, GenericItemDefinitionSO:facility-kit:1008 외 364개","생성 또는 거래·재고 입고·운반·보관·장착 또는 소비와 하류 주문 기록","과잉 재고·운반·보관·수리 또는 사용 시점 지연이 압력이 된다","실제 비교 후보·교역·재활용·수리·배급 조정 중 원본 기능에 맞는 경로로 재고 압력을 줄인다","설계 확정; 질량·가격·스택·부패·효과 수치는 source authority와 밸런스 기준서에서 별도 검증 OPEN"
"facility-kit:1500","보호장비보관함 설치 키트","General (일반)","[{""rid"":7737211921623155303},{""rid"":7737211921623155304}]","해당 없음: GenericItemDefinitionSO","8","85","게임 내 역할은 시설 설치와 구성, 생산망의 입력·출력에 연결된다.","이 물자의 원본 기능을 위해 보관·운반·소비·거래 중 한 경로에 재고를 배정해 다른 사용처를 늦춘다","비교 후보(대체 가능성 미검증): GenericItemDefinitionSO:facility-kit:0, GenericItemDefinitionSO:facility-kit:1, GenericItemDefinitionSO:facility-kit:10, GenericItemDefinitionSO:facility-kit:1000, GenericItemDefinitionSO:facility-kit:1001, GenericItemDefinitionSO:facility-kit:1002, GenericItemDefinitionSO:facility-kit:1003, GenericItemDefinitionSO:facility-kit:1004, GenericItemDefinitionSO:facility-kit:1005, GenericItemDefinitionSO:facility-kit:1006, GenericItemDefinitionSO:facility-kit:1007, GenericItemDefinitionSO:facility-kit:1008 외 364개","생성 또는 거래·재고 입고·운반·보관·장착 또는 소비와 하류 주문 기록","과잉 재고·운반·보관·수리 또는 사용 시점 지연이 압력이 된다","실제 비교 후보·교역·재활용·수리·배급 조정 중 원본 기능에 맞는 경로로 재고 압력을 줄인다","설계 확정; 질량·가격·스택·부패·효과 수치는 source authority와 밸런스 기준서에서 별도 검증 OPEN"
"facility-kit:1501","냉각기 설치 키트","General (일반)","[{""rid"":7737211921623155305},{""rid"":7737211921623155306}]","해당 없음: GenericItemDefinitionSO","8","135","게임 내 역할은 시설 설치와 구성, 생산망의 입력·출력에 연결된다.","이 물자의 원본 기능을 위해 보관·운반·소비·거래 중 한 경로에 재고를 배정해 다른 사용처를 늦춘다","비교 후보(대체 가능성 미검증): GenericItemDefinitionSO:facility-kit:0, GenericItemDefinitionSO:facility-kit:1, GenericItemDefinitionSO:facility-kit:10, GenericItemDefinitionSO:facility-kit:1000, GenericItemDefinitionSO:facility-kit:1001, GenericItemDefinitionSO:facility-kit:1002, GenericItemDefinitionSO:facility-kit:1003, GenericItemDefinitionSO:facility-kit:1004, GenericItemDefinitionSO:facility-kit:1005, GenericItemDefinitionSO:facility-kit:1006, GenericItemDefinitionSO:facility-kit:1007, GenericItemDefinitionSO:facility-kit:1008 외 364개","생성 또는 거래·재고 입고·운반·보관·장착 또는 소비와 하류 주문 기록","과잉 재고·운반·보관·수리 또는 사용 시점 지연이 압력이 된다","실제 비교 후보·교역·재활용·수리·배급 조정 중 원본 기능에 맞는 경로로 재고 압력을 줄인다","설계 확정; 질량·가격·스택·부패·효과 수치는 source authority와 밸런스 기준서에서 별도 검증 OPEN"
"facility-kit:1502","공조기 설치 키트","General (일반)","[{""rid"":7737211921623155307},{""rid"":7737211921623155308}]","해당 없음: GenericItemDefinitionSO","8","160","게임 내 역할은 시설 설치와 구성, 생산망의 입력·출력에 연결된다.","이 물자의 원본 기능을 위해 보관·운반·소비·거래 중 한 경로에 재고를 배정해 다른 사용처를 늦춘다","비교 후보(대체 가능성 미검증): GenericItemDefinitionSO:facility-kit:0, GenericItemDefinitionSO:facility-kit:1, GenericItemDefinitionSO:facility-kit:10, GenericItemDefinitionSO:facility-kit:1000, GenericItemDefinitionSO:facility-kit:1001, GenericItemDefinitionSO:facility-kit:1002, GenericItemDefinitionSO:facility-kit:1003, GenericItemDefinitionSO:facility-kit:1004, GenericItemDefinitionSO:facility-kit:1005, GenericItemDefinitionSO:facility-kit:1006, GenericItemDefinitionSO:facility-kit:1007, GenericItemDefinitionSO:facility-kit:1008 외 364개","생성 또는 거래·재고 입고·운반·보관·장착 또는 소비와 하류 주문 기록","과잉 재고·운반·보관·수리 또는 사용 시점 지연이 압력이 된다","실제 비교 후보·교역·재활용·수리·배급 조정 중 원본 기능에 맞는 경로로 재고 압력을 줄인다","설계 확정; 질량·가격·스택·부패·효과 수치는 source authority와 밸런스 기준서에서 별도 검증 OPEN"
"facility-kit:1503","환기덕트 설치 키트","General (일반)","[{""rid"":7737211921623155309},{""rid"":7737211921623155310}]","해당 없음: GenericItemDefinitionSO","8","85","게임 내 역할은 시설 설치와 구성, 생산망의 입력·출력에 연결된다.","이 물자의 원본 기능을 위해 보관·운반·소비·거래 중 한 경로에 재고를 배정해 다른 사용처를 늦춘다","비교 후보(대체 가능성 미검증): GenericItemDefinitionSO:facility-kit:0, GenericItemDefinitionSO:facility-kit:1, GenericItemDefinitionSO:facility-kit:10, GenericItemDefinitionSO:facility-kit:1000, GenericItemDefinitionSO:facility-kit:1001, GenericItemDefinitionSO:facility-kit:1002, GenericItemDefinitionSO:facility-kit:1003, GenericItemDefinitionSO:facility-kit:1004, GenericItemDefinitionSO:facility-kit:1005, GenericItemDefinitionSO:facility-kit:1006, GenericItemDefinitionSO:facility-kit:1007, GenericItemDefinitionSO:facility-kit:1008 외 364개","생성 또는 거래·재고 입고·운반·보관·장착 또는 소비와 하류 주문 기록","과잉 재고·운반·보관·수리 또는 사용 시점 지연이 압력이 된다","실제 비교 후보·교역·재활용·수리·배급 조정 중 원본 기능에 맞는 경로로 재고 압력을 줄인다","설계 확정; 질량·가격·스택·부패·효과 수치는 source authority와 밸런스 기준서에서 별도 검증 OPEN"
"facility-kit:1504","송풍구 설치 키트","General (일반)","[{""rid"":7737211921623155311},{""rid"":7737211921623155312}]","해당 없음: GenericItemDefinitionSO","8","85","게임 내 역할은 시설 설치와 구성, 생산망의 입력·출력에 연결된다.","이 물자의 원본 기능을 위해 보관·운반·소비·거래 중 한 경로에 재고를 배정해 다른 사용처를 늦춘다","비교 후보(대체 가능성 미검증): GenericItemDefinitionSO:facility-kit:0, GenericItemDefinitionSO:facility-kit:1, GenericItemDefinitionSO:facility-kit:10, GenericItemDefinitionSO:facility-kit:1000, GenericItemDefinitionSO:facility-kit:1001, GenericItemDefinitionSO:facility-kit:1002, GenericItemDefinitionSO:facility-kit:1003, GenericItemDefinitionSO:facility-kit:1004, GenericItemDefinitionSO:facility-kit:1005, GenericItemDefinitionSO:facility-kit:1006, GenericItemDefinitionSO:facility-kit:1007, GenericItemDefinitionSO:facility-kit:1008 외 364개","생성 또는 거래·재고 입고·운반·보관·장착 또는 소비와 하류 주문 기록","과잉 재고·운반·보관·수리 또는 사용 시점 지연이 압력이 된다","실제 비교 후보·교역·재활용·수리·배급 조정 중 원본 기능에 맞는 경로로 재고 압력을 줄인다","설계 확정; 질량·가격·스택·부패·효과 수치는 source authority와 밸런스 기준서에서 별도 검증 OPEN"
"facility-kit:1505","배기팬 설치 키트","General (일반)","[{""rid"":7737211921623155313},{""rid"":7737211921623155314}]","해당 없음: GenericItemDefinitionSO","8","85","게임 내 역할은 시설 설치와 구성, 생산망의 입력·출력에 연결된다.","이 물자의 원본 기능을 위해 보관·운반·소비·거래 중 한 경로에 재고를 배정해 다른 사용처를 늦춘다","비교 후보(대체 가능성 미검증): GenericItemDefinitionSO:facility-kit:0, GenericItemDefinitionSO:facility-kit:1, GenericItemDefinitionSO:facility-kit:10, GenericItemDefinitionSO:facility-kit:1000, GenericItemDefinitionSO:facility-kit:1001, GenericItemDefinitionSO:facility-kit:1002, GenericItemDefinitionSO:facility-kit:1003, GenericItemDefinitionSO:facility-kit:1004, GenericItemDefinitionSO:facility-kit:1005, GenericItemDefinitionSO:facility-kit:1006, GenericItemDefinitionSO:facility-kit:1007, GenericItemDefinitionSO:facility-kit:1008 외 364개","생성 또는 거래·재고 입고·운반·보관·장착 또는 소비와 하류 주문 기록","과잉 재고·운반·보관·수리 또는 사용 시점 지연이 압력이 된다","실제 비교 후보·교역·재활용·수리·배급 조정 중 원본 기능에 맞는 경로로 재고 압력을 줄인다","설계 확정; 질량·가격·스택·부패·효과 수치는 source authority와 밸런스 기준서에서 별도 검증 OPEN"
"facility-kit:16","연구실 설치 키트","General (일반)","[{""rid"":7737211921623155315},{""rid"":7737211921623155316}]","해당 없음: GenericItemDefinitionSO","8","1","게임 내 역할은 시설 설치와 구성, 생산망의 입력·출력에 연결된다.","이 물자의 원본 기능을 위해 보관·운반·소비·거래 중 한 경로에 재고를 배정해 다른 사용처를 늦춘다","비교 후보(대체 가능성 미검증): GenericItemDefinitionSO:facility-kit:0, GenericItemDefinitionSO:facility-kit:1, GenericItemDefinitionSO:facility-kit:10, GenericItemDefinitionSO:facility-kit:1000, GenericItemDefinitionSO:facility-kit:1001, GenericItemDefinitionSO:facility-kit:1002, GenericItemDefinitionSO:facility-kit:1003, GenericItemDefinitionSO:facility-kit:1004, GenericItemDefinitionSO:facility-kit:1005, GenericItemDefinitionSO:facility-kit:1006, GenericItemDefinitionSO:facility-kit:1007, GenericItemDefinitionSO:facility-kit:1008 외 364개","생성 또는 거래·재고 입고·운반·보관·장착 또는 소비와 하류 주문 기록","과잉 재고·운반·보관·수리 또는 사용 시점 지연이 압력이 된다","실제 비교 후보·교역·재활용·수리·배급 조정 중 원본 기능에 맞는 경로로 재고 압력을 줄인다","설계 확정; 질량·가격·스택·부패·효과 수치는 source authority와 밸런스 기준서에서 별도 검증 OPEN"
"facility-kit:1600","미세 체 선반 설치 키트","General (일반)","[{""rid"":7737211921623155317},{""rid"":7737211921623155318}]","해당 없음: GenericItemDefinitionSO","8","40","게임 내 역할은 시설 설치와 구성, 생산망의 입력·출력에 연결된다.","이 물자의 원본 기능을 위해 보관·운반·소비·거래 중 한 경로에 재고를 배정해 다른 사용처를 늦춘다","비교 후보(대체 가능성 미검증): GenericItemDefinitionSO:facility-kit:0, GenericItemDefinitionSO:facility-kit:1, GenericItemDefinitionSO:facility-kit:10, GenericItemDefinitionSO:facility-kit:1000, GenericItemDefinitionSO:facility-kit:1001, GenericItemDefinitionSO:facility-kit:1002, GenericItemDefinitionSO:facility-kit:1003, GenericItemDefinitionSO:facility-kit:1004, GenericItemDefinitionSO:facility-kit:1005, GenericItemDefinitionSO:facility-kit:1006, GenericItemDefinitionSO:facility-kit:1007, GenericItemDefinitionSO:facility-kit:1008 외 364개","생성 또는 거래·재고 입고·운반·보관·장착 또는 소비와 하류 주문 기록","과잉 재고·운반·보관·수리 또는 사용 시점 지연이 압력이 된다","실제 비교 후보·교역·재활용·수리·배급 조정 중 원본 기능에 맞는 경로로 재고 압력을 줄인다","설계 확정; 질량·가격·스택·부패·효과 수치는 source authority와 밸런스 기준서에서 별도 검증 OPEN"
"facility-kit:1601","담금·당화조 설치 키트","General (일반)","[{""rid"":7737211921623155319},{""rid"":7737211921623155320}]","해당 없음: GenericItemDefinitionSO","8","40","게임 내 역할은 시설 설치와 구성, 생산망의 입력·출력에 연결된다.","이 물자의 원본 기능을 위해 보관·운반·소비·거래 중 한 경로에 재고를 배정해 다른 사용처를 늦춘다","비교 후보(대체 가능성 미검증): GenericItemDefinitionSO:facility-kit:0, GenericItemDefinitionSO:facility-kit:1, GenericItemDefinitionSO:facility-kit:10, GenericItemDefinitionSO:facility-kit:1000, GenericItemDefinitionSO:facility-kit:1001, GenericItemDefinitionSO:facility-kit:1002, GenericItemDefinitionSO:facility-kit:1003, GenericItemDefinitionSO:facility-kit:1004, GenericItemDefinitionSO:facility-kit:1005, GenericItemDefinitionSO:facility-kit:1006, GenericItemDefinitionSO:facility-kit:1007, GenericItemDefinitionSO:facility-kit:1008 외 364개","생성 또는 거래·재고 입고·운반·보관·장착 또는 소비와 하류 주문 기록","과잉 재고·운반·보관·수리 또는 사용 시점 지연이 압력이 된다","실제 비교 후보·교역·재활용·수리·배급 조정 중 원본 기능에 맞는 경로로 재고 압력을 줄인다","설계 확정; 질량·가격·스택·부패·효과 수치는 source authority와 밸런스 기준서에서 별도 검증 OPEN"
"facility-kit:1602","수동 발효조 설치 키트","General (일반)","[{""rid"":7737211921623155321},{""rid"":7737211921623155322}]","해당 없음: GenericItemDefinitionSO","8","40","게임 내 역할은 시설 설치와 구성, 생산망의 입력·출력에 연결된다.","이 물자의 원본 기능을 위해 보관·운반·소비·거래 중 한 경로에 재고를 배정해 다른 사용처를 늦춘다","비교 후보(대체 가능성 미검증): GenericItemDefinitionSO:facility-kit:0, GenericItemDefinitionSO:facility-kit:1, GenericItemDefinitionSO:facility-kit:10, GenericItemDefinitionSO:facility-kit:1000, GenericItemDefinitionSO:facility-kit:1001, GenericItemDefinitionSO:facility-kit:1002, GenericItemDefinitionSO:facility-kit:1003, GenericItemDefinitionSO:facility-kit:1004, GenericItemDefinitionSO:facility-kit:1005, GenericItemDefinitionSO:facility-kit:1006, GenericItemDefinitionSO:facility-kit:1007, GenericItemDefinitionSO:facility-kit:1008 외 364개","생성 또는 거래·재고 입고·운반·보관·장착 또는 소비와 하류 주문 기록","과잉 재고·운반·보관·수리 또는 사용 시점 지연이 압력이 된다","실제 비교 후보·교역·재활용·수리·배급 조정 중 원본 기능에 맞는 경로로 재고 압력을 줄인다","설계 확정; 질량·가격·스택·부패·효과 수치는 source authority와 밸런스 기준서에서 별도 검증 OPEN"
"facility-kit:1603","온도 제어 발효조 설치 키트","General (일반)","[{""rid"":7737211921623155323},{""rid"":7737211921623155324}]","해당 없음: GenericItemDefinitionSO","8","60","게임 내 역할은 시설 설치와 구성, 생산망의 입력·출력에 연결된다.","이 물자의 원본 기능을 위해 보관·운반·소비·거래 중 한 경로에 재고를 배정해 다른 사용처를 늦춘다","비교 후보(대체 가능성 미검증): GenericItemDefinitionSO:facility-kit:0, GenericItemDefinitionSO:facility-kit:1, GenericItemDefinitionSO:facility-kit:10, GenericItemDefinitionSO:facility-kit:1000, GenericItemDefinitionSO:facility-kit:1001, GenericItemDefinitionSO:facility-kit:1002, GenericItemDefinitionSO:facility-kit:1003, GenericItemDefinitionSO:facility-kit:1004, GenericItemDefinitionSO:facility-kit:1005, GenericItemDefinitionSO:facility-kit:1006, GenericItemDefinitionSO:facility-kit:1007, GenericItemDefinitionSO:facility-kit:1008 외 364개","생성 또는 거래·재고 입고·운반·보관·장착 또는 소비와 하류 주문 기록","과잉 재고·운반·보관·수리 또는 사용 시점 지연이 압력이 된다","실제 비교 후보·교역·재활용·수리·배급 조정 중 원본 기능에 맞는 경로로 재고 압력을 줄인다","설계 확정; 질량·가격·스택·부패·효과 수치는 source authority와 밸런스 기준서에서 별도 검증 OPEN"
"facility-kit:1604","숙성 오크통 설치 키트","General (일반)","[{""rid"":7737211921623155325},{""rid"":7737211921623155326}]","해당 없음: GenericItemDefinitionSO","8","40","게임 내 역할은 시설 설치와 구성, 생산망의 입력·출력에 연결된다.","이 물자의 원본 기능을 위해 보관·운반·소비·거래 중 한 경로에 재고를 배정해 다른 사용처를 늦춘다","비교 후보(대체 가능성 미검증): GenericItemDefinitionSO:facility-kit:0, GenericItemDefinitionSO:facility-kit:1, GenericItemDefinitionSO:facility-kit:10, GenericItemDefinitionSO:facility-kit:1000, GenericItemDefinitionSO:facility-kit:1001, GenericItemDefinitionSO:facility-kit:1002, GenericItemDefinitionSO:facility-kit:1003, GenericItemDefinitionSO:facility-kit:1004, GenericItemDefinitionSO:facility-kit:1005, GenericItemDefinitionSO:facility-kit:1006, GenericItemDefinitionSO:facility-kit:1007, GenericItemDefinitionSO:facility-kit:1008 외 364개","생성 또는 거래·재고 입고·운반·보관·장착 또는 소비와 하류 주문 기록","과잉 재고·운반·보관·수리 또는 사용 시점 지연이 압력이 된다","실제 비교 후보·교역·재활용·수리·배급 조정 중 원본 기능에 맞는 경로로 재고 압력을 줄인다","설계 확정; 질량·가격·스택·부패·효과 수치는 source authority와 밸런스 기준서에서 별도 검증 OPEN"
"facility-kit:1605","세척·병입대 설치 키트","General (일반)","[{""rid"":7737211921623155327},{""rid"":7737211921623155328}]","해당 없음: GenericItemDefinitionSO","8","60","게임 내 역할은 시설 설치와 구성, 생산망의 입력·출력에 연결된다.","이 물자의 원본 기능을 위해 보관·운반·소비·거래 중 한 경로에 재고를 배정해 다른 사용처를 늦춘다","비교 후보(대체 가능성 미검증): GenericItemDefinitionSO:facility-kit:0, GenericItemDefinitionSO:facility-kit:1, GenericItemDefinitionSO:facility-kit:10, GenericItemDefinitionSO:facility-kit:1000, GenericItemDefinitionSO:facility-kit:1001, GenericItemDefinitionSO:facility-kit:1002, GenericItemDefinitionSO:facility-kit:1003, GenericItemDefinitionSO:facility-kit:1004, GenericItemDefinitionSO:facility-kit:1005, GenericItemDefinitionSO:facility-kit:1006, GenericItemDefinitionSO:facility-kit:1007, GenericItemDefinitionSO:facility-kit:1008 외 364개","생성 또는 거래·재고 입고·운반·보관·장착 또는 소비와 하류 주문 기록","과잉 재고·운반·보관·수리 또는 사용 시점 지연이 압력이 된다","실제 비교 후보·교역·재활용·수리·배급 조정 중 원본 기능에 맞는 경로로 재고 압력을 줄인다","설계 확정; 질량·가격·스택·부패·효과 수치는 source authority와 밸런스 기준서에서 별도 검증 OPEN"
"facility-kit:1606","분별 증류탑 설치 키트","General (일반)","[{""rid"":7737211921623155329},{""rid"":7737211921623155330}]","해당 없음: GenericItemDefinitionSO","8","60","게임 내 역할은 시설 설치와 구성, 생산망의 입력·출력에 연결된다.","이 물자의 원본 기능을 위해 보관·운반·소비·거래 중 한 경로에 재고를 배정해 다른 사용처를 늦춘다","비교 후보(대체 가능성 미검증): GenericItemDefinitionSO:facility-kit:0, GenericItemDefinitionSO:facility-kit:1, GenericItemDefinitionSO:facility-kit:10, GenericItemDefinitionSO:facility-kit:1000, GenericItemDefinitionSO:facility-kit:1001, GenericItemDefinitionSO:facility-kit:1002, GenericItemDefinitionSO:facility-kit:1003, GenericItemDefinitionSO:facility-kit:1004, GenericItemDefinitionSO:facility-kit:1005, GenericItemDefinitionSO:facility-kit:1006, GenericItemDefinitionSO:facility-kit:1007, GenericItemDefinitionSO:facility-kit:1008 외 364개","생성 또는 거래·재고 입고·운반·보관·장착 또는 소비와 하류 주문 기록","과잉 재고·운반·보관·수리 또는 사용 시점 지연이 압력이 된다","실제 비교 후보·교역·재활용·수리·배급 조정 중 원본 기능에 맞는 경로로 재고 압력을 줄인다","설계 확정; 질량·가격·스택·부패·효과 수치는 source authority와 밸런스 기준서에서 별도 검증 OPEN"
"facility-kit:1607","화덕·가마솥 설치 키트","General (일반)","[{""rid"":7737211921623155331},{""rid"":7737211921623155332}]","해당 없음: GenericItemDefinitionSO","8","40","게임 내 역할은 시설 설치와 구성, 생산망의 입력·출력에 연결된다.","이 물자의 원본 기능을 위해 보관·운반·소비·거래 중 한 경로에 재고를 배정해 다른 사용처를 늦춘다","비교 후보(대체 가능성 미검증): GenericItemDefinitionSO:facility-kit:0, GenericItemDefinitionSO:facility-kit:1, GenericItemDefinitionSO:facility-kit:10, GenericItemDefinitionSO:facility-kit:1000, GenericItemDefinitionSO:facility-kit:1001, GenericItemDefinitionSO:facility-kit:1002, GenericItemDefinitionSO:facility-kit:1003, GenericItemDefinitionSO:facility-kit:1004, GenericItemDefinitionSO:facility-kit:1005, GenericItemDefinitionSO:facility-kit:1006, GenericItemDefinitionSO:facility-kit:1007, GenericItemDefinitionSO:facility-kit:1008 외 364개","생성 또는 거래·재고 입고·운반·보관·장착 또는 소비와 하류 주문 기록","과잉 재고·운반·보관·수리 또는 사용 시점 지연이 압력이 된다","실제 비교 후보·교역·재활용·수리·배급 조정 중 원본 기능에 맞는 경로로 재고 압력을 줄인다","설계 확정; 질량·가격·스택·부패·효과 수치는 source authority와 밸런스 기준서에서 별도 검증 OPEN"
"facility-kit:1608","벽돌 오븐 설치 키트","General (일반)","[{""rid"":7737211921623155333},{""rid"":7737211921623155334}]","해당 없음: GenericItemDefinitionSO","8","40","게임 내 역할은 시설 설치와 구성, 생산망의 입력·출력에 연결된다.","이 물자의 원본 기능을 위해 보관·운반·소비·거래 중 한 경로에 재고를 배정해 다른 사용처를 늦춘다","비교 후보(대체 가능성 미검증): GenericItemDefinitionSO:facility-kit:0, GenericItemDefinitionSO:facility-kit:1, GenericItemDefinitionSO:facility-kit:10, GenericItemDefinitionSO:facility-kit:1000, GenericItemDefinitionSO:facility-kit:1001, GenericItemDefinitionSO:facility-kit:1002, GenericItemDefinitionSO:facility-kit:1003, GenericItemDefinitionSO:facility-kit:1004, GenericItemDefinitionSO:facility-kit:1005, GenericItemDefinitionSO:facility-kit:1006, GenericItemDefinitionSO:facility-kit:1007, GenericItemDefinitionSO:facility-kit:1008 외 364개","생성 또는 거래·재고 입고·운반·보관·장착 또는 소비와 하류 주문 기록","과잉 재고·운반·보관·수리 또는 사용 시점 지연이 압력이 된다","실제 비교 후보·교역·재활용·수리·배급 조정 중 원본 기능에 맞는 경로로 재고 압력을 줄인다","설계 확정; 질량·가격·스택·부패·효과 수치는 source authority와 밸런스 기준서에서 별도 검증 OPEN"
"facility-kit:1609","전기 오븐 설치 키트","General (일반)","[{""rid"":7737211921623155335},{""rid"":7737211921623155336}]","해당 없음: GenericItemDefinitionSO","8","60","게임 내 역할은 시설 설치와 구성, 생산망의 입력·출력에 연결된다.","이 물자의 원본 기능을 위해 보관·운반·소비·거래 중 한 경로에 재고를 배정해 다른 사용처를 늦춘다","비교 후보(대체 가능성 미검증): GenericItemDefinitionSO:facility-kit:0, GenericItemDefinitionSO:facility-kit:1, GenericItemDefinitionSO:facility-kit:10, GenericItemDefinitionSO:facility-kit:1000, GenericItemDefinitionSO:facility-kit:1001, GenericItemDefinitionSO:facility-kit:1002, GenericItemDefinitionSO:facility-kit:1003, GenericItemDefinitionSO:facility-kit:1004, GenericItemDefinitionSO:facility-kit:1005, GenericItemDefinitionSO:facility-kit:1006, GenericItemDefinitionSO:facility-kit:1007, GenericItemDefinitionSO:facility-kit:1008 외 364개","생성 또는 거래·재고 입고·운반·보관·장착 또는 소비와 하류 주문 기록","과잉 재고·운반·보관·수리 또는 사용 시점 지연이 압력이 된다","실제 비교 후보·교역·재활용·수리·배급 조정 중 원본 기능에 맞는 경로로 재고 압력을 줄인다","설계 확정; 질량·가격·스택·부패·효과 수치는 source authority와 밸런스 기준서에서 별도 검증 OPEN"
"facility-kit:1610","세척·전처리 싱크 설치 키트","General (일반)","[{""rid"":7737211921623155337},{""rid"":7737211921623155338}]","해당 없음: GenericItemDefinitionSO","8","40","게임 내 역할은 시설 설치와 구성, 생산망의 입력·출력에 연결된다.","이 물자의 원본 기능을 위해 보관·운반·소비·거래 중 한 경로에 재고를 배정해 다른 사용처를 늦춘다","비교 후보(대체 가능성 미검증): GenericItemDefinitionSO:facility-kit:0, GenericItemDefinitionSO:facility-kit:1, GenericItemDefinitionSO:facility-kit:10, GenericItemDefinitionSO:facility-kit:1000, GenericItemDefinitionSO:facility-kit:1001, GenericItemDefinitionSO:facility-kit:1002, GenericItemDefinitionSO:facility-kit:1003, GenericItemDefinitionSO:facility-kit:1004, GenericItemDefinitionSO:facility-kit:1005, GenericItemDefinitionSO:facility-kit:1006, GenericItemDefinitionSO:facility-kit:1007, GenericItemDefinitionSO:facility-kit:1008 외 364개","생성 또는 거래·재고 입고·운반·보관·장착 또는 소비와 하류 주문 기록","과잉 재고·운반·보관·수리 또는 사용 시점 지연이 압력이 된다","실제 비교 후보·교역·재활용·수리·배급 조정 중 원본 기능에 맞는 경로로 재고 압력을 줄인다","설계 확정; 질량·가격·스택·부패·효과 수치는 source authority와 밸런스 기준서에서 별도 검증 OPEN"
"facility-kit:1611","냉장 준비대 설치 키트","General (일반)","[{""rid"":7737211921623155339},{""rid"":7737211921623155340}]","해당 없음: GenericItemDefinitionSO","8","60","게임 내 역할은 시설 설치와 구성, 생산망의 입력·출력에 연결된다.","이 물자의 원본 기능을 위해 보관·운반·소비·거래 중 한 경로에 재고를 배정해 다른 사용처를 늦춘다","비교 후보(대체 가능성 미검증): GenericItemDefinitionSO:facility-kit:0, GenericItemDefinitionSO:facility-kit:1, GenericItemDefinitionSO:facility-kit:10, GenericItemDefinitionSO:facility-kit:1000, GenericItemDefinitionSO:facility-kit:1001, GenericItemDefinitionSO:facility-kit:1002, GenericItemDefinitionSO:facility-kit:1003, GenericItemDefinitionSO:facility-kit:1004, GenericItemDefinitionSO:facility-kit:1005, GenericItemDefinitionSO:facility-kit:1006, GenericItemDefinitionSO:facility-kit:1007, GenericItemDefinitionSO:facility-kit:1008 외 364개","생성 또는 거래·재고 입고·운반·보관·장착 또는 소비와 하류 주문 기록","과잉 재고·운반·보관·수리 또는 사용 시점 지연이 압력이 된다","실제 비교 후보·교역·재활용·수리·배급 조정 중 원본 기능에 맞는 경로로 재고 압력을 줄인다","설계 확정; 질량·가격·스택·부패·효과 수치는 source authority와 밸런스 기준서에서 별도 검증 OPEN"
"facility-kit:1612","향신료 선반 설치 키트","General (일반)","[{""rid"":7737211921623155341},{""rid"":7737211921623155342}]","해당 없음: GenericItemDefinitionSO","8","40","게임 내 역할은 시설 설치와 구성, 생산망의 입력·출력에 연결된다.","이 물자의 원본 기능을 위해 보관·운반·소비·거래 중 한 경로에 재고를 배정해 다른 사용처를 늦춘다","비교 후보(대체 가능성 미검증): GenericItemDefinitionSO:facility-kit:0, GenericItemDefinitionSO:facility-kit:1, GenericItemDefinitionSO:facility-kit:10, GenericItemDefinitionSO:facility-kit:1000, GenericItemDefinitionSO:facility-kit:1001, GenericItemDefinitionSO:facility-kit:1002, GenericItemDefinitionSO:facility-kit:1003, GenericItemDefinitionSO:facility-kit:1004, GenericItemDefinitionSO:facility-kit:1005, GenericItemDefinitionSO:facility-kit:1006, GenericItemDefinitionSO:facility-kit:1007, GenericItemDefinitionSO:facility-kit:1008 외 364개","생성 또는 거래·재고 입고·운반·보관·장착 또는 소비와 하류 주문 기록","과잉 재고·운반·보관·수리 또는 사용 시점 지연이 압력이 된다","실제 비교 후보·교역·재활용·수리·배급 조정 중 원본 기능에 맞는 경로로 재고 압력을 줄인다","설계 확정; 질량·가격·스택·부패·효과 수치는 source authority와 밸런스 기준서에서 별도 검증 OPEN"
"facility-kit:1613","염장·절임조 설치 키트","General (일반)","[{""rid"":7737211921623155343},{""rid"":7737211921623155344}]","해당 없음: GenericItemDefinitionSO","8","40","게임 내 역할은 시설 설치와 구성, 생산망의 입력·출력에 연결된다.","이 물자의 원본 기능을 위해 보관·운반·소비·거래 중 한 경로에 재고를 배정해 다른 사용처를 늦춘다","비교 후보(대체 가능성 미검증): GenericItemDefinitionSO:facility-kit:0, GenericItemDefinitionSO:facility-kit:1, GenericItemDefinitionSO:facility-kit:10, GenericItemDefinitionSO:facility-kit:1000, GenericItemDefinitionSO:facility-kit:1001, GenericItemDefinitionSO:facility-kit:1002, GenericItemDefinitionSO:facility-kit:1003, GenericItemDefinitionSO:facility-kit:1004, GenericItemDefinitionSO:facility-kit:1005, GenericItemDefinitionSO:facility-kit:1006, GenericItemDefinitionSO:facility-kit:1007, GenericItemDefinitionSO:facility-kit:1008 외 364개","생성 또는 거래·재고 입고·운반·보관·장착 또는 소비와 하류 주문 기록","과잉 재고·운반·보관·수리 또는 사용 시점 지연이 압력이 된다","실제 비교 후보·교역·재활용·수리·배급 조정 중 원본 기능에 맞는 경로로 재고 압력을 줄인다","설계 확정; 질량·가격·스택·부패·효과 수치는 source authority와 밸런스 기준서에서 별도 검증 OPEN"
"facility-kit:1614","치즈 응고조 설치 키트","General (일반)","[{""rid"":7737211921623155345},{""rid"":7737211921623155346}]","해당 없음: GenericItemDefinitionSO","8","40","게임 내 역할은 시설 설치와 구성, 생산망의 입력·출력에 연결된다.","이 물자의 원본 기능을 위해 보관·운반·소비·거래 중 한 경로에 재고를 배정해 다른 사용처를 늦춘다","비교 후보(대체 가능성 미검증): GenericItemDefinitionSO:facility-kit:0, GenericItemDefinitionSO:facility-kit:1, GenericItemDefinitionSO:facility-kit:10, GenericItemDefinitionSO:facility-kit:1000, GenericItemDefinitionSO:facility-kit:1001, GenericItemDefinitionSO:facility-kit:1002, GenericItemDefinitionSO:facility-kit:1003, GenericItemDefinitionSO:facility-kit:1004, GenericItemDefinitionSO:facility-kit:1005, GenericItemDefinitionSO:facility-kit:1006, GenericItemDefinitionSO:facility-kit:1007, GenericItemDefinitionSO:facility-kit:1008 외 364개","생성 또는 거래·재고 입고·운반·보관·장착 또는 소비와 하류 주문 기록","과잉 재고·운반·보관·수리 또는 사용 시점 지연이 압력이 된다","실제 비교 후보·교역·재활용·수리·배급 조정 중 원본 기능에 맞는 경로로 재고 압력을 줄인다","설계 확정; 질량·가격·스택·부패·효과 수치는 source authority와 밸런스 기준서에서 별도 검증 OPEN"
"facility-kit:1615","치즈 숙성 선반 설치 키트","General (일반)","[{""rid"":7737211921623155347},{""rid"":7737211921623155348}]","해당 없음: GenericItemDefinitionSO","8","40","게임 내 역할은 시설 설치와 구성, 생산망의 입력·출력에 연결된다.","이 물자의 원본 기능을 위해 보관·운반·소비·거래 중 한 경로에 재고를 배정해 다른 사용처를 늦춘다","비교 후보(대체 가능성 미검증): GenericItemDefinitionSO:facility-kit:0, GenericItemDefinitionSO:facility-kit:1, GenericItemDefinitionSO:facility-kit:10, GenericItemDefinitionSO:facility-kit:1000, GenericItemDefinitionSO:facility-kit:1001, GenericItemDefinitionSO:facility-kit:1002, GenericItemDefinitionSO:facility-kit:1003, GenericItemDefinitionSO:facility-kit:1004, GenericItemDefinitionSO:facility-kit:1005, GenericItemDefinitionSO:facility-kit:1006, GenericItemDefinitionSO:facility-kit:1007, GenericItemDefinitionSO:facility-kit:1008 외 364개","생성 또는 거래·재고 입고·운반·보관·장착 또는 소비와 하류 주문 기록","과잉 재고·운반·보관·수리 또는 사용 시점 지연이 압력이 된다","실제 비교 후보·교역·재활용·수리·배급 조정 중 원본 기능에 맞는 경로로 재고 압력을 줄인다","설계 확정; 질량·가격·스택·부패·효과 수치는 source authority와 밸런스 기준서에서 별도 검증 OPEN"
"facility-kit:1616","영양 배합 저울 설치 키트","General (일반)","[{""rid"":7737211921623155349},{""rid"":7737211921623155350}]","해당 없음: GenericItemDefinitionSO","8","40","게임 내 역할은 시설 설치와 구성, 생산망의 입력·출력에 연결된다.","이 물자의 원본 기능을 위해 보관·운반·소비·거래 중 한 경로에 재고를 배정해 다른 사용처를 늦춘다","비교 후보(대체 가능성 미검증): GenericItemDefinitionSO:facility-kit:0, GenericItemDefinitionSO:facility-kit:1, GenericItemDefinitionSO:facility-kit:10, GenericItemDefinitionSO:facility-kit:1000, GenericItemDefinitionSO:facility-kit:1001, GenericItemDefinitionSO:facility-kit:1002, GenericItemDefinitionSO:facility-kit:1003, GenericItemDefinitionSO:facility-kit:1004, GenericItemDefinitionSO:facility-kit:1005, GenericItemDefinitionSO:facility-kit:1006, GenericItemDefinitionSO:facility-kit:1007, GenericItemDefinitionSO:facility-kit:1008 외 364개","생성 또는 거래·재고 입고·운반·보관·장착 또는 소비와 하류 주문 기록","과잉 재고·운반·보관·수리 또는 사용 시점 지연이 압력이 된다","실제 비교 후보·교역·재활용·수리·배급 조정 중 원본 기능에 맞는 경로로 재고 압력을 줄인다","설계 확정; 질량·가격·스택·부패·효과 수치는 source authority와 밸런스 기준서에서 별도 검증 OPEN"
"facility-kit:1617","연기 포집 후드 설치 키트","General (일반)","[{""rid"":7737211921623155351},{""rid"":7737211921623155352}]","해당 없음: GenericItemDefinitionSO","8","60","게임 내 역할은 시설 설치와 구성, 생산망의 입력·출력에 연결된다.","이 물자의 원본 기능을 위해 보관·운반·소비·거래 중 한 경로에 재고를 배정해 다른 사용처를 늦춘다","비교 후보(대체 가능성 미검증): GenericItemDefinitionSO:facility-kit:0, GenericItemDefinitionSO:facility-kit:1, GenericItemDefinitionSO:facility-kit:10, GenericItemDefinitionSO:facility-kit:1000, GenericItemDefinitionSO:facility-kit:1001, GenericItemDefinitionSO:facility-kit:1002, GenericItemDefinitionSO:facility-kit:1003, GenericItemDefinitionSO:facility-kit:1004, GenericItemDefinitionSO:facility-kit:1005, GenericItemDefinitionSO:facility-kit:1006, GenericItemDefinitionSO:facility-kit:1007, GenericItemDefinitionSO:facility-kit:1008 외 364개","생성 또는 거래·재고 입고·운반·보관·장착 또는 소비와 하류 주문 기록","과잉 재고·운반·보관·수리 또는 사용 시점 지연이 압력이 된다","실제 비교 후보·교역·재활용·수리·배급 조정 중 원본 기능에 맞는 경로로 재고 압력을 줄인다","설계 확정; 질량·가격·스택·부패·효과 수치는 source authority와 밸런스 기준서에서 별도 검증 OPEN"
"facility-kit:1618","목재 처리조 설치 키트","General (일반)","[{""rid"":7737211921623155353},{""rid"":7737211921623155354}]","해당 없음: GenericItemDefinitionSO","8","40","게임 내 역할은 시설 설치와 구성, 생산망의 입력·출력에 연결된다.","이 물자의 원본 기능을 위해 보관·운반·소비·거래 중 한 경로에 재고를 배정해 다른 사용처를 늦춘다","비교 후보(대체 가능성 미검증): GenericItemDefinitionSO:facility-kit:0, GenericItemDefinitionSO:facility-kit:1, GenericItemDefinitionSO:facility-kit:10, GenericItemDefinitionSO:facility-kit:1000, GenericItemDefinitionSO:facility-kit:1001, GenericItemDefinitionSO:facility-kit:1002, GenericItemDefinitionSO:facility-kit:1003, GenericItemDefinitionSO:facility-kit:1004, GenericItemDefinitionSO:facility-kit:1005, GenericItemDefinitionSO:facility-kit:1006, GenericItemDefinitionSO:facility-kit:1007, GenericItemDefinitionSO:facility-kit:1008 외 364개","생성 또는 거래·재고 입고·운반·보관·장착 또는 소비와 하류 주문 기록","과잉 재고·운반·보관·수리 또는 사용 시점 지연이 압력이 된다","실제 비교 후보·교역·재활용·수리·배급 조정 중 원본 기능에 맞는 경로로 재고 압력을 줄인다","설계 확정; 질량·가격·스택·부패·효과 수치는 source authority와 밸런스 기준서에서 별도 검증 OPEN"
"facility-kit:1619","정밀 연마기 설치 키트","General (일반)","[{""rid"":7737211921623155355},{""rid"":7737211921623155356}]","해당 없음: GenericItemDefinitionSO","8","60","게임 내 역할은 시설 설치와 구성, 생산망의 입력·출력에 연결된다.","이 물자의 원본 기능을 위해 보관·운반·소비·거래 중 한 경로에 재고를 배정해 다른 사용처를 늦춘다","비교 후보(대체 가능성 미검증): GenericItemDefinitionSO:facility-kit:0, GenericItemDefinitionSO:facility-kit:1, GenericItemDefinitionSO:facility-kit:10, GenericItemDefinitionSO:facility-kit:1000, GenericItemDefinitionSO:facility-kit:1001, GenericItemDefinitionSO:facility-kit:1002, GenericItemDefinitionSO:facility-kit:1003, GenericItemDefinitionSO:facility-kit:1004, GenericItemDefinitionSO:facility-kit:1005, GenericItemDefinitionSO:facility-kit:1006, GenericItemDefinitionSO:facility-kit:1007, GenericItemDefinitionSO:facility-kit:1008 외 364개","생성 또는 거래·재고 입고·운반·보관·장착 또는 소비와 하류 주문 기록","과잉 재고·운반·보관·수리 또는 사용 시점 지연이 압력이 된다","실제 비교 후보·교역·재활용·수리·배급 조정 중 원본 기능에 맞는 경로로 재고 압력을 줄인다","설계 확정; 질량·가격·스택·부패·효과 수치는 source authority와 밸런스 기준서에서 별도 검증 OPEN"
"facility-kit:1620","도가니 선반 설치 키트","General (일반)","[{""rid"":7737211921623155357},{""rid"":7737211921623155358}]","해당 없음: GenericItemDefinitionSO","8","40","게임 내 역할은 시설 설치와 구성, 생산망의 입력·출력에 연결된다.","이 물자의 원본 기능을 위해 보관·운반·소비·거래 중 한 경로에 재고를 배정해 다른 사용처를 늦춘다","비교 후보(대체 가능성 미검증): GenericItemDefinitionSO:facility-kit:0, GenericItemDefinitionSO:facility-kit:1, GenericItemDefinitionSO:facility-kit:10, GenericItemDefinitionSO:facility-kit:1000, GenericItemDefinitionSO:facility-kit:1001, GenericItemDefinitionSO:facility-kit:1002, GenericItemDefinitionSO:facility-kit:1003, GenericItemDefinitionSO:facility-kit:1004, GenericItemDefinitionSO:facility-kit:1005, GenericItemDefinitionSO:facility-kit:1006, GenericItemDefinitionSO:facility-kit:1007, GenericItemDefinitionSO:facility-kit:1008 외 364개","생성 또는 거래·재고 입고·운반·보관·장착 또는 소비와 하류 주문 기록","과잉 재고·운반·보관·수리 또는 사용 시점 지연이 압력이 된다","실제 비교 후보·교역·재활용·수리·배급 조정 중 원본 기능에 맞는 경로로 재고 압력을 줄인다","설계 확정; 질량·가격·스택·부패·효과 수치는 source authority와 밸런스 기준서에서 별도 검증 OPEN"
"facility-kit:1621","세공 도구함 설치 키트","General (일반)","[{""rid"":7737211921623155359},{""rid"":7737211921623155360}]","해당 없음: GenericItemDefinitionSO","8","40","게임 내 역할은 시설 설치와 구성, 생산망의 입력·출력에 연결된다.","이 물자의 원본 기능을 위해 보관·운반·소비·거래 중 한 경로에 재고를 배정해 다른 사용처를 늦춘다","비교 후보(대체 가능성 미검증): GenericItemDefinitionSO:facility-kit:0, GenericItemDefinitionSO:facility-kit:1, GenericItemDefinitionSO:facility-kit:10, GenericItemDefinitionSO:facility-kit:1000, GenericItemDefinitionSO:facility-kit:1001, GenericItemDefinitionSO:facility-kit:1002, GenericItemDefinitionSO:facility-kit:1003, GenericItemDefinitionSO:facility-kit:1004, GenericItemDefinitionSO:facility-kit:1005, GenericItemDefinitionSO:facility-kit:1006, GenericItemDefinitionSO:facility-kit:1007, GenericItemDefinitionSO:facility-kit:1008 외 364개","생성 또는 거래·재고 입고·운반·보관·장착 또는 소비와 하류 주문 기록","과잉 재고·운반·보관·수리 또는 사용 시점 지연이 압력이 된다","실제 비교 후보·교역·재활용·수리·배급 조정 중 원본 기능에 맞는 경로로 재고 압력을 줄인다","설계 확정; 질량·가격·스택·부패·효과 수치는 source authority와 밸런스 기준서에서 별도 검증 OPEN"
"facility-kit:1622","마나 안정기 설치 키트","General (일반)","[{""rid"":7737211921623155361},{""rid"":7737211921623155362}]","해당 없음: GenericItemDefinitionSO","8","60","게임 내 역할은 시설 설치와 구성, 생산망의 입력·출력에 연결된다.","이 물자의 원본 기능을 위해 보관·운반·소비·거래 중 한 경로에 재고를 배정해 다른 사용처를 늦춘다","비교 후보(대체 가능성 미검증): GenericItemDefinitionSO:facility-kit:0, GenericItemDefinitionSO:facility-kit:1, GenericItemDefinitionSO:facility-kit:10, GenericItemDefinitionSO:facility-kit:1000, GenericItemDefinitionSO:facility-kit:1001, GenericItemDefinitionSO:facility-kit:1002, GenericItemDefinitionSO:facility-kit:1003, GenericItemDefinitionSO:facility-kit:1004, GenericItemDefinitionSO:facility-kit:1005, GenericItemDefinitionSO:facility-kit:1006, GenericItemDefinitionSO:facility-kit:1007, GenericItemDefinitionSO:facility-kit:1008 외 364개","생성 또는 거래·재고 입고·운반·보관·장착 또는 소비와 하류 주문 기록","과잉 재고·운반·보관·수리 또는 사용 시점 지연이 압력이 된다","실제 비교 후보·교역·재활용·수리·배급 조정 중 원본 기능에 맞는 경로로 재고 압력을 줄인다","설계 확정; 질량·가격·스택·부패·효과 수치는 source authority와 밸런스 기준서에서 별도 검증 OPEN"
"facility-kit:1623","직조 보조 선반 설치 키트","General (일반)","[{""rid"":7737211921623155363},{""rid"":7737211921623155364}]","해당 없음: GenericItemDefinitionSO","8","40","게임 내 역할은 시설 설치와 구성, 생산망의 입력·출력에 연결된다.","이 물자의 원본 기능을 위해 보관·운반·소비·거래 중 한 경로에 재고를 배정해 다른 사용처를 늦춘다","비교 후보(대체 가능성 미검증): GenericItemDefinitionSO:facility-kit:0, GenericItemDefinitionSO:facility-kit:1, GenericItemDefinitionSO:facility-kit:10, GenericItemDefinitionSO:facility-kit:1000, GenericItemDefinitionSO:facility-kit:1001, GenericItemDefinitionSO:facility-kit:1002, GenericItemDefinitionSO:facility-kit:1003, GenericItemDefinitionSO:facility-kit:1004, GenericItemDefinitionSO:facility-kit:1005, GenericItemDefinitionSO:facility-kit:1006, GenericItemDefinitionSO:facility-kit:1007, GenericItemDefinitionSO:facility-kit:1008 외 364개","생성 또는 거래·재고 입고·운반·보관·장착 또는 소비와 하류 주문 기록","과잉 재고·운반·보관·수리 또는 사용 시점 지연이 압력이 된다","실제 비교 후보·교역·재활용·수리·배급 조정 중 원본 기능에 맞는 경로로 재고 압력을 줄인다","설계 확정; 질량·가격·스택·부패·효과 수치는 source authority와 밸런스 기준서에서 별도 검증 OPEN"
"facility-kit:1624","무균 약품 보관함 설치 키트","General (일반)","[{""rid"":7737211921623155365},{""rid"":7737211921623155366}]","해당 없음: GenericItemDefinitionSO","8","60","게임 내 역할은 시설 설치와 구성, 생산망의 입력·출력에 연결된다.","이 물자의 원본 기능을 위해 보관·운반·소비·거래 중 한 경로에 재고를 배정해 다른 사용처를 늦춘다","비교 후보(대체 가능성 미검증): GenericItemDefinitionSO:facility-kit:0, GenericItemDefinitionSO:facility-kit:1, GenericItemDefinitionSO:facility-kit:10, GenericItemDefinitionSO:facility-kit:1000, GenericItemDefinitionSO:facility-kit:1001, GenericItemDefinitionSO:facility-kit:1002, GenericItemDefinitionSO:facility-kit:1003, GenericItemDefinitionSO:facility-kit:1004, GenericItemDefinitionSO:facility-kit:1005, GenericItemDefinitionSO:facility-kit:1006, GenericItemDefinitionSO:facility-kit:1007, GenericItemDefinitionSO:facility-kit:1008 외 364개","생성 또는 거래·재고 입고·운반·보관·장착 또는 소비와 하류 주문 기록","과잉 재고·운반·보관·수리 또는 사용 시점 지연이 압력이 된다","실제 비교 후보·교역·재활용·수리·배급 조정 중 원본 기능에 맞는 경로로 재고 압력을 줄인다","설계 확정; 질량·가격·스택·부패·효과 수치는 source authority와 밸런스 기준서에서 별도 검증 OPEN"
"facility-kit:1625","마나 응축기 설치 키트","General (일반)","[{""rid"":7737211921623155367},{""rid"":7737211921623155368}]","해당 없음: GenericItemDefinitionSO","8","60","게임 내 역할은 시설 설치와 구성, 생산망의 입력·출력에 연결된다.","이 물자의 원본 기능을 위해 보관·운반·소비·거래 중 한 경로에 재고를 배정해 다른 사용처를 늦춘다","비교 후보(대체 가능성 미검증): GenericItemDefinitionSO:facility-kit:0, GenericItemDefinitionSO:facility-kit:1, GenericItemDefinitionSO:facility-kit:10, GenericItemDefinitionSO:facility-kit:1000, GenericItemDefinitionSO:facility-kit:1001, GenericItemDefinitionSO:facility-kit:1002, GenericItemDefinitionSO:facility-kit:1003, GenericItemDefinitionSO:facility-kit:1004, GenericItemDefinitionSO:facility-kit:1005, GenericItemDefinitionSO:facility-kit:1006, GenericItemDefinitionSO:facility-kit:1007, GenericItemDefinitionSO:facility-kit:1008 외 364개","생성 또는 거래·재고 입고·운반·보관·장착 또는 소비와 하류 주문 기록","과잉 재고·운반·보관·수리 또는 사용 시점 지연이 압력이 된다","실제 비교 후보·교역·재활용·수리·배급 조정 중 원본 기능에 맞는 경로로 재고 압력을 줄인다","설계 확정; 질량·가격·스택·부패·효과 수치는 source authority와 밸런스 기준서에서 별도 검증 OPEN"
"facility-kit:1626","대장 도구함 설치 키트","General (일반)","[{""rid"":7737211921623155369},{""rid"":7737211921623155370}]","해당 없음: GenericItemDefinitionSO","8","40","게임 내 역할은 시설 설치와 구성, 생산망의 입력·출력에 연결된다.","이 물자의 원본 기능을 위해 보관·운반·소비·거래 중 한 경로에 재고를 배정해 다른 사용처를 늦춘다","비교 후보(대체 가능성 미검증): GenericItemDefinitionSO:facility-kit:0, GenericItemDefinitionSO:facility-kit:1, GenericItemDefinitionSO:facility-kit:10, GenericItemDefinitionSO:facility-kit:1000, GenericItemDefinitionSO:facility-kit:1001, GenericItemDefinitionSO:facility-kit:1002, GenericItemDefinitionSO:facility-kit:1003, GenericItemDefinitionSO:facility-kit:1004, GenericItemDefinitionSO:facility-kit:1005, GenericItemDefinitionSO:facility-kit:1006, GenericItemDefinitionSO:facility-kit:1007, GenericItemDefinitionSO:facility-kit:1008 외 364개","생성 또는 거래·재고 입고·운반·보관·장착 또는 소비와 하류 주문 기록","과잉 재고·운반·보관·수리 또는 사용 시점 지연이 압력이 된다","실제 비교 후보·교역·재활용·수리·배급 조정 중 원본 기능에 맞는 경로로 재고 압력을 줄인다","설계 확정; 질량·가격·스택·부패·효과 수치는 source authority와 밸런스 기준서에서 별도 검증 OPEN"
"facility-kit:1627","실내 생장 제어기 설치 키트","General (일반)","[{""rid"":7737211921623155371},{""rid"":7737211921623155372}]","해당 없음: GenericItemDefinitionSO","8","60","게임 내 역할은 시설 설치와 구성, 생산망의 입력·출력에 연결된다.","이 물자의 원본 기능을 위해 보관·운반·소비·거래 중 한 경로에 재고를 배정해 다른 사용처를 늦춘다","비교 후보(대체 가능성 미검증): GenericItemDefinitionSO:facility-kit:0, GenericItemDefinitionSO:facility-kit:1, GenericItemDefinitionSO:facility-kit:10, GenericItemDefinitionSO:facility-kit:1000, GenericItemDefinitionSO:facility-kit:1001, GenericItemDefinitionSO:facility-kit:1002, GenericItemDefinitionSO:facility-kit:1003, GenericItemDefinitionSO:facility-kit:1004, GenericItemDefinitionSO:facility-kit:1005, GenericItemDefinitionSO:facility-kit:1006, GenericItemDefinitionSO:facility-kit:1007, GenericItemDefinitionSO:facility-kit:1008 외 364개","생성 또는 거래·재고 입고·운반·보관·장착 또는 소비와 하류 주문 기록","과잉 재고·운반·보관·수리 또는 사용 시점 지연이 압력이 된다","실제 비교 후보·교역·재활용·수리·배급 조정 중 원본 기능에 맞는 경로로 재고 압력을 줄인다","설계 확정; 질량·가격·스택·부패·효과 수치는 source authority와 밸런스 기준서에서 별도 검증 OPEN"
"facility-kit:17","마력 저장소 설치 키트","General (일반)","[{""rid"":7737211921623155373},{""rid"":7737211921623155374}]","해당 없음: GenericItemDefinitionSO","8","1","게임 내 역할은 시설 설치와 구성, 생산망의 입력·출력에 연결된다.","이 물자의 원본 기능을 위해 보관·운반·소비·거래 중 한 경로에 재고를 배정해 다른 사용처를 늦춘다","비교 후보(대체 가능성 미검증): GenericItemDefinitionSO:facility-kit:0, GenericItemDefinitionSO:facility-kit:1, GenericItemDefinitionSO:facility-kit:10, GenericItemDefinitionSO:facility-kit:1000, GenericItemDefinitionSO:facility-kit:1001, GenericItemDefinitionSO:facility-kit:1002, GenericItemDefinitionSO:facility-kit:1003, GenericItemDefinitionSO:facility-kit:1004, GenericItemDefinitionSO:facility-kit:1005, GenericItemDefinitionSO:facility-kit:1006, GenericItemDefinitionSO:facility-kit:1007, GenericItemDefinitionSO:facility-kit:1008 외 364개","생성 또는 거래·재고 입고·운반·보관·장착 또는 소비와 하류 주문 기록","과잉 재고·운반·보관·수리 또는 사용 시점 지연이 압력이 된다","실제 비교 후보·교역·재활용·수리·배급 조정 중 원본 기능에 맞는 경로로 재고 압력을 줄인다","설계 확정; 질량·가격·스택·부패·효과 수치는 source authority와 밸런스 기준서에서 별도 검증 OPEN"
"facility-kit:1700","숙박 접수대 설치 키트","General (일반)","[{""rid"":7737211921623155375},{""rid"":7737211921623155376}]","해당 없음: GenericItemDefinitionSO","8","24","게임 내 역할은 시설 설치와 구성, 생산망의 입력·출력에 연결된다.","이 물자의 원본 기능을 위해 보관·운반·소비·거래 중 한 경로에 재고를 배정해 다른 사용처를 늦춘다","비교 후보(대체 가능성 미검증): GenericItemDefinitionSO:facility-kit:0, GenericItemDefinitionSO:facility-kit:1, GenericItemDefinitionSO:facility-kit:10, GenericItemDefinitionSO:facility-kit:1000, GenericItemDefinitionSO:facility-kit:1001, GenericItemDefinitionSO:facility-kit:1002, GenericItemDefinitionSO:facility-kit:1003, GenericItemDefinitionSO:facility-kit:1004, GenericItemDefinitionSO:facility-kit:1005, GenericItemDefinitionSO:facility-kit:1006, GenericItemDefinitionSO:facility-kit:1007, GenericItemDefinitionSO:facility-kit:1008 외 364개","생성 또는 거래·재고 입고·운반·보관·장착 또는 소비와 하류 주문 기록","과잉 재고·운반·보관·수리 또는 사용 시점 지연이 압력이 된다","실제 비교 후보·교역·재활용·수리·배급 조정 중 원본 기능에 맞는 경로로 재고 압력을 줄인다","설계 확정; 질량·가격·스택·부패·효과 수치는 source authority와 밸런스 기준서에서 별도 검증 OPEN"
"facility-kit:1701","목욕 접수대 설치 키트","General (일반)","[{""rid"":7737211921623155377},{""rid"":7737211921623155378}]","해당 없음: GenericItemDefinitionSO","8","24","게임 내 역할은 시설 설치와 구성, 생산망의 입력·출력에 연결된다.","이 물자의 원본 기능을 위해 보관·운반·소비·거래 중 한 경로에 재고를 배정해 다른 사용처를 늦춘다","비교 후보(대체 가능성 미검증): GenericItemDefinitionSO:facility-kit:0, GenericItemDefinitionSO:facility-kit:1, GenericItemDefinitionSO:facility-kit:10, GenericItemDefinitionSO:facility-kit:1000, GenericItemDefinitionSO:facility-kit:1001, GenericItemDefinitionSO:facility-kit:1002, GenericItemDefinitionSO:facility-kit:1003, GenericItemDefinitionSO:facility-kit:1004, GenericItemDefinitionSO:facility-kit:1005, GenericItemDefinitionSO:facility-kit:1006, GenericItemDefinitionSO:facility-kit:1007, GenericItemDefinitionSO:facility-kit:1008 외 364개","생성 또는 거래·재고 입고·운반·보관·장착 또는 소비와 하류 주문 기록","과잉 재고·운반·보관·수리 또는 사용 시점 지연이 압력이 된다","실제 비교 후보·교역·재활용·수리·배급 조정 중 원본 기능에 맞는 경로로 재고 압력을 줄인다","설계 확정; 질량·가격·스택·부패·효과 수치는 source authority와 밸런스 기준서에서 별도 검증 OPEN"
"facility-kit:1702","의료 분류대 설치 키트","General (일반)","[{""rid"":7737211921623155379},{""rid"":7737211921623155380}]","해당 없음: GenericItemDefinitionSO","8","24","게임 내 역할은 시설 설치와 구성, 생산망의 입력·출력에 연결된다.","이 물자의 원본 기능을 위해 보관·운반·소비·거래 중 한 경로에 재고를 배정해 다른 사용처를 늦춘다","비교 후보(대체 가능성 미검증): GenericItemDefinitionSO:facility-kit:0, GenericItemDefinitionSO:facility-kit:1, GenericItemDefinitionSO:facility-kit:10, GenericItemDefinitionSO:facility-kit:1000, GenericItemDefinitionSO:facility-kit:1001, GenericItemDefinitionSO:facility-kit:1002, GenericItemDefinitionSO:facility-kit:1003, GenericItemDefinitionSO:facility-kit:1004, GenericItemDefinitionSO:facility-kit:1005, GenericItemDefinitionSO:facility-kit:1006, GenericItemDefinitionSO:facility-kit:1007, GenericItemDefinitionSO:facility-kit:1008 외 364개","생성 또는 거래·재고 입고·운반·보관·장착 또는 소비와 하류 주문 기록","과잉 재고·운반·보관·수리 또는 사용 시점 지연이 압력이 된다","실제 비교 후보·교역·재활용·수리·배급 조정 중 원본 기능에 맞는 경로로 재고 압력을 줄인다","설계 확정; 질량·가격·스택·부패·효과 수치는 source authority와 밸런스 기준서에서 별도 검증 OPEN"
"facility-kit:1703","순번판 설치 키트","General (일반)","[{""rid"":7737211921623155381},{""rid"":7737211921623155382}]","해당 없음: GenericItemDefinitionSO","8","24","게임 내 역할은 시설 설치와 구성, 생산망의 입력·출력에 연결된다.","이 물자의 원본 기능을 위해 보관·운반·소비·거래 중 한 경로에 재고를 배정해 다른 사용처를 늦춘다","비교 후보(대체 가능성 미검증): GenericItemDefinitionSO:facility-kit:0, GenericItemDefinitionSO:facility-kit:1, GenericItemDefinitionSO:facility-kit:10, GenericItemDefinitionSO:facility-kit:1000, GenericItemDefinitionSO:facility-kit:1001, GenericItemDefinitionSO:facility-kit:1002, GenericItemDefinitionSO:facility-kit:1003, GenericItemDefinitionSO:facility-kit:1004, GenericItemDefinitionSO:facility-kit:1005, GenericItemDefinitionSO:facility-kit:1006, GenericItemDefinitionSO:facility-kit:1007, GenericItemDefinitionSO:facility-kit:1008 외 364개","생성 또는 거래·재고 입고·운반·보관·장착 또는 소비와 하류 주문 기록","과잉 재고·운반·보관·수리 또는 사용 시점 지연이 압력이 된다","실제 비교 후보·교역·재활용·수리·배급 조정 중 원본 기능에 맞는 경로로 재고 압력을 줄인다","설계 확정; 질량·가격·스택·부패·효과 수치는 source authority와 밸런스 기준서에서 별도 검증 OPEN"
"facility-kit:1704","보온 배식대 설치 키트","General (일반)","[{""rid"":7737211921623155383},{""rid"":7737211921623155384}]","해당 없음: GenericItemDefinitionSO","8","40","게임 내 역할은 시설 설치와 구성, 생산망의 입력·출력에 연결된다.","이 물자의 원본 기능을 위해 보관·운반·소비·거래 중 한 경로에 재고를 배정해 다른 사용처를 늦춘다","비교 후보(대체 가능성 미검증): GenericItemDefinitionSO:facility-kit:0, GenericItemDefinitionSO:facility-kit:1, GenericItemDefinitionSO:facility-kit:10, GenericItemDefinitionSO:facility-kit:1000, GenericItemDefinitionSO:facility-kit:1001, GenericItemDefinitionSO:facility-kit:1002, GenericItemDefinitionSO:facility-kit:1003, GenericItemDefinitionSO:facility-kit:1004, GenericItemDefinitionSO:facility-kit:1005, GenericItemDefinitionSO:facility-kit:1006, GenericItemDefinitionSO:facility-kit:1007, GenericItemDefinitionSO:facility-kit:1008 외 364개","생성 또는 거래·재고 입고·운반·보관·장착 또는 소비와 하류 주문 기록","과잉 재고·운반·보관·수리 또는 사용 시점 지연이 압력이 된다","실제 비교 후보·교역·재활용·수리·배급 조정 중 원본 기능에 맞는 경로로 재고 압력을 줄인다","설계 확정; 질량·가격·스택·부패·효과 수치는 source authority와 밸런스 기준서에서 별도 검증 OPEN"
"facility-kit:1705","자동 계산대 설치 키트","General (일반)","[{""rid"":7737211921623155385},{""rid"":7737211921623155386}]","해당 없음: GenericItemDefinitionSO","8","40","게임 내 역할은 시설 설치와 구성, 생산망의 입력·출력에 연결된다.","이 물자의 원본 기능을 위해 보관·운반·소비·거래 중 한 경로에 재고를 배정해 다른 사용처를 늦춘다","비교 후보(대체 가능성 미검증): GenericItemDefinitionSO:facility-kit:0, GenericItemDefinitionSO:facility-kit:1, GenericItemDefinitionSO:facility-kit:10, GenericItemDefinitionSO:facility-kit:1000, GenericItemDefinitionSO:facility-kit:1001, GenericItemDefinitionSO:facility-kit:1002, GenericItemDefinitionSO:facility-kit:1003, GenericItemDefinitionSO:facility-kit:1004, GenericItemDefinitionSO:facility-kit:1005, GenericItemDefinitionSO:facility-kit:1006, GenericItemDefinitionSO:facility-kit:1007, GenericItemDefinitionSO:facility-kit:1008 외 364개","생성 또는 거래·재고 입고·운반·보관·장착 또는 소비와 하류 주문 기록","과잉 재고·운반·보관·수리 또는 사용 시점 지연이 압력이 된다","실제 비교 후보·교역·재활용·수리·배급 조정 중 원본 기능에 맞는 경로로 재고 압력을 줄인다","설계 확정; 질량·가격·스택·부패·효과 수치는 source authority와 밸런스 기준서에서 별도 검증 OPEN"
"facility-kit:1706","슬라임 전용 좌석 설치 키트","General (일반)","[{""rid"":7737211921623155387},{""rid"":7737211921623155388}]","해당 없음: GenericItemDefinitionSO","8","24","게임 내 역할은 시설 설치와 구성, 생산망의 입력·출력에 연결된다.","이 물자의 원본 기능을 위해 보관·운반·소비·거래 중 한 경로에 재고를 배정해 다른 사용처를 늦춘다","비교 후보(대체 가능성 미검증): GenericItemDefinitionSO:facility-kit:0, GenericItemDefinitionSO:facility-kit:1, GenericItemDefinitionSO:facility-kit:10, GenericItemDefinitionSO:facility-kit:1000, GenericItemDefinitionSO:facility-kit:1001, GenericItemDefinitionSO:facility-kit:1002, GenericItemDefinitionSO:facility-kit:1003, GenericItemDefinitionSO:facility-kit:1004, GenericItemDefinitionSO:facility-kit:1005, GenericItemDefinitionSO:facility-kit:1006, GenericItemDefinitionSO:facility-kit:1007, GenericItemDefinitionSO:facility-kit:1008 외 364개","생성 또는 거래·재고 입고·운반·보관·장착 또는 소비와 하류 주문 기록","과잉 재고·운반·보관·수리 또는 사용 시점 지연이 압력이 된다","실제 비교 후보·교역·재활용·수리·배급 조정 중 원본 기능에 맞는 경로로 재고 압력을 줄인다","설계 확정; 질량·가격·스택·부패·효과 수치는 source authority와 밸런스 기준서에서 별도 검증 OPEN"
"facility-kit:1707","오크 전용 좌석 설치 키트","General (일반)","[{""rid"":7737211921623155389},{""rid"":7737211921623155390}]","해당 없음: GenericItemDefinitionSO","8","24","게임 내 역할은 시설 설치와 구성, 생산망의 입력·출력에 연결된다.","이 물자의 원본 기능을 위해 보관·운반·소비·거래 중 한 경로에 재고를 배정해 다른 사용처를 늦춘다","비교 후보(대체 가능성 미검증): GenericItemDefinitionSO:facility-kit:0, GenericItemDefinitionSO:facility-kit:1, GenericItemDefinitionSO:facility-kit:10, GenericItemDefinitionSO:facility-kit:1000, GenericItemDefinitionSO:facility-kit:1001, GenericItemDefinitionSO:facility-kit:1002, GenericItemDefinitionSO:facility-kit:1003, GenericItemDefinitionSO:facility-kit:1004, GenericItemDefinitionSO:facility-kit:1005, GenericItemDefinitionSO:facility-kit:1006, GenericItemDefinitionSO:facility-kit:1007, GenericItemDefinitionSO:facility-kit:1008 외 364개","생성 또는 거래·재고 입고·운반·보관·장착 또는 소비와 하류 주문 기록","과잉 재고·운반·보관·수리 또는 사용 시점 지연이 압력이 된다","실제 비교 후보·교역·재활용·수리·배급 조정 중 원본 기능에 맞는 경로로 재고 압력을 줄인다","설계 확정; 질량·가격·스택·부패·효과 수치는 source authority와 밸런스 기준서에서 별도 검증 OPEN"
"facility-kit:1708","뱀파이어 전용 좌석 설치 키트","General (일반)","[{""rid"":7737211921623155391},{""rid"":7737211921623155392}]","해당 없음: GenericItemDefinitionSO","8","24","게임 내 역할은 시설 설치와 구성, 생산망의 입력·출력에 연결된다.","이 물자의 원본 기능을 위해 보관·운반·소비·거래 중 한 경로에 재고를 배정해 다른 사용처를 늦춘다","비교 후보(대체 가능성 미검증): GenericItemDefinitionSO:facility-kit:0, GenericItemDefinitionSO:facility-kit:1, GenericItemDefinitionSO:facility-kit:10, GenericItemDefinitionSO:facility-kit:1000, GenericItemDefinitionSO:facility-kit:1001, GenericItemDefinitionSO:facility-kit:1002, GenericItemDefinitionSO:facility-kit:1003, GenericItemDefinitionSO:facility-kit:1004, GenericItemDefinitionSO:facility-kit:1005, GenericItemDefinitionSO:facility-kit:1006, GenericItemDefinitionSO:facility-kit:1007, GenericItemDefinitionSO:facility-kit:1008 외 364개","생성 또는 거래·재고 입고·운반·보관·장착 또는 소비와 하류 주문 기록","과잉 재고·운반·보관·수리 또는 사용 시점 지연이 압력이 된다","실제 비교 후보·교역·재활용·수리·배급 조정 중 원본 기능에 맞는 경로로 재고 압력을 줄인다","설계 확정; 질량·가격·스택·부패·효과 수치는 source authority와 밸런스 기준서에서 별도 검증 OPEN"
"facility-kit:1709","객실 정리함 설치 키트","General (일반)","[{""rid"":7737211921623155393},{""rid"":7737211921623155394}]","해당 없음: GenericItemDefinitionSO","8","24","게임 내 역할은 시설 설치와 구성, 생산망의 입력·출력에 연결된다.","이 물자의 원본 기능을 위해 보관·운반·소비·거래 중 한 경로에 재고를 배정해 다른 사용처를 늦춘다","비교 후보(대체 가능성 미검증): GenericItemDefinitionSO:facility-kit:0, GenericItemDefinitionSO:facility-kit:1, GenericItemDefinitionSO:facility-kit:10, GenericItemDefinitionSO:facility-kit:1000, GenericItemDefinitionSO:facility-kit:1001, GenericItemDefinitionSO:facility-kit:1002, GenericItemDefinitionSO:facility-kit:1003, GenericItemDefinitionSO:facility-kit:1004, GenericItemDefinitionSO:facility-kit:1005, GenericItemDefinitionSO:facility-kit:1006, GenericItemDefinitionSO:facility-kit:1007, GenericItemDefinitionSO:facility-kit:1008 외 364개","생성 또는 거래·재고 입고·운반·보관·장착 또는 소비와 하류 주문 기록","과잉 재고·운반·보관·수리 또는 사용 시점 지연이 압력이 된다","실제 비교 후보·교역·재활용·수리·배급 조정 중 원본 기능에 맞는 경로로 재고 압력을 줄인다","설계 확정; 질량·가격·스택·부패·효과 수치는 source authority와 밸런스 기준서에서 별도 검증 OPEN"
"facility-kit:1710","목욕 위생대 설치 키트","General (일반)","[{""rid"":7737211921623155395},{""rid"":7737211921623155396}]","해당 없음: GenericItemDefinitionSO","8","24","게임 내 역할은 시설 설치와 구성, 생산망의 입력·출력에 연결된다.","이 물자의 원본 기능을 위해 보관·운반·소비·거래 중 한 경로에 재고를 배정해 다른 사용처를 늦춘다","비교 후보(대체 가능성 미검증): GenericItemDefinitionSO:facility-kit:0, GenericItemDefinitionSO:facility-kit:1, GenericItemDefinitionSO:facility-kit:10, GenericItemDefinitionSO:facility-kit:1000, GenericItemDefinitionSO:facility-kit:1001, GenericItemDefinitionSO:facility-kit:1002, GenericItemDefinitionSO:facility-kit:1003, GenericItemDefinitionSO:facility-kit:1004, GenericItemDefinitionSO:facility-kit:1005, GenericItemDefinitionSO:facility-kit:1006, GenericItemDefinitionSO:facility-kit:1007, GenericItemDefinitionSO:facility-kit:1008 외 364개","생성 또는 거래·재고 입고·운반·보관·장착 또는 소비와 하류 주문 기록","과잉 재고·운반·보관·수리 또는 사용 시점 지연이 압력이 된다","실제 비교 후보·교역·재활용·수리·배급 조정 중 원본 기능에 맞는 경로로 재고 압력을 줄인다","설계 확정; 질량·가격·스택·부패·효과 수치는 source authority와 밸런스 기준서에서 별도 검증 OPEN"
"facility-kit:1711","의료 호출판 설치 키트","General (일반)","[{""rid"":7737211921623155397},{""rid"":7737211921623155398}]","해당 없음: GenericItemDefinitionSO","8","24","게임 내 역할은 시설 설치와 구성, 생산망의 입력·출력에 연결된다.","이 물자의 원본 기능을 위해 보관·운반·소비·거래 중 한 경로에 재고를 배정해 다른 사용처를 늦춘다","비교 후보(대체 가능성 미검증): GenericItemDefinitionSO:facility-kit:0, GenericItemDefinitionSO:facility-kit:1, GenericItemDefinitionSO:facility-kit:10, GenericItemDefinitionSO:facility-kit:1000, GenericItemDefinitionSO:facility-kit:1001, GenericItemDefinitionSO:facility-kit:1002, GenericItemDefinitionSO:facility-kit:1003, GenericItemDefinitionSO:facility-kit:1004, GenericItemDefinitionSO:facility-kit:1005, GenericItemDefinitionSO:facility-kit:1006, GenericItemDefinitionSO:facility-kit:1007, GenericItemDefinitionSO:facility-kit:1008 외 364개","생성 또는 거래·재고 입고·운반·보관·장착 또는 소비와 하류 주문 기록","과잉 재고·운반·보관·수리 또는 사용 시점 지연이 압력이 된다","실제 비교 후보·교역·재활용·수리·배급 조정 중 원본 기능에 맞는 경로로 재고 압력을 줄인다","설계 확정; 질량·가격·스택·부패·효과 수치는 source authority와 밸런스 기준서에서 별도 검증 OPEN"
"facility-kit:1712","주문 접수대 설치 키트","General (일반)","[{""rid"":7737211921623155399},{""rid"":7737211921623155400}]","해당 없음: GenericItemDefinitionSO","8","24","게임 내 역할은 시설 설치와 구성, 생산망의 입력·출력에 연결된다.","이 물자의 원본 기능을 위해 보관·운반·소비·거래 중 한 경로에 재고를 배정해 다른 사용처를 늦춘다","비교 후보(대체 가능성 미검증): GenericItemDefinitionSO:facility-kit:0, GenericItemDefinitionSO:facility-kit:1, GenericItemDefinitionSO:facility-kit:10, GenericItemDefinitionSO:facility-kit:1000, GenericItemDefinitionSO:facility-kit:1001, GenericItemDefinitionSO:facility-kit:1002, GenericItemDefinitionSO:facility-kit:1003, GenericItemDefinitionSO:facility-kit:1004, GenericItemDefinitionSO:facility-kit:1005, GenericItemDefinitionSO:facility-kit:1006, GenericItemDefinitionSO:facility-kit:1007, GenericItemDefinitionSO:facility-kit:1008 외 364개","생성 또는 거래·재고 입고·운반·보관·장착 또는 소비와 하류 주문 기록","과잉 재고·운반·보관·수리 또는 사용 시점 지연이 압력이 된다","실제 비교 후보·교역·재활용·수리·배급 조정 중 원본 기능에 맞는 경로로 재고 압력을 줄인다","설계 확정; 질량·가격·스택·부패·효과 수치는 source authority와 밸런스 기준서에서 별도 검증 OPEN"
"facility-kit:1713","분리 계산대 설치 키트","General (일반)","[{""rid"":7737211921623155401},{""rid"":7737211921623155402}]","해당 없음: GenericItemDefinitionSO","8","24","게임 내 역할은 시설 설치와 구성, 생산망의 입력·출력에 연결된다.","이 물자의 원본 기능을 위해 보관·운반·소비·거래 중 한 경로에 재고를 배정해 다른 사용처를 늦춘다","비교 후보(대체 가능성 미검증): GenericItemDefinitionSO:facility-kit:0, GenericItemDefinitionSO:facility-kit:1, GenericItemDefinitionSO:facility-kit:10, GenericItemDefinitionSO:facility-kit:1000, GenericItemDefinitionSO:facility-kit:1001, GenericItemDefinitionSO:facility-kit:1002, GenericItemDefinitionSO:facility-kit:1003, GenericItemDefinitionSO:facility-kit:1004, GenericItemDefinitionSO:facility-kit:1005, GenericItemDefinitionSO:facility-kit:1006, GenericItemDefinitionSO:facility-kit:1007, GenericItemDefinitionSO:facility-kit:1008 외 364개","생성 또는 거래·재고 입고·운반·보관·장착 또는 소비와 하류 주문 기록","과잉 재고·운반·보관·수리 또는 사용 시점 지연이 압력이 된다","실제 비교 후보·교역·재활용·수리·배급 조정 중 원본 기능에 맞는 경로로 재고 압력을 줄인다","설계 확정; 질량·가격·스택·부패·효과 수치는 source authority와 밸런스 기준서에서 별도 검증 OPEN"
"facility-kit:1714","자동 객실 배정판 설치 키트","General (일반)","[{""rid"":7737211921623155403},{""rid"":7737211921623155404}]","해당 없음: GenericItemDefinitionSO","8","40","게임 내 역할은 시설 설치와 구성, 생산망의 입력·출력에 연결된다.","이 물자의 원본 기능을 위해 보관·운반·소비·거래 중 한 경로에 재고를 배정해 다른 사용처를 늦춘다","비교 후보(대체 가능성 미검증): GenericItemDefinitionSO:facility-kit:0, GenericItemDefinitionSO:facility-kit:1, GenericItemDefinitionSO:facility-kit:10, GenericItemDefinitionSO:facility-kit:1000, GenericItemDefinitionSO:facility-kit:1001, GenericItemDefinitionSO:facility-kit:1002, GenericItemDefinitionSO:facility-kit:1003, GenericItemDefinitionSO:facility-kit:1004, GenericItemDefinitionSO:facility-kit:1005, GenericItemDefinitionSO:facility-kit:1006, GenericItemDefinitionSO:facility-kit:1007, GenericItemDefinitionSO:facility-kit:1008 외 364개","생성 또는 거래·재고 입고·운반·보관·장착 또는 소비와 하류 주문 기록","과잉 재고·운반·보관·수리 또는 사용 시점 지연이 압력이 된다","실제 비교 후보·교역·재활용·수리·배급 조정 중 원본 기능에 맞는 경로로 재고 압력을 줄인다","설계 확정; 질량·가격·스택·부패·효과 수치는 source authority와 밸런스 기준서에서 별도 검증 OPEN"
"facility-kit:1715","자동 급배수 제어기 설치 키트","General (일반)","[{""rid"":7737211921623155405},{""rid"":7737211921623155406}]","해당 없음: GenericItemDefinitionSO","8","40","게임 내 역할은 시설 설치와 구성, 생산망의 입력·출력에 연결된다.","이 물자의 원본 기능을 위해 보관·운반·소비·거래 중 한 경로에 재고를 배정해 다른 사용처를 늦춘다","비교 후보(대체 가능성 미검증): GenericItemDefinitionSO:facility-kit:0, GenericItemDefinitionSO:facility-kit:1, GenericItemDefinitionSO:facility-kit:10, GenericItemDefinitionSO:facility-kit:1000, GenericItemDefinitionSO:facility-kit:1001, GenericItemDefinitionSO:facility-kit:1002, GenericItemDefinitionSO:facility-kit:1003, GenericItemDefinitionSO:facility-kit:1004, GenericItemDefinitionSO:facility-kit:1005, GenericItemDefinitionSO:facility-kit:1006, GenericItemDefinitionSO:facility-kit:1007, GenericItemDefinitionSO:facility-kit:1008 외 364개","생성 또는 거래·재고 입고·운반·보관·장착 또는 소비와 하류 주문 기록","과잉 재고·운반·보관·수리 또는 사용 시점 지연이 압력이 된다","실제 비교 후보·교역·재활용·수리·배급 조정 중 원본 기능에 맞는 경로로 재고 압력을 줄인다","설계 확정; 질량·가격·스택·부패·효과 수치는 source authority와 밸런스 기준서에서 별도 검증 OPEN"
"facility-kit:18","창고 설치 키트","General (일반)","[{""rid"":7737211921623155407},{""rid"":7737211921623155408}]","해당 없음: GenericItemDefinitionSO","8","1","게임 내 역할은 시설 설치와 구성, 생산망의 입력·출력에 연결된다.","이 물자의 원본 기능을 위해 보관·운반·소비·거래 중 한 경로에 재고를 배정해 다른 사용처를 늦춘다","비교 후보(대체 가능성 미검증): GenericItemDefinitionSO:facility-kit:0, GenericItemDefinitionSO:facility-kit:1, GenericItemDefinitionSO:facility-kit:10, GenericItemDefinitionSO:facility-kit:1000, GenericItemDefinitionSO:facility-kit:1001, GenericItemDefinitionSO:facility-kit:1002, GenericItemDefinitionSO:facility-kit:1003, GenericItemDefinitionSO:facility-kit:1004, GenericItemDefinitionSO:facility-kit:1005, GenericItemDefinitionSO:facility-kit:1006, GenericItemDefinitionSO:facility-kit:1007, GenericItemDefinitionSO:facility-kit:1008 외 364개","생성 또는 거래·재고 입고·운반·보관·장착 또는 소비와 하류 주문 기록","과잉 재고·운반·보관·수리 또는 사용 시점 지연이 압력이 된다","실제 비교 후보·교역·재활용·수리·배급 조정 중 원본 기능에 맞는 경로로 재고 압력을 줄인다","설계 확정; 질량·가격·스택·부패·효과 수치는 source authority와 밸런스 기준서에서 별도 검증 OPEN"
"facility-kit:1800","복도 침입 감지기 설치 키트","General (일반)","[{""rid"":7737211921623155409},{""rid"":7737211921623155410}]","해당 없음: GenericItemDefinitionSO","8","95","게임 내 역할은 시설 설치와 구성, 생산망의 입력·출력에 연결된다.","이 물자의 원본 기능을 위해 보관·운반·소비·거래 중 한 경로에 재고를 배정해 다른 사용처를 늦춘다","비교 후보(대체 가능성 미검증): GenericItemDefinitionSO:facility-kit:0, GenericItemDefinitionSO:facility-kit:1, GenericItemDefinitionSO:facility-kit:10, GenericItemDefinitionSO:facility-kit:1000, GenericItemDefinitionSO:facility-kit:1001, GenericItemDefinitionSO:facility-kit:1002, GenericItemDefinitionSO:facility-kit:1003, GenericItemDefinitionSO:facility-kit:1004, GenericItemDefinitionSO:facility-kit:1005, GenericItemDefinitionSO:facility-kit:1006, GenericItemDefinitionSO:facility-kit:1007, GenericItemDefinitionSO:facility-kit:1008 외 364개","생성 또는 거래·재고 입고·운반·보관·장착 또는 소비와 하류 주문 기록","과잉 재고·운반·보관·수리 또는 사용 시점 지연이 압력이 된다","실제 비교 후보·교역·재활용·수리·배급 조정 중 원본 기능에 맞는 경로로 재고 압력을 줄인다","설계 확정; 질량·가격·스택·부패·효과 수치는 source authority와 밸런스 기준서에서 별도 검증 OPEN"
"facility-kit:1801","방어 통제대 설치 키트","General (일반)","[{""rid"":7737211921623155411},{""rid"":7737211921623155412}]","해당 없음: GenericItemDefinitionSO","8","210","게임 내 역할은 시설 설치와 구성, 생산망의 입력·출력에 연결된다.","이 물자의 원본 기능을 위해 보관·운반·소비·거래 중 한 경로에 재고를 배정해 다른 사용처를 늦춘다","비교 후보(대체 가능성 미검증): GenericItemDefinitionSO:facility-kit:0, GenericItemDefinitionSO:facility-kit:1, GenericItemDefinitionSO:facility-kit:10, GenericItemDefinitionSO:facility-kit:1000, GenericItemDefinitionSO:facility-kit:1001, GenericItemDefinitionSO:facility-kit:1002, GenericItemDefinitionSO:facility-kit:1003, GenericItemDefinitionSO:facility-kit:1004, GenericItemDefinitionSO:facility-kit:1005, GenericItemDefinitionSO:facility-kit:1006, GenericItemDefinitionSO:facility-kit:1007, GenericItemDefinitionSO:facility-kit:1008 외 364개","생성 또는 거래·재고 입고·운반·보관·장착 또는 소비와 하류 주문 기록","과잉 재고·운반·보관·수리 또는 사용 시점 지연이 압력이 된다","실제 비교 후보·교역·재활용·수리·배급 조정 중 원본 기능에 맞는 경로로 재고 압력을 줄인다","설계 확정; 질량·가격·스택·부패·효과 수치는 source authority와 밸런스 기준서에서 별도 검증 OPEN"
"facility-kit:1802","탄약·촉매 보급고 설치 키트","General (일반)","[{""rid"":7737211921623155413},{""rid"":7737211921623155414}]","해당 없음: GenericItemDefinitionSO","8","170","게임 내 역할은 시설 설치와 구성, 생산망의 입력·출력에 연결된다.","이 물자의 원본 기능을 위해 보관·운반·소비·거래 중 한 경로에 재고를 배정해 다른 사용처를 늦춘다","비교 후보(대체 가능성 미검증): GenericItemDefinitionSO:facility-kit:0, GenericItemDefinitionSO:facility-kit:1, GenericItemDefinitionSO:facility-kit:10, GenericItemDefinitionSO:facility-kit:1000, GenericItemDefinitionSO:facility-kit:1001, GenericItemDefinitionSO:facility-kit:1002, GenericItemDefinitionSO:facility-kit:1003, GenericItemDefinitionSO:facility-kit:1004, GenericItemDefinitionSO:facility-kit:1005, GenericItemDefinitionSO:facility-kit:1006, GenericItemDefinitionSO:facility-kit:1007, GenericItemDefinitionSO:facility-kit:1008 외 364개","생성 또는 거래·재고 입고·운반·보관·장착 또는 소비와 하류 주문 기록","과잉 재고·운반·보관·수리 또는 사용 시점 지연이 압력이 된다","실제 비교 후보·교역·재활용·수리·배급 조정 중 원본 기능에 맞는 경로로 재고 압력을 줄인다","설계 확정; 질량·가격·스택·부패·효과 수치는 source authority와 밸런스 기준서에서 별도 검증 OPEN"
"facility-kit:1803","함정 정비대 설치 키트","General (일반)","[{""rid"":7737211921623155415},{""rid"":7737211921623155416}]","해당 없음: GenericItemDefinitionSO","8","155","게임 내 역할은 시설 설치와 구성, 생산망의 입력·출력에 연결된다.","이 물자의 원본 기능을 위해 보관·운반·소비·거래 중 한 경로에 재고를 배정해 다른 사용처를 늦춘다","비교 후보(대체 가능성 미검증): GenericItemDefinitionSO:facility-kit:0, GenericItemDefinitionSO:facility-kit:1, GenericItemDefinitionSO:facility-kit:10, GenericItemDefinitionSO:facility-kit:1000, GenericItemDefinitionSO:facility-kit:1001, GenericItemDefinitionSO:facility-kit:1002, GenericItemDefinitionSO:facility-kit:1003, GenericItemDefinitionSO:facility-kit:1004, GenericItemDefinitionSO:facility-kit:1005, GenericItemDefinitionSO:facility-kit:1006, GenericItemDefinitionSO:facility-kit:1007, GenericItemDefinitionSO:facility-kit:1008 외 364개","생성 또는 거래·재고 입고·운반·보관·장착 또는 소비와 하류 주문 기록","과잉 재고·운반·보관·수리 또는 사용 시점 지연이 압력이 된다","실제 비교 후보·교역·재활용·수리·배급 조정 중 원본 기능에 맞는 경로로 재고 압력을 줄인다","설계 확정; 질량·가격·스택·부패·효과 수치는 source authority와 밸런스 기준서에서 별도 검증 OPEN"
"facility-kit:1804","문 연동 강화 낙하문 설치 키트","General (일반)","[{""rid"":7737211921623155417},{""rid"":7737211921623155418}]","해당 없음: GenericItemDefinitionSO","8","260","게임 내 역할은 시설 설치와 구성, 생산망의 입력·출력에 연결된다.","이 물자의 원본 기능을 위해 보관·운반·소비·거래 중 한 경로에 재고를 배정해 다른 사용처를 늦춘다","비교 후보(대체 가능성 미검증): GenericItemDefinitionSO:facility-kit:0, GenericItemDefinitionSO:facility-kit:1, GenericItemDefinitionSO:facility-kit:10, GenericItemDefinitionSO:facility-kit:1000, GenericItemDefinitionSO:facility-kit:1001, GenericItemDefinitionSO:facility-kit:1002, GenericItemDefinitionSO:facility-kit:1003, GenericItemDefinitionSO:facility-kit:1004, GenericItemDefinitionSO:facility-kit:1005, GenericItemDefinitionSO:facility-kit:1006, GenericItemDefinitionSO:facility-kit:1007, GenericItemDefinitionSO:facility-kit:1008 외 364개","생성 또는 거래·재고 입고·운반·보관·장착 또는 소비와 하류 주문 기록","과잉 재고·운반·보관·수리 또는 사용 시점 지연이 압력이 된다","실제 비교 후보·교역·재활용·수리·배급 조정 중 원본 기능에 맞는 경로로 재고 압력을 줄인다","설계 확정; 질량·가격·스택·부패·효과 수치는 source authority와 밸런스 기준서에서 별도 검증 OPEN"
"facility-kit:1805","벽면 발사구 설치 키트","General (일반)","[{""rid"":7737211921623155419},{""rid"":7737211921623155420}]","해당 없음: GenericItemDefinitionSO","8","225","게임 내 역할은 시설 설치와 구성, 생산망의 입력·출력에 연결된다.","이 물자의 원본 기능을 위해 보관·운반·소비·거래 중 한 경로에 재고를 배정해 다른 사용처를 늦춘다","비교 후보(대체 가능성 미검증): GenericItemDefinitionSO:facility-kit:0, GenericItemDefinitionSO:facility-kit:1, GenericItemDefinitionSO:facility-kit:10, GenericItemDefinitionSO:facility-kit:1000, GenericItemDefinitionSO:facility-kit:1001, GenericItemDefinitionSO:facility-kit:1002, GenericItemDefinitionSO:facility-kit:1003, GenericItemDefinitionSO:facility-kit:1004, GenericItemDefinitionSO:facility-kit:1005, GenericItemDefinitionSO:facility-kit:1006, GenericItemDefinitionSO:facility-kit:1007, GenericItemDefinitionSO:facility-kit:1008 외 364개","생성 또는 거래·재고 입고·운반·보관·장착 또는 소비와 하류 주문 기록","과잉 재고·운반·보관·수리 또는 사용 시점 지연이 압력이 된다","실제 비교 후보·교역·재활용·수리·배급 조정 중 원본 기능에 맞는 경로로 재고 압력을 줄인다","설계 확정; 질량·가격·스택·부패·효과 수치는 source authority와 밸런스 기준서에서 별도 검증 OPEN"
"facility-kit:2","엘레베이터 설치 키트","General (일반)","[{""rid"":7737211921623155421},{""rid"":7737211921623155422}]","해당 없음: GenericItemDefinitionSO","8","1","게임 내 역할은 시설 설치와 구성, 생산망의 입력·출력에 연결된다.","이 물자의 원본 기능을 위해 보관·운반·소비·거래 중 한 경로에 재고를 배정해 다른 사용처를 늦춘다","비교 후보(대체 가능성 미검증): GenericItemDefinitionSO:facility-kit:0, GenericItemDefinitionSO:facility-kit:1, GenericItemDefinitionSO:facility-kit:10, GenericItemDefinitionSO:facility-kit:1000, GenericItemDefinitionSO:facility-kit:1001, GenericItemDefinitionSO:facility-kit:1002, GenericItemDefinitionSO:facility-kit:1003, GenericItemDefinitionSO:facility-kit:1004, GenericItemDefinitionSO:facility-kit:1005, GenericItemDefinitionSO:facility-kit:1006, GenericItemDefinitionSO:facility-kit:1007, GenericItemDefinitionSO:facility-kit:1008 외 364개","생성 또는 거래·재고 입고·운반·보관·장착 또는 소비와 하류 주문 기록","과잉 재고·운반·보관·수리 또는 사용 시점 지연이 압력이 된다","실제 비교 후보·교역·재활용·수리·배급 조정 중 원본 기능에 맞는 경로로 재고 압력을 줄인다","설계 확정; 질량·가격·스택·부패·효과 수치는 source authority와 밸런스 기준서에서 별도 검증 OPEN"
"facility-kit:3","사장실 설치 키트","General (일반)","[{""rid"":7737211921623155423},{""rid"":7737211921623155424}]","해당 없음: GenericItemDefinitionSO","8","1","게임 내 역할은 시설 설치와 구성, 생산망의 입력·출력에 연결된다.","이 물자의 원본 기능을 위해 보관·운반·소비·거래 중 한 경로에 재고를 배정해 다른 사용처를 늦춘다","비교 후보(대체 가능성 미검증): GenericItemDefinitionSO:facility-kit:0, GenericItemDefinitionSO:facility-kit:1, GenericItemDefinitionSO:facility-kit:10, GenericItemDefinitionSO:facility-kit:1000, GenericItemDefinitionSO:facility-kit:1001, GenericItemDefinitionSO:facility-kit:1002, GenericItemDefinitionSO:facility-kit:1003, GenericItemDefinitionSO:facility-kit:1004, GenericItemDefinitionSO:facility-kit:1005, GenericItemDefinitionSO:facility-kit:1006, GenericItemDefinitionSO:facility-kit:1007, GenericItemDefinitionSO:facility-kit:1008 외 364개","생성 또는 거래·재고 입고·운반·보관·장착 또는 소비와 하류 주문 기록","과잉 재고·운반·보관·수리 또는 사용 시점 지연이 압력이 된다","실제 비교 후보·교역·재활용·수리·배급 조정 중 원본 기능에 맞는 경로로 재고 압력을 줄인다","설계 확정; 질량·가격·스택·부패·효과 수치는 source authority와 밸런스 기준서에서 별도 검증 OPEN"
"facility-kit:30","1성 산탄 가시 함정 설치 키트","General (일반)","[{""rid"":7737211921623155425},{""rid"":7737211921623155426}]","해당 없음: GenericItemDefinitionSO","8","80","게임 내 역할은 시설 설치와 구성, 생산망의 입력·출력에 연결된다.","이 물자의 원본 기능을 위해 보관·운반·소비·거래 중 한 경로에 재고를 배정해 다른 사용처를 늦춘다","비교 후보(대체 가능성 미검증): GenericItemDefinitionSO:facility-kit:0, GenericItemDefinitionSO:facility-kit:1, GenericItemDefinitionSO:facility-kit:10, GenericItemDefinitionSO:facility-kit:1000, GenericItemDefinitionSO:facility-kit:1001, GenericItemDefinitionSO:facility-kit:1002, GenericItemDefinitionSO:facility-kit:1003, GenericItemDefinitionSO:facility-kit:1004, GenericItemDefinitionSO:facility-kit:1005, GenericItemDefinitionSO:facility-kit:1006, GenericItemDefinitionSO:facility-kit:1007, GenericItemDefinitionSO:facility-kit:1008 외 364개","생성 또는 거래·재고 입고·운반·보관·장착 또는 소비와 하류 주문 기록","과잉 재고·운반·보관·수리 또는 사용 시점 지연이 압력이 된다","실제 비교 후보·교역·재활용·수리·배급 조정 중 원본 기능에 맞는 경로로 재고 압력을 줄인다","설계 확정; 질량·가격·스택·부패·효과 수치는 source authority와 밸런스 기준서에서 별도 검증 OPEN"
"facility-kit:31","1성 독 웅덩이 설치 키트","General (일반)","[{""rid"":7737211921623155427},{""rid"":7737211921623155428}]","해당 없음: GenericItemDefinitionSO","8","110","게임 내 역할은 시설 설치와 구성, 생산망의 입력·출력에 연결된다.","이 물자의 원본 기능을 위해 보관·운반·소비·거래 중 한 경로에 재고를 배정해 다른 사용처를 늦춘다","비교 후보(대체 가능성 미검증): GenericItemDefinitionSO:facility-kit:0, GenericItemDefinitionSO:facility-kit:1, GenericItemDefinitionSO:facility-kit:10, GenericItemDefinitionSO:facility-kit:1000, GenericItemDefinitionSO:facility-kit:1001, GenericItemDefinitionSO:facility-kit:1002, GenericItemDefinitionSO:facility-kit:1003, GenericItemDefinitionSO:facility-kit:1004, GenericItemDefinitionSO:facility-kit:1005, GenericItemDefinitionSO:facility-kit:1006, GenericItemDefinitionSO:facility-kit:1007, GenericItemDefinitionSO:facility-kit:1008 외 364개","생성 또는 거래·재고 입고·운반·보관·장착 또는 소비와 하류 주문 기록","과잉 재고·운반·보관·수리 또는 사용 시점 지연이 압력이 된다","실제 비교 후보·교역·재활용·수리·배급 조정 중 원본 기능에 맞는 경로로 재고 압력을 줄인다","설계 확정; 질량·가격·스택·부패·효과 수치는 source authority와 밸런스 기준서에서 별도 검증 OPEN"
"facility-kit:32","1성 화염 분사구 설치 키트","General (일반)","[{""rid"":7737211921623155429},{""rid"":7737211921623155430}]","해당 없음: GenericItemDefinitionSO","8","140","게임 내 역할은 시설 설치와 구성, 생산망의 입력·출력에 연결된다.","이 물자의 원본 기능을 위해 보관·운반·소비·거래 중 한 경로에 재고를 배정해 다른 사용처를 늦춘다","비교 후보(대체 가능성 미검증): GenericItemDefinitionSO:facility-kit:0, GenericItemDefinitionSO:facility-kit:1, GenericItemDefinitionSO:facility-kit:10, GenericItemDefinitionSO:facility-kit:1000, GenericItemDefinitionSO:facility-kit:1001, GenericItemDefinitionSO:facility-kit:1002, GenericItemDefinitionSO:facility-kit:1003, GenericItemDefinitionSO:facility-kit:1004, GenericItemDefinitionSO:facility-kit:1005, GenericItemDefinitionSO:facility-kit:1006, GenericItemDefinitionSO:facility-kit:1007, GenericItemDefinitionSO:facility-kit:1008 외 364개","생성 또는 거래·재고 입고·운반·보관·장착 또는 소비와 하류 주문 기록","과잉 재고·운반·보관·수리 또는 사용 시점 지연이 압력이 된다","실제 비교 후보·교역·재활용·수리·배급 조정 중 원본 기능에 맞는 경로로 재고 압력을 줄인다","설계 확정; 질량·가격·스택·부패·효과 수치는 source authority와 밸런스 기준서에서 별도 검증 OPEN"
"facility-kit:33","1성 번개 기둥 설치 키트","General (일반)","[{""rid"":7737211921623155431},{""rid"":7737211921623155432}]","해당 없음: GenericItemDefinitionSO","8","130","게임 내 역할은 시설 설치와 구성, 생산망의 입력·출력에 연결된다.","이 물자의 원본 기능을 위해 보관·운반·소비·거래 중 한 경로에 재고를 배정해 다른 사용처를 늦춘다","비교 후보(대체 가능성 미검증): GenericItemDefinitionSO:facility-kit:0, GenericItemDefinitionSO:facility-kit:1, GenericItemDefinitionSO:facility-kit:10, GenericItemDefinitionSO:facility-kit:1000, GenericItemDefinitionSO:facility-kit:1001, GenericItemDefinitionSO:facility-kit:1002, GenericItemDefinitionSO:facility-kit:1003, GenericItemDefinitionSO:facility-kit:1004, GenericItemDefinitionSO:facility-kit:1005, GenericItemDefinitionSO:facility-kit:1006, GenericItemDefinitionSO:facility-kit:1007, GenericItemDefinitionSO:facility-kit:1008 외 364개","생성 또는 거래·재고 입고·운반·보관·장착 또는 소비와 하류 주문 기록","과잉 재고·운반·보관·수리 또는 사용 시점 지연이 압력이 된다","실제 비교 후보·교역·재활용·수리·배급 조정 중 원본 기능에 맞는 경로로 재고 압력을 줄인다","설계 확정; 질량·가격·스택·부패·효과 수치는 source authority와 밸런스 기준서에서 별도 검증 OPEN"
"facility-kit:34","1성 냉기 분사구 설치 키트","General (일반)","[{""rid"":7737211921623155433},{""rid"":7737211921623155434}]","해당 없음: GenericItemDefinitionSO","8","100","게임 내 역할은 시설 설치와 구성, 생산망의 입력·출력에 연결된다.","이 물자의 원본 기능을 위해 보관·운반·소비·거래 중 한 경로에 재고를 배정해 다른 사용처를 늦춘다","비교 후보(대체 가능성 미검증): GenericItemDefinitionSO:facility-kit:0, GenericItemDefinitionSO:facility-kit:1, GenericItemDefinitionSO:facility-kit:10, GenericItemDefinitionSO:facility-kit:1000, GenericItemDefinitionSO:facility-kit:1001, GenericItemDefinitionSO:facility-kit:1002, GenericItemDefinitionSO:facility-kit:1003, GenericItemDefinitionSO:facility-kit:1004, GenericItemDefinitionSO:facility-kit:1005, GenericItemDefinitionSO:facility-kit:1006, GenericItemDefinitionSO:facility-kit:1007, GenericItemDefinitionSO:facility-kit:1008 외 364개","생성 또는 거래·재고 입고·운반·보관·장착 또는 소비와 하류 주문 기록","과잉 재고·운반·보관·수리 또는 사용 시점 지연이 압력이 된다","실제 비교 후보·교역·재활용·수리·배급 조정 중 원본 기능에 맞는 경로로 재고 압력을 줄인다","설계 확정; 질량·가격·스택·부패·효과 수치는 source authority와 밸런스 기준서에서 별도 검증 OPEN"
"facility-kit:35","1성 경비실 설치 키트","General (일반)","[{""rid"":7737211921623155435},{""rid"":7737211921623155436}]","해당 없음: GenericItemDefinitionSO","8","180","게임 내 역할은 시설 설치와 구성, 생산망의 입력·출력에 연결된다.","이 물자의 원본 기능을 위해 보관·운반·소비·거래 중 한 경로에 재고를 배정해 다른 사용처를 늦춘다","비교 후보(대체 가능성 미검증): GenericItemDefinitionSO:facility-kit:0, GenericItemDefinitionSO:facility-kit:1, GenericItemDefinitionSO:facility-kit:10, GenericItemDefinitionSO:facility-kit:1000, GenericItemDefinitionSO:facility-kit:1001, GenericItemDefinitionSO:facility-kit:1002, GenericItemDefinitionSO:facility-kit:1003, GenericItemDefinitionSO:facility-kit:1004, GenericItemDefinitionSO:facility-kit:1005, GenericItemDefinitionSO:facility-kit:1006, GenericItemDefinitionSO:facility-kit:1007, GenericItemDefinitionSO:facility-kit:1008 외 364개","생성 또는 거래·재고 입고·운반·보관·장착 또는 소비와 하류 주문 기록","과잉 재고·운반·보관·수리 또는 사용 시점 지연이 압력이 된다","실제 비교 후보·교역·재활용·수리·배급 조정 중 원본 기능에 맞는 경로로 재고 압력을 줄인다","설계 확정; 질량·가격·스택·부패·효과 수치는 source authority와 밸런스 기준서에서 별도 검증 OPEN"
"facility-kit:4","계단 설치 키트","General (일반)","[{""rid"":7737211921623155437},{""rid"":7737211921623155438}]","해당 없음: GenericItemDefinitionSO","8","1","게임 내 역할은 시설 설치와 구성, 생산망의 입력·출력에 연결된다.","이 물자의 원본 기능을 위해 보관·운반·소비·거래 중 한 경로에 재고를 배정해 다른 사용처를 늦춘다","비교 후보(대체 가능성 미검증): GenericItemDefinitionSO:facility-kit:0, GenericItemDefinitionSO:facility-kit:1, GenericItemDefinitionSO:facility-kit:10, GenericItemDefinitionSO:facility-kit:1000, GenericItemDefinitionSO:facility-kit:1001, GenericItemDefinitionSO:facility-kit:1002, GenericItemDefinitionSO:facility-kit:1003, GenericItemDefinitionSO:facility-kit:1004, GenericItemDefinitionSO:facility-kit:1005, GenericItemDefinitionSO:facility-kit:1006, GenericItemDefinitionSO:facility-kit:1007, GenericItemDefinitionSO:facility-kit:1008 외 364개","생성 또는 거래·재고 입고·운반·보관·장착 또는 소비와 하류 주문 기록","과잉 재고·운반·보관·수리 또는 사용 시점 지연이 압력이 된다","실제 비교 후보·교역·재활용·수리·배급 조정 중 원본 기능에 맞는 경로로 재고 압력을 줄인다","설계 확정; 질량·가격·스택·부패·효과 수치는 source authority와 밸런스 기준서에서 별도 검증 OPEN"
"facility-kit:5","무기상점 설치 키트","General (일반)","[{""rid"":7737211921623155439},{""rid"":7737211921623155440}]","해당 없음: GenericItemDefinitionSO","8","1","게임 내 역할은 시설 설치와 구성, 생산망의 입력·출력에 연결된다.","이 물자의 원본 기능을 위해 보관·운반·소비·거래 중 한 경로에 재고를 배정해 다른 사용처를 늦춘다","비교 후보(대체 가능성 미검증): GenericItemDefinitionSO:facility-kit:0, GenericItemDefinitionSO:facility-kit:1, GenericItemDefinitionSO:facility-kit:10, GenericItemDefinitionSO:facility-kit:1000, GenericItemDefinitionSO:facility-kit:1001, GenericItemDefinitionSO:facility-kit:1002, GenericItemDefinitionSO:facility-kit:1003, GenericItemDefinitionSO:facility-kit:1004, GenericItemDefinitionSO:facility-kit:1005, GenericItemDefinitionSO:facility-kit:1006, GenericItemDefinitionSO:facility-kit:1007, GenericItemDefinitionSO:facility-kit:1008 외 364개","생성 또는 거래·재고 입고·운반·보관·장착 또는 소비와 하류 주문 기록","과잉 재고·운반·보관·수리 또는 사용 시점 지연이 압력이 된다","실제 비교 후보·교역·재활용·수리·배급 조정 중 원본 기능에 맞는 경로로 재고 압력을 줄인다","설계 확정; 질량·가격·스택·부패·효과 수치는 source authority와 밸런스 기준서에서 별도 검증 OPEN"
"facility-kit:50","2성 전투 식당 설치 키트","General (일반)","[{""rid"":7737211921623155441},{""rid"":7737211921623155442}]","해당 없음: GenericItemDefinitionSO","8","1","게임 내 역할은 시설 설치와 구성, 생산망의 입력·출력에 연결된다.","이 물자의 원본 기능을 위해 보관·운반·소비·거래 중 한 경로에 재고를 배정해 다른 사용처를 늦춘다","비교 후보(대체 가능성 미검증): GenericItemDefinitionSO:facility-kit:0, GenericItemDefinitionSO:facility-kit:1, GenericItemDefinitionSO:facility-kit:10, GenericItemDefinitionSO:facility-kit:1000, GenericItemDefinitionSO:facility-kit:1001, GenericItemDefinitionSO:facility-kit:1002, GenericItemDefinitionSO:facility-kit:1003, GenericItemDefinitionSO:facility-kit:1004, GenericItemDefinitionSO:facility-kit:1005, GenericItemDefinitionSO:facility-kit:1006, GenericItemDefinitionSO:facility-kit:1007, GenericItemDefinitionSO:facility-kit:1008 외 364개","생성 또는 거래·재고 입고·운반·보관·장착 또는 소비와 하류 주문 기록","과잉 재고·운반·보관·수리 또는 사용 시점 지연이 압력이 된다","실제 비교 후보·교역·재활용·수리·배급 조정 중 원본 기능에 맞는 경로로 재고 압력을 줄인다","설계 확정; 질량·가격·스택·부패·효과 수치는 source authority와 밸런스 기준서에서 별도 검증 OPEN"
"facility-kit:51","2성 고급 고기 식당 설치 키트","General (일반)","[{""rid"":7737211921623155443},{""rid"":7737211921623155444}]","해당 없음: GenericItemDefinitionSO","8","1","게임 내 역할은 시설 설치와 구성, 생산망의 입력·출력에 연결된다.","이 물자의 원본 기능을 위해 보관·운반·소비·거래 중 한 경로에 재고를 배정해 다른 사용처를 늦춘다","비교 후보(대체 가능성 미검증): GenericItemDefinitionSO:facility-kit:0, GenericItemDefinitionSO:facility-kit:1, GenericItemDefinitionSO:facility-kit:10, GenericItemDefinitionSO:facility-kit:1000, GenericItemDefinitionSO:facility-kit:1001, GenericItemDefinitionSO:facility-kit:1002, GenericItemDefinitionSO:facility-kit:1003, GenericItemDefinitionSO:facility-kit:1004, GenericItemDefinitionSO:facility-kit:1005, GenericItemDefinitionSO:facility-kit:1006, GenericItemDefinitionSO:facility-kit:1007, GenericItemDefinitionSO:facility-kit:1008 외 364개","생성 또는 거래·재고 입고·운반·보관·장착 또는 소비와 하류 주문 기록","과잉 재고·운반·보관·수리 또는 사용 시점 지연이 압력이 된다","실제 비교 후보·교역·재활용·수리·배급 조정 중 원본 기능에 맞는 경로로 재고 압력을 줄인다","설계 확정; 질량·가격·스택·부패·효과 수치는 source authority와 밸런스 기준서에서 별도 검증 OPEN"
"facility-kit:52","2성 맹독 가시 함정 설치 키트","General (일반)","[{""rid"":7737211921623155445},{""rid"":7737211921623155446}]","해당 없음: GenericItemDefinitionSO","8","1","게임 내 역할은 시설 설치와 구성, 생산망의 입력·출력에 연결된다.","이 물자의 원본 기능을 위해 보관·운반·소비·거래 중 한 경로에 재고를 배정해 다른 사용처를 늦춘다","비교 후보(대체 가능성 미검증): GenericItemDefinitionSO:facility-kit:0, GenericItemDefinitionSO:facility-kit:1, GenericItemDefinitionSO:facility-kit:10, GenericItemDefinitionSO:facility-kit:1000, GenericItemDefinitionSO:facility-kit:1001, GenericItemDefinitionSO:facility-kit:1002, GenericItemDefinitionSO:facility-kit:1003, GenericItemDefinitionSO:facility-kit:1004, GenericItemDefinitionSO:facility-kit:1005, GenericItemDefinitionSO:facility-kit:1006, GenericItemDefinitionSO:facility-kit:1007, GenericItemDefinitionSO:facility-kit:1008 외 364개","생성 또는 거래·재고 입고·운반·보관·장착 또는 소비와 하류 주문 기록","과잉 재고·운반·보관·수리 또는 사용 시점 지연이 압력이 된다","실제 비교 후보·교역·재활용·수리·배급 조정 중 원본 기능에 맞는 경로로 재고 압력을 줄인다","설계 확정; 질량·가격·스택·부패·효과 수치는 source authority와 밸런스 기준서에서 별도 검증 OPEN"
"facility-kit:53","2성 경보 코일 설치 키트","General (일반)","[{""rid"":7737211921623155447},{""rid"":7737211921623155448}]","해당 없음: GenericItemDefinitionSO","8","1","게임 내 역할은 시설 설치와 구성, 생산망의 입력·출력에 연결된다.","이 물자의 원본 기능을 위해 보관·운반·소비·거래 중 한 경로에 재고를 배정해 다른 사용처를 늦춘다","비교 후보(대체 가능성 미검증): GenericItemDefinitionSO:facility-kit:0, GenericItemDefinitionSO:facility-kit:1, GenericItemDefinitionSO:facility-kit:10, GenericItemDefinitionSO:facility-kit:1000, GenericItemDefinitionSO:facility-kit:1001, GenericItemDefinitionSO:facility-kit:1002, GenericItemDefinitionSO:facility-kit:1003, GenericItemDefinitionSO:facility-kit:1004, GenericItemDefinitionSO:facility-kit:1005, GenericItemDefinitionSO:facility-kit:1006, GenericItemDefinitionSO:facility-kit:1007, GenericItemDefinitionSO:facility-kit:1008 외 364개","생성 또는 거래·재고 입고·운반·보관·장착 또는 소비와 하류 주문 기록","과잉 재고·운반·보관·수리 또는 사용 시점 지연이 압력이 된다","실제 비교 후보·교역·재활용·수리·배급 조정 중 원본 기능에 맞는 경로로 재고 압력을 줄인다","설계 확정; 질량·가격·스택·부패·효과 수치는 source authority와 밸런스 기준서에서 별도 검증 OPEN"
"facility-kit:54","2성 병영 설치 키트","General (일반)","[{""rid"":7737211921623155449},{""rid"":7737211921623155450}]","해당 없음: GenericItemDefinitionSO","8","1","게임 내 역할은 시설 설치와 구성, 생산망의 입력·출력에 연결된다.","이 물자의 원본 기능을 위해 보관·운반·소비·거래 중 한 경로에 재고를 배정해 다른 사용처를 늦춘다","비교 후보(대체 가능성 미검증): GenericItemDefinitionSO:facility-kit:0, GenericItemDefinitionSO:facility-kit:1, GenericItemDefinitionSO:facility-kit:10, GenericItemDefinitionSO:facility-kit:1000, GenericItemDefinitionSO:facility-kit:1001, GenericItemDefinitionSO:facility-kit:1002, GenericItemDefinitionSO:facility-kit:1003, GenericItemDefinitionSO:facility-kit:1004, GenericItemDefinitionSO:facility-kit:1005, GenericItemDefinitionSO:facility-kit:1006, GenericItemDefinitionSO:facility-kit:1007, GenericItemDefinitionSO:facility-kit:1008 외 364개","생성 또는 거래·재고 입고·운반·보관·장착 또는 소비와 하류 주문 기록","과잉 재고·운반·보관·수리 또는 사용 시점 지연이 압력이 된다","실제 비교 후보·교역·재활용·수리·배급 조정 중 원본 기능에 맞는 경로로 재고 압력을 줄인다","설계 확정; 질량·가격·스택·부패·효과 수치는 source authority와 밸런스 기준서에서 별도 검증 OPEN"
"facility-kit:55","3성 전장의 식당 설치 키트","General (일반)","[{""rid"":7737211921623155451},{""rid"":7737211921623155452}]","해당 없음: GenericItemDefinitionSO","8","1","게임 내 역할은 시설 설치와 구성, 생산망의 입력·출력에 연결된다.","이 물자의 원본 기능을 위해 보관·운반·소비·거래 중 한 경로에 재고를 배정해 다른 사용처를 늦춘다","비교 후보(대체 가능성 미검증): GenericItemDefinitionSO:facility-kit:0, GenericItemDefinitionSO:facility-kit:1, GenericItemDefinitionSO:facility-kit:10, GenericItemDefinitionSO:facility-kit:1000, GenericItemDefinitionSO:facility-kit:1001, GenericItemDefinitionSO:facility-kit:1002, GenericItemDefinitionSO:facility-kit:1003, GenericItemDefinitionSO:facility-kit:1004, GenericItemDefinitionSO:facility-kit:1005, GenericItemDefinitionSO:facility-kit:1006, GenericItemDefinitionSO:facility-kit:1007, GenericItemDefinitionSO:facility-kit:1008 외 364개","생성 또는 거래·재고 입고·운반·보관·장착 또는 소비와 하류 주문 기록","과잉 재고·운반·보관·수리 또는 사용 시점 지연이 압력이 된다","실제 비교 후보·교역·재활용·수리·배급 조정 중 원본 기능에 맞는 경로로 재고 압력을 줄인다","설계 확정; 질량·가격·스택·부패·효과 수치는 source authority와 밸런스 기준서에서 별도 검증 OPEN"
"facility-kit:56","3성 귀족의 식당 설치 키트","General (일반)","[{""rid"":7737211921623155453},{""rid"":7737211921623155454}]","해당 없음: GenericItemDefinitionSO","8","1","게임 내 역할은 시설 설치와 구성, 생산망의 입력·출력에 연결된다.","이 물자의 원본 기능을 위해 보관·운반·소비·거래 중 한 경로에 재고를 배정해 다른 사용처를 늦춘다","비교 후보(대체 가능성 미검증): GenericItemDefinitionSO:facility-kit:0, GenericItemDefinitionSO:facility-kit:1, GenericItemDefinitionSO:facility-kit:10, GenericItemDefinitionSO:facility-kit:1000, GenericItemDefinitionSO:facility-kit:1001, GenericItemDefinitionSO:facility-kit:1002, GenericItemDefinitionSO:facility-kit:1003, GenericItemDefinitionSO:facility-kit:1004, GenericItemDefinitionSO:facility-kit:1005, GenericItemDefinitionSO:facility-kit:1006, GenericItemDefinitionSO:facility-kit:1007, GenericItemDefinitionSO:facility-kit:1008 외 364개","생성 또는 거래·재고 입고·운반·보관·장착 또는 소비와 하류 주문 기록","과잉 재고·운반·보관·수리 또는 사용 시점 지연이 압력이 된다","실제 비교 후보·교역·재활용·수리·배급 조정 중 원본 기능에 맞는 경로로 재고 압력을 줄인다","설계 확정; 질량·가격·스택·부패·효과 수치는 source authority와 밸런스 기준서에서 별도 검증 OPEN"
"facility-kit:57","3성 부식 냉각 함정 설치 키트","General (일반)","[{""rid"":7737211921623155455},{""rid"":7737211921623155456}]","해당 없음: GenericItemDefinitionSO","8","1","게임 내 역할은 시설 설치와 구성, 생산망의 입력·출력에 연결된다.","이 물자의 원본 기능을 위해 보관·운반·소비·거래 중 한 경로에 재고를 배정해 다른 사용처를 늦춘다","비교 후보(대체 가능성 미검증): GenericItemDefinitionSO:facility-kit:0, GenericItemDefinitionSO:facility-kit:1, GenericItemDefinitionSO:facility-kit:10, GenericItemDefinitionSO:facility-kit:1000, GenericItemDefinitionSO:facility-kit:1001, GenericItemDefinitionSO:facility-kit:1002, GenericItemDefinitionSO:facility-kit:1003, GenericItemDefinitionSO:facility-kit:1004, GenericItemDefinitionSO:facility-kit:1005, GenericItemDefinitionSO:facility-kit:1006, GenericItemDefinitionSO:facility-kit:1007, GenericItemDefinitionSO:facility-kit:1008 외 364개","생성 또는 거래·재고 입고·운반·보관·장착 또는 소비와 하류 주문 기록","과잉 재고·운반·보관·수리 또는 사용 시점 지연이 압력이 된다","실제 비교 후보·교역·재활용·수리·배급 조정 중 원본 기능에 맞는 경로로 재고 압력을 줄인다","설계 확정; 질량·가격·스택·부패·효과 수치는 source authority와 밸런스 기준서에서 별도 검증 OPEN"
"facility-kit:58","3성 폭뢰 분사구 설치 키트","General (일반)","[{""rid"":7737211921623155457},{""rid"":7737211921623155458}]","해당 없음: GenericItemDefinitionSO","8","1","게임 내 역할은 시설 설치와 구성, 생산망의 입력·출력에 연결된다.","이 물자의 원본 기능을 위해 보관·운반·소비·거래 중 한 경로에 재고를 배정해 다른 사용처를 늦춘다","비교 후보(대체 가능성 미검증): GenericItemDefinitionSO:facility-kit:0, GenericItemDefinitionSO:facility-kit:1, GenericItemDefinitionSO:facility-kit:10, GenericItemDefinitionSO:facility-kit:1000, GenericItemDefinitionSO:facility-kit:1001, GenericItemDefinitionSO:facility-kit:1002, GenericItemDefinitionSO:facility-kit:1003, GenericItemDefinitionSO:facility-kit:1004, GenericItemDefinitionSO:facility-kit:1005, GenericItemDefinitionSO:facility-kit:1006, GenericItemDefinitionSO:facility-kit:1007, GenericItemDefinitionSO:facility-kit:1008 외 364개","생성 또는 거래·재고 입고·운반·보관·장착 또는 소비와 하류 주문 기록","과잉 재고·운반·보관·수리 또는 사용 시점 지연이 압력이 된다","실제 비교 후보·교역·재활용·수리·배급 조정 중 원본 기능에 맞는 경로로 재고 압력을 줄인다","설계 확정; 질량·가격·스택·부패·효과 수치는 source authority와 밸런스 기준서에서 별도 검증 OPEN"
"facility-kit:59","3성 전투 병영 설치 키트","General (일반)","[{""rid"":7737211921623155459},{""rid"":7737211921623155460}]","해당 없음: GenericItemDefinitionSO","8","1","게임 내 역할은 시설 설치와 구성, 생산망의 입력·출력에 연결된다.","이 물자의 원본 기능을 위해 보관·운반·소비·거래 중 한 경로에 재고를 배정해 다른 사용처를 늦춘다","비교 후보(대체 가능성 미검증): GenericItemDefinitionSO:facility-kit:0, GenericItemDefinitionSO:facility-kit:1, GenericItemDefinitionSO:facility-kit:10, GenericItemDefinitionSO:facility-kit:1000, GenericItemDefinitionSO:facility-kit:1001, GenericItemDefinitionSO:facility-kit:1002, GenericItemDefinitionSO:facility-kit:1003, GenericItemDefinitionSO:facility-kit:1004, GenericItemDefinitionSO:facility-kit:1005, GenericItemDefinitionSO:facility-kit:1006, GenericItemDefinitionSO:facility-kit:1007, GenericItemDefinitionSO:facility-kit:1008 외 364개","생성 또는 거래·재고 입고·운반·보관·장착 또는 소비와 하류 주문 기록","과잉 재고·운반·보관·수리 또는 사용 시점 지연이 압력이 된다","실제 비교 후보·교역·재활용·수리·배급 조정 중 원본 기능에 맞는 경로로 재고 압력을 줄인다","설계 확정; 질량·가격·스택·부패·효과 수치는 source authority와 밸런스 기준서에서 별도 검증 OPEN"
"facility-kit:6","패스트푸드점 설치 키트","General (일반)","[{""rid"":7737211921623155461},{""rid"":7737211921623155462}]","해당 없음: GenericItemDefinitionSO","8","1","게임 내 역할은 시설 설치와 구성, 생산망의 입력·출력에 연결된다.","이 물자의 원본 기능을 위해 보관·운반·소비·거래 중 한 경로에 재고를 배정해 다른 사용처를 늦춘다","비교 후보(대체 가능성 미검증): GenericItemDefinitionSO:facility-kit:0, GenericItemDefinitionSO:facility-kit:1, GenericItemDefinitionSO:facility-kit:10, GenericItemDefinitionSO:facility-kit:1000, GenericItemDefinitionSO:facility-kit:1001, GenericItemDefinitionSO:facility-kit:1002, GenericItemDefinitionSO:facility-kit:1003, GenericItemDefinitionSO:facility-kit:1004, GenericItemDefinitionSO:facility-kit:1005, GenericItemDefinitionSO:facility-kit:1006, GenericItemDefinitionSO:facility-kit:1007, GenericItemDefinitionSO:facility-kit:1008 외 364개","생성 또는 거래·재고 입고·운반·보관·장착 또는 소비와 하류 주문 기록","과잉 재고·운반·보관·수리 또는 사용 시점 지연이 압력이 된다","실제 비교 후보·교역·재활용·수리·배급 조정 중 원본 기능에 맞는 경로로 재고 압력을 줄인다","설계 확정; 질량·가격·스택·부패·효과 수치는 source authority와 밸런스 기준서에서 별도 검증 OPEN"
"facility-kit:60","화장실 설치 키트","General (일반)","[{""rid"":7737211921623155463},{""rid"":7737211921623155464}]","해당 없음: GenericItemDefinitionSO","8","1","게임 내 역할은 시설 설치와 구성, 생산망의 입력·출력에 연결된다.","이 물자의 원본 기능을 위해 보관·운반·소비·거래 중 한 경로에 재고를 배정해 다른 사용처를 늦춘다","비교 후보(대체 가능성 미검증): GenericItemDefinitionSO:facility-kit:0, GenericItemDefinitionSO:facility-kit:1, GenericItemDefinitionSO:facility-kit:10, GenericItemDefinitionSO:facility-kit:1000, GenericItemDefinitionSO:facility-kit:1001, GenericItemDefinitionSO:facility-kit:1002, GenericItemDefinitionSO:facility-kit:1003, GenericItemDefinitionSO:facility-kit:1004, GenericItemDefinitionSO:facility-kit:1005, GenericItemDefinitionSO:facility-kit:1006, GenericItemDefinitionSO:facility-kit:1007, GenericItemDefinitionSO:facility-kit:1008 외 364개","생성 또는 거래·재고 입고·운반·보관·장착 또는 소비와 하류 주문 기록","과잉 재고·운반·보관·수리 또는 사용 시점 지연이 압력이 된다","실제 비교 후보·교역·재활용·수리·배급 조정 중 원본 기능에 맞는 경로로 재고 압력을 줄인다","설계 확정; 질량·가격·스택·부패·효과 수치는 source authority와 밸런스 기준서에서 별도 검증 OPEN"
"facility-kit:61","세면장 설치 키트","General (일반)","[{""rid"":7737211921623155465},{""rid"":7737211921623155466}]","해당 없음: GenericItemDefinitionSO","8","1","게임 내 역할은 시설 설치와 구성, 생산망의 입력·출력에 연결된다.","이 물자의 원본 기능을 위해 보관·운반·소비·거래 중 한 경로에 재고를 배정해 다른 사용처를 늦춘다","비교 후보(대체 가능성 미검증): GenericItemDefinitionSO:facility-kit:0, GenericItemDefinitionSO:facility-kit:1, GenericItemDefinitionSO:facility-kit:10, GenericItemDefinitionSO:facility-kit:1000, GenericItemDefinitionSO:facility-kit:1001, GenericItemDefinitionSO:facility-kit:1002, GenericItemDefinitionSO:facility-kit:1003, GenericItemDefinitionSO:facility-kit:1004, GenericItemDefinitionSO:facility-kit:1005, GenericItemDefinitionSO:facility-kit:1006, GenericItemDefinitionSO:facility-kit:1007, GenericItemDefinitionSO:facility-kit:1008 외 364개","생성 또는 거래·재고 입고·운반·보관·장착 또는 소비와 하류 주문 기록","과잉 재고·운반·보관·수리 또는 사용 시점 지연이 압력이 된다","실제 비교 후보·교역·재활용·수리·배급 조정 중 원본 기능에 맞는 경로로 재고 압력을 줄인다","설계 확정; 질량·가격·스택·부패·효과 수치는 source authority와 밸런스 기준서에서 별도 검증 OPEN"
"facility-kit:7","내벽 설치 키트","General (일반)","[{""rid"":7737211921623155467},{""rid"":7737211921623155468}]","해당 없음: GenericItemDefinitionSO","8","1","게임 내 역할은 시설 설치와 구성, 생산망의 입력·출력에 연결된다.","이 물자의 원본 기능을 위해 보관·운반·소비·거래 중 한 경로에 재고를 배정해 다른 사용처를 늦춘다","비교 후보(대체 가능성 미검증): GenericItemDefinitionSO:facility-kit:0, GenericItemDefinitionSO:facility-kit:1, GenericItemDefinitionSO:facility-kit:10, GenericItemDefinitionSO:facility-kit:1000, GenericItemDefinitionSO:facility-kit:1001, GenericItemDefinitionSO:facility-kit:1002, GenericItemDefinitionSO:facility-kit:1003, GenericItemDefinitionSO:facility-kit:1004, GenericItemDefinitionSO:facility-kit:1005, GenericItemDefinitionSO:facility-kit:1006, GenericItemDefinitionSO:facility-kit:1007, GenericItemDefinitionSO:facility-kit:1008 외 364개","생성 또는 거래·재고 입고·운반·보관·장착 또는 소비와 하류 주문 기록","과잉 재고·운반·보관·수리 또는 사용 시점 지연이 압력이 된다","실제 비교 후보·교역·재활용·수리·배급 조정 중 원본 기능에 맞는 경로로 재고 압력을 줄인다","설계 확정; 질량·가격·스택·부패·효과 수치는 source authority와 밸런스 기준서에서 별도 검증 OPEN"
"facility-kit:8","내벽 문 설치 키트","General (일반)","[{""rid"":7737211921623155469},{""rid"":7737211921623155470}]","해당 없음: GenericItemDefinitionSO","8","1","게임 내 역할은 시설 설치와 구성, 생산망의 입력·출력에 연결된다.","이 물자의 원본 기능을 위해 보관·운반·소비·거래 중 한 경로에 재고를 배정해 다른 사용처를 늦춘다","비교 후보(대체 가능성 미검증): GenericItemDefinitionSO:facility-kit:0, GenericItemDefinitionSO:facility-kit:1, GenericItemDefinitionSO:facility-kit:10, GenericItemDefinitionSO:facility-kit:1000, GenericItemDefinitionSO:facility-kit:1001, GenericItemDefinitionSO:facility-kit:1002, GenericItemDefinitionSO:facility-kit:1003, GenericItemDefinitionSO:facility-kit:1004, GenericItemDefinitionSO:facility-kit:1005, GenericItemDefinitionSO:facility-kit:1006, GenericItemDefinitionSO:facility-kit:1007, GenericItemDefinitionSO:facility-kit:1008 외 364개","생성 또는 거래·재고 입고·운반·보관·장착 또는 소비와 하류 주문 기록","과잉 재고·운반·보관·수리 또는 사용 시점 지연이 압력이 된다","실제 비교 후보·교역·재활용·수리·배급 조정 중 원본 기능에 맞는 경로로 재고 압력을 줄인다","설계 확정; 질량·가격·스택·부패·효과 수치는 source authority와 밸런스 기준서에서 별도 검증 OPEN"
"facility-kit:8801","채집 바구니 작업대 설치 키트","General (일반)","[{""rid"":7737211921623155471},{""rid"":7737211921623155472}]","해당 없음: GenericItemDefinitionSO","8","130","게임 내 역할은 시설 설치와 구성, 생산망의 입력·출력에 연결된다.","이 물자의 원본 기능을 위해 보관·운반·소비·거래 중 한 경로에 재고를 배정해 다른 사용처를 늦춘다","비교 후보(대체 가능성 미검증): GenericItemDefinitionSO:facility-kit:0, GenericItemDefinitionSO:facility-kit:1, GenericItemDefinitionSO:facility-kit:10, GenericItemDefinitionSO:facility-kit:1000, GenericItemDefinitionSO:facility-kit:1001, GenericItemDefinitionSO:facility-kit:1002, GenericItemDefinitionSO:facility-kit:1003, GenericItemDefinitionSO:facility-kit:1004, GenericItemDefinitionSO:facility-kit:1005, GenericItemDefinitionSO:facility-kit:1006, GenericItemDefinitionSO:facility-kit:1007, GenericItemDefinitionSO:facility-kit:1008 외 364개","생성 또는 거래·재고 입고·운반·보관·장착 또는 소비와 하류 주문 기록","과잉 재고·운반·보관·수리 또는 사용 시점 지연이 압력이 된다","실제 비교 후보·교역·재활용·수리·배급 조정 중 원본 기능에 맞는 경로로 재고 압력을 줄인다","설계 확정; 질량·가격·스택·부패·효과 수치는 source authority와 밸런스 기준서에서 별도 검증 OPEN"
"facility-kit:8802","중력식 수문 설치 키트","General (일반)","[{""rid"":7737211921623155473},{""rid"":7737211921623155474}]","해당 없음: GenericItemDefinitionSO","8","200","게임 내 역할은 시설 설치와 구성, 생산망의 입력·출력에 연결된다.","이 물자의 원본 기능을 위해 보관·운반·소비·거래 중 한 경로에 재고를 배정해 다른 사용처를 늦춘다","비교 후보(대체 가능성 미검증): GenericItemDefinitionSO:facility-kit:0, GenericItemDefinitionSO:facility-kit:1, GenericItemDefinitionSO:facility-kit:10, GenericItemDefinitionSO:facility-kit:1000, GenericItemDefinitionSO:facility-kit:1001, GenericItemDefinitionSO:facility-kit:1002, GenericItemDefinitionSO:facility-kit:1003, GenericItemDefinitionSO:facility-kit:1004, GenericItemDefinitionSO:facility-kit:1005, GenericItemDefinitionSO:facility-kit:1006, GenericItemDefinitionSO:facility-kit:1007, GenericItemDefinitionSO:facility-kit:1008 외 364개","생성 또는 거래·재고 입고·운반·보관·장착 또는 소비와 하류 주문 기록","과잉 재고·운반·보관·수리 또는 사용 시점 지연이 압력이 된다","실제 비교 후보·교역·재활용·수리·배급 조정 중 원본 기능에 맞는 경로로 재고 압력을 줄인다","설계 확정; 질량·가격·스택·부패·효과 수치는 source authority와 밸런스 기준서에서 별도 검증 OPEN"
"facility-kit:8803","동굴 재배 선반 설치 키트","General (일반)","[{""rid"":7737211921623155475},{""rid"":7737211921623155476}]","해당 없음: GenericItemDefinitionSO","8","260","게임 내 역할은 시설 설치와 구성, 생산망의 입력·출력에 연결된다.","이 물자의 원본 기능을 위해 보관·운반·소비·거래 중 한 경로에 재고를 배정해 다른 사용처를 늦춘다","비교 후보(대체 가능성 미검증): GenericItemDefinitionSO:facility-kit:0, GenericItemDefinitionSO:facility-kit:1, GenericItemDefinitionSO:facility-kit:10, GenericItemDefinitionSO:facility-kit:1000, GenericItemDefinitionSO:facility-kit:1001, GenericItemDefinitionSO:facility-kit:1002, GenericItemDefinitionSO:facility-kit:1003, GenericItemDefinitionSO:facility-kit:1004, GenericItemDefinitionSO:facility-kit:1005, GenericItemDefinitionSO:facility-kit:1006, GenericItemDefinitionSO:facility-kit:1007, GenericItemDefinitionSO:facility-kit:1008 외 364개","생성 또는 거래·재고 입고·운반·보관·장착 또는 소비와 하류 주문 기록","과잉 재고·운반·보관·수리 또는 사용 시점 지연이 압력이 된다","실제 비교 후보·교역·재활용·수리·배급 조정 중 원본 기능에 맞는 경로로 재고 압력을 줄인다","설계 확정; 질량·가격·스택·부패·효과 수치는 source authority와 밸런스 기준서에서 별도 검증 OPEN"
"facility-kit:8804","문장 깃발 제작대 설치 키트","General (일반)","[{""rid"":7737211921623155477},{""rid"":7737211921623155478}]","해당 없음: GenericItemDefinitionSO","8","220","게임 내 역할은 시설 설치와 구성, 생산망의 입력·출력에 연결된다.","이 물자의 원본 기능을 위해 보관·운반·소비·거래 중 한 경로에 재고를 배정해 다른 사용처를 늦춘다","비교 후보(대체 가능성 미검증): GenericItemDefinitionSO:facility-kit:0, GenericItemDefinitionSO:facility-kit:1, GenericItemDefinitionSO:facility-kit:10, GenericItemDefinitionSO:facility-kit:1000, GenericItemDefinitionSO:facility-kit:1001, GenericItemDefinitionSO:facility-kit:1002, GenericItemDefinitionSO:facility-kit:1003, GenericItemDefinitionSO:facility-kit:1004, GenericItemDefinitionSO:facility-kit:1005, GenericItemDefinitionSO:facility-kit:1006, GenericItemDefinitionSO:facility-kit:1007, GenericItemDefinitionSO:facility-kit:1008 외 364개","생성 또는 거래·재고 입고·운반·보관·장착 또는 소비와 하류 주문 기록","과잉 재고·운반·보관·수리 또는 사용 시점 지연이 압력이 된다","실제 비교 후보·교역·재활용·수리·배급 조정 중 원본 기능에 맞는 경로로 재고 압력을 줄인다","설계 확정; 질량·가격·스택·부패·효과 수치는 source authority와 밸런스 기준서에서 별도 검증 OPEN"
"facility-kit:8805","의식 화로 설치 키트","General (일반)","[{""rid"":7737211921623155479},{""rid"":7737211921623155480}]","해당 없음: GenericItemDefinitionSO","8","220","게임 내 역할은 시설 설치와 구성, 생산망의 입력·출력에 연결된다.","이 물자의 원본 기능을 위해 보관·운반·소비·거래 중 한 경로에 재고를 배정해 다른 사용처를 늦춘다","비교 후보(대체 가능성 미검증): GenericItemDefinitionSO:facility-kit:0, GenericItemDefinitionSO:facility-kit:1, GenericItemDefinitionSO:facility-kit:10, GenericItemDefinitionSO:facility-kit:1000, GenericItemDefinitionSO:facility-kit:1001, GenericItemDefinitionSO:facility-kit:1002, GenericItemDefinitionSO:facility-kit:1003, GenericItemDefinitionSO:facility-kit:1004, GenericItemDefinitionSO:facility-kit:1005, GenericItemDefinitionSO:facility-kit:1006, GenericItemDefinitionSO:facility-kit:1007, GenericItemDefinitionSO:facility-kit:1008 외 364개","생성 또는 거래·재고 입고·운반·보관·장착 또는 소비와 하류 주문 기록","과잉 재고·운반·보관·수리 또는 사용 시점 지연이 압력이 된다","실제 비교 후보·교역·재활용·수리·배급 조정 중 원본 기능에 맞는 경로로 재고 압력을 줄인다","설계 확정; 질량·가격·스택·부패·효과 수치는 source authority와 밸런스 기준서에서 별도 검증 OPEN"
"facility-kit:8806","운반 멜빵 걸이 설치 키트","General (일반)","[{""rid"":7737211921623155481},{""rid"":7737211921623155482}]","해당 없음: GenericItemDefinitionSO","8","220","게임 내 역할은 시설 설치와 구성, 생산망의 입력·출력에 연결된다.","이 물자의 원본 기능을 위해 보관·운반·소비·거래 중 한 경로에 재고를 배정해 다른 사용처를 늦춘다","비교 후보(대체 가능성 미검증): GenericItemDefinitionSO:facility-kit:0, GenericItemDefinitionSO:facility-kit:1, GenericItemDefinitionSO:facility-kit:10, GenericItemDefinitionSO:facility-kit:1000, GenericItemDefinitionSO:facility-kit:1001, GenericItemDefinitionSO:facility-kit:1002, GenericItemDefinitionSO:facility-kit:1003, GenericItemDefinitionSO:facility-kit:1004, GenericItemDefinitionSO:facility-kit:1005, GenericItemDefinitionSO:facility-kit:1006, GenericItemDefinitionSO:facility-kit:1007, GenericItemDefinitionSO:facility-kit:1008 외 364개","생성 또는 거래·재고 입고·운반·보관·장착 또는 소비와 하류 주문 기록","과잉 재고·운반·보관·수리 또는 사용 시점 지연이 압력이 된다","실제 비교 후보·교역·재활용·수리·배급 조정 중 원본 기능에 맞는 경로로 재고 압력을 줄인다","설계 확정; 질량·가격·스택·부패·효과 수치는 source authority와 밸런스 기준서에서 별도 검증 OPEN"
"facility-kit:8807","가격표 게시판 설치 키트","General (일반)","[{""rid"":7737211921623155483},{""rid"":7737211921623155484}]","해당 없음: GenericItemDefinitionSO","8","120","게임 내 역할은 시설 설치와 구성, 생산망의 입력·출력에 연결된다.","이 물자의 원본 기능을 위해 보관·운반·소비·거래 중 한 경로에 재고를 배정해 다른 사용처를 늦춘다","비교 후보(대체 가능성 미검증): GenericItemDefinitionSO:facility-kit:0, GenericItemDefinitionSO:facility-kit:1, GenericItemDefinitionSO:facility-kit:10, GenericItemDefinitionSO:facility-kit:1000, GenericItemDefinitionSO:facility-kit:1001, GenericItemDefinitionSO:facility-kit:1002, GenericItemDefinitionSO:facility-kit:1003, GenericItemDefinitionSO:facility-kit:1004, GenericItemDefinitionSO:facility-kit:1005, GenericItemDefinitionSO:facility-kit:1006, GenericItemDefinitionSO:facility-kit:1007, GenericItemDefinitionSO:facility-kit:1008 외 364개","생성 또는 거래·재고 입고·운반·보관·장착 또는 소비와 하류 주문 기록","과잉 재고·운반·보관·수리 또는 사용 시점 지연이 압력이 된다","실제 비교 후보·교역·재활용·수리·배급 조정 중 원본 기능에 맞는 경로로 재고 압력을 줄인다","설계 확정; 질량·가격·스택·부패·효과 수치는 source authority와 밸런스 기준서에서 별도 검증 OPEN"
"facility-kit:8808","피의 무대 배수구 설치 키트","General (일반)","[{""rid"":7737211921623155485},{""rid"":7737211921623155486}]","해당 없음: GenericItemDefinitionSO","8","200","게임 내 역할은 시설 설치와 구성, 생산망의 입력·출력에 연결된다.","이 물자의 원본 기능을 위해 보관·운반·소비·거래 중 한 경로에 재고를 배정해 다른 사용처를 늦춘다","비교 후보(대체 가능성 미검증): GenericItemDefinitionSO:facility-kit:0, GenericItemDefinitionSO:facility-kit:1, GenericItemDefinitionSO:facility-kit:10, GenericItemDefinitionSO:facility-kit:1000, GenericItemDefinitionSO:facility-kit:1001, GenericItemDefinitionSO:facility-kit:1002, GenericItemDefinitionSO:facility-kit:1003, GenericItemDefinitionSO:facility-kit:1004, GenericItemDefinitionSO:facility-kit:1005, GenericItemDefinitionSO:facility-kit:1006, GenericItemDefinitionSO:facility-kit:1007, GenericItemDefinitionSO:facility-kit:1008 외 364개","생성 또는 거래·재고 입고·운반·보관·장착 또는 소비와 하류 주문 기록","과잉 재고·운반·보관·수리 또는 사용 시점 지연이 압력이 된다","실제 비교 후보·교역·재활용·수리·배급 조정 중 원본 기능에 맞는 경로로 재고 압력을 줄인다","설계 확정; 질량·가격·스택·부패·효과 수치는 source authority와 밸런스 기준서에서 별도 검증 OPEN"
"facility-kit:8809","포로 작업 도구함 설치 키트","General (일반)","[{""rid"":7737211921623155487},{""rid"":7737211921623155488}]","해당 없음: GenericItemDefinitionSO","8","280","게임 내 역할은 시설 설치와 구성, 생산망의 입력·출력에 연결된다.","이 물자의 원본 기능을 위해 보관·운반·소비·거래 중 한 경로에 재고를 배정해 다른 사용처를 늦춘다","비교 후보(대체 가능성 미검증): GenericItemDefinitionSO:facility-kit:0, GenericItemDefinitionSO:facility-kit:1, GenericItemDefinitionSO:facility-kit:10, GenericItemDefinitionSO:facility-kit:1000, GenericItemDefinitionSO:facility-kit:1001, GenericItemDefinitionSO:facility-kit:1002, GenericItemDefinitionSO:facility-kit:1003, GenericItemDefinitionSO:facility-kit:1004, GenericItemDefinitionSO:facility-kit:1005, GenericItemDefinitionSO:facility-kit:1006, GenericItemDefinitionSO:facility-kit:1007, GenericItemDefinitionSO:facility-kit:1008 외 364개","생성 또는 거래·재고 입고·운반·보관·장착 또는 소비와 하류 주문 기록","과잉 재고·운반·보관·수리 또는 사용 시점 지연이 압력이 된다","실제 비교 후보·교역·재활용·수리·배급 조정 중 원본 기능에 맞는 경로로 재고 압력을 줄인다","설계 확정; 질량·가격·스택·부패·효과 수치는 source authority와 밸런스 기준서에서 별도 검증 OPEN"
"facility-kit:8810","강화 구속구 선반 설치 키트","General (일반)","[{""rid"":7737211921623155489},{""rid"":7737211921623155490}]","해당 없음: GenericItemDefinitionSO","8","280","게임 내 역할은 시설 설치와 구성, 생산망의 입력·출력에 연결된다.","이 물자의 원본 기능을 위해 보관·운반·소비·거래 중 한 경로에 재고를 배정해 다른 사용처를 늦춘다","비교 후보(대체 가능성 미검증): GenericItemDefinitionSO:facility-kit:0, GenericItemDefinitionSO:facility-kit:1, GenericItemDefinitionSO:facility-kit:10, GenericItemDefinitionSO:facility-kit:1000, GenericItemDefinitionSO:facility-kit:1001, GenericItemDefinitionSO:facility-kit:1002, GenericItemDefinitionSO:facility-kit:1003, GenericItemDefinitionSO:facility-kit:1004, GenericItemDefinitionSO:facility-kit:1005, GenericItemDefinitionSO:facility-kit:1006, GenericItemDefinitionSO:facility-kit:1007, GenericItemDefinitionSO:facility-kit:1008 외 364개","생성 또는 거래·재고 입고·운반·보관·장착 또는 소비와 하류 주문 기록","과잉 재고·운반·보관·수리 또는 사용 시점 지연이 압력이 된다","실제 비교 후보·교역·재활용·수리·배급 조정 중 원본 기능에 맞는 경로로 재고 압력을 줄인다","설계 확정; 질량·가격·스택·부패·효과 수치는 source authority와 밸런스 기준서에서 별도 검증 OPEN"
"facility-kit:8811","공연 소품 보관대 설치 키트","General (일반)","[{""rid"":7737211921623155491},{""rid"":7737211921623155492}]","해당 없음: GenericItemDefinitionSO","8","180","게임 내 역할은 시설 설치와 구성, 생산망의 입력·출력에 연결된다.","이 물자의 원본 기능을 위해 보관·운반·소비·거래 중 한 경로에 재고를 배정해 다른 사용처를 늦춘다","비교 후보(대체 가능성 미검증): GenericItemDefinitionSO:facility-kit:0, GenericItemDefinitionSO:facility-kit:1, GenericItemDefinitionSO:facility-kit:10, GenericItemDefinitionSO:facility-kit:1000, GenericItemDefinitionSO:facility-kit:1001, GenericItemDefinitionSO:facility-kit:1002, GenericItemDefinitionSO:facility-kit:1003, GenericItemDefinitionSO:facility-kit:1004, GenericItemDefinitionSO:facility-kit:1005, GenericItemDefinitionSO:facility-kit:1006, GenericItemDefinitionSO:facility-kit:1007, GenericItemDefinitionSO:facility-kit:1008 외 364개","생성 또는 거래·재고 입고·운반·보관·장착 또는 소비와 하류 주문 기록","과잉 재고·운반·보관·수리 또는 사용 시점 지연이 압력이 된다","실제 비교 후보·교역·재활용·수리·배급 조정 중 원본 기능에 맞는 경로로 재고 압력을 줄인다","설계 확정; 질량·가격·스택·부패·효과 수치는 source authority와 밸런스 기준서에서 별도 검증 OPEN"
"facility-kit:8812","동맹 신호기 설치 키트","General (일반)","[{""rid"":7737211921623155493},{""rid"":7737211921623155494}]","해당 없음: GenericItemDefinitionSO","8","360","게임 내 역할은 시설 설치와 구성, 생산망의 입력·출력에 연결된다.","이 물자의 원본 기능을 위해 보관·운반·소비·거래 중 한 경로에 재고를 배정해 다른 사용처를 늦춘다","비교 후보(대체 가능성 미검증): GenericItemDefinitionSO:facility-kit:0, GenericItemDefinitionSO:facility-kit:1, GenericItemDefinitionSO:facility-kit:10, GenericItemDefinitionSO:facility-kit:1000, GenericItemDefinitionSO:facility-kit:1001, GenericItemDefinitionSO:facility-kit:1002, GenericItemDefinitionSO:facility-kit:1003, GenericItemDefinitionSO:facility-kit:1004, GenericItemDefinitionSO:facility-kit:1005, GenericItemDefinitionSO:facility-kit:1006, GenericItemDefinitionSO:facility-kit:1007, GenericItemDefinitionSO:facility-kit:1008 외 364개","생성 또는 거래·재고 입고·운반·보관·장착 또는 소비와 하류 주문 기록","과잉 재고·운반·보관·수리 또는 사용 시점 지연이 압력이 된다","실제 비교 후보·교역·재활용·수리·배급 조정 중 원본 기능에 맞는 경로로 재고 압력을 줄인다","설계 확정; 질량·가격·스택·부패·효과 수치는 source authority와 밸런스 기준서에서 별도 검증 OPEN"
"facility-kit:8813","균사 재배 선반 설치 키트","General (일반)","[{""rid"":7737211921623155495},{""rid"":7737211921623155496}]","해당 없음: GenericItemDefinitionSO","8","260","게임 내 역할은 시설 설치와 구성, 생산망의 입력·출력에 연결된다.","이 물자의 원본 기능을 위해 보관·운반·소비·거래 중 한 경로에 재고를 배정해 다른 사용처를 늦춘다","비교 후보(대체 가능성 미검증): GenericItemDefinitionSO:facility-kit:0, GenericItemDefinitionSO:facility-kit:1, GenericItemDefinitionSO:facility-kit:10, GenericItemDefinitionSO:facility-kit:1000, GenericItemDefinitionSO:facility-kit:1001, GenericItemDefinitionSO:facility-kit:1002, GenericItemDefinitionSO:facility-kit:1003, GenericItemDefinitionSO:facility-kit:1004, GenericItemDefinitionSO:facility-kit:1005, GenericItemDefinitionSO:facility-kit:1006, GenericItemDefinitionSO:facility-kit:1007, GenericItemDefinitionSO:facility-kit:1008 외 364개","생성 또는 거래·재고 입고·운반·보관·장착 또는 소비와 하류 주문 기록","과잉 재고·운반·보관·수리 또는 사용 시점 지연이 압력이 된다","실제 비교 후보·교역·재활용·수리·배급 조정 중 원본 기능에 맞는 경로로 재고 압력을 줄인다","설계 확정; 질량·가격·스택·부패·효과 수치는 source authority와 밸런스 기준서에서 별도 검증 OPEN"
"facility-kit:8814","벌목 키트 걸이 설치 키트","General (일반)","[{""rid"":7737211921623155497},{""rid"":7737211921623155498}]","해당 없음: GenericItemDefinitionSO","8","130","게임 내 역할은 시설 설치와 구성, 생산망의 입력·출력에 연결된다.","이 물자의 원본 기능을 위해 보관·운반·소비·거래 중 한 경로에 재고를 배정해 다른 사용처를 늦춘다","비교 후보(대체 가능성 미검증): GenericItemDefinitionSO:facility-kit:0, GenericItemDefinitionSO:facility-kit:1, GenericItemDefinitionSO:facility-kit:10, GenericItemDefinitionSO:facility-kit:1000, GenericItemDefinitionSO:facility-kit:1001, GenericItemDefinitionSO:facility-kit:1002, GenericItemDefinitionSO:facility-kit:1003, GenericItemDefinitionSO:facility-kit:1004, GenericItemDefinitionSO:facility-kit:1005, GenericItemDefinitionSO:facility-kit:1006, GenericItemDefinitionSO:facility-kit:1007, GenericItemDefinitionSO:facility-kit:1008 외 364개","생성 또는 거래·재고 입고·운반·보관·장착 또는 소비와 하류 주문 기록","과잉 재고·운반·보관·수리 또는 사용 시점 지연이 압력이 된다","실제 비교 후보·교역·재활용·수리·배급 조정 중 원본 기능에 맞는 경로로 재고 압력을 줄인다","설계 확정; 질량·가격·스택·부패·효과 수치는 source authority와 밸런스 기준서에서 별도 검증 OPEN"
"facility-kit:8815","쐐기 도끼 작업대 설치 키트","General (일반)","[{""rid"":7737211921623155499},{""rid"":7737211921623155500}]","해당 없음: GenericItemDefinitionSO","8","220","게임 내 역할은 시설 설치와 구성, 생산망의 입력·출력에 연결된다.","이 물자의 원본 기능을 위해 보관·운반·소비·거래 중 한 경로에 재고를 배정해 다른 사용처를 늦춘다","비교 후보(대체 가능성 미검증): GenericItemDefinitionSO:facility-kit:0, GenericItemDefinitionSO:facility-kit:1, GenericItemDefinitionSO:facility-kit:10, GenericItemDefinitionSO:facility-kit:1000, GenericItemDefinitionSO:facility-kit:1001, GenericItemDefinitionSO:facility-kit:1002, GenericItemDefinitionSO:facility-kit:1003, GenericItemDefinitionSO:facility-kit:1004, GenericItemDefinitionSO:facility-kit:1005, GenericItemDefinitionSO:facility-kit:1006, GenericItemDefinitionSO:facility-kit:1007, GenericItemDefinitionSO:facility-kit:1008 외 364개","생성 또는 거래·재고 입고·운반·보관·장착 또는 소비와 하류 주문 기록","과잉 재고·운반·보관·수리 또는 사용 시점 지연이 압력이 된다","실제 비교 후보·교역·재활용·수리·배급 조정 중 원본 기능에 맞는 경로로 재고 압력을 줄인다","설계 확정; 질량·가격·스택·부패·효과 수치는 source authority와 밸런스 기준서에서 별도 검증 OPEN"
"facility-kit:8816","방부 처리 목재대 설치 키트","General (일반)","[{""rid"":7737211921623155501},{""rid"":7737211921623155502}]","해당 없음: GenericItemDefinitionSO","8","220","게임 내 역할은 시설 설치와 구성, 생산망의 입력·출력에 연결된다.","이 물자의 원본 기능을 위해 보관·운반·소비·거래 중 한 경로에 재고를 배정해 다른 사용처를 늦춘다","비교 후보(대체 가능성 미검증): GenericItemDefinitionSO:facility-kit:0, GenericItemDefinitionSO:facility-kit:1, GenericItemDefinitionSO:facility-kit:10, GenericItemDefinitionSO:facility-kit:1000, GenericItemDefinitionSO:facility-kit:1001, GenericItemDefinitionSO:facility-kit:1002, GenericItemDefinitionSO:facility-kit:1003, GenericItemDefinitionSO:facility-kit:1004, GenericItemDefinitionSO:facility-kit:1005, GenericItemDefinitionSO:facility-kit:1006, GenericItemDefinitionSO:facility-kit:1007, GenericItemDefinitionSO:facility-kit:1008 외 364개","생성 또는 거래·재고 입고·운반·보관·장착 또는 소비와 하류 주문 기록","과잉 재고·운반·보관·수리 또는 사용 시점 지연이 압력이 된다","실제 비교 후보·교역·재활용·수리·배급 조정 중 원본 기능에 맞는 경로로 재고 압력을 줄인다","설계 확정; 질량·가격·스택·부패·효과 수치는 source authority와 밸런스 기준서에서 별도 검증 OPEN"
"facility-kit:8817","번식 장부대 설치 키트","General (일반)","[{""rid"":7737211921623155503},{""rid"":7737211921623155504}]","해당 없음: GenericItemDefinitionSO","8","120","게임 내 역할은 시설 설치와 구성, 생산망의 입력·출력에 연결된다.","이 물자의 원본 기능을 위해 보관·운반·소비·거래 중 한 경로에 재고를 배정해 다른 사용처를 늦춘다","비교 후보(대체 가능성 미검증): GenericItemDefinitionSO:facility-kit:0, GenericItemDefinitionSO:facility-kit:1, GenericItemDefinitionSO:facility-kit:10, GenericItemDefinitionSO:facility-kit:1000, GenericItemDefinitionSO:facility-kit:1001, GenericItemDefinitionSO:facility-kit:1002, GenericItemDefinitionSO:facility-kit:1003, GenericItemDefinitionSO:facility-kit:1004, GenericItemDefinitionSO:facility-kit:1005, GenericItemDefinitionSO:facility-kit:1006, GenericItemDefinitionSO:facility-kit:1007, GenericItemDefinitionSO:facility-kit:1008 외 364개","생성 또는 거래·재고 입고·운반·보관·장착 또는 소비와 하류 주문 기록","과잉 재고·운반·보관·수리 또는 사용 시점 지연이 압력이 된다","실제 비교 후보·교역·재활용·수리·배급 조정 중 원본 기능에 맞는 경로로 재고 압력을 줄인다","설계 확정; 질량·가격·스택·부패·효과 수치는 source authority와 밸런스 기준서에서 별도 검증 OPEN"
"facility-kit:8818","혈통 촉진제 선반 설치 키트","General (일반)","[{""rid"":7737211921623155505},{""rid"":7737211921623155506}]","해당 없음: GenericItemDefinitionSO","8","220","게임 내 역할은 시설 설치와 구성, 생산망의 입력·출력에 연결된다.","이 물자의 원본 기능을 위해 보관·운반·소비·거래 중 한 경로에 재고를 배정해 다른 사용처를 늦춘다","비교 후보(대체 가능성 미검증): GenericItemDefinitionSO:facility-kit:0, GenericItemDefinitionSO:facility-kit:1, GenericItemDefinitionSO:facility-kit:10, GenericItemDefinitionSO:facility-kit:1000, GenericItemDefinitionSO:facility-kit:1001, GenericItemDefinitionSO:facility-kit:1002, GenericItemDefinitionSO:facility-kit:1003, GenericItemDefinitionSO:facility-kit:1004, GenericItemDefinitionSO:facility-kit:1005, GenericItemDefinitionSO:facility-kit:1006, GenericItemDefinitionSO:facility-kit:1007, GenericItemDefinitionSO:facility-kit:1008 외 364개","생성 또는 거래·재고 입고·운반·보관·장착 또는 소비와 하류 주문 기록","과잉 재고·운반·보관·수리 또는 사용 시점 지연이 압력이 된다","실제 비교 후보·교역·재활용·수리·배급 조정 중 원본 기능에 맞는 경로로 재고 압력을 줄인다","설계 확정; 질량·가격·스택·부패·효과 수치는 source authority와 밸런스 기준서에서 별도 검증 OPEN"
"facility-kit:8819","마구 선반 설치 키트","General (일반)","[{""rid"":7737211921623155507},{""rid"":7737211921623155508}]","해당 없음: GenericItemDefinitionSO","8","130","게임 내 역할은 시설 설치와 구성, 생산망의 입력·출력에 연결된다.","이 물자의 원본 기능을 위해 보관·운반·소비·거래 중 한 경로에 재고를 배정해 다른 사용처를 늦춘다","비교 후보(대체 가능성 미검증): GenericItemDefinitionSO:facility-kit:0, GenericItemDefinitionSO:facility-kit:1, GenericItemDefinitionSO:facility-kit:10, GenericItemDefinitionSO:facility-kit:1000, GenericItemDefinitionSO:facility-kit:1001, GenericItemDefinitionSO:facility-kit:1002, GenericItemDefinitionSO:facility-kit:1003, GenericItemDefinitionSO:facility-kit:1004, GenericItemDefinitionSO:facility-kit:1005, GenericItemDefinitionSO:facility-kit:1006, GenericItemDefinitionSO:facility-kit:1007, GenericItemDefinitionSO:facility-kit:1008 외 364개","생성 또는 거래·재고 입고·운반·보관·장착 또는 소비와 하류 주문 기록","과잉 재고·운반·보관·수리 또는 사용 시점 지연이 압력이 된다","실제 비교 후보·교역·재활용·수리·배급 조정 중 원본 기능에 맞는 경로로 재고 압력을 줄인다","설계 확정; 질량·가격·스택·부패·효과 수치는 source authority와 밸런스 기준서에서 별도 검증 OPEN"
"facility-kit:8820","조련용 고삐 걸이 설치 키트","General (일반)","[{""rid"":7737211921623155509},{""rid"":7737211921623155510}]","해당 없음: GenericItemDefinitionSO","8","130","게임 내 역할은 시설 설치와 구성, 생산망의 입력·출력에 연결된다.","이 물자의 원본 기능을 위해 보관·운반·소비·거래 중 한 경로에 재고를 배정해 다른 사용처를 늦춘다","비교 후보(대체 가능성 미검증): GenericItemDefinitionSO:facility-kit:0, GenericItemDefinitionSO:facility-kit:1, GenericItemDefinitionSO:facility-kit:10, GenericItemDefinitionSO:facility-kit:1000, GenericItemDefinitionSO:facility-kit:1001, GenericItemDefinitionSO:facility-kit:1002, GenericItemDefinitionSO:facility-kit:1003, GenericItemDefinitionSO:facility-kit:1004, GenericItemDefinitionSO:facility-kit:1005, GenericItemDefinitionSO:facility-kit:1006, GenericItemDefinitionSO:facility-kit:1007, GenericItemDefinitionSO:facility-kit:1008 외 364개","생성 또는 거래·재고 입고·운반·보관·장착 또는 소비와 하류 주문 기록","과잉 재고·운반·보관·수리 또는 사용 시점 지연이 압력이 된다","실제 비교 후보·교역·재활용·수리·배급 조정 중 원본 기능에 맞는 경로로 재고 압력을 줄인다","설계 확정; 질량·가격·스택·부패·효과 수치는 source authority와 밸런스 기준서에서 별도 검증 OPEN"
"facility-kit:8821","동력 공구날 연마대 설치 키트","General (일반)","[{""rid"":7737211921623155511},{""rid"":7737211921623155512}]","해당 없음: GenericItemDefinitionSO","8","440","게임 내 역할은 시설 설치와 구성, 생산망의 입력·출력에 연결된다.","이 물자의 원본 기능을 위해 보관·운반·소비·거래 중 한 경로에 재고를 배정해 다른 사용처를 늦춘다","비교 후보(대체 가능성 미검증): GenericItemDefinitionSO:facility-kit:0, GenericItemDefinitionSO:facility-kit:1, GenericItemDefinitionSO:facility-kit:10, GenericItemDefinitionSO:facility-kit:1000, GenericItemDefinitionSO:facility-kit:1001, GenericItemDefinitionSO:facility-kit:1002, GenericItemDefinitionSO:facility-kit:1003, GenericItemDefinitionSO:facility-kit:1004, GenericItemDefinitionSO:facility-kit:1005, GenericItemDefinitionSO:facility-kit:1006, GenericItemDefinitionSO:facility-kit:1007, GenericItemDefinitionSO:facility-kit:1008 외 364개","생성 또는 거래·재고 입고·운반·보관·장착 또는 소비와 하류 주문 기록","과잉 재고·운반·보관·수리 또는 사용 시점 지연이 압력이 된다","실제 비교 후보·교역·재활용·수리·배급 조정 중 원본 기능에 맞는 경로로 재고 압력을 줄인다","설계 확정; 질량·가격·스택·부패·효과 수치는 source authority와 밸런스 기준서에서 별도 검증 OPEN"
"facility-kit:8822","자동 세척기 설치 키트","General (일반)","[{""rid"":7737211921623155513},{""rid"":7737211921623155514}]","해당 없음: GenericItemDefinitionSO","8","440","게임 내 역할은 시설 설치와 구성, 생산망의 입력·출력에 연결된다.","이 물자의 원본 기능을 위해 보관·운반·소비·거래 중 한 경로에 재고를 배정해 다른 사용처를 늦춘다","비교 후보(대체 가능성 미검증): GenericItemDefinitionSO:facility-kit:0, GenericItemDefinitionSO:facility-kit:1, GenericItemDefinitionSO:facility-kit:10, GenericItemDefinitionSO:facility-kit:1000, GenericItemDefinitionSO:facility-kit:1001, GenericItemDefinitionSO:facility-kit:1002, GenericItemDefinitionSO:facility-kit:1003, GenericItemDefinitionSO:facility-kit:1004, GenericItemDefinitionSO:facility-kit:1005, GenericItemDefinitionSO:facility-kit:1006, GenericItemDefinitionSO:facility-kit:1007, GenericItemDefinitionSO:facility-kit:1008 외 364개","생성 또는 거래·재고 입고·운반·보관·장착 또는 소비와 하류 주문 기록","과잉 재고·운반·보관·수리 또는 사용 시점 지연이 압력이 된다","실제 비교 후보·교역·재활용·수리·배급 조정 중 원본 기능에 맞는 경로로 재고 압력을 줄인다","설계 확정; 질량·가격·스택·부패·효과 수치는 source authority와 밸런스 기준서에서 별도 검증 OPEN"
"facility-kit:8823","룬 버스 결합기 설치 키트","General (일반)","[{""rid"":7737211921623155515},{""rid"":7737211921623155516}]","해당 없음: GenericItemDefinitionSO","8","650","게임 내 역할은 시설 설치와 구성, 생산망의 입력·출력에 연결된다.","이 물자의 원본 기능을 위해 보관·운반·소비·거래 중 한 경로에 재고를 배정해 다른 사용처를 늦춘다","비교 후보(대체 가능성 미검증): GenericItemDefinitionSO:facility-kit:0, GenericItemDefinitionSO:facility-kit:1, GenericItemDefinitionSO:facility-kit:10, GenericItemDefinitionSO:facility-kit:1000, GenericItemDefinitionSO:facility-kit:1001, GenericItemDefinitionSO:facility-kit:1002, GenericItemDefinitionSO:facility-kit:1003, GenericItemDefinitionSO:facility-kit:1004, GenericItemDefinitionSO:facility-kit:1005, GenericItemDefinitionSO:facility-kit:1006, GenericItemDefinitionSO:facility-kit:1007, GenericItemDefinitionSO:facility-kit:1008 외 364개","생성 또는 거래·재고 입고·운반·보관·장착 또는 소비와 하류 주문 기록","과잉 재고·운반·보관·수리 또는 사용 시점 지연이 압력이 된다","실제 비교 후보·교역·재활용·수리·배급 조정 중 원본 기능에 맞는 경로로 재고 압력을 줄인다","설계 확정; 질량·가격·스택·부패·효과 수치는 source authority와 밸런스 기준서에서 별도 검증 OPEN"
"facility-kit:8824","방어시설 장전기 설치 키트","General (일반)","[{""rid"":7737211921623155517},{""rid"":7737211921623155518}]","해당 없음: GenericItemDefinitionSO","8","360","게임 내 역할은 시설 설치와 구성, 생산망의 입력·출력에 연결된다.","이 물자의 원본 기능을 위해 보관·운반·소비·거래 중 한 경로에 재고를 배정해 다른 사용처를 늦춘다","비교 후보(대체 가능성 미검증): GenericItemDefinitionSO:facility-kit:0, GenericItemDefinitionSO:facility-kit:1, GenericItemDefinitionSO:facility-kit:10, GenericItemDefinitionSO:facility-kit:1000, GenericItemDefinitionSO:facility-kit:1001, GenericItemDefinitionSO:facility-kit:1002, GenericItemDefinitionSO:facility-kit:1003, GenericItemDefinitionSO:facility-kit:1004, GenericItemDefinitionSO:facility-kit:1005, GenericItemDefinitionSO:facility-kit:1006, GenericItemDefinitionSO:facility-kit:1007, GenericItemDefinitionSO:facility-kit:1008 외 364개","생성 또는 거래·재고 입고·운반·보관·장착 또는 소비와 하류 주문 기록","과잉 재고·운반·보관·수리 또는 사용 시점 지연이 압력이 된다","실제 비교 후보·교역·재활용·수리·배급 조정 중 원본 기능에 맞는 경로로 재고 압력을 줄인다","설계 확정; 질량·가격·스택·부패·효과 수치는 source authority와 밸런스 기준서에서 별도 검증 OPEN"
"facility-kit:8825","시제품 연구실 설치 키트","General (일반)","[{""rid"":7737211921623155519},{""rid"":7737211921623155520}]","해당 없음: GenericItemDefinitionSO","8","400","게임 내 역할은 시설 설치와 구성, 생산망의 입력·출력에 연결된다.","이 물자의 원본 기능을 위해 보관·운반·소비·거래 중 한 경로에 재고를 배정해 다른 사용처를 늦춘다","비교 후보(대체 가능성 미검증): GenericItemDefinitionSO:facility-kit:0, GenericItemDefinitionSO:facility-kit:1, GenericItemDefinitionSO:facility-kit:10, GenericItemDefinitionSO:facility-kit:1000, GenericItemDefinitionSO:facility-kit:1001, GenericItemDefinitionSO:facility-kit:1002, GenericItemDefinitionSO:facility-kit:1003, GenericItemDefinitionSO:facility-kit:1004, GenericItemDefinitionSO:facility-kit:1005, GenericItemDefinitionSO:facility-kit:1006, GenericItemDefinitionSO:facility-kit:1007, GenericItemDefinitionSO:facility-kit:1008 외 364개","생성 또는 거래·재고 입고·운반·보관·장착 또는 소비와 하류 주문 기록","과잉 재고·운반·보관·수리 또는 사용 시점 지연이 압력이 된다","실제 비교 후보·교역·재활용·수리·배급 조정 중 원본 기능에 맞는 경로로 재고 압력을 줄인다","설계 확정; 질량·가격·스택·부패·효과 수치는 source authority와 밸런스 기준서에서 별도 검증 OPEN"
"facility-kit:8826","재료 시험기 설치 키트","General (일반)","[{""rid"":7737211921623155521},{""rid"":7737211921623155522}]","해당 없음: GenericItemDefinitionSO","8","400","게임 내 역할은 시설 설치와 구성, 생산망의 입력·출력에 연결된다.","이 물자의 원본 기능을 위해 보관·운반·소비·거래 중 한 경로에 재고를 배정해 다른 사용처를 늦춘다","비교 후보(대체 가능성 미검증): GenericItemDefinitionSO:facility-kit:0, GenericItemDefinitionSO:facility-kit:1, GenericItemDefinitionSO:facility-kit:10, GenericItemDefinitionSO:facility-kit:1000, GenericItemDefinitionSO:facility-kit:1001, GenericItemDefinitionSO:facility-kit:1002, GenericItemDefinitionSO:facility-kit:1003, GenericItemDefinitionSO:facility-kit:1004, GenericItemDefinitionSO:facility-kit:1005, GenericItemDefinitionSO:facility-kit:1006, GenericItemDefinitionSO:facility-kit:1007, GenericItemDefinitionSO:facility-kit:1008 외 364개","생성 또는 거래·재고 입고·운반·보관·장착 또는 소비와 하류 주문 기록","과잉 재고·운반·보관·수리 또는 사용 시점 지연이 압력이 된다","실제 비교 후보·교역·재활용·수리·배급 조정 중 원본 기능에 맞는 경로로 재고 압력을 줄인다","설계 확정; 질량·가격·스택·부패·효과 수치는 source authority와 밸런스 기준서에서 별도 검증 OPEN"
"facility-kit:8827","기계 기초대 설치 키트","General (일반)","[{""rid"":7737211921623155523},{""rid"":7737211921623155524}]","해당 없음: GenericItemDefinitionSO","8","440","게임 내 역할은 시설 설치와 구성, 생산망의 입력·출력에 연결된다.","이 물자의 원본 기능을 위해 보관·운반·소비·거래 중 한 경로에 재고를 배정해 다른 사용처를 늦춘다","비교 후보(대체 가능성 미검증): GenericItemDefinitionSO:facility-kit:0, GenericItemDefinitionSO:facility-kit:1, GenericItemDefinitionSO:facility-kit:10, GenericItemDefinitionSO:facility-kit:1000, GenericItemDefinitionSO:facility-kit:1001, GenericItemDefinitionSO:facility-kit:1002, GenericItemDefinitionSO:facility-kit:1003, GenericItemDefinitionSO:facility-kit:1004, GenericItemDefinitionSO:facility-kit:1005, GenericItemDefinitionSO:facility-kit:1006, GenericItemDefinitionSO:facility-kit:1007, GenericItemDefinitionSO:facility-kit:1008 외 364개","생성 또는 거래·재고 입고·운반·보관·장착 또는 소비와 하류 주문 기록","과잉 재고·운반·보관·수리 또는 사용 시점 지연이 압력이 된다","실제 비교 후보·교역·재활용·수리·배급 조정 중 원본 기능에 맞는 경로로 재고 압력을 줄인다","설계 확정; 질량·가격·스택·부패·효과 수치는 source authority와 밸런스 기준서에서 별도 검증 OPEN"
"facility-kit:8828","냉각 매니폴드 설치 키트","General (일반)","[{""rid"":7737211921623155525},{""rid"":7737211921623155526}]","해당 없음: GenericItemDefinitionSO","8","440","게임 내 역할은 시설 설치와 구성, 생산망의 입력·출력에 연결된다.","이 물자의 원본 기능을 위해 보관·운반·소비·거래 중 한 경로에 재고를 배정해 다른 사용처를 늦춘다","비교 후보(대체 가능성 미검증): GenericItemDefinitionSO:facility-kit:0, GenericItemDefinitionSO:facility-kit:1, GenericItemDefinitionSO:facility-kit:10, GenericItemDefinitionSO:facility-kit:1000, GenericItemDefinitionSO:facility-kit:1001, GenericItemDefinitionSO:facility-kit:1002, GenericItemDefinitionSO:facility-kit:1003, GenericItemDefinitionSO:facility-kit:1004, GenericItemDefinitionSO:facility-kit:1005, GenericItemDefinitionSO:facility-kit:1006, GenericItemDefinitionSO:facility-kit:1007, GenericItemDefinitionSO:facility-kit:1008 외 364개","생성 또는 거래·재고 입고·운반·보관·장착 또는 소비와 하류 주문 기록","과잉 재고·운반·보관·수리 또는 사용 시점 지연이 압력이 된다","실제 비교 후보·교역·재활용·수리·배급 조정 중 원본 기능에 맞는 경로로 재고 압력을 줄인다","설계 확정; 질량·가격·스택·부패·효과 수치는 source authority와 밸런스 기준서에서 별도 검증 OPEN"
"facility-kit:8829","유량계 설치 키트","General (일반)","[{""rid"":7737211921623155527},{""rid"":7737211921623155528}]","해당 없음: GenericItemDefinitionSO","8","400","게임 내 역할은 시설 설치와 구성, 생산망의 입력·출력에 연결된다.","이 물자의 원본 기능을 위해 보관·운반·소비·거래 중 한 경로에 재고를 배정해 다른 사용처를 늦춘다","비교 후보(대체 가능성 미검증): GenericItemDefinitionSO:facility-kit:0, GenericItemDefinitionSO:facility-kit:1, GenericItemDefinitionSO:facility-kit:10, GenericItemDefinitionSO:facility-kit:1000, GenericItemDefinitionSO:facility-kit:1001, GenericItemDefinitionSO:facility-kit:1002, GenericItemDefinitionSO:facility-kit:1003, GenericItemDefinitionSO:facility-kit:1004, GenericItemDefinitionSO:facility-kit:1005, GenericItemDefinitionSO:facility-kit:1006, GenericItemDefinitionSO:facility-kit:1007, GenericItemDefinitionSO:facility-kit:1008 외 364개","생성 또는 거래·재고 입고·운반·보관·장착 또는 소비와 하류 주문 기록","과잉 재고·운반·보관·수리 또는 사용 시점 지연이 압력이 된다","실제 비교 후보·교역·재활용·수리·배급 조정 중 원본 기능에 맞는 경로로 재고 압력을 줄인다","설계 확정; 질량·가격·스택·부패·효과 수치는 source authority와 밸런스 기준서에서 별도 검증 OPEN"
"facility-kit:8830","정비 부품함 설치 키트","General (일반)","[{""rid"":7737211921623155529},{""rid"":7737211921623155530}]","해당 없음: GenericItemDefinitionSO","8","440","게임 내 역할은 시설 설치와 구성, 생산망의 입력·출력에 연결된다.","이 물자의 원본 기능을 위해 보관·운반·소비·거래 중 한 경로에 재고를 배정해 다른 사용처를 늦춘다","비교 후보(대체 가능성 미검증): GenericItemDefinitionSO:facility-kit:0, GenericItemDefinitionSO:facility-kit:1, GenericItemDefinitionSO:facility-kit:10, GenericItemDefinitionSO:facility-kit:1000, GenericItemDefinitionSO:facility-kit:1001, GenericItemDefinitionSO:facility-kit:1002, GenericItemDefinitionSO:facility-kit:1003, GenericItemDefinitionSO:facility-kit:1004, GenericItemDefinitionSO:facility-kit:1005, GenericItemDefinitionSO:facility-kit:1006, GenericItemDefinitionSO:facility-kit:1007, GenericItemDefinitionSO:facility-kit:1008 외 364개","생성 또는 거래·재고 입고·운반·보관·장착 또는 소비와 하류 주문 기록","과잉 재고·운반·보관·수리 또는 사용 시점 지연이 압력이 된다","실제 비교 후보·교역·재활용·수리·배급 조정 중 원본 기능에 맞는 경로로 재고 압력을 줄인다","설계 확정; 질량·가격·스택·부패·효과 수치는 source authority와 밸런스 기준서에서 별도 검증 OPEN"
"facility-kit:8831","전동 선반 설치 키트","General (일반)","[{""rid"":7737211921623155531},{""rid"":7737211921623155532}]","해당 없음: GenericItemDefinitionSO","8","440","게임 내 역할은 시설 설치와 구성, 생산망의 입력·출력에 연결된다.","이 물자의 원본 기능을 위해 보관·운반·소비·거래 중 한 경로에 재고를 배정해 다른 사용처를 늦춘다","비교 후보(대체 가능성 미검증): GenericItemDefinitionSO:facility-kit:0, GenericItemDefinitionSO:facility-kit:1, GenericItemDefinitionSO:facility-kit:10, GenericItemDefinitionSO:facility-kit:1000, GenericItemDefinitionSO:facility-kit:1001, GenericItemDefinitionSO:facility-kit:1002, GenericItemDefinitionSO:facility-kit:1003, GenericItemDefinitionSO:facility-kit:1004, GenericItemDefinitionSO:facility-kit:1005, GenericItemDefinitionSO:facility-kit:1006, GenericItemDefinitionSO:facility-kit:1007, GenericItemDefinitionSO:facility-kit:1008 외 364개","생성 또는 거래·재고 입고·운반·보관·장착 또는 소비와 하류 주문 기록","과잉 재고·운반·보관·수리 또는 사용 시점 지연이 압력이 된다","실제 비교 후보·교역·재활용·수리·배급 조정 중 원본 기능에 맞는 경로로 재고 압력을 줄인다","설계 확정; 질량·가격·스택·부패·효과 수치는 source authority와 밸런스 기준서에서 별도 검증 OPEN"
"facility-kit:8832","정밀 게이지 설치 키트","General (일반)","[{""rid"":7737211921623155533},{""rid"":7737211921623155534}]","해당 없음: GenericItemDefinitionSO","8","400","게임 내 역할은 시설 설치와 구성, 생산망의 입력·출력에 연결된다.","이 물자의 원본 기능을 위해 보관·운반·소비·거래 중 한 경로에 재고를 배정해 다른 사용처를 늦춘다","비교 후보(대체 가능성 미검증): GenericItemDefinitionSO:facility-kit:0, GenericItemDefinitionSO:facility-kit:1, GenericItemDefinitionSO:facility-kit:10, GenericItemDefinitionSO:facility-kit:1000, GenericItemDefinitionSO:facility-kit:1001, GenericItemDefinitionSO:facility-kit:1002, GenericItemDefinitionSO:facility-kit:1003, GenericItemDefinitionSO:facility-kit:1004, GenericItemDefinitionSO:facility-kit:1005, GenericItemDefinitionSO:facility-kit:1006, GenericItemDefinitionSO:facility-kit:1007, GenericItemDefinitionSO:facility-kit:1008 외 364개","생성 또는 거래·재고 입고·운반·보관·장착 또는 소비와 하류 주문 기록","과잉 재고·운반·보관·수리 또는 사용 시점 지연이 압력이 된다","실제 비교 후보·교역·재활용·수리·배급 조정 중 원본 기능에 맞는 경로로 재고 압력을 줄인다","설계 확정; 질량·가격·스택·부패·효과 수치는 source authority와 밸런스 기준서에서 별도 검증 OPEN"
"facility-kit:8833","룬 제어반 설치 키트","General (일반)","[{""rid"":7737211921623155535},{""rid"":7737211921623155536}]","해당 없음: GenericItemDefinitionSO","8","650","게임 내 역할은 시설 설치와 구성, 생산망의 입력·출력에 연결된다.","이 물자의 원본 기능을 위해 보관·운반·소비·거래 중 한 경로에 재고를 배정해 다른 사용처를 늦춘다","비교 후보(대체 가능성 미검증): GenericItemDefinitionSO:facility-kit:0, GenericItemDefinitionSO:facility-kit:1, GenericItemDefinitionSO:facility-kit:10, GenericItemDefinitionSO:facility-kit:1000, GenericItemDefinitionSO:facility-kit:1001, GenericItemDefinitionSO:facility-kit:1002, GenericItemDefinitionSO:facility-kit:1003, GenericItemDefinitionSO:facility-kit:1004, GenericItemDefinitionSO:facility-kit:1005, GenericItemDefinitionSO:facility-kit:1006, GenericItemDefinitionSO:facility-kit:1007, GenericItemDefinitionSO:facility-kit:1008 외 364개","생성 또는 거래·재고 입고·운반·보관·장착 또는 소비와 하류 주문 기록","과잉 재고·운반·보관·수리 또는 사용 시점 지연이 압력이 된다","실제 비교 후보·교역·재활용·수리·배급 조정 중 원본 기능에 맞는 경로로 재고 압력을 줄인다","설계 확정; 질량·가격·스택·부패·효과 수치는 source authority와 밸런스 기준서에서 별도 검증 OPEN"
"facility-kit:8834","무기 도면걸이 설치 키트","General (일반)","[{""rid"":7737211921623155537},{""rid"":7737211921623155538}]","해당 없음: GenericItemDefinitionSO","8","120","게임 내 역할은 시설 설치와 구성, 생산망의 입력·출력에 연결된다.","이 물자의 원본 기능을 위해 보관·운반·소비·거래 중 한 경로에 재고를 배정해 다른 사용처를 늦춘다","비교 후보(대체 가능성 미검증): GenericItemDefinitionSO:facility-kit:0, GenericItemDefinitionSO:facility-kit:1, GenericItemDefinitionSO:facility-kit:10, GenericItemDefinitionSO:facility-kit:1000, GenericItemDefinitionSO:facility-kit:1001, GenericItemDefinitionSO:facility-kit:1002, GenericItemDefinitionSO:facility-kit:1003, GenericItemDefinitionSO:facility-kit:1004, GenericItemDefinitionSO:facility-kit:1005, GenericItemDefinitionSO:facility-kit:1006, GenericItemDefinitionSO:facility-kit:1007, GenericItemDefinitionSO:facility-kit:1008 외 364개","생성 또는 거래·재고 입고·운반·보관·장착 또는 소비와 하류 주문 기록","과잉 재고·운반·보관·수리 또는 사용 시점 지연이 압력이 된다","실제 비교 후보·교역·재활용·수리·배급 조정 중 원본 기능에 맞는 경로로 재고 압력을 줄인다","설계 확정; 질량·가격·스택·부패·효과 수치는 source authority와 밸런스 기준서에서 별도 검증 OPEN"
"facility-kit:8835","방어구 맞춤대 설치 키트","General (일반)","[{""rid"":7737211921623155539},{""rid"":7737211921623155540}]","해당 없음: GenericItemDefinitionSO","8","220","게임 내 역할은 시설 설치와 구성, 생산망의 입력·출력에 연결된다.","이 물자의 원본 기능을 위해 보관·운반·소비·거래 중 한 경로에 재고를 배정해 다른 사용처를 늦춘다","비교 후보(대체 가능성 미검증): GenericItemDefinitionSO:facility-kit:0, GenericItemDefinitionSO:facility-kit:1, GenericItemDefinitionSO:facility-kit:10, GenericItemDefinitionSO:facility-kit:1000, GenericItemDefinitionSO:facility-kit:1001, GenericItemDefinitionSO:facility-kit:1002, GenericItemDefinitionSO:facility-kit:1003, GenericItemDefinitionSO:facility-kit:1004, GenericItemDefinitionSO:facility-kit:1005, GenericItemDefinitionSO:facility-kit:1006, GenericItemDefinitionSO:facility-kit:1007, GenericItemDefinitionSO:facility-kit:1008 외 364개","생성 또는 거래·재고 입고·운반·보관·장착 또는 소비와 하류 주문 기록","과잉 재고·운반·보관·수리 또는 사용 시점 지연이 압력이 된다","실제 비교 후보·교역·재활용·수리·배급 조정 중 원본 기능에 맞는 경로로 재고 압력을 줄인다","설계 확정; 질량·가격·스택·부패·효과 수치는 source authority와 밸런스 기준서에서 별도 검증 OPEN"
"facility-kit:8836","궁시 지그 설치 키트","General (일반)","[{""rid"":7737211921623155541},{""rid"":7737211921623155542}]","해당 없음: GenericItemDefinitionSO","8","220","게임 내 역할은 시설 설치와 구성, 생산망의 입력·출력에 연결된다.","이 물자의 원본 기능을 위해 보관·운반·소비·거래 중 한 경로에 재고를 배정해 다른 사용처를 늦춘다","비교 후보(대체 가능성 미검증): GenericItemDefinitionSO:facility-kit:0, GenericItemDefinitionSO:facility-kit:1, GenericItemDefinitionSO:facility-kit:10, GenericItemDefinitionSO:facility-kit:1000, GenericItemDefinitionSO:facility-kit:1001, GenericItemDefinitionSO:facility-kit:1002, GenericItemDefinitionSO:facility-kit:1003, GenericItemDefinitionSO:facility-kit:1004, GenericItemDefinitionSO:facility-kit:1005, GenericItemDefinitionSO:facility-kit:1006, GenericItemDefinitionSO:facility-kit:1007, GenericItemDefinitionSO:facility-kit:1008 외 364개","생성 또는 거래·재고 입고·운반·보관·장착 또는 소비와 하류 주문 기록","과잉 재고·운반·보관·수리 또는 사용 시점 지연이 압력이 된다","실제 비교 후보·교역·재활용·수리·배급 조정 중 원본 기능에 맞는 경로로 재고 압력을 줄인다","설계 확정; 질량·가격·스택·부패·효과 수치는 source authority와 밸런스 기준서에서 별도 검증 OPEN"
"facility-kit:8837","권양 작업대 설치 키트","General (일반)","[{""rid"":7737211921623155543},{""rid"":7737211921623155544}]","해당 없음: GenericItemDefinitionSO","8","440","게임 내 역할은 시설 설치와 구성, 생산망의 입력·출력에 연결된다.","이 물자의 원본 기능을 위해 보관·운반·소비·거래 중 한 경로에 재고를 배정해 다른 사용처를 늦춘다","비교 후보(대체 가능성 미검증): GenericItemDefinitionSO:facility-kit:0, GenericItemDefinitionSO:facility-kit:1, GenericItemDefinitionSO:facility-kit:10, GenericItemDefinitionSO:facility-kit:1000, GenericItemDefinitionSO:facility-kit:1001, GenericItemDefinitionSO:facility-kit:1002, GenericItemDefinitionSO:facility-kit:1003, GenericItemDefinitionSO:facility-kit:1004, GenericItemDefinitionSO:facility-kit:1005, GenericItemDefinitionSO:facility-kit:1006, GenericItemDefinitionSO:facility-kit:1007, GenericItemDefinitionSO:facility-kit:1008 외 364개","생성 또는 거래·재고 입고·운반·보관·장착 또는 소비와 하류 주문 기록","과잉 재고·운반·보관·수리 또는 사용 시점 지연이 압력이 된다","실제 비교 후보·교역·재활용·수리·배급 조정 중 원본 기능에 맞는 경로로 재고 압력을 줄인다","설계 확정; 질량·가격·스택·부패·효과 수치는 source authority와 밸런스 기준서에서 별도 검증 OPEN"
"facility-kit:8838","사슬 조립틀 설치 키트","General (일반)","[{""rid"":7737211921623155545},{""rid"":7737211921623155546}]","해당 없음: GenericItemDefinitionSO","8","440","게임 내 역할은 시설 설치와 구성, 생산망의 입력·출력에 연결된다.","이 물자의 원본 기능을 위해 보관·운반·소비·거래 중 한 경로에 재고를 배정해 다른 사용처를 늦춘다","비교 후보(대체 가능성 미검증): GenericItemDefinitionSO:facility-kit:0, GenericItemDefinitionSO:facility-kit:1, GenericItemDefinitionSO:facility-kit:10, GenericItemDefinitionSO:facility-kit:1000, GenericItemDefinitionSO:facility-kit:1001, GenericItemDefinitionSO:facility-kit:1002, GenericItemDefinitionSO:facility-kit:1003, GenericItemDefinitionSO:facility-kit:1004, GenericItemDefinitionSO:facility-kit:1005, GenericItemDefinitionSO:facility-kit:1006, GenericItemDefinitionSO:facility-kit:1007, GenericItemDefinitionSO:facility-kit:1008 외 364개","생성 또는 거래·재고 입고·운반·보관·장착 또는 소비와 하류 주문 기록","과잉 재고·운반·보관·수리 또는 사용 시점 지연이 압력이 된다","실제 비교 후보·교역·재활용·수리·배급 조정 중 원본 기능에 맞는 경로로 재고 압력을 줄인다","설계 확정; 질량·가격·스택·부패·효과 수치는 source authority와 밸런스 기준서에서 별도 검증 OPEN"
"facility-kit:8839","관절 지그 설치 키트","General (일반)","[{""rid"":7737211921623155547},{""rid"":7737211921623155548}]","해당 없음: GenericItemDefinitionSO","8","440","게임 내 역할은 시설 설치와 구성, 생산망의 입력·출력에 연결된다.","이 물자의 원본 기능을 위해 보관·운반·소비·거래 중 한 경로에 재고를 배정해 다른 사용처를 늦춘다","비교 후보(대체 가능성 미검증): GenericItemDefinitionSO:facility-kit:0, GenericItemDefinitionSO:facility-kit:1, GenericItemDefinitionSO:facility-kit:10, GenericItemDefinitionSO:facility-kit:1000, GenericItemDefinitionSO:facility-kit:1001, GenericItemDefinitionSO:facility-kit:1002, GenericItemDefinitionSO:facility-kit:1003, GenericItemDefinitionSO:facility-kit:1004, GenericItemDefinitionSO:facility-kit:1005, GenericItemDefinitionSO:facility-kit:1006, GenericItemDefinitionSO:facility-kit:1007, GenericItemDefinitionSO:facility-kit:1008 외 364개","생성 또는 거래·재고 입고·운반·보관·장착 또는 소비와 하류 주문 기록","과잉 재고·운반·보관·수리 또는 사용 시점 지연이 압력이 된다","실제 비교 후보·교역·재활용·수리·배급 조정 중 원본 기능에 맞는 경로로 재고 압력을 줄인다","설계 확정; 질량·가격·스택·부패·효과 수치는 source authority와 밸런스 기준서에서 별도 검증 OPEN"
"facility-kit:8840","화약 분쇄소 설치 키트","General (일반)","[{""rid"":7737211921623155549},{""rid"":7737211921623155550}]","해당 없음: GenericItemDefinitionSO","8","300","게임 내 역할은 시설 설치와 구성, 생산망의 입력·출력에 연결된다.","이 물자의 원본 기능을 위해 보관·운반·소비·거래 중 한 경로에 재고를 배정해 다른 사용처를 늦춘다","비교 후보(대체 가능성 미검증): GenericItemDefinitionSO:facility-kit:0, GenericItemDefinitionSO:facility-kit:1, GenericItemDefinitionSO:facility-kit:10, GenericItemDefinitionSO:facility-kit:1000, GenericItemDefinitionSO:facility-kit:1001, GenericItemDefinitionSO:facility-kit:1002, GenericItemDefinitionSO:facility-kit:1003, GenericItemDefinitionSO:facility-kit:1004, GenericItemDefinitionSO:facility-kit:1005, GenericItemDefinitionSO:facility-kit:1006, GenericItemDefinitionSO:facility-kit:1007, GenericItemDefinitionSO:facility-kit:1008 외 364개","생성 또는 거래·재고 입고·운반·보관·장착 또는 소비와 하류 주문 기록","과잉 재고·운반·보관·수리 또는 사용 시점 지연이 압력이 된다","실제 비교 후보·교역·재활용·수리·배급 조정 중 원본 기능에 맞는 경로로 재고 압력을 줄인다","설계 확정; 질량·가격·스택·부패·효과 수치는 source authority와 밸런스 기준서에서 별도 검증 OPEN"
"facility-kit:8841","탄약 압착기 설치 키트","General (일반)","[{""rid"":7737211921623155551},{""rid"":7737211921623155552}]","해당 없음: GenericItemDefinitionSO","8","440","게임 내 역할은 시설 설치와 구성, 생산망의 입력·출력에 연결된다.","이 물자의 원본 기능을 위해 보관·운반·소비·거래 중 한 경로에 재고를 배정해 다른 사용처를 늦춘다","비교 후보(대체 가능성 미검증): GenericItemDefinitionSO:facility-kit:0, GenericItemDefinitionSO:facility-kit:1, GenericItemDefinitionSO:facility-kit:10, GenericItemDefinitionSO:facility-kit:1000, GenericItemDefinitionSO:facility-kit:1001, GenericItemDefinitionSO:facility-kit:1002, GenericItemDefinitionSO:facility-kit:1003, GenericItemDefinitionSO:facility-kit:1004, GenericItemDefinitionSO:facility-kit:1005, GenericItemDefinitionSO:facility-kit:1006, GenericItemDefinitionSO:facility-kit:1007, GenericItemDefinitionSO:facility-kit:1008 외 364개","생성 또는 거래·재고 입고·운반·보관·장착 또는 소비와 하류 주문 기록","과잉 재고·운반·보관·수리 또는 사용 시점 지연이 압력이 된다","실제 비교 후보·교역·재활용·수리·배급 조정 중 원본 기능에 맞는 경로로 재고 압력을 줄인다","설계 확정; 질량·가격·스택·부패·효과 수치는 source authority와 밸런스 기준서에서 별도 검증 OPEN"
"facility-kit:8842","부품 감정대 설치 키트","General (일반)","[{""rid"":7737211921623155553},{""rid"":7737211921623155554}]","해당 없음: GenericItemDefinitionSO","8","400","게임 내 역할은 시설 설치와 구성, 생산망의 입력·출력에 연결된다.","이 물자의 원본 기능을 위해 보관·운반·소비·거래 중 한 경로에 재고를 배정해 다른 사용처를 늦춘다","비교 후보(대체 가능성 미검증): GenericItemDefinitionSO:facility-kit:0, GenericItemDefinitionSO:facility-kit:1, GenericItemDefinitionSO:facility-kit:10, GenericItemDefinitionSO:facility-kit:1000, GenericItemDefinitionSO:facility-kit:1001, GenericItemDefinitionSO:facility-kit:1002, GenericItemDefinitionSO:facility-kit:1003, GenericItemDefinitionSO:facility-kit:1004, GenericItemDefinitionSO:facility-kit:1005, GenericItemDefinitionSO:facility-kit:1006, GenericItemDefinitionSO:facility-kit:1007, GenericItemDefinitionSO:facility-kit:1008 외 364개","생성 또는 거래·재고 입고·운반·보관·장착 또는 소비와 하류 주문 기록","과잉 재고·운반·보관·수리 또는 사용 시점 지연이 압력이 된다","실제 비교 후보·교역·재활용·수리·배급 조정 중 원본 기능에 맞는 경로로 재고 압력을 줄인다","설계 확정; 질량·가격·스택·부패·효과 수치는 source authority와 밸런스 기준서에서 별도 검증 OPEN"
"facility-kit:8843","부품 복원 작업대 설치 키트","General (일반)","[{""rid"":7737211921623155555},{""rid"":7737211921623155556}]","해당 없음: GenericItemDefinitionSO","8","400","게임 내 역할은 시설 설치와 구성, 생산망의 입력·출력에 연결된다.","이 물자의 원본 기능을 위해 보관·운반·소비·거래 중 한 경로에 재고를 배정해 다른 사용처를 늦춘다","비교 후보(대체 가능성 미검증): GenericItemDefinitionSO:facility-kit:0, GenericItemDefinitionSO:facility-kit:1, GenericItemDefinitionSO:facility-kit:10, GenericItemDefinitionSO:facility-kit:1000, GenericItemDefinitionSO:facility-kit:1001, GenericItemDefinitionSO:facility-kit:1002, GenericItemDefinitionSO:facility-kit:1003, GenericItemDefinitionSO:facility-kit:1004, GenericItemDefinitionSO:facility-kit:1005, GenericItemDefinitionSO:facility-kit:1006, GenericItemDefinitionSO:facility-kit:1007, GenericItemDefinitionSO:facility-kit:1008 외 364개","생성 또는 거래·재고 입고·운반·보관·장착 또는 소비와 하류 주문 기록","과잉 재고·운반·보관·수리 또는 사용 시점 지연이 압력이 된다","실제 비교 후보·교역·재활용·수리·배급 조정 중 원본 기능에 맞는 경로로 재고 압력을 줄인다","설계 확정; 질량·가격·스택·부패·효과 수치는 source authority와 밸런스 기준서에서 별도 검증 OPEN"
"facility-kit:8844","정밀 장착대 설치 키트","General (일반)","[{""rid"":7737211921623155557},{""rid"":7737211921623155558}]","해당 없음: GenericItemDefinitionSO","8","400","게임 내 역할은 시설 설치와 구성, 생산망의 입력·출력에 연결된다.","이 물자의 원본 기능을 위해 보관·운반·소비·거래 중 한 경로에 재고를 배정해 다른 사용처를 늦춘다","비교 후보(대체 가능성 미검증): GenericItemDefinitionSO:facility-kit:0, GenericItemDefinitionSO:facility-kit:1, GenericItemDefinitionSO:facility-kit:10, GenericItemDefinitionSO:facility-kit:1000, GenericItemDefinitionSO:facility-kit:1001, GenericItemDefinitionSO:facility-kit:1002, GenericItemDefinitionSO:facility-kit:1003, GenericItemDefinitionSO:facility-kit:1004, GenericItemDefinitionSO:facility-kit:1005, GenericItemDefinitionSO:facility-kit:1006, GenericItemDefinitionSO:facility-kit:1007, GenericItemDefinitionSO:facility-kit:1008 외 364개","생성 또는 거래·재고 입고·운반·보관·장착 또는 소비와 하류 주문 기록","과잉 재고·운반·보관·수리 또는 사용 시점 지연이 압력이 된다","실제 비교 후보·교역·재활용·수리·배급 조정 중 원본 기능에 맞는 경로로 재고 압력을 줄인다","설계 확정; 질량·가격·스택·부패·효과 수치는 source authority와 밸런스 기준서에서 별도 검증 OPEN"
"facility-kit:8845","성장형 골격 지그 설치 키트","General (일반)","[{""rid"":7737211921623155559},{""rid"":7737211921623155560}]","해당 없음: GenericItemDefinitionSO","8","440","게임 내 역할은 시설 설치와 구성, 생산망의 입력·출력에 연결된다.","이 물자의 원본 기능을 위해 보관·운반·소비·거래 중 한 경로에 재고를 배정해 다른 사용처를 늦춘다","비교 후보(대체 가능성 미검증): GenericItemDefinitionSO:facility-kit:0, GenericItemDefinitionSO:facility-kit:1, GenericItemDefinitionSO:facility-kit:10, GenericItemDefinitionSO:facility-kit:1000, GenericItemDefinitionSO:facility-kit:1001, GenericItemDefinitionSO:facility-kit:1002, GenericItemDefinitionSO:facility-kit:1003, GenericItemDefinitionSO:facility-kit:1004, GenericItemDefinitionSO:facility-kit:1005, GenericItemDefinitionSO:facility-kit:1006, GenericItemDefinitionSO:facility-kit:1007, GenericItemDefinitionSO:facility-kit:1008 외 364개","생성 또는 거래·재고 입고·운반·보관·장착 또는 소비와 하류 주문 기록","과잉 재고·운반·보관·수리 또는 사용 시점 지연이 압력이 된다","실제 비교 후보·교역·재활용·수리·배급 조정 중 원본 기능에 맞는 경로로 재고 압력을 줄인다","설계 확정; 질량·가격·스택·부패·효과 수치는 source authority와 밸런스 기준서에서 별도 검증 OPEN"
"facility-kit:8846","계측 작업대 설치 키트","General (일반)","[{""rid"":7737211921623155561},{""rid"":7737211921623155562}]","해당 없음: GenericItemDefinitionSO","8","400","게임 내 역할은 시설 설치와 구성, 생산망의 입력·출력에 연결된다.","이 물자의 원본 기능을 위해 보관·운반·소비·거래 중 한 경로에 재고를 배정해 다른 사용처를 늦춘다","비교 후보(대체 가능성 미검증): GenericItemDefinitionSO:facility-kit:0, GenericItemDefinitionSO:facility-kit:1, GenericItemDefinitionSO:facility-kit:10, GenericItemDefinitionSO:facility-kit:1000, GenericItemDefinitionSO:facility-kit:1001, GenericItemDefinitionSO:facility-kit:1002, GenericItemDefinitionSO:facility-kit:1003, GenericItemDefinitionSO:facility-kit:1004, GenericItemDefinitionSO:facility-kit:1005, GenericItemDefinitionSO:facility-kit:1006, GenericItemDefinitionSO:facility-kit:1007, GenericItemDefinitionSO:facility-kit:1008 외 364개","생성 또는 거래·재고 입고·운반·보관·장착 또는 소비와 하류 주문 기록","과잉 재고·운반·보관·수리 또는 사용 시점 지연이 압력이 된다","실제 비교 후보·교역·재활용·수리·배급 조정 중 원본 기능에 맞는 경로로 재고 압력을 줄인다","설계 확정; 질량·가격·스택·부패·효과 수치는 source authority와 밸런스 기준서에서 별도 검증 OPEN"
"facility-kit:8847","구성체 핵 공학대 설치 키트","General (일반)","[{""rid"":7737211921623155563},{""rid"":7737211921623155564}]","해당 없음: GenericItemDefinitionSO","8","650","게임 내 역할은 시설 설치와 구성, 생산망의 입력·출력에 연결된다.","이 물자의 원본 기능을 위해 보관·운반·소비·거래 중 한 경로에 재고를 배정해 다른 사용처를 늦춘다","비교 후보(대체 가능성 미검증): GenericItemDefinitionSO:facility-kit:0, GenericItemDefinitionSO:facility-kit:1, GenericItemDefinitionSO:facility-kit:10, GenericItemDefinitionSO:facility-kit:1000, GenericItemDefinitionSO:facility-kit:1001, GenericItemDefinitionSO:facility-kit:1002, GenericItemDefinitionSO:facility-kit:1003, GenericItemDefinitionSO:facility-kit:1004, GenericItemDefinitionSO:facility-kit:1005, GenericItemDefinitionSO:facility-kit:1006, GenericItemDefinitionSO:facility-kit:1007, GenericItemDefinitionSO:facility-kit:1008 외 364개","생성 또는 거래·재고 입고·운반·보관·장착 또는 소비와 하류 주문 기록","과잉 재고·운반·보관·수리 또는 사용 시점 지연이 압력이 된다","실제 비교 후보·교역·재활용·수리·배급 조정 중 원본 기능에 맞는 경로로 재고 압력을 줄인다","설계 확정; 질량·가격·스택·부패·효과 수치는 source authority와 밸런스 기준서에서 별도 검증 OPEN"
"facility-kit:8848","배식 운영판 설치 키트","General (일반)","[{""rid"":7737211921623155565},{""rid"":7737211921623155566}]","해당 없음: GenericItemDefinitionSO","8","180","게임 내 역할은 시설 설치와 구성, 생산망의 입력·출력에 연결된다.","이 물자의 원본 기능을 위해 보관·운반·소비·거래 중 한 경로에 재고를 배정해 다른 사용처를 늦춘다","비교 후보(대체 가능성 미검증): GenericItemDefinitionSO:facility-kit:0, GenericItemDefinitionSO:facility-kit:1, GenericItemDefinitionSO:facility-kit:10, GenericItemDefinitionSO:facility-kit:1000, GenericItemDefinitionSO:facility-kit:1001, GenericItemDefinitionSO:facility-kit:1002, GenericItemDefinitionSO:facility-kit:1003, GenericItemDefinitionSO:facility-kit:1004, GenericItemDefinitionSO:facility-kit:1005, GenericItemDefinitionSO:facility-kit:1006, GenericItemDefinitionSO:facility-kit:1007, GenericItemDefinitionSO:facility-kit:1008 외 364개","생성 또는 거래·재고 입고·운반·보관·장착 또는 소비와 하류 주문 기록","과잉 재고·운반·보관·수리 또는 사용 시점 지연이 압력이 된다","실제 비교 후보·교역·재활용·수리·배급 조정 중 원본 기능에 맞는 경로로 재고 압력을 줄인다","설계 확정; 질량·가격·스택·부패·효과 수치는 source authority와 밸런스 기준서에서 별도 검증 OPEN"
"facility-kit:8849","계절력 기록대 설치 키트","General (일반)","[{""rid"":7737211921623155567},{""rid"":7737211921623155568}]","해당 없음: GenericItemDefinitionSO","8","120","게임 내 역할은 시설 설치와 구성, 생산망의 입력·출력에 연결된다.","이 물자의 원본 기능을 위해 보관·운반·소비·거래 중 한 경로에 재고를 배정해 다른 사용처를 늦춘다","비교 후보(대체 가능성 미검증): GenericItemDefinitionSO:facility-kit:0, GenericItemDefinitionSO:facility-kit:1, GenericItemDefinitionSO:facility-kit:10, GenericItemDefinitionSO:facility-kit:1000, GenericItemDefinitionSO:facility-kit:1001, GenericItemDefinitionSO:facility-kit:1002, GenericItemDefinitionSO:facility-kit:1003, GenericItemDefinitionSO:facility-kit:1004, GenericItemDefinitionSO:facility-kit:1005, GenericItemDefinitionSO:facility-kit:1006, GenericItemDefinitionSO:facility-kit:1007, GenericItemDefinitionSO:facility-kit:1008 외 364개","생성 또는 거래·재고 입고·운반·보관·장착 또는 소비와 하류 주문 기록","과잉 재고·운반·보관·수리 또는 사용 시점 지연이 압력이 된다","실제 비교 후보·교역·재활용·수리·배급 조정 중 원본 기능에 맞는 경로로 재고 압력을 줄인다","설계 확정; 질량·가격·스택·부패·효과 수치는 source authority와 밸런스 기준서에서 별도 검증 OPEN"
"facility-kit:8850","작물 달력대 설치 키트","General (일반)","[{""rid"":7737211921623155569},{""rid"":7737211921623155570}]","해당 없음: GenericItemDefinitionSO","8","120","게임 내 역할은 시설 설치와 구성, 생산망의 입력·출력에 연결된다.","이 물자의 원본 기능을 위해 보관·운반·소비·거래 중 한 경로에 재고를 배정해 다른 사용처를 늦춘다","비교 후보(대체 가능성 미검증): GenericItemDefinitionSO:facility-kit:0, GenericItemDefinitionSO:facility-kit:1, GenericItemDefinitionSO:facility-kit:10, GenericItemDefinitionSO:facility-kit:1000, GenericItemDefinitionSO:facility-kit:1001, GenericItemDefinitionSO:facility-kit:1002, GenericItemDefinitionSO:facility-kit:1003, GenericItemDefinitionSO:facility-kit:1004, GenericItemDefinitionSO:facility-kit:1005, GenericItemDefinitionSO:facility-kit:1006, GenericItemDefinitionSO:facility-kit:1007, GenericItemDefinitionSO:facility-kit:1008 외 364개","생성 또는 거래·재고 입고·운반·보관·장착 또는 소비와 하류 주문 기록","과잉 재고·운반·보관·수리 또는 사용 시점 지연이 압력이 된다","실제 비교 후보·교역·재활용·수리·배급 조정 중 원본 기능에 맞는 경로로 재고 압력을 줄인다","설계 확정; 질량·가격·스택·부패·효과 수치는 source authority와 밸런스 기준서에서 별도 검증 OPEN"
"facility-kit:8851","기상 관측탑 설치 키트","General (일반)","[{""rid"":7737211921623155571},{""rid"":7737211921623155572}]","해당 없음: GenericItemDefinitionSO","8","240","게임 내 역할은 시설 설치와 구성, 생산망의 입력·출력에 연결된다.","이 물자의 원본 기능을 위해 보관·운반·소비·거래 중 한 경로에 재고를 배정해 다른 사용처를 늦춘다","비교 후보(대체 가능성 미검증): GenericItemDefinitionSO:facility-kit:0, GenericItemDefinitionSO:facility-kit:1, GenericItemDefinitionSO:facility-kit:10, GenericItemDefinitionSO:facility-kit:1000, GenericItemDefinitionSO:facility-kit:1001, GenericItemDefinitionSO:facility-kit:1002, GenericItemDefinitionSO:facility-kit:1003, GenericItemDefinitionSO:facility-kit:1004, GenericItemDefinitionSO:facility-kit:1005, GenericItemDefinitionSO:facility-kit:1006, GenericItemDefinitionSO:facility-kit:1007, GenericItemDefinitionSO:facility-kit:1008 외 364개","생성 또는 거래·재고 입고·운반·보관·장착 또는 소비와 하류 주문 기록","과잉 재고·운반·보관·수리 또는 사용 시점 지연이 압력이 된다","실제 비교 후보·교역·재활용·수리·배급 조정 중 원본 기능에 맞는 경로로 재고 압력을 줄인다","설계 확정; 질량·가격·스택·부패·효과 수치는 source authority와 밸런스 기준서에서 별도 검증 OPEN"
"facility-kit:8852","토양 검사대 설치 키트","General (일반)","[{""rid"":7737211921623155573},{""rid"":7737211921623155574}]","해당 없음: GenericItemDefinitionSO","8","220","게임 내 역할은 시설 설치와 구성, 생산망의 입력·출력에 연결된다.","이 물자의 원본 기능을 위해 보관·운반·소비·거래 중 한 경로에 재고를 배정해 다른 사용처를 늦춘다","비교 후보(대체 가능성 미검증): GenericItemDefinitionSO:facility-kit:0, GenericItemDefinitionSO:facility-kit:1, GenericItemDefinitionSO:facility-kit:10, GenericItemDefinitionSO:facility-kit:1000, GenericItemDefinitionSO:facility-kit:1001, GenericItemDefinitionSO:facility-kit:1002, GenericItemDefinitionSO:facility-kit:1003, GenericItemDefinitionSO:facility-kit:1004, GenericItemDefinitionSO:facility-kit:1005, GenericItemDefinitionSO:facility-kit:1006, GenericItemDefinitionSO:facility-kit:1007, GenericItemDefinitionSO:facility-kit:1008 외 364개","생성 또는 거래·재고 입고·운반·보관·장착 또는 소비와 하류 주문 기록","과잉 재고·운반·보관·수리 또는 사용 시점 지연이 압력이 된다","실제 비교 후보·교역·재활용·수리·배급 조정 중 원본 기능에 맞는 경로로 재고 압력을 줄인다","설계 확정; 질량·가격·스택·부패·효과 수치는 source authority와 밸런스 기준서에서 별도 검증 OPEN"
"facility-kit:8853","계절 저장 선반 설치 키트","General (일반)","[{""rid"":7737211921623155575},{""rid"":7737211921623155576}]","해당 없음: GenericItemDefinitionSO","8","160","게임 내 역할은 시설 설치와 구성, 생산망의 입력·출력에 연결된다.","이 물자의 원본 기능을 위해 보관·운반·소비·거래 중 한 경로에 재고를 배정해 다른 사용처를 늦춘다","비교 후보(대체 가능성 미검증): GenericItemDefinitionSO:facility-kit:0, GenericItemDefinitionSO:facility-kit:1, GenericItemDefinitionSO:facility-kit:10, GenericItemDefinitionSO:facility-kit:1000, GenericItemDefinitionSO:facility-kit:1001, GenericItemDefinitionSO:facility-kit:1002, GenericItemDefinitionSO:facility-kit:1003, GenericItemDefinitionSO:facility-kit:1004, GenericItemDefinitionSO:facility-kit:1005, GenericItemDefinitionSO:facility-kit:1006, GenericItemDefinitionSO:facility-kit:1007, GenericItemDefinitionSO:facility-kit:1008 외 364개","생성 또는 거래·재고 입고·운반·보관·장착 또는 소비와 하류 주문 기록","과잉 재고·운반·보관·수리 또는 사용 시점 지연이 압력이 된다","실제 비교 후보·교역·재활용·수리·배급 조정 중 원본 기능에 맞는 경로로 재고 압력을 줄인다","설계 확정; 질량·가격·스택·부패·효과 수치는 source authority와 밸런스 기준서에서 별도 검증 OPEN"
"facility-kit:8854","재배 온실 설치 키트","General (일반)","[{""rid"":7737211921623155577},{""rid"":7737211921623155578}]","해당 없음: GenericItemDefinitionSO","8","260","게임 내 역할은 시설 설치와 구성, 생산망의 입력·출력에 연결된다.","이 물자의 원본 기능을 위해 보관·운반·소비·거래 중 한 경로에 재고를 배정해 다른 사용처를 늦춘다","비교 후보(대체 가능성 미검증): GenericItemDefinitionSO:facility-kit:0, GenericItemDefinitionSO:facility-kit:1, GenericItemDefinitionSO:facility-kit:10, GenericItemDefinitionSO:facility-kit:1000, GenericItemDefinitionSO:facility-kit:1001, GenericItemDefinitionSO:facility-kit:1002, GenericItemDefinitionSO:facility-kit:1003, GenericItemDefinitionSO:facility-kit:1004, GenericItemDefinitionSO:facility-kit:1005, GenericItemDefinitionSO:facility-kit:1006, GenericItemDefinitionSO:facility-kit:1007, GenericItemDefinitionSO:facility-kit:1008 외 364개","생성 또는 거래·재고 입고·운반·보관·장착 또는 소비와 하류 주문 기록","과잉 재고·운반·보관·수리 또는 사용 시점 지연이 압력이 된다","실제 비교 후보·교역·재활용·수리·배급 조정 중 원본 기능에 맞는 경로로 재고 압력을 줄인다","설계 확정; 질량·가격·스택·부패·효과 수치는 source authority와 밸런스 기준서에서 별도 검증 OPEN"
"facility-kit:8855","번식 일정 축사 설치 키트","General (일반)","[{""rid"":7737211921623155579},{""rid"":7737211921623155580}]","해당 없음: GenericItemDefinitionSO","8","160","게임 내 역할은 시설 설치와 구성, 생산망의 입력·출력에 연결된다.","이 물자의 원본 기능을 위해 보관·운반·소비·거래 중 한 경로에 재고를 배정해 다른 사용처를 늦춘다","비교 후보(대체 가능성 미검증): GenericItemDefinitionSO:facility-kit:0, GenericItemDefinitionSO:facility-kit:1, GenericItemDefinitionSO:facility-kit:10, GenericItemDefinitionSO:facility-kit:1000, GenericItemDefinitionSO:facility-kit:1001, GenericItemDefinitionSO:facility-kit:1002, GenericItemDefinitionSO:facility-kit:1003, GenericItemDefinitionSO:facility-kit:1004, GenericItemDefinitionSO:facility-kit:1005, GenericItemDefinitionSO:facility-kit:1006, GenericItemDefinitionSO:facility-kit:1007, GenericItemDefinitionSO:facility-kit:1008 외 364개","생성 또는 거래·재고 입고·운반·보관·장착 또는 소비와 하류 주문 기록","과잉 재고·운반·보관·수리 또는 사용 시점 지연이 압력이 된다","실제 비교 후보·교역·재활용·수리·배급 조정 중 원본 기능에 맞는 경로로 재고 압력을 줄인다","설계 확정; 질량·가격·스택·부패·효과 수치는 source authority와 밸런스 기준서에서 별도 검증 OPEN"
"facility-kit:8856","기후 제어실 설치 키트","General (일반)","[{""rid"":7737211921623155581},{""rid"":7737211921623155582}]","해당 없음: GenericItemDefinitionSO","8","420","게임 내 역할은 시설 설치와 구성, 생산망의 입력·출력에 연결된다.","이 물자의 원본 기능을 위해 보관·운반·소비·거래 중 한 경로에 재고를 배정해 다른 사용처를 늦춘다","비교 후보(대체 가능성 미검증): GenericItemDefinitionSO:facility-kit:0, GenericItemDefinitionSO:facility-kit:1, GenericItemDefinitionSO:facility-kit:10, GenericItemDefinitionSO:facility-kit:1000, GenericItemDefinitionSO:facility-kit:1001, GenericItemDefinitionSO:facility-kit:1002, GenericItemDefinitionSO:facility-kit:1003, GenericItemDefinitionSO:facility-kit:1004, GenericItemDefinitionSO:facility-kit:1005, GenericItemDefinitionSO:facility-kit:1006, GenericItemDefinitionSO:facility-kit:1007, GenericItemDefinitionSO:facility-kit:1008 외 364개","생성 또는 거래·재고 입고·운반·보관·장착 또는 소비와 하류 주문 기록","과잉 재고·운반·보관·수리 또는 사용 시점 지연이 압력이 된다","실제 비교 후보·교역·재활용·수리·배급 조정 중 원본 기능에 맞는 경로로 재고 압력을 줄인다","설계 확정; 질량·가격·스택·부패·효과 수치는 source authority와 밸런스 기준서에서 별도 검증 OPEN"
"facility-kit:8857","가구 등록대 설치 키트","General (일반)","[{""rid"":7737211921623155583},{""rid"":7737211921623155584}]","해당 없음: GenericItemDefinitionSO","8","120","게임 내 역할은 시설 설치와 구성, 생산망의 입력·출력에 연결된다.","이 물자의 원본 기능을 위해 보관·운반·소비·거래 중 한 경로에 재고를 배정해 다른 사용처를 늦춘다","비교 후보(대체 가능성 미검증): GenericItemDefinitionSO:facility-kit:0, GenericItemDefinitionSO:facility-kit:1, GenericItemDefinitionSO:facility-kit:10, GenericItemDefinitionSO:facility-kit:1000, GenericItemDefinitionSO:facility-kit:1001, GenericItemDefinitionSO:facility-kit:1002, GenericItemDefinitionSO:facility-kit:1003, GenericItemDefinitionSO:facility-kit:1004, GenericItemDefinitionSO:facility-kit:1005, GenericItemDefinitionSO:facility-kit:1006, GenericItemDefinitionSO:facility-kit:1007, GenericItemDefinitionSO:facility-kit:1008 외 364개","생성 또는 거래·재고 입고·운반·보관·장착 또는 소비와 하류 주문 기록","과잉 재고·운반·보관·수리 또는 사용 시점 지연이 압력이 된다","실제 비교 후보·교역·재활용·수리·배급 조정 중 원본 기능에 맞는 경로로 재고 압력을 줄인다","설계 확정; 질량·가격·스택·부패·효과 수치는 source authority와 밸런스 기준서에서 별도 검증 OPEN"
"facility-kit:8858","보육실 설치 키트","General (일반)","[{""rid"":7737211921623155585},{""rid"":7737211921623155586}]","해당 없음: GenericItemDefinitionSO","8","160","게임 내 역할은 시설 설치와 구성, 생산망의 입력·출력에 연결된다.","이 물자의 원본 기능을 위해 보관·운반·소비·거래 중 한 경로에 재고를 배정해 다른 사용처를 늦춘다","비교 후보(대체 가능성 미검증): GenericItemDefinitionSO:facility-kit:0, GenericItemDefinitionSO:facility-kit:1, GenericItemDefinitionSO:facility-kit:10, GenericItemDefinitionSO:facility-kit:1000, GenericItemDefinitionSO:facility-kit:1001, GenericItemDefinitionSO:facility-kit:1002, GenericItemDefinitionSO:facility-kit:1003, GenericItemDefinitionSO:facility-kit:1004, GenericItemDefinitionSO:facility-kit:1005, GenericItemDefinitionSO:facility-kit:1006, GenericItemDefinitionSO:facility-kit:1007, GenericItemDefinitionSO:facility-kit:1008 외 364개","생성 또는 거래·재고 입고·운반·보관·장착 또는 소비와 하류 주문 기록","과잉 재고·운반·보관·수리 또는 사용 시점 지연이 압력이 된다","실제 비교 후보·교역·재활용·수리·배급 조정 중 원본 기능에 맞는 경로로 재고 압력을 줄인다","설계 확정; 질량·가격·스택·부패·효과 수치는 source authority와 밸런스 기준서에서 별도 검증 OPEN"
"facility-kit:8859","산과실 설치 키트","General (일반)","[{""rid"":7737211921623155587},{""rid"":7737211921623155588}]","해당 없음: GenericItemDefinitionSO","8","320","게임 내 역할은 시설 설치와 구성, 생산망의 입력·출력에 연결된다.","이 물자의 원본 기능을 위해 보관·운반·소비·거래 중 한 경로에 재고를 배정해 다른 사용처를 늦춘다","비교 후보(대체 가능성 미검증): GenericItemDefinitionSO:facility-kit:0, GenericItemDefinitionSO:facility-kit:1, GenericItemDefinitionSO:facility-kit:10, GenericItemDefinitionSO:facility-kit:1000, GenericItemDefinitionSO:facility-kit:1001, GenericItemDefinitionSO:facility-kit:1002, GenericItemDefinitionSO:facility-kit:1003, GenericItemDefinitionSO:facility-kit:1004, GenericItemDefinitionSO:facility-kit:1005, GenericItemDefinitionSO:facility-kit:1006, GenericItemDefinitionSO:facility-kit:1007, GenericItemDefinitionSO:facility-kit:1008 외 364개","생성 또는 거래·재고 입고·운반·보관·장착 또는 소비와 하류 주문 기록","과잉 재고·운반·보관·수리 또는 사용 시점 지연이 압력이 된다","실제 비교 후보·교역·재활용·수리·배급 조정 중 원본 기능에 맞는 경로로 재고 압력을 줄인다","설계 확정; 질량·가격·스택·부패·효과 수치는 source authority와 밸런스 기준서에서 별도 검증 OPEN"
"facility-kit:8860","교실 설치 키트","General (일반)","[{""rid"":7737211921623155589},{""rid"":7737211921623155590}]","해당 없음: GenericItemDefinitionSO","8","160","게임 내 역할은 시설 설치와 구성, 생산망의 입력·출력에 연결된다.","이 물자의 원본 기능을 위해 보관·운반·소비·거래 중 한 경로에 재고를 배정해 다른 사용처를 늦춘다","비교 후보(대체 가능성 미검증): GenericItemDefinitionSO:facility-kit:0, GenericItemDefinitionSO:facility-kit:1, GenericItemDefinitionSO:facility-kit:10, GenericItemDefinitionSO:facility-kit:1000, GenericItemDefinitionSO:facility-kit:1001, GenericItemDefinitionSO:facility-kit:1002, GenericItemDefinitionSO:facility-kit:1003, GenericItemDefinitionSO:facility-kit:1004, GenericItemDefinitionSO:facility-kit:1005, GenericItemDefinitionSO:facility-kit:1006, GenericItemDefinitionSO:facility-kit:1007, GenericItemDefinitionSO:facility-kit:1008 외 364개","생성 또는 거래·재고 입고·운반·보관·장착 또는 소비와 하류 주문 기록","과잉 재고·운반·보관·수리 또는 사용 시점 지연이 압력이 된다","실제 비교 후보·교역·재활용·수리·배급 조정 중 원본 기능에 맞는 경로로 재고 압력을 줄인다","설계 확정; 질량·가격·스택·부패·효과 수치는 source authority와 밸런스 기준서에서 별도 검증 OPEN"
"facility-kit:8861","도제 작업대 설치 키트","General (일반)","[{""rid"":7737211921623155591},{""rid"":7737211921623155592}]","해당 없음: GenericItemDefinitionSO","8","220","게임 내 역할은 시설 설치와 구성, 생산망의 입력·출력에 연결된다.","이 물자의 원본 기능을 위해 보관·운반·소비·거래 중 한 경로에 재고를 배정해 다른 사용처를 늦춘다","비교 후보(대체 가능성 미검증): GenericItemDefinitionSO:facility-kit:0, GenericItemDefinitionSO:facility-kit:1, GenericItemDefinitionSO:facility-kit:10, GenericItemDefinitionSO:facility-kit:1000, GenericItemDefinitionSO:facility-kit:1001, GenericItemDefinitionSO:facility-kit:1002, GenericItemDefinitionSO:facility-kit:1003, GenericItemDefinitionSO:facility-kit:1004, GenericItemDefinitionSO:facility-kit:1005, GenericItemDefinitionSO:facility-kit:1006, GenericItemDefinitionSO:facility-kit:1007, GenericItemDefinitionSO:facility-kit:1008 외 364개","생성 또는 거래·재고 입고·운반·보관·장착 또는 소비와 하류 주문 기록","과잉 재고·운반·보관·수리 또는 사용 시점 지연이 압력이 된다","실제 비교 후보·교역·재활용·수리·배급 조정 중 원본 기능에 맞는 경로로 재고 압력을 줄인다","설계 확정; 질량·가격·스택·부패·효과 수치는 source authority와 밸런스 기준서에서 별도 검증 OPEN"
"facility-kit:8862","계보 관리실 설치 키트","General (일반)","[{""rid"":7737211921623155593},{""rid"":7737211921623155594}]","해당 없음: GenericItemDefinitionSO","8","120","게임 내 역할은 시설 설치와 구성, 생산망의 입력·출력에 연결된다.","이 물자의 원본 기능을 위해 보관·운반·소비·거래 중 한 경로에 재고를 배정해 다른 사용처를 늦춘다","비교 후보(대체 가능성 미검증): GenericItemDefinitionSO:facility-kit:0, GenericItemDefinitionSO:facility-kit:1, GenericItemDefinitionSO:facility-kit:10, GenericItemDefinitionSO:facility-kit:1000, GenericItemDefinitionSO:facility-kit:1001, GenericItemDefinitionSO:facility-kit:1002, GenericItemDefinitionSO:facility-kit:1003, GenericItemDefinitionSO:facility-kit:1004, GenericItemDefinitionSO:facility-kit:1005, GenericItemDefinitionSO:facility-kit:1006, GenericItemDefinitionSO:facility-kit:1007, GenericItemDefinitionSO:facility-kit:1008 외 364개","생성 또는 거래·재고 입고·운반·보관·장착 또는 소비와 하류 주문 기록","과잉 재고·운반·보관·수리 또는 사용 시점 지연이 압력이 된다","실제 비교 후보·교역·재활용·수리·배급 조정 중 원본 기능에 맞는 경로로 재고 압력을 줄인다","설계 확정; 질량·가격·스택·부패·효과 수치는 source authority와 밸런스 기준서에서 별도 검증 OPEN"
"facility-kit:8863","노화 평가대 설치 키트","General (일반)","[{""rid"":7737211921623155595},{""rid"":7737211921623155596}]","해당 없음: GenericItemDefinitionSO","8","320","게임 내 역할은 시설 설치와 구성, 생산망의 입력·출력에 연결된다.","이 물자의 원본 기능을 위해 보관·운반·소비·거래 중 한 경로에 재고를 배정해 다른 사용처를 늦춘다","비교 후보(대체 가능성 미검증): GenericItemDefinitionSO:facility-kit:0, GenericItemDefinitionSO:facility-kit:1, GenericItemDefinitionSO:facility-kit:10, GenericItemDefinitionSO:facility-kit:1000, GenericItemDefinitionSO:facility-kit:1001, GenericItemDefinitionSO:facility-kit:1002, GenericItemDefinitionSO:facility-kit:1003, GenericItemDefinitionSO:facility-kit:1004, GenericItemDefinitionSO:facility-kit:1005, GenericItemDefinitionSO:facility-kit:1006, GenericItemDefinitionSO:facility-kit:1007, GenericItemDefinitionSO:facility-kit:1008 외 364개","생성 또는 거래·재고 입고·운반·보관·장착 또는 소비와 하류 주문 기록","과잉 재고·운반·보관·수리 또는 사용 시점 지연이 압력이 된다","실제 비교 후보·교역·재활용·수리·배급 조정 중 원본 기능에 맞는 경로로 재고 압력을 줄인다","설계 확정; 질량·가격·스택·부패·효과 수치는 source authority와 밸런스 기준서에서 별도 검증 OPEN"
"facility-kit:8864","연령 계측기 설치 키트","General (일반)","[{""rid"":7737211921623155597},{""rid"":7737211921623155598}]","해당 없음: GenericItemDefinitionSO","8","420","게임 내 역할은 시설 설치와 구성, 생산망의 입력·출력에 연결된다.","이 물자의 원본 기능을 위해 보관·운반·소비·거래 중 한 경로에 재고를 배정해 다른 사용처를 늦춘다","비교 후보(대체 가능성 미검증): GenericItemDefinitionSO:facility-kit:0, GenericItemDefinitionSO:facility-kit:1, GenericItemDefinitionSO:facility-kit:10, GenericItemDefinitionSO:facility-kit:1000, GenericItemDefinitionSO:facility-kit:1001, GenericItemDefinitionSO:facility-kit:1002, GenericItemDefinitionSO:facility-kit:1003, GenericItemDefinitionSO:facility-kit:1004, GenericItemDefinitionSO:facility-kit:1005, GenericItemDefinitionSO:facility-kit:1006, GenericItemDefinitionSO:facility-kit:1007, GenericItemDefinitionSO:facility-kit:1008 외 364개","생성 또는 거래·재고 입고·운반·보관·장착 또는 소비와 하류 주문 기록","과잉 재고·운반·보관·수리 또는 사용 시점 지연이 압력이 된다","실제 비교 후보·교역·재활용·수리·배급 조정 중 원본 기능에 맞는 경로로 재고 압력을 줄인다","설계 확정; 질량·가격·스택·부패·효과 수치는 source authority와 밸런스 기준서에서 별도 검증 OPEN"
"facility-kit:8865","노인 병상 설치 키트","General (일반)","[{""rid"":7737211921623155599},{""rid"":7737211921623155600}]","해당 없음: GenericItemDefinitionSO","8","320","게임 내 역할은 시설 설치와 구성, 생산망의 입력·출력에 연결된다.","이 물자의 원본 기능을 위해 보관·운반·소비·거래 중 한 경로에 재고를 배정해 다른 사용처를 늦춘다","비교 후보(대체 가능성 미검증): GenericItemDefinitionSO:facility-kit:0, GenericItemDefinitionSO:facility-kit:1, GenericItemDefinitionSO:facility-kit:10, GenericItemDefinitionSO:facility-kit:1000, GenericItemDefinitionSO:facility-kit:1001, GenericItemDefinitionSO:facility-kit:1002, GenericItemDefinitionSO:facility-kit:1003, GenericItemDefinitionSO:facility-kit:1004, GenericItemDefinitionSO:facility-kit:1005, GenericItemDefinitionSO:facility-kit:1006, GenericItemDefinitionSO:facility-kit:1007, GenericItemDefinitionSO:facility-kit:1008 외 364개","생성 또는 거래·재고 입고·운반·보관·장착 또는 소비와 하류 주문 기록","과잉 재고·운반·보관·수리 또는 사용 시점 지연이 압력이 된다","실제 비교 후보·교역·재활용·수리·배급 조정 중 원본 기능에 맞는 경로로 재고 압력을 줄인다","설계 확정; 질량·가격·스택·부패·효과 수치는 source authority와 밸런스 기준서에서 별도 검증 OPEN"
"facility-kit:8866","만성 관리실 설치 키트","General (일반)","[{""rid"":7737211921623155601},{""rid"":7737211921623155602}]","해당 없음: GenericItemDefinitionSO","8","320","게임 내 역할은 시설 설치와 구성, 생산망의 입력·출력에 연결된다.","이 물자의 원본 기능을 위해 보관·운반·소비·거래 중 한 경로에 재고를 배정해 다른 사용처를 늦춘다","비교 후보(대체 가능성 미검증): GenericItemDefinitionSO:facility-kit:0, GenericItemDefinitionSO:facility-kit:1, GenericItemDefinitionSO:facility-kit:10, GenericItemDefinitionSO:facility-kit:1000, GenericItemDefinitionSO:facility-kit:1001, GenericItemDefinitionSO:facility-kit:1002, GenericItemDefinitionSO:facility-kit:1003, GenericItemDefinitionSO:facility-kit:1004, GenericItemDefinitionSO:facility-kit:1005, GenericItemDefinitionSO:facility-kit:1006, GenericItemDefinitionSO:facility-kit:1007, GenericItemDefinitionSO:facility-kit:1008 외 364개","생성 또는 거래·재고 입고·운반·보관·장착 또는 소비와 하류 주문 기록","과잉 재고·운반·보관·수리 또는 사용 시점 지연이 압력이 된다","실제 비교 후보·교역·재활용·수리·배급 조정 중 원본 기능에 맞는 경로로 재고 압력을 줄인다","설계 확정; 질량·가격·스택·부패·효과 수치는 source authority와 밸런스 기준서에서 별도 검증 OPEN"
"facility-kit:8867","재생 배양조 설치 키트","General (일반)","[{""rid"":7737211921623155603},{""rid"":7737211921623155604}]","해당 없음: GenericItemDefinitionSO","8","650","게임 내 역할은 시설 설치와 구성, 생산망의 입력·출력에 연결된다.","이 물자의 원본 기능을 위해 보관·운반·소비·거래 중 한 경로에 재고를 배정해 다른 사용처를 늦춘다","비교 후보(대체 가능성 미검증): GenericItemDefinitionSO:facility-kit:0, GenericItemDefinitionSO:facility-kit:1, GenericItemDefinitionSO:facility-kit:10, GenericItemDefinitionSO:facility-kit:1000, GenericItemDefinitionSO:facility-kit:1001, GenericItemDefinitionSO:facility-kit:1002, GenericItemDefinitionSO:facility-kit:1003, GenericItemDefinitionSO:facility-kit:1004, GenericItemDefinitionSO:facility-kit:1005, GenericItemDefinitionSO:facility-kit:1006, GenericItemDefinitionSO:facility-kit:1007, GenericItemDefinitionSO:facility-kit:1008 외 364개","생성 또는 거래·재고 입고·운반·보관·장착 또는 소비와 하류 주문 기록","과잉 재고·운반·보관·수리 또는 사용 시점 지연이 압력이 된다","실제 비교 후보·교역·재활용·수리·배급 조정 중 원본 기능에 맞는 경로로 재고 압력을 줄인다","설계 확정; 질량·가격·스택·부패·효과 수치는 source authority와 밸런스 기준서에서 별도 검증 OPEN"
"facility-kit:8868","장기 재생 수술실 설치 키트","General (일반)","[{""rid"":7737211921623155605},{""rid"":7737211921623155606}]","해당 없음: GenericItemDefinitionSO","8","650","게임 내 역할은 시설 설치와 구성, 생산망의 입력·출력에 연결된다.","이 물자의 원본 기능을 위해 보관·운반·소비·거래 중 한 경로에 재고를 배정해 다른 사용처를 늦춘다","비교 후보(대체 가능성 미검증): GenericItemDefinitionSO:facility-kit:0, GenericItemDefinitionSO:facility-kit:1, GenericItemDefinitionSO:facility-kit:10, GenericItemDefinitionSO:facility-kit:1000, GenericItemDefinitionSO:facility-kit:1001, GenericItemDefinitionSO:facility-kit:1002, GenericItemDefinitionSO:facility-kit:1003, GenericItemDefinitionSO:facility-kit:1004, GenericItemDefinitionSO:facility-kit:1005, GenericItemDefinitionSO:facility-kit:1006, GenericItemDefinitionSO:facility-kit:1007, GenericItemDefinitionSO:facility-kit:1008 외 364개","생성 또는 거래·재고 입고·운반·보관·장착 또는 소비와 하류 주문 기록","과잉 재고·운반·보관·수리 또는 사용 시점 지연이 압력이 된다","실제 비교 후보·교역·재활용·수리·배급 조정 중 원본 기능에 맞는 경로로 재고 압력을 줄인다","설계 확정; 질량·가격·스택·부패·효과 수치는 source authority와 밸런스 기준서에서 별도 검증 OPEN"
"facility-kit:8869","회춘 수혈실 설치 키트","General (일반)","[{""rid"":7737211921623155607},{""rid"":7737211921623155608}]","해당 없음: GenericItemDefinitionSO","8","650","게임 내 역할은 시설 설치와 구성, 생산망의 입력·출력에 연결된다.","이 물자의 원본 기능을 위해 보관·운반·소비·거래 중 한 경로에 재고를 배정해 다른 사용처를 늦춘다","비교 후보(대체 가능성 미검증): GenericItemDefinitionSO:facility-kit:0, GenericItemDefinitionSO:facility-kit:1, GenericItemDefinitionSO:facility-kit:10, GenericItemDefinitionSO:facility-kit:1000, GenericItemDefinitionSO:facility-kit:1001, GenericItemDefinitionSO:facility-kit:1002, GenericItemDefinitionSO:facility-kit:1003, GenericItemDefinitionSO:facility-kit:1004, GenericItemDefinitionSO:facility-kit:1005, GenericItemDefinitionSO:facility-kit:1006, GenericItemDefinitionSO:facility-kit:1007, GenericItemDefinitionSO:facility-kit:1008 외 364개","생성 또는 거래·재고 입고·운반·보관·장착 또는 소비와 하류 주문 기록","과잉 재고·운반·보관·수리 또는 사용 시점 지연이 압력이 된다","실제 비교 후보·교역·재활용·수리·배급 조정 중 원본 기능에 맞는 경로로 재고 압력을 줄인다","설계 확정; 질량·가격·스택·부패·효과 수치는 source authority와 밸런스 기준서에서 별도 검증 OPEN"
"facility-kit:8870","룬 동면실 설치 키트","General (일반)","[{""rid"":7737211921623155609},{""rid"":7737211921623155610}]","해당 없음: GenericItemDefinitionSO","8","650","게임 내 역할은 시설 설치와 구성, 생산망의 입력·출력에 연결된다.","이 물자의 원본 기능을 위해 보관·운반·소비·거래 중 한 경로에 재고를 배정해 다른 사용처를 늦춘다","비교 후보(대체 가능성 미검증): GenericItemDefinitionSO:facility-kit:0, GenericItemDefinitionSO:facility-kit:1, GenericItemDefinitionSO:facility-kit:10, GenericItemDefinitionSO:facility-kit:1000, GenericItemDefinitionSO:facility-kit:1001, GenericItemDefinitionSO:facility-kit:1002, GenericItemDefinitionSO:facility-kit:1003, GenericItemDefinitionSO:facility-kit:1004, GenericItemDefinitionSO:facility-kit:1005, GenericItemDefinitionSO:facility-kit:1006, GenericItemDefinitionSO:facility-kit:1007, GenericItemDefinitionSO:facility-kit:1008 외 364개","생성 또는 거래·재고 입고·운반·보관·장착 또는 소비와 하류 주문 기록","과잉 재고·운반·보관·수리 또는 사용 시점 지연이 압력이 된다","실제 비교 후보·교역·재활용·수리·배급 조정 중 원본 기능에 맞는 경로로 재고 압력을 줄인다","설계 확정; 질량·가격·스택·부패·효과 수치는 source authority와 밸런스 기준서에서 별도 검증 OPEN"
"facility-kit:8871","전신 재생조 설치 키트","General (일반)","[{""rid"":7737211921623155611},{""rid"":7737211921623155612}]","해당 없음: GenericItemDefinitionSO","8","650","게임 내 역할은 시설 설치와 구성, 생산망의 입력·출력에 연결된다.","이 물자의 원본 기능을 위해 보관·운반·소비·거래 중 한 경로에 재고를 배정해 다른 사용처를 늦춘다","비교 후보(대체 가능성 미검증): GenericItemDefinitionSO:facility-kit:0, GenericItemDefinitionSO:facility-kit:1, GenericItemDefinitionSO:facility-kit:10, GenericItemDefinitionSO:facility-kit:1000, GenericItemDefinitionSO:facility-kit:1001, GenericItemDefinitionSO:facility-kit:1002, GenericItemDefinitionSO:facility-kit:1003, GenericItemDefinitionSO:facility-kit:1004, GenericItemDefinitionSO:facility-kit:1005, GenericItemDefinitionSO:facility-kit:1006, GenericItemDefinitionSO:facility-kit:1007, GenericItemDefinitionSO:facility-kit:1008 외 364개","생성 또는 거래·재고 입고·운반·보관·장착 또는 소비와 하류 주문 기록","과잉 재고·운반·보관·수리 또는 사용 시점 지연이 압력이 된다","실제 비교 후보·교역·재활용·수리·배급 조정 중 원본 기능에 맞는 경로로 재고 압력을 줄인다","설계 확정; 질량·가격·스택·부패·효과 수치는 source authority와 밸런스 기준서에서 별도 검증 OPEN"
"facility-kit:8872","시간 고정실 설치 키트","General (일반)","[{""rid"":7737211921623155613},{""rid"":7737211921623155614}]","해당 없음: GenericItemDefinitionSO","8","650","게임 내 역할은 시설 설치와 구성, 생산망의 입력·출력에 연결된다.","이 물자의 원본 기능을 위해 보관·운반·소비·거래 중 한 경로에 재고를 배정해 다른 사용처를 늦춘다","비교 후보(대체 가능성 미검증): GenericItemDefinitionSO:facility-kit:0, GenericItemDefinitionSO:facility-kit:1, GenericItemDefinitionSO:facility-kit:10, GenericItemDefinitionSO:facility-kit:1000, GenericItemDefinitionSO:facility-kit:1001, GenericItemDefinitionSO:facility-kit:1002, GenericItemDefinitionSO:facility-kit:1003, GenericItemDefinitionSO:facility-kit:1004, GenericItemDefinitionSO:facility-kit:1005, GenericItemDefinitionSO:facility-kit:1006, GenericItemDefinitionSO:facility-kit:1007, GenericItemDefinitionSO:facility-kit:1008 외 364개","생성 또는 거래·재고 입고·운반·보관·장착 또는 소비와 하류 주문 기록","과잉 재고·운반·보관·수리 또는 사용 시점 지연이 압력이 된다","실제 비교 후보·교역·재활용·수리·배급 조정 중 원본 기능에 맞는 경로로 재고 압력을 줄인다","설계 확정; 질량·가격·스택·부패·효과 수치는 source authority와 밸런스 기준서에서 별도 검증 OPEN"
"facility-kit:8873","감염 진단대 설치 키트","General (일반)","[{""rid"":7737211921623155615},{""rid"":7737211921623155616}]","해당 없음: GenericItemDefinitionSO","8","320","게임 내 역할은 시설 설치와 구성, 생산망의 입력·출력에 연결된다.","이 물자의 원본 기능을 위해 보관·운반·소비·거래 중 한 경로에 재고를 배정해 다른 사용처를 늦춘다","비교 후보(대체 가능성 미검증): GenericItemDefinitionSO:facility-kit:0, GenericItemDefinitionSO:facility-kit:1, GenericItemDefinitionSO:facility-kit:10, GenericItemDefinitionSO:facility-kit:1000, GenericItemDefinitionSO:facility-kit:1001, GenericItemDefinitionSO:facility-kit:1002, GenericItemDefinitionSO:facility-kit:1003, GenericItemDefinitionSO:facility-kit:1004, GenericItemDefinitionSO:facility-kit:1005, GenericItemDefinitionSO:facility-kit:1006, GenericItemDefinitionSO:facility-kit:1007, GenericItemDefinitionSO:facility-kit:1008 외 364개","생성 또는 거래·재고 입고·운반·보관·장착 또는 소비와 하류 주문 기록","과잉 재고·운반·보관·수리 또는 사용 시점 지연이 압력이 된다","실제 비교 후보·교역·재활용·수리·배급 조정 중 원본 기능에 맞는 경로로 재고 압력을 줄인다","설계 확정; 질량·가격·스택·부패·효과 수치는 source authority와 밸런스 기준서에서 별도 검증 OPEN"
"facility-kit:8874","격리 병동 설치 키트","General (일반)","[{""rid"":7737211921623155617},{""rid"":7737211921623155618}]","해당 없음: GenericItemDefinitionSO","8","320","게임 내 역할은 시설 설치와 구성, 생산망의 입력·출력에 연결된다.","이 물자의 원본 기능을 위해 보관·운반·소비·거래 중 한 경로에 재고를 배정해 다른 사용처를 늦춘다","비교 후보(대체 가능성 미검증): GenericItemDefinitionSO:facility-kit:0, GenericItemDefinitionSO:facility-kit:1, GenericItemDefinitionSO:facility-kit:10, GenericItemDefinitionSO:facility-kit:1000, GenericItemDefinitionSO:facility-kit:1001, GenericItemDefinitionSO:facility-kit:1002, GenericItemDefinitionSO:facility-kit:1003, GenericItemDefinitionSO:facility-kit:1004, GenericItemDefinitionSO:facility-kit:1005, GenericItemDefinitionSO:facility-kit:1006, GenericItemDefinitionSO:facility-kit:1007, GenericItemDefinitionSO:facility-kit:1008 외 364개","생성 또는 거래·재고 입고·운반·보관·장착 또는 소비와 하류 주문 기록","과잉 재고·운반·보관·수리 또는 사용 시점 지연이 압력이 된다","실제 비교 후보·교역·재활용·수리·배급 조정 중 원본 기능에 맞는 경로로 재고 압력을 줄인다","설계 확정; 질량·가격·스택·부패·효과 수치는 source authority와 밸런스 기준서에서 별도 검증 OPEN"
"facility-kit:8875","혈청 검사대 설치 키트","General (일반)","[{""rid"":7737211921623155619},{""rid"":7737211921623155620}]","해당 없음: GenericItemDefinitionSO","8","420","게임 내 역할은 시설 설치와 구성, 생산망의 입력·출력에 연결된다.","이 물자의 원본 기능을 위해 보관·운반·소비·거래 중 한 경로에 재고를 배정해 다른 사용처를 늦춘다","비교 후보(대체 가능성 미검증): GenericItemDefinitionSO:facility-kit:0, GenericItemDefinitionSO:facility-kit:1, GenericItemDefinitionSO:facility-kit:10, GenericItemDefinitionSO:facility-kit:1000, GenericItemDefinitionSO:facility-kit:1001, GenericItemDefinitionSO:facility-kit:1002, GenericItemDefinitionSO:facility-kit:1003, GenericItemDefinitionSO:facility-kit:1004, GenericItemDefinitionSO:facility-kit:1005, GenericItemDefinitionSO:facility-kit:1006, GenericItemDefinitionSO:facility-kit:1007, GenericItemDefinitionSO:facility-kit:1008 외 364개","생성 또는 거래·재고 입고·운반·보관·장착 또는 소비와 하류 주문 기록","과잉 재고·운반·보관·수리 또는 사용 시점 지연이 압력이 된다","실제 비교 후보·교역·재활용·수리·배급 조정 중 원본 기능에 맞는 경로로 재고 압력을 줄인다","설계 확정; 질량·가격·스택·부패·효과 수치는 source authority와 밸런스 기준서에서 별도 검증 OPEN"
"facility-kit:8876","백신 연구실 설치 키트","General (일반)","[{""rid"":7737211921623155621},{""rid"":7737211921623155622}]","해당 없음: GenericItemDefinitionSO","8","420","게임 내 역할은 시설 설치와 구성, 생산망의 입력·출력에 연결된다.","이 물자의 원본 기능을 위해 보관·운반·소비·거래 중 한 경로에 재고를 배정해 다른 사용처를 늦춘다","비교 후보(대체 가능성 미검증): GenericItemDefinitionSO:facility-kit:0, GenericItemDefinitionSO:facility-kit:1, GenericItemDefinitionSO:facility-kit:10, GenericItemDefinitionSO:facility-kit:1000, GenericItemDefinitionSO:facility-kit:1001, GenericItemDefinitionSO:facility-kit:1002, GenericItemDefinitionSO:facility-kit:1003, GenericItemDefinitionSO:facility-kit:1004, GenericItemDefinitionSO:facility-kit:1005, GenericItemDefinitionSO:facility-kit:1006, GenericItemDefinitionSO:facility-kit:1007, GenericItemDefinitionSO:facility-kit:1008 외 364개","생성 또는 거래·재고 입고·운반·보관·장착 또는 소비와 하류 주문 기록","과잉 재고·운반·보관·수리 또는 사용 시점 지연이 압력이 된다","실제 비교 후보·교역·재활용·수리·배급 조정 중 원본 기능에 맞는 경로로 재고 압력을 줄인다","설계 확정; 질량·가격·스택·부패·효과 수치는 source authority와 밸런스 기준서에서 별도 검증 OPEN"
"facility-kit:8877","역학 상황판 설치 키트","General (일반)","[{""rid"":7737211921623155623},{""rid"":7737211921623155624}]","해당 없음: GenericItemDefinitionSO","8","120","게임 내 역할은 시설 설치와 구성, 생산망의 입력·출력에 연결된다.","이 물자의 원본 기능을 위해 보관·운반·소비·거래 중 한 경로에 재고를 배정해 다른 사용처를 늦춘다","비교 후보(대체 가능성 미검증): GenericItemDefinitionSO:facility-kit:0, GenericItemDefinitionSO:facility-kit:1, GenericItemDefinitionSO:facility-kit:10, GenericItemDefinitionSO:facility-kit:1000, GenericItemDefinitionSO:facility-kit:1001, GenericItemDefinitionSO:facility-kit:1002, GenericItemDefinitionSO:facility-kit:1003, GenericItemDefinitionSO:facility-kit:1004, GenericItemDefinitionSO:facility-kit:1005, GenericItemDefinitionSO:facility-kit:1006, GenericItemDefinitionSO:facility-kit:1007, GenericItemDefinitionSO:facility-kit:1008 외 364개","생성 또는 거래·재고 입고·운반·보관·장착 또는 소비와 하류 주문 기록","과잉 재고·운반·보관·수리 또는 사용 시점 지연이 압력이 된다","실제 비교 후보·교역·재활용·수리·배급 조정 중 원본 기능에 맞는 경로로 재고 압력을 줄인다","설계 확정; 질량·가격·스택·부패·효과 수치는 source authority와 밸런스 기준서에서 별도 검증 OPEN"
"facility-kit:8878","유전 기록고 설치 키트","General (일반)","[{""rid"":7737211921623155625},{""rid"":7737211921623155626}]","해당 없음: GenericItemDefinitionSO","8","120","게임 내 역할은 시설 설치와 구성, 생산망의 입력·출력에 연결된다.","이 물자의 원본 기능을 위해 보관·운반·소비·거래 중 한 경로에 재고를 배정해 다른 사용처를 늦춘다","비교 후보(대체 가능성 미검증): GenericItemDefinitionSO:facility-kit:0, GenericItemDefinitionSO:facility-kit:1, GenericItemDefinitionSO:facility-kit:10, GenericItemDefinitionSO:facility-kit:1000, GenericItemDefinitionSO:facility-kit:1001, GenericItemDefinitionSO:facility-kit:1002, GenericItemDefinitionSO:facility-kit:1003, GenericItemDefinitionSO:facility-kit:1004, GenericItemDefinitionSO:facility-kit:1005, GenericItemDefinitionSO:facility-kit:1006, GenericItemDefinitionSO:facility-kit:1007, GenericItemDefinitionSO:facility-kit:1008 외 364개","생성 또는 거래·재고 입고·운반·보관·장착 또는 소비와 하류 주문 기록","과잉 재고·운반·보관·수리 또는 사용 시점 지연이 압력이 된다","실제 비교 후보·교역·재활용·수리·배급 조정 중 원본 기능에 맞는 경로로 재고 압력을 줄인다","설계 확정; 질량·가격·스택·부패·효과 수치는 source authority와 밸런스 기준서에서 별도 검증 OPEN"
"facility-kit:8879","형질 분석기 설치 키트","General (일반)","[{""rid"":7737211921623155627},{""rid"":7737211921623155628}]","해당 없음: GenericItemDefinitionSO","8","650","게임 내 역할은 시설 설치와 구성, 생산망의 입력·출력에 연결된다.","이 물자의 원본 기능을 위해 보관·운반·소비·거래 중 한 경로에 재고를 배정해 다른 사용처를 늦춘다","비교 후보(대체 가능성 미검증): GenericItemDefinitionSO:facility-kit:0, GenericItemDefinitionSO:facility-kit:1, GenericItemDefinitionSO:facility-kit:10, GenericItemDefinitionSO:facility-kit:1000, GenericItemDefinitionSO:facility-kit:1001, GenericItemDefinitionSO:facility-kit:1002, GenericItemDefinitionSO:facility-kit:1003, GenericItemDefinitionSO:facility-kit:1004, GenericItemDefinitionSO:facility-kit:1005, GenericItemDefinitionSO:facility-kit:1006, GenericItemDefinitionSO:facility-kit:1007, GenericItemDefinitionSO:facility-kit:1008 외 364개","생성 또는 거래·재고 입고·운반·보관·장착 또는 소비와 하류 주문 기록","과잉 재고·운반·보관·수리 또는 사용 시점 지연이 압력이 된다","실제 비교 후보·교역·재활용·수리·배급 조정 중 원본 기능에 맞는 경로로 재고 압력을 줄인다","설계 확정; 질량·가격·스택·부패·효과 수치는 source authority와 밸런스 기준서에서 별도 검증 OPEN"
"facility-kit:8880","유전 상담실 설치 키트","General (일반)","[{""rid"":7737211921623155629},{""rid"":7737211921623155630}]","해당 없음: GenericItemDefinitionSO","8","320","게임 내 역할은 시설 설치와 구성, 생산망의 입력·출력에 연결된다.","이 물자의 원본 기능을 위해 보관·운반·소비·거래 중 한 경로에 재고를 배정해 다른 사용처를 늦춘다","비교 후보(대체 가능성 미검증): GenericItemDefinitionSO:facility-kit:0, GenericItemDefinitionSO:facility-kit:1, GenericItemDefinitionSO:facility-kit:10, GenericItemDefinitionSO:facility-kit:1000, GenericItemDefinitionSO:facility-kit:1001, GenericItemDefinitionSO:facility-kit:1002, GenericItemDefinitionSO:facility-kit:1003, GenericItemDefinitionSO:facility-kit:1004, GenericItemDefinitionSO:facility-kit:1005, GenericItemDefinitionSO:facility-kit:1006, GenericItemDefinitionSO:facility-kit:1007, GenericItemDefinitionSO:facility-kit:1008 외 364개","생성 또는 거래·재고 입고·운반·보관·장착 또는 소비와 하류 주문 기록","과잉 재고·운반·보관·수리 또는 사용 시점 지연이 압력이 된다","실제 비교 후보·교역·재활용·수리·배급 조정 중 원본 기능에 맞는 경로로 재고 압력을 줄인다","설계 확정; 질량·가격·스택·부패·효과 수치는 source authority와 밸런스 기준서에서 별도 검증 OPEN"
"facility-kit:8881","교차계통 배양기 설치 키트","General (일반)","[{""rid"":7737211921623155631},{""rid"":7737211921623155632}]","해당 없음: GenericItemDefinitionSO","8","650","게임 내 역할은 시설 설치와 구성, 생산망의 입력·출력에 연결된다.","이 물자의 원본 기능을 위해 보관·운반·소비·거래 중 한 경로에 재고를 배정해 다른 사용처를 늦춘다","비교 후보(대체 가능성 미검증): GenericItemDefinitionSO:facility-kit:0, GenericItemDefinitionSO:facility-kit:1, GenericItemDefinitionSO:facility-kit:10, GenericItemDefinitionSO:facility-kit:1000, GenericItemDefinitionSO:facility-kit:1001, GenericItemDefinitionSO:facility-kit:1002, GenericItemDefinitionSO:facility-kit:1003, GenericItemDefinitionSO:facility-kit:1004, GenericItemDefinitionSO:facility-kit:1005, GenericItemDefinitionSO:facility-kit:1006, GenericItemDefinitionSO:facility-kit:1007, GenericItemDefinitionSO:facility-kit:1008 외 364개","생성 또는 거래·재고 입고·운반·보관·장착 또는 소비와 하류 주문 기록","과잉 재고·운반·보관·수리 또는 사용 시점 지연이 압력이 된다","실제 비교 후보·교역·재활용·수리·배급 조정 중 원본 기능에 맞는 경로로 재고 압력을 줄인다","설계 확정; 질량·가격·스택·부패·효과 수치는 source authority와 밸런스 기준서에서 별도 검증 OPEN"
"facility-kit:8882","방 배정대 설치 키트","General (일반)","[{""rid"":7737211921623155633},{""rid"":7737211921623155634}]","해당 없음: GenericItemDefinitionSO","8","120","게임 내 역할은 시설 설치와 구성, 생산망의 입력·출력에 연결된다.","이 물자의 원본 기능을 위해 보관·운반·소비·거래 중 한 경로에 재고를 배정해 다른 사용처를 늦춘다","비교 후보(대체 가능성 미검증): GenericItemDefinitionSO:facility-kit:0, GenericItemDefinitionSO:facility-kit:1, GenericItemDefinitionSO:facility-kit:10, GenericItemDefinitionSO:facility-kit:1000, GenericItemDefinitionSO:facility-kit:1001, GenericItemDefinitionSO:facility-kit:1002, GenericItemDefinitionSO:facility-kit:1003, GenericItemDefinitionSO:facility-kit:1004, GenericItemDefinitionSO:facility-kit:1005, GenericItemDefinitionSO:facility-kit:1006, GenericItemDefinitionSO:facility-kit:1007, GenericItemDefinitionSO:facility-kit:1008 외 364개","생성 또는 거래·재고 입고·운반·보관·장착 또는 소비와 하류 주문 기록","과잉 재고·운반·보관·수리 또는 사용 시점 지연이 압력이 된다","실제 비교 후보·교역·재활용·수리·배급 조정 중 원본 기능에 맞는 경로로 재고 압력을 줄인다","설계 확정; 질량·가격·스택·부패·효과 수치는 source authority와 밸런스 기준서에서 별도 검증 OPEN"
"facility-kit:8883","가족실 칸막이 설치 키트","General (일반)","[{""rid"":7737211921623155635},{""rid"":7737211921623155636}]","해당 없음: GenericItemDefinitionSO","8","160","게임 내 역할은 시설 설치와 구성, 생산망의 입력·출력에 연결된다.","이 물자의 원본 기능을 위해 보관·운반·소비·거래 중 한 경로에 재고를 배정해 다른 사용처를 늦춘다","비교 후보(대체 가능성 미검증): GenericItemDefinitionSO:facility-kit:0, GenericItemDefinitionSO:facility-kit:1, GenericItemDefinitionSO:facility-kit:10, GenericItemDefinitionSO:facility-kit:1000, GenericItemDefinitionSO:facility-kit:1001, GenericItemDefinitionSO:facility-kit:1002, GenericItemDefinitionSO:facility-kit:1003, GenericItemDefinitionSO:facility-kit:1004, GenericItemDefinitionSO:facility-kit:1005, GenericItemDefinitionSO:facility-kit:1006, GenericItemDefinitionSO:facility-kit:1007, GenericItemDefinitionSO:facility-kit:1008 외 364개","생성 또는 거래·재고 입고·운반·보관·장착 또는 소비와 하류 주문 기록","과잉 재고·운반·보관·수리 또는 사용 시점 지연이 압력이 된다","실제 비교 후보·교역·재활용·수리·배급 조정 중 원본 기능에 맞는 경로로 재고 압력을 줄인다","설계 확정; 질량·가격·스택·부패·효과 수치는 source authority와 밸런스 기준서에서 별도 검증 OPEN"
"facility-kit:8884","보호자 등록소 설치 키트","General (일반)","[{""rid"":7737211921623155637},{""rid"":7737211921623155638}]","해당 없음: GenericItemDefinitionSO","8","120","게임 내 역할은 시설 설치와 구성, 생산망의 입력·출력에 연결된다.","이 물자의 원본 기능을 위해 보관·운반·소비·거래 중 한 경로에 재고를 배정해 다른 사용처를 늦춘다","비교 후보(대체 가능성 미검증): GenericItemDefinitionSO:facility-kit:0, GenericItemDefinitionSO:facility-kit:1, GenericItemDefinitionSO:facility-kit:10, GenericItemDefinitionSO:facility-kit:1000, GenericItemDefinitionSO:facility-kit:1001, GenericItemDefinitionSO:facility-kit:1002, GenericItemDefinitionSO:facility-kit:1003, GenericItemDefinitionSO:facility-kit:1004, GenericItemDefinitionSO:facility-kit:1005, GenericItemDefinitionSO:facility-kit:1006, GenericItemDefinitionSO:facility-kit:1007, GenericItemDefinitionSO:facility-kit:1008 외 364개","생성 또는 거래·재고 입고·운반·보관·장착 또는 소비와 하류 주문 기록","과잉 재고·운반·보관·수리 또는 사용 시점 지연이 압력이 된다","실제 비교 후보·교역·재활용·수리·배급 조정 중 원본 기능에 맞는 경로로 재고 압력을 줄인다","설계 확정; 질량·가격·스택·부패·효과 수치는 source authority와 밸런스 기준서에서 별도 검증 OPEN"
"facility-kit:8885","상담실 설치 키트","General (일반)","[{""rid"":7737211921623155639},{""rid"":7737211921623155640}]","해당 없음: GenericItemDefinitionSO","8","160","게임 내 역할은 시설 설치와 구성, 생산망의 입력·출력에 연결된다.","이 물자의 원본 기능을 위해 보관·운반·소비·거래 중 한 경로에 재고를 배정해 다른 사용처를 늦춘다","비교 후보(대체 가능성 미검증): GenericItemDefinitionSO:facility-kit:0, GenericItemDefinitionSO:facility-kit:1, GenericItemDefinitionSO:facility-kit:10, GenericItemDefinitionSO:facility-kit:1000, GenericItemDefinitionSO:facility-kit:1001, GenericItemDefinitionSO:facility-kit:1002, GenericItemDefinitionSO:facility-kit:1003, GenericItemDefinitionSO:facility-kit:1004, GenericItemDefinitionSO:facility-kit:1005, GenericItemDefinitionSO:facility-kit:1006, GenericItemDefinitionSO:facility-kit:1007, GenericItemDefinitionSO:facility-kit:1008 외 364개","생성 또는 거래·재고 입고·운반·보관·장착 또는 소비와 하류 주문 기록","과잉 재고·운반·보관·수리 또는 사용 시점 지연이 압력이 된다","실제 비교 후보·교역·재활용·수리·배급 조정 중 원본 기능에 맞는 경로로 재고 압력을 줄인다","설계 확정; 질량·가격·스택·부패·효과 수치는 source authority와 밸런스 기준서에서 별도 검증 OPEN"
"facility-kit:8886","시신 처리대 설치 키트","General (일반)","[{""rid"":7737211921623155641},{""rid"":7737211921623155642}]","해당 없음: GenericItemDefinitionSO","8","320","게임 내 역할은 시설 설치와 구성, 생산망의 입력·출력에 연결된다.","이 물자의 원본 기능을 위해 보관·운반·소비·거래 중 한 경로에 재고를 배정해 다른 사용처를 늦춘다","비교 후보(대체 가능성 미검증): GenericItemDefinitionSO:facility-kit:0, GenericItemDefinitionSO:facility-kit:1, GenericItemDefinitionSO:facility-kit:10, GenericItemDefinitionSO:facility-kit:1000, GenericItemDefinitionSO:facility-kit:1001, GenericItemDefinitionSO:facility-kit:1002, GenericItemDefinitionSO:facility-kit:1003, GenericItemDefinitionSO:facility-kit:1004, GenericItemDefinitionSO:facility-kit:1005, GenericItemDefinitionSO:facility-kit:1006, GenericItemDefinitionSO:facility-kit:1007, GenericItemDefinitionSO:facility-kit:1008 외 364개","생성 또는 거래·재고 입고·운반·보관·장착 또는 소비와 하류 주문 기록","과잉 재고·운반·보관·수리 또는 사용 시점 지연이 압력이 된다","실제 비교 후보·교역·재활용·수리·배급 조정 중 원본 기능에 맞는 경로로 재고 압력을 줄인다","설계 확정; 질량·가격·스택·부패·효과 수치는 source authority와 밸런스 기준서에서 별도 검증 OPEN"
"facility-kit:8887","추모실 설치 키트","General (일반)","[{""rid"":7737211921623155643},{""rid"":7737211921623155644}]","해당 없음: GenericItemDefinitionSO","8","160","게임 내 역할은 시설 설치와 구성, 생산망의 입력·출력에 연결된다.","이 물자의 원본 기능을 위해 보관·운반·소비·거래 중 한 경로에 재고를 배정해 다른 사용처를 늦춘다","비교 후보(대체 가능성 미검증): GenericItemDefinitionSO:facility-kit:0, GenericItemDefinitionSO:facility-kit:1, GenericItemDefinitionSO:facility-kit:10, GenericItemDefinitionSO:facility-kit:1000, GenericItemDefinitionSO:facility-kit:1001, GenericItemDefinitionSO:facility-kit:1002, GenericItemDefinitionSO:facility-kit:1003, GenericItemDefinitionSO:facility-kit:1004, GenericItemDefinitionSO:facility-kit:1005, GenericItemDefinitionSO:facility-kit:1006, GenericItemDefinitionSO:facility-kit:1007, GenericItemDefinitionSO:facility-kit:1008 외 364개","생성 또는 거래·재고 입고·운반·보관·장착 또는 소비와 하류 주문 기록","과잉 재고·운반·보관·수리 또는 사용 시점 지연이 압력이 된다","실제 비교 후보·교역·재활용·수리·배급 조정 중 원본 기능에 맞는 경로로 재고 압력을 줄인다","설계 확정; 질량·가격·스택·부패·효과 수치는 source authority와 밸런스 기준서에서 별도 검증 OPEN"
"facility-kit:8888","기후 지도실 설치 키트","General (일반)","[{""rid"":7737211921623155645},{""rid"":7737211921623155646}]","해당 없음: GenericItemDefinitionSO","8","420","게임 내 역할은 시설 설치와 구성, 생산망의 입력·출력에 연결된다.","이 물자의 원본 기능을 위해 보관·운반·소비·거래 중 한 경로에 재고를 배정해 다른 사용처를 늦춘다","비교 후보(대체 가능성 미검증): GenericItemDefinitionSO:facility-kit:0, GenericItemDefinitionSO:facility-kit:1, GenericItemDefinitionSO:facility-kit:10, GenericItemDefinitionSO:facility-kit:1000, GenericItemDefinitionSO:facility-kit:1001, GenericItemDefinitionSO:facility-kit:1002, GenericItemDefinitionSO:facility-kit:1003, GenericItemDefinitionSO:facility-kit:1004, GenericItemDefinitionSO:facility-kit:1005, GenericItemDefinitionSO:facility-kit:1006, GenericItemDefinitionSO:facility-kit:1007, GenericItemDefinitionSO:facility-kit:1008 외 364개","생성 또는 거래·재고 입고·운반·보관·장착 또는 소비와 하류 주문 기록","과잉 재고·운반·보관·수리 또는 사용 시점 지연이 압력이 된다","실제 비교 후보·교역·재활용·수리·배급 조정 중 원본 기능에 맞는 경로로 재고 압력을 줄인다","설계 확정; 질량·가격·스택·부패·효과 수치는 source authority와 밸런스 기준서에서 별도 검증 OPEN"
"facility-kit:8889","원정 천문시계실 설치 키트","General (일반)","[{""rid"":7737211921623155647},{""rid"":7737211921623155648}]","해당 없음: GenericItemDefinitionSO","8","650","게임 내 역할은 시설 설치와 구성, 생산망의 입력·출력에 연결된다.","이 물자의 원본 기능을 위해 보관·운반·소비·거래 중 한 경로에 재고를 배정해 다른 사용처를 늦춘다","비교 후보(대체 가능성 미검증): GenericItemDefinitionSO:facility-kit:0, GenericItemDefinitionSO:facility-kit:1, GenericItemDefinitionSO:facility-kit:10, GenericItemDefinitionSO:facility-kit:1000, GenericItemDefinitionSO:facility-kit:1001, GenericItemDefinitionSO:facility-kit:1002, GenericItemDefinitionSO:facility-kit:1003, GenericItemDefinitionSO:facility-kit:1004, GenericItemDefinitionSO:facility-kit:1005, GenericItemDefinitionSO:facility-kit:1006, GenericItemDefinitionSO:facility-kit:1007, GenericItemDefinitionSO:facility-kit:1008 외 364개","생성 또는 거래·재고 입고·운반·보관·장착 또는 소비와 하류 주문 기록","과잉 재고·운반·보관·수리 또는 사용 시점 지연이 압력이 된다","실제 비교 후보·교역·재활용·수리·배급 조정 중 원본 기능에 맞는 경로로 재고 압력을 줄인다","설계 확정; 질량·가격·스택·부패·효과 수치는 source authority와 밸런스 기준서에서 별도 검증 OPEN"
"facility-kit:8890","종자 선별대 설치 키트","General (일반)","[{""rid"":7737211921623155649},{""rid"":7737211921623155650}]","해당 없음: GenericItemDefinitionSO","8","220","게임 내 역할은 시설 설치와 구성, 생산망의 입력·출력에 연결된다.","이 물자의 원본 기능을 위해 보관·운반·소비·거래 중 한 경로에 재고를 배정해 다른 사용처를 늦춘다","비교 후보(대체 가능성 미검증): GenericItemDefinitionSO:facility-kit:0, GenericItemDefinitionSO:facility-kit:1, GenericItemDefinitionSO:facility-kit:10, GenericItemDefinitionSO:facility-kit:1000, GenericItemDefinitionSO:facility-kit:1001, GenericItemDefinitionSO:facility-kit:1002, GenericItemDefinitionSO:facility-kit:1003, GenericItemDefinitionSO:facility-kit:1004, GenericItemDefinitionSO:facility-kit:1005, GenericItemDefinitionSO:facility-kit:1006, GenericItemDefinitionSO:facility-kit:1007, GenericItemDefinitionSO:facility-kit:1008 외 364개","생성 또는 거래·재고 입고·운반·보관·장착 또는 소비와 하류 주문 기록","과잉 재고·운반·보관·수리 또는 사용 시점 지연이 압력이 된다","실제 비교 후보·교역·재활용·수리·배급 조정 중 원본 기능에 맞는 경로로 재고 압력을 줄인다","설계 확정; 질량·가격·스택·부패·효과 수치는 source authority와 밸런스 기준서에서 별도 검증 OPEN"
"facility-kit:8891","방제 조제대 설치 키트","General (일반)","[{""rid"":7737211921623155651},{""rid"":7737211921623155652}]","해당 없음: GenericItemDefinitionSO","8","220","게임 내 역할은 시설 설치와 구성, 생산망의 입력·출력에 연결된다.","이 물자의 원본 기능을 위해 보관·운반·소비·거래 중 한 경로에 재고를 배정해 다른 사용처를 늦춘다","비교 후보(대체 가능성 미검증): GenericItemDefinitionSO:facility-kit:0, GenericItemDefinitionSO:facility-kit:1, GenericItemDefinitionSO:facility-kit:10, GenericItemDefinitionSO:facility-kit:1000, GenericItemDefinitionSO:facility-kit:1001, GenericItemDefinitionSO:facility-kit:1002, GenericItemDefinitionSO:facility-kit:1003, GenericItemDefinitionSO:facility-kit:1004, GenericItemDefinitionSO:facility-kit:1005, GenericItemDefinitionSO:facility-kit:1006, GenericItemDefinitionSO:facility-kit:1007, GenericItemDefinitionSO:facility-kit:1008 외 364개","생성 또는 거래·재고 입고·운반·보관·장착 또는 소비와 하류 주문 기록","과잉 재고·운반·보관·수리 또는 사용 시점 지연이 압력이 된다","실제 비교 후보·교역·재활용·수리·배급 조정 중 원본 기능에 맞는 경로로 재고 압력을 줄인다","설계 확정; 질량·가격·스택·부패·효과 수치는 source authority와 밸런스 기준서에서 별도 검증 OPEN"
"facility-kit:8892","작물 병리실 설치 키트","General (일반)","[{""rid"":7737211921623155653},{""rid"":7737211921623155654}]","해당 없음: GenericItemDefinitionSO","8","320","게임 내 역할은 시설 설치와 구성, 생산망의 입력·출력에 연결된다.","이 물자의 원본 기능을 위해 보관·운반·소비·거래 중 한 경로에 재고를 배정해 다른 사용처를 늦춘다","비교 후보(대체 가능성 미검증): GenericItemDefinitionSO:facility-kit:0, GenericItemDefinitionSO:facility-kit:1, GenericItemDefinitionSO:facility-kit:10, GenericItemDefinitionSO:facility-kit:1000, GenericItemDefinitionSO:facility-kit:1001, GenericItemDefinitionSO:facility-kit:1002, GenericItemDefinitionSO:facility-kit:1003, GenericItemDefinitionSO:facility-kit:1004, GenericItemDefinitionSO:facility-kit:1005, GenericItemDefinitionSO:facility-kit:1006, GenericItemDefinitionSO:facility-kit:1007, GenericItemDefinitionSO:facility-kit:1008 외 364개","생성 또는 거래·재고 입고·운반·보관·장착 또는 소비와 하류 주문 기록","과잉 재고·운반·보관·수리 또는 사용 시점 지연이 압력이 된다","실제 비교 후보·교역·재활용·수리·배급 조정 중 원본 기능에 맞는 경로로 재고 압력을 줄인다","설계 확정; 질량·가격·스택·부패·효과 수치는 source authority와 밸런스 기준서에서 별도 검증 OPEN"
"facility-kit:8893","육종 온실 설치 키트","General (일반)","[{""rid"":7737211921623155655},{""rid"":7737211921623155656}]","해당 없음: GenericItemDefinitionSO","8","260","게임 내 역할은 시설 설치와 구성, 생산망의 입력·출력에 연결된다.","이 물자의 원본 기능을 위해 보관·운반·소비·거래 중 한 경로에 재고를 배정해 다른 사용처를 늦춘다","비교 후보(대체 가능성 미검증): GenericItemDefinitionSO:facility-kit:0, GenericItemDefinitionSO:facility-kit:1, GenericItemDefinitionSO:facility-kit:10, GenericItemDefinitionSO:facility-kit:1000, GenericItemDefinitionSO:facility-kit:1001, GenericItemDefinitionSO:facility-kit:1002, GenericItemDefinitionSO:facility-kit:1003, GenericItemDefinitionSO:facility-kit:1004, GenericItemDefinitionSO:facility-kit:1005, GenericItemDefinitionSO:facility-kit:1006, GenericItemDefinitionSO:facility-kit:1007, GenericItemDefinitionSO:facility-kit:1008 외 364개","생성 또는 거래·재고 입고·운반·보관·장착 또는 소비와 하류 주문 기록","과잉 재고·운반·보관·수리 또는 사용 시점 지연이 압력이 된다","실제 비교 후보·교역·재활용·수리·배급 조정 중 원본 기능에 맞는 경로로 재고 압력을 줄인다","설계 확정; 질량·가격·스택·부패·효과 수치는 source authority와 밸런스 기준서에서 별도 검증 OPEN"
"facility-kit:8894","경력 기록대 설치 키트","General (일반)","[{""rid"":7737211921623155657},{""rid"":7737211921623155658}]","해당 없음: GenericItemDefinitionSO","8","120","게임 내 역할은 시설 설치와 구성, 생산망의 입력·출력에 연결된다.","이 물자의 원본 기능을 위해 보관·운반·소비·거래 중 한 경로에 재고를 배정해 다른 사용처를 늦춘다","비교 후보(대체 가능성 미검증): GenericItemDefinitionSO:facility-kit:0, GenericItemDefinitionSO:facility-kit:1, GenericItemDefinitionSO:facility-kit:10, GenericItemDefinitionSO:facility-kit:1000, GenericItemDefinitionSO:facility-kit:1001, GenericItemDefinitionSO:facility-kit:1002, GenericItemDefinitionSO:facility-kit:1003, GenericItemDefinitionSO:facility-kit:1004, GenericItemDefinitionSO:facility-kit:1005, GenericItemDefinitionSO:facility-kit:1006, GenericItemDefinitionSO:facility-kit:1007, GenericItemDefinitionSO:facility-kit:1008 외 364개","생성 또는 거래·재고 입고·운반·보관·장착 또는 소비와 하류 주문 기록","과잉 재고·운반·보관·수리 또는 사용 시점 지연이 압력이 된다","실제 비교 후보·교역·재활용·수리·배급 조정 중 원본 기능에 맞는 경로로 재고 압력을 줄인다","설계 확정; 질량·가격·스택·부패·효과 수치는 source authority와 밸런스 기준서에서 별도 검증 OPEN"
"facility-kit:8895","은퇴자 휴게실 설치 키트","General (일반)","[{""rid"":7737211921623155659},{""rid"":7737211921623155660}]","해당 없음: GenericItemDefinitionSO","8","160","게임 내 역할은 시설 설치와 구성, 생산망의 입력·출력에 연결된다.","이 물자의 원본 기능을 위해 보관·운반·소비·거래 중 한 경로에 재고를 배정해 다른 사용처를 늦춘다","비교 후보(대체 가능성 미검증): GenericItemDefinitionSO:facility-kit:0, GenericItemDefinitionSO:facility-kit:1, GenericItemDefinitionSO:facility-kit:10, GenericItemDefinitionSO:facility-kit:1000, GenericItemDefinitionSO:facility-kit:1001, GenericItemDefinitionSO:facility-kit:1002, GenericItemDefinitionSO:facility-kit:1003, GenericItemDefinitionSO:facility-kit:1004, GenericItemDefinitionSO:facility-kit:1005, GenericItemDefinitionSO:facility-kit:1006, GenericItemDefinitionSO:facility-kit:1007, GenericItemDefinitionSO:facility-kit:1008 외 364개","생성 또는 거래·재고 입고·운반·보관·장착 또는 소비와 하류 주문 기록","과잉 재고·운반·보관·수리 또는 사용 시점 지연이 압력이 된다","실제 비교 후보·교역·재활용·수리·배급 조정 중 원본 기능에 맞는 경로로 재고 압력을 줄인다","설계 확정; 질량·가격·스택·부패·효과 수치는 source authority와 밸런스 기준서에서 별도 검증 OPEN"
"facility-kit:8896","멘토 학원 설치 키트","General (일반)","[{""rid"":7737211921623155661},{""rid"":7737211921623155662}]","해당 없음: GenericItemDefinitionSO","8","160","게임 내 역할은 시설 설치와 구성, 생산망의 입력·출력에 연결된다.","이 물자의 원본 기능을 위해 보관·운반·소비·거래 중 한 경로에 재고를 배정해 다른 사용처를 늦춘다","비교 후보(대체 가능성 미검증): GenericItemDefinitionSO:facility-kit:0, GenericItemDefinitionSO:facility-kit:1, GenericItemDefinitionSO:facility-kit:10, GenericItemDefinitionSO:facility-kit:1000, GenericItemDefinitionSO:facility-kit:1001, GenericItemDefinitionSO:facility-kit:1002, GenericItemDefinitionSO:facility-kit:1003, GenericItemDefinitionSO:facility-kit:1004, GenericItemDefinitionSO:facility-kit:1005, GenericItemDefinitionSO:facility-kit:1006, GenericItemDefinitionSO:facility-kit:1007, GenericItemDefinitionSO:facility-kit:1008 외 364개","생성 또는 거래·재고 입고·운반·보관·장착 또는 소비와 하류 주문 기록","과잉 재고·운반·보관·수리 또는 사용 시점 지연이 압력이 된다","실제 비교 후보·교역·재활용·수리·배급 조정 중 원본 기능에 맞는 경로로 재고 압력을 줄인다","설계 확정; 질량·가격·스택·부패·효과 수치는 source authority와 밸런스 기준서에서 별도 검증 OPEN"
"facility-kit:8897","공명 조율실 설치 키트","General (일반)","[{""rid"":7737211921623155663},{""rid"":7737211921623155664}]","해당 없음: GenericItemDefinitionSO","8","650","게임 내 역할은 시설 설치와 구성, 생산망의 입력·출력에 연결된다.","이 물자의 원본 기능을 위해 보관·운반·소비·거래 중 한 경로에 재고를 배정해 다른 사용처를 늦춘다","비교 후보(대체 가능성 미검증): GenericItemDefinitionSO:facility-kit:0, GenericItemDefinitionSO:facility-kit:1, GenericItemDefinitionSO:facility-kit:10, GenericItemDefinitionSO:facility-kit:1000, GenericItemDefinitionSO:facility-kit:1001, GenericItemDefinitionSO:facility-kit:1002, GenericItemDefinitionSO:facility-kit:1003, GenericItemDefinitionSO:facility-kit:1004, GenericItemDefinitionSO:facility-kit:1005, GenericItemDefinitionSO:facility-kit:1006, GenericItemDefinitionSO:facility-kit:1007, GenericItemDefinitionSO:facility-kit:1008 외 364개","생성 또는 거래·재고 입고·운반·보관·장착 또는 소비와 하류 주문 기록","과잉 재고·운반·보관·수리 또는 사용 시점 지연이 압력이 된다","실제 비교 후보·교역·재활용·수리·배급 조정 중 원본 기능에 맞는 경로로 재고 압력을 줄인다","설계 확정; 질량·가격·스택·부패·효과 수치는 source authority와 밸런스 기준서에서 별도 검증 OPEN"
"facility-kit:8898","보안 거래 금고 설치 키트","General (일반)","[{""rid"":7737211921623155665},{""rid"":7737211921623155666}]","해당 없음: GenericItemDefinitionSO","8","420","게임 내 역할은 시설 설치와 구성, 생산망의 입력·출력에 연결된다.","이 물자의 원본 기능을 위해 보관·운반·소비·거래 중 한 경로에 재고를 배정해 다른 사용처를 늦춘다","비교 후보(대체 가능성 미검증): GenericItemDefinitionSO:facility-kit:0, GenericItemDefinitionSO:facility-kit:1, GenericItemDefinitionSO:facility-kit:10, GenericItemDefinitionSO:facility-kit:1000, GenericItemDefinitionSO:facility-kit:1001, GenericItemDefinitionSO:facility-kit:1002, GenericItemDefinitionSO:facility-kit:1003, GenericItemDefinitionSO:facility-kit:1004, GenericItemDefinitionSO:facility-kit:1005, GenericItemDefinitionSO:facility-kit:1006, GenericItemDefinitionSO:facility-kit:1007, GenericItemDefinitionSO:facility-kit:1008 외 364개","생성 또는 거래·재고 입고·운반·보관·장착 또는 소비와 하류 주문 기록","과잉 재고·운반·보관·수리 또는 사용 시점 지연이 압력이 된다","실제 비교 후보·교역·재활용·수리·배급 조정 중 원본 기능에 맞는 경로로 재고 압력을 줄인다","설계 확정; 질량·가격·스택·부패·효과 수치는 source authority와 밸런스 기준서에서 별도 검증 OPEN"
"facility-kit:8899","방어 제어반 설치 키트","General (일반)","[{""rid"":7737211921623155667},{""rid"":7737211921623155668}]","해당 없음: GenericItemDefinitionSO","8","420","게임 내 역할은 시설 설치와 구성, 생산망의 입력·출력에 연결된다.","이 물자의 원본 기능을 위해 보관·운반·소비·거래 중 한 경로에 재고를 배정해 다른 사용처를 늦춘다","비교 후보(대체 가능성 미검증): GenericItemDefinitionSO:facility-kit:0, GenericItemDefinitionSO:facility-kit:1, GenericItemDefinitionSO:facility-kit:10, GenericItemDefinitionSO:facility-kit:1000, GenericItemDefinitionSO:facility-kit:1001, GenericItemDefinitionSO:facility-kit:1002, GenericItemDefinitionSO:facility-kit:1003, GenericItemDefinitionSO:facility-kit:1004, GenericItemDefinitionSO:facility-kit:1005, GenericItemDefinitionSO:facility-kit:1006, GenericItemDefinitionSO:facility-kit:1007, GenericItemDefinitionSO:facility-kit:1008 외 364개","생성 또는 거래·재고 입고·운반·보관·장착 또는 소비와 하류 주문 기록","과잉 재고·운반·보관·수리 또는 사용 시점 지연이 압력이 된다","실제 비교 후보·교역·재활용·수리·배급 조정 중 원본 기능에 맞는 경로로 재고 압력을 줄인다","설계 확정; 질량·가격·스택·부패·효과 수치는 source authority와 밸런스 기준서에서 별도 검증 OPEN"
"facility-kit:8900","탄도 시험장 설치 키트","General (일반)","[{""rid"":7737211921623155669},{""rid"":7737211921623155670}]","해당 없음: GenericItemDefinitionSO","8","420","게임 내 역할은 시설 설치와 구성, 생산망의 입력·출력에 연결된다.","이 물자의 원본 기능을 위해 보관·운반·소비·거래 중 한 경로에 재고를 배정해 다른 사용처를 늦춘다","비교 후보(대체 가능성 미검증): GenericItemDefinitionSO:facility-kit:0, GenericItemDefinitionSO:facility-kit:1, GenericItemDefinitionSO:facility-kit:10, GenericItemDefinitionSO:facility-kit:1000, GenericItemDefinitionSO:facility-kit:1001, GenericItemDefinitionSO:facility-kit:1002, GenericItemDefinitionSO:facility-kit:1003, GenericItemDefinitionSO:facility-kit:1004, GenericItemDefinitionSO:facility-kit:1005, GenericItemDefinitionSO:facility-kit:1006, GenericItemDefinitionSO:facility-kit:1007, GenericItemDefinitionSO:facility-kit:1008 외 364개","생성 또는 거래·재고 입고·운반·보관·장착 또는 소비와 하류 주문 기록","과잉 재고·운반·보관·수리 또는 사용 시점 지연이 압력이 된다","실제 비교 후보·교역·재활용·수리·배급 조정 중 원본 기능에 맞는 경로로 재고 압력을 줄인다","설계 확정; 질량·가격·스택·부패·효과 수치는 source authority와 밸런스 기준서에서 별도 검증 OPEN"
"facility-kit:8901","흑강 주조 보조로 설치 키트","General (일반)","[{""rid"":7737211921623155671},{""rid"":7737211921623155672}]","해당 없음: GenericItemDefinitionSO","8","420","게임 내 역할은 시설 설치와 구성, 생산망의 입력·출력에 연결된다.","이 물자의 원본 기능을 위해 보관·운반·소비·거래 중 한 경로에 재고를 배정해 다른 사용처를 늦춘다","비교 후보(대체 가능성 미검증): GenericItemDefinitionSO:facility-kit:0, GenericItemDefinitionSO:facility-kit:1, GenericItemDefinitionSO:facility-kit:10, GenericItemDefinitionSO:facility-kit:1000, GenericItemDefinitionSO:facility-kit:1001, GenericItemDefinitionSO:facility-kit:1002, GenericItemDefinitionSO:facility-kit:1003, GenericItemDefinitionSO:facility-kit:1004, GenericItemDefinitionSO:facility-kit:1005, GenericItemDefinitionSO:facility-kit:1006, GenericItemDefinitionSO:facility-kit:1007, GenericItemDefinitionSO:facility-kit:1008 외 364개","생성 또는 거래·재고 입고·운반·보관·장착 또는 소비와 하류 주문 기록","과잉 재고·운반·보관·수리 또는 사용 시점 지연이 압력이 된다","실제 비교 후보·교역·재활용·수리·배급 조정 중 원본 기능에 맞는 경로로 재고 압력을 줄인다","설계 확정; 질량·가격·스택·부패·효과 수치는 source authority와 밸런스 기준서에서 별도 검증 OPEN"
"facility-kit:9201","진실 관측소 설치 키트","General (일반)","[{""rid"":7737211921623155673},{""rid"":7737211921623155674}]","해당 없음: GenericItemDefinitionSO","8","1","게임 내 역할은 시설 설치와 구성, 생산망의 입력·출력에 연결된다.","이 물자의 원본 기능을 위해 보관·운반·소비·거래 중 한 경로에 재고를 배정해 다른 사용처를 늦춘다","비교 후보(대체 가능성 미검증): GenericItemDefinitionSO:facility-kit:0, GenericItemDefinitionSO:facility-kit:1, GenericItemDefinitionSO:facility-kit:10, GenericItemDefinitionSO:facility-kit:1000, GenericItemDefinitionSO:facility-kit:1001, GenericItemDefinitionSO:facility-kit:1002, GenericItemDefinitionSO:facility-kit:1003, GenericItemDefinitionSO:facility-kit:1004, GenericItemDefinitionSO:facility-kit:1005, GenericItemDefinitionSO:facility-kit:1006, GenericItemDefinitionSO:facility-kit:1007, GenericItemDefinitionSO:facility-kit:1008 외 364개","생성 또는 거래·재고 입고·운반·보관·장착 또는 소비와 하류 주문 기록","과잉 재고·운반·보관·수리 또는 사용 시점 지연이 압력이 된다","실제 비교 후보·교역·재활용·수리·배급 조정 중 원본 기능에 맞는 경로로 재고 압력을 줄인다","설계 확정; 질량·가격·스택·부패·효과 수치는 source authority와 밸런스 기준서에서 별도 검증 OPEN"
"facility-kit:9202","대협약 회당 설치 키트","General (일반)","[{""rid"":7737211921623155675},{""rid"":7737211921623155676}]","해당 없음: GenericItemDefinitionSO","8","1","게임 내 역할은 시설 설치와 구성, 생산망의 입력·출력에 연결된다.","이 물자의 원본 기능을 위해 보관·운반·소비·거래 중 한 경로에 재고를 배정해 다른 사용처를 늦춘다","비교 후보(대체 가능성 미검증): GenericItemDefinitionSO:facility-kit:0, GenericItemDefinitionSO:facility-kit:1, GenericItemDefinitionSO:facility-kit:10, GenericItemDefinitionSO:facility-kit:1000, GenericItemDefinitionSO:facility-kit:1001, GenericItemDefinitionSO:facility-kit:1002, GenericItemDefinitionSO:facility-kit:1003, GenericItemDefinitionSO:facility-kit:1004, GenericItemDefinitionSO:facility-kit:1005, GenericItemDefinitionSO:facility-kit:1006, GenericItemDefinitionSO:facility-kit:1007, GenericItemDefinitionSO:facility-kit:1008 외 364개","생성 또는 거래·재고 입고·운반·보관·장착 또는 소비와 하류 주문 기록","과잉 재고·운반·보관·수리 또는 사용 시점 지연이 압력이 된다","실제 비교 후보·교역·재활용·수리·배급 조정 중 원본 기능에 맞는 경로로 재고 압력을 줄인다","설계 확정; 질량·가격·스택·부패·효과 수치는 source authority와 밸런스 기준서에서 별도 검증 OPEN"
"facility-kit:9203","지상 패권문 설치 키트","General (일반)","[{""rid"":7737211921623155677},{""rid"":7737211921623155678}]","해당 없음: GenericItemDefinitionSO","8","1","게임 내 역할은 시설 설치와 구성, 생산망의 입력·출력에 연결된다.","이 물자의 원본 기능을 위해 보관·운반·소비·거래 중 한 경로에 재고를 배정해 다른 사용처를 늦춘다","비교 후보(대체 가능성 미검증): GenericItemDefinitionSO:facility-kit:0, GenericItemDefinitionSO:facility-kit:1, GenericItemDefinitionSO:facility-kit:10, GenericItemDefinitionSO:facility-kit:1000, GenericItemDefinitionSO:facility-kit:1001, GenericItemDefinitionSO:facility-kit:1002, GenericItemDefinitionSO:facility-kit:1003, GenericItemDefinitionSO:facility-kit:1004, GenericItemDefinitionSO:facility-kit:1005, GenericItemDefinitionSO:facility-kit:1006, GenericItemDefinitionSO:facility-kit:1007, GenericItemDefinitionSO:facility-kit:1008 외 364개","생성 또는 거래·재고 입고·운반·보관·장착 또는 소비와 하류 주문 기록","과잉 재고·운반·보관·수리 또는 사용 시점 지연이 압력이 된다","실제 비교 후보·교역·재활용·수리·배급 조정 중 원본 기능에 맞는 경로로 재고 압력을 줄인다","설계 확정; 질량·가격·스택·부패·효과 수치는 source authority와 밸런스 기준서에서 별도 검증 OPEN"
"facility-kit:9204","주권 성채 설치 키트","General (일반)","[{""rid"":7737211921623155679},{""rid"":7737211921623155680}]","해당 없음: GenericItemDefinitionSO","8","1","게임 내 역할은 시설 설치와 구성, 생산망의 입력·출력에 연결된다.","이 물자의 원본 기능을 위해 보관·운반·소비·거래 중 한 경로에 재고를 배정해 다른 사용처를 늦춘다","비교 후보(대체 가능성 미검증): GenericItemDefinitionSO:facility-kit:0, GenericItemDefinitionSO:facility-kit:1, GenericItemDefinitionSO:facility-kit:10, GenericItemDefinitionSO:facility-kit:1000, GenericItemDefinitionSO:facility-kit:1001, GenericItemDefinitionSO:facility-kit:1002, GenericItemDefinitionSO:facility-kit:1003, GenericItemDefinitionSO:facility-kit:1004, GenericItemDefinitionSO:facility-kit:1005, GenericItemDefinitionSO:facility-kit:1006, GenericItemDefinitionSO:facility-kit:1007, GenericItemDefinitionSO:facility-kit:1008 외 364개","생성 또는 거래·재고 입고·운반·보관·장착 또는 소비와 하류 주문 기록","과잉 재고·운반·보관·수리 또는 사용 시점 지연이 압력이 된다","실제 비교 후보·교역·재활용·수리·배급 조정 중 원본 기능에 맞는 경로로 재고 압력을 줄인다","설계 확정; 질량·가격·스택·부패·효과 수치는 source authority와 밸런스 기준서에서 별도 검증 OPEN"
"facility-kit:9205","봉인 생태정원 설치 키트","General (일반)","[{""rid"":7737211921623155681},{""rid"":7737211921623155682}]","해당 없음: GenericItemDefinitionSO","8","1","게임 내 역할은 시설 설치와 구성, 생산망의 입력·출력에 연결된다.","이 물자의 원본 기능을 위해 보관·운반·소비·거래 중 한 경로에 재고를 배정해 다른 사용처를 늦춘다","비교 후보(대체 가능성 미검증): GenericItemDefinitionSO:facility-kit:0, GenericItemDefinitionSO:facility-kit:1, GenericItemDefinitionSO:facility-kit:10, GenericItemDefinitionSO:facility-kit:1000, GenericItemDefinitionSO:facility-kit:1001, GenericItemDefinitionSO:facility-kit:1002, GenericItemDefinitionSO:facility-kit:1003, GenericItemDefinitionSO:facility-kit:1004, GenericItemDefinitionSO:facility-kit:1005, GenericItemDefinitionSO:facility-kit:1006, GenericItemDefinitionSO:facility-kit:1007, GenericItemDefinitionSO:facility-kit:1008 외 364개","생성 또는 거래·재고 입고·운반·보관·장착 또는 소비와 하류 주문 기록","과잉 재고·운반·보관·수리 또는 사용 시점 지연이 압력이 된다","실제 비교 후보·교역·재활용·수리·배급 조정 중 원본 기능에 맞는 경로로 재고 압력을 줄인다","설계 확정; 질량·가격·스택·부패·효과 수치는 source authority와 밸런스 기준서에서 별도 검증 OPEN"
"facility-kit:9206","영원 계보전 설치 키트","General (일반)","[{""rid"":7737211921623155683},{""rid"":7737211921623155684}]","해당 없음: GenericItemDefinitionSO","8","1","게임 내 역할은 시설 설치와 구성, 생산망의 입력·출력에 연결된다.","이 물자의 원본 기능을 위해 보관·운반·소비·거래 중 한 경로에 재고를 배정해 다른 사용처를 늦춘다","비교 후보(대체 가능성 미검증): GenericItemDefinitionSO:facility-kit:0, GenericItemDefinitionSO:facility-kit:1, GenericItemDefinitionSO:facility-kit:10, GenericItemDefinitionSO:facility-kit:1000, GenericItemDefinitionSO:facility-kit:1001, GenericItemDefinitionSO:facility-kit:1002, GenericItemDefinitionSO:facility-kit:1003, GenericItemDefinitionSO:facility-kit:1004, GenericItemDefinitionSO:facility-kit:1005, GenericItemDefinitionSO:facility-kit:1006, GenericItemDefinitionSO:facility-kit:1007, GenericItemDefinitionSO:facility-kit:1008 외 364개","생성 또는 거래·재고 입고·운반·보관·장착 또는 소비와 하류 주문 기록","과잉 재고·운반·보관·수리 또는 사용 시점 지연이 압력이 된다","실제 비교 후보·교역·재활용·수리·배급 조정 중 원본 기능에 맞는 경로로 재고 압력을 줄인다","설계 확정; 질량·가격·스택·부패·효과 수치는 source authority와 밸런스 기준서에서 별도 검증 OPEN"
"facility-kit:9207","시간 고정 성소 설치 키트","General (일반)","[{""rid"":7737211921623155685},{""rid"":7737211921623155686}]","해당 없음: GenericItemDefinitionSO","8","1","게임 내 역할은 시설 설치와 구성, 생산망의 입력·출력에 연결된다.","이 물자의 원본 기능을 위해 보관·운반·소비·거래 중 한 경로에 재고를 배정해 다른 사용처를 늦춘다","비교 후보(대체 가능성 미검증): GenericItemDefinitionSO:facility-kit:0, GenericItemDefinitionSO:facility-kit:1, GenericItemDefinitionSO:facility-kit:10, GenericItemDefinitionSO:facility-kit:1000, GenericItemDefinitionSO:facility-kit:1001, GenericItemDefinitionSO:facility-kit:1002, GenericItemDefinitionSO:facility-kit:1003, GenericItemDefinitionSO:facility-kit:1004, GenericItemDefinitionSO:facility-kit:1005, GenericItemDefinitionSO:facility-kit:1006, GenericItemDefinitionSO:facility-kit:1007, GenericItemDefinitionSO:facility-kit:1008 외 364개","생성 또는 거래·재고 입고·운반·보관·장착 또는 소비와 하류 주문 기록","과잉 재고·운반·보관·수리 또는 사용 시점 지연이 압력이 된다","실제 비교 후보·교역·재활용·수리·배급 조정 중 원본 기능에 맞는 경로로 재고 압력을 줄인다","설계 확정; 질량·가격·스택·부패·효과 수치는 source authority와 밸런스 기준서에서 별도 검증 OPEN"
"facility-kit:9208","비전 승천탑 설치 키트","General (일반)","[{""rid"":7737211921623155687},{""rid"":7737211921623155688}]","해당 없음: GenericItemDefinitionSO","8","1","게임 내 역할은 시설 설치와 구성, 생산망의 입력·출력에 연결된다.","이 물자의 원본 기능을 위해 보관·운반·소비·거래 중 한 경로에 재고를 배정해 다른 사용처를 늦춘다","비교 후보(대체 가능성 미검증): GenericItemDefinitionSO:facility-kit:0, GenericItemDefinitionSO:facility-kit:1, GenericItemDefinitionSO:facility-kit:10, GenericItemDefinitionSO:facility-kit:1000, GenericItemDefinitionSO:facility-kit:1001, GenericItemDefinitionSO:facility-kit:1002, GenericItemDefinitionSO:facility-kit:1003, GenericItemDefinitionSO:facility-kit:1004, GenericItemDefinitionSO:facility-kit:1005, GenericItemDefinitionSO:facility-kit:1006, GenericItemDefinitionSO:facility-kit:1007, GenericItemDefinitionSO:facility-kit:1008 외 364개","생성 또는 거래·재고 입고·운반·보관·장착 또는 소비와 하류 주문 기록","과잉 재고·운반·보관·수리 또는 사용 시점 지연이 압력이 된다","실제 비교 후보·교역·재활용·수리·배급 조정 중 원본 기능에 맞는 경로로 재고 압력을 줄인다","설계 확정; 질량·가격·스택·부패·효과 수치는 source authority와 밸런스 기준서에서 별도 검증 OPEN"
"facility-kit:9209","강철 신격상 설치 키트","General (일반)","[{""rid"":7737211921623155689},{""rid"":7737211921623155690}]","해당 없음: GenericItemDefinitionSO","8","1","게임 내 역할은 시설 설치와 구성, 생산망의 입력·출력에 연결된다.","이 물자의 원본 기능을 위해 보관·운반·소비·거래 중 한 경로에 재고를 배정해 다른 사용처를 늦춘다","비교 후보(대체 가능성 미검증): GenericItemDefinitionSO:facility-kit:0, GenericItemDefinitionSO:facility-kit:1, GenericItemDefinitionSO:facility-kit:10, GenericItemDefinitionSO:facility-kit:1000, GenericItemDefinitionSO:facility-kit:1001, GenericItemDefinitionSO:facility-kit:1002, GenericItemDefinitionSO:facility-kit:1003, GenericItemDefinitionSO:facility-kit:1004, GenericItemDefinitionSO:facility-kit:1005, GenericItemDefinitionSO:facility-kit:1006, GenericItemDefinitionSO:facility-kit:1007, GenericItemDefinitionSO:facility-kit:1008 외 364개","생성 또는 거래·재고 입고·운반·보관·장착 또는 소비와 하류 주문 기록","과잉 재고·운반·보관·수리 또는 사용 시점 지연이 압력이 된다","실제 비교 후보·교역·재활용·수리·배급 조정 중 원본 기능에 맞는 경로로 재고 압력을 줄인다","설계 확정; 질량·가격·스택·부패·효과 수치는 source authority와 밸런스 기준서에서 별도 검증 OPEN"
"facility-kit:9301","재단·재봉 작업대 설치 키트","General (일반)","[{""rid"":7737211921623155691},{""rid"":7737211921623155692}]","해당 없음: GenericItemDefinitionSO","8","1","게임 내 역할은 시설 설치와 구성, 생산망의 입력·출력에 연결된다.","이 물자의 원본 기능을 위해 보관·운반·소비·거래 중 한 경로에 재고를 배정해 다른 사용처를 늦춘다","비교 후보(대체 가능성 미검증): GenericItemDefinitionSO:facility-kit:0, GenericItemDefinitionSO:facility-kit:1, GenericItemDefinitionSO:facility-kit:10, GenericItemDefinitionSO:facility-kit:1000, GenericItemDefinitionSO:facility-kit:1001, GenericItemDefinitionSO:facility-kit:1002, GenericItemDefinitionSO:facility-kit:1003, GenericItemDefinitionSO:facility-kit:1004, GenericItemDefinitionSO:facility-kit:1005, GenericItemDefinitionSO:facility-kit:1006, GenericItemDefinitionSO:facility-kit:1007, GenericItemDefinitionSO:facility-kit:1008 외 364개","생성 또는 거래·재고 입고·운반·보관·장착 또는 소비와 하류 주문 기록","과잉 재고·운반·보관·수리 또는 사용 시점 지연이 압력이 된다","실제 비교 후보·교역·재활용·수리·배급 조정 중 원본 기능에 맞는 경로로 재고 압력을 줄인다","설계 확정; 질량·가격·스택·부패·효과 수치는 source authority와 밸런스 기준서에서 별도 검증 OPEN"
"facility-kit:9302","문양·장식 작업대 설치 키트","General (일반)","[{""rid"":7737211921623155693},{""rid"":7737211921623155694}]","해당 없음: GenericItemDefinitionSO","8","1","게임 내 역할은 시설 설치와 구성, 생산망의 입력·출력에 연결된다.","이 물자의 원본 기능을 위해 보관·운반·소비·거래 중 한 경로에 재고를 배정해 다른 사용처를 늦춘다","비교 후보(대체 가능성 미검증): GenericItemDefinitionSO:facility-kit:0, GenericItemDefinitionSO:facility-kit:1, GenericItemDefinitionSO:facility-kit:10, GenericItemDefinitionSO:facility-kit:1000, GenericItemDefinitionSO:facility-kit:1001, GenericItemDefinitionSO:facility-kit:1002, GenericItemDefinitionSO:facility-kit:1003, GenericItemDefinitionSO:facility-kit:1004, GenericItemDefinitionSO:facility-kit:1005, GenericItemDefinitionSO:facility-kit:1006, GenericItemDefinitionSO:facility-kit:1007, GenericItemDefinitionSO:facility-kit:1008 외 364개","생성 또는 거래·재고 입고·운반·보관·장착 또는 소비와 하류 주문 기록","과잉 재고·운반·보관·수리 또는 사용 시점 지연이 압력이 된다","실제 비교 후보·교역·재활용·수리·배급 조정 중 원본 기능에 맞는 경로로 재고 압력을 줄인다","설계 확정; 질량·가격·스택·부패·효과 수치는 source authority와 밸런스 기준서에서 별도 검증 OPEN"
"facility-kit:9303","손세탁 수조 설치 키트","General (일반)","[{""rid"":7737211921623155695},{""rid"":7737211921623155696}]","해당 없음: GenericItemDefinitionSO","8","1","게임 내 역할은 시설 설치와 구성, 생산망의 입력·출력에 연결된다.","이 물자의 원본 기능을 위해 보관·운반·소비·거래 중 한 경로에 재고를 배정해 다른 사용처를 늦춘다","비교 후보(대체 가능성 미검증): GenericItemDefinitionSO:facility-kit:0, GenericItemDefinitionSO:facility-kit:1, GenericItemDefinitionSO:facility-kit:10, GenericItemDefinitionSO:facility-kit:1000, GenericItemDefinitionSO:facility-kit:1001, GenericItemDefinitionSO:facility-kit:1002, GenericItemDefinitionSO:facility-kit:1003, GenericItemDefinitionSO:facility-kit:1004, GenericItemDefinitionSO:facility-kit:1005, GenericItemDefinitionSO:facility-kit:1006, GenericItemDefinitionSO:facility-kit:1007, GenericItemDefinitionSO:facility-kit:1008 외 364개","생성 또는 거래·재고 입고·운반·보관·장착 또는 소비와 하류 주문 기록","과잉 재고·운반·보관·수리 또는 사용 시점 지연이 압력이 된다","실제 비교 후보·교역·재활용·수리·배급 조정 중 원본 기능에 맞는 경로로 재고 압력을 줄인다","설계 확정; 질량·가격·스택·부패·효과 수치는 source authority와 밸런스 기준서에서 별도 검증 OPEN"
"facility-kit:9304","실내 건조대 설치 키트","General (일반)","[{""rid"":7737211921623155697},{""rid"":7737211921623155698}]","해당 없음: GenericItemDefinitionSO","8","1","게임 내 역할은 시설 설치와 구성, 생산망의 입력·출력에 연결된다.","이 물자의 원본 기능을 위해 보관·운반·소비·거래 중 한 경로에 재고를 배정해 다른 사용처를 늦춘다","비교 후보(대체 가능성 미검증): GenericItemDefinitionSO:facility-kit:0, GenericItemDefinitionSO:facility-kit:1, GenericItemDefinitionSO:facility-kit:10, GenericItemDefinitionSO:facility-kit:1000, GenericItemDefinitionSO:facility-kit:1001, GenericItemDefinitionSO:facility-kit:1002, GenericItemDefinitionSO:facility-kit:1003, GenericItemDefinitionSO:facility-kit:1004, GenericItemDefinitionSO:facility-kit:1005, GenericItemDefinitionSO:facility-kit:1006, GenericItemDefinitionSO:facility-kit:1007, GenericItemDefinitionSO:facility-kit:1008 외 364개","생성 또는 거래·재고 입고·운반·보관·장착 또는 소비와 하류 주문 기록","과잉 재고·운반·보관·수리 또는 사용 시점 지연이 압력이 된다","실제 비교 후보·교역·재활용·수리·배급 조정 중 원본 기능에 맞는 경로로 재고 압력을 줄인다","설계 확정; 질량·가격·스택·부패·효과 수치는 source authority와 밸런스 기준서에서 별도 검증 OPEN"
"facility-kit:9305","동력 세탁·건조기 설치 키트","General (일반)","[{""rid"":7737211921623155699},{""rid"":7737211921623155700}]","해당 없음: GenericItemDefinitionSO","8","1","게임 내 역할은 시설 설치와 구성, 생산망의 입력·출력에 연결된다.","이 물자의 원본 기능을 위해 보관·운반·소비·거래 중 한 경로에 재고를 배정해 다른 사용처를 늦춘다","비교 후보(대체 가능성 미검증): GenericItemDefinitionSO:facility-kit:0, GenericItemDefinitionSO:facility-kit:1, GenericItemDefinitionSO:facility-kit:10, GenericItemDefinitionSO:facility-kit:1000, GenericItemDefinitionSO:facility-kit:1001, GenericItemDefinitionSO:facility-kit:1002, GenericItemDefinitionSO:facility-kit:1003, GenericItemDefinitionSO:facility-kit:1004, GenericItemDefinitionSO:facility-kit:1005, GenericItemDefinitionSO:facility-kit:1006, GenericItemDefinitionSO:facility-kit:1007, GenericItemDefinitionSO:facility-kit:1008 외 364개","생성 또는 거래·재고 입고·운반·보관·장착 또는 소비와 하류 주문 기록","과잉 재고·운반·보관·수리 또는 사용 시점 지연이 압력이 된다","실제 비교 후보·교역·재활용·수리·배급 조정 중 원본 기능에 맞는 경로로 재고 압력을 줄인다","설계 확정; 질량·가격·스택·부패·효과 수치는 source authority와 밸런스 기준서에서 별도 검증 OPEN"
"facility-kit:9306","의복 진열대 설치 키트","General (일반)","[{""rid"":7737211921623155701},{""rid"":7737211921623155702}]","해당 없음: GenericItemDefinitionSO","8","1","게임 내 역할은 시설 설치와 구성, 생산망의 입력·출력에 연결된다.","이 물자의 원본 기능을 위해 보관·운반·소비·거래 중 한 경로에 재고를 배정해 다른 사용처를 늦춘다","비교 후보(대체 가능성 미검증): GenericItemDefinitionSO:facility-kit:0, GenericItemDefinitionSO:facility-kit:1, GenericItemDefinitionSO:facility-kit:10, GenericItemDefinitionSO:facility-kit:1000, GenericItemDefinitionSO:facility-kit:1001, GenericItemDefinitionSO:facility-kit:1002, GenericItemDefinitionSO:facility-kit:1003, GenericItemDefinitionSO:facility-kit:1004, GenericItemDefinitionSO:facility-kit:1005, GenericItemDefinitionSO:facility-kit:1006, GenericItemDefinitionSO:facility-kit:1007, GenericItemDefinitionSO:facility-kit:1008 외 364개","생성 또는 거래·재고 입고·운반·보관·장착 또는 소비와 하류 주문 기록","과잉 재고·운반·보관·수리 또는 사용 시점 지연이 압력이 된다","실제 비교 후보·교역·재활용·수리·배급 조정 중 원본 기능에 맞는 경로로 재고 압력을 줄인다","설계 확정; 질량·가격·스택·부패·효과 수치는 source authority와 밸런스 기준서에서 별도 검증 OPEN"
"facility-kit:9307","탈의 칸막이 설치 키트","General (일반)","[{""rid"":7737211921623155703},{""rid"":7737211921623155704}]","해당 없음: GenericItemDefinitionSO","8","1","게임 내 역할은 시설 설치와 구성, 생산망의 입력·출력에 연결된다.","이 물자의 원본 기능을 위해 보관·운반·소비·거래 중 한 경로에 재고를 배정해 다른 사용처를 늦춘다","비교 후보(대체 가능성 미검증): GenericItemDefinitionSO:facility-kit:0, GenericItemDefinitionSO:facility-kit:1, GenericItemDefinitionSO:facility-kit:10, GenericItemDefinitionSO:facility-kit:1000, GenericItemDefinitionSO:facility-kit:1001, GenericItemDefinitionSO:facility-kit:1002, GenericItemDefinitionSO:facility-kit:1003, GenericItemDefinitionSO:facility-kit:1004, GenericItemDefinitionSO:facility-kit:1005, GenericItemDefinitionSO:facility-kit:1006, GenericItemDefinitionSO:facility-kit:1007, GenericItemDefinitionSO:facility-kit:1008 외 364개","생성 또는 거래·재고 입고·운반·보관·장착 또는 소비와 하류 주문 기록","과잉 재고·운반·보관·수리 또는 사용 시점 지연이 압력이 된다","실제 비교 후보·교역·재활용·수리·배급 조정 중 원본 기능에 맞는 경로로 재고 압력을 줄인다","설계 확정; 질량·가격·스택·부패·효과 수치는 source authority와 밸런스 기준서에서 별도 검증 OPEN"
"facility-kit:9308","수선 접수대 설치 키트","General (일반)","[{""rid"":7737211921623155705},{""rid"":7737211921623155706}]","해당 없음: GenericItemDefinitionSO","8","1","게임 내 역할은 시설 설치와 구성, 생산망의 입력·출력에 연결된다.","이 물자의 원본 기능을 위해 보관·운반·소비·거래 중 한 경로에 재고를 배정해 다른 사용처를 늦춘다","비교 후보(대체 가능성 미검증): GenericItemDefinitionSO:facility-kit:0, GenericItemDefinitionSO:facility-kit:1, GenericItemDefinitionSO:facility-kit:10, GenericItemDefinitionSO:facility-kit:1000, GenericItemDefinitionSO:facility-kit:1001, GenericItemDefinitionSO:facility-kit:1002, GenericItemDefinitionSO:facility-kit:1003, GenericItemDefinitionSO:facility-kit:1004, GenericItemDefinitionSO:facility-kit:1005, GenericItemDefinitionSO:facility-kit:1006, GenericItemDefinitionSO:facility-kit:1007, GenericItemDefinitionSO:facility-kit:1008 외 364개","생성 또는 거래·재고 입고·운반·보관·장착 또는 소비와 하류 주문 기록","과잉 재고·운반·보관·수리 또는 사용 시점 지연이 압력이 된다","실제 비교 후보·교역·재활용·수리·배급 조정 중 원본 기능에 맞는 경로로 재고 압력을 줄인다","설계 확정; 질량·가격·스택·부패·효과 수치는 source authority와 밸런스 기준서에서 별도 검증 OPEN"
"facility-kit:9309","섬유 선별대 설치 키트","General (일반)","[{""rid"":7737211921623155707},{""rid"":7737211921623155708}]","해당 없음: GenericItemDefinitionSO","8","1","게임 내 역할은 시설 설치와 구성, 생산망의 입력·출력에 연결된다.","이 물자의 원본 기능을 위해 보관·운반·소비·거래 중 한 경로에 재고를 배정해 다른 사용처를 늦춘다","비교 후보(대체 가능성 미검증): GenericItemDefinitionSO:facility-kit:0, GenericItemDefinitionSO:facility-kit:1, GenericItemDefinitionSO:facility-kit:10, GenericItemDefinitionSO:facility-kit:1000, GenericItemDefinitionSO:facility-kit:1001, GenericItemDefinitionSO:facility-kit:1002, GenericItemDefinitionSO:facility-kit:1003, GenericItemDefinitionSO:facility-kit:1004, GenericItemDefinitionSO:facility-kit:1005, GenericItemDefinitionSO:facility-kit:1006, GenericItemDefinitionSO:facility-kit:1007, GenericItemDefinitionSO:facility-kit:1008 외 364개","생성 또는 거래·재고 입고·운반·보관·장착 또는 소비와 하류 주문 기록","과잉 재고·운반·보관·수리 또는 사용 시점 지연이 압력이 된다","실제 비교 후보·교역·재활용·수리·배급 조정 중 원본 기능에 맞는 경로로 재고 압력을 줄인다","설계 확정; 질량·가격·스택·부패·효과 수치는 source authority와 밸런스 기준서에서 별도 검증 OPEN"
"facility-kit:9310","침지·정련조 설치 키트","General (일반)","[{""rid"":7737211921623155709},{""rid"":7737211921623155710}]","해당 없음: GenericItemDefinitionSO","8","1","게임 내 역할은 시설 설치와 구성, 생산망의 입력·출력에 연결된다.","이 물자의 원본 기능을 위해 보관·운반·소비·거래 중 한 경로에 재고를 배정해 다른 사용처를 늦춘다","비교 후보(대체 가능성 미검증): GenericItemDefinitionSO:facility-kit:0, GenericItemDefinitionSO:facility-kit:1, GenericItemDefinitionSO:facility-kit:10, GenericItemDefinitionSO:facility-kit:1000, GenericItemDefinitionSO:facility-kit:1001, GenericItemDefinitionSO:facility-kit:1002, GenericItemDefinitionSO:facility-kit:1003, GenericItemDefinitionSO:facility-kit:1004, GenericItemDefinitionSO:facility-kit:1005, GenericItemDefinitionSO:facility-kit:1006, GenericItemDefinitionSO:facility-kit:1007, GenericItemDefinitionSO:facility-kit:1008 외 364개","생성 또는 거래·재고 입고·운반·보관·장착 또는 소비와 하류 주문 기록","과잉 재고·운반·보관·수리 또는 사용 시점 지연이 압력이 된다","실제 비교 후보·교역·재활용·수리·배급 조정 중 원본 기능에 맞는 경로로 재고 압력을 줄인다","설계 확정; 질량·가격·스택·부패·효과 수치는 source authority와 밸런스 기준서에서 별도 검증 OPEN"
"facility-kit:9311","수동 방적기 설치 키트","General (일반)","[{""rid"":7737211921623155711},{""rid"":7737211921986486272}]","해당 없음: GenericItemDefinitionSO","8","1","게임 내 역할은 시설 설치와 구성, 생산망의 입력·출력에 연결된다.","이 물자의 원본 기능을 위해 보관·운반·소비·거래 중 한 경로에 재고를 배정해 다른 사용처를 늦춘다","비교 후보(대체 가능성 미검증): GenericItemDefinitionSO:facility-kit:0, GenericItemDefinitionSO:facility-kit:1, GenericItemDefinitionSO:facility-kit:10, GenericItemDefinitionSO:facility-kit:1000, GenericItemDefinitionSO:facility-kit:1001, GenericItemDefinitionSO:facility-kit:1002, GenericItemDefinitionSO:facility-kit:1003, GenericItemDefinitionSO:facility-kit:1004, GenericItemDefinitionSO:facility-kit:1005, GenericItemDefinitionSO:facility-kit:1006, GenericItemDefinitionSO:facility-kit:1007, GenericItemDefinitionSO:facility-kit:1008 외 364개","생성 또는 거래·재고 입고·운반·보관·장착 또는 소비와 하류 주문 기록","과잉 재고·운반·보관·수리 또는 사용 시점 지연이 압력이 된다","실제 비교 후보·교역·재활용·수리·배급 조정 중 원본 기능에 맞는 경로로 재고 압력을 줄인다","설계 확정; 질량·가격·스택·부패·효과 수치는 source authority와 밸런스 기준서에서 별도 검증 OPEN"
"facility-kit:9312","축융·마감대 설치 키트","General (일반)","[{""rid"":7737211921986486273},{""rid"":7737211921986486274}]","해당 없음: GenericItemDefinitionSO","8","1","게임 내 역할은 시설 설치와 구성, 생산망의 입력·출력에 연결된다.","이 물자의 원본 기능을 위해 보관·운반·소비·거래 중 한 경로에 재고를 배정해 다른 사용처를 늦춘다","비교 후보(대체 가능성 미검증): GenericItemDefinitionSO:facility-kit:0, GenericItemDefinitionSO:facility-kit:1, GenericItemDefinitionSO:facility-kit:10, GenericItemDefinitionSO:facility-kit:1000, GenericItemDefinitionSO:facility-kit:1001, GenericItemDefinitionSO:facility-kit:1002, GenericItemDefinitionSO:facility-kit:1003, GenericItemDefinitionSO:facility-kit:1004, GenericItemDefinitionSO:facility-kit:1005, GenericItemDefinitionSO:facility-kit:1006, GenericItemDefinitionSO:facility-kit:1007, GenericItemDefinitionSO:facility-kit:1008 외 364개","생성 또는 거래·재고 입고·운반·보관·장착 또는 소비와 하류 주문 기록","과잉 재고·운반·보관·수리 또는 사용 시점 지연이 압력이 된다","실제 비교 후보·교역·재활용·수리·배급 조정 중 원본 기능에 맞는 경로로 재고 압력을 줄인다","설계 확정; 질량·가격·스택·부패·효과 수치는 source authority와 밸런스 기준서에서 별도 검증 OPEN"
"facility-kit:9313","동력 방적기 설치 키트","General (일반)","[{""rid"":7737211921986486275},{""rid"":7737211921986486276}]","해당 없음: GenericItemDefinitionSO","8","1","게임 내 역할은 시설 설치와 구성, 생산망의 입력·출력에 연결된다.","이 물자의 원본 기능을 위해 보관·운반·소비·거래 중 한 경로에 재고를 배정해 다른 사용처를 늦춘다","비교 후보(대체 가능성 미검증): GenericItemDefinitionSO:facility-kit:0, GenericItemDefinitionSO:facility-kit:1, GenericItemDefinitionSO:facility-kit:10, GenericItemDefinitionSO:facility-kit:1000, GenericItemDefinitionSO:facility-kit:1001, GenericItemDefinitionSO:facility-kit:1002, GenericItemDefinitionSO:facility-kit:1003, GenericItemDefinitionSO:facility-kit:1004, GenericItemDefinitionSO:facility-kit:1005, GenericItemDefinitionSO:facility-kit:1006, GenericItemDefinitionSO:facility-kit:1007, GenericItemDefinitionSO:facility-kit:1008 외 364개","생성 또는 거래·재고 입고·운반·보관·장착 또는 소비와 하류 주문 기록","과잉 재고·운반·보관·수리 또는 사용 시점 지연이 압력이 된다","실제 비교 후보·교역·재활용·수리·배급 조정 중 원본 기능에 맞는 경로로 재고 압력을 줄인다","설계 확정; 질량·가격·스택·부패·효과 수치는 source authority와 밸런스 기준서에서 별도 검증 OPEN"
"facility-kit:9314","동력 직조기 설치 키트","General (일반)","[{""rid"":7737211921986486277},{""rid"":7737211921986486278}]","해당 없음: GenericItemDefinitionSO","8","1","게임 내 역할은 시설 설치와 구성, 생산망의 입력·출력에 연결된다.","이 물자의 원본 기능을 위해 보관·운반·소비·거래 중 한 경로에 재고를 배정해 다른 사용처를 늦춘다","비교 후보(대체 가능성 미검증): GenericItemDefinitionSO:facility-kit:0, GenericItemDefinitionSO:facility-kit:1, GenericItemDefinitionSO:facility-kit:10, GenericItemDefinitionSO:facility-kit:1000, GenericItemDefinitionSO:facility-kit:1001, GenericItemDefinitionSO:facility-kit:1002, GenericItemDefinitionSO:facility-kit:1003, GenericItemDefinitionSO:facility-kit:1004, GenericItemDefinitionSO:facility-kit:1005, GenericItemDefinitionSO:facility-kit:1006, GenericItemDefinitionSO:facility-kit:1007, GenericItemDefinitionSO:facility-kit:1008 외 364개","생성 또는 거래·재고 입고·운반·보관·장착 또는 소비와 하류 주문 기록","과잉 재고·운반·보관·수리 또는 사용 시점 지연이 압력이 된다","실제 비교 후보·교역·재활용·수리·배급 조정 중 원본 기능에 맞는 경로로 재고 압력을 줄인다","설계 확정; 질량·가격·스택·부패·효과 수치는 source authority와 밸런스 기준서에서 별도 검증 OPEN"
"facility-kit:9501","응급 처치대 설치 키트","General (일반)","[{""rid"":7737211921986486279},{""rid"":7737211921986486280}]","해당 없음: GenericItemDefinitionSO","8","80","게임 내 역할은 시설 설치와 구성, 생산망의 입력·출력에 연결된다.","이 물자의 원본 기능을 위해 보관·운반·소비·거래 중 한 경로에 재고를 배정해 다른 사용처를 늦춘다","비교 후보(대체 가능성 미검증): GenericItemDefinitionSO:facility-kit:0, GenericItemDefinitionSO:facility-kit:1, GenericItemDefinitionSO:facility-kit:10, GenericItemDefinitionSO:facility-kit:1000, GenericItemDefinitionSO:facility-kit:1001, GenericItemDefinitionSO:facility-kit:1002, GenericItemDefinitionSO:facility-kit:1003, GenericItemDefinitionSO:facility-kit:1004, GenericItemDefinitionSO:facility-kit:1005, GenericItemDefinitionSO:facility-kit:1006, GenericItemDefinitionSO:facility-kit:1007, GenericItemDefinitionSO:facility-kit:1008 외 364개","생성 또는 거래·재고 입고·운반·보관·장착 또는 소비와 하류 주문 기록","과잉 재고·운반·보관·수리 또는 사용 시점 지연이 압력이 된다","실제 비교 후보·교역·재활용·수리·배급 조정 중 원본 기능에 맞는 경로로 재고 압력을 줄인다","설계 확정; 질량·가격·스택·부패·효과 수치는 source authority와 밸런스 기준서에서 별도 검증 OPEN"
"facility-kit:9502","해부대 설치 키트","General (일반)","[{""rid"":7737211921986486281},{""rid"":7737211921986486282}]","해당 없음: GenericItemDefinitionSO","8","110","게임 내 역할은 시설 설치와 구성, 생산망의 입력·출력에 연결된다.","이 물자의 원본 기능을 위해 보관·운반·소비·거래 중 한 경로에 재고를 배정해 다른 사용처를 늦춘다","비교 후보(대체 가능성 미검증): GenericItemDefinitionSO:facility-kit:0, GenericItemDefinitionSO:facility-kit:1, GenericItemDefinitionSO:facility-kit:10, GenericItemDefinitionSO:facility-kit:1000, GenericItemDefinitionSO:facility-kit:1001, GenericItemDefinitionSO:facility-kit:1002, GenericItemDefinitionSO:facility-kit:1003, GenericItemDefinitionSO:facility-kit:1004, GenericItemDefinitionSO:facility-kit:1005, GenericItemDefinitionSO:facility-kit:1006, GenericItemDefinitionSO:facility-kit:1007, GenericItemDefinitionSO:facility-kit:1008 외 364개","생성 또는 거래·재고 입고·운반·보관·장착 또는 소비와 하류 주문 기록","과잉 재고·운반·보관·수리 또는 사용 시점 지연이 압력이 된다","실제 비교 후보·교역·재활용·수리·배급 조정 중 원본 기능에 맞는 경로로 재고 압력을 줄인다","설계 확정; 질량·가격·스택·부패·효과 수치는 source authority와 밸런스 기준서에서 별도 검증 OPEN"
"facility-kit:9503","외과 수술대 설치 키트","General (일반)","[{""rid"":7737211921986486283},{""rid"":7737211921986486284}]","해당 없음: GenericItemDefinitionSO","8","180","게임 내 역할은 시설 설치와 구성, 생산망의 입력·출력에 연결된다.","이 물자의 원본 기능을 위해 보관·운반·소비·거래 중 한 경로에 재고를 배정해 다른 사용처를 늦춘다","비교 후보(대체 가능성 미검증): GenericItemDefinitionSO:facility-kit:0, GenericItemDefinitionSO:facility-kit:1, GenericItemDefinitionSO:facility-kit:10, GenericItemDefinitionSO:facility-kit:1000, GenericItemDefinitionSO:facility-kit:1001, GenericItemDefinitionSO:facility-kit:1002, GenericItemDefinitionSO:facility-kit:1003, GenericItemDefinitionSO:facility-kit:1004, GenericItemDefinitionSO:facility-kit:1005, GenericItemDefinitionSO:facility-kit:1006, GenericItemDefinitionSO:facility-kit:1007, GenericItemDefinitionSO:facility-kit:1008 외 364개","생성 또는 거래·재고 입고·운반·보관·장착 또는 소비와 하류 주문 기록","과잉 재고·운반·보관·수리 또는 사용 시점 지연이 압력이 된다","실제 비교 후보·교역·재활용·수리·배급 조정 중 원본 기능에 맞는 경로로 재고 압력을 줄인다","설계 확정; 질량·가격·스택·부패·효과 수치는 source authority와 밸런스 기준서에서 별도 검증 OPEN"
"facility-kit:9504","세정대 설치 키트","General (일반)","[{""rid"":7737211921986486285},{""rid"":7737211921986486286}]","해당 없음: GenericItemDefinitionSO","8","95","게임 내 역할은 시설 설치와 구성, 생산망의 입력·출력에 연결된다.","이 물자의 원본 기능을 위해 보관·운반·소비·거래 중 한 경로에 재고를 배정해 다른 사용처를 늦춘다","비교 후보(대체 가능성 미검증): GenericItemDefinitionSO:facility-kit:0, GenericItemDefinitionSO:facility-kit:1, GenericItemDefinitionSO:facility-kit:10, GenericItemDefinitionSO:facility-kit:1000, GenericItemDefinitionSO:facility-kit:1001, GenericItemDefinitionSO:facility-kit:1002, GenericItemDefinitionSO:facility-kit:1003, GenericItemDefinitionSO:facility-kit:1004, GenericItemDefinitionSO:facility-kit:1005, GenericItemDefinitionSO:facility-kit:1006, GenericItemDefinitionSO:facility-kit:1007, GenericItemDefinitionSO:facility-kit:1008 외 364개","생성 또는 거래·재고 입고·운반·보관·장착 또는 소비와 하류 주문 기록","과잉 재고·운반·보관·수리 또는 사용 시점 지연이 압력이 된다","실제 비교 후보·교역·재활용·수리·배급 조정 중 원본 기능에 맞는 경로로 재고 압력을 줄인다","설계 확정; 질량·가격·스택·부패·효과 수치는 source authority와 밸런스 기준서에서 별도 검증 OPEN"
"facility-kit:9505","마취 장치 설치 키트","General (일반)","[{""rid"":7737211921986486287},{""rid"":7737211921986486288}]","해당 없음: GenericItemDefinitionSO","8","125","게임 내 역할은 시설 설치와 구성, 생산망의 입력·출력에 연결된다.","이 물자의 원본 기능을 위해 보관·운반·소비·거래 중 한 경로에 재고를 배정해 다른 사용처를 늦춘다","비교 후보(대체 가능성 미검증): GenericItemDefinitionSO:facility-kit:0, GenericItemDefinitionSO:facility-kit:1, GenericItemDefinitionSO:facility-kit:10, GenericItemDefinitionSO:facility-kit:1000, GenericItemDefinitionSO:facility-kit:1001, GenericItemDefinitionSO:facility-kit:1002, GenericItemDefinitionSO:facility-kit:1003, GenericItemDefinitionSO:facility-kit:1004, GenericItemDefinitionSO:facility-kit:1005, GenericItemDefinitionSO:facility-kit:1006, GenericItemDefinitionSO:facility-kit:1007, GenericItemDefinitionSO:facility-kit:1008 외 364개","생성 또는 거래·재고 입고·운반·보관·장착 또는 소비와 하류 주문 기록","과잉 재고·운반·보관·수리 또는 사용 시점 지연이 압력이 된다","실제 비교 후보·교역·재활용·수리·배급 조정 중 원본 기능에 맞는 경로로 재고 압력을 줄인다","설계 확정; 질량·가격·스택·부패·효과 수치는 source authority와 밸런스 기준서에서 별도 검증 OPEN"
"facility-kit:9506","보철 조립대 설치 키트","General (일반)","[{""rid"":7737211921986486289},{""rid"":7737211921986486290}]","해당 없음: GenericItemDefinitionSO","8","165","게임 내 역할은 시설 설치와 구성, 생산망의 입력·출력에 연결된다.","이 물자의 원본 기능을 위해 보관·운반·소비·거래 중 한 경로에 재고를 배정해 다른 사용처를 늦춘다","비교 후보(대체 가능성 미검증): GenericItemDefinitionSO:facility-kit:0, GenericItemDefinitionSO:facility-kit:1, GenericItemDefinitionSO:facility-kit:10, GenericItemDefinitionSO:facility-kit:1000, GenericItemDefinitionSO:facility-kit:1001, GenericItemDefinitionSO:facility-kit:1002, GenericItemDefinitionSO:facility-kit:1003, GenericItemDefinitionSO:facility-kit:1004, GenericItemDefinitionSO:facility-kit:1005, GenericItemDefinitionSO:facility-kit:1006, GenericItemDefinitionSO:facility-kit:1007, GenericItemDefinitionSO:facility-kit:1008 외 364개","생성 또는 거래·재고 입고·운반·보관·장착 또는 소비와 하류 주문 기록","과잉 재고·운반·보관·수리 또는 사용 시점 지연이 압력이 된다","실제 비교 후보·교역·재활용·수리·배급 조정 중 원본 기능에 맞는 경로로 재고 압력을 줄인다","설계 확정; 질량·가격·스택·부패·효과 수치는 source authority와 밸런스 기준서에서 별도 검증 OPEN"
"facility-kit:9507","재활 보조대 설치 키트","General (일반)","[{""rid"":7737211921986486291},{""rid"":7737211921986486292}]","해당 없음: GenericItemDefinitionSO","8","135","게임 내 역할은 시설 설치와 구성, 생산망의 입력·출력에 연결된다.","이 물자의 원본 기능을 위해 보관·운반·소비·거래 중 한 경로에 재고를 배정해 다른 사용처를 늦춘다","비교 후보(대체 가능성 미검증): GenericItemDefinitionSO:facility-kit:0, GenericItemDefinitionSO:facility-kit:1, GenericItemDefinitionSO:facility-kit:10, GenericItemDefinitionSO:facility-kit:1000, GenericItemDefinitionSO:facility-kit:1001, GenericItemDefinitionSO:facility-kit:1002, GenericItemDefinitionSO:facility-kit:1003, GenericItemDefinitionSO:facility-kit:1004, GenericItemDefinitionSO:facility-kit:1005, GenericItemDefinitionSO:facility-kit:1006, GenericItemDefinitionSO:facility-kit:1007, GenericItemDefinitionSO:facility-kit:1008 외 364개","생성 또는 거래·재고 입고·운반·보관·장착 또는 소비와 하류 주문 기록","과잉 재고·운반·보관·수리 또는 사용 시점 지연이 압력이 된다","실제 비교 후보·교역·재활용·수리·배급 조정 중 원본 기능에 맞는 경로로 재고 압력을 줄인다","설계 확정; 질량·가격·스택·부패·효과 수치는 source authority와 밸런스 기준서에서 별도 검증 OPEN"
"facility-kit:9508","장기 보관함 설치 키트","General (일반)","[{""rid"":7737211921986486293},{""rid"":7737211921986486294}]","해당 없음: GenericItemDefinitionSO","8","190","게임 내 역할은 시설 설치와 구성, 생산망의 입력·출력에 연결된다.","이 물자의 원본 기능을 위해 보관·운반·소비·거래 중 한 경로에 재고를 배정해 다른 사용처를 늦춘다","비교 후보(대체 가능성 미검증): GenericItemDefinitionSO:facility-kit:0, GenericItemDefinitionSO:facility-kit:1, GenericItemDefinitionSO:facility-kit:10, GenericItemDefinitionSO:facility-kit:1000, GenericItemDefinitionSO:facility-kit:1001, GenericItemDefinitionSO:facility-kit:1002, GenericItemDefinitionSO:facility-kit:1003, GenericItemDefinitionSO:facility-kit:1004, GenericItemDefinitionSO:facility-kit:1005, GenericItemDefinitionSO:facility-kit:1006, GenericItemDefinitionSO:facility-kit:1007, GenericItemDefinitionSO:facility-kit:1008 외 364개","생성 또는 거래·재고 입고·운반·보관·장착 또는 소비와 하류 주문 기록","과잉 재고·운반·보관·수리 또는 사용 시점 지연이 압력이 된다","실제 비교 후보·교역·재활용·수리·배급 조정 중 원본 기능에 맞는 경로로 재고 압력을 줄인다","설계 확정; 질량·가격·스택·부패·효과 수치는 source authority와 밸런스 기준서에서 별도 검증 OPEN"
"facility-kit:9509","순환 이식대 설치 키트","General (일반)","[{""rid"":7737211921986486295},{""rid"":7737211921986486296}]","해당 없음: GenericItemDefinitionSO","8","290","게임 내 역할은 시설 설치와 구성, 생산망의 입력·출력에 연결된다.","이 물자의 원본 기능을 위해 보관·운반·소비·거래 중 한 경로에 재고를 배정해 다른 사용처를 늦춘다","비교 후보(대체 가능성 미검증): GenericItemDefinitionSO:facility-kit:0, GenericItemDefinitionSO:facility-kit:1, GenericItemDefinitionSO:facility-kit:10, GenericItemDefinitionSO:facility-kit:1000, GenericItemDefinitionSO:facility-kit:1001, GenericItemDefinitionSO:facility-kit:1002, GenericItemDefinitionSO:facility-kit:1003, GenericItemDefinitionSO:facility-kit:1004, GenericItemDefinitionSO:facility-kit:1005, GenericItemDefinitionSO:facility-kit:1006, GenericItemDefinitionSO:facility-kit:1007, GenericItemDefinitionSO:facility-kit:1008 외 364개","생성 또는 거래·재고 입고·운반·보관·장착 또는 소비와 하류 주문 기록","과잉 재고·운반·보관·수리 또는 사용 시점 지연이 압력이 된다","실제 비교 후보·교역·재활용·수리·배급 조정 중 원본 기능에 맞는 경로로 재고 압력을 줄인다","설계 확정; 질량·가격·스택·부패·효과 수치는 source authority와 밸런스 기준서에서 별도 검증 OPEN"
"facility-kit:9510","면역 조절기 설치 키트","General (일반)","[{""rid"":7737211921986486297},{""rid"":7737211921986486298}]","해당 없음: GenericItemDefinitionSO","8","230","게임 내 역할은 시설 설치와 구성, 생산망의 입력·출력에 연결된다.","이 물자의 원본 기능을 위해 보관·운반·소비·거래 중 한 경로에 재고를 배정해 다른 사용처를 늦춘다","비교 후보(대체 가능성 미검증): GenericItemDefinitionSO:facility-kit:0, GenericItemDefinitionSO:facility-kit:1, GenericItemDefinitionSO:facility-kit:10, GenericItemDefinitionSO:facility-kit:1000, GenericItemDefinitionSO:facility-kit:1001, GenericItemDefinitionSO:facility-kit:1002, GenericItemDefinitionSO:facility-kit:1003, GenericItemDefinitionSO:facility-kit:1004, GenericItemDefinitionSO:facility-kit:1005, GenericItemDefinitionSO:facility-kit:1006, GenericItemDefinitionSO:facility-kit:1007, GenericItemDefinitionSO:facility-kit:1008 외 364개","생성 또는 거래·재고 입고·운반·보관·장착 또는 소비와 하류 주문 기록","과잉 재고·운반·보관·수리 또는 사용 시점 지연이 압력이 된다","실제 비교 후보·교역·재활용·수리·배급 조정 중 원본 기능에 맞는 경로로 재고 압력을 줄인다","설계 확정; 질량·가격·스택·부패·효과 수치는 source authority와 밸런스 기준서에서 별도 검증 OPEN"
"facility-kit:9511","격리 회복 침상 설치 키트","General (일반)","[{""rid"":7737211921986486299},{""rid"":7737211921986486300}]","해당 없음: GenericItemDefinitionSO","8","210","게임 내 역할은 시설 설치와 구성, 생산망의 입력·출력에 연결된다.","이 물자의 원본 기능을 위해 보관·운반·소비·거래 중 한 경로에 재고를 배정해 다른 사용처를 늦춘다","비교 후보(대체 가능성 미검증): GenericItemDefinitionSO:facility-kit:0, GenericItemDefinitionSO:facility-kit:1, GenericItemDefinitionSO:facility-kit:10, GenericItemDefinitionSO:facility-kit:1000, GenericItemDefinitionSO:facility-kit:1001, GenericItemDefinitionSO:facility-kit:1002, GenericItemDefinitionSO:facility-kit:1003, GenericItemDefinitionSO:facility-kit:1004, GenericItemDefinitionSO:facility-kit:1005, GenericItemDefinitionSO:facility-kit:1006, GenericItemDefinitionSO:facility-kit:1007, GenericItemDefinitionSO:facility-kit:1008 외 364개","생성 또는 거래·재고 입고·운반·보관·장착 또는 소비와 하류 주문 기록","과잉 재고·운반·보관·수리 또는 사용 시점 지연이 압력이 된다","실제 비교 후보·교역·재활용·수리·배급 조정 중 원본 기능에 맞는 경로로 재고 압력을 줄인다","설계 확정; 질량·가격·스택·부패·효과 수치는 source authority와 밸런스 기준서에서 별도 검증 OPEN"
"facility-kit:9512","비전 개조대 설치 키트","General (일반)","[{""rid"":7737211921986486301},{""rid"":7737211921986486302}]","해당 없음: GenericItemDefinitionSO","8","420","게임 내 역할은 시설 설치와 구성, 생산망의 입력·출력에 연결된다.","이 물자의 원본 기능을 위해 보관·운반·소비·거래 중 한 경로에 재고를 배정해 다른 사용처를 늦춘다","비교 후보(대체 가능성 미검증): GenericItemDefinitionSO:facility-kit:0, GenericItemDefinitionSO:facility-kit:1, GenericItemDefinitionSO:facility-kit:10, GenericItemDefinitionSO:facility-kit:1000, GenericItemDefinitionSO:facility-kit:1001, GenericItemDefinitionSO:facility-kit:1002, GenericItemDefinitionSO:facility-kit:1003, GenericItemDefinitionSO:facility-kit:1004, GenericItemDefinitionSO:facility-kit:1005, GenericItemDefinitionSO:facility-kit:1006, GenericItemDefinitionSO:facility-kit:1007, GenericItemDefinitionSO:facility-kit:1008 외 364개","생성 또는 거래·재고 입고·운반·보관·장착 또는 소비와 하류 주문 기록","과잉 재고·운반·보관·수리 또는 사용 시점 지연이 압력이 된다","실제 비교 후보·교역·재활용·수리·배급 조정 중 원본 기능에 맞는 경로로 재고 압력을 줄인다","설계 확정; 질량·가격·스택·부패·효과 수치는 source authority와 밸런스 기준서에서 별도 검증 OPEN"
"facility-kit:9513","룬 봉합기 설치 키트","General (일반)","[{""rid"":7737211921986486303},{""rid"":7737211921986486304}]","해당 없음: GenericItemDefinitionSO","8","280","게임 내 역할은 시설 설치와 구성, 생산망의 입력·출력에 연결된다.","이 물자의 원본 기능을 위해 보관·운반·소비·거래 중 한 경로에 재고를 배정해 다른 사용처를 늦춘다","비교 후보(대체 가능성 미검증): GenericItemDefinitionSO:facility-kit:0, GenericItemDefinitionSO:facility-kit:1, GenericItemDefinitionSO:facility-kit:10, GenericItemDefinitionSO:facility-kit:1000, GenericItemDefinitionSO:facility-kit:1001, GenericItemDefinitionSO:facility-kit:1002, GenericItemDefinitionSO:facility-kit:1003, GenericItemDefinitionSO:facility-kit:1004, GenericItemDefinitionSO:facility-kit:1005, GenericItemDefinitionSO:facility-kit:1006, GenericItemDefinitionSO:facility-kit:1007, GenericItemDefinitionSO:facility-kit:1008 외 364개","생성 또는 거래·재고 입고·운반·보관·장착 또는 소비와 하류 주문 기록","과잉 재고·운반·보관·수리 또는 사용 시점 지연이 압력이 된다","실제 비교 후보·교역·재활용·수리·배급 조정 중 원본 기능에 맞는 경로로 재고 압력을 줄인다","설계 확정; 질량·가격·스택·부패·효과 수치는 source authority와 밸런스 기준서에서 별도 검증 OPEN"
"facility-kit:9601","목재 바리케이드 설치 키트","General (일반)","[{""rid"":7737211921986486305},{""rid"":7737211921986486306}]","해당 없음: GenericItemDefinitionSO","8","45","게임 내 역할은 시설 설치와 구성, 생산망의 입력·출력에 연결된다.","이 물자의 원본 기능을 위해 보관·운반·소비·거래 중 한 경로에 재고를 배정해 다른 사용처를 늦춘다","비교 후보(대체 가능성 미검증): GenericItemDefinitionSO:facility-kit:0, GenericItemDefinitionSO:facility-kit:1, GenericItemDefinitionSO:facility-kit:10, GenericItemDefinitionSO:facility-kit:1000, GenericItemDefinitionSO:facility-kit:1001, GenericItemDefinitionSO:facility-kit:1002, GenericItemDefinitionSO:facility-kit:1003, GenericItemDefinitionSO:facility-kit:1004, GenericItemDefinitionSO:facility-kit:1005, GenericItemDefinitionSO:facility-kit:1006, GenericItemDefinitionSO:facility-kit:1007, GenericItemDefinitionSO:facility-kit:1008 외 364개","생성 또는 거래·재고 입고·운반·보관·장착 또는 소비와 하류 주문 기록","과잉 재고·운반·보관·수리 또는 사용 시점 지연이 압력이 된다","실제 비교 후보·교역·재활용·수리·배급 조정 중 원본 기능에 맞는 경로로 재고 압력을 줄인다","설계 확정; 질량·가격·스택·부패·효과 수치는 source authority와 밸런스 기준서에서 별도 검증 OPEN"
"facility-kit:9602","자루 방책 설치 키트","General (일반)","[{""rid"":7737211921986486307},{""rid"":7737211921986486308}]","해당 없음: GenericItemDefinitionSO","8","70","게임 내 역할은 시설 설치와 구성, 생산망의 입력·출력에 연결된다.","이 물자의 원본 기능을 위해 보관·운반·소비·거래 중 한 경로에 재고를 배정해 다른 사용처를 늦춘다","비교 후보(대체 가능성 미검증): GenericItemDefinitionSO:facility-kit:0, GenericItemDefinitionSO:facility-kit:1, GenericItemDefinitionSO:facility-kit:10, GenericItemDefinitionSO:facility-kit:1000, GenericItemDefinitionSO:facility-kit:1001, GenericItemDefinitionSO:facility-kit:1002, GenericItemDefinitionSO:facility-kit:1003, GenericItemDefinitionSO:facility-kit:1004, GenericItemDefinitionSO:facility-kit:1005, GenericItemDefinitionSO:facility-kit:1006, GenericItemDefinitionSO:facility-kit:1007, GenericItemDefinitionSO:facility-kit:1008 외 364개","생성 또는 거래·재고 입고·운반·보관·장착 또는 소비와 하류 주문 기록","과잉 재고·운반·보관·수리 또는 사용 시점 지연이 압력이 된다","실제 비교 후보·교역·재활용·수리·배급 조정 중 원본 기능에 맞는 경로로 재고 압력을 줄인다","설계 확정; 질량·가격·스택·부패·효과 수치는 source authority와 밸런스 기준서에서 별도 검증 OPEN"
"facility-kit:9603","화살막이 설치 키트","General (일반)","[{""rid"":7737211921986486309},{""rid"":7737211921986486310}]","해당 없음: GenericItemDefinitionSO","8","95","게임 내 역할은 시설 설치와 구성, 생산망의 입력·출력에 연결된다.","이 물자의 원본 기능을 위해 보관·운반·소비·거래 중 한 경로에 재고를 배정해 다른 사용처를 늦춘다","비교 후보(대체 가능성 미검증): GenericItemDefinitionSO:facility-kit:0, GenericItemDefinitionSO:facility-kit:1, GenericItemDefinitionSO:facility-kit:10, GenericItemDefinitionSO:facility-kit:1000, GenericItemDefinitionSO:facility-kit:1001, GenericItemDefinitionSO:facility-kit:1002, GenericItemDefinitionSO:facility-kit:1003, GenericItemDefinitionSO:facility-kit:1004, GenericItemDefinitionSO:facility-kit:1005, GenericItemDefinitionSO:facility-kit:1006, GenericItemDefinitionSO:facility-kit:1007, GenericItemDefinitionSO:facility-kit:1008 외 364개","생성 또는 거래·재고 입고·운반·보관·장착 또는 소비와 하류 주문 기록","과잉 재고·운반·보관·수리 또는 사용 시점 지연이 압력이 된다","실제 비교 후보·교역·재활용·수리·배급 조정 중 원본 기능에 맞는 경로로 재고 압력을 줄인다","설계 확정; 질량·가격·스택·부패·효과 수치는 source authority와 밸런스 기준서에서 별도 검증 OPEN"
"facility-kit:9801","전력선 설치 키트","General (일반)","[{""rid"":7737211921986486311},{""rid"":7737211921986486312}]","해당 없음: GenericItemDefinitionSO","8","95","게임 내 역할은 시설 설치와 구성, 생산망의 입력·출력에 연결된다.","이 물자의 원본 기능을 위해 보관·운반·소비·거래 중 한 경로에 재고를 배정해 다른 사용처를 늦춘다","비교 후보(대체 가능성 미검증): GenericItemDefinitionSO:facility-kit:0, GenericItemDefinitionSO:facility-kit:1, GenericItemDefinitionSO:facility-kit:10, GenericItemDefinitionSO:facility-kit:1000, GenericItemDefinitionSO:facility-kit:1001, GenericItemDefinitionSO:facility-kit:1002, GenericItemDefinitionSO:facility-kit:1003, GenericItemDefinitionSO:facility-kit:1004, GenericItemDefinitionSO:facility-kit:1005, GenericItemDefinitionSO:facility-kit:1006, GenericItemDefinitionSO:facility-kit:1007, GenericItemDefinitionSO:facility-kit:1008 외 364개","생성 또는 거래·재고 입고·운반·보관·장착 또는 소비와 하류 주문 기록","과잉 재고·운반·보관·수리 또는 사용 시점 지연이 압력이 된다","실제 비교 후보·교역·재활용·수리·배급 조정 중 원본 기능에 맞는 경로로 재고 압력을 줄인다","설계 확정; 질량·가격·스택·부패·효과 수치는 source authority와 밸런스 기준서에서 별도 검증 OPEN"
"facility-kit:9802","상수관 설치 키트","General (일반)","[{""rid"":7737211921986486313},{""rid"":7737211921986486314}]","해당 없음: GenericItemDefinitionSO","8","95","게임 내 역할은 시설 설치와 구성, 생산망의 입력·출력에 연결된다.","이 물자의 원본 기능을 위해 보관·운반·소비·거래 중 한 경로에 재고를 배정해 다른 사용처를 늦춘다","비교 후보(대체 가능성 미검증): GenericItemDefinitionSO:facility-kit:0, GenericItemDefinitionSO:facility-kit:1, GenericItemDefinitionSO:facility-kit:10, GenericItemDefinitionSO:facility-kit:1000, GenericItemDefinitionSO:facility-kit:1001, GenericItemDefinitionSO:facility-kit:1002, GenericItemDefinitionSO:facility-kit:1003, GenericItemDefinitionSO:facility-kit:1004, GenericItemDefinitionSO:facility-kit:1005, GenericItemDefinitionSO:facility-kit:1006, GenericItemDefinitionSO:facility-kit:1007, GenericItemDefinitionSO:facility-kit:1008 외 364개","생성 또는 거래·재고 입고·운반·보관·장착 또는 소비와 하류 주문 기록","과잉 재고·운반·보관·수리 또는 사용 시점 지연이 압력이 된다","실제 비교 후보·교역·재활용·수리·배급 조정 중 원본 기능에 맞는 경로로 재고 압력을 줄인다","설계 확정; 질량·가격·스택·부패·효과 수치는 source authority와 밸런스 기준서에서 별도 검증 OPEN"
"facility-kit:9803","하수관 설치 키트","General (일반)","[{""rid"":7737211921986486315},{""rid"":7737211921986486316}]","해당 없음: GenericItemDefinitionSO","8","95","게임 내 역할은 시설 설치와 구성, 생산망의 입력·출력에 연결된다.","이 물자의 원본 기능을 위해 보관·운반·소비·거래 중 한 경로에 재고를 배정해 다른 사용처를 늦춘다","비교 후보(대체 가능성 미검증): GenericItemDefinitionSO:facility-kit:0, GenericItemDefinitionSO:facility-kit:1, GenericItemDefinitionSO:facility-kit:10, GenericItemDefinitionSO:facility-kit:1000, GenericItemDefinitionSO:facility-kit:1001, GenericItemDefinitionSO:facility-kit:1002, GenericItemDefinitionSO:facility-kit:1003, GenericItemDefinitionSO:facility-kit:1004, GenericItemDefinitionSO:facility-kit:1005, GenericItemDefinitionSO:facility-kit:1006, GenericItemDefinitionSO:facility-kit:1007, GenericItemDefinitionSO:facility-kit:1008 외 364개","생성 또는 거래·재고 입고·운반·보관·장착 또는 소비와 하류 주문 기록","과잉 재고·운반·보관·수리 또는 사용 시점 지연이 압력이 된다","실제 비교 후보·교역·재활용·수리·배급 조정 중 원본 기능에 맞는 경로로 재고 압력을 줄인다","설계 확정; 질량·가격·스택·부패·효과 수치는 source authority와 밸런스 기준서에서 별도 검증 OPEN"
"facility-kit:9804","통합 기반 덕트 설치 키트","General (일반)","[{""rid"":7737211921986486317},{""rid"":7737211921986486318}]","해당 없음: GenericItemDefinitionSO","8","95","게임 내 역할은 시설 설치와 구성, 생산망의 입력·출력에 연결된다.","이 물자의 원본 기능을 위해 보관·운반·소비·거래 중 한 경로에 재고를 배정해 다른 사용처를 늦춘다","비교 후보(대체 가능성 미검증): GenericItemDefinitionSO:facility-kit:0, GenericItemDefinitionSO:facility-kit:1, GenericItemDefinitionSO:facility-kit:10, GenericItemDefinitionSO:facility-kit:1000, GenericItemDefinitionSO:facility-kit:1001, GenericItemDefinitionSO:facility-kit:1002, GenericItemDefinitionSO:facility-kit:1003, GenericItemDefinitionSO:facility-kit:1004, GenericItemDefinitionSO:facility-kit:1005, GenericItemDefinitionSO:facility-kit:1006, GenericItemDefinitionSO:facility-kit:1007, GenericItemDefinitionSO:facility-kit:1008 외 364개","생성 또는 거래·재고 입고·운반·보관·장착 또는 소비와 하류 주문 기록","과잉 재고·운반·보관·수리 또는 사용 시점 지연이 압력이 된다","실제 비교 후보·교역·재활용·수리·배급 조정 중 원본 기능에 맞는 경로로 재고 압력을 줄인다","설계 확정; 질량·가격·스택·부패·효과 수치는 source authority와 밸런스 기준서에서 별도 검증 OPEN"
"facility-kit:9810","증기 발전기 설치 키트","General (일반)","[{""rid"":7737211921986486319},{""rid"":7737211921986486320}]","해당 없음: GenericItemDefinitionSO","8","165","게임 내 역할은 시설 설치와 구성, 생산망의 입력·출력에 연결된다.","이 물자의 원본 기능을 위해 보관·운반·소비·거래 중 한 경로에 재고를 배정해 다른 사용처를 늦춘다","비교 후보(대체 가능성 미검증): GenericItemDefinitionSO:facility-kit:0, GenericItemDefinitionSO:facility-kit:1, GenericItemDefinitionSO:facility-kit:10, GenericItemDefinitionSO:facility-kit:1000, GenericItemDefinitionSO:facility-kit:1001, GenericItemDefinitionSO:facility-kit:1002, GenericItemDefinitionSO:facility-kit:1003, GenericItemDefinitionSO:facility-kit:1004, GenericItemDefinitionSO:facility-kit:1005, GenericItemDefinitionSO:facility-kit:1006, GenericItemDefinitionSO:facility-kit:1007, GenericItemDefinitionSO:facility-kit:1008 외 364개","생성 또는 거래·재고 입고·운반·보관·장착 또는 소비와 하류 주문 기록","과잉 재고·운반·보관·수리 또는 사용 시점 지연이 압력이 된다","실제 비교 후보·교역·재활용·수리·배급 조정 중 원본 기능에 맞는 경로로 재고 압력을 줄인다","설계 확정; 질량·가격·스택·부패·효과 수치는 source authority와 밸런스 기준서에서 별도 검증 OPEN"
"facility-kit:9811","수차 발전기 설치 키트","General (일반)","[{""rid"":7737211921986486321},{""rid"":7737211921986486322}]","해당 없음: GenericItemDefinitionSO","8","165","게임 내 역할은 시설 설치와 구성, 생산망의 입력·출력에 연결된다.","이 물자의 원본 기능을 위해 보관·운반·소비·거래 중 한 경로에 재고를 배정해 다른 사용처를 늦춘다","비교 후보(대체 가능성 미검증): GenericItemDefinitionSO:facility-kit:0, GenericItemDefinitionSO:facility-kit:1, GenericItemDefinitionSO:facility-kit:10, GenericItemDefinitionSO:facility-kit:1000, GenericItemDefinitionSO:facility-kit:1001, GenericItemDefinitionSO:facility-kit:1002, GenericItemDefinitionSO:facility-kit:1003, GenericItemDefinitionSO:facility-kit:1004, GenericItemDefinitionSO:facility-kit:1005, GenericItemDefinitionSO:facility-kit:1006, GenericItemDefinitionSO:facility-kit:1007, GenericItemDefinitionSO:facility-kit:1008 외 364개","생성 또는 거래·재고 입고·운반·보관·장착 또는 소비와 하류 주문 기록","과잉 재고·운반·보관·수리 또는 사용 시점 지연이 압력이 된다","실제 비교 후보·교역·재활용·수리·배급 조정 중 원본 기능에 맞는 경로로 재고 압력을 줄인다","설계 확정; 질량·가격·스택·부패·효과 수치는 source authority와 밸런스 기준서에서 별도 검증 OPEN"
"facility-kit:9812","마나 발전기 설치 키트","General (일반)","[{""rid"":7737211921986486323},{""rid"":7737211921986486324}]","해당 없음: GenericItemDefinitionSO","8","130","게임 내 역할은 시설 설치와 구성, 생산망의 입력·출력에 연결된다.","이 물자의 원본 기능을 위해 보관·운반·소비·거래 중 한 경로에 재고를 배정해 다른 사용처를 늦춘다","비교 후보(대체 가능성 미검증): GenericItemDefinitionSO:facility-kit:0, GenericItemDefinitionSO:facility-kit:1, GenericItemDefinitionSO:facility-kit:10, GenericItemDefinitionSO:facility-kit:1000, GenericItemDefinitionSO:facility-kit:1001, GenericItemDefinitionSO:facility-kit:1002, GenericItemDefinitionSO:facility-kit:1003, GenericItemDefinitionSO:facility-kit:1004, GenericItemDefinitionSO:facility-kit:1005, GenericItemDefinitionSO:facility-kit:1006, GenericItemDefinitionSO:facility-kit:1007, GenericItemDefinitionSO:facility-kit:1008 외 364개","생성 또는 거래·재고 입고·운반·보관·장착 또는 소비와 하류 주문 기록","과잉 재고·운반·보관·수리 또는 사용 시점 지연이 압력이 된다","실제 비교 후보·교역·재활용·수리·배급 조정 중 원본 기능에 맞는 경로로 재고 압력을 줄인다","설계 확정; 질량·가격·스택·부패·효과 수치는 source authority와 밸런스 기준서에서 별도 검증 OPEN"
"facility-kit:9813","축전지 설치 키트","General (일반)","[{""rid"":7737211921986486325},{""rid"":7737211921986486326}]","해당 없음: GenericItemDefinitionSO","8","130","게임 내 역할은 시설 설치와 구성, 생산망의 입력·출력에 연결된다.","이 물자의 원본 기능을 위해 보관·운반·소비·거래 중 한 경로에 재고를 배정해 다른 사용처를 늦춘다","비교 후보(대체 가능성 미검증): GenericItemDefinitionSO:facility-kit:0, GenericItemDefinitionSO:facility-kit:1, GenericItemDefinitionSO:facility-kit:10, GenericItemDefinitionSO:facility-kit:1000, GenericItemDefinitionSO:facility-kit:1001, GenericItemDefinitionSO:facility-kit:1002, GenericItemDefinitionSO:facility-kit:1003, GenericItemDefinitionSO:facility-kit:1004, GenericItemDefinitionSO:facility-kit:1005, GenericItemDefinitionSO:facility-kit:1006, GenericItemDefinitionSO:facility-kit:1007, GenericItemDefinitionSO:facility-kit:1008 외 364개","생성 또는 거래·재고 입고·운반·보관·장착 또는 소비와 하류 주문 기록","과잉 재고·운반·보관·수리 또는 사용 시점 지연이 압력이 된다","실제 비교 후보·교역·재활용·수리·배급 조정 중 원본 기능에 맞는 경로로 재고 압력을 줄인다","설계 확정; 질량·가격·스택·부패·효과 수치는 source authority와 밸런스 기준서에서 별도 검증 OPEN"
"facility-kit:9814","회로 차단기 설치 키트","General (일반)","[{""rid"":7737211921986486327},{""rid"":7737211921986486328}]","해당 없음: GenericItemDefinitionSO","8","95","게임 내 역할은 시설 설치와 구성, 생산망의 입력·출력에 연결된다.","이 물자의 원본 기능을 위해 보관·운반·소비·거래 중 한 경로에 재고를 배정해 다른 사용처를 늦춘다","비교 후보(대체 가능성 미검증): GenericItemDefinitionSO:facility-kit:0, GenericItemDefinitionSO:facility-kit:1, GenericItemDefinitionSO:facility-kit:10, GenericItemDefinitionSO:facility-kit:1000, GenericItemDefinitionSO:facility-kit:1001, GenericItemDefinitionSO:facility-kit:1002, GenericItemDefinitionSO:facility-kit:1003, GenericItemDefinitionSO:facility-kit:1004, GenericItemDefinitionSO:facility-kit:1005, GenericItemDefinitionSO:facility-kit:1006, GenericItemDefinitionSO:facility-kit:1007, GenericItemDefinitionSO:facility-kit:1008 외 364개","생성 또는 거래·재고 입고·운반·보관·장착 또는 소비와 하류 주문 기록","과잉 재고·운반·보관·수리 또는 사용 시점 지연이 압력이 된다","실제 비교 후보·교역·재활용·수리·배급 조정 중 원본 기능에 맞는 경로로 재고 압력을 줄인다","설계 확정; 질량·가격·스택·부패·효과 수치는 source authority와 밸런스 기준서에서 별도 검증 OPEN"
"facility-kit:9815","변압 제어반 설치 키트","General (일반)","[{""rid"":7737211921986486329},{""rid"":7737211921986486330}]","해당 없음: GenericItemDefinitionSO","8","130","게임 내 역할은 시설 설치와 구성, 생산망의 입력·출력에 연결된다.","이 물자의 원본 기능을 위해 보관·운반·소비·거래 중 한 경로에 재고를 배정해 다른 사용처를 늦춘다","비교 후보(대체 가능성 미검증): GenericItemDefinitionSO:facility-kit:0, GenericItemDefinitionSO:facility-kit:1, GenericItemDefinitionSO:facility-kit:10, GenericItemDefinitionSO:facility-kit:1000, GenericItemDefinitionSO:facility-kit:1001, GenericItemDefinitionSO:facility-kit:1002, GenericItemDefinitionSO:facility-kit:1003, GenericItemDefinitionSO:facility-kit:1004, GenericItemDefinitionSO:facility-kit:1005, GenericItemDefinitionSO:facility-kit:1006, GenericItemDefinitionSO:facility-kit:1007, GenericItemDefinitionSO:facility-kit:1008 외 364개","생성 또는 거래·재고 입고·운반·보관·장착 또는 소비와 하류 주문 기록","과잉 재고·운반·보관·수리 또는 사용 시점 지연이 압력이 된다","실제 비교 후보·교역·재활용·수리·배급 조정 중 원본 기능에 맞는 경로로 재고 압력을 줄인다","설계 확정; 질량·가격·스택·부패·효과 수치는 source authority와 밸런스 기준서에서 별도 검증 OPEN"
"facility-kit:9816","전동 양수 펌프 설치 키트","General (일반)","[{""rid"":7737211921986486331},{""rid"":7737211921986486332}]","해당 없음: GenericItemDefinitionSO","8","130","게임 내 역할은 시설 설치와 구성, 생산망의 입력·출력에 연결된다.","이 물자의 원본 기능을 위해 보관·운반·소비·거래 중 한 경로에 재고를 배정해 다른 사용처를 늦춘다","비교 후보(대체 가능성 미검증): GenericItemDefinitionSO:facility-kit:0, GenericItemDefinitionSO:facility-kit:1, GenericItemDefinitionSO:facility-kit:10, GenericItemDefinitionSO:facility-kit:1000, GenericItemDefinitionSO:facility-kit:1001, GenericItemDefinitionSO:facility-kit:1002, GenericItemDefinitionSO:facility-kit:1003, GenericItemDefinitionSO:facility-kit:1004, GenericItemDefinitionSO:facility-kit:1005, GenericItemDefinitionSO:facility-kit:1006, GenericItemDefinitionSO:facility-kit:1007, GenericItemDefinitionSO:facility-kit:1008 외 364개","생성 또는 거래·재고 입고·운반·보관·장착 또는 소비와 하류 주문 기록","과잉 재고·운반·보관·수리 또는 사용 시점 지연이 압력이 된다","실제 비교 후보·교역·재활용·수리·배급 조정 중 원본 기능에 맞는 경로로 재고 압력을 줄인다","설계 확정; 질량·가격·스택·부패·효과 수치는 source authority와 밸런스 기준서에서 별도 검증 OPEN"
"facility-kit:9817","상수 탱크 설치 키트","General (일반)","[{""rid"":7737211921986486333},{""rid"":7737211921986486334}]","해당 없음: GenericItemDefinitionSO","8","130","게임 내 역할은 시설 설치와 구성, 생산망의 입력·출력에 연결된다.","이 물자의 원본 기능을 위해 보관·운반·소비·거래 중 한 경로에 재고를 배정해 다른 사용처를 늦춘다","비교 후보(대체 가능성 미검증): GenericItemDefinitionSO:facility-kit:0, GenericItemDefinitionSO:facility-kit:1, GenericItemDefinitionSO:facility-kit:10, GenericItemDefinitionSO:facility-kit:1000, GenericItemDefinitionSO:facility-kit:1001, GenericItemDefinitionSO:facility-kit:1002, GenericItemDefinitionSO:facility-kit:1003, GenericItemDefinitionSO:facility-kit:1004, GenericItemDefinitionSO:facility-kit:1005, GenericItemDefinitionSO:facility-kit:1006, GenericItemDefinitionSO:facility-kit:1007, GenericItemDefinitionSO:facility-kit:1008 외 364개","생성 또는 거래·재고 입고·운반·보관·장착 또는 소비와 하류 주문 기록","과잉 재고·운반·보관·수리 또는 사용 시점 지연이 압력이 된다","실제 비교 후보·교역·재활용·수리·배급 조정 중 원본 기능에 맞는 경로로 재고 압력을 줄인다","설계 확정; 질량·가격·스택·부패·효과 수치는 source authority와 밸런스 기준서에서 별도 검증 OPEN"
"facility-kit:9818","오수 탱크 설치 키트","General (일반)","[{""rid"":7737211921986486335},{""rid"":7737211921986486336}]","해당 없음: GenericItemDefinitionSO","8","130","게임 내 역할은 시설 설치와 구성, 생산망의 입력·출력에 연결된다.","이 물자의 원본 기능을 위해 보관·운반·소비·거래 중 한 경로에 재고를 배정해 다른 사용처를 늦춘다","비교 후보(대체 가능성 미검증): GenericItemDefinitionSO:facility-kit:0, GenericItemDefinitionSO:facility-kit:1, GenericItemDefinitionSO:facility-kit:10, GenericItemDefinitionSO:facility-kit:1000, GenericItemDefinitionSO:facility-kit:1001, GenericItemDefinitionSO:facility-kit:1002, GenericItemDefinitionSO:facility-kit:1003, GenericItemDefinitionSO:facility-kit:1004, GenericItemDefinitionSO:facility-kit:1005, GenericItemDefinitionSO:facility-kit:1006, GenericItemDefinitionSO:facility-kit:1007, GenericItemDefinitionSO:facility-kit:1008 외 364개","생성 또는 거래·재고 입고·운반·보관·장착 또는 소비와 하류 주문 기록","과잉 재고·운반·보관·수리 또는 사용 시점 지연이 압력이 된다","실제 비교 후보·교역·재활용·수리·배급 조정 중 원본 기능에 맞는 경로로 재고 압력을 줄인다","설계 확정; 질량·가격·스택·부패·효과 수치는 source authority와 밸런스 기준서에서 별도 검증 OPEN"
"facility-kit:9819","물통 충전소 설치 키트","General (일반)","[{""rid"":7737211921986486337},{""rid"":7737211921986486338}]","해당 없음: GenericItemDefinitionSO","8","130","게임 내 역할은 시설 설치와 구성, 생산망의 입력·출력에 연결된다.","이 물자의 원본 기능을 위해 보관·운반·소비·거래 중 한 경로에 재고를 배정해 다른 사용처를 늦춘다","비교 후보(대체 가능성 미검증): GenericItemDefinitionSO:facility-kit:0, GenericItemDefinitionSO:facility-kit:1, GenericItemDefinitionSO:facility-kit:10, GenericItemDefinitionSO:facility-kit:1000, GenericItemDefinitionSO:facility-kit:1001, GenericItemDefinitionSO:facility-kit:1002, GenericItemDefinitionSO:facility-kit:1003, GenericItemDefinitionSO:facility-kit:1004, GenericItemDefinitionSO:facility-kit:1005, GenericItemDefinitionSO:facility-kit:1006, GenericItemDefinitionSO:facility-kit:1007, GenericItemDefinitionSO:facility-kit:1008 외 364개","생성 또는 거래·재고 입고·운반·보관·장착 또는 소비와 하류 주문 기록","과잉 재고·운반·보관·수리 또는 사용 시점 지연이 압력이 된다","실제 비교 후보·교역·재활용·수리·배급 조정 중 원본 기능에 맞는 경로로 재고 압력을 줄인다","설계 확정; 질량·가격·스택·부패·효과 수치는 source authority와 밸런스 기준서에서 별도 검증 OPEN"
"facility-kit:9820","오수 침전조 설치 키트","General (일반)","[{""rid"":7737211921986486339},{""rid"":7737211921986486340}]","해당 없음: GenericItemDefinitionSO","8","165","게임 내 역할은 시설 설치와 구성, 생산망의 입력·출력에 연결된다.","이 물자의 원본 기능을 위해 보관·운반·소비·거래 중 한 경로에 재고를 배정해 다른 사용처를 늦춘다","비교 후보(대체 가능성 미검증): GenericItemDefinitionSO:facility-kit:0, GenericItemDefinitionSO:facility-kit:1, GenericItemDefinitionSO:facility-kit:10, GenericItemDefinitionSO:facility-kit:1000, GenericItemDefinitionSO:facility-kit:1001, GenericItemDefinitionSO:facility-kit:1002, GenericItemDefinitionSO:facility-kit:1003, GenericItemDefinitionSO:facility-kit:1004, GenericItemDefinitionSO:facility-kit:1005, GenericItemDefinitionSO:facility-kit:1006, GenericItemDefinitionSO:facility-kit:1007, GenericItemDefinitionSO:facility-kit:1008 외 364개","생성 또는 거래·재고 입고·운반·보관·장착 또는 소비와 하류 주문 기록","과잉 재고·운반·보관·수리 또는 사용 시점 지연이 압력이 된다","실제 비교 후보·교역·재활용·수리·배급 조정 중 원본 기능에 맞는 경로로 재고 압력을 줄인다","설계 확정; 질량·가격·스택·부패·효과 수치는 source authority와 밸런스 기준서에서 별도 검증 OPEN"
"facility-kit:9821","소독 정수기 설치 키트","General (일반)","[{""rid"":7737211921986486341},{""rid"":7737211921986486342}]","해당 없음: GenericItemDefinitionSO","8","165","게임 내 역할은 시설 설치와 구성, 생산망의 입력·출력에 연결된다.","이 물자의 원본 기능을 위해 보관·운반·소비·거래 중 한 경로에 재고를 배정해 다른 사용처를 늦춘다","비교 후보(대체 가능성 미검증): GenericItemDefinitionSO:facility-kit:0, GenericItemDefinitionSO:facility-kit:1, GenericItemDefinitionSO:facility-kit:10, GenericItemDefinitionSO:facility-kit:1000, GenericItemDefinitionSO:facility-kit:1001, GenericItemDefinitionSO:facility-kit:1002, GenericItemDefinitionSO:facility-kit:1003, GenericItemDefinitionSO:facility-kit:1004, GenericItemDefinitionSO:facility-kit:1005, GenericItemDefinitionSO:facility-kit:1006, GenericItemDefinitionSO:facility-kit:1007, GenericItemDefinitionSO:facility-kit:1008 외 364개","생성 또는 거래·재고 입고·운반·보관·장착 또는 소비와 하류 주문 기록","과잉 재고·운반·보관·수리 또는 사용 시점 지연이 압력이 된다","실제 비교 후보·교역·재활용·수리·배급 조정 중 원본 기능에 맞는 경로로 재고 압력을 줄인다","설계 확정; 질량·가격·스택·부패·효과 수치는 source authority와 밸런스 기준서에서 별도 검증 OPEN"
"facility-kit:9822","룬 정화 시설 설치 키트","General (일반)","[{""rid"":7737211921986486343},{""rid"":7737211921986486344}]","해당 없음: GenericItemDefinitionSO","8","165","게임 내 역할은 시설 설치와 구성, 생산망의 입력·출력에 연결된다.","이 물자의 원본 기능을 위해 보관·운반·소비·거래 중 한 경로에 재고를 배정해 다른 사용처를 늦춘다","비교 후보(대체 가능성 미검증): GenericItemDefinitionSO:facility-kit:0, GenericItemDefinitionSO:facility-kit:1, GenericItemDefinitionSO:facility-kit:10, GenericItemDefinitionSO:facility-kit:1000, GenericItemDefinitionSO:facility-kit:1001, GenericItemDefinitionSO:facility-kit:1002, GenericItemDefinitionSO:facility-kit:1003, GenericItemDefinitionSO:facility-kit:1004, GenericItemDefinitionSO:facility-kit:1005, GenericItemDefinitionSO:facility-kit:1006, GenericItemDefinitionSO:facility-kit:1007, GenericItemDefinitionSO:facility-kit:1008 외 364개","생성 또는 거래·재고 입고·운반·보관·장착 또는 소비와 하류 주문 기록","과잉 재고·운반·보관·수리 또는 사용 시점 지연이 압력이 된다","실제 비교 후보·교역·재활용·수리·배급 조정 중 원본 기능에 맞는 경로로 재고 압력을 줄인다","설계 확정; 질량·가격·스택·부패·효과 수치는 source authority와 밸런스 기준서에서 별도 검증 OPEN"
"facility-kit:9823","샤워 시설 설치 키트","General (일반)","[{""rid"":7737211921986486345},{""rid"":7737211921986486346}]","해당 없음: GenericItemDefinitionSO","8","95","게임 내 역할은 시설 설치와 구성, 생산망의 입력·출력에 연결된다.","이 물자의 원본 기능을 위해 보관·운반·소비·거래 중 한 경로에 재고를 배정해 다른 사용처를 늦춘다","비교 후보(대체 가능성 미검증): GenericItemDefinitionSO:facility-kit:0, GenericItemDefinitionSO:facility-kit:1, GenericItemDefinitionSO:facility-kit:10, GenericItemDefinitionSO:facility-kit:1000, GenericItemDefinitionSO:facility-kit:1001, GenericItemDefinitionSO:facility-kit:1002, GenericItemDefinitionSO:facility-kit:1003, GenericItemDefinitionSO:facility-kit:1004, GenericItemDefinitionSO:facility-kit:1005, GenericItemDefinitionSO:facility-kit:1006, GenericItemDefinitionSO:facility-kit:1007, GenericItemDefinitionSO:facility-kit:1008 외 364개","생성 또는 거래·재고 입고·운반·보관·장착 또는 소비와 하류 주문 기록","과잉 재고·운반·보관·수리 또는 사용 시점 지연이 압력이 된다","실제 비교 후보·교역·재활용·수리·배급 조정 중 원본 기능에 맞는 경로로 재고 압력을 줄인다","설계 확정; 질량·가격·스택·부패·효과 수치는 source authority와 밸런스 기준서에서 별도 검증 OPEN"
"facility-kit:9824","전기 아크등 설치 키트","General (일반)","[{""rid"":7737211921986486347},{""rid"":7737211921986486348}]","해당 없음: GenericItemDefinitionSO","8","95","게임 내 역할은 시설 설치와 구성, 생산망의 입력·출력에 연결된다.","이 물자의 원본 기능을 위해 보관·운반·소비·거래 중 한 경로에 재고를 배정해 다른 사용처를 늦춘다","비교 후보(대체 가능성 미검증): GenericItemDefinitionSO:facility-kit:0, GenericItemDefinitionSO:facility-kit:1, GenericItemDefinitionSO:facility-kit:10, GenericItemDefinitionSO:facility-kit:1000, GenericItemDefinitionSO:facility-kit:1001, GenericItemDefinitionSO:facility-kit:1002, GenericItemDefinitionSO:facility-kit:1003, GenericItemDefinitionSO:facility-kit:1004, GenericItemDefinitionSO:facility-kit:1005, GenericItemDefinitionSO:facility-kit:1006, GenericItemDefinitionSO:facility-kit:1007, GenericItemDefinitionSO:facility-kit:1008 외 364개","생성 또는 거래·재고 입고·운반·보관·장착 또는 소비와 하류 주문 기록","과잉 재고·운반·보관·수리 또는 사용 시점 지연이 압력이 된다","실제 비교 후보·교역·재활용·수리·배급 조정 중 원본 기능에 맞는 경로로 재고 압력을 줄인다","설계 확정; 질량·가격·스택·부패·효과 수치는 source authority와 밸런스 기준서에서 별도 검증 OPEN"
"facility-kit:9825","전기 제련 도가니 설치 키트","General (일반)","[{""rid"":7737211921986486349},{""rid"":7737211921986486350}]","해당 없음: GenericItemDefinitionSO","8","130","게임 내 역할은 시설 설치와 구성, 생산망의 입력·출력에 연결된다.","이 물자의 원본 기능을 위해 보관·운반·소비·거래 중 한 경로에 재고를 배정해 다른 사용처를 늦춘다","비교 후보(대체 가능성 미검증): GenericItemDefinitionSO:facility-kit:0, GenericItemDefinitionSO:facility-kit:1, GenericItemDefinitionSO:facility-kit:10, GenericItemDefinitionSO:facility-kit:1000, GenericItemDefinitionSO:facility-kit:1001, GenericItemDefinitionSO:facility-kit:1002, GenericItemDefinitionSO:facility-kit:1003, GenericItemDefinitionSO:facility-kit:1004, GenericItemDefinitionSO:facility-kit:1005, GenericItemDefinitionSO:facility-kit:1006, GenericItemDefinitionSO:facility-kit:1007, GenericItemDefinitionSO:facility-kit:1008 외 364개","생성 또는 거래·재고 입고·운반·보관·장착 또는 소비와 하류 주문 기록","과잉 재고·운반·보관·수리 또는 사용 시점 지연이 압력이 된다","실제 비교 후보·교역·재활용·수리·배급 조정 중 원본 기능에 맞는 경로로 재고 압력을 줄인다","설계 확정; 질량·가격·스택·부패·효과 수치는 source authority와 밸런스 기준서에서 별도 검증 OPEN"
"facility-kit:9826","룬 조율실 설치 키트","General (일반)","[{""rid"":7737211921986486351},{""rid"":7737211921986486352}]","해당 없음: GenericItemDefinitionSO","8","130","게임 내 역할은 시설 설치와 구성, 생산망의 입력·출력에 연결된다.","이 물자의 원본 기능을 위해 보관·운반·소비·거래 중 한 경로에 재고를 배정해 다른 사용처를 늦춘다","비교 후보(대체 가능성 미검증): GenericItemDefinitionSO:facility-kit:0, GenericItemDefinitionSO:facility-kit:1, GenericItemDefinitionSO:facility-kit:10, GenericItemDefinitionSO:facility-kit:1000, GenericItemDefinitionSO:facility-kit:1001, GenericItemDefinitionSO:facility-kit:1002, GenericItemDefinitionSO:facility-kit:1003, GenericItemDefinitionSO:facility-kit:1004, GenericItemDefinitionSO:facility-kit:1005, GenericItemDefinitionSO:facility-kit:1006, GenericItemDefinitionSO:facility-kit:1007, GenericItemDefinitionSO:facility-kit:1008 외 364개","생성 또는 거래·재고 입고·운반·보관·장착 또는 소비와 하류 주문 기록","과잉 재고·운반·보관·수리 또는 사용 시점 지연이 압력이 된다","실제 비교 후보·교역·재활용·수리·배급 조정 중 원본 기능에 맞는 경로로 재고 압력을 줄인다","설계 확정; 질량·가격·스택·부패·효과 수치는 source authority와 밸런스 기준서에서 별도 검증 OPEN"
"facility-kit:9827","계보 기록실 설치 키트","General (일반)","[{""rid"":7737211921986486353},{""rid"":7737211921986486354}]","해당 없음: GenericItemDefinitionSO","8","130","게임 내 역할은 시설 설치와 구성, 생산망의 입력·출력에 연결된다.","이 물자의 원본 기능을 위해 보관·운반·소비·거래 중 한 경로에 재고를 배정해 다른 사용처를 늦춘다","비교 후보(대체 가능성 미검증): GenericItemDefinitionSO:facility-kit:0, GenericItemDefinitionSO:facility-kit:1, GenericItemDefinitionSO:facility-kit:10, GenericItemDefinitionSO:facility-kit:1000, GenericItemDefinitionSO:facility-kit:1001, GenericItemDefinitionSO:facility-kit:1002, GenericItemDefinitionSO:facility-kit:1003, GenericItemDefinitionSO:facility-kit:1004, GenericItemDefinitionSO:facility-kit:1005, GenericItemDefinitionSO:facility-kit:1006, GenericItemDefinitionSO:facility-kit:1007, GenericItemDefinitionSO:facility-kit:1008 외 364개","생성 또는 거래·재고 입고·운반·보관·장착 또는 소비와 하류 주문 기록","과잉 재고·운반·보관·수리 또는 사용 시점 지연이 압력이 된다","실제 비교 후보·교역·재활용·수리·배급 조정 중 원본 기능에 맞는 경로로 재고 압력을 줄인다","설계 확정; 질량·가격·스택·부패·효과 수치는 source authority와 밸런스 기준서에서 별도 검증 OPEN"
"facility-kit:9840","컨베이어 우향 설치 키트","General (일반)","[{""rid"":7737211921986486355},{""rid"":7737211921986486356}]","해당 없음: GenericItemDefinitionSO","8","95","게임 내 역할은 시설 설치와 구성, 생산망의 입력·출력에 연결된다.","이 물자의 원본 기능을 위해 보관·운반·소비·거래 중 한 경로에 재고를 배정해 다른 사용처를 늦춘다","비교 후보(대체 가능성 미검증): GenericItemDefinitionSO:facility-kit:0, GenericItemDefinitionSO:facility-kit:1, GenericItemDefinitionSO:facility-kit:10, GenericItemDefinitionSO:facility-kit:1000, GenericItemDefinitionSO:facility-kit:1001, GenericItemDefinitionSO:facility-kit:1002, GenericItemDefinitionSO:facility-kit:1003, GenericItemDefinitionSO:facility-kit:1004, GenericItemDefinitionSO:facility-kit:1005, GenericItemDefinitionSO:facility-kit:1006, GenericItemDefinitionSO:facility-kit:1007, GenericItemDefinitionSO:facility-kit:1008 외 364개","생성 또는 거래·재고 입고·운반·보관·장착 또는 소비와 하류 주문 기록","과잉 재고·운반·보관·수리 또는 사용 시점 지연이 압력이 된다","실제 비교 후보·교역·재활용·수리·배급 조정 중 원본 기능에 맞는 경로로 재고 압력을 줄인다","설계 확정; 질량·가격·스택·부패·효과 수치는 source authority와 밸런스 기준서에서 별도 검증 OPEN"
"facility-kit:9841","컨베이어 좌향 설치 키트","General (일반)","[{""rid"":7737211921986486357},{""rid"":7737211921986486358}]","해당 없음: GenericItemDefinitionSO","8","95","게임 내 역할은 시설 설치와 구성, 생산망의 입력·출력에 연결된다.","이 물자의 원본 기능을 위해 보관·운반·소비·거래 중 한 경로에 재고를 배정해 다른 사용처를 늦춘다","비교 후보(대체 가능성 미검증): GenericItemDefinitionSO:facility-kit:0, GenericItemDefinitionSO:facility-kit:1, GenericItemDefinitionSO:facility-kit:10, GenericItemDefinitionSO:facility-kit:1000, GenericItemDefinitionSO:facility-kit:1001, GenericItemDefinitionSO:facility-kit:1002, GenericItemDefinitionSO:facility-kit:1003, GenericItemDefinitionSO:facility-kit:1004, GenericItemDefinitionSO:facility-kit:1005, GenericItemDefinitionSO:facility-kit:1006, GenericItemDefinitionSO:facility-kit:1007, GenericItemDefinitionSO:facility-kit:1008 외 364개","생성 또는 거래·재고 입고·운반·보관·장착 또는 소비와 하류 주문 기록","과잉 재고·운반·보관·수리 또는 사용 시점 지연이 압력이 된다","실제 비교 후보·교역·재활용·수리·배급 조정 중 원본 기능에 맞는 경로로 재고 압력을 줄인다","설계 확정; 질량·가격·스택·부패·효과 수치는 source authority와 밸런스 기준서에서 별도 검증 OPEN"
"facility-kit:9842","컨베이어 상향 설치 키트","General (일반)","[{""rid"":7737211921986486359},{""rid"":7737211921986486360}]","해당 없음: GenericItemDefinitionSO","8","95","게임 내 역할은 시설 설치와 구성, 생산망의 입력·출력에 연결된다.","이 물자의 원본 기능을 위해 보관·운반·소비·거래 중 한 경로에 재고를 배정해 다른 사용처를 늦춘다","비교 후보(대체 가능성 미검증): GenericItemDefinitionSO:facility-kit:0, GenericItemDefinitionSO:facility-kit:1, GenericItemDefinitionSO:facility-kit:10, GenericItemDefinitionSO:facility-kit:1000, GenericItemDefinitionSO:facility-kit:1001, GenericItemDefinitionSO:facility-kit:1002, GenericItemDefinitionSO:facility-kit:1003, GenericItemDefinitionSO:facility-kit:1004, GenericItemDefinitionSO:facility-kit:1005, GenericItemDefinitionSO:facility-kit:1006, GenericItemDefinitionSO:facility-kit:1007, GenericItemDefinitionSO:facility-kit:1008 외 364개","생성 또는 거래·재고 입고·운반·보관·장착 또는 소비와 하류 주문 기록","과잉 재고·운반·보관·수리 또는 사용 시점 지연이 압력이 된다","실제 비교 후보·교역·재활용·수리·배급 조정 중 원본 기능에 맞는 경로로 재고 압력을 줄인다","설계 확정; 질량·가격·스택·부패·효과 수치는 source authority와 밸런스 기준서에서 별도 검증 OPEN"
"facility-kit:9843","컨베이어 하향 설치 키트","General (일반)","[{""rid"":7737211921986486361},{""rid"":7737211921986486362}]","해당 없음: GenericItemDefinitionSO","8","95","게임 내 역할은 시설 설치와 구성, 생산망의 입력·출력에 연결된다.","이 물자의 원본 기능을 위해 보관·운반·소비·거래 중 한 경로에 재고를 배정해 다른 사용처를 늦춘다","비교 후보(대체 가능성 미검증): GenericItemDefinitionSO:facility-kit:0, GenericItemDefinitionSO:facility-kit:1, GenericItemDefinitionSO:facility-kit:10, GenericItemDefinitionSO:facility-kit:1000, GenericItemDefinitionSO:facility-kit:1001, GenericItemDefinitionSO:facility-kit:1002, GenericItemDefinitionSO:facility-kit:1003, GenericItemDefinitionSO:facility-kit:1004, GenericItemDefinitionSO:facility-kit:1005, GenericItemDefinitionSO:facility-kit:1006, GenericItemDefinitionSO:facility-kit:1007, GenericItemDefinitionSO:facility-kit:1008 외 364개","생성 또는 거래·재고 입고·운반·보관·장착 또는 소비와 하류 주문 기록","과잉 재고·운반·보관·수리 또는 사용 시점 지연이 압력이 된다","실제 비교 후보·교역·재활용·수리·배급 조정 중 원본 기능에 맞는 경로로 재고 압력을 줄인다","설계 확정; 질량·가격·스택·부패·효과 수치는 source authority와 밸런스 기준서에서 별도 검증 OPEN"
"facility-kit:9844","컨베이어 입력기 설치 키트","General (일반)","[{""rid"":7737211921986486363},{""rid"":7737211921986486364}]","해당 없음: GenericItemDefinitionSO","8","95","게임 내 역할은 시설 설치와 구성, 생산망의 입력·출력에 연결된다.","이 물자의 원본 기능을 위해 보관·운반·소비·거래 중 한 경로에 재고를 배정해 다른 사용처를 늦춘다","비교 후보(대체 가능성 미검증): GenericItemDefinitionSO:facility-kit:0, GenericItemDefinitionSO:facility-kit:1, GenericItemDefinitionSO:facility-kit:10, GenericItemDefinitionSO:facility-kit:1000, GenericItemDefinitionSO:facility-kit:1001, GenericItemDefinitionSO:facility-kit:1002, GenericItemDefinitionSO:facility-kit:1003, GenericItemDefinitionSO:facility-kit:1004, GenericItemDefinitionSO:facility-kit:1005, GenericItemDefinitionSO:facility-kit:1006, GenericItemDefinitionSO:facility-kit:1007, GenericItemDefinitionSO:facility-kit:1008 외 364개","생성 또는 거래·재고 입고·운반·보관·장착 또는 소비와 하류 주문 기록","과잉 재고·운반·보관·수리 또는 사용 시점 지연이 압력이 된다","실제 비교 후보·교역·재활용·수리·배급 조정 중 원본 기능에 맞는 경로로 재고 압력을 줄인다","설계 확정; 질량·가격·스택·부패·효과 수치는 source authority와 밸런스 기준서에서 별도 검증 OPEN"
"facility-kit:9845","컨베이어 출력기 설치 키트","General (일반)","[{""rid"":7737211921986486365},{""rid"":7737211921986486366}]","해당 없음: GenericItemDefinitionSO","8","95","게임 내 역할은 시설 설치와 구성, 생산망의 입력·출력에 연결된다.","이 물자의 원본 기능을 위해 보관·운반·소비·거래 중 한 경로에 재고를 배정해 다른 사용처를 늦춘다","비교 후보(대체 가능성 미검증): GenericItemDefinitionSO:facility-kit:0, GenericItemDefinitionSO:facility-kit:1, GenericItemDefinitionSO:facility-kit:10, GenericItemDefinitionSO:facility-kit:1000, GenericItemDefinitionSO:facility-kit:1001, GenericItemDefinitionSO:facility-kit:1002, GenericItemDefinitionSO:facility-kit:1003, GenericItemDefinitionSO:facility-kit:1004, GenericItemDefinitionSO:facility-kit:1005, GenericItemDefinitionSO:facility-kit:1006, GenericItemDefinitionSO:facility-kit:1007, GenericItemDefinitionSO:facility-kit:1008 외 364개","생성 또는 거래·재고 입고·운반·보관·장착 또는 소비와 하류 주문 기록","과잉 재고·운반·보관·수리 또는 사용 시점 지연이 압력이 된다","실제 비교 후보·교역·재활용·수리·배급 조정 중 원본 기능에 맞는 경로로 재고 압력을 줄인다","설계 확정; 질량·가격·스택·부패·효과 수치는 source authority와 밸런스 기준서에서 별도 검증 OPEN"
"facility-kit:9846","컨베이어 분배기 설치 키트","General (일반)","[{""rid"":7737211921986486367},{""rid"":7737211921986486368}]","해당 없음: GenericItemDefinitionSO","8","95","게임 내 역할은 시설 설치와 구성, 생산망의 입력·출력에 연결된다.","이 물자의 원본 기능을 위해 보관·운반·소비·거래 중 한 경로에 재고를 배정해 다른 사용처를 늦춘다","비교 후보(대체 가능성 미검증): GenericItemDefinitionSO:facility-kit:0, GenericItemDefinitionSO:facility-kit:1, GenericItemDefinitionSO:facility-kit:10, GenericItemDefinitionSO:facility-kit:1000, GenericItemDefinitionSO:facility-kit:1001, GenericItemDefinitionSO:facility-kit:1002, GenericItemDefinitionSO:facility-kit:1003, GenericItemDefinitionSO:facility-kit:1004, GenericItemDefinitionSO:facility-kit:1005, GenericItemDefinitionSO:facility-kit:1006, GenericItemDefinitionSO:facility-kit:1007, GenericItemDefinitionSO:facility-kit:1008 외 364개","생성 또는 거래·재고 입고·운반·보관·장착 또는 소비와 하류 주문 기록","과잉 재고·운반·보관·수리 또는 사용 시점 지연이 압력이 된다","실제 비교 후보·교역·재활용·수리·배급 조정 중 원본 기능에 맞는 경로로 재고 압력을 줄인다","설계 확정; 질량·가격·스택·부패·효과 수치는 source authority와 밸런스 기준서에서 별도 검증 OPEN"
"facility-kit:9847","컨베이어 합류기 설치 키트","General (일반)","[{""rid"":7737211921986486369},{""rid"":7737211921986486370}]","해당 없음: GenericItemDefinitionSO","8","95","게임 내 역할은 시설 설치와 구성, 생산망의 입력·출력에 연결된다.","이 물자의 원본 기능을 위해 보관·운반·소비·거래 중 한 경로에 재고를 배정해 다른 사용처를 늦춘다","비교 후보(대체 가능성 미검증): GenericItemDefinitionSO:facility-kit:0, GenericItemDefinitionSO:facility-kit:1, GenericItemDefinitionSO:facility-kit:10, GenericItemDefinitionSO:facility-kit:1000, GenericItemDefinitionSO:facility-kit:1001, GenericItemDefinitionSO:facility-kit:1002, GenericItemDefinitionSO:facility-kit:1003, GenericItemDefinitionSO:facility-kit:1004, GenericItemDefinitionSO:facility-kit:1005, GenericItemDefinitionSO:facility-kit:1006, GenericItemDefinitionSO:facility-kit:1007, GenericItemDefinitionSO:facility-kit:1008 외 364개","생성 또는 거래·재고 입고·운반·보관·장착 또는 소비와 하류 주문 기록","과잉 재고·운반·보관·수리 또는 사용 시점 지연이 압력이 된다","실제 비교 후보·교역·재활용·수리·배급 조정 중 원본 기능에 맞는 경로로 재고 압력을 줄인다","설계 확정; 질량·가격·스택·부패·효과 수치는 source authority와 밸런스 기준서에서 별도 검증 OPEN"
"facility-kit:9848","컨베이어 필터 설치 키트","General (일반)","[{""rid"":7737211921986486371},{""rid"":7737211921986486372}]","해당 없음: GenericItemDefinitionSO","8","95","게임 내 역할은 시설 설치와 구성, 생산망의 입력·출력에 연결된다.","이 물자의 원본 기능을 위해 보관·운반·소비·거래 중 한 경로에 재고를 배정해 다른 사용처를 늦춘다","비교 후보(대체 가능성 미검증): GenericItemDefinitionSO:facility-kit:0, GenericItemDefinitionSO:facility-kit:1, GenericItemDefinitionSO:facility-kit:10, GenericItemDefinitionSO:facility-kit:1000, GenericItemDefinitionSO:facility-kit:1001, GenericItemDefinitionSO:facility-kit:1002, GenericItemDefinitionSO:facility-kit:1003, GenericItemDefinitionSO:facility-kit:1004, GenericItemDefinitionSO:facility-kit:1005, GenericItemDefinitionSO:facility-kit:1006, GenericItemDefinitionSO:facility-kit:1007, GenericItemDefinitionSO:facility-kit:1008 외 364개","생성 또는 거래·재고 입고·운반·보관·장착 또는 소비와 하류 주문 기록","과잉 재고·운반·보관·수리 또는 사용 시점 지연이 압력이 된다","실제 비교 후보·교역·재활용·수리·배급 조정 중 원본 기능에 맞는 경로로 재고 압력을 줄인다","설계 확정; 질량·가격·스택·부패·효과 수치는 source authority와 밸런스 기준서에서 별도 검증 OPEN"
"facility-kit:9849","우선순위 게이트 설치 키트","General (일반)","[{""rid"":7737211921986486373},{""rid"":7737211921986486374}]","해당 없음: GenericItemDefinitionSO","8","95","게임 내 역할은 시설 설치와 구성, 생산망의 입력·출력에 연결된다.","이 물자의 원본 기능을 위해 보관·운반·소비·거래 중 한 경로에 재고를 배정해 다른 사용처를 늦춘다","비교 후보(대체 가능성 미검증): GenericItemDefinitionSO:facility-kit:0, GenericItemDefinitionSO:facility-kit:1, GenericItemDefinitionSO:facility-kit:10, GenericItemDefinitionSO:facility-kit:1000, GenericItemDefinitionSO:facility-kit:1001, GenericItemDefinitionSO:facility-kit:1002, GenericItemDefinitionSO:facility-kit:1003, GenericItemDefinitionSO:facility-kit:1004, GenericItemDefinitionSO:facility-kit:1005, GenericItemDefinitionSO:facility-kit:1006, GenericItemDefinitionSO:facility-kit:1007, GenericItemDefinitionSO:facility-kit:1008 외 364개","생성 또는 거래·재고 입고·운반·보관·장착 또는 소비와 하류 주문 기록","과잉 재고·운반·보관·수리 또는 사용 시점 지연이 압력이 된다","실제 비교 후보·교역·재활용·수리·배급 조정 중 원본 기능에 맞는 경로로 재고 압력을 줄인다","설계 확정; 질량·가격·스택·부패·효과 수치는 source authority와 밸런스 기준서에서 별도 검증 OPEN"
"facility-kit:9850","층간 물류 리프트 설치 키트","General (일반)","[{""rid"":7737211921986486375},{""rid"":7737211921986486376}]","해당 없음: GenericItemDefinitionSO","8","95","게임 내 역할은 시설 설치와 구성, 생산망의 입력·출력에 연결된다.","이 물자의 원본 기능을 위해 보관·운반·소비·거래 중 한 경로에 재고를 배정해 다른 사용처를 늦춘다","비교 후보(대체 가능성 미검증): GenericItemDefinitionSO:facility-kit:0, GenericItemDefinitionSO:facility-kit:1, GenericItemDefinitionSO:facility-kit:10, GenericItemDefinitionSO:facility-kit:1000, GenericItemDefinitionSO:facility-kit:1001, GenericItemDefinitionSO:facility-kit:1002, GenericItemDefinitionSO:facility-kit:1003, GenericItemDefinitionSO:facility-kit:1004, GenericItemDefinitionSO:facility-kit:1005, GenericItemDefinitionSO:facility-kit:1006, GenericItemDefinitionSO:facility-kit:1007, GenericItemDefinitionSO:facility-kit:1008 외 364개","생성 또는 거래·재고 입고·운반·보관·장착 또는 소비와 하류 주문 기록","과잉 재고·운반·보관·수리 또는 사용 시점 지연이 압력이 된다","실제 비교 후보·교역·재활용·수리·배급 조정 중 원본 기능에 맞는 경로로 재고 압력을 줄인다","설계 확정; 질량·가격·스택·부패·효과 수치는 source authority와 밸런스 기준서에서 별도 검증 OPEN"
"facility-kit:9851","오버플로 배출 게이트 설치 키트","General (일반)","[{""rid"":7737211921986486377},{""rid"":7737211921986486378}]","해당 없음: GenericItemDefinitionSO","8","95","게임 내 역할은 시설 설치와 구성, 생산망의 입력·출력에 연결된다.","이 물자의 원본 기능을 위해 보관·운반·소비·거래 중 한 경로에 재고를 배정해 다른 사용처를 늦춘다","비교 후보(대체 가능성 미검증): GenericItemDefinitionSO:facility-kit:0, GenericItemDefinitionSO:facility-kit:1, GenericItemDefinitionSO:facility-kit:10, GenericItemDefinitionSO:facility-kit:1000, GenericItemDefinitionSO:facility-kit:1001, GenericItemDefinitionSO:facility-kit:1002, GenericItemDefinitionSO:facility-kit:1003, GenericItemDefinitionSO:facility-kit:1004, GenericItemDefinitionSO:facility-kit:1005, GenericItemDefinitionSO:facility-kit:1006, GenericItemDefinitionSO:facility-kit:1007, GenericItemDefinitionSO:facility-kit:1008 외 364개","생성 또는 거래·재고 입고·운반·보관·장착 또는 소비와 하류 주문 기록","과잉 재고·운반·보관·수리 또는 사용 시점 지연이 압력이 된다","실제 비교 후보·교역·재활용·수리·배급 조정 중 원본 기능에 맞는 경로로 재고 압력을 줄인다","설계 확정; 질량·가격·스택·부패·효과 수치는 source authority와 밸런스 기준서에서 별도 검증 OPEN"
"facility-kit:9852","고속 컨베이어 설치 키트","General (일반)","[{""rid"":7737211921986486379},{""rid"":7737211921986486380}]","해당 없음: GenericItemDefinitionSO","8","95","게임 내 역할은 시설 설치와 구성, 생산망의 입력·출력에 연결된다.","이 물자의 원본 기능을 위해 보관·운반·소비·거래 중 한 경로에 재고를 배정해 다른 사용처를 늦춘다","비교 후보(대체 가능성 미검증): GenericItemDefinitionSO:facility-kit:0, GenericItemDefinitionSO:facility-kit:1, GenericItemDefinitionSO:facility-kit:10, GenericItemDefinitionSO:facility-kit:1000, GenericItemDefinitionSO:facility-kit:1001, GenericItemDefinitionSO:facility-kit:1002, GenericItemDefinitionSO:facility-kit:1003, GenericItemDefinitionSO:facility-kit:1004, GenericItemDefinitionSO:facility-kit:1005, GenericItemDefinitionSO:facility-kit:1006, GenericItemDefinitionSO:facility-kit:1007, GenericItemDefinitionSO:facility-kit:1008 외 364개","생성 또는 거래·재고 입고·운반·보관·장착 또는 소비와 하류 주문 기록","과잉 재고·운반·보관·수리 또는 사용 시점 지연이 압력이 된다","실제 비교 후보·교역·재활용·수리·배급 조정 중 원본 기능에 맞는 경로로 재고 압력을 줄인다","설계 확정; 질량·가격·스택·부패·효과 수치는 source authority와 밸런스 기준서에서 별도 검증 OPEN"
"facility-kit:9860","자동화 제어반 설치 키트","General (일반)","[{""rid"":7737211921986486381},{""rid"":7737211921986486382}]","해당 없음: GenericItemDefinitionSO","8","130","게임 내 역할은 시설 설치와 구성, 생산망의 입력·출력에 연결된다.","이 물자의 원본 기능을 위해 보관·운반·소비·거래 중 한 경로에 재고를 배정해 다른 사용처를 늦춘다","비교 후보(대체 가능성 미검증): GenericItemDefinitionSO:facility-kit:0, GenericItemDefinitionSO:facility-kit:1, GenericItemDefinitionSO:facility-kit:10, GenericItemDefinitionSO:facility-kit:1000, GenericItemDefinitionSO:facility-kit:1001, GenericItemDefinitionSO:facility-kit:1002, GenericItemDefinitionSO:facility-kit:1003, GenericItemDefinitionSO:facility-kit:1004, GenericItemDefinitionSO:facility-kit:1005, GenericItemDefinitionSO:facility-kit:1006, GenericItemDefinitionSO:facility-kit:1007, GenericItemDefinitionSO:facility-kit:1008 외 364개","생성 또는 거래·재고 입고·운반·보관·장착 또는 소비와 하류 주문 기록","과잉 재고·운반·보관·수리 또는 사용 시점 지연이 압력이 된다","실제 비교 후보·교역·재활용·수리·배급 조정 중 원본 기능에 맞는 경로로 재고 압력을 줄인다","설계 확정; 질량·가격·스택·부패·효과 수치는 source authority와 밸런스 기준서에서 별도 검증 OPEN"
"facility-kit:9961","금고각인 쇠뇌대 설치 키트","General (일반)","[{""rid"":7737211921986486383},{""rid"":7737211921986486384}]","해당 없음: GenericItemDefinitionSO","8","420","게임 내 역할은 시설 설치와 구성, 생산망의 입력·출력에 연결된다.","이 물자의 원본 기능을 위해 보관·운반·소비·거래 중 한 경로에 재고를 배정해 다른 사용처를 늦춘다","비교 후보(대체 가능성 미검증): GenericItemDefinitionSO:facility-kit:0, GenericItemDefinitionSO:facility-kit:1, GenericItemDefinitionSO:facility-kit:10, GenericItemDefinitionSO:facility-kit:1000, GenericItemDefinitionSO:facility-kit:1001, GenericItemDefinitionSO:facility-kit:1002, GenericItemDefinitionSO:facility-kit:1003, GenericItemDefinitionSO:facility-kit:1004, GenericItemDefinitionSO:facility-kit:1005, GenericItemDefinitionSO:facility-kit:1006, GenericItemDefinitionSO:facility-kit:1007, GenericItemDefinitionSO:facility-kit:1008 외 364개","생성 또는 거래·재고 입고·운반·보관·장착 또는 소비와 하류 주문 기록","과잉 재고·운반·보관·수리 또는 사용 시점 지연이 압력이 된다","실제 비교 후보·교역·재활용·수리·배급 조정 중 원본 기능에 맞는 경로로 재고 압력을 줄인다","설계 확정; 질량·가격·스택·부패·효과 수치는 source authority와 밸런스 기준서에서 별도 검증 OPEN"
"industrial:sludge","오수 슬러지","General (일반)","[{""rid"":7737211673752633545}]","해당 없음: GenericItemDefinitionSO","1.2","2","게임 내 역할은 생산망의 입력·출력에 연결된다.","이 물자의 원본 기능을 위해 보관·운반·소비·거래 중 한 경로에 재고를 배정해 다른 사용처를 늦춘다","비교 후보(대체 가능성 미검증): GenericItemDefinitionSO:captivity:restraints, GenericItemDefinitionSO:dark:bone, GenericItemDefinitionSO:dark:humanoid_corpse, GenericItemDefinitionSO:evolution:facility-package, GenericItemDefinitionSO:medicine:temporary-power-bypass, GenericItemDefinitionSO:surgery:prosthetic:arm:left, GenericItemDefinitionSO:surgery:prosthetic:arm:right, GenericItemDefinitionSO:surgery:prosthetic:brain, GenericItemDefinitionSO:surgery:prosthetic:core, GenericItemDefinitionSO:surgery:prosthetic:eye:left, GenericItemDefinitionSO:surgery:prosthetic:eye:right, GenericItemDefinitionSO:surgery:prosthetic:heart 외 11개","생성 또는 거래·재고 입고·운반·보관·장착 또는 소비와 하류 주문 기록","과잉 재고·운반·보관·수리 또는 사용 시점 지연이 압력이 된다","실제 비교 후보·교역·재활용·수리·배급 조정 중 원본 기능에 맞는 경로로 재고 압력을 줄인다","설계 확정; 질량·가격·스택·부패·효과 수치는 source authority와 밸런스 기준서에서 별도 검증 OPEN"
"medicine:blood-pack","수혈 팩","Biological (생물)","[{""rid"":7737211673752633489}]","해당 없음: GenericItemDefinitionSO","0.5","35","게임 내 역할은 생산망의 입력·출력에 연결된다.","사육·치료·생체 제작에 물자를 묶어 식량·의료·보관 경로와 경쟁한다","비교 후보(대체 가능성 미검증): GenericItemDefinitionSO:captivity:extracted-blood, GenericItemDefinitionSO:surgery:contaminated-tissue, GenericItemDefinitionSO:surgery:organ:arm:left, GenericItemDefinitionSO:surgery:organ:arm:right, GenericItemDefinitionSO:surgery:organ:brain, GenericItemDefinitionSO:surgery:organ:core, GenericItemDefinitionSO:surgery:organ:eye:left, GenericItemDefinitionSO:surgery:organ:eye:right, GenericItemDefinitionSO:surgery:organ:heart, GenericItemDefinitionSO:surgery:organ:kidney:left, GenericItemDefinitionSO:surgery:organ:kidney:right, GenericItemDefinitionSO:surgery:organ:leg:left 외 7개","생성 또는 거래·재고 입고·운반·보관·장착 또는 소비와 하류 주문 기록","과잉 재고·운반·보관·수리 또는 사용 시점 지연이 압력이 된다","실제 비교 후보·교역·재활용·수리·배급 조정 중 원본 기능에 맞는 경로로 재고 압력을 줄인다","설계 확정; 질량·가격·스택·부패·효과 수치는 source authority와 밸런스 기준서에서 별도 검증 OPEN"
"medicine:blood-seal-kit","혈액 봉합 키트","Medicine (의약품)","[{""rid"":7737211673752633473},{""rid"":7737211673752633474}]","해당 없음: GenericItemDefinitionSO","0.55","55","게임 내 역할은 치료와 회복, 생산망의 입력·출력에 연결된다.","치료·예방·계약 의료 중 이 물자를 언제 비축·소비할지 선택해 다른 의료 경로를 늦춘다","비교 후보(대체 가능성 미검증): GenericItemDefinitionSO:medicine:disinfectant, GenericItemDefinitionSO:medicine:field-emergency-kit, GenericItemDefinitionSO:medicine:immunosuppressant, GenericItemDefinitionSO:medicine:rune-slime-patch, GenericItemDefinitionSO:medicine:wing-splint-kit","생성 또는 거래·재고 입고·운반·보관·장착 또는 소비와 하류 주문 기록","응급 수요·유효기간·침상·외부 환자와의 경합이 압력이 된다","실제 비교 후보·교역·재활용·수리·배급 조정 중 원본 기능에 맞는 경로로 재고 압력을 줄인다","설계 확정; 질량·가격·스택·부패·효과 수치는 source authority와 밸런스 기준서에서 별도 검증 OPEN"
"medicine:disinfectant","소독제","Medicine (의약품)","[{""rid"":7737211673752633578},{""rid"":7737211673752633579}]","해당 없음: GenericItemDefinitionSO","0.2","18","게임 내 역할은 치료와 회복, 생산망의 입력·출력에 연결된다.","치료·예방·계약 의료 중 이 물자를 언제 비축·소비할지 선택해 다른 의료 경로를 늦춘다","비교 후보(대체 가능성 미검증): GenericItemDefinitionSO:medicine:blood-seal-kit, GenericItemDefinitionSO:medicine:field-emergency-kit, GenericItemDefinitionSO:medicine:immunosuppressant, GenericItemDefinitionSO:medicine:rune-slime-patch, GenericItemDefinitionSO:medicine:wing-splint-kit","생성 또는 거래·재고 입고·운반·보관·장착 또는 소비와 하류 주문 기록","응급 수요·유효기간·침상·외부 환자와의 경합이 압력이 된다","실제 비교 후보·교역·재활용·수리·배급 조정 중 원본 기능에 맞는 경로로 재고 압력을 줄인다","설계 확정; 질량·가격·스택·부패·효과 수치는 source authority와 밸런스 기준서에서 별도 검증 OPEN"
"medicine:field-emergency-kit","야전 응급 키트","Medicine (의약품)","[{""rid"":7737211673752633588},{""rid"":7737211673752633589}]","해당 없음: GenericItemDefinitionSO","0.7","42","게임 내 역할은 치료와 회복, 생산망의 입력·출력에 연결된다.","치료·예방·계약 의료 중 이 물자를 언제 비축·소비할지 선택해 다른 의료 경로를 늦춘다","비교 후보(대체 가능성 미검증): GenericItemDefinitionSO:medicine:blood-seal-kit, GenericItemDefinitionSO:medicine:disinfectant, GenericItemDefinitionSO:medicine:immunosuppressant, GenericItemDefinitionSO:medicine:rune-slime-patch, GenericItemDefinitionSO:medicine:wing-splint-kit","생성 또는 거래·재고 입고·운반·보관·장착 또는 소비와 하류 주문 기록","응급 수요·유효기간·침상·외부 환자와의 경합이 압력이 된다","실제 비교 후보·교역·재활용·수리·배급 조정 중 원본 기능에 맞는 경로로 재고 압력을 줄인다","설계 확정; 질량·가격·스택·부패·효과 수치는 source authority와 밸런스 기준서에서 별도 검증 OPEN"
"medicine:immunosuppressant","면역억제제","Medicine (의약품)","[{""rid"":7737211673752633494},{""rid"":7737211673752633495}]","해당 없음: GenericItemDefinitionSO","0.1","65","게임 내 역할은 치료와 회복, 생산망의 입력·출력에 연결된다.","치료·예방·계약 의료 중 이 물자를 언제 비축·소비할지 선택해 다른 의료 경로를 늦춘다","비교 후보(대체 가능성 미검증): GenericItemDefinitionSO:medicine:blood-seal-kit, GenericItemDefinitionSO:medicine:disinfectant, GenericItemDefinitionSO:medicine:field-emergency-kit, GenericItemDefinitionSO:medicine:rune-slime-patch, GenericItemDefinitionSO:medicine:wing-splint-kit","생성 또는 거래·재고 입고·운반·보관·장착 또는 소비와 하류 주문 기록","응급 수요·유효기간·침상·외부 환자와의 경합이 압력이 된다","실제 비교 후보·교역·재활용·수리·배급 조정 중 원본 기능에 맞는 경로로 재고 압력을 줄인다","설계 확정; 질량·가격·스택·부패·효과 수치는 source authority와 밸런스 기준서에서 별도 검증 OPEN"
"medicine:mana-core-restraint","마핵 구속구","Mana (마력)","[{""rid"":7737211673752633566}]","해당 없음: GenericItemDefinitionSO","0.75","62","게임 내 역할은 생산망의 입력·출력에 연결된다.","비전 전력·정밀 제작·의료 중 어디에 마나 재료를 묶을지 선택한다","동일 비교군 없음","생성 또는 거래·재고 입고·운반·보관·장착 또는 소비와 하류 주문 기록","기반망 공통 부하와 저장·운반 단절이 압력이 된다","실제 비교 후보·교역·재활용·수리·배급 조정 중 원본 기능에 맞는 경로로 재고 압력을 줄인다","설계 확정; 질량·가격·스택·부패·효과 수치는 source authority와 밸런스 기준서에서 별도 검증 OPEN"
"medicine:rune-slime-patch","룬 점액 패치","Medicine (의약품)","[{""rid"":7737211673752633553},{""rid"":7737211673752633554}]","해당 없음: GenericItemDefinitionSO","0.45","48","게임 내 역할은 치료와 회복, 생산망의 입력·출력에 연결된다.","치료·예방·계약 의료 중 이 물자를 언제 비축·소비할지 선택해 다른 의료 경로를 늦춘다","비교 후보(대체 가능성 미검증): GenericItemDefinitionSO:medicine:blood-seal-kit, GenericItemDefinitionSO:medicine:disinfectant, GenericItemDefinitionSO:medicine:field-emergency-kit, GenericItemDefinitionSO:medicine:immunosuppressant, GenericItemDefinitionSO:medicine:wing-splint-kit","생성 또는 거래·재고 입고·운반·보관·장착 또는 소비와 하류 주문 기록","응급 수요·유효기간·침상·외부 환자와의 경합이 압력이 된다","실제 비교 후보·교역·재활용·수리·배급 조정 중 원본 기능에 맞는 경로로 재고 압력을 줄인다","설계 확정; 질량·가격·스택·부패·효과 수치는 source authority와 밸런스 기준서에서 별도 검증 OPEN"
"medicine:temporary-power-bypass","임시 동력 바이패스","General (일반)","[{""rid"":7737211673752633559}]","해당 없음: GenericItemDefinitionSO","1.2","58","게임 내 역할은 생산망의 입력·출력에 연결된다.","이 물자의 원본 기능을 위해 보관·운반·소비·거래 중 한 경로에 재고를 배정해 다른 사용처를 늦춘다","비교 후보(대체 가능성 미검증): GenericItemDefinitionSO:captivity:restraints, GenericItemDefinitionSO:dark:bone, GenericItemDefinitionSO:dark:humanoid_corpse, GenericItemDefinitionSO:evolution:facility-package, GenericItemDefinitionSO:industrial:sludge, GenericItemDefinitionSO:surgery:prosthetic:arm:left, GenericItemDefinitionSO:surgery:prosthetic:arm:right, GenericItemDefinitionSO:surgery:prosthetic:brain, GenericItemDefinitionSO:surgery:prosthetic:core, GenericItemDefinitionSO:surgery:prosthetic:eye:left, GenericItemDefinitionSO:surgery:prosthetic:eye:right, GenericItemDefinitionSO:surgery:prosthetic:heart 외 11개","생성 또는 거래·재고 입고·운반·보관·장착 또는 소비와 하류 주문 기록","과잉 재고·운반·보관·수리 또는 사용 시점 지연이 압력이 된다","실제 비교 후보·교역·재활용·수리·배급 조정 중 원본 기능에 맞는 경로로 재고 압력을 줄인다","설계 확정; 질량·가격·스택·부패·효과 수치는 source authority와 밸런스 기준서에서 별도 검증 OPEN"
"medicine:wing-splint-kit","날개 고정 키트","Medicine (의약품)","[{""rid"":7737211673752633467},{""rid"":7737211673752633468}]","해당 없음: GenericItemDefinitionSO","0.8","50","게임 내 역할은 치료와 회복, 생산망의 입력·출력에 연결된다.","치료·예방·계약 의료 중 이 물자를 언제 비축·소비할지 선택해 다른 의료 경로를 늦춘다","비교 후보(대체 가능성 미검증): GenericItemDefinitionSO:medicine:blood-seal-kit, GenericItemDefinitionSO:medicine:disinfectant, GenericItemDefinitionSO:medicine:field-emergency-kit, GenericItemDefinitionSO:medicine:immunosuppressant, GenericItemDefinitionSO:medicine:rune-slime-patch","생성 또는 거래·재고 입고·운반·보관·장착 또는 소비와 하류 주문 기록","응급 수요·유효기간·침상·외부 환자와의 경합이 압력이 된다","실제 비교 후보·교역·재활용·수리·배급 조정 중 원본 기능에 맞는 경로로 재고 압력을 줄인다","설계 확정; 질량·가격·스택·부패·효과 수치는 source authority와 밸런스 기준서에서 별도 검증 OPEN"
"relic:faction:beastkin:1","첫발톱 인장","General (일반)","[]","해당 없음: GenericItemDefinitionSO","0.2","0","작성 목적은 '무리의 첫 공동 사냥에서 승자를 표시하던 인장'이다.","이 물자의 원본 기능을 위해 보관·운반·소비·거래 중 한 경로에 재고를 배정해 다른 사용처를 늦춘다","비교 후보(대체 가능성 미검증): GenericItemDefinitionSO:relic:faction:beastkin:2, GenericItemDefinitionSO:relic:faction:beastkin:3, GenericItemDefinitionSO:relic:faction:demon:1, GenericItemDefinitionSO:relic:faction:demon:2, GenericItemDefinitionSO:relic:faction:demon:3, GenericItemDefinitionSO:relic:faction:golem:1, GenericItemDefinitionSO:relic:faction:golem:2, GenericItemDefinitionSO:relic:faction:golem:3, GenericItemDefinitionSO:relic:faction:harpy:1, GenericItemDefinitionSO:relic:faction:harpy:2, GenericItemDefinitionSO:relic:faction:harpy:3, GenericItemDefinitionSO:relic:faction:kobold:1 외 5개","생성 또는 거래·재고 입고·운반·보관·장착 또는 소비와 하류 주문 기록","과잉 재고·운반·보관·수리 또는 사용 시점 지연이 압력이 된다","실제 비교 후보·교역·재활용·수리·배급 조정 중 원본 기능에 맞는 경로로 재고 압력을 줄인다","설계 확정; 질량·가격·스택·부패·효과 수치는 source authority와 밸런스 기준서에서 별도 검증 OPEN"
"relic:faction:beastkin:2","무리뼈 호각","General (일반)","[]","해당 없음: GenericItemDefinitionSO","0.2","0","작성 목적은 '흩어진 사냥대를 한 번만 되돌려 부르는 호각'이다.","이 물자의 원본 기능을 위해 보관·운반·소비·거래 중 한 경로에 재고를 배정해 다른 사용처를 늦춘다","비교 후보(대체 가능성 미검증): GenericItemDefinitionSO:relic:faction:beastkin:1, GenericItemDefinitionSO:relic:faction:beastkin:3, GenericItemDefinitionSO:relic:faction:demon:1, GenericItemDefinitionSO:relic:faction:demon:2, GenericItemDefinitionSO:relic:faction:demon:3, GenericItemDefinitionSO:relic:faction:golem:1, GenericItemDefinitionSO:relic:faction:golem:2, GenericItemDefinitionSO:relic:faction:golem:3, GenericItemDefinitionSO:relic:faction:harpy:1, GenericItemDefinitionSO:relic:faction:harpy:2, GenericItemDefinitionSO:relic:faction:harpy:3, GenericItemDefinitionSO:relic:faction:kobold:1 외 5개","생성 또는 거래·재고 입고·운반·보관·장착 또는 소비와 하류 주문 기록","과잉 재고·운반·보관·수리 또는 사용 시점 지연이 압력이 된다","실제 비교 후보·교역·재활용·수리·배급 조정 중 원본 기능에 맞는 경로로 재고 압력을 줄인다","설계 확정; 질량·가격·스택·부패·효과 수치는 source authority와 밸런스 기준서에서 별도 검증 OPEN"
"relic:faction:beastkin:3","붉은사냥 망토핀","General (일반)","[]","해당 없음: GenericItemDefinitionSO","0.2","0","작성 목적은 '무리의 보호를 받은 외부인에게만 주는 핀'이다.","이 물자의 원본 기능을 위해 보관·운반·소비·거래 중 한 경로에 재고를 배정해 다른 사용처를 늦춘다","비교 후보(대체 가능성 미검증): GenericItemDefinitionSO:relic:faction:beastkin:1, GenericItemDefinitionSO:relic:faction:beastkin:2, GenericItemDefinitionSO:relic:faction:demon:1, GenericItemDefinitionSO:relic:faction:demon:2, GenericItemDefinitionSO:relic:faction:demon:3, GenericItemDefinitionSO:relic:faction:golem:1, GenericItemDefinitionSO:relic:faction:golem:2, GenericItemDefinitionSO:relic:faction:golem:3, GenericItemDefinitionSO:relic:faction:harpy:1, GenericItemDefinitionSO:relic:faction:harpy:2, GenericItemDefinitionSO:relic:faction:harpy:3, GenericItemDefinitionSO:relic:faction:kobold:1 외 5개","생성 또는 거래·재고 입고·운반·보관·장착 또는 소비와 하류 주문 기록","과잉 재고·운반·보관·수리 또는 사용 시점 지연이 압력이 된다","실제 비교 후보·교역·재활용·수리·배급 조정 중 원본 기능에 맞는 경로로 재고 압력을 줄인다","설계 확정; 질량·가격·스택·부패·효과 수치는 source authority와 밸런스 기준서에서 별도 검증 OPEN"
"relic:faction:demon:1","삼중계약 인장","General (일반)","[]","해당 없음: GenericItemDefinitionSO","0.2","0","작성 목적은 '세 당사자가 같은 의무를 인정했다는 인장'이다.","이 물자의 원본 기능을 위해 보관·운반·소비·거래 중 한 경로에 재고를 배정해 다른 사용처를 늦춘다","비교 후보(대체 가능성 미검증): GenericItemDefinitionSO:relic:faction:beastkin:1, GenericItemDefinitionSO:relic:faction:beastkin:2, GenericItemDefinitionSO:relic:faction:beastkin:3, GenericItemDefinitionSO:relic:faction:demon:2, GenericItemDefinitionSO:relic:faction:demon:3, GenericItemDefinitionSO:relic:faction:golem:1, GenericItemDefinitionSO:relic:faction:golem:2, GenericItemDefinitionSO:relic:faction:golem:3, GenericItemDefinitionSO:relic:faction:harpy:1, GenericItemDefinitionSO:relic:faction:harpy:2, GenericItemDefinitionSO:relic:faction:harpy:3, GenericItemDefinitionSO:relic:faction:kobold:1 외 5개","생성 또는 거래·재고 입고·운반·보관·장착 또는 소비와 하류 주문 기록","과잉 재고·운반·보관·수리 또는 사용 시점 지연이 압력이 된다","실제 비교 후보·교역·재활용·수리·배급 조정 중 원본 기능에 맞는 경로로 재고 압력을 줄인다","설계 확정; 질량·가격·스택·부패·효과 수치는 source authority와 밸런스 기준서에서 별도 검증 OPEN"
"relic:faction:demon:2","재판관의 불씨","General (일반)","[]","해당 없음: GenericItemDefinitionSO","0.2","0","작성 목적은 '거짓 서명을 태울 때만 붉게 타는 작은 불씨'이다.","이 물자의 원본 기능을 위해 보관·운반·소비·거래 중 한 경로에 재고를 배정해 다른 사용처를 늦춘다","비교 후보(대체 가능성 미검증): GenericItemDefinitionSO:relic:faction:beastkin:1, GenericItemDefinitionSO:relic:faction:beastkin:2, GenericItemDefinitionSO:relic:faction:beastkin:3, GenericItemDefinitionSO:relic:faction:demon:1, GenericItemDefinitionSO:relic:faction:demon:3, GenericItemDefinitionSO:relic:faction:golem:1, GenericItemDefinitionSO:relic:faction:golem:2, GenericItemDefinitionSO:relic:faction:golem:3, GenericItemDefinitionSO:relic:faction:harpy:1, GenericItemDefinitionSO:relic:faction:harpy:2, GenericItemDefinitionSO:relic:faction:harpy:3, GenericItemDefinitionSO:relic:faction:kobold:1 외 5개","생성 또는 거래·재고 입고·운반·보관·장착 또는 소비와 하류 주문 기록","과잉 재고·운반·보관·수리 또는 사용 시점 지연이 압력이 된다","실제 비교 후보·교역·재활용·수리·배급 조정 중 원본 기능에 맞는 경로로 재고 압력을 줄인다","설계 확정; 질량·가격·스택·부패·효과 수치는 source authority와 밸런스 기준서에서 별도 검증 OPEN"
"relic:faction:demon:3","무효조항 두루마리","General (일반)","[]","해당 없음: GenericItemDefinitionSO","0.2","0","작성 목적은 '한 번의 부당한 세력 의무를 무효화하는 원본 문서'이다.","이 물자의 원본 기능을 위해 보관·운반·소비·거래 중 한 경로에 재고를 배정해 다른 사용처를 늦춘다","비교 후보(대체 가능성 미검증): GenericItemDefinitionSO:relic:faction:beastkin:1, GenericItemDefinitionSO:relic:faction:beastkin:2, GenericItemDefinitionSO:relic:faction:beastkin:3, GenericItemDefinitionSO:relic:faction:demon:1, GenericItemDefinitionSO:relic:faction:demon:2, GenericItemDefinitionSO:relic:faction:golem:1, GenericItemDefinitionSO:relic:faction:golem:2, GenericItemDefinitionSO:relic:faction:golem:3, GenericItemDefinitionSO:relic:faction:harpy:1, GenericItemDefinitionSO:relic:faction:harpy:2, GenericItemDefinitionSO:relic:faction:harpy:3, GenericItemDefinitionSO:relic:faction:kobold:1 외 5개","생성 또는 거래·재고 입고·운반·보관·장착 또는 소비와 하류 주문 기록","과잉 재고·운반·보관·수리 또는 사용 시점 지연이 압력이 된다","실제 비교 후보·교역·재활용·수리·배급 조정 중 원본 기능에 맞는 경로로 재고 압력을 줄인다","설계 확정; 질량·가격·스택·부패·효과 수치는 source authority와 밸런스 기준서에서 별도 검증 OPEN"
"relic:faction:golem:1","자기각인 핵편","General (일반)","[]","해당 없음: GenericItemDefinitionSO","0.2","0","작성 목적은 '타인이 덮어쓸 수 없는 개인 인격 각인 조각'이다.","이 물자의 원본 기능을 위해 보관·운반·소비·거래 중 한 경로에 재고를 배정해 다른 사용처를 늦춘다","비교 후보(대체 가능성 미검증): GenericItemDefinitionSO:relic:faction:beastkin:1, GenericItemDefinitionSO:relic:faction:beastkin:2, GenericItemDefinitionSO:relic:faction:beastkin:3, GenericItemDefinitionSO:relic:faction:demon:1, GenericItemDefinitionSO:relic:faction:demon:2, GenericItemDefinitionSO:relic:faction:demon:3, GenericItemDefinitionSO:relic:faction:golem:2, GenericItemDefinitionSO:relic:faction:golem:3, GenericItemDefinitionSO:relic:faction:harpy:1, GenericItemDefinitionSO:relic:faction:harpy:2, GenericItemDefinitionSO:relic:faction:harpy:3, GenericItemDefinitionSO:relic:faction:kobold:1 외 5개","생성 또는 거래·재고 입고·운반·보관·장착 또는 소비와 하류 주문 기록","과잉 재고·운반·보관·수리 또는 사용 시점 지연이 압력이 된다","실제 비교 후보·교역·재활용·수리·배급 조정 중 원본 기능에 맞는 경로로 재고 압력을 줄인다","설계 확정; 질량·가격·스택·부패·효과 수치는 source authority와 밸런스 기준서에서 별도 검증 OPEN"
"relic:faction:golem:2","돌맥 조율쇠","General (일반)","[]","해당 없음: GenericItemDefinitionSO","0.2","0","작성 목적은 '흐트러진 핵 공명을 한 번 안정시키는 조율쇠'이다.","이 물자의 원본 기능을 위해 보관·운반·소비·거래 중 한 경로에 재고를 배정해 다른 사용처를 늦춘다","비교 후보(대체 가능성 미검증): GenericItemDefinitionSO:relic:faction:beastkin:1, GenericItemDefinitionSO:relic:faction:beastkin:2, GenericItemDefinitionSO:relic:faction:beastkin:3, GenericItemDefinitionSO:relic:faction:demon:1, GenericItemDefinitionSO:relic:faction:demon:2, GenericItemDefinitionSO:relic:faction:demon:3, GenericItemDefinitionSO:relic:faction:golem:1, GenericItemDefinitionSO:relic:faction:golem:3, GenericItemDefinitionSO:relic:faction:harpy:1, GenericItemDefinitionSO:relic:faction:harpy:2, GenericItemDefinitionSO:relic:faction:harpy:3, GenericItemDefinitionSO:relic:faction:kobold:1 외 5개","생성 또는 거래·재고 입고·운반·보관·장착 또는 소비와 하류 주문 기록","과잉 재고·운반·보관·수리 또는 사용 시점 지연이 압력이 된다","실제 비교 후보·교역·재활용·수리·배급 조정 중 원본 기능에 맞는 경로로 재고 압력을 줄인다","설계 확정; 질량·가격·스택·부패·효과 수치는 source authority와 밸런스 기준서에서 별도 검증 OPEN"
"relic:faction:golem:3","첫자유 관절핀","General (일반)","[]","해당 없음: GenericItemDefinitionSO","0.2","0","작성 목적은 '강제 명령을 거부한 첫 골렘의 관절에서 나온 핀'이다.","이 물자의 원본 기능을 위해 보관·운반·소비·거래 중 한 경로에 재고를 배정해 다른 사용처를 늦춘다","비교 후보(대체 가능성 미검증): GenericItemDefinitionSO:relic:faction:beastkin:1, GenericItemDefinitionSO:relic:faction:beastkin:2, GenericItemDefinitionSO:relic:faction:beastkin:3, GenericItemDefinitionSO:relic:faction:demon:1, GenericItemDefinitionSO:relic:faction:demon:2, GenericItemDefinitionSO:relic:faction:demon:3, GenericItemDefinitionSO:relic:faction:golem:1, GenericItemDefinitionSO:relic:faction:golem:2, GenericItemDefinitionSO:relic:faction:harpy:1, GenericItemDefinitionSO:relic:faction:harpy:2, GenericItemDefinitionSO:relic:faction:harpy:3, GenericItemDefinitionSO:relic:faction:kobold:1 외 5개","생성 또는 거래·재고 입고·운반·보관·장착 또는 소비와 하류 주문 기록","과잉 재고·운반·보관·수리 또는 사용 시점 지연이 압력이 된다","실제 비교 후보·교역·재활용·수리·배급 조정 중 원본 기능에 맞는 경로로 재고 압력을 줄인다","설계 확정; 질량·가격·스택·부패·효과 수치는 source authority와 밸런스 기준서에서 별도 검증 OPEN"
"relic:faction:harpy:1","첫바람 깃인장","General (일반)","[]","해당 없음: GenericItemDefinitionSO","0.2","0","작성 목적은 '외부인에게 하늘길 통행을 허가하는 깃인장'이다.","이 물자의 원본 기능을 위해 보관·운반·소비·거래 중 한 경로에 재고를 배정해 다른 사용처를 늦춘다","비교 후보(대체 가능성 미검증): GenericItemDefinitionSO:relic:faction:beastkin:1, GenericItemDefinitionSO:relic:faction:beastkin:2, GenericItemDefinitionSO:relic:faction:beastkin:3, GenericItemDefinitionSO:relic:faction:demon:1, GenericItemDefinitionSO:relic:faction:demon:2, GenericItemDefinitionSO:relic:faction:demon:3, GenericItemDefinitionSO:relic:faction:golem:1, GenericItemDefinitionSO:relic:faction:golem:2, GenericItemDefinitionSO:relic:faction:golem:3, GenericItemDefinitionSO:relic:faction:harpy:2, GenericItemDefinitionSO:relic:faction:harpy:3, GenericItemDefinitionSO:relic:faction:kobold:1 외 5개","생성 또는 거래·재고 입고·운반·보관·장착 또는 소비와 하류 주문 기록","과잉 재고·운반·보관·수리 또는 사용 시점 지연이 압력이 된다","실제 비교 후보·교역·재활용·수리·배급 조정 중 원본 기능에 맞는 경로로 재고 압력을 줄인다","설계 확정; 질량·가격·스택·부패·효과 수치는 source authority와 밸런스 기준서에서 별도 검증 OPEN"
"relic:faction:harpy:2","폭풍음 쇳조각","General (일반)","[]","해당 없음: GenericItemDefinitionSO","0.2","0","작성 목적은 '가장 큰 폭풍의 천둥을 기록한 공명 금속'이다.","이 물자의 원본 기능을 위해 보관·운반·소비·거래 중 한 경로에 재고를 배정해 다른 사용처를 늦춘다","비교 후보(대체 가능성 미검증): GenericItemDefinitionSO:relic:faction:beastkin:1, GenericItemDefinitionSO:relic:faction:beastkin:2, GenericItemDefinitionSO:relic:faction:beastkin:3, GenericItemDefinitionSO:relic:faction:demon:1, GenericItemDefinitionSO:relic:faction:demon:2, GenericItemDefinitionSO:relic:faction:demon:3, GenericItemDefinitionSO:relic:faction:golem:1, GenericItemDefinitionSO:relic:faction:golem:2, GenericItemDefinitionSO:relic:faction:golem:3, GenericItemDefinitionSO:relic:faction:harpy:1, GenericItemDefinitionSO:relic:faction:harpy:3, GenericItemDefinitionSO:relic:faction:kobold:1 외 5개","생성 또는 거래·재고 입고·운반·보관·장착 또는 소비와 하류 주문 기록","과잉 재고·운반·보관·수리 또는 사용 시점 지연이 압력이 된다","실제 비교 후보·교역·재활용·수리·배급 조정 중 원본 기능에 맞는 경로로 재고 압력을 줄인다","설계 확정; 질량·가격·스택·부패·효과 수치는 source authority와 밸런스 기준서에서 별도 검증 OPEN"
"relic:faction:harpy:3","귀환노래 방울","General (일반)","[]","해당 없음: GenericItemDefinitionSO","0.2","0","작성 목적은 '실종 전령의 귀환 노래를 기억하는 작은 방울'이다.","이 물자의 원본 기능을 위해 보관·운반·소비·거래 중 한 경로에 재고를 배정해 다른 사용처를 늦춘다","비교 후보(대체 가능성 미검증): GenericItemDefinitionSO:relic:faction:beastkin:1, GenericItemDefinitionSO:relic:faction:beastkin:2, GenericItemDefinitionSO:relic:faction:beastkin:3, GenericItemDefinitionSO:relic:faction:demon:1, GenericItemDefinitionSO:relic:faction:demon:2, GenericItemDefinitionSO:relic:faction:demon:3, GenericItemDefinitionSO:relic:faction:golem:1, GenericItemDefinitionSO:relic:faction:golem:2, GenericItemDefinitionSO:relic:faction:golem:3, GenericItemDefinitionSO:relic:faction:harpy:1, GenericItemDefinitionSO:relic:faction:harpy:2, GenericItemDefinitionSO:relic:faction:kobold:1 외 5개","생성 또는 거래·재고 입고·운반·보관·장착 또는 소비와 하류 주문 기록","과잉 재고·운반·보관·수리 또는 사용 시점 지연이 압력이 된다","실제 비교 후보·교역·재활용·수리·배급 조정 중 원본 기능에 맞는 경로로 재고 압력을 줄인다","설계 확정; 질량·가격·스택·부패·효과 수치는 source authority와 밸런스 기준서에서 별도 검증 OPEN"
"relic:faction:kobold:1","깊은톱니 대가도장","General (일반)","[]","해당 없음: GenericItemDefinitionSO","0.2","0","작성 목적은 '설계자가 직접 검사했음을 증명하는 대가도장'이다.","이 물자의 원본 기능을 위해 보관·운반·소비·거래 중 한 경로에 재고를 배정해 다른 사용처를 늦춘다","비교 후보(대체 가능성 미검증): GenericItemDefinitionSO:relic:faction:beastkin:1, GenericItemDefinitionSO:relic:faction:beastkin:2, GenericItemDefinitionSO:relic:faction:beastkin:3, GenericItemDefinitionSO:relic:faction:demon:1, GenericItemDefinitionSO:relic:faction:demon:2, GenericItemDefinitionSO:relic:faction:demon:3, GenericItemDefinitionSO:relic:faction:golem:1, GenericItemDefinitionSO:relic:faction:golem:2, GenericItemDefinitionSO:relic:faction:golem:3, GenericItemDefinitionSO:relic:faction:harpy:1, GenericItemDefinitionSO:relic:faction:harpy:2, GenericItemDefinitionSO:relic:faction:harpy:3 외 5개","생성 또는 거래·재고 입고·운반·보관·장착 또는 소비와 하류 주문 기록","과잉 재고·운반·보관·수리 또는 사용 시점 지연이 압력이 된다","실제 비교 후보·교역·재활용·수리·배급 조정 중 원본 기능에 맞는 경로로 재고 압력을 줄인다","설계 확정; 질량·가격·스택·부패·효과 수치는 source authority와 밸런스 기준서에서 별도 검증 OPEN"
"relic:faction:kobold:2","무결점 태엽","General (일반)","[]","해당 없음: GenericItemDefinitionSO","0.2","0","작성 목적은 '오래 움직여도 오차가 쌓이지 않는 희귀 태엽'이다.","이 물자의 원본 기능을 위해 보관·운반·소비·거래 중 한 경로에 재고를 배정해 다른 사용처를 늦춘다","비교 후보(대체 가능성 미검증): GenericItemDefinitionSO:relic:faction:beastkin:1, GenericItemDefinitionSO:relic:faction:beastkin:2, GenericItemDefinitionSO:relic:faction:beastkin:3, GenericItemDefinitionSO:relic:faction:demon:1, GenericItemDefinitionSO:relic:faction:demon:2, GenericItemDefinitionSO:relic:faction:demon:3, GenericItemDefinitionSO:relic:faction:golem:1, GenericItemDefinitionSO:relic:faction:golem:2, GenericItemDefinitionSO:relic:faction:golem:3, GenericItemDefinitionSO:relic:faction:harpy:1, GenericItemDefinitionSO:relic:faction:harpy:2, GenericItemDefinitionSO:relic:faction:harpy:3 외 5개","생성 또는 거래·재고 입고·운반·보관·장착 또는 소비와 하류 주문 기록","과잉 재고·운반·보관·수리 또는 사용 시점 지연이 압력이 된다","실제 비교 후보·교역·재활용·수리·배급 조정 중 원본 기능에 맞는 경로로 재고 압력을 줄인다","설계 확정; 질량·가격·스택·부패·효과 수치는 source authority와 밸런스 기준서에서 별도 검증 OPEN"
"relic:faction:kobold:3","도제명판 원본","General (일반)","[]","해당 없음: GenericItemDefinitionSO","0.2","0","작성 목적은 '지워진 도제의 이름을 복구한 첫 명판'이다.","이 물자의 원본 기능을 위해 보관·운반·소비·거래 중 한 경로에 재고를 배정해 다른 사용처를 늦춘다","비교 후보(대체 가능성 미검증): GenericItemDefinitionSO:relic:faction:beastkin:1, GenericItemDefinitionSO:relic:faction:beastkin:2, GenericItemDefinitionSO:relic:faction:beastkin:3, GenericItemDefinitionSO:relic:faction:demon:1, GenericItemDefinitionSO:relic:faction:demon:2, GenericItemDefinitionSO:relic:faction:demon:3, GenericItemDefinitionSO:relic:faction:golem:1, GenericItemDefinitionSO:relic:faction:golem:2, GenericItemDefinitionSO:relic:faction:golem:3, GenericItemDefinitionSO:relic:faction:harpy:1, GenericItemDefinitionSO:relic:faction:harpy:2, GenericItemDefinitionSO:relic:faction:harpy:3 외 5개","생성 또는 거래·재고 입고·운반·보관·장착 또는 소비와 하류 주문 기록","과잉 재고·운반·보관·수리 또는 사용 시점 지연이 압력이 된다","실제 비교 후보·교역·재활용·수리·배급 조정 중 원본 기능에 맞는 경로로 재고 압력을 줄인다","설계 확정; 질량·가격·스택·부패·효과 수치는 source authority와 밸런스 기준서에서 별도 검증 OPEN"
"relic:faction:myconid:1","첫포자 기억병","General (일반)","[]","해당 없음: GenericItemDefinitionSO","0.2","0","작성 목적은 '말 없이 전달된 첫 동맹 기억을 담은 병'이다.","이 물자의 원본 기능을 위해 보관·운반·소비·거래 중 한 경로에 재고를 배정해 다른 사용처를 늦춘다","비교 후보(대체 가능성 미검증): GenericItemDefinitionSO:relic:faction:beastkin:1, GenericItemDefinitionSO:relic:faction:beastkin:2, GenericItemDefinitionSO:relic:faction:beastkin:3, GenericItemDefinitionSO:relic:faction:demon:1, GenericItemDefinitionSO:relic:faction:demon:2, GenericItemDefinitionSO:relic:faction:demon:3, GenericItemDefinitionSO:relic:faction:golem:1, GenericItemDefinitionSO:relic:faction:golem:2, GenericItemDefinitionSO:relic:faction:golem:3, GenericItemDefinitionSO:relic:faction:harpy:1, GenericItemDefinitionSO:relic:faction:harpy:2, GenericItemDefinitionSO:relic:faction:harpy:3 외 5개","생성 또는 거래·재고 입고·운반·보관·장착 또는 소비와 하류 주문 기록","과잉 재고·운반·보관·수리 또는 사용 시점 지연이 압력이 된다","실제 비교 후보·교역·재활용·수리·배급 조정 중 원본 기능에 맞는 경로로 재고 압력을 줄인다","설계 확정; 질량·가격·스택·부패·효과 수치는 source authority와 밸런스 기준서에서 별도 검증 OPEN"
"relic:faction:myconid:2","균맥 절단칼","General (일반)","[]","해당 없음: GenericItemDefinitionSO","0.2","0","작성 목적은 '병든 균사만 공명으로 구분해 자르는 칼'이다.","이 물자의 원본 기능을 위해 보관·운반·소비·거래 중 한 경로에 재고를 배정해 다른 사용처를 늦춘다","비교 후보(대체 가능성 미검증): GenericItemDefinitionSO:relic:faction:beastkin:1, GenericItemDefinitionSO:relic:faction:beastkin:2, GenericItemDefinitionSO:relic:faction:beastkin:3, GenericItemDefinitionSO:relic:faction:demon:1, GenericItemDefinitionSO:relic:faction:demon:2, GenericItemDefinitionSO:relic:faction:demon:3, GenericItemDefinitionSO:relic:faction:golem:1, GenericItemDefinitionSO:relic:faction:golem:2, GenericItemDefinitionSO:relic:faction:golem:3, GenericItemDefinitionSO:relic:faction:harpy:1, GenericItemDefinitionSO:relic:faction:harpy:2, GenericItemDefinitionSO:relic:faction:harpy:3 외 5개","생성 또는 거래·재고 입고·운반·보관·장착 또는 소비와 하류 주문 기록","과잉 재고·운반·보관·수리 또는 사용 시점 지연이 압력이 된다","실제 비교 후보·교역·재활용·수리·배급 조정 중 원본 기능에 맞는 경로로 재고 압력을 줄인다","설계 확정; 질량·가격·스택·부패·효과 수치는 source authority와 밸런스 기준서에서 별도 검증 OPEN"
"relic:faction:myconid:3","새정원 배양편","General (일반)","[]","해당 없음: GenericItemDefinitionSO","0.2","0","작성 목적은 '조상균과 분리된 새 공동체의 첫 배양편'이다.","이 물자의 원본 기능을 위해 보관·운반·소비·거래 중 한 경로에 재고를 배정해 다른 사용처를 늦춘다","비교 후보(대체 가능성 미검증): GenericItemDefinitionSO:relic:faction:beastkin:1, GenericItemDefinitionSO:relic:faction:beastkin:2, GenericItemDefinitionSO:relic:faction:beastkin:3, GenericItemDefinitionSO:relic:faction:demon:1, GenericItemDefinitionSO:relic:faction:demon:2, GenericItemDefinitionSO:relic:faction:demon:3, GenericItemDefinitionSO:relic:faction:golem:1, GenericItemDefinitionSO:relic:faction:golem:2, GenericItemDefinitionSO:relic:faction:golem:3, GenericItemDefinitionSO:relic:faction:harpy:1, GenericItemDefinitionSO:relic:faction:harpy:2, GenericItemDefinitionSO:relic:faction:harpy:3 외 5개","생성 또는 거래·재고 입고·운반·보관·장착 또는 소비와 하류 주문 기록","과잉 재고·운반·보관·수리 또는 사용 시점 지연이 압력이 된다","실제 비교 후보·교역·재활용·수리·배급 조정 중 원본 기능에 맞는 경로로 재고 압력을 줄인다","설계 확정; 질량·가격·스택·부패·효과 수치는 source authority와 밸런스 기준서에서 별도 검증 OPEN"
"research-blueprint:6101","상업 확장 설계도","Blueprint (설계도)","[{""rid"":7737211921986486385},{""rid"":7737211921986486386}]","해당 없음: GenericItemDefinitionSO","0.15","120","게임 내 역할은 설계도 기반 해금, 생산망의 입력·출력에 연결된다.","설계·기록을 특정 연구·공방·계약 경로에 투입해 다른 해금·정보 투자를 늦춘다","비교 후보(대체 가능성 미검증): GenericItemDefinitionSO:research-blueprint:6102, GenericItemDefinitionSO:research-blueprint:6103, GenericItemDefinitionSO:research-blueprint:6104, GenericItemDefinitionSO:research-blueprint:6191, GenericItemDefinitionSO:research-blueprint:6192, GenericItemDefinitionSO:research-blueprint:6193","생성 또는 거래·재고 입고·운반·보관·장착 또는 소비와 하류 주문 기록","과잉 재고·운반·보관·수리 또는 사용 시점 지연이 압력이 된다","실제 비교 후보·교역·재활용·수리·배급 조정 중 원본 기능에 맞는 경로로 재고 압력을 줄인다","설계 확정; 질량·가격·스택·부패·효과 수치는 source authority와 밸런스 기준서에서 별도 검증 OPEN"
"research-blueprint:6102","요새화 설계도","Blueprint (설계도)","[{""rid"":7737211921986486387},{""rid"":7737211921986486388}]","해당 없음: GenericItemDefinitionSO","0.15","140","게임 내 역할은 설계도 기반 해금, 생산망의 입력·출력에 연결된다.","설계·기록을 특정 연구·공방·계약 경로에 투입해 다른 해금·정보 투자를 늦춘다","비교 후보(대체 가능성 미검증): GenericItemDefinitionSO:research-blueprint:6101, GenericItemDefinitionSO:research-blueprint:6103, GenericItemDefinitionSO:research-blueprint:6104, GenericItemDefinitionSO:research-blueprint:6191, GenericItemDefinitionSO:research-blueprint:6192, GenericItemDefinitionSO:research-blueprint:6193","생성 또는 거래·재고 입고·운반·보관·장착 또는 소비와 하류 주문 기록","과잉 재고·운반·보관·수리 또는 사용 시점 지연이 압력이 된다","실제 비교 후보·교역·재활용·수리·배급 조정 중 원본 기능에 맞는 경로로 재고 압력을 줄인다","설계 확정; 질량·가격·스택·부패·효과 수치는 source authority와 밸런스 기준서에서 별도 검증 OPEN"
"research-blueprint:6103","생활 지원 설계도","Blueprint (설계도)","[{""rid"":7737211921986486389},{""rid"":7737211921986486390}]","해당 없음: GenericItemDefinitionSO","0.15","130","게임 내 역할은 설계도 기반 해금, 생산망의 입력·출력에 연결된다.","설계·기록을 특정 연구·공방·계약 경로에 투입해 다른 해금·정보 투자를 늦춘다","비교 후보(대체 가능성 미검증): GenericItemDefinitionSO:research-blueprint:6101, GenericItemDefinitionSO:research-blueprint:6102, GenericItemDefinitionSO:research-blueprint:6104, GenericItemDefinitionSO:research-blueprint:6191, GenericItemDefinitionSO:research-blueprint:6192, GenericItemDefinitionSO:research-blueprint:6193","생성 또는 거래·재고 입고·운반·보관·장착 또는 소비와 하류 주문 기록","과잉 재고·운반·보관·수리 또는 사용 시점 지연이 압력이 된다","실제 비교 후보·교역·재활용·수리·배급 조정 중 원본 기능에 맞는 경로로 재고 압력을 줄인다","설계 확정; 질량·가격·스택·부패·효과 수치는 source authority와 밸런스 기준서에서 별도 검증 OPEN"
"research-blueprint:6104","비전 연구 설계도","Blueprint (설계도)","[{""rid"":7737211921986486391},{""rid"":7737211921986486392}]","해당 없음: GenericItemDefinitionSO","0.15","130","게임 내 역할은 설계도 기반 해금, 생산망의 입력·출력에 연결된다.","설계·기록을 특정 연구·공방·계약 경로에 투입해 다른 해금·정보 투자를 늦춘다","비교 후보(대체 가능성 미검증): GenericItemDefinitionSO:research-blueprint:6101, GenericItemDefinitionSO:research-blueprint:6102, GenericItemDefinitionSO:research-blueprint:6103, GenericItemDefinitionSO:research-blueprint:6191, GenericItemDefinitionSO:research-blueprint:6192, GenericItemDefinitionSO:research-blueprint:6193","생성 또는 거래·재고 입고·운반·보관·장착 또는 소비와 하류 주문 기록","과잉 재고·운반·보관·수리 또는 사용 시점 지연이 압력이 된다","실제 비교 후보·교역·재활용·수리·배급 조정 중 원본 기능에 맞는 경로로 재고 압력을 줄인다","설계 확정; 질량·가격·스택·부패·효과 수치는 source authority와 밸런스 기준서에서 별도 검증 OPEN"
"research-blueprint:6191","상권 통합 설계도","Blueprint (설계도)","[{""rid"":7737211921986486393},{""rid"":7737211921986486394}]","해당 없음: GenericItemDefinitionSO","0.15","260","게임 내 역할은 설계도 기반 해금, 생산망의 입력·출력에 연결된다.","설계·기록을 특정 연구·공방·계약 경로에 투입해 다른 해금·정보 투자를 늦춘다","비교 후보(대체 가능성 미검증): GenericItemDefinitionSO:research-blueprint:6101, GenericItemDefinitionSO:research-blueprint:6102, GenericItemDefinitionSO:research-blueprint:6103, GenericItemDefinitionSO:research-blueprint:6104, GenericItemDefinitionSO:research-blueprint:6192, GenericItemDefinitionSO:research-blueprint:6193","생성 또는 거래·재고 입고·운반·보관·장착 또는 소비와 하류 주문 기록","과잉 재고·운반·보관·수리 또는 사용 시점 지연이 압력이 된다","실제 비교 후보·교역·재활용·수리·배급 조정 중 원본 기능에 맞는 경로로 재고 압력을 줄인다","설계 확정; 질량·가격·스택·부패·효과 수치는 source authority와 밸런스 기준서에서 별도 검증 OPEN"
"research-blueprint:6192","전술 지휘 설계도","Blueprint (설계도)","[{""rid"":7737211921986486395},{""rid"":7737211921986486396}]","해당 없음: GenericItemDefinitionSO","0.15","280","게임 내 역할은 설계도 기반 해금, 생산망의 입력·출력에 연결된다.","설계·기록을 특정 연구·공방·계약 경로에 투입해 다른 해금·정보 투자를 늦춘다","비교 후보(대체 가능성 미검증): GenericItemDefinitionSO:research-blueprint:6101, GenericItemDefinitionSO:research-blueprint:6102, GenericItemDefinitionSO:research-blueprint:6103, GenericItemDefinitionSO:research-blueprint:6104, GenericItemDefinitionSO:research-blueprint:6191, GenericItemDefinitionSO:research-blueprint:6193","생성 또는 거래·재고 입고·운반·보관·장착 또는 소비와 하류 주문 기록","과잉 재고·운반·보관·수리 또는 사용 시점 지연이 압력이 된다","실제 비교 후보·교역·재활용·수리·배급 조정 중 원본 기능에 맞는 경로로 재고 압력을 줄인다","설계 확정; 질량·가격·스택·부패·효과 수치는 source authority와 밸런스 기준서에서 별도 검증 OPEN"
"research-blueprint:6193","비전 공명 설계도","Blueprint (설계도)","[{""rid"":7737211921986486397},{""rid"":7737211921986486398}]","해당 없음: GenericItemDefinitionSO","0.15","340","게임 내 역할은 설계도 기반 해금, 생산망의 입력·출력에 연결된다.","설계·기록을 특정 연구·공방·계약 경로에 투입해 다른 해금·정보 투자를 늦춘다","비교 후보(대체 가능성 미검증): GenericItemDefinitionSO:research-blueprint:6101, GenericItemDefinitionSO:research-blueprint:6102, GenericItemDefinitionSO:research-blueprint:6103, GenericItemDefinitionSO:research-blueprint:6104, GenericItemDefinitionSO:research-blueprint:6191, GenericItemDefinitionSO:research-blueprint:6192","생성 또는 거래·재고 입고·운반·보관·장착 또는 소비와 하류 주문 기록","과잉 재고·운반·보관·수리 또는 사용 시점 지연이 압력이 된다","실제 비교 후보·교역·재활용·수리·배급 조정 중 원본 기능에 맞는 경로로 재고 압력을 줄인다","설계 확정; 질량·가격·스택·부패·효과 수치는 source authority와 밸런스 기준서에서 별도 검증 OPEN"
"surgery:contaminated-tissue","오염 조직","Biological (생물)","[{""rid"":7737211673752633417}]","해당 없음: GenericItemDefinitionSO","0.6","1","게임 내 역할은 생산망의 입력·출력에 연결된다.","사육·치료·생체 제작에 물자를 묶어 식량·의료·보관 경로와 경쟁한다","비교 후보(대체 가능성 미검증): GenericItemDefinitionSO:captivity:extracted-blood, GenericItemDefinitionSO:medicine:blood-pack, GenericItemDefinitionSO:surgery:organ:arm:left, GenericItemDefinitionSO:surgery:organ:arm:right, GenericItemDefinitionSO:surgery:organ:brain, GenericItemDefinitionSO:surgery:organ:core, GenericItemDefinitionSO:surgery:organ:eye:left, GenericItemDefinitionSO:surgery:organ:eye:right, GenericItemDefinitionSO:surgery:organ:heart, GenericItemDefinitionSO:surgery:organ:kidney:left, GenericItemDefinitionSO:surgery:organ:kidney:right, GenericItemDefinitionSO:surgery:organ:leg:left 외 7개","생성 또는 거래·재고 입고·운반·보관·장착 또는 소비와 하류 주문 기록","과잉 재고·운반·보관·수리 또는 사용 시점 지연이 압력이 된다","실제 비교 후보·교역·재활용·수리·배급 조정 중 원본 기능에 맞는 경로로 재고 압력을 줄인다","설계 확정; 질량·가격·스택·부패·효과 수치는 source authority와 밸런스 기준서에서 별도 검증 OPEN"
"surgery:organ:arm:left","적출 왼팔","Biological (생물)","[{""rid"":7737211673752633574}]","해당 없음: GenericItemDefinitionSO","0.8","120","게임 내 역할은 생산망의 입력·출력에 연결된다.","사육·치료·생체 제작에 물자를 묶어 식량·의료·보관 경로와 경쟁한다","비교 후보(대체 가능성 미검증): GenericItemDefinitionSO:captivity:extracted-blood, GenericItemDefinitionSO:medicine:blood-pack, GenericItemDefinitionSO:surgery:contaminated-tissue, GenericItemDefinitionSO:surgery:organ:arm:right, GenericItemDefinitionSO:surgery:organ:brain, GenericItemDefinitionSO:surgery:organ:core, GenericItemDefinitionSO:surgery:organ:eye:left, GenericItemDefinitionSO:surgery:organ:eye:right, GenericItemDefinitionSO:surgery:organ:heart, GenericItemDefinitionSO:surgery:organ:kidney:left, GenericItemDefinitionSO:surgery:organ:kidney:right, GenericItemDefinitionSO:surgery:organ:leg:left 외 7개","생성 또는 거래·재고 입고·운반·보관·장착 또는 소비와 하류 주문 기록","과잉 재고·운반·보관·수리 또는 사용 시점 지연이 압력이 된다","실제 비교 후보·교역·재활용·수리·배급 조정 중 원본 기능에 맞는 경로로 재고 압력을 줄인다","설계 확정; 질량·가격·스택·부패·효과 수치는 source authority와 밸런스 기준서에서 별도 검증 OPEN"
"surgery:organ:arm:right","적출 오른팔","Biological (생물)","[{""rid"":7737211673752633596}]","해당 없음: GenericItemDefinitionSO","0.8","120","게임 내 역할은 생산망의 입력·출력에 연결된다.","사육·치료·생체 제작에 물자를 묶어 식량·의료·보관 경로와 경쟁한다","비교 후보(대체 가능성 미검증): GenericItemDefinitionSO:captivity:extracted-blood, GenericItemDefinitionSO:medicine:blood-pack, GenericItemDefinitionSO:surgery:contaminated-tissue, GenericItemDefinitionSO:surgery:organ:arm:left, GenericItemDefinitionSO:surgery:organ:brain, GenericItemDefinitionSO:surgery:organ:core, GenericItemDefinitionSO:surgery:organ:eye:left, GenericItemDefinitionSO:surgery:organ:eye:right, GenericItemDefinitionSO:surgery:organ:heart, GenericItemDefinitionSO:surgery:organ:kidney:left, GenericItemDefinitionSO:surgery:organ:kidney:right, GenericItemDefinitionSO:surgery:organ:leg:left 외 7개","생성 또는 거래·재고 입고·운반·보관·장착 또는 소비와 하류 주문 기록","과잉 재고·운반·보관·수리 또는 사용 시점 지연이 압력이 된다","실제 비교 후보·교역·재활용·수리·배급 조정 중 원본 기능에 맞는 경로로 재고 압력을 줄인다","설계 확정; 질량·가격·스택·부패·효과 수치는 source authority와 밸런스 기준서에서 별도 검증 OPEN"
"surgery:organ:brain","적출 뇌","Biological (생물)","[{""rid"":7737211673752633583}]","해당 없음: GenericItemDefinitionSO","0.8","120","게임 내 역할은 생산망의 입력·출력에 연결된다.","사육·치료·생체 제작에 물자를 묶어 식량·의료·보관 경로와 경쟁한다","비교 후보(대체 가능성 미검증): GenericItemDefinitionSO:captivity:extracted-blood, GenericItemDefinitionSO:medicine:blood-pack, GenericItemDefinitionSO:surgery:contaminated-tissue, GenericItemDefinitionSO:surgery:organ:arm:left, GenericItemDefinitionSO:surgery:organ:arm:right, GenericItemDefinitionSO:surgery:organ:core, GenericItemDefinitionSO:surgery:organ:eye:left, GenericItemDefinitionSO:surgery:organ:eye:right, GenericItemDefinitionSO:surgery:organ:heart, GenericItemDefinitionSO:surgery:organ:kidney:left, GenericItemDefinitionSO:surgery:organ:kidney:right, GenericItemDefinitionSO:surgery:organ:leg:left 외 7개","생성 또는 거래·재고 입고·운반·보관·장착 또는 소비와 하류 주문 기록","과잉 재고·운반·보관·수리 또는 사용 시점 지연이 압력이 된다","실제 비교 후보·교역·재활용·수리·배급 조정 중 원본 기능에 맞는 경로로 재고 압력을 줄인다","설계 확정; 질량·가격·스택·부패·효과 수치는 source authority와 밸런스 기준서에서 별도 검증 OPEN"
"surgery:organ:core","적출 핵","Biological (생물)","[{""rid"":7737211673752633418}]","해당 없음: GenericItemDefinitionSO","0.8","120","게임 내 역할은 생산망의 입력·출력에 연결된다.","사육·치료·생체 제작에 물자를 묶어 식량·의료·보관 경로와 경쟁한다","비교 후보(대체 가능성 미검증): GenericItemDefinitionSO:captivity:extracted-blood, GenericItemDefinitionSO:medicine:blood-pack, GenericItemDefinitionSO:surgery:contaminated-tissue, GenericItemDefinitionSO:surgery:organ:arm:left, GenericItemDefinitionSO:surgery:organ:arm:right, GenericItemDefinitionSO:surgery:organ:brain, GenericItemDefinitionSO:surgery:organ:eye:left, GenericItemDefinitionSO:surgery:organ:eye:right, GenericItemDefinitionSO:surgery:organ:heart, GenericItemDefinitionSO:surgery:organ:kidney:left, GenericItemDefinitionSO:surgery:organ:kidney:right, GenericItemDefinitionSO:surgery:organ:leg:left 외 7개","생성 또는 거래·재고 입고·운반·보관·장착 또는 소비와 하류 주문 기록","과잉 재고·운반·보관·수리 또는 사용 시점 지연이 압력이 된다","실제 비교 후보·교역·재활용·수리·배급 조정 중 원본 기능에 맞는 경로로 재고 압력을 줄인다","설계 확정; 질량·가격·스택·부패·효과 수치는 source authority와 밸런스 기준서에서 별도 검증 OPEN"
"surgery:organ:eye:left","적출 왼쪽 눈","Biological (생물)","[{""rid"":7737211673752633427}]","해당 없음: GenericItemDefinitionSO","0.8","120","게임 내 역할은 생산망의 입력·출력에 연결된다.","사육·치료·생체 제작에 물자를 묶어 식량·의료·보관 경로와 경쟁한다","비교 후보(대체 가능성 미검증): GenericItemDefinitionSO:captivity:extracted-blood, GenericItemDefinitionSO:medicine:blood-pack, GenericItemDefinitionSO:surgery:contaminated-tissue, GenericItemDefinitionSO:surgery:organ:arm:left, GenericItemDefinitionSO:surgery:organ:arm:right, GenericItemDefinitionSO:surgery:organ:brain, GenericItemDefinitionSO:surgery:organ:core, GenericItemDefinitionSO:surgery:organ:eye:right, GenericItemDefinitionSO:surgery:organ:heart, GenericItemDefinitionSO:surgery:organ:kidney:left, GenericItemDefinitionSO:surgery:organ:kidney:right, GenericItemDefinitionSO:surgery:organ:leg:left 외 7개","생성 또는 거래·재고 입고·운반·보관·장착 또는 소비와 하류 주문 기록","과잉 재고·운반·보관·수리 또는 사용 시점 지연이 압력이 된다","실제 비교 후보·교역·재활용·수리·배급 조정 중 원본 기능에 맞는 경로로 재고 압력을 줄인다","설계 확정; 질량·가격·스택·부패·효과 수치는 source authority와 밸런스 기준서에서 별도 검증 OPEN"
"surgery:organ:eye:right","적출 오른쪽 눈","Biological (생물)","[{""rid"":7737211673752633445}]","해당 없음: GenericItemDefinitionSO","0.8","120","게임 내 역할은 생산망의 입력·출력에 연결된다.","사육·치료·생체 제작에 물자를 묶어 식량·의료·보관 경로와 경쟁한다","비교 후보(대체 가능성 미검증): GenericItemDefinitionSO:captivity:extracted-blood, GenericItemDefinitionSO:medicine:blood-pack, GenericItemDefinitionSO:surgery:contaminated-tissue, GenericItemDefinitionSO:surgery:organ:arm:left, GenericItemDefinitionSO:surgery:organ:arm:right, GenericItemDefinitionSO:surgery:organ:brain, GenericItemDefinitionSO:surgery:organ:core, GenericItemDefinitionSO:surgery:organ:eye:left, GenericItemDefinitionSO:surgery:organ:heart, GenericItemDefinitionSO:surgery:organ:kidney:left, GenericItemDefinitionSO:surgery:organ:kidney:right, GenericItemDefinitionSO:surgery:organ:leg:left 외 7개","생성 또는 거래·재고 입고·운반·보관·장착 또는 소비와 하류 주문 기록","과잉 재고·운반·보관·수리 또는 사용 시점 지연이 압력이 된다","실제 비교 후보·교역·재활용·수리·배급 조정 중 원본 기능에 맞는 경로로 재고 압력을 줄인다","설계 확정; 질량·가격·스택·부패·효과 수치는 source authority와 밸런스 기준서에서 별도 검증 OPEN"
"surgery:organ:heart","적출 심장","Biological (생물)","[{""rid"":7737211673752633573}]","해당 없음: GenericItemDefinitionSO","0.8","120","게임 내 역할은 생산망의 입력·출력에 연결된다.","사육·치료·생체 제작에 물자를 묶어 식량·의료·보관 경로와 경쟁한다","비교 후보(대체 가능성 미검증): GenericItemDefinitionSO:captivity:extracted-blood, GenericItemDefinitionSO:medicine:blood-pack, GenericItemDefinitionSO:surgery:contaminated-tissue, GenericItemDefinitionSO:surgery:organ:arm:left, GenericItemDefinitionSO:surgery:organ:arm:right, GenericItemDefinitionSO:surgery:organ:brain, GenericItemDefinitionSO:surgery:organ:core, GenericItemDefinitionSO:surgery:organ:eye:left, GenericItemDefinitionSO:surgery:organ:eye:right, GenericItemDefinitionSO:surgery:organ:kidney:left, GenericItemDefinitionSO:surgery:organ:kidney:right, GenericItemDefinitionSO:surgery:organ:leg:left 외 7개","생성 또는 거래·재고 입고·운반·보관·장착 또는 소비와 하류 주문 기록","과잉 재고·운반·보관·수리 또는 사용 시점 지연이 압력이 된다","실제 비교 후보·교역·재활용·수리·배급 조정 중 원본 기능에 맞는 경로로 재고 압력을 줄인다","설계 확정; 질량·가격·스택·부패·효과 수치는 source authority와 밸런스 기준서에서 별도 검증 OPEN"
"surgery:organ:kidney:left","적출 왼쪽 신장","Biological (생물)","[{""rid"":7737211673752633485}]","해당 없음: GenericItemDefinitionSO","0.8","120","게임 내 역할은 생산망의 입력·출력에 연결된다.","사육·치료·생체 제작에 물자를 묶어 식량·의료·보관 경로와 경쟁한다","비교 후보(대체 가능성 미검증): GenericItemDefinitionSO:captivity:extracted-blood, GenericItemDefinitionSO:medicine:blood-pack, GenericItemDefinitionSO:surgery:contaminated-tissue, GenericItemDefinitionSO:surgery:organ:arm:left, GenericItemDefinitionSO:surgery:organ:arm:right, GenericItemDefinitionSO:surgery:organ:brain, GenericItemDefinitionSO:surgery:organ:core, GenericItemDefinitionSO:surgery:organ:eye:left, GenericItemDefinitionSO:surgery:organ:eye:right, GenericItemDefinitionSO:surgery:organ:heart, GenericItemDefinitionSO:surgery:organ:kidney:right, GenericItemDefinitionSO:surgery:organ:leg:left 외 7개","생성 또는 거래·재고 입고·운반·보관·장착 또는 소비와 하류 주문 기록","과잉 재고·운반·보관·수리 또는 사용 시점 지연이 압력이 된다","실제 비교 후보·교역·재활용·수리·배급 조정 중 원본 기능에 맞는 경로로 재고 압력을 줄인다","설계 확정; 질량·가격·스택·부패·효과 수치는 source authority와 밸런스 기준서에서 별도 검증 OPEN"
"surgery:organ:kidney:right","적출 오른쪽 신장","Biological (생물)","[{""rid"":7737211673752633537}]","해당 없음: GenericItemDefinitionSO","0.8","120","게임 내 역할은 생산망의 입력·출력에 연결된다.","사육·치료·생체 제작에 물자를 묶어 식량·의료·보관 경로와 경쟁한다","비교 후보(대체 가능성 미검증): GenericItemDefinitionSO:captivity:extracted-blood, GenericItemDefinitionSO:medicine:blood-pack, GenericItemDefinitionSO:surgery:contaminated-tissue, GenericItemDefinitionSO:surgery:organ:arm:left, GenericItemDefinitionSO:surgery:organ:arm:right, GenericItemDefinitionSO:surgery:organ:brain, GenericItemDefinitionSO:surgery:organ:core, GenericItemDefinitionSO:surgery:organ:eye:left, GenericItemDefinitionSO:surgery:organ:eye:right, GenericItemDefinitionSO:surgery:organ:heart, GenericItemDefinitionSO:surgery:organ:kidney:left, GenericItemDefinitionSO:surgery:organ:leg:left 외 7개","생성 또는 거래·재고 입고·운반·보관·장착 또는 소비와 하류 주문 기록","과잉 재고·운반·보관·수리 또는 사용 시점 지연이 압력이 된다","실제 비교 후보·교역·재활용·수리·배급 조정 중 원본 기능에 맞는 경로로 재고 압력을 줄인다","설계 확정; 질량·가격·스택·부패·효과 수치는 source authority와 밸런스 기준서에서 별도 검증 OPEN"
"surgery:organ:leg:left","적출 왼다리","Biological (생물)","[{""rid"":7737211673752633549}]","해당 없음: GenericItemDefinitionSO","0.8","120","게임 내 역할은 생산망의 입력·출력에 연결된다.","사육·치료·생체 제작에 물자를 묶어 식량·의료·보관 경로와 경쟁한다","비교 후보(대체 가능성 미검증): GenericItemDefinitionSO:captivity:extracted-blood, GenericItemDefinitionSO:medicine:blood-pack, GenericItemDefinitionSO:surgery:contaminated-tissue, GenericItemDefinitionSO:surgery:organ:arm:left, GenericItemDefinitionSO:surgery:organ:arm:right, GenericItemDefinitionSO:surgery:organ:brain, GenericItemDefinitionSO:surgery:organ:core, GenericItemDefinitionSO:surgery:organ:eye:left, GenericItemDefinitionSO:surgery:organ:eye:right, GenericItemDefinitionSO:surgery:organ:heart, GenericItemDefinitionSO:surgery:organ:kidney:left, GenericItemDefinitionSO:surgery:organ:kidney:right 외 7개","생성 또는 거래·재고 입고·운반·보관·장착 또는 소비와 하류 주문 기록","과잉 재고·운반·보관·수리 또는 사용 시점 지연이 압력이 된다","실제 비교 후보·교역·재활용·수리·배급 조정 중 원본 기능에 맞는 경로로 재고 압력을 줄인다","설계 확정; 질량·가격·스택·부패·효과 수치는 source authority와 밸런스 기준서에서 별도 검증 OPEN"
"surgery:organ:leg:right","적출 오른다리","Biological (생물)","[{""rid"":7737211673752633412}]","해당 없음: GenericItemDefinitionSO","0.8","120","게임 내 역할은 생산망의 입력·출력에 연결된다.","사육·치료·생체 제작에 물자를 묶어 식량·의료·보관 경로와 경쟁한다","비교 후보(대체 가능성 미검증): GenericItemDefinitionSO:captivity:extracted-blood, GenericItemDefinitionSO:medicine:blood-pack, GenericItemDefinitionSO:surgery:contaminated-tissue, GenericItemDefinitionSO:surgery:organ:arm:left, GenericItemDefinitionSO:surgery:organ:arm:right, GenericItemDefinitionSO:surgery:organ:brain, GenericItemDefinitionSO:surgery:organ:core, GenericItemDefinitionSO:surgery:organ:eye:left, GenericItemDefinitionSO:surgery:organ:eye:right, GenericItemDefinitionSO:surgery:organ:heart, GenericItemDefinitionSO:surgery:organ:kidney:left, GenericItemDefinitionSO:surgery:organ:kidney:right 외 7개","생성 또는 거래·재고 입고·운반·보관·장착 또는 소비와 하류 주문 기록","과잉 재고·운반·보관·수리 또는 사용 시점 지연이 압력이 된다","실제 비교 후보·교역·재활용·수리·배급 조정 중 원본 기능에 맞는 경로로 재고 압력을 줄인다","설계 확정; 질량·가격·스택·부패·효과 수치는 source authority와 밸런스 기준서에서 별도 검증 OPEN"
"surgery:organ:liver","적출 간","Biological (생물)","[{""rid"":7737211673752633490}]","해당 없음: GenericItemDefinitionSO","0.8","120","게임 내 역할은 생산망의 입력·출력에 연결된다.","사육·치료·생체 제작에 물자를 묶어 식량·의료·보관 경로와 경쟁한다","비교 후보(대체 가능성 미검증): GenericItemDefinitionSO:captivity:extracted-blood, GenericItemDefinitionSO:medicine:blood-pack, GenericItemDefinitionSO:surgery:contaminated-tissue, GenericItemDefinitionSO:surgery:organ:arm:left, GenericItemDefinitionSO:surgery:organ:arm:right, GenericItemDefinitionSO:surgery:organ:brain, GenericItemDefinitionSO:surgery:organ:core, GenericItemDefinitionSO:surgery:organ:eye:left, GenericItemDefinitionSO:surgery:organ:eye:right, GenericItemDefinitionSO:surgery:organ:heart, GenericItemDefinitionSO:surgery:organ:kidney:left, GenericItemDefinitionSO:surgery:organ:kidney:right 외 7개","생성 또는 거래·재고 입고·운반·보관·장착 또는 소비와 하류 주문 기록","과잉 재고·운반·보관·수리 또는 사용 시점 지연이 압력이 된다","실제 비교 후보·교역·재활용·수리·배급 조정 중 원본 기능에 맞는 경로로 재고 압력을 줄인다","설계 확정; 질량·가격·스택·부패·효과 수치는 source authority와 밸런스 기준서에서 별도 검증 OPEN"
"surgery:organ:lung:left","적출 왼쪽 폐","Biological (생물)","[{""rid"":7737211673752633509}]","해당 없음: GenericItemDefinitionSO","0.8","120","게임 내 역할은 생산망의 입력·출력에 연결된다.","사육·치료·생체 제작에 물자를 묶어 식량·의료·보관 경로와 경쟁한다","비교 후보(대체 가능성 미검증): GenericItemDefinitionSO:captivity:extracted-blood, GenericItemDefinitionSO:medicine:blood-pack, GenericItemDefinitionSO:surgery:contaminated-tissue, GenericItemDefinitionSO:surgery:organ:arm:left, GenericItemDefinitionSO:surgery:organ:arm:right, GenericItemDefinitionSO:surgery:organ:brain, GenericItemDefinitionSO:surgery:organ:core, GenericItemDefinitionSO:surgery:organ:eye:left, GenericItemDefinitionSO:surgery:organ:eye:right, GenericItemDefinitionSO:surgery:organ:heart, GenericItemDefinitionSO:surgery:organ:kidney:left, GenericItemDefinitionSO:surgery:organ:kidney:right 외 7개","생성 또는 거래·재고 입고·운반·보관·장착 또는 소비와 하류 주문 기록","과잉 재고·운반·보관·수리 또는 사용 시점 지연이 압력이 된다","실제 비교 후보·교역·재활용·수리·배급 조정 중 원본 기능에 맞는 경로로 재고 압력을 줄인다","설계 확정; 질량·가격·스택·부패·효과 수치는 source authority와 밸런스 기준서에서 별도 검증 OPEN"
"surgery:organ:lung:right","적출 오른쪽 폐","Biological (생물)","[{""rid"":7737211673752633455}]","해당 없음: GenericItemDefinitionSO","0.8","120","게임 내 역할은 생산망의 입력·출력에 연결된다.","사육·치료·생체 제작에 물자를 묶어 식량·의료·보관 경로와 경쟁한다","비교 후보(대체 가능성 미검증): GenericItemDefinitionSO:captivity:extracted-blood, GenericItemDefinitionSO:medicine:blood-pack, GenericItemDefinitionSO:surgery:contaminated-tissue, GenericItemDefinitionSO:surgery:organ:arm:left, GenericItemDefinitionSO:surgery:organ:arm:right, GenericItemDefinitionSO:surgery:organ:brain, GenericItemDefinitionSO:surgery:organ:core, GenericItemDefinitionSO:surgery:organ:eye:left, GenericItemDefinitionSO:surgery:organ:eye:right, GenericItemDefinitionSO:surgery:organ:heart, GenericItemDefinitionSO:surgery:organ:kidney:left, GenericItemDefinitionSO:surgery:organ:kidney:right 외 7개","생성 또는 거래·재고 입고·운반·보관·장착 또는 소비와 하류 주문 기록","과잉 재고·운반·보관·수리 또는 사용 시점 지연이 압력이 된다","실제 비교 후보·교역·재활용·수리·배급 조정 중 원본 기능에 맞는 경로로 재고 압력을 줄인다","설계 확정; 질량·가격·스택·부패·효과 수치는 source authority와 밸런스 기준서에서 별도 검증 OPEN"
"surgery:organ:pseudopods","적출 위족","Biological (생물)","[{""rid"":7737211673752633587}]","해당 없음: GenericItemDefinitionSO","0.8","120","게임 내 역할은 생산망의 입력·출력에 연결된다.","사육·치료·생체 제작에 물자를 묶어 식량·의료·보관 경로와 경쟁한다","비교 후보(대체 가능성 미검증): GenericItemDefinitionSO:captivity:extracted-blood, GenericItemDefinitionSO:medicine:blood-pack, GenericItemDefinitionSO:surgery:contaminated-tissue, GenericItemDefinitionSO:surgery:organ:arm:left, GenericItemDefinitionSO:surgery:organ:arm:right, GenericItemDefinitionSO:surgery:organ:brain, GenericItemDefinitionSO:surgery:organ:core, GenericItemDefinitionSO:surgery:organ:eye:left, GenericItemDefinitionSO:surgery:organ:eye:right, GenericItemDefinitionSO:surgery:organ:heart, GenericItemDefinitionSO:surgery:organ:kidney:left, GenericItemDefinitionSO:surgery:organ:kidney:right 외 7개","생성 또는 거래·재고 입고·운반·보관·장착 또는 소비와 하류 주문 기록","과잉 재고·운반·보관·수리 또는 사용 시점 지연이 압력이 된다","실제 비교 후보·교역·재활용·수리·배급 조정 중 원본 기능에 맞는 경로로 재고 압력을 줄인다","설계 확정; 질량·가격·스택·부패·효과 수치는 source authority와 밸런스 기준서에서 별도 검증 OPEN"
"surgery:organ:sensory-gel","적출 감각 젤","Biological (생물)","[{""rid"":7737211673752633434}]","해당 없음: GenericItemDefinitionSO","0.8","120","게임 내 역할은 생산망의 입력·출력에 연결된다.","사육·치료·생체 제작에 물자를 묶어 식량·의료·보관 경로와 경쟁한다","비교 후보(대체 가능성 미검증): GenericItemDefinitionSO:captivity:extracted-blood, GenericItemDefinitionSO:medicine:blood-pack, GenericItemDefinitionSO:surgery:contaminated-tissue, GenericItemDefinitionSO:surgery:organ:arm:left, GenericItemDefinitionSO:surgery:organ:arm:right, GenericItemDefinitionSO:surgery:organ:brain, GenericItemDefinitionSO:surgery:organ:core, GenericItemDefinitionSO:surgery:organ:eye:left, GenericItemDefinitionSO:surgery:organ:eye:right, GenericItemDefinitionSO:surgery:organ:heart, GenericItemDefinitionSO:surgery:organ:kidney:left, GenericItemDefinitionSO:surgery:organ:kidney:right 외 7개","생성 또는 거래·재고 입고·운반·보관·장착 또는 소비와 하류 주문 기록","과잉 재고·운반·보관·수리 또는 사용 시점 지연이 압력이 된다","실제 비교 후보·교역·재활용·수리·배급 조정 중 원본 기능에 맞는 경로로 재고 압력을 줄인다","설계 확정; 질량·가격·스택·부패·효과 수치는 source authority와 밸런스 기준서에서 별도 검증 OPEN"
"surgery:organ:stomach","적출 위","Biological (생물)","[{""rid"":7737211673752633606}]","해당 없음: GenericItemDefinitionSO","0.8","120","게임 내 역할은 생산망의 입력·출력에 연결된다.","사육·치료·생체 제작에 물자를 묶어 식량·의료·보관 경로와 경쟁한다","비교 후보(대체 가능성 미검증): GenericItemDefinitionSO:captivity:extracted-blood, GenericItemDefinitionSO:medicine:blood-pack, GenericItemDefinitionSO:surgery:contaminated-tissue, GenericItemDefinitionSO:surgery:organ:arm:left, GenericItemDefinitionSO:surgery:organ:arm:right, GenericItemDefinitionSO:surgery:organ:brain, GenericItemDefinitionSO:surgery:organ:core, GenericItemDefinitionSO:surgery:organ:eye:left, GenericItemDefinitionSO:surgery:organ:eye:right, GenericItemDefinitionSO:surgery:organ:heart, GenericItemDefinitionSO:surgery:organ:kidney:left, GenericItemDefinitionSO:surgery:organ:kidney:right 외 7개","생성 또는 거래·재고 입고·운반·보관·장착 또는 소비와 하류 주문 기록","과잉 재고·운반·보관·수리 또는 사용 시점 지연이 압력이 된다","실제 비교 후보·교역·재활용·수리·배급 조정 중 원본 기능에 맞는 경로로 재고 압력을 줄인다","설계 확정; 질량·가격·스택·부패·효과 수치는 source authority와 밸런스 기준서에서 별도 검증 OPEN"
"surgery:prosthetic:arm:left","왼팔 보철","General (일반)","[{""rid"":7737211673752633441}]","해당 없음: GenericItemDefinitionSO","1.8","174","생산식 1개가 공급하는 물자다. 게임 내 역할은 생산망의 입력·출력에 연결된다.","이 물자의 원본 기능을 위해 보관·운반·소비·거래 중 한 경로에 재고를 배정해 다른 사용처를 늦춘다","비교 후보(대체 가능성 미검증): GenericItemDefinitionSO:captivity:restraints, GenericItemDefinitionSO:dark:bone, GenericItemDefinitionSO:dark:humanoid_corpse, GenericItemDefinitionSO:evolution:facility-package, GenericItemDefinitionSO:industrial:sludge, GenericItemDefinitionSO:medicine:temporary-power-bypass, GenericItemDefinitionSO:surgery:prosthetic:arm:right, GenericItemDefinitionSO:surgery:prosthetic:brain, GenericItemDefinitionSO:surgery:prosthetic:core, GenericItemDefinitionSO:surgery:prosthetic:eye:left, GenericItemDefinitionSO:surgery:prosthetic:eye:right, GenericItemDefinitionSO:surgery:prosthetic:heart 외 11개","생성 또는 거래·재고 입고·운반·보관·장착 또는 소비와 하류 주문 기록","과잉 재고·운반·보관·수리 또는 사용 시점 지연이 압력이 된다","실제 비교 후보·교역·재활용·수리·배급 조정 중 원본 기능에 맞는 경로로 재고 압력을 줄인다","설계 확정; 질량·가격·스택·부패·효과 수치는 source authority와 밸런스 기준서에서 별도 검증 OPEN"
"surgery:prosthetic:arm:right","오른팔 보철","General (일반)","[{""rid"":7737211673752633533}]","해당 없음: GenericItemDefinitionSO","1.8","180","게임 내 역할은 생산망의 입력·출력에 연결된다.","이 물자의 원본 기능을 위해 보관·운반·소비·거래 중 한 경로에 재고를 배정해 다른 사용처를 늦춘다","비교 후보(대체 가능성 미검증): GenericItemDefinitionSO:captivity:restraints, GenericItemDefinitionSO:dark:bone, GenericItemDefinitionSO:dark:humanoid_corpse, GenericItemDefinitionSO:evolution:facility-package, GenericItemDefinitionSO:industrial:sludge, GenericItemDefinitionSO:medicine:temporary-power-bypass, GenericItemDefinitionSO:surgery:prosthetic:arm:left, GenericItemDefinitionSO:surgery:prosthetic:brain, GenericItemDefinitionSO:surgery:prosthetic:core, GenericItemDefinitionSO:surgery:prosthetic:eye:left, GenericItemDefinitionSO:surgery:prosthetic:eye:right, GenericItemDefinitionSO:surgery:prosthetic:heart 외 11개","생성 또는 거래·재고 입고·운반·보관·장착 또는 소비와 하류 주문 기록","과잉 재고·운반·보관·수리 또는 사용 시점 지연이 압력이 된다","실제 비교 후보·교역·재활용·수리·배급 조정 중 원본 기능에 맞는 경로로 재고 압력을 줄인다","설계 확정; 질량·가격·스택·부패·효과 수치는 source authority와 밸런스 기준서에서 별도 검증 OPEN"
"surgery:prosthetic:brain","뇌 보철","General (일반)","[{""rid"":7737211673752633413}]","해당 없음: GenericItemDefinitionSO","1.8","180","게임 내 역할은 생산망의 입력·출력에 연결된다.","이 물자의 원본 기능을 위해 보관·운반·소비·거래 중 한 경로에 재고를 배정해 다른 사용처를 늦춘다","비교 후보(대체 가능성 미검증): GenericItemDefinitionSO:captivity:restraints, GenericItemDefinitionSO:dark:bone, GenericItemDefinitionSO:dark:humanoid_corpse, GenericItemDefinitionSO:evolution:facility-package, GenericItemDefinitionSO:industrial:sludge, GenericItemDefinitionSO:medicine:temporary-power-bypass, GenericItemDefinitionSO:surgery:prosthetic:arm:left, GenericItemDefinitionSO:surgery:prosthetic:arm:right, GenericItemDefinitionSO:surgery:prosthetic:core, GenericItemDefinitionSO:surgery:prosthetic:eye:left, GenericItemDefinitionSO:surgery:prosthetic:eye:right, GenericItemDefinitionSO:surgery:prosthetic:heart 외 11개","생성 또는 거래·재고 입고·운반·보관·장착 또는 소비와 하류 주문 기록","과잉 재고·운반·보관·수리 또는 사용 시점 지연이 압력이 된다","실제 비교 후보·교역·재활용·수리·배급 조정 중 원본 기능에 맞는 경로로 재고 압력을 줄인다","설계 확정; 질량·가격·스택·부패·효과 수치는 source authority와 밸런스 기준서에서 별도 검증 OPEN"
"surgery:prosthetic:core","핵 보철","General (일반)","[{""rid"":7737211673752633558}]","해당 없음: GenericItemDefinitionSO","1.8","180","게임 내 역할은 생산망의 입력·출력에 연결된다.","이 물자의 원본 기능을 위해 보관·운반·소비·거래 중 한 경로에 재고를 배정해 다른 사용처를 늦춘다","비교 후보(대체 가능성 미검증): GenericItemDefinitionSO:captivity:restraints, GenericItemDefinitionSO:dark:bone, GenericItemDefinitionSO:dark:humanoid_corpse, GenericItemDefinitionSO:evolution:facility-package, GenericItemDefinitionSO:industrial:sludge, GenericItemDefinitionSO:medicine:temporary-power-bypass, GenericItemDefinitionSO:surgery:prosthetic:arm:left, GenericItemDefinitionSO:surgery:prosthetic:arm:right, GenericItemDefinitionSO:surgery:prosthetic:brain, GenericItemDefinitionSO:surgery:prosthetic:eye:left, GenericItemDefinitionSO:surgery:prosthetic:eye:right, GenericItemDefinitionSO:surgery:prosthetic:heart 외 11개","생성 또는 거래·재고 입고·운반·보관·장착 또는 소비와 하류 주문 기록","과잉 재고·운반·보관·수리 또는 사용 시점 지연이 압력이 된다","실제 비교 후보·교역·재활용·수리·배급 조정 중 원본 기능에 맞는 경로로 재고 압력을 줄인다","설계 확정; 질량·가격·스택·부패·효과 수치는 source authority와 밸런스 기준서에서 별도 검증 OPEN"
"surgery:prosthetic:eye:left","왼쪽 눈 보철","General (일반)","[{""rid"":7737211673752633529}]","해당 없음: GenericItemDefinitionSO","1.8","149","생산식 1개가 공급하는 물자다. 게임 내 역할은 생산망의 입력·출력에 연결된다.","이 물자의 원본 기능을 위해 보관·운반·소비·거래 중 한 경로에 재고를 배정해 다른 사용처를 늦춘다","비교 후보(대체 가능성 미검증): GenericItemDefinitionSO:captivity:restraints, GenericItemDefinitionSO:dark:bone, GenericItemDefinitionSO:dark:humanoid_corpse, GenericItemDefinitionSO:evolution:facility-package, GenericItemDefinitionSO:industrial:sludge, GenericItemDefinitionSO:medicine:temporary-power-bypass, GenericItemDefinitionSO:surgery:prosthetic:arm:left, GenericItemDefinitionSO:surgery:prosthetic:arm:right, GenericItemDefinitionSO:surgery:prosthetic:brain, GenericItemDefinitionSO:surgery:prosthetic:core, GenericItemDefinitionSO:surgery:prosthetic:eye:right, GenericItemDefinitionSO:surgery:prosthetic:heart 외 11개","생성 또는 거래·재고 입고·운반·보관·장착 또는 소비와 하류 주문 기록","과잉 재고·운반·보관·수리 또는 사용 시점 지연이 압력이 된다","실제 비교 후보·교역·재활용·수리·배급 조정 중 원본 기능에 맞는 경로로 재고 압력을 줄인다","설계 확정; 질량·가격·스택·부패·효과 수치는 source authority와 밸런스 기준서에서 별도 검증 OPEN"
"surgery:prosthetic:eye:right","오른쪽 눈 보철","General (일반)","[{""rid"":7737211673752633454}]","해당 없음: GenericItemDefinitionSO","1.8","180","게임 내 역할은 생산망의 입력·출력에 연결된다.","이 물자의 원본 기능을 위해 보관·운반·소비·거래 중 한 경로에 재고를 배정해 다른 사용처를 늦춘다","비교 후보(대체 가능성 미검증): GenericItemDefinitionSO:captivity:restraints, GenericItemDefinitionSO:dark:bone, GenericItemDefinitionSO:dark:humanoid_corpse, GenericItemDefinitionSO:evolution:facility-package, GenericItemDefinitionSO:industrial:sludge, GenericItemDefinitionSO:medicine:temporary-power-bypass, GenericItemDefinitionSO:surgery:prosthetic:arm:left, GenericItemDefinitionSO:surgery:prosthetic:arm:right, GenericItemDefinitionSO:surgery:prosthetic:brain, GenericItemDefinitionSO:surgery:prosthetic:core, GenericItemDefinitionSO:surgery:prosthetic:eye:left, GenericItemDefinitionSO:surgery:prosthetic:heart 외 11개","생성 또는 거래·재고 입고·운반·보관·장착 또는 소비와 하류 주문 기록","과잉 재고·운반·보관·수리 또는 사용 시점 지연이 압력이 된다","실제 비교 후보·교역·재활용·수리·배급 조정 중 원본 기능에 맞는 경로로 재고 압력을 줄인다","설계 확정; 질량·가격·스택·부패·효과 수치는 source authority와 밸런스 기준서에서 별도 검증 OPEN"
"surgery:prosthetic:heart","심장 보철","General (일반)","[{""rid"":7737211673752633408}]","해당 없음: GenericItemDefinitionSO","1.8","180","게임 내 역할은 생산망의 입력·출력에 연결된다.","이 물자의 원본 기능을 위해 보관·운반·소비·거래 중 한 경로에 재고를 배정해 다른 사용처를 늦춘다","비교 후보(대체 가능성 미검증): GenericItemDefinitionSO:captivity:restraints, GenericItemDefinitionSO:dark:bone, GenericItemDefinitionSO:dark:humanoid_corpse, GenericItemDefinitionSO:evolution:facility-package, GenericItemDefinitionSO:industrial:sludge, GenericItemDefinitionSO:medicine:temporary-power-bypass, GenericItemDefinitionSO:surgery:prosthetic:arm:left, GenericItemDefinitionSO:surgery:prosthetic:arm:right, GenericItemDefinitionSO:surgery:prosthetic:brain, GenericItemDefinitionSO:surgery:prosthetic:core, GenericItemDefinitionSO:surgery:prosthetic:eye:left, GenericItemDefinitionSO:surgery:prosthetic:eye:right 외 11개","생성 또는 거래·재고 입고·운반·보관·장착 또는 소비와 하류 주문 기록","과잉 재고·운반·보관·수리 또는 사용 시점 지연이 압력이 된다","실제 비교 후보·교역·재활용·수리·배급 조정 중 원본 기능에 맞는 경로로 재고 압력을 줄인다","설계 확정; 질량·가격·스택·부패·효과 수치는 source authority와 밸런스 기준서에서 별도 검증 OPEN"
"surgery:prosthetic:kidney:left","왼쪽 신장 보철","General (일반)","[{""rid"":7737211673752633422}]","해당 없음: GenericItemDefinitionSO","1.8","180","게임 내 역할은 생산망의 입력·출력에 연결된다.","이 물자의 원본 기능을 위해 보관·운반·소비·거래 중 한 경로에 재고를 배정해 다른 사용처를 늦춘다","비교 후보(대체 가능성 미검증): GenericItemDefinitionSO:captivity:restraints, GenericItemDefinitionSO:dark:bone, GenericItemDefinitionSO:dark:humanoid_corpse, GenericItemDefinitionSO:evolution:facility-package, GenericItemDefinitionSO:industrial:sludge, GenericItemDefinitionSO:medicine:temporary-power-bypass, GenericItemDefinitionSO:surgery:prosthetic:arm:left, GenericItemDefinitionSO:surgery:prosthetic:arm:right, GenericItemDefinitionSO:surgery:prosthetic:brain, GenericItemDefinitionSO:surgery:prosthetic:core, GenericItemDefinitionSO:surgery:prosthetic:eye:left, GenericItemDefinitionSO:surgery:prosthetic:eye:right 외 11개","생성 또는 거래·재고 입고·운반·보관·장착 또는 소비와 하류 주문 기록","과잉 재고·운반·보관·수리 또는 사용 시점 지연이 압력이 된다","실제 비교 후보·교역·재활용·수리·배급 조정 중 원본 기능에 맞는 경로로 재고 압력을 줄인다","설계 확정; 질량·가격·스택·부패·효과 수치는 source authority와 밸런스 기준서에서 별도 검증 OPEN"
"surgery:prosthetic:kidney:right","오른쪽 신장 보철","General (일반)","[{""rid"":7737211673752633463}]","해당 없음: GenericItemDefinitionSO","1.8","180","게임 내 역할은 생산망의 입력·출력에 연결된다.","이 물자의 원본 기능을 위해 보관·운반·소비·거래 중 한 경로에 재고를 배정해 다른 사용처를 늦춘다","비교 후보(대체 가능성 미검증): GenericItemDefinitionSO:captivity:restraints, GenericItemDefinitionSO:dark:bone, GenericItemDefinitionSO:dark:humanoid_corpse, GenericItemDefinitionSO:evolution:facility-package, GenericItemDefinitionSO:industrial:sludge, GenericItemDefinitionSO:medicine:temporary-power-bypass, GenericItemDefinitionSO:surgery:prosthetic:arm:left, GenericItemDefinitionSO:surgery:prosthetic:arm:right, GenericItemDefinitionSO:surgery:prosthetic:brain, GenericItemDefinitionSO:surgery:prosthetic:core, GenericItemDefinitionSO:surgery:prosthetic:eye:left, GenericItemDefinitionSO:surgery:prosthetic:eye:right 외 11개","생성 또는 거래·재고 입고·운반·보관·장착 또는 소비와 하류 주문 기록","과잉 재고·운반·보관·수리 또는 사용 시점 지연이 압력이 된다","실제 비교 후보·교역·재활용·수리·배급 조정 중 원본 기능에 맞는 경로로 재고 압력을 줄인다","설계 확정; 질량·가격·스택·부패·효과 수치는 source authority와 밸런스 기준서에서 별도 검증 OPEN"
"surgery:prosthetic:leg:left","왼다리 보철","General (일반)","[{""rid"":7737211673752633595}]","해당 없음: GenericItemDefinitionSO","1.8","250","생산식 1개가 공급하는 물자다. 게임 내 역할은 생산망의 입력·출력에 연결된다.","이 물자의 원본 기능을 위해 보관·운반·소비·거래 중 한 경로에 재고를 배정해 다른 사용처를 늦춘다","비교 후보(대체 가능성 미검증): GenericItemDefinitionSO:captivity:restraints, GenericItemDefinitionSO:dark:bone, GenericItemDefinitionSO:dark:humanoid_corpse, GenericItemDefinitionSO:evolution:facility-package, GenericItemDefinitionSO:industrial:sludge, GenericItemDefinitionSO:medicine:temporary-power-bypass, GenericItemDefinitionSO:surgery:prosthetic:arm:left, GenericItemDefinitionSO:surgery:prosthetic:arm:right, GenericItemDefinitionSO:surgery:prosthetic:brain, GenericItemDefinitionSO:surgery:prosthetic:core, GenericItemDefinitionSO:surgery:prosthetic:eye:left, GenericItemDefinitionSO:surgery:prosthetic:eye:right 외 11개","생성 또는 거래·재고 입고·운반·보관·장착 또는 소비와 하류 주문 기록","과잉 재고·운반·보관·수리 또는 사용 시점 지연이 압력이 된다","실제 비교 후보·교역·재활용·수리·배급 조정 중 원본 기능에 맞는 경로로 재고 압력을 줄인다","설계 확정; 질량·가격·스택·부패·효과 수치는 source authority와 밸런스 기준서에서 별도 검증 OPEN"
"surgery:prosthetic:leg:right","오른다리 보철","General (일반)","[{""rid"":7737211673752633430}]","해당 없음: GenericItemDefinitionSO","1.8","180","게임 내 역할은 생산망의 입력·출력에 연결된다.","이 물자의 원본 기능을 위해 보관·운반·소비·거래 중 한 경로에 재고를 배정해 다른 사용처를 늦춘다","비교 후보(대체 가능성 미검증): GenericItemDefinitionSO:captivity:restraints, GenericItemDefinitionSO:dark:bone, GenericItemDefinitionSO:dark:humanoid_corpse, GenericItemDefinitionSO:evolution:facility-package, GenericItemDefinitionSO:industrial:sludge, GenericItemDefinitionSO:medicine:temporary-power-bypass, GenericItemDefinitionSO:surgery:prosthetic:arm:left, GenericItemDefinitionSO:surgery:prosthetic:arm:right, GenericItemDefinitionSO:surgery:prosthetic:brain, GenericItemDefinitionSO:surgery:prosthetic:core, GenericItemDefinitionSO:surgery:prosthetic:eye:left, GenericItemDefinitionSO:surgery:prosthetic:eye:right 외 11개","생성 또는 거래·재고 입고·운반·보관·장착 또는 소비와 하류 주문 기록","과잉 재고·운반·보관·수리 또는 사용 시점 지연이 압력이 된다","실제 비교 후보·교역·재활용·수리·배급 조정 중 원본 기능에 맞는 경로로 재고 압력을 줄인다","설계 확정; 질량·가격·스택·부패·효과 수치는 source authority와 밸런스 기준서에서 별도 검증 OPEN"
"surgery:prosthetic:liver","간 보철","General (일반)","[{""rid"":7737211673752633459}]","해당 없음: GenericItemDefinitionSO","1.8","180","게임 내 역할은 생산망의 입력·출력에 연결된다.","이 물자의 원본 기능을 위해 보관·운반·소비·거래 중 한 경로에 재고를 배정해 다른 사용처를 늦춘다","비교 후보(대체 가능성 미검증): GenericItemDefinitionSO:captivity:restraints, GenericItemDefinitionSO:dark:bone, GenericItemDefinitionSO:dark:humanoid_corpse, GenericItemDefinitionSO:evolution:facility-package, GenericItemDefinitionSO:industrial:sludge, GenericItemDefinitionSO:medicine:temporary-power-bypass, GenericItemDefinitionSO:surgery:prosthetic:arm:left, GenericItemDefinitionSO:surgery:prosthetic:arm:right, GenericItemDefinitionSO:surgery:prosthetic:brain, GenericItemDefinitionSO:surgery:prosthetic:core, GenericItemDefinitionSO:surgery:prosthetic:eye:left, GenericItemDefinitionSO:surgery:prosthetic:eye:right 외 11개","생성 또는 거래·재고 입고·운반·보관·장착 또는 소비와 하류 주문 기록","과잉 재고·운반·보관·수리 또는 사용 시점 지연이 압력이 된다","실제 비교 후보·교역·재활용·수리·배급 조정 중 원본 기능에 맞는 경로로 재고 압력을 줄인다","설계 확정; 질량·가격·스택·부패·효과 수치는 source authority와 밸런스 기준서에서 별도 검증 OPEN"
"surgery:prosthetic:lung:left","왼쪽 폐 보철","General (일반)","[{""rid"":7737211673752633486}]","해당 없음: GenericItemDefinitionSO","1.8","180","게임 내 역할은 생산망의 입력·출력에 연결된다.","이 물자의 원본 기능을 위해 보관·운반·소비·거래 중 한 경로에 재고를 배정해 다른 사용처를 늦춘다","비교 후보(대체 가능성 미검증): GenericItemDefinitionSO:captivity:restraints, GenericItemDefinitionSO:dark:bone, GenericItemDefinitionSO:dark:humanoid_corpse, GenericItemDefinitionSO:evolution:facility-package, GenericItemDefinitionSO:industrial:sludge, GenericItemDefinitionSO:medicine:temporary-power-bypass, GenericItemDefinitionSO:surgery:prosthetic:arm:left, GenericItemDefinitionSO:surgery:prosthetic:arm:right, GenericItemDefinitionSO:surgery:prosthetic:brain, GenericItemDefinitionSO:surgery:prosthetic:core, GenericItemDefinitionSO:surgery:prosthetic:eye:left, GenericItemDefinitionSO:surgery:prosthetic:eye:right 외 11개","생성 또는 거래·재고 입고·운반·보관·장착 또는 소비와 하류 주문 기록","과잉 재고·운반·보관·수리 또는 사용 시점 지연이 압력이 된다","실제 비교 후보·교역·재활용·수리·배급 조정 중 원본 기능에 맞는 경로로 재고 압력을 줄인다","설계 확정; 질량·가격·스택·부패·효과 수치는 source authority와 밸런스 기준서에서 별도 검증 OPEN"
"surgery:prosthetic:lung:right","오른쪽 폐 보철","General (일반)","[{""rid"":7737211673752633565}]","해당 없음: GenericItemDefinitionSO","1.8","180","게임 내 역할은 생산망의 입력·출력에 연결된다.","이 물자의 원본 기능을 위해 보관·운반·소비·거래 중 한 경로에 재고를 배정해 다른 사용처를 늦춘다","비교 후보(대체 가능성 미검증): GenericItemDefinitionSO:captivity:restraints, GenericItemDefinitionSO:dark:bone, GenericItemDefinitionSO:dark:humanoid_corpse, GenericItemDefinitionSO:evolution:facility-package, GenericItemDefinitionSO:industrial:sludge, GenericItemDefinitionSO:medicine:temporary-power-bypass, GenericItemDefinitionSO:surgery:prosthetic:arm:left, GenericItemDefinitionSO:surgery:prosthetic:arm:right, GenericItemDefinitionSO:surgery:prosthetic:brain, GenericItemDefinitionSO:surgery:prosthetic:core, GenericItemDefinitionSO:surgery:prosthetic:eye:left, GenericItemDefinitionSO:surgery:prosthetic:eye:right 외 11개","생성 또는 거래·재고 입고·운반·보관·장착 또는 소비와 하류 주문 기록","과잉 재고·운반·보관·수리 또는 사용 시점 지연이 압력이 된다","실제 비교 후보·교역·재활용·수리·배급 조정 중 원본 기능에 맞는 경로로 재고 압력을 줄인다","설계 확정; 질량·가격·스택·부패·효과 수치는 source authority와 밸런스 기준서에서 별도 검증 OPEN"
"surgery:prosthetic:pseudopods","위족 보철","General (일반)","[{""rid"":7737211673752633411}]","해당 없음: GenericItemDefinitionSO","1.8","180","게임 내 역할은 생산망의 입력·출력에 연결된다.","이 물자의 원본 기능을 위해 보관·운반·소비·거래 중 한 경로에 재고를 배정해 다른 사용처를 늦춘다","비교 후보(대체 가능성 미검증): GenericItemDefinitionSO:captivity:restraints, GenericItemDefinitionSO:dark:bone, GenericItemDefinitionSO:dark:humanoid_corpse, GenericItemDefinitionSO:evolution:facility-package, GenericItemDefinitionSO:industrial:sludge, GenericItemDefinitionSO:medicine:temporary-power-bypass, GenericItemDefinitionSO:surgery:prosthetic:arm:left, GenericItemDefinitionSO:surgery:prosthetic:arm:right, GenericItemDefinitionSO:surgery:prosthetic:brain, GenericItemDefinitionSO:surgery:prosthetic:core, GenericItemDefinitionSO:surgery:prosthetic:eye:left, GenericItemDefinitionSO:surgery:prosthetic:eye:right 외 11개","생성 또는 거래·재고 입고·운반·보관·장착 또는 소비와 하류 주문 기록","과잉 재고·운반·보관·수리 또는 사용 시점 지연이 압력이 된다","실제 비교 후보·교역·재활용·수리·배급 조정 중 원본 기능에 맞는 경로로 재고 압력을 줄인다","설계 확정; 질량·가격·스택·부패·효과 수치는 source authority와 밸런스 기준서에서 별도 검증 OPEN"
"surgery:prosthetic:sensory-gel","감각 젤 보철","General (일반)","[{""rid"":7737211673752633575}]","해당 없음: GenericItemDefinitionSO","1.8","180","게임 내 역할은 생산망의 입력·출력에 연결된다.","이 물자의 원본 기능을 위해 보관·운반·소비·거래 중 한 경로에 재고를 배정해 다른 사용처를 늦춘다","비교 후보(대체 가능성 미검증): GenericItemDefinitionSO:captivity:restraints, GenericItemDefinitionSO:dark:bone, GenericItemDefinitionSO:dark:humanoid_corpse, GenericItemDefinitionSO:evolution:facility-package, GenericItemDefinitionSO:industrial:sludge, GenericItemDefinitionSO:medicine:temporary-power-bypass, GenericItemDefinitionSO:surgery:prosthetic:arm:left, GenericItemDefinitionSO:surgery:prosthetic:arm:right, GenericItemDefinitionSO:surgery:prosthetic:brain, GenericItemDefinitionSO:surgery:prosthetic:core, GenericItemDefinitionSO:surgery:prosthetic:eye:left, GenericItemDefinitionSO:surgery:prosthetic:eye:right 외 11개","생성 또는 거래·재고 입고·운반·보관·장착 또는 소비와 하류 주문 기록","과잉 재고·운반·보관·수리 또는 사용 시점 지연이 압력이 된다","실제 비교 후보·교역·재활용·수리·배급 조정 중 원본 기능에 맞는 경로로 재고 압력을 줄인다","설계 확정; 질량·가격·스택·부패·효과 수치는 source authority와 밸런스 기준서에서 별도 검증 OPEN"
"surgery:prosthetic:stomach","위 보철","General (일반)","[{""rid"":7737211673752633472}]","해당 없음: GenericItemDefinitionSO","1.8","180","게임 내 역할은 생산망의 입력·출력에 연결된다.","이 물자의 원본 기능을 위해 보관·운반·소비·거래 중 한 경로에 재고를 배정해 다른 사용처를 늦춘다","비교 후보(대체 가능성 미검증): GenericItemDefinitionSO:captivity:restraints, GenericItemDefinitionSO:dark:bone, GenericItemDefinitionSO:dark:humanoid_corpse, GenericItemDefinitionSO:evolution:facility-package, GenericItemDefinitionSO:industrial:sludge, GenericItemDefinitionSO:medicine:temporary-power-bypass, GenericItemDefinitionSO:surgery:prosthetic:arm:left, GenericItemDefinitionSO:surgery:prosthetic:arm:right, GenericItemDefinitionSO:surgery:prosthetic:brain, GenericItemDefinitionSO:surgery:prosthetic:core, GenericItemDefinitionSO:surgery:prosthetic:eye:left, GenericItemDefinitionSO:surgery:prosthetic:eye:right 외 11개","생성 또는 거래·재고 입고·운반·보관·장착 또는 소비와 하류 주문 기록","과잉 재고·운반·보관·수리 또는 사용 시점 지연이 압력이 된다","실제 비교 후보·교역·재활용·수리·배급 조정 중 원본 기능에 맞는 경로로 재고 압력을 줄인다","설계 확정; 질량·가격·스택·부패·효과 수치는 source authority와 밸런스 기준서에서 별도 검증 OPEN"
"survival:cooked_meal","조리 식량","Food (식량)","[{""rid"":7737211673752633612},{""rid"":7737211673752633613}]","해당 없음: GenericItemDefinitionSO","0.55","6","게임 내 역할은 섭취와 영양 공급, 생산망의 입력·출력에 연결된다.","식량 생산·보존·배식·문화 요구 중 이 물자를 어디에 배정할지 선택해 다른 식단과 비축을 늦춘다","비교 후보(대체 가능성 미검증): GenericItemDefinitionSO:dark:humanoid_meat, GenericItemDefinitionSO:survival:preserved_food, GenericItemDefinitionSO:survival:raw_food, GenericItemDefinitionSO:survival:tainted_food, GenericItemDefinitionSO:wild:carcass:ash_crawler, GenericItemDefinitionSO:wild:carcass:ash_goat, GenericItemDefinitionSO:wild:carcass:carrion_drake, GenericItemDefinitionSO:wild:carcass:cave_hound, GenericItemDefinitionSO:wild:carcass:cave_rat, GenericItemDefinitionSO:wild:carcass:crystal_beetle, GenericItemDefinitionSO:wild:carcass:deep_goat, GenericItemDefinitionSO:wild:carcass:ember_lizard 외 12개","생성 또는 거래·재고 입고·운반·보관·장착 또는 소비와 하류 주문 기록","부패·식단 불일치·배식 지연·저장 점유가 압력이 되며 비축은 다른 식재료를 잠근다","실제 비교 후보·교역·재활용·수리·배급 조정 중 원본 기능에 맞는 경로로 재고 압력을 줄인다","설계 확정; 질량·가격·스택·부패·효과 수치는 source authority와 밸런스 기준서에서 별도 검증 OPEN"
"survival:preserved_food","보존 식량","Food (식량)","[{""rid"":7737211673752633480},{""rid"":7737211673752633481}]","해당 없음: GenericItemDefinitionSO","0.5","5","게임 내 역할은 섭취와 영양 공급, 생산망의 입력·출력에 연결된다.","식량 생산·보존·배식·문화 요구 중 이 물자를 어디에 배정할지 선택해 다른 식단과 비축을 늦춘다","비교 후보(대체 가능성 미검증): GenericItemDefinitionSO:dark:humanoid_meat, GenericItemDefinitionSO:survival:cooked_meal, GenericItemDefinitionSO:survival:raw_food, GenericItemDefinitionSO:survival:tainted_food, GenericItemDefinitionSO:wild:carcass:ash_crawler, GenericItemDefinitionSO:wild:carcass:ash_goat, GenericItemDefinitionSO:wild:carcass:carrion_drake, GenericItemDefinitionSO:wild:carcass:cave_hound, GenericItemDefinitionSO:wild:carcass:cave_rat, GenericItemDefinitionSO:wild:carcass:crystal_beetle, GenericItemDefinitionSO:wild:carcass:deep_goat, GenericItemDefinitionSO:wild:carcass:ember_lizard 외 12개","생성 또는 거래·재고 입고·운반·보관·장착 또는 소비와 하류 주문 기록","부패·식단 불일치·배식 지연·저장 점유가 압력이 되며 비축은 다른 식재료를 잠근다","실제 비교 후보·교역·재활용·수리·배급 조정 중 원본 기능에 맞는 경로로 재고 압력을 줄인다","설계 확정; 질량·가격·스택·부패·효과 수치는 source authority와 밸런스 기준서에서 별도 검증 OPEN"
"survival:raw_food","날 식재료","Food (식량)","[{""rid"":7737211673752633487},{""rid"":7737211673752633488}]","해당 없음: GenericItemDefinitionSO","0.6","3","게임 내 역할은 섭취와 영양 공급, 생산망의 입력·출력에 연결된다.","식량 생산·보존·배식·문화 요구 중 이 물자를 어디에 배정할지 선택해 다른 식단과 비축을 늦춘다","비교 후보(대체 가능성 미검증): GenericItemDefinitionSO:dark:humanoid_meat, GenericItemDefinitionSO:survival:cooked_meal, GenericItemDefinitionSO:survival:preserved_food, GenericItemDefinitionSO:survival:tainted_food, GenericItemDefinitionSO:wild:carcass:ash_crawler, GenericItemDefinitionSO:wild:carcass:ash_goat, GenericItemDefinitionSO:wild:carcass:carrion_drake, GenericItemDefinitionSO:wild:carcass:cave_hound, GenericItemDefinitionSO:wild:carcass:cave_rat, GenericItemDefinitionSO:wild:carcass:crystal_beetle, GenericItemDefinitionSO:wild:carcass:deep_goat, GenericItemDefinitionSO:wild:carcass:ember_lizard 외 12개","생성 또는 거래·재고 입고·운반·보관·장착 또는 소비와 하류 주문 기록","부패·식단 불일치·배식 지연·저장 점유가 압력이 되며 비축은 다른 식재료를 잠근다","실제 비교 후보·교역·재활용·수리·배급 조정 중 원본 기능에 맞는 경로로 재고 압력을 줄인다","설계 확정; 질량·가격·스택·부패·효과 수치는 source authority와 밸런스 기준서에서 별도 검증 OPEN"
"survival:tainted_food","오염된 음식","Food (식량)","[{""rid"":7737211673752633603},{""rid"":7737211673752633604}]","해당 없음: GenericItemDefinitionSO","0.5","0","게임 내 역할은 섭취와 영양 공급, 생산망의 입력·출력에 연결된다.","식량 생산·보존·배식·문화 요구 중 이 물자를 어디에 배정할지 선택해 다른 식단과 비축을 늦춘다","비교 후보(대체 가능성 미검증): GenericItemDefinitionSO:dark:humanoid_meat, GenericItemDefinitionSO:survival:cooked_meal, GenericItemDefinitionSO:survival:preserved_food, GenericItemDefinitionSO:survival:raw_food, GenericItemDefinitionSO:wild:carcass:ash_crawler, GenericItemDefinitionSO:wild:carcass:ash_goat, GenericItemDefinitionSO:wild:carcass:carrion_drake, GenericItemDefinitionSO:wild:carcass:cave_hound, GenericItemDefinitionSO:wild:carcass:cave_rat, GenericItemDefinitionSO:wild:carcass:crystal_beetle, GenericItemDefinitionSO:wild:carcass:deep_goat, GenericItemDefinitionSO:wild:carcass:ember_lizard 외 12개","생성 또는 거래·재고 입고·운반·보관·장착 또는 소비와 하류 주문 기록","부패·식단 불일치·배식 지연·저장 점유가 압력이 되며 비축은 다른 식재료를 잠근다","실제 비교 후보·교역·재활용·수리·배급 조정 중 원본 기능에 맞는 경로로 재고 압력을 줄인다","설계 확정; 질량·가격·스택·부패·효과 수치는 source authority와 밸런스 기준서에서 별도 검증 OPEN"
"wild:carcass:ash_crawler","재먼지 기는벌레 사체","Food (식량)","[{""rid"":1000},{""rid"":1001}]","해당 없음: GenericItemDefinitionSO","4","4","게임 내 역할은 섭취와 영양 공급, 생산망의 입력·출력에 연결된다.","식량 생산·보존·배식·문화 요구 중 이 물자를 어디에 배정할지 선택해 다른 식단과 비축을 늦춘다","비교 후보(대체 가능성 미검증): GenericItemDefinitionSO:dark:humanoid_meat, GenericItemDefinitionSO:survival:cooked_meal, GenericItemDefinitionSO:survival:preserved_food, GenericItemDefinitionSO:survival:raw_food, GenericItemDefinitionSO:survival:tainted_food, GenericItemDefinitionSO:wild:carcass:ash_goat, GenericItemDefinitionSO:wild:carcass:carrion_drake, GenericItemDefinitionSO:wild:carcass:cave_hound, GenericItemDefinitionSO:wild:carcass:cave_rat, GenericItemDefinitionSO:wild:carcass:crystal_beetle, GenericItemDefinitionSO:wild:carcass:deep_goat, GenericItemDefinitionSO:wild:carcass:ember_lizard 외 12개","생성 또는 거래·재고 입고·운반·보관·장착 또는 소비와 하류 주문 기록","부패·식단 불일치·배식 지연·저장 점유가 압력이 되며 비축은 다른 식재료를 잠근다","실제 비교 후보·교역·재활용·수리·배급 조정 중 원본 기능에 맞는 경로로 재고 압력을 줄인다","설계 확정; 질량·가격·스택·부패·효과 수치는 source authority와 밸런스 기준서에서 별도 검증 OPEN"
"wild:carcass:ash_goat","잿빛 산양 사체","Food (식량)","[{""rid"":7737211673752633563},{""rid"":7737211673752633564}]","해당 없음: GenericItemDefinitionSO","20","4","게임 내 역할은 섭취와 영양 공급, 생산망의 입력·출력에 연결된다.","식량 생산·보존·배식·문화 요구 중 이 물자를 어디에 배정할지 선택해 다른 식단과 비축을 늦춘다","비교 후보(대체 가능성 미검증): GenericItemDefinitionSO:dark:humanoid_meat, GenericItemDefinitionSO:survival:cooked_meal, GenericItemDefinitionSO:survival:preserved_food, GenericItemDefinitionSO:survival:raw_food, GenericItemDefinitionSO:survival:tainted_food, GenericItemDefinitionSO:wild:carcass:ash_crawler, GenericItemDefinitionSO:wild:carcass:carrion_drake, GenericItemDefinitionSO:wild:carcass:cave_hound, GenericItemDefinitionSO:wild:carcass:cave_rat, GenericItemDefinitionSO:wild:carcass:crystal_beetle, GenericItemDefinitionSO:wild:carcass:deep_goat, GenericItemDefinitionSO:wild:carcass:ember_lizard 외 12개","생성 또는 거래·재고 입고·운반·보관·장착 또는 소비와 하류 주문 기록","부패·식단 불일치·배식 지연·저장 점유가 압력이 되며 비축은 다른 식재료를 잠근다","실제 비교 후보·교역·재활용·수리·배급 조정 중 원본 기능에 맞는 경로로 재고 압력을 줄인다","설계 확정; 질량·가격·스택·부패·효과 수치는 source authority와 밸런스 기준서에서 별도 검증 OPEN"
"wild:carcass:carrion_drake","시체청소 비룡 사체","Food (식량)","[{""rid"":1000},{""rid"":1001}]","해당 없음: GenericItemDefinitionSO","4","4","게임 내 역할은 섭취와 영양 공급, 생산망의 입력·출력에 연결된다.","식량 생산·보존·배식·문화 요구 중 이 물자를 어디에 배정할지 선택해 다른 식단과 비축을 늦춘다","비교 후보(대체 가능성 미검증): GenericItemDefinitionSO:dark:humanoid_meat, GenericItemDefinitionSO:survival:cooked_meal, GenericItemDefinitionSO:survival:preserved_food, GenericItemDefinitionSO:survival:raw_food, GenericItemDefinitionSO:survival:tainted_food, GenericItemDefinitionSO:wild:carcass:ash_crawler, GenericItemDefinitionSO:wild:carcass:ash_goat, GenericItemDefinitionSO:wild:carcass:cave_hound, GenericItemDefinitionSO:wild:carcass:cave_rat, GenericItemDefinitionSO:wild:carcass:crystal_beetle, GenericItemDefinitionSO:wild:carcass:deep_goat, GenericItemDefinitionSO:wild:carcass:ember_lizard 외 12개","생성 또는 거래·재고 입고·운반·보관·장착 또는 소비와 하류 주문 기록","부패·식단 불일치·배식 지연·저장 점유가 압력이 되며 비축은 다른 식재료를 잠근다","실제 비교 후보·교역·재활용·수리·배급 조정 중 원본 기능에 맞는 경로로 재고 압력을 줄인다","설계 확정; 질량·가격·스택·부패·효과 수치는 source authority와 밸런스 기준서에서 별도 검증 OPEN"
"wild:carcass:cave_hound","동굴사냥개 사체","Food (식량)","[{""rid"":1000},{""rid"":1001}]","해당 없음: GenericItemDefinitionSO","4","4","게임 내 역할은 섭취와 영양 공급, 생산망의 입력·출력에 연결된다.","식량 생산·보존·배식·문화 요구 중 이 물자를 어디에 배정할지 선택해 다른 식단과 비축을 늦춘다","비교 후보(대체 가능성 미검증): GenericItemDefinitionSO:dark:humanoid_meat, GenericItemDefinitionSO:survival:cooked_meal, GenericItemDefinitionSO:survival:preserved_food, GenericItemDefinitionSO:survival:raw_food, GenericItemDefinitionSO:survival:tainted_food, GenericItemDefinitionSO:wild:carcass:ash_crawler, GenericItemDefinitionSO:wild:carcass:ash_goat, GenericItemDefinitionSO:wild:carcass:carrion_drake, GenericItemDefinitionSO:wild:carcass:cave_rat, GenericItemDefinitionSO:wild:carcass:crystal_beetle, GenericItemDefinitionSO:wild:carcass:deep_goat, GenericItemDefinitionSO:wild:carcass:ember_lizard 외 12개","생성 또는 거래·재고 입고·운반·보관·장착 또는 소비와 하류 주문 기록","부패·식단 불일치·배식 지연·저장 점유가 압력이 되며 비축은 다른 식재료를 잠근다","실제 비교 후보·교역·재활용·수리·배급 조정 중 원본 기능에 맞는 경로로 재고 압력을 줄인다","설계 확정; 질량·가격·스택·부패·효과 수치는 source authority와 밸런스 기준서에서 별도 검증 OPEN"
"wild:carcass:cave_rat","동굴쥐 사체","Food (식량)","[{""rid"":1000},{""rid"":1001}]","해당 없음: GenericItemDefinitionSO","2.5","4","게임 내 역할은 섭취와 영양 공급, 생산망의 입력·출력에 연결된다.","식량 생산·보존·배식·문화 요구 중 이 물자를 어디에 배정할지 선택해 다른 식단과 비축을 늦춘다","비교 후보(대체 가능성 미검증): GenericItemDefinitionSO:dark:humanoid_meat, GenericItemDefinitionSO:survival:cooked_meal, GenericItemDefinitionSO:survival:preserved_food, GenericItemDefinitionSO:survival:raw_food, GenericItemDefinitionSO:survival:tainted_food, GenericItemDefinitionSO:wild:carcass:ash_crawler, GenericItemDefinitionSO:wild:carcass:ash_goat, GenericItemDefinitionSO:wild:carcass:carrion_drake, GenericItemDefinitionSO:wild:carcass:cave_hound, GenericItemDefinitionSO:wild:carcass:crystal_beetle, GenericItemDefinitionSO:wild:carcass:deep_goat, GenericItemDefinitionSO:wild:carcass:ember_lizard 외 12개","생성 또는 거래·재고 입고·운반·보관·장착 또는 소비와 하류 주문 기록","부패·식단 불일치·배식 지연·저장 점유가 압력이 되며 비축은 다른 식재료를 잠근다","실제 비교 후보·교역·재활용·수리·배급 조정 중 원본 기능에 맞는 경로로 재고 압력을 줄인다","설계 확정; 질량·가격·스택·부패·효과 수치는 source authority와 밸런스 기준서에서 별도 검증 OPEN"
"wild:carcass:crystal_beetle","수정딱정벌레 사체","Food (식량)","[{""rid"":1000},{""rid"":1001}]","해당 없음: GenericItemDefinitionSO","4","4","게임 내 역할은 섭취와 영양 공급, 생산망의 입력·출력에 연결된다.","식량 생산·보존·배식·문화 요구 중 이 물자를 어디에 배정할지 선택해 다른 식단과 비축을 늦춘다","비교 후보(대체 가능성 미검증): GenericItemDefinitionSO:dark:humanoid_meat, GenericItemDefinitionSO:survival:cooked_meal, GenericItemDefinitionSO:survival:preserved_food, GenericItemDefinitionSO:survival:raw_food, GenericItemDefinitionSO:survival:tainted_food, GenericItemDefinitionSO:wild:carcass:ash_crawler, GenericItemDefinitionSO:wild:carcass:ash_goat, GenericItemDefinitionSO:wild:carcass:carrion_drake, GenericItemDefinitionSO:wild:carcass:cave_hound, GenericItemDefinitionSO:wild:carcass:cave_rat, GenericItemDefinitionSO:wild:carcass:deep_goat, GenericItemDefinitionSO:wild:carcass:ember_lizard 외 12개","생성 또는 거래·재고 입고·운반·보관·장착 또는 소비와 하류 주문 기록","부패·식단 불일치·배식 지연·저장 점유가 압력이 되며 비축은 다른 식재료를 잠근다","실제 비교 후보·교역·재활용·수리·배급 조정 중 원본 기능에 맞는 경로로 재고 압력을 줄인다","설계 확정; 질량·가격·스택·부패·효과 수치는 source authority와 밸런스 기준서에서 별도 검증 OPEN"
"wild:carcass:deep_goat","심층염소 사체","Food (식량)","[{""rid"":1000},{""rid"":1001}]","해당 없음: GenericItemDefinitionSO","4","4","게임 내 역할은 섭취와 영양 공급, 생산망의 입력·출력에 연결된다.","식량 생산·보존·배식·문화 요구 중 이 물자를 어디에 배정할지 선택해 다른 식단과 비축을 늦춘다","비교 후보(대체 가능성 미검증): GenericItemDefinitionSO:dark:humanoid_meat, GenericItemDefinitionSO:survival:cooked_meal, GenericItemDefinitionSO:survival:preserved_food, GenericItemDefinitionSO:survival:raw_food, GenericItemDefinitionSO:survival:tainted_food, GenericItemDefinitionSO:wild:carcass:ash_crawler, GenericItemDefinitionSO:wild:carcass:ash_goat, GenericItemDefinitionSO:wild:carcass:carrion_drake, GenericItemDefinitionSO:wild:carcass:cave_hound, GenericItemDefinitionSO:wild:carcass:cave_rat, GenericItemDefinitionSO:wild:carcass:crystal_beetle, GenericItemDefinitionSO:wild:carcass:ember_lizard 외 12개","생성 또는 거래·재고 입고·운반·보관·장착 또는 소비와 하류 주문 기록","부패·식단 불일치·배식 지연·저장 점유가 압력이 되며 비축은 다른 식재료를 잠근다","실제 비교 후보·교역·재활용·수리·배급 조정 중 원본 기능에 맞는 경로로 재고 압력을 줄인다","설계 확정; 질량·가격·스택·부패·효과 수치는 source authority와 밸런스 기준서에서 별도 검증 OPEN"
"wild:carcass:ember_lizard","잿불도마뱀 사체","Food (식량)","[{""rid"":1000},{""rid"":1001}]","해당 없음: GenericItemDefinitionSO","4","4","게임 내 역할은 섭취와 영양 공급, 생산망의 입력·출력에 연결된다.","식량 생산·보존·배식·문화 요구 중 이 물자를 어디에 배정할지 선택해 다른 식단과 비축을 늦춘다","비교 후보(대체 가능성 미검증): GenericItemDefinitionSO:dark:humanoid_meat, GenericItemDefinitionSO:survival:cooked_meal, GenericItemDefinitionSO:survival:preserved_food, GenericItemDefinitionSO:survival:raw_food, GenericItemDefinitionSO:survival:tainted_food, GenericItemDefinitionSO:wild:carcass:ash_crawler, GenericItemDefinitionSO:wild:carcass:ash_goat, GenericItemDefinitionSO:wild:carcass:carrion_drake, GenericItemDefinitionSO:wild:carcass:cave_hound, GenericItemDefinitionSO:wild:carcass:cave_rat, GenericItemDefinitionSO:wild:carcass:crystal_beetle, GenericItemDefinitionSO:wild:carcass:deep_goat 외 12개","생성 또는 거래·재고 입고·운반·보관·장착 또는 소비와 하류 주문 기록","부패·식단 불일치·배식 지연·저장 점유가 압력이 되며 비축은 다른 식재료를 잠근다","실제 비교 후보·교역·재활용·수리·배급 조정 중 원본 기능에 맞는 경로로 재고 압력을 줄인다","설계 확정; 질량·가격·스택·부패·효과 수치는 source authority와 밸런스 기준서에서 별도 검증 OPEN"
"wild:carcass:frost_ram","서리숫양 사체","Food (식량)","[{""rid"":1000},{""rid"":1001}]","해당 없음: GenericItemDefinitionSO","4","4","게임 내 역할은 섭취와 영양 공급, 생산망의 입력·출력에 연결된다.","식량 생산·보존·배식·문화 요구 중 이 물자를 어디에 배정할지 선택해 다른 식단과 비축을 늦춘다","비교 후보(대체 가능성 미검증): GenericItemDefinitionSO:dark:humanoid_meat, GenericItemDefinitionSO:survival:cooked_meal, GenericItemDefinitionSO:survival:preserved_food, GenericItemDefinitionSO:survival:raw_food, GenericItemDefinitionSO:survival:tainted_food, GenericItemDefinitionSO:wild:carcass:ash_crawler, GenericItemDefinitionSO:wild:carcass:ash_goat, GenericItemDefinitionSO:wild:carcass:carrion_drake, GenericItemDefinitionSO:wild:carcass:cave_hound, GenericItemDefinitionSO:wild:carcass:cave_rat, GenericItemDefinitionSO:wild:carcass:crystal_beetle, GenericItemDefinitionSO:wild:carcass:deep_goat 외 12개","생성 또는 거래·재고 입고·운반·보관·장착 또는 소비와 하류 주문 기록","부패·식단 불일치·배식 지연·저장 점유가 압력이 되며 비축은 다른 식재료를 잠근다","실제 비교 후보·교역·재활용·수리·배급 조정 중 원본 기능에 맞는 경로로 재고 압력을 줄인다","설계 확정; 질량·가격·스택·부패·효과 수치는 source authority와 밸런스 기준서에서 별도 검증 OPEN"
"wild:carcass:glow_moth","발광나방 사체","Food (식량)","[{""rid"":1000},{""rid"":1001}]","해당 없음: GenericItemDefinitionSO","4","4","게임 내 역할은 섭취와 영양 공급, 생산망의 입력·출력에 연결된다.","식량 생산·보존·배식·문화 요구 중 이 물자를 어디에 배정할지 선택해 다른 식단과 비축을 늦춘다","비교 후보(대체 가능성 미검증): GenericItemDefinitionSO:dark:humanoid_meat, GenericItemDefinitionSO:survival:cooked_meal, GenericItemDefinitionSO:survival:preserved_food, GenericItemDefinitionSO:survival:raw_food, GenericItemDefinitionSO:survival:tainted_food, GenericItemDefinitionSO:wild:carcass:ash_crawler, GenericItemDefinitionSO:wild:carcass:ash_goat, GenericItemDefinitionSO:wild:carcass:carrion_drake, GenericItemDefinitionSO:wild:carcass:cave_hound, GenericItemDefinitionSO:wild:carcass:cave_rat, GenericItemDefinitionSO:wild:carcass:crystal_beetle, GenericItemDefinitionSO:wild:carcass:deep_goat 외 12개","생성 또는 거래·재고 입고·운반·보관·장착 또는 소비와 하류 주문 기록","부패·식단 불일치·배식 지연·저장 점유가 압력이 되며 비축은 다른 식재료를 잠근다","실제 비교 후보·교역·재활용·수리·배급 조정 중 원본 기능에 맞는 경로로 재고 압력을 줄인다","설계 확정; 질량·가격·스택·부패·효과 수치는 source authority와 밸런스 기준서에서 별도 검증 OPEN"
"wild:carcass:mana_wisp","마나도깨비불 사체","Food (식량)","[{""rid"":1000},{""rid"":1001}]","해당 없음: GenericItemDefinitionSO","4","4","게임 내 역할은 섭취와 영양 공급, 생산망의 입력·출력에 연결된다.","식량 생산·보존·배식·문화 요구 중 이 물자를 어디에 배정할지 선택해 다른 식단과 비축을 늦춘다","비교 후보(대체 가능성 미검증): GenericItemDefinitionSO:dark:humanoid_meat, GenericItemDefinitionSO:survival:cooked_meal, GenericItemDefinitionSO:survival:preserved_food, GenericItemDefinitionSO:survival:raw_food, GenericItemDefinitionSO:survival:tainted_food, GenericItemDefinitionSO:wild:carcass:ash_crawler, GenericItemDefinitionSO:wild:carcass:ash_goat, GenericItemDefinitionSO:wild:carcass:carrion_drake, GenericItemDefinitionSO:wild:carcass:cave_hound, GenericItemDefinitionSO:wild:carcass:cave_rat, GenericItemDefinitionSO:wild:carcass:crystal_beetle, GenericItemDefinitionSO:wild:carcass:deep_goat 외 12개","생성 또는 거래·재고 입고·운반·보관·장착 또는 소비와 하류 주문 기록","부패·식단 불일치·배식 지연·저장 점유가 압력이 되며 비축은 다른 식재료를 잠근다","실제 비교 후보·교역·재활용·수리·배급 조정 중 원본 기능에 맞는 경로로 재고 압력을 줄인다","설계 확정; 질량·가격·스택·부패·효과 수치는 source authority와 밸런스 기준서에서 별도 검증 OPEN"
"wild:carcass:mire_leech","진흙거머리 사체","Food (식량)","[{""rid"":1000},{""rid"":1001}]","해당 없음: GenericItemDefinitionSO","4","4","게임 내 역할은 섭취와 영양 공급, 생산망의 입력·출력에 연결된다.","식량 생산·보존·배식·문화 요구 중 이 물자를 어디에 배정할지 선택해 다른 식단과 비축을 늦춘다","비교 후보(대체 가능성 미검증): GenericItemDefinitionSO:dark:humanoid_meat, GenericItemDefinitionSO:survival:cooked_meal, GenericItemDefinitionSO:survival:preserved_food, GenericItemDefinitionSO:survival:raw_food, GenericItemDefinitionSO:survival:tainted_food, GenericItemDefinitionSO:wild:carcass:ash_crawler, GenericItemDefinitionSO:wild:carcass:ash_goat, GenericItemDefinitionSO:wild:carcass:carrion_drake, GenericItemDefinitionSO:wild:carcass:cave_hound, GenericItemDefinitionSO:wild:carcass:cave_rat, GenericItemDefinitionSO:wild:carcass:crystal_beetle, GenericItemDefinitionSO:wild:carcass:deep_goat 외 12개","생성 또는 거래·재고 입고·운반·보관·장착 또는 소비와 하류 주문 기록","부패·식단 불일치·배식 지연·저장 점유가 압력이 되며 비축은 다른 식재료를 잠근다","실제 비교 후보·교역·재활용·수리·배급 조정 중 원본 기능에 맞는 경로로 재고 압력을 줄인다","설계 확정; 질량·가격·스택·부패·효과 수치는 source authority와 밸런스 기준서에서 별도 검증 OPEN"
"wild:carcass:moss_boar","이끼멧돼지 사체","Food (식량)","[{""rid"":1000},{""rid"":1001}]","해당 없음: GenericItemDefinitionSO","28","4","게임 내 역할은 섭취와 영양 공급, 생산망의 입력·출력에 연결된다.","식량 생산·보존·배식·문화 요구 중 이 물자를 어디에 배정할지 선택해 다른 식단과 비축을 늦춘다","비교 후보(대체 가능성 미검증): GenericItemDefinitionSO:dark:humanoid_meat, GenericItemDefinitionSO:survival:cooked_meal, GenericItemDefinitionSO:survival:preserved_food, GenericItemDefinitionSO:survival:raw_food, GenericItemDefinitionSO:survival:tainted_food, GenericItemDefinitionSO:wild:carcass:ash_crawler, GenericItemDefinitionSO:wild:carcass:ash_goat, GenericItemDefinitionSO:wild:carcass:carrion_drake, GenericItemDefinitionSO:wild:carcass:cave_hound, GenericItemDefinitionSO:wild:carcass:cave_rat, GenericItemDefinitionSO:wild:carcass:crystal_beetle, GenericItemDefinitionSO:wild:carcass:deep_goat 외 12개","생성 또는 거래·재고 입고·운반·보관·장착 또는 소비와 하류 주문 기록","부패·식단 불일치·배식 지연·저장 점유가 압력이 되며 비축은 다른 식재료를 잠근다","실제 비교 후보·교역·재활용·수리·배급 조정 중 원본 기능에 맞는 경로로 재고 압력을 줄인다","설계 확정; 질량·가격·스택·부패·효과 수치는 source authority와 밸런스 기준서에서 별도 검증 OPEN"
"wild:carcass:rune_deer","룬사슴 사체","Food (식량)","[{""rid"":1000},{""rid"":1001}]","해당 없음: GenericItemDefinitionSO","22","4","게임 내 역할은 섭취와 영양 공급, 생산망의 입력·출력에 연결된다.","식량 생산·보존·배식·문화 요구 중 이 물자를 어디에 배정할지 선택해 다른 식단과 비축을 늦춘다","비교 후보(대체 가능성 미검증): GenericItemDefinitionSO:dark:humanoid_meat, GenericItemDefinitionSO:survival:cooked_meal, GenericItemDefinitionSO:survival:preserved_food, GenericItemDefinitionSO:survival:raw_food, GenericItemDefinitionSO:survival:tainted_food, GenericItemDefinitionSO:wild:carcass:ash_crawler, GenericItemDefinitionSO:wild:carcass:ash_goat, GenericItemDefinitionSO:wild:carcass:carrion_drake, GenericItemDefinitionSO:wild:carcass:cave_hound, GenericItemDefinitionSO:wild:carcass:cave_rat, GenericItemDefinitionSO:wild:carcass:crystal_beetle, GenericItemDefinitionSO:wild:carcass:deep_goat 외 12개","생성 또는 거래·재고 입고·운반·보관·장착 또는 소비와 하류 주문 기록","부패·식단 불일치·배식 지연·저장 점유가 압력이 되며 비축은 다른 식재료를 잠근다","실제 비교 후보·교역·재활용·수리·배급 조정 중 원본 기능에 맞는 경로로 재고 압력을 줄인다","설계 확정; 질량·가격·스택·부패·효과 수치는 source authority와 밸런스 기준서에서 별도 검증 OPEN"
"wild:carcass:shadow_hare","그림자토끼 사체","Food (식량)","[{""rid"":1000},{""rid"":1001}]","해당 없음: GenericItemDefinitionSO","3","4","게임 내 역할은 섭취와 영양 공급, 생산망의 입력·출력에 연결된다.","식량 생산·보존·배식·문화 요구 중 이 물자를 어디에 배정할지 선택해 다른 식단과 비축을 늦춘다","비교 후보(대체 가능성 미검증): GenericItemDefinitionSO:dark:humanoid_meat, GenericItemDefinitionSO:survival:cooked_meal, GenericItemDefinitionSO:survival:preserved_food, GenericItemDefinitionSO:survival:raw_food, GenericItemDefinitionSO:survival:tainted_food, GenericItemDefinitionSO:wild:carcass:ash_crawler, GenericItemDefinitionSO:wild:carcass:ash_goat, GenericItemDefinitionSO:wild:carcass:carrion_drake, GenericItemDefinitionSO:wild:carcass:cave_hound, GenericItemDefinitionSO:wild:carcass:cave_rat, GenericItemDefinitionSO:wild:carcass:crystal_beetle, GenericItemDefinitionSO:wild:carcass:deep_goat 외 12개","생성 또는 거래·재고 입고·운반·보관·장착 또는 소비와 하류 주문 기록","부패·식단 불일치·배식 지연·저장 점유가 압력이 되며 비축은 다른 식재료를 잠근다","실제 비교 후보·교역·재활용·수리·배급 조정 중 원본 기능에 맞는 경로로 재고 압력을 줄인다","설계 확정; 질량·가격·스택·부패·효과 수치는 source authority와 밸런스 기준서에서 별도 검증 OPEN"
"wild:carcass:shadow_wolf","그림자늑대 사체","Food (식량)","[{""rid"":1000},{""rid"":1001}]","해당 없음: GenericItemDefinitionSO","18","4","게임 내 역할은 섭취와 영양 공급, 생산망의 입력·출력에 연결된다.","식량 생산·보존·배식·문화 요구 중 이 물자를 어디에 배정할지 선택해 다른 식단과 비축을 늦춘다","비교 후보(대체 가능성 미검증): GenericItemDefinitionSO:dark:humanoid_meat, GenericItemDefinitionSO:survival:cooked_meal, GenericItemDefinitionSO:survival:preserved_food, GenericItemDefinitionSO:survival:raw_food, GenericItemDefinitionSO:survival:tainted_food, GenericItemDefinitionSO:wild:carcass:ash_crawler, GenericItemDefinitionSO:wild:carcass:ash_goat, GenericItemDefinitionSO:wild:carcass:carrion_drake, GenericItemDefinitionSO:wild:carcass:cave_hound, GenericItemDefinitionSO:wild:carcass:cave_rat, GenericItemDefinitionSO:wild:carcass:crystal_beetle, GenericItemDefinitionSO:wild:carcass:deep_goat 외 12개","생성 또는 거래·재고 입고·운반·보관·장착 또는 소비와 하류 주문 기록","부패·식단 불일치·배식 지연·저장 점유가 압력이 되며 비축은 다른 식재료를 잠근다","실제 비교 후보·교역·재활용·수리·배급 조정 중 원본 기능에 맞는 경로로 재고 압력을 줄인다","설계 확정; 질량·가격·스택·부패·효과 수치는 source authority와 밸런스 기준서에서 별도 검증 OPEN"
"wild:carcass:silk_spider","동굴명주거미 사체","Food (식량)","[{""rid"":1000},{""rid"":1001}]","해당 없음: GenericItemDefinitionSO","4","4","게임 내 역할은 섭취와 영양 공급, 생산망의 입력·출력에 연결된다.","식량 생산·보존·배식·문화 요구 중 이 물자를 어디에 배정할지 선택해 다른 식단과 비축을 늦춘다","비교 후보(대체 가능성 미검증): GenericItemDefinitionSO:dark:humanoid_meat, GenericItemDefinitionSO:survival:cooked_meal, GenericItemDefinitionSO:survival:preserved_food, GenericItemDefinitionSO:survival:raw_food, GenericItemDefinitionSO:survival:tainted_food, GenericItemDefinitionSO:wild:carcass:ash_crawler, GenericItemDefinitionSO:wild:carcass:ash_goat, GenericItemDefinitionSO:wild:carcass:carrion_drake, GenericItemDefinitionSO:wild:carcass:cave_hound, GenericItemDefinitionSO:wild:carcass:cave_rat, GenericItemDefinitionSO:wild:carcass:crystal_beetle, GenericItemDefinitionSO:wild:carcass:deep_goat 외 12개","생성 또는 거래·재고 입고·운반·보관·장착 또는 소비와 하류 주문 기록","부패·식단 불일치·배식 지연·저장 점유가 압력이 되며 비축은 다른 식재료를 잠근다","실제 비교 후보·교역·재활용·수리·배급 조정 중 원본 기능에 맞는 경로로 재고 압력을 줄인다","설계 확정; 질량·가격·스택·부패·효과 수치는 source authority와 밸런스 기준서에서 별도 검증 OPEN"
"wild:carcass:spore_elk","포자큰사슴 사체","Food (식량)","[{""rid"":1000},{""rid"":1001}]","해당 없음: GenericItemDefinitionSO","4","4","게임 내 역할은 섭취와 영양 공급, 생산망의 입력·출력에 연결된다.","식량 생산·보존·배식·문화 요구 중 이 물자를 어디에 배정할지 선택해 다른 식단과 비축을 늦춘다","비교 후보(대체 가능성 미검증): GenericItemDefinitionSO:dark:humanoid_meat, GenericItemDefinitionSO:survival:cooked_meal, GenericItemDefinitionSO:survival:preserved_food, GenericItemDefinitionSO:survival:raw_food, GenericItemDefinitionSO:survival:tainted_food, GenericItemDefinitionSO:wild:carcass:ash_crawler, GenericItemDefinitionSO:wild:carcass:ash_goat, GenericItemDefinitionSO:wild:carcass:carrion_drake, GenericItemDefinitionSO:wild:carcass:cave_hound, GenericItemDefinitionSO:wild:carcass:cave_rat, GenericItemDefinitionSO:wild:carcass:crystal_beetle, GenericItemDefinitionSO:wild:carcass:deep_goat 외 12개","생성 또는 거래·재고 입고·운반·보관·장착 또는 소비와 하류 주문 기록","부패·식단 불일치·배식 지연·저장 점유가 압력이 되며 비축은 다른 식재료를 잠근다","실제 비교 후보·교역·재활용·수리·배급 조정 중 원본 기능에 맞는 경로로 재고 압력을 줄인다","설계 확정; 질량·가격·스택·부패·효과 수치는 source authority와 밸런스 기준서에서 별도 검증 OPEN"
"wild:carcass:tunnel_mole","굴착두더지 사체","Food (식량)","[{""rid"":1000},{""rid"":1001}]","해당 없음: GenericItemDefinitionSO","4","4","게임 내 역할은 섭취와 영양 공급, 생산망의 입력·출력에 연결된다.","식량 생산·보존·배식·문화 요구 중 이 물자를 어디에 배정할지 선택해 다른 식단과 비축을 늦춘다","비교 후보(대체 가능성 미검증): GenericItemDefinitionSO:dark:humanoid_meat, GenericItemDefinitionSO:survival:cooked_meal, GenericItemDefinitionSO:survival:preserved_food, GenericItemDefinitionSO:survival:raw_food, GenericItemDefinitionSO:survival:tainted_food, GenericItemDefinitionSO:wild:carcass:ash_crawler, GenericItemDefinitionSO:wild:carcass:ash_goat, GenericItemDefinitionSO:wild:carcass:carrion_drake, GenericItemDefinitionSO:wild:carcass:cave_hound, GenericItemDefinitionSO:wild:carcass:cave_rat, GenericItemDefinitionSO:wild:carcass:crystal_beetle, GenericItemDefinitionSO:wild:carcass:deep_goat 외 12개","생성 또는 거래·재고 입고·운반·보관·장착 또는 소비와 하류 주문 기록","부패·식단 불일치·배식 지연·저장 점유가 압력이 되며 비축은 다른 식재료를 잠근다","실제 비교 후보·교역·재활용·수리·배급 조정 중 원본 기능에 맞는 경로로 재고 압력을 줄인다","설계 확정; 질량·가격·스택·부패·효과 수치는 source authority와 밸런스 기준서에서 별도 검증 OPEN"
"wild:carcass:twilight_chicken","황혼닭 사체","Food (식량)","[{""rid"":7737211673752633478},{""rid"":7737211673752633479}]","해당 없음: GenericItemDefinitionSO","2.2","4","게임 내 역할은 섭취와 영양 공급, 생산망의 입력·출력에 연결된다.","식량 생산·보존·배식·문화 요구 중 이 물자를 어디에 배정할지 선택해 다른 식단과 비축을 늦춘다","비교 후보(대체 가능성 미검증): GenericItemDefinitionSO:dark:humanoid_meat, GenericItemDefinitionSO:survival:cooked_meal, GenericItemDefinitionSO:survival:preserved_food, GenericItemDefinitionSO:survival:raw_food, GenericItemDefinitionSO:survival:tainted_food, GenericItemDefinitionSO:wild:carcass:ash_crawler, GenericItemDefinitionSO:wild:carcass:ash_goat, GenericItemDefinitionSO:wild:carcass:carrion_drake, GenericItemDefinitionSO:wild:carcass:cave_hound, GenericItemDefinitionSO:wild:carcass:cave_rat, GenericItemDefinitionSO:wild:carcass:crystal_beetle, GenericItemDefinitionSO:wild:carcass:deep_goat 외 12개","생성 또는 거래·재고 입고·운반·보관·장착 또는 소비와 하류 주문 기록","부패·식단 불일치·배식 지연·저장 점유가 압력이 되며 비축은 다른 식재료를 잠근다","실제 비교 후보·교역·재활용·수리·배급 조정 중 원본 기능에 맞는 경로로 재고 압력을 줄인다","설계 확정; 질량·가격·스택·부패·효과 수치는 source authority와 밸런스 기준서에서 별도 검증 OPEN"
"wild:rot","부패물","General (일반)","[{""rid"":7737211673752633543}]","해당 없음: GenericItemDefinitionSO","0.8","0","게임 내 역할은 생산망의 입력·출력에 연결된다.","이 물자의 원본 기능을 위해 보관·운반·소비·거래 중 한 경로에 재고를 배정해 다른 사용처를 늦춘다","비교 후보(대체 가능성 미검증): GenericItemDefinitionSO:captivity:restraints, GenericItemDefinitionSO:dark:bone, GenericItemDefinitionSO:dark:humanoid_corpse, GenericItemDefinitionSO:evolution:facility-package, GenericItemDefinitionSO:industrial:sludge, GenericItemDefinitionSO:medicine:temporary-power-bypass, GenericItemDefinitionSO:surgery:prosthetic:arm:left, GenericItemDefinitionSO:surgery:prosthetic:arm:right, GenericItemDefinitionSO:surgery:prosthetic:brain, GenericItemDefinitionSO:surgery:prosthetic:core, GenericItemDefinitionSO:surgery:prosthetic:eye:left, GenericItemDefinitionSO:surgery:prosthetic:eye:right 외 11개","생성 또는 거래·재고 입고·운반·보관·장착 또는 소비와 하류 주문 기록","과잉 재고·운반·보관·수리 또는 사용 시점 지연이 압력이 된다","실제 비교 후보·교역·재활용·수리·배급 조정 중 원본 기능에 맞는 경로로 재고 압력을 줄인다","설계 확정; 질량·가격·스택·부패·효과 수치는 source authority와 밸런스 기준서에서 별도 검증 OPEN"
