group,content_type,record_key,stable_id,display_name,description,mechanics,relations,existence_reason,reason_basis,review_status,review_reason,lifecycle_status,catalog_memberships,runtime_status,runtime_evidence,save_evidence,incoming_reference_count,incoming_source_types,system_role,strategic_niche,costs_and_risks,comparison_group,alternative_candidates,removal_impact,rationale_evidence,source_path,asset_guid,authored__blueprint,authored__blueprintRule,authored__blueprintRule__enum,authored__blueprintRule__label,authored__blueprintRule__origin,authored__description,authored__displayName,authored__effects,authored__effects__count,authored__facilityRequirements,authored__facilityRequirements__count,authored__field,authored__field__enum,authored__field__label,authored__field__origin,authored__icon,authored__id,authored__kind,authored__kind__enum,authored__kind__label,authored__kind__origin,authored__m_Name,authored__maximumResearchers,authored__prerequisiteLinks,authored__prerequisiteLinks__count,authored__prerequisites,authored__prerequisites__count,authored__projectId,authored__requiredWork,authored__unlocks
research-effects,ResearchProjectSO,ResearchProjectSO|research:agriculture:compost,research:agriculture:compost,퇴비·윤작,부패물과 분뇨를 토양 영양으로 되돌린다.,분야 6; 작업 28; 선행 2; 해금 1; 시설 요구 1; 효과 0,prerequisite:research:agriculture:field; prerequisite:research:agriculture:field; prerequisite:research:agriculture:field; unlocks-building:building:1085,진행 역할은 '부패물과 분뇨를 토양 영양으로 되돌린다'이다. 선행 2개와 해금 1개를 연구 그래프에 연결한다.,research-topology-and-unlocks,근거 확인,,active-authored,Assets/Resources/SO/Content/GameDomainContentCatalog.asset; Assets/Resources/SO/GameContentCatalog.asset,catalog-registered-static-consumer,Assets/Scripts/Services/Effects/Runtime/CharacterDerivedStatsSnapshot.cs; Assets/Scripts/Services/Infrastructure/BlueprintResearchContracts.cs; Assets/Scripts/Services/Infrastructure/BlueprintResearchProjectCoordinator.cs; Assets/Scripts/Services/Infrastructure/BlueprintResearchRuntime.cs; Assets/Scripts/Services/Infrastructure/BlueprintResearchRuntimeProvider.cs; Assets/Scripts/Services/Infrastructure/BlueprintResearchSaveSection.cs; Assets/Scripts/Services/Infrastructure/ResearchCraftingSummaryService.cs; Assets/Scripts/Services/Infrastructure/ResearchFacilityCapacityAdapter.cs; Assets/Scripts/Services/Infrastructure/ResearchGraphLayoutService.cs; Assets/Scripts/Services/Infrastructure/ResearchProjectCatalogAdapter.cs; Assets/Scripts/Services/Infrastructure/ResearchRewardCatalogAdapter.cs; Assets/Scripts/Services/Run/FirstRunObjectiveRuntime.cs,Assets/Scripts/Services/Infrastructure/BlueprintResearchContracts.cs; Assets/Scripts/Services/Infrastructure/BlueprintResearchRuntime.cs; Assets/Scripts/Services/Infrastructure/BlueprintResearchSaveSection.cs; Assets/Scripts/Services/Infrastructure/ResearchCraftingSummaryService.cs; Assets/Scripts/Services/Run/FirstRunObjectiveRuntime.cs; Assets/Scripts/Services/Run/V20MilestoneWorldSnapshotProjector.cs; Assets/Scripts/Views/UI/ResearchTreeWindow.cs,17,ProductionRecipeSO; ResearchProjectSO,진행 역할은 '부패물과 분뇨를 토양 영양으로 되돌린다'이다. 선행 2개와 해금 1개를 연구 그래프에 연결한다.,연구 분야 6의 선행·해금 그래프에서 진행 경계를 만든다.,requiredWork=28,research-field:6,"비교 후보(대체 가능성 미검증): ResearchProjectSO:research:agriculture:cultivar-breeding, ResearchProjectSO:research:agriculture:field, ResearchProjectSO:research:agriculture:gathering, ResearchProjectSO:research:agriculture:greenhouse-horticulture, ResearchProjectSO:research:agriculture:indoor, ResearchProjectSO:research:agriculture:irrigation, ResearchProjectSO:research:agriculture:phenology, ResearchProjectSO:research:agriculture:soil-cycles, ResearchProjectSO:research:agriculture:subterranean","직접 참조 17건에 영향: ProductionRecipeSO:recipe:compost-animal, ProductionRecipeSO:recipe:compost-manure, ProductionRecipeSO:recipe:compost-mixed, ProductionRecipeSO:recipe:compost-plant, ProductionRecipeSO:recipe:low-fuel-animal, ProductionRecipeSO:recipe:low-fuel-plant, ProductionRecipeSO:recipe:low-fuel-rot, ProductionRecipeSO:recipe:supply:nitrate-fertilizer, ProductionRecipeSO:source:spoilage-animal, ProductionRecipeSO:source:spoilage-mixed 외",research-topology-and-unlocks; niche=field+prerequisites+unlocks; cost=requiredWork,Assets/Resources/SO/Research/Projects/agriculture_compost.asset,d7600d92baff8d94d95c73c967471b72,"{""fileID"":0}",0,ResearchBlueprintRule,None,explicit-serialized,부패물과 분뇨를 토양 영양으로 되돌린다.,퇴비·윤작,[],0,"[{""capability"":0,""requiredCount"":1}]",1,6,ResearchField,Agriculture,explicit-serialized,"{""fileID"":0}",7063,0,ResearchPrerequisiteKind,Theory,implicit-csharp-default,agriculture_compost,1,"[{""kind"":2,""prerequisite"":{""fileID"":11400000,""guid"":""7b91558f8c545e84b8057994f0868974"",""type"":2},""prerequisiteId"":""research:agriculture:field"",""reason"":""외부 경작의 공학 원리이(가) 퇴비·윤작 구현에 직접 필요하다.""}]",1,"[{""fileID"":11400000,""guid"":""7b91558f8c545e84b8057994f0868974"",""type"":2}]",1,research:agriculture:compost,28,"{""items"":[{""rid"":7737212199327498429}]}"
research-effects,ResearchProjectSO,ResearchProjectSO|research:agriculture:cultivar-breeding,research:agriculture:cultivar-breeding,품종 개량,"작물 병리, 형질 분석과 선별 사육을 육종 온실에 적용한다.",분야 6; 작업 546; 선행 4; 해금 1; 시설 요구 3; 효과 0,prerequisite:research:agriculture:soil-cycles; prerequisite:research:agriculture:soil-cycles; prerequisite:research:agriculture:soil-cycles; prerequisite:research:genetics:hereditary-records; prerequisite:research:genetics:hereditary-records; prerequisite:research:genetics:hereditary-records; unlocks-building:building:8893,"진행 역할은 '작물 병리, 형질 분석과 선별 사육을 육종 온실에 적용한다'이다. 선행 4개와 해금 1개를 연구 그래프에 연결한다.",research-topology-and-unlocks,근거 확인,,active-authored,Assets/Resources/SO/Content/GameDomainContentCatalog.asset; Assets/Resources/SO/GameContentCatalog.asset,catalog-registered-static-consumer,Assets/Scripts/Services/Effects/Runtime/CharacterDerivedStatsSnapshot.cs; Assets/Scripts/Services/Infrastructure/BlueprintResearchContracts.cs; Assets/Scripts/Services/Infrastructure/BlueprintResearchProjectCoordinator.cs; Assets/Scripts/Services/Infrastructure/BlueprintResearchRuntime.cs; Assets/Scripts/Services/Infrastructure/BlueprintResearchRuntimeProvider.cs; Assets/Scripts/Services/Infrastructure/BlueprintResearchSaveSection.cs; Assets/Scripts/Services/Infrastructure/ResearchCraftingSummaryService.cs; Assets/Scripts/Services/Infrastructure/ResearchFacilityCapacityAdapter.cs; Assets/Scripts/Services/Infrastructure/ResearchGraphLayoutService.cs; Assets/Scripts/Services/Infrastructure/ResearchProjectCatalogAdapter.cs; Assets/Scripts/Services/Infrastructure/ResearchRewardCatalogAdapter.cs; Assets/Scripts/Services/Run/FirstRunObjectiveRuntime.cs,Assets/Scripts/Services/Infrastructure/BlueprintResearchContracts.cs; Assets/Scripts/Services/Infrastructure/BlueprintResearchRuntime.cs; Assets/Scripts/Services/Infrastructure/BlueprintResearchSaveSection.cs; Assets/Scripts/Services/Infrastructure/ResearchCraftingSummaryService.cs; Assets/Scripts/Services/Run/FirstRunObjectiveRuntime.cs; Assets/Scripts/Services/Run/V20MilestoneWorldSnapshotProjector.cs; Assets/Scripts/Views/UI/ResearchTreeWindow.cs,1,ProductionRecipeSO,"진행 역할은 '작물 병리, 형질 분석과 선별 사육을 육종 온실에 적용한다'이다. 선행 4개와 해금 1개를 연구 그래프에 연결한다.",연구 분야 6의 선행·해금 그래프에서 진행 경계를 만든다.,requiredWork=546,research-field:6,"비교 후보(대체 가능성 미검증): ResearchProjectSO:research:agriculture:compost, ResearchProjectSO:research:agriculture:field, ResearchProjectSO:research:agriculture:gathering, ResearchProjectSO:research:agriculture:greenhouse-horticulture, ResearchProjectSO:research:agriculture:indoor, ResearchProjectSO:research:agriculture:irrigation, ResearchProjectSO:research:agriculture:phenology, ResearchProjectSO:research:agriculture:soil-cycles, ResearchProjectSO:research:agriculture:subterranean",직접 참조 1건에 영향: ProductionRecipeSO:recipe:supply:certified-seed-kit,research-topology-and-unlocks; niche=field+prerequisites+unlocks; cost=requiredWork,Assets/Resources/SO/Research/Projects/agriculture_cultivar_breeding.asset,3d2b73018d9a68f4e8b603e489da6388,"{""fileID"":0}",0,ResearchBlueprintRule,None,explicit-serialized,"작물 병리, 형질 분석과 선별 사육을 육종 온실에 적용한다.",품종 개량,[],0,"[{""capability"":0,""requiredCount"":1},{""capability"":3,""requiredCount"":1},{""capability"":6,""requiredCount"":1}]",3,6,ResearchField,Agriculture,explicit-serialized,"{""fileID"":0}",7292,0,ResearchPrerequisiteKind,Theory,implicit-csharp-default,agriculture_cultivar_breeding,1,"[{""kind"":2,""prerequisite"":{""fileID"":11400000,""guid"":""33a2ab1e26ba19044abf858282a4c338"",""type"":2},""prerequisiteId"":""research:agriculture:soil-cycles"",""reason"":""토양 순환과 작물 보호의 공학 원리이(가) 품종 개량 구현에 직접 필요하다.""},{""kind"":0,""prerequisite"":{""fileID"":11400000,""guid"":""327202bb0a17cec46a7ed70ac5f33e5c"",""type"":2},""prerequisiteId"":""research:genetics:hereditary-records"",""reason"":""유전 기록과 형질 분석의 이론이(가) 품종 개량 구현에 직접 필요하다.""}]",2,"[{""fileID"":11400000,""guid"":""33a2ab1e26ba19044abf858282a4c338"",""type"":2},{""fileID"":11400000,""guid"":""327202bb0a17cec46a7ed70ac5f33e5c"",""type"":2}]",2,research:agriculture:cultivar-breeding,546,"{""items"":[{""rid"":7737212199327498430}]}"
research-effects,ResearchProjectSO,ResearchProjectSO|research:agriculture:field,research:agriculture:field,외부 경작,야외 밭에 작물을 파종하고 수확한다.,분야 6; 작업 28; 선행 2; 해금 1; 시설 요구 1; 효과 0,prerequisite:research:agriculture:gathering; prerequisite:research:agriculture:gathering; prerequisite:research:agriculture:gathering; unlocks-building:building:1095,진행 역할은 '야외 밭에 작물을 파종하고 수확한다'이다. 선행 2개와 해금 1개를 연구 그래프에 연결한다.,research-topology-and-unlocks,근거 확인,,active-authored,Assets/Resources/SO/Content/GameDomainContentCatalog.asset; Assets/Resources/SO/GameContentCatalog.asset,catalog-registered-static-consumer,Assets/Scripts/Services/Effects/Runtime/CharacterDerivedStatsSnapshot.cs; Assets/Scripts/Services/Infrastructure/BlueprintResearchContracts.cs; Assets/Scripts/Services/Infrastructure/BlueprintResearchProjectCoordinator.cs; Assets/Scripts/Services/Infrastructure/BlueprintResearchRuntime.cs; Assets/Scripts/Services/Infrastructure/BlueprintResearchRuntimeProvider.cs; Assets/Scripts/Services/Infrastructure/BlueprintResearchSaveSection.cs; Assets/Scripts/Services/Infrastructure/ResearchCraftingSummaryService.cs; Assets/Scripts/Services/Infrastructure/ResearchFacilityCapacityAdapter.cs; Assets/Scripts/Services/Infrastructure/ResearchGraphLayoutService.cs; Assets/Scripts/Services/Infrastructure/ResearchProjectCatalogAdapter.cs; Assets/Scripts/Services/Infrastructure/ResearchRewardCatalogAdapter.cs; Assets/Scripts/Services/Run/FirstRunObjectiveRuntime.cs,Assets/Scripts/Services/Infrastructure/BlueprintResearchContracts.cs; Assets/Scripts/Services/Infrastructure/BlueprintResearchRuntime.cs; Assets/Scripts/Services/Infrastructure/BlueprintResearchSaveSection.cs; Assets/Scripts/Services/Infrastructure/ResearchCraftingSummaryService.cs; Assets/Scripts/Services/Run/FirstRunObjectiveRuntime.cs; Assets/Scripts/Services/Run/V20MilestoneWorldSnapshotProjector.cs; Assets/Scripts/Views/UI/ResearchTreeWindow.cs,11,CropDefinitionSO; ResearchProjectSO,진행 역할은 '야외 밭에 작물을 파종하고 수확한다'이다. 선행 2개와 해금 1개를 연구 그래프에 연결한다.,연구 분야 6의 선행·해금 그래프에서 진행 경계를 만든다.,requiredWork=28,research-field:6,"비교 후보(대체 가능성 미검증): ResearchProjectSO:research:agriculture:compost, ResearchProjectSO:research:agriculture:cultivar-breeding, ResearchProjectSO:research:agriculture:gathering, ResearchProjectSO:research:agriculture:greenhouse-horticulture, ResearchProjectSO:research:agriculture:indoor, ResearchProjectSO:research:agriculture:irrigation, ResearchProjectSO:research:agriculture:phenology, ResearchProjectSO:research:agriculture:soil-cycles, ResearchProjectSO:research:agriculture:subterranean","직접 참조 11건에 영향: CropDefinitionSO:crop:ember-root, CropDefinitionSO:crop:twilight-grain, ResearchProjectSO:research:agriculture:compost, ResearchProjectSO:research:cuisine:vegan, ResearchProjectSO:research:life:seasonal-calendar",research-topology-and-unlocks; niche=field+prerequisites+unlocks; cost=requiredWork,Assets/Resources/SO/Research/Projects/agriculture_field.asset,7b91558f8c545e84b8057994f0868974,"{""fileID"":0}",0,ResearchBlueprintRule,None,explicit-serialized,야외 밭에 작물을 파종하고 수확한다.,외부 경작,[],0,"[{""capability"":0,""requiredCount"":1}]",1,6,ResearchField,Agriculture,explicit-serialized,"{""fileID"":0}",7062,0,ResearchPrerequisiteKind,Theory,implicit-csharp-default,agriculture_field,1,"[{""kind"":2,""prerequisite"":{""fileID"":11400000,""guid"":""0a9db7d3befc0c14881a362ca2f54415"",""type"":2},""prerequisiteId"":""research:agriculture:gathering"",""reason"":""야생 채집의 공학 원리이(가) 외부 경작 구현에 직접 필요하다.""}]",1,"[{""fileID"":11400000,""guid"":""0a9db7d3befc0c14881a362ca2f54415"",""type"":2}]",1,research:agriculture:field,28,"{""items"":[{""rid"":7737212199327498431}]}"
research-effects,ResearchProjectSO,ResearchProjectSO|research:agriculture:gathering,research:agriculture:gathering,야생 채집,"외부의 풀, 꽃과 약초를 자원 노드로 채집한다.",분야 6; 작업 17; 선행 0; 해금 1; 시설 요구 1; 효과 0,unlocks-building:building:8801,"진행 역할은 '외부의 풀, 꽃과 약초를 자원 노드로 채집한다'이다. 선행 0개와 해금 1개를 연구 그래프에 연결한다.",research-topology-and-unlocks,근거 확인,,active-authored,Assets/Resources/SO/Content/GameDomainContentCatalog.asset; Assets/Resources/SO/GameContentCatalog.asset,catalog-registered-static-consumer,Assets/Scripts/Services/Effects/Runtime/CharacterDerivedStatsSnapshot.cs; Assets/Scripts/Services/Infrastructure/BlueprintResearchContracts.cs; Assets/Scripts/Services/Infrastructure/BlueprintResearchProjectCoordinator.cs; Assets/Scripts/Services/Infrastructure/BlueprintResearchRuntime.cs; Assets/Scripts/Services/Infrastructure/BlueprintResearchRuntimeProvider.cs; Assets/Scripts/Services/Infrastructure/BlueprintResearchSaveSection.cs; Assets/Scripts/Services/Infrastructure/ResearchCraftingSummaryService.cs; Assets/Scripts/Services/Infrastructure/ResearchFacilityCapacityAdapter.cs; Assets/Scripts/Services/Infrastructure/ResearchGraphLayoutService.cs; Assets/Scripts/Services/Infrastructure/ResearchProjectCatalogAdapter.cs; Assets/Scripts/Services/Infrastructure/ResearchRewardCatalogAdapter.cs; Assets/Scripts/Services/Run/FirstRunObjectiveRuntime.cs,Assets/Scripts/Services/Infrastructure/BlueprintResearchContracts.cs; Assets/Scripts/Services/Infrastructure/BlueprintResearchRuntime.cs; Assets/Scripts/Services/Infrastructure/BlueprintResearchSaveSection.cs; Assets/Scripts/Services/Infrastructure/ResearchCraftingSummaryService.cs; Assets/Scripts/Services/Run/FirstRunObjectiveRuntime.cs; Assets/Scripts/Services/Run/V20MilestoneWorldSnapshotProjector.cs; Assets/Scripts/Views/UI/ResearchTreeWindow.cs,5,CropDefinitionSO; ProductionRecipeSO; ResearchProjectSO,"진행 역할은 '외부의 풀, 꽃과 약초를 자원 노드로 채집한다'이다. 선행 0개와 해금 1개를 연구 그래프에 연결한다.",연구 분야 6의 선행·해금 그래프에서 진행 경계를 만든다.,requiredWork=17,research-field:6,"비교 후보(대체 가능성 미검증): ResearchProjectSO:research:agriculture:compost, ResearchProjectSO:research:agriculture:cultivar-breeding, ResearchProjectSO:research:agriculture:field, ResearchProjectSO:research:agriculture:greenhouse-horticulture, ResearchProjectSO:research:agriculture:indoor, ResearchProjectSO:research:agriculture:irrigation, ResearchProjectSO:research:agriculture:phenology, ResearchProjectSO:research:agriculture:soil-cycles, ResearchProjectSO:research:agriculture:subterranean","직접 참조 5건에 영향: CropDefinitionSO:crop:cave-mushroom, ProductionRecipeSO:source:grass, ResearchProjectSO:research:agriculture:field",research-topology-and-unlocks; niche=field+prerequisites+unlocks; cost=requiredWork,Assets/Resources/SO/Research/Projects/agriculture_gathering.asset,0a9db7d3befc0c14881a362ca2f54415,"{""fileID"":0}",0,ResearchBlueprintRule,None,explicit-serialized,"외부의 풀, 꽃과 약초를 자원 노드로 채집한다.",야생 채집,[],0,"[{""capability"":0,""requiredCount"":1}]",1,6,ResearchField,Agriculture,explicit-serialized,"{""fileID"":0}",7061,0,ResearchPrerequisiteKind,Theory,implicit-csharp-default,agriculture_gathering,1,[],0,[],0,research:agriculture:gathering,17,"{""items"":[{""rid"":7737212199327498432}]}"
research-effects,ResearchProjectSO,ResearchProjectSO|research:agriculture:greenhouse-horticulture,research:agriculture:greenhouse-horticulture,온실 원예,"관측 기후와 실내 재배, 급수 설비를 폐쇄형 온실에 통합한다.",분야 6; 작업 255; 선행 6; 해금 1; 시설 요구 3; 효과 0,prerequisite:research:agriculture:indoor; prerequisite:research:agriculture:indoor; prerequisite:research:agriculture:indoor; prerequisite:research:climate:weather-observation; prerequisite:research:climate:weather-observation; prerequisite:research:climate:weather-observation; prerequisite:research:plumbing:basics; prerequisite:research:plumbing:basics; prerequisite:research:plumbing:basics; unlocks-building:building:8854,"진행 역할은 '관측 기후와 실내 재배, 급수 설비를 폐쇄형 온실에 통합한다'이다. 선행 6개와 해금 1개를 연구 그래프에 연결한다.",research-topology-and-unlocks,근거 확인,,active-authored,Assets/Resources/SO/Content/GameDomainContentCatalog.asset; Assets/Resources/SO/GameContentCatalog.asset,catalog-registered-static-consumer,Assets/Scripts/Services/Effects/Runtime/CharacterDerivedStatsSnapshot.cs; Assets/Scripts/Services/Infrastructure/BlueprintResearchContracts.cs; Assets/Scripts/Services/Infrastructure/BlueprintResearchProjectCoordinator.cs; Assets/Scripts/Services/Infrastructure/BlueprintResearchRuntime.cs; Assets/Scripts/Services/Infrastructure/BlueprintResearchRuntimeProvider.cs; Assets/Scripts/Services/Infrastructure/BlueprintResearchSaveSection.cs; Assets/Scripts/Services/Infrastructure/ResearchCraftingSummaryService.cs; Assets/Scripts/Services/Infrastructure/ResearchFacilityCapacityAdapter.cs; Assets/Scripts/Services/Infrastructure/ResearchGraphLayoutService.cs; Assets/Scripts/Services/Infrastructure/ResearchProjectCatalogAdapter.cs; Assets/Scripts/Services/Infrastructure/ResearchRewardCatalogAdapter.cs; Assets/Scripts/Services/Run/FirstRunObjectiveRuntime.cs,Assets/Scripts/Services/Infrastructure/BlueprintResearchContracts.cs; Assets/Scripts/Services/Infrastructure/BlueprintResearchRuntime.cs; Assets/Scripts/Services/Infrastructure/BlueprintResearchSaveSection.cs; Assets/Scripts/Services/Infrastructure/ResearchCraftingSummaryService.cs; Assets/Scripts/Services/Run/FirstRunObjectiveRuntime.cs; Assets/Scripts/Services/Run/V20MilestoneWorldSnapshotProjector.cs; Assets/Scripts/Views/UI/ResearchTreeWindow.cs,4,ProductionRecipeSO; ResearchProjectSO,"진행 역할은 '관측 기후와 실내 재배, 급수 설비를 폐쇄형 온실에 통합한다'이다. 선행 6개와 해금 1개를 연구 그래프에 연결한다.",연구 분야 6의 선행·해금 그래프에서 진행 경계를 만든다.,requiredWork=255,research-field:6,"비교 후보(대체 가능성 미검증): ResearchProjectSO:research:agriculture:compost, ResearchProjectSO:research:agriculture:cultivar-breeding, ResearchProjectSO:research:agriculture:field, ResearchProjectSO:research:agriculture:gathering, ResearchProjectSO:research:agriculture:indoor, ResearchProjectSO:research:agriculture:irrigation, ResearchProjectSO:research:agriculture:phenology, ResearchProjectSO:research:agriculture:soil-cycles, ResearchProjectSO:research:agriculture:subterranean","직접 참조 4건에 영향: ProductionRecipeSO:recipe:supply:greenhouse-nutrient, ResearchProjectSO:research:climate:environment-control",research-topology-and-unlocks; niche=field+prerequisites+unlocks; cost=requiredWork,Assets/Resources/SO/Research/Projects/agriculture_greenhouse_horticulture.asset,2cbd7e28f6dc917429250d02899e2113,"{""fileID"":0}",0,ResearchBlueprintRule,None,explicit-serialized,"관측 기후와 실내 재배, 급수 설비를 폐쇄형 온실에 통합한다.",온실 원예,[],0,"[{""capability"":0,""requiredCount"":1},{""capability"":3,""requiredCount"":1},{""capability"":6,""requiredCount"":1}]",3,6,ResearchField,Agriculture,explicit-serialized,"{""fileID"":0}",7253,0,ResearchPrerequisiteKind,Theory,implicit-csharp-default,agriculture_greenhouse_horticulture,1,"[{""kind"":2,""prerequisite"":{""fileID"":11400000,""guid"":""5910327a5258de84d8d7536cb7416719"",""type"":2},""prerequisiteId"":""research:agriculture:indoor"",""reason"":""실내 재배의 공학 원리이(가) 온실 원예 구현에 직접 필요하다.""},{""kind"":2,""prerequisite"":{""fileID"":11400000,""guid"":""bd88feccae77f7b4598f58dbc9a68db1"",""type"":2},""prerequisiteId"":""research:climate:weather-observation"",""reason"":""기상 관측의 공학 원리이(가) 온실 원예 구현에 직접 필요하다.""},{""kind"":2,""prerequisite"":{""fileID"":11400000,""guid"":""ced79e3bcdd00964f8eef3f30ff1946d"",""type"":2},""prerequisiteId"":""research:plumbing:basics"",""reason"":""기초 배관과 펌프 급수의 공학 원리이(가) 온실 원예 구현에 직접 필요하다.""}]",3,"[{""fileID"":11400000,""guid"":""5910327a5258de84d8d7536cb7416719"",""type"":2},{""fileID"":11400000,""guid"":""bd88feccae77f7b4598f58dbc9a68db1"",""type"":2},{""fileID"":11400000,""guid"":""ced79e3bcdd00964f8eef3f30ff1946d"",""type"":2}]",3,research:agriculture:greenhouse-horticulture,255,"{""items"":[{""rid"":7737212199327498433}]}"
research-effects,ResearchProjectSO,ResearchProjectSO|research:agriculture:indoor,research:agriculture:indoor,실내 재배,"물, 퇴비와 연료를 써서 실내에서 작물을 기른다.",분야 6; 작업 60; 선행 4; 해금 2; 시설 요구 2; 효과 0,prerequisite:research:agriculture:irrigation; prerequisite:research:agriculture:irrigation; prerequisite:research:agriculture:irrigation; prerequisite:research:survival:support; prerequisite:research:survival:support; prerequisite:research:survival:support; unlocks-building:building:1096; unlocks-building:building:1627,"진행 역할은 '물, 퇴비와 연료를 써서 실내에서 작물을 기른다'이다. 선행 4개와 해금 2개를 연구 그래프에 연결한다.",research-topology-and-unlocks,근거 확인,,active-authored,Assets/Resources/SO/Content/GameDomainContentCatalog.asset; Assets/Resources/SO/GameContentCatalog.asset,catalog-registered-static-consumer,Assets/Scripts/Services/Effects/Runtime/CharacterDerivedStatsSnapshot.cs; Assets/Scripts/Services/Infrastructure/BlueprintResearchContracts.cs; Assets/Scripts/Services/Infrastructure/BlueprintResearchProjectCoordinator.cs; Assets/Scripts/Services/Infrastructure/BlueprintResearchRuntime.cs; Assets/Scripts/Services/Infrastructure/BlueprintResearchRuntimeProvider.cs; Assets/Scripts/Services/Infrastructure/BlueprintResearchSaveSection.cs; Assets/Scripts/Services/Infrastructure/ResearchCraftingSummaryService.cs; Assets/Scripts/Services/Infrastructure/ResearchFacilityCapacityAdapter.cs; Assets/Scripts/Services/Infrastructure/ResearchGraphLayoutService.cs; Assets/Scripts/Services/Infrastructure/ResearchProjectCatalogAdapter.cs; Assets/Scripts/Services/Infrastructure/ResearchRewardCatalogAdapter.cs; Assets/Scripts/Services/Run/FirstRunObjectiveRuntime.cs,Assets/Scripts/Services/Infrastructure/BlueprintResearchContracts.cs; Assets/Scripts/Services/Infrastructure/BlueprintResearchRuntime.cs; Assets/Scripts/Services/Infrastructure/BlueprintResearchSaveSection.cs; Assets/Scripts/Services/Infrastructure/ResearchCraftingSummaryService.cs; Assets/Scripts/Services/Run/FirstRunObjectiveRuntime.cs; Assets/Scripts/Services/Run/V20MilestoneWorldSnapshotProjector.cs; Assets/Scripts/Views/UI/ResearchTreeWindow.cs,9,ResearchProjectSO,"진행 역할은 '물, 퇴비와 연료를 써서 실내에서 작물을 기른다'이다. 선행 4개와 해금 2개를 연구 그래프에 연결한다.",연구 분야 6의 선행·해금 그래프에서 진행 경계를 만든다.,requiredWork=60,research-field:6,"비교 후보(대체 가능성 미검증): ResearchProjectSO:research:agriculture:compost, ResearchProjectSO:research:agriculture:cultivar-breeding, ResearchProjectSO:research:agriculture:field, ResearchProjectSO:research:agriculture:gathering, ResearchProjectSO:research:agriculture:greenhouse-horticulture, ResearchProjectSO:research:agriculture:irrigation, ResearchProjectSO:research:agriculture:phenology, ResearchProjectSO:research:agriculture:soil-cycles, ResearchProjectSO:research:agriculture:subterranean","직접 참조 9건에 영향: ResearchProjectSO:research:agriculture:greenhouse-horticulture, ResearchProjectSO:research:agriculture:subterranean, ResearchProjectSO:research:forestry:fungal",research-topology-and-unlocks; niche=field+prerequisites+unlocks; cost=requiredWork,Assets/Resources/SO/Research/Projects/agriculture_indoor.asset,5910327a5258de84d8d7536cb7416719,"{""fileID"":0}",0,ResearchBlueprintRule,None,explicit-serialized,"물, 퇴비와 연료를 써서 실내에서 작물을 기른다.",실내 재배,[],0,"[{""capability"":0,""requiredCount"":1},{""capability"":3,""requiredCount"":1}]",2,6,ResearchField,Agriculture,explicit-serialized,"{""fileID"":0}",7065,0,ResearchPrerequisiteKind,Theory,implicit-csharp-default,agriculture_indoor,1,"[{""kind"":2,""prerequisite"":{""fileID"":11400000,""guid"":""06ebf1937f853144db068060e289c96d"",""type"":2},""prerequisiteId"":""research:agriculture:irrigation"",""reason"":""관개의 공학 원리이(가) 실내 재배 구현에 직접 필요하다.""},{""kind"":2,""prerequisite"":{""fileID"":11400000,""guid"":""c842252eac7214149b538f1308162eac"",""type"":2},""prerequisiteId"":""research:survival:support"",""reason"":""생활 지원의 공학 원리이(가) 실내 재배 구현에 직접 필요하다.""}]",2,"[{""fileID"":11400000,""guid"":""06ebf1937f853144db068060e289c96d"",""type"":2},{""fileID"":11400000,""guid"":""c842252eac7214149b538f1308162eac"",""type"":2}]",2,research:agriculture:indoor,60,"{""items"":[{""rid"":7737212199327498434},{""rid"":7737212199327498435}]}"
research-effects,ResearchProjectSO,ResearchProjectSO|research:agriculture:irrigation,research:agriculture:irrigation,관개,물 저장과 급수 작업으로 수확 변동을 줄인다.,분야 6; 작업 42; 선행 2; 해금 1; 시설 요구 2; 효과 0,prerequisite:research:agriculture:compost; prerequisite:research:agriculture:compost; prerequisite:research:agriculture:compost; unlocks-building:building:8802,진행 역할은 '물 저장과 급수 작업으로 수확 변동을 줄인다'이다. 선행 2개와 해금 1개를 연구 그래프에 연결한다.,research-topology-and-unlocks,근거 확인,,active-authored,Assets/Resources/SO/Content/GameDomainContentCatalog.asset; Assets/Resources/SO/GameContentCatalog.asset,catalog-registered-static-consumer,Assets/Scripts/Services/Effects/Runtime/CharacterDerivedStatsSnapshot.cs; Assets/Scripts/Services/Infrastructure/BlueprintResearchContracts.cs; Assets/Scripts/Services/Infrastructure/BlueprintResearchProjectCoordinator.cs; Assets/Scripts/Services/Infrastructure/BlueprintResearchRuntime.cs; Assets/Scripts/Services/Infrastructure/BlueprintResearchRuntimeProvider.cs; Assets/Scripts/Services/Infrastructure/BlueprintResearchSaveSection.cs; Assets/Scripts/Services/Infrastructure/ResearchCraftingSummaryService.cs; Assets/Scripts/Services/Infrastructure/ResearchFacilityCapacityAdapter.cs; Assets/Scripts/Services/Infrastructure/ResearchGraphLayoutService.cs; Assets/Scripts/Services/Infrastructure/ResearchProjectCatalogAdapter.cs; Assets/Scripts/Services/Infrastructure/ResearchRewardCatalogAdapter.cs; Assets/Scripts/Services/Run/FirstRunObjectiveRuntime.cs,Assets/Scripts/Services/Infrastructure/BlueprintResearchContracts.cs; Assets/Scripts/Services/Infrastructure/BlueprintResearchRuntime.cs; Assets/Scripts/Services/Infrastructure/BlueprintResearchSaveSection.cs; Assets/Scripts/Services/Infrastructure/ResearchCraftingSummaryService.cs; Assets/Scripts/Services/Run/FirstRunObjectiveRuntime.cs; Assets/Scripts/Services/Run/V20MilestoneWorldSnapshotProjector.cs; Assets/Scripts/Views/UI/ResearchTreeWindow.cs,8,CropDefinitionSO; ProductionRecipeSO; ResearchProjectSO,진행 역할은 '물 저장과 급수 작업으로 수확 변동을 줄인다'이다. 선행 2개와 해금 1개를 연구 그래프에 연결한다.,연구 분야 6의 선행·해금 그래프에서 진행 경계를 만든다.,requiredWork=42,research-field:6,"비교 후보(대체 가능성 미검증): ResearchProjectSO:research:agriculture:compost, ResearchProjectSO:research:agriculture:cultivar-breeding, ResearchProjectSO:research:agriculture:field, ResearchProjectSO:research:agriculture:gathering, ResearchProjectSO:research:agriculture:greenhouse-horticulture, ResearchProjectSO:research:agriculture:indoor, ResearchProjectSO:research:agriculture:phenology, ResearchProjectSO:research:agriculture:soil-cycles, ResearchProjectSO:research:agriculture:subterranean","직접 참조 8건에 영향: CropDefinitionSO:crop:night-grape, ProductionRecipeSO:recipe:resource:clean-water, ResearchProjectSO:research:agriculture:indoor, ResearchProjectSO:research:industry:waterwheel",research-topology-and-unlocks; niche=field+prerequisites+unlocks; cost=requiredWork,Assets/Resources/SO/Research/Projects/agriculture_irrigation.asset,06ebf1937f853144db068060e289c96d,"{""fileID"":0}",0,ResearchBlueprintRule,None,explicit-serialized,물 저장과 급수 작업으로 수확 변동을 줄인다.,관개,[],0,"[{""capability"":0,""requiredCount"":1},{""capability"":3,""requiredCount"":1}]",2,6,ResearchField,Agriculture,explicit-serialized,"{""fileID"":0}",7064,0,ResearchPrerequisiteKind,Theory,implicit-csharp-default,agriculture_irrigation,1,"[{""kind"":2,""prerequisite"":{""fileID"":11400000,""guid"":""d7600d92baff8d94d95c73c967471b72"",""type"":2},""prerequisiteId"":""research:agriculture:compost"",""reason"":""퇴비·윤작의 공학 원리이(가) 관개 구현에 직접 필요하다.""}]",1,"[{""fileID"":11400000,""guid"":""d7600d92baff8d94d95c73c967471b72"",""type"":2}]",1,research:agriculture:irrigation,42,"{""items"":[{""rid"":7737212199327498436}]}"
research-effects,ResearchProjectSO,ResearchProjectSO|research:agriculture:phenology,research:agriculture:phenology,생물계절학과 종자 선별,"생물계절학과 종자 선별에 필요한 이론, 제작 절차, 안전 기준과 운용 보상을 하나의 완결된 연구 패키지로 통합한다.",분야 6; 작업 268; 선행 2; 해금 2; 시설 요구 3; 효과 0,prerequisite:research:life:seasonal-calendar; prerequisite:research:life:seasonal-calendar; prerequisite:research:life:seasonal-calendar; unlocks-building:building:8850; unlocks-building:building:8890,"진행 역할은 '생물계절학과 종자 선별에 필요한 이론, 제작 절차, 안전 기준과 운용 보상을 하나의 완결된 연구 패키지로 통합한다'이다. 선행 2개와 해금 2개를 연구 그래프에 연결한다.",research-topology-and-unlocks,근거 확인,,active-authored,Assets/Resources/SO/Content/GameDomainContentCatalog.asset; Assets/Resources/SO/GameContentCatalog.asset,catalog-registered-static-consumer,Assets/Scripts/Services/Effects/Runtime/CharacterDerivedStatsSnapshot.cs; Assets/Scripts/Services/Infrastructure/BlueprintResearchContracts.cs; Assets/Scripts/Services/Infrastructure/BlueprintResearchProjectCoordinator.cs; Assets/Scripts/Services/Infrastructure/BlueprintResearchRuntime.cs; Assets/Scripts/Services/Infrastructure/BlueprintResearchRuntimeProvider.cs; Assets/Scripts/Services/Infrastructure/BlueprintResearchSaveSection.cs; Assets/Scripts/Services/Infrastructure/ResearchCraftingSummaryService.cs; Assets/Scripts/Services/Infrastructure/ResearchFacilityCapacityAdapter.cs; Assets/Scripts/Services/Infrastructure/ResearchGraphLayoutService.cs; Assets/Scripts/Services/Infrastructure/ResearchProjectCatalogAdapter.cs; Assets/Scripts/Services/Infrastructure/ResearchRewardCatalogAdapter.cs; Assets/Scripts/Services/Run/FirstRunObjectiveRuntime.cs,Assets/Scripts/Services/Infrastructure/BlueprintResearchContracts.cs; Assets/Scripts/Services/Infrastructure/BlueprintResearchRuntime.cs; Assets/Scripts/Services/Infrastructure/BlueprintResearchSaveSection.cs; Assets/Scripts/Services/Infrastructure/ResearchCraftingSummaryService.cs; Assets/Scripts/Services/Run/FirstRunObjectiveRuntime.cs; Assets/Scripts/Services/Run/V20MilestoneWorldSnapshotProjector.cs; Assets/Scripts/Views/UI/ResearchTreeWindow.cs,6,ResearchProjectSO,"진행 역할은 '생물계절학과 종자 선별에 필요한 이론, 제작 절차, 안전 기준과 운용 보상을 하나의 완결된 연구 패키지로 통합한다'이다. 선행 2개와 해금 2개를 연구 그래프에 연결한다.",연구 분야 6의 선행·해금 그래프에서 진행 경계를 만든다.,requiredWork=268,research-field:6,"비교 후보(대체 가능성 미검증): ResearchProjectSO:research:agriculture:compost, ResearchProjectSO:research:agriculture:cultivar-breeding, ResearchProjectSO:research:agriculture:field, ResearchProjectSO:research:agriculture:gathering, ResearchProjectSO:research:agriculture:greenhouse-horticulture, ResearchProjectSO:research:agriculture:indoor, ResearchProjectSO:research:agriculture:irrigation, ResearchProjectSO:research:agriculture:soil-cycles, ResearchProjectSO:research:agriculture:subterranean","직접 참조 6건에 영향: ResearchProjectSO:research:agriculture:soil-cycles, ResearchProjectSO:research:husbandry:seasonal-breeding",research-topology-and-unlocks; niche=field+prerequisites+unlocks; cost=requiredWork,Assets/Resources/SO/Research/Projects/agriculture_phenology.asset,15debf0ab3fbbed42baae417568308af,"{""fileID"":0}",0,ResearchBlueprintRule,None,explicit-serialized,"생물계절학과 종자 선별에 필요한 이론, 제작 절차, 안전 기준과 운용 보상을 하나의 완결된 연구 패키지로 통합한다.",생물계절학과 종자 선별,[],0,"[{""capability"":0,""requiredCount"":1},{""capability"":3,""requiredCount"":1},{""capability"":6,""requiredCount"":1}]",3,6,ResearchField,Agriculture,explicit-serialized,"{""fileID"":0}",7249,0,ResearchPrerequisiteKind,Theory,implicit-csharp-default,agriculture_phenology,1,"[{""kind"":2,""prerequisite"":{""fileID"":11400000,""guid"":""4db6f6908a9bba947908a1269f3845ef"",""type"":2},""prerequisiteId"":""research:life:seasonal-calendar"",""reason"":""계절 역법의 공학 원리이(가) 생물계절학과 종자 선별 구현에 직접 필요하다.""}]",1,"[{""fileID"":11400000,""guid"":""4db6f6908a9bba947908a1269f3845ef"",""type"":2}]",1,research:agriculture:phenology,268,"{""items"":[{""rid"":7737212199327498437},{""rid"":7737212199327498438}]}"
research-effects,ResearchProjectSO,ResearchProjectSO|research:agriculture:soil-cycles,research:agriculture:soil-cycles,토양 순환과 작물 보호,"토양 순환과 작물 보호에 필요한 이론, 제작 절차, 안전 기준과 운용 보상을 하나의 완결된 연구 패키지로 통합한다.",분야 6; 작업 697; 선행 6; 해금 3; 시설 요구 3; 효과 0,prerequisite:research:agriculture:phenology; prerequisite:research:agriculture:phenology; prerequisite:research:agriculture:phenology; prerequisite:research:forestry:fungal; prerequisite:research:forestry:fungal; prerequisite:research:forestry:fungal; prerequisite:research:health:pathogen-observation; prerequisite:research:health:pathogen-observation; prerequisite:research:health:pathogen-observation; unlocks-building:building:8852; unlocks-building:building:8891; unlocks-building:building:8892,"진행 역할은 '토양 순환과 작물 보호에 필요한 이론, 제작 절차, 안전 기준과 운용 보상을 하나의 완결된 연구 패키지로 통합한다'이다. 선행 6개와 해금 3개를 연구 그래프에 연결한다.",research-topology-and-unlocks,근거 확인,,active-authored,Assets/Resources/SO/Content/GameDomainContentCatalog.asset; Assets/Resources/SO/GameContentCatalog.asset,catalog-registered-static-consumer,Assets/Scripts/Services/Effects/Runtime/CharacterDerivedStatsSnapshot.cs; Assets/Scripts/Services/Infrastructure/BlueprintResearchContracts.cs; Assets/Scripts/Services/Infrastructure/BlueprintResearchProjectCoordinator.cs; Assets/Scripts/Services/Infrastructure/BlueprintResearchRuntime.cs; Assets/Scripts/Services/Infrastructure/BlueprintResearchRuntimeProvider.cs; Assets/Scripts/Services/Infrastructure/BlueprintResearchSaveSection.cs; Assets/Scripts/Services/Infrastructure/ResearchCraftingSummaryService.cs; Assets/Scripts/Services/Infrastructure/ResearchFacilityCapacityAdapter.cs; Assets/Scripts/Services/Infrastructure/ResearchGraphLayoutService.cs; Assets/Scripts/Services/Infrastructure/ResearchProjectCatalogAdapter.cs; Assets/Scripts/Services/Infrastructure/ResearchRewardCatalogAdapter.cs; Assets/Scripts/Services/Run/FirstRunObjectiveRuntime.cs,Assets/Scripts/Services/Infrastructure/BlueprintResearchContracts.cs; Assets/Scripts/Services/Infrastructure/BlueprintResearchRuntime.cs; Assets/Scripts/Services/Infrastructure/BlueprintResearchSaveSection.cs; Assets/Scripts/Services/Infrastructure/ResearchCraftingSummaryService.cs; Assets/Scripts/Services/Run/FirstRunObjectiveRuntime.cs; Assets/Scripts/Services/Run/V20MilestoneWorldSnapshotProjector.cs; Assets/Scripts/Views/UI/ResearchTreeWindow.cs,6,ProductionRecipeSO; ResearchProjectSO,"진행 역할은 '토양 순환과 작물 보호에 필요한 이론, 제작 절차, 안전 기준과 운용 보상을 하나의 완결된 연구 패키지로 통합한다'이다. 선행 6개와 해금 3개를 연구 그래프에 연결한다.",연구 분야 6의 선행·해금 그래프에서 진행 경계를 만든다.,requiredWork=697,research-field:6,"비교 후보(대체 가능성 미검증): ResearchProjectSO:research:agriculture:compost, ResearchProjectSO:research:agriculture:cultivar-breeding, ResearchProjectSO:research:agriculture:field, ResearchProjectSO:research:agriculture:gathering, ResearchProjectSO:research:agriculture:greenhouse-horticulture, ResearchProjectSO:research:agriculture:indoor, ResearchProjectSO:research:agriculture:irrigation, ResearchProjectSO:research:agriculture:phenology, ResearchProjectSO:research:agriculture:subterranean","직접 참조 6건에 영향: ProductionRecipeSO:recipe:supply:botanical-pesticide, ProductionRecipeSO:recipe:supply:fungicide, ProductionRecipeSO:recipe:supply:pest-lure, ResearchProjectSO:research:agriculture:cultivar-breeding",research-topology-and-unlocks; niche=field+prerequisites+unlocks; cost=requiredWork,Assets/Resources/SO/Research/Projects/agriculture_soil_cycles.asset,33a2ab1e26ba19044abf858282a4c338,"{""fileID"":0}",0,ResearchBlueprintRule,None,explicit-serialized,"토양 순환과 작물 보호에 필요한 이론, 제작 절차, 안전 기준과 운용 보상을 하나의 완결된 연구 패키지로 통합한다.",토양 순환과 작물 보호,[],0,"[{""capability"":0,""requiredCount"":1},{""capability"":3,""requiredCount"":1},{""capability"":6,""requiredCount"":1}]",3,6,ResearchField,Agriculture,explicit-serialized,"{""fileID"":0}",7251,0,ResearchPrerequisiteKind,Theory,implicit-csharp-default,agriculture_soil_cycles,1,"[{""kind"":2,""prerequisite"":{""fileID"":11400000,""guid"":""15debf0ab3fbbed42baae417568308af"",""type"":2},""prerequisiteId"":""research:agriculture:phenology"",""reason"":""생물계절학과 종자 선별의 공학 원리이(가) 토양 순환과 작물 보호 구현에 직접 필요하다.""},{""kind"":2,""prerequisite"":{""fileID"":11400000,""guid"":""f48e4ad521ac5b144b5f3f26be913789"",""type"":2},""prerequisiteId"":""research:forestry:fungal"",""reason"":""실내 균목림의 공학 원리이(가) 토양 순환과 작물 보호 구현에 직접 필요하다.""},{""kind"":2,""prerequisite"":{""fileID"":11400000,""guid"":""b0216d256e85f4f4da770d05c38f5419"",""type"":2},""prerequisiteId"":""research:health:pathogen-observation"",""reason"":""병원체 관찰과 면역 혈청학의 공학 원리이(가) 토양 순환과 작물 보호 구현에 직접 필요하다.""}]",3,"[{""fileID"":11400000,""guid"":""15debf0ab3fbbed42baae417568308af"",""type"":2},{""fileID"":11400000,""guid"":""f48e4ad521ac5b144b5f3f26be913789"",""type"":2},{""fileID"":11400000,""guid"":""b0216d256e85f4f4da770d05c38f5419"",""type"":2}]",3,research:agriculture:soil-cycles,697,"{""items"":[{""rid"":7737212199327498439},{""rid"":7737212199327498440},{""rid"":7737212199327498441}]}"
research-effects,ResearchProjectSO,ResearchProjectSO|research:agriculture:subterranean,research:agriculture:subterranean,지하 자급,균류와 영양 순환으로 계절과 밤을 넘는 자급망을 만든다.,분야 6; 작업 84; 선행 2; 해금 1; 시설 요구 2; 효과 0,prerequisite:research:agriculture:indoor; prerequisite:research:agriculture:indoor; prerequisite:research:agriculture:indoor; unlocks-building:building:8803,진행 역할은 '균류와 영양 순환으로 계절과 밤을 넘는 자급망을 만든다'이다. 선행 2개와 해금 1개를 연구 그래프에 연결한다.,research-topology-and-unlocks,근거 확인,,active-authored,Assets/Resources/SO/Content/GameDomainContentCatalog.asset; Assets/Resources/SO/GameContentCatalog.asset,catalog-registered-static-consumer,Assets/Scripts/Models/Economy/Content/GrandProjectRuntime.cs; Assets/Scripts/Services/Effects/Runtime/CharacterDerivedStatsSnapshot.cs; Assets/Scripts/Services/Infrastructure/BlueprintResearchContracts.cs; Assets/Scripts/Services/Infrastructure/BlueprintResearchProjectCoordinator.cs; Assets/Scripts/Services/Infrastructure/BlueprintResearchRuntime.cs; Assets/Scripts/Services/Infrastructure/BlueprintResearchRuntimeProvider.cs; Assets/Scripts/Services/Infrastructure/BlueprintResearchSaveSection.cs; Assets/Scripts/Services/Infrastructure/ResearchCraftingSummaryService.cs; Assets/Scripts/Services/Infrastructure/ResearchFacilityCapacityAdapter.cs; Assets/Scripts/Services/Infrastructure/ResearchGraphLayoutService.cs; Assets/Scripts/Services/Infrastructure/ResearchProjectCatalogAdapter.cs; Assets/Scripts/Services/Infrastructure/ResearchRewardCatalogAdapter.cs,Assets/Scripts/Services/Infrastructure/BlueprintResearchContracts.cs; Assets/Scripts/Services/Infrastructure/BlueprintResearchRuntime.cs; Assets/Scripts/Services/Infrastructure/BlueprintResearchSaveSection.cs; Assets/Scripts/Services/Infrastructure/ResearchCraftingSummaryService.cs; Assets/Scripts/Services/Run/FirstRunObjectiveRuntime.cs; Assets/Scripts/Services/Run/V20MilestoneWorldSnapshotProjector.cs; Assets/Scripts/Views/UI/ResearchTreeWindow.cs,1,ProductionRecipeSO,진행 역할은 '균류와 영양 순환으로 계절과 밤을 넘는 자급망을 만든다'이다. 선행 2개와 해금 1개를 연구 그래프에 연결한다.,연구 분야 6의 선행·해금 그래프에서 진행 경계를 만든다.,requiredWork=84,research-field:6,"비교 후보(대체 가능성 미검증): ResearchProjectSO:research:agriculture:compost, ResearchProjectSO:research:agriculture:cultivar-breeding, ResearchProjectSO:research:agriculture:field, ResearchProjectSO:research:agriculture:gathering, ResearchProjectSO:research:agriculture:greenhouse-horticulture, ResearchProjectSO:research:agriculture:indoor, ResearchProjectSO:research:agriculture:irrigation, ResearchProjectSO:research:agriculture:phenology, ResearchProjectSO:research:agriculture:soil-cycles",직접 참조 1건에 영향: ProductionRecipeSO:recipe:supply:mushroom-substrate,research-topology-and-unlocks; niche=field+prerequisites+unlocks; cost=requiredWork,Assets/Resources/SO/Research/Projects/agriculture_subterranean.asset,8a32e1ee5d90b1a4c92bd4f6627ed906,"{""fileID"":0}",0,ResearchBlueprintRule,None,explicit-serialized,균류와 영양 순환으로 계절과 밤을 넘는 자급망을 만든다.,지하 자급,[],0,"[{""capability"":0,""requiredCount"":1},{""capability"":3,""requiredCount"":1}]",2,6,ResearchField,Agriculture,explicit-serialized,"{""fileID"":0}",7066,0,ResearchPrerequisiteKind,Theory,implicit-csharp-default,agriculture_subterranean,1,"[{""kind"":2,""prerequisite"":{""fileID"":11400000,""guid"":""5910327a5258de84d8d7536cb7416719"",""type"":2},""prerequisiteId"":""research:agriculture:indoor"",""reason"":""실내 재배의 공학 원리이(가) 지하 자급 구현에 직접 필요하다.""}]",1,"[{""fileID"":11400000,""guid"":""5910327a5258de84d8d7536cb7416719"",""type"":2}]",1,research:agriculture:subterranean,84,"{""items"":[{""rid"":7737212199327498442}]}"
research-effects,ResearchProjectSO,ResearchProjectSO|research:arcane:advanced,research:arcane:advanced,비전 연구,마력과 의식 설비의 고급 원리를 해석한다.,분야 3; 작업 42; 선행 2; 해금 1; 시설 요구 3; 효과 0,prerequisite:research:arcane:alchemy; prerequisite:research:arcane:alchemy; prerequisite:research:arcane:alchemy; references:facility-blueprint:6104; unlocks-building:building:1056,진행 역할은 '마력과 의식 설비의 고급 원리를 해석한다'이다. 선행 2개와 해금 1개를 연구 그래프에 연결한다.,research-topology-and-unlocks,근거 확인,,active-authored,Assets/Resources/SO/Content/GameDomainContentCatalog.asset; Assets/Resources/SO/GameContentCatalog.asset,catalog-registered-static-consumer,Assets/Scripts/Models/Economy/Content/GrandProjectRuntime.cs; Assets/Scripts/Services/Effects/Runtime/CharacterDerivedStatsSnapshot.cs; Assets/Scripts/Services/Infrastructure/BlueprintResearchContracts.cs; Assets/Scripts/Services/Infrastructure/BlueprintResearchProjectCoordinator.cs; Assets/Scripts/Services/Infrastructure/BlueprintResearchRuntime.cs; Assets/Scripts/Services/Infrastructure/BlueprintResearchRuntimeProvider.cs; Assets/Scripts/Services/Infrastructure/BlueprintResearchSaveSection.cs; Assets/Scripts/Services/Infrastructure/ResearchCraftingSummaryService.cs; Assets/Scripts/Services/Infrastructure/ResearchFacilityCapacityAdapter.cs; Assets/Scripts/Services/Infrastructure/ResearchGraphLayoutService.cs; Assets/Scripts/Services/Infrastructure/ResearchProjectCatalogAdapter.cs; Assets/Scripts/Services/Infrastructure/ResearchRewardCatalogAdapter.cs,Assets/Scripts/Services/Infrastructure/BlueprintResearchContracts.cs; Assets/Scripts/Services/Infrastructure/BlueprintResearchRuntime.cs; Assets/Scripts/Services/Infrastructure/BlueprintResearchSaveSection.cs; Assets/Scripts/Services/Infrastructure/ResearchCraftingSummaryService.cs; Assets/Scripts/Services/Run/FirstRunObjectiveRuntime.cs; Assets/Scripts/Services/Run/V20MilestoneWorldSnapshotProjector.cs; Assets/Scripts/Views/UI/ResearchTreeWindow.cs,18,FacilityBlueprintSO; ProductionRecipeSO; ResearchProjectSO,진행 역할은 '마력과 의식 설비의 고급 원리를 해석한다'이다. 선행 2개와 해금 1개를 연구 그래프에 연결한다.,연구 분야 3의 선행·해금 그래프에서 진행 경계를 만든다.,requiredWork=42,research-field:3,"비교 후보(대체 가능성 미검증): ResearchProjectSO:research:arcane:alchemy, ResearchProjectSO:research:arcane:records, ResearchProjectSO:research:arcane:resonance, ResearchProjectSO:research:climate:regional-climatology, ResearchProjectSO:research:climate:weather-observation, ResearchProjectSO:research:equipment:lineage-binding, ResearchProjectSO:research:equipment:relic-appraisal, ResearchProjectSO:research:genetics:hereditary-records, ResearchProjectSO:research:life:seasonal-calendar, ResearchProjectSO:research:medical:rune-hibernation, ResearchProjectSO:research:medical:temporal-stasis","직접 참조 18건에 영향: FacilityBlueprintSO:facility-blueprint:6104, ProductionRecipeSO:recipe:arrow-rune, ProductionRecipeSO:recipe:bolt-rune, ResearchProjectSO:research:arcane:resonance, ResearchProjectSO:research:defense:rune-identification, ResearchProjectSO:research:metallurgy:blacksteel, ResearchProjectSO:research:mining:mana, ResearchProjectSO:research:textile:rune-leather",research-topology-and-unlocks; niche=field+prerequisites+unlocks; cost=requiredWork,Assets/Resources/SO/Research/Projects/arcane_advanced.asset,e352d43e288d89f45b1bc8be3bf62967,"{""fileID"":11400000,""guid"":""fe9e5fe8bcceb9e7caf7c3733c6bf4d6"",""type"":2}",1,ResearchBlueprintRule,Required,explicit-serialized,마력과 의식 설비의 고급 원리를 해석한다.,비전 연구,[],0,"[{""capability"":0,""requiredCount"":1},{""capability"":1,""requiredCount"":1},{""capability"":5,""requiredCount"":1}]",3,3,ResearchField,Records And Arcane,explicit-serialized,"{""fileID"":0}",7033,0,ResearchPrerequisiteKind,Theory,implicit-csharp-default,arcane_advanced,1,"[{""kind"":0,""prerequisite"":{""fileID"":11400000,""guid"":""1f0f04477ee507543893f06592b0442c"",""type"":2},""prerequisiteId"":""research:arcane:alchemy"",""reason"":""연금 가공의 이론이(가) 비전 연구 구현에 직접 필요하다.""}]",1,"[{""fileID"":11400000,""guid"":""1f0f04477ee507543893f06592b0442c"",""type"":2}]",1,research:arcane:advanced,42,"{""items"":[{""rid"":7737212199327498443}]}"
research-effects,ResearchProjectSO,ResearchProjectSO|research:arcane:alchemy,research:arcane:alchemy,연금 가공,시약과 생체 물질을 안정적으로 가공한다.,분야 3; 작업 28; 선행 2; 해금 2; 시설 요구 3; 효과 0,prerequisite:research:arcane:records; prerequisite:research:arcane:records; prerequisite:research:arcane:records; unlocks-building:building:1091; unlocks-building:building:1625,진행 역할은 '시약과 생체 물질을 안정적으로 가공한다'이다. 선행 2개와 해금 2개를 연구 그래프에 연결한다.,research-topology-and-unlocks,근거 확인,,active-authored,Assets/Resources/SO/Content/GameDomainContentCatalog.asset; Assets/Resources/SO/GameContentCatalog.asset,catalog-registered-static-consumer,Assets/Scripts/Services/Effects/Runtime/CharacterDerivedStatsSnapshot.cs; Assets/Scripts/Services/Infrastructure/BlueprintResearchContracts.cs; Assets/Scripts/Services/Infrastructure/BlueprintResearchProjectCoordinator.cs; Assets/Scripts/Services/Infrastructure/BlueprintResearchRuntime.cs; Assets/Scripts/Services/Infrastructure/BlueprintResearchRuntimeProvider.cs; Assets/Scripts/Services/Infrastructure/BlueprintResearchSaveSection.cs; Assets/Scripts/Services/Infrastructure/ResearchCraftingSummaryService.cs; Assets/Scripts/Services/Infrastructure/ResearchFacilityCapacityAdapter.cs; Assets/Scripts/Services/Infrastructure/ResearchGraphLayoutService.cs; Assets/Scripts/Services/Infrastructure/ResearchProjectCatalogAdapter.cs; Assets/Scripts/Services/Infrastructure/ResearchRewardCatalogAdapter.cs; Assets/Scripts/Services/Run/FirstRunObjectiveRuntime.cs,Assets/Scripts/Services/Infrastructure/BlueprintResearchContracts.cs; Assets/Scripts/Services/Infrastructure/BlueprintResearchRuntime.cs; Assets/Scripts/Services/Infrastructure/BlueprintResearchSaveSection.cs; Assets/Scripts/Services/Infrastructure/ResearchCraftingSummaryService.cs; Assets/Scripts/Services/Run/FirstRunObjectiveRuntime.cs; Assets/Scripts/Services/Run/V20MilestoneWorldSnapshotProjector.cs; Assets/Scripts/Views/UI/ResearchTreeWindow.cs,12,ProductionRecipeSO; ResearchProjectSO,진행 역할은 '시약과 생체 물질을 안정적으로 가공한다'이다. 선행 2개와 해금 2개를 연구 그래프에 연결한다.,연구 분야 3의 선행·해금 그래프에서 진행 경계를 만든다.,requiredWork=28,research-field:3,"비교 후보(대체 가능성 미검증): ResearchProjectSO:research:arcane:advanced, ResearchProjectSO:research:arcane:records, ResearchProjectSO:research:arcane:resonance, ResearchProjectSO:research:climate:regional-climatology, ResearchProjectSO:research:climate:weather-observation, ResearchProjectSO:research:equipment:lineage-binding, ResearchProjectSO:research:equipment:relic-appraisal, ResearchProjectSO:research:genetics:hereditary-records, ResearchProjectSO:research:life:seasonal-calendar, ResearchProjectSO:research:medical:rune-hibernation, ResearchProjectSO:research:medical:temporal-stasis","직접 참조 12건에 영향: ProductionRecipeSO:recipe:craft:toxic-trap-coating, ProductionRecipeSO:recipe:fang-poison, ProductionRecipeSO:recipe:rot-toxin, ResearchProjectSO:research:arcane:advanced, ResearchProjectSO:research:pharmacology:distillation, ResearchProjectSO:research:survival:medical",research-topology-and-unlocks; niche=field+prerequisites+unlocks; cost=requiredWork,Assets/Resources/SO/Research/Projects/arcane_alchemy.asset,1f0f04477ee507543893f06592b0442c,"{""fileID"":0}",0,ResearchBlueprintRule,None,explicit-serialized,시약과 생체 물질을 안정적으로 가공한다.,연금 가공,[],0,"[{""capability"":0,""requiredCount"":1},{""capability"":1,""requiredCount"":1},{""capability"":5,""requiredCount"":1}]",3,3,ResearchField,Records And Arcane,explicit-serialized,"{""fileID"":0}",7032,0,ResearchPrerequisiteKind,Theory,implicit-csharp-default,arcane_alchemy,1,"[{""kind"":0,""prerequisite"":{""fileID"":11400000,""guid"":""03cfd04c2b1ad654a9b9ff7542b01332"",""type"":2},""prerequisiteId"":""research:arcane:records"",""reason"":""기록 체계의 이론이(가) 연금 가공 구현에 직접 필요하다.""}]",1,"[{""fileID"":11400000,""guid"":""03cfd04c2b1ad654a9b9ff7542b01332"",""type"":2}]",1,research:arcane:alchemy,28,"{""items"":[{""rid"":7737212199327498444},{""rid"":7737212199327498445}]}"
research-effects,ResearchProjectSO,ResearchProjectSO|research:arcane:records,research:arcane:records,기록 체계,관찰과 실험 결과를 재현 가능한 기록으로 남긴다.,분야 3; 작업 17; 선행 0; 해금 1; 시설 요구 2; 효과 0,unlocks-building:building:1032,진행 역할은 '관찰과 실험 결과를 재현 가능한 기록으로 남긴다'이다. 선행 0개와 해금 1개를 연구 그래프에 연결한다.,research-topology-and-unlocks,근거 확인,,active-authored,Assets/Resources/SO/Content/GameDomainContentCatalog.asset; Assets/Resources/SO/GameContentCatalog.asset,catalog-registered-static-consumer,Assets/Scripts/Services/Effects/Runtime/CharacterDerivedStatsSnapshot.cs; Assets/Scripts/Services/Infrastructure/BlueprintResearchContracts.cs; Assets/Scripts/Services/Infrastructure/BlueprintResearchProjectCoordinator.cs; Assets/Scripts/Services/Infrastructure/BlueprintResearchRuntime.cs; Assets/Scripts/Services/Infrastructure/BlueprintResearchRuntimeProvider.cs; Assets/Scripts/Services/Infrastructure/BlueprintResearchSaveSection.cs; Assets/Scripts/Services/Infrastructure/ResearchCraftingSummaryService.cs; Assets/Scripts/Services/Infrastructure/ResearchFacilityCapacityAdapter.cs; Assets/Scripts/Services/Infrastructure/ResearchGraphLayoutService.cs; Assets/Scripts/Services/Infrastructure/ResearchProjectCatalogAdapter.cs; Assets/Scripts/Services/Infrastructure/ResearchRewardCatalogAdapter.cs; Assets/Scripts/Services/Run/FirstRunObjectiveRuntime.cs,Assets/Scripts/Services/Infrastructure/BlueprintResearchContracts.cs; Assets/Scripts/Services/Infrastructure/BlueprintResearchRuntime.cs; Assets/Scripts/Services/Infrastructure/BlueprintResearchSaveSection.cs; Assets/Scripts/Services/Infrastructure/ResearchCraftingSummaryService.cs; Assets/Scripts/Services/Run/FirstRunObjectiveRuntime.cs; Assets/Scripts/Services/Run/V20MilestoneWorldSnapshotProjector.cs; Assets/Scripts/Views/UI/ResearchTreeWindow.cs,13,ProductionRecipeSO; ResearchProjectSO,진행 역할은 '관찰과 실험 결과를 재현 가능한 기록으로 남긴다'이다. 선행 0개와 해금 1개를 연구 그래프에 연결한다.,연구 분야 3의 선행·해금 그래프에서 진행 경계를 만든다.,requiredWork=17,research-field:3,"비교 후보(대체 가능성 미검증): ResearchProjectSO:research:arcane:advanced, ResearchProjectSO:research:arcane:alchemy, ResearchProjectSO:research:arcane:resonance, ResearchProjectSO:research:climate:regional-climatology, ResearchProjectSO:research:climate:weather-observation, ResearchProjectSO:research:equipment:lineage-binding, ResearchProjectSO:research:equipment:relic-appraisal, ResearchProjectSO:research:genetics:hereditary-records, ResearchProjectSO:research:life:seasonal-calendar, ResearchProjectSO:research:medical:rune-hibernation, ResearchProjectSO:research:medical:temporal-stasis","직접 참조 13건에 영향: ProductionRecipeSO:recipe:record:arcane-index, ResearchProjectSO:research:arcane:alchemy, ResearchProjectSO:research:equipment:relic-appraisal, ResearchProjectSO:research:industry:powered-tools, ResearchProjectSO:research:life:seasonal-calendar",research-topology-and-unlocks; niche=field+prerequisites+unlocks; cost=requiredWork,Assets/Resources/SO/Research/Projects/arcane_records.asset,03cfd04c2b1ad654a9b9ff7542b01332,"{""fileID"":0}",0,ResearchBlueprintRule,None,explicit-serialized,관찰과 실험 결과를 재현 가능한 기록으로 남긴다.,기록 체계,[],0,"[{""capability"":0,""requiredCount"":1},{""capability"":1,""requiredCount"":1}]",2,3,ResearchField,Records And Arcane,explicit-serialized,"{""fileID"":0}",7031,0,ResearchPrerequisiteKind,Theory,implicit-csharp-default,arcane_records,1,[],0,[],0,research:arcane:records,17,"{""items"":[{""rid"":7737212199327498446}]}"
research-effects,ResearchProjectSO,ResearchProjectSO|research:arcane:resonance,research:arcane:resonance,비전 공명,마나와 흑강을 쓰는 대형 비전 사업을 해금한다.,분야 3; 작업 60; 선행 4; 해금 2; 시설 요구 3; 효과 0,prerequisite:research:arcane:advanced; prerequisite:research:arcane:advanced; prerequisite:research:arcane:advanced; prerequisite:research:authority:ritual; prerequisite:research:authority:ritual; prerequisite:research:authority:ritual; references:facility-blueprint:6193; unlocks-building:building:8897; unlocks-recipe:recipe_arcane_ritual_2,진행 역할은 '마나와 흑강을 쓰는 대형 비전 사업을 해금한다'이다. 선행 4개와 해금 2개를 연구 그래프에 연결한다.,research-topology-and-unlocks,근거 확인,,active-authored,Assets/Resources/SO/Content/GameDomainContentCatalog.asset; Assets/Resources/SO/GameContentCatalog.asset,catalog-registered-static-consumer,Assets/Scripts/Services/Effects/Runtime/CharacterDerivedStatsSnapshot.cs; Assets/Scripts/Services/Infrastructure/BlueprintResearchContracts.cs; Assets/Scripts/Services/Infrastructure/BlueprintResearchProjectCoordinator.cs; Assets/Scripts/Services/Infrastructure/BlueprintResearchRuntime.cs; Assets/Scripts/Services/Infrastructure/BlueprintResearchRuntimeProvider.cs; Assets/Scripts/Services/Infrastructure/BlueprintResearchSaveSection.cs; Assets/Scripts/Services/Infrastructure/ResearchCraftingSummaryService.cs; Assets/Scripts/Services/Infrastructure/ResearchFacilityCapacityAdapter.cs; Assets/Scripts/Services/Infrastructure/ResearchGraphLayoutService.cs; Assets/Scripts/Services/Infrastructure/ResearchProjectCatalogAdapter.cs; Assets/Scripts/Services/Infrastructure/ResearchRewardCatalogAdapter.cs; Assets/Scripts/Services/Run/FirstRunObjectiveRuntime.cs,Assets/Scripts/Services/Infrastructure/BlueprintResearchContracts.cs; Assets/Scripts/Services/Infrastructure/BlueprintResearchRuntime.cs; Assets/Scripts/Services/Infrastructure/BlueprintResearchSaveSection.cs; Assets/Scripts/Services/Infrastructure/ResearchCraftingSummaryService.cs; Assets/Scripts/Services/Run/FirstRunObjectiveRuntime.cs; Assets/Scripts/Services/Run/V20MilestoneWorldSnapshotProjector.cs; Assets/Scripts/Views/UI/ResearchTreeWindow.cs,13,FacilityBlueprintSO; ResearchProjectSO,진행 역할은 '마나와 흑강을 쓰는 대형 비전 사업을 해금한다'이다. 선행 4개와 해금 2개를 연구 그래프에 연결한다.,연구 분야 3의 선행·해금 그래프에서 진행 경계를 만든다.,requiredWork=60,research-field:3,"비교 후보(대체 가능성 미검증): ResearchProjectSO:research:arcane:advanced, ResearchProjectSO:research:arcane:alchemy, ResearchProjectSO:research:arcane:records, ResearchProjectSO:research:climate:regional-climatology, ResearchProjectSO:research:climate:weather-observation, ResearchProjectSO:research:equipment:lineage-binding, ResearchProjectSO:research:equipment:relic-appraisal, ResearchProjectSO:research:genetics:hereditary-records, ResearchProjectSO:research:life:seasonal-calendar, ResearchProjectSO:research:medical:rune-hibernation, ResearchProjectSO:research:medical:temporal-stasis","직접 참조 13건에 영향: FacilityBlueprintSO:facility-blueprint:6193, ResearchProjectSO:research:climate:regional-climatology, ResearchProjectSO:research:genetics:cross-lineage-stabilization, ResearchProjectSO:research:industry:mana-power, ResearchProjectSO:research:medical:aberrant-augmentation",research-topology-and-unlocks; niche=field+prerequisites+unlocks; cost=requiredWork,Assets/Resources/SO/Research/Projects/arcane_resonance.asset,56ffa2cea97e51048b951d004cec9b2b,"{""fileID"":11400000,""guid"":""af5d82288efb85c4fa51a626075e7cb4"",""type"":2}",2,ResearchBlueprintRule,Shortcut,explicit-serialized,마나와 흑강을 쓰는 대형 비전 사업을 해금한다.,비전 공명,[],0,"[{""capability"":0,""requiredCount"":1},{""capability"":1,""requiredCount"":1},{""capability"":5,""requiredCount"":1}]",3,3,ResearchField,Records And Arcane,explicit-serialized,"{""fileID"":0}",7034,0,ResearchPrerequisiteKind,Theory,implicit-csharp-default,arcane_resonance,1,"[{""kind"":0,""prerequisite"":{""fileID"":11400000,""guid"":""e352d43e288d89f45b1bc8be3bf62967"",""type"":2},""prerequisiteId"":""research:arcane:advanced"",""reason"":""비전 연구의 이론이(가) 비전 공명 구현에 직접 필요하다.""},{""kind"":2,""prerequisite"":{""fileID"":11400000,""guid"":""1209b51361314de42b18a3c910690c82"",""type"":2},""prerequisiteId"":""research:authority:ritual"",""reason"":""의식 장식의 공학 원리이(가) 비전 공명 구현에 직접 필요하다.""}]",2,"[{""fileID"":11400000,""guid"":""e352d43e288d89f45b1bc8be3bf62967"",""type"":2},{""fileID"":11400000,""guid"":""1209b51361314de42b18a3c910690c82"",""type"":2}]",2,research:arcane:resonance,60,"{""items"":[{""rid"":7737212199327498447},{""rid"":7737212199327498448}]}"
research-effects,ResearchProjectSO,ResearchProjectSO|research:authority:office,research:authority:office,영주 집무,방어 지휘와 대형 사업을 관리할 집무 공간을 연다.,분야 5; 작업 42; 선행 4; 해금 1; 시설 요구 2; 효과 0,prerequisite:research:authority:prestige; prerequisite:research:authority:prestige; prerequisite:research:authority:prestige; prerequisite:research:defense:watch; prerequisite:research:defense:watch; prerequisite:research:defense:watch; unlocks-building:building:1026,진행 역할은 '방어 지휘와 대형 사업을 관리할 집무 공간을 연다'이다. 선행 4개와 해금 1개를 연구 그래프에 연결한다.,research-topology-and-unlocks,근거 확인,,active-authored,Assets/Resources/SO/Content/GameDomainContentCatalog.asset; Assets/Resources/SO/GameContentCatalog.asset,catalog-registered-static-consumer,Assets/Scripts/Models/Economy/Content/GrandProjectRuntime.cs; Assets/Scripts/Services/Effects/Runtime/CharacterDerivedStatsSnapshot.cs; Assets/Scripts/Services/Infrastructure/BlueprintResearchContracts.cs; Assets/Scripts/Services/Infrastructure/BlueprintResearchProjectCoordinator.cs; Assets/Scripts/Services/Infrastructure/BlueprintResearchRuntime.cs; Assets/Scripts/Services/Infrastructure/BlueprintResearchRuntimeProvider.cs; Assets/Scripts/Services/Infrastructure/BlueprintResearchSaveSection.cs; Assets/Scripts/Services/Infrastructure/ResearchCraftingSummaryService.cs; Assets/Scripts/Services/Infrastructure/ResearchFacilityCapacityAdapter.cs; Assets/Scripts/Services/Infrastructure/ResearchGraphLayoutService.cs; Assets/Scripts/Services/Infrastructure/ResearchProjectCatalogAdapter.cs; Assets/Scripts/Services/Infrastructure/ResearchRewardCatalogAdapter.cs,Assets/Scripts/Services/Infrastructure/BlueprintResearchContracts.cs; Assets/Scripts/Services/Infrastructure/BlueprintResearchRuntime.cs; Assets/Scripts/Services/Infrastructure/BlueprintResearchSaveSection.cs; Assets/Scripts/Services/Infrastructure/ResearchCraftingSummaryService.cs; Assets/Scripts/Services/Run/FirstRunObjectiveRuntime.cs; Assets/Scripts/Services/Run/V20MilestoneWorldSnapshotProjector.cs; Assets/Scripts/Views/UI/ResearchTreeWindow.cs,10,ProductionRecipeSO; ResearchProjectSO,진행 역할은 '방어 지휘와 대형 사업을 관리할 집무 공간을 연다'이다. 선행 4개와 해금 1개를 연구 그래프에 연결한다.,연구 분야 5의 선행·해금 그래프에서 진행 경계를 만든다.,requiredWork=42,research-field:5,"비교 후보(대체 가능성 미검증): ResearchProjectSO:research:authority:prestige, ResearchProjectSO:research:authority:quarters, ResearchProjectSO:research:authority:ritual, ResearchProjectSO:research:hospitality-operations, ResearchProjectSO:research:housing:room-assignment, ResearchProjectSO:research:society:career-records, ResearchProjectSO:research:society:child-education, ResearchProjectSO:research:society:generation-management, ResearchProjectSO:research:society:household-records, ResearchProjectSO:research:society:retirement","직접 참조 10건에 영향: ProductionRecipeSO:recipe:tool:administrative-seal, ResearchProjectSO:research:authority:ritual, ResearchProjectSO:research:society:career-records, ResearchProjectSO:research:society:generation-management",research-topology-and-unlocks; niche=field+prerequisites+unlocks; cost=requiredWork,Assets/Resources/SO/Research/Projects/authority_office.asset,88950de57b4caed4f96bf046b4a6798f,"{""fileID"":0}",0,ResearchBlueprintRule,None,explicit-serialized,방어 지휘와 대형 사업을 관리할 집무 공간을 연다.,영주 집무,[],0,"[{""capability"":0,""requiredCount"":1},{""capability"":1,""requiredCount"":1}]",2,5,ResearchField,Authority And Housing,explicit-serialized,"{""fileID"":0}",7053,0,ResearchPrerequisiteKind,Theory,implicit-csharp-default,authority_office,1,"[{""kind"":2,""prerequisite"":{""fileID"":11400000,""guid"":""113a95410d965e04e9305eeabfd30003"",""type"":2},""prerequisiteId"":""research:authority:prestige"",""reason"":""장식과 위신의 공학 원리이(가) 영주 집무 구현에 직접 필요하다.""},{""kind"":2,""prerequisite"":{""fileID"":11400000,""guid"":""bcbfd433c9ec42c4abf5a91bacd704b7"",""type"":2},""prerequisiteId"":""research:defense:watch"",""reason"":""경계 근무의 공학 원리이(가) 영주 집무 구현에 직접 필요하다.""}]",2,"[{""fileID"":11400000,""guid"":""113a95410d965e04e9305eeabfd30003"",""type"":2},{""fileID"":11400000,""guid"":""bcbfd433c9ec42c4abf5a91bacd704b7"",""type"":2}]",2,research:authority:office,42,"{""items"":[{""rid"":7737212199327498449}]}"
research-effects,ResearchProjectSO,ResearchProjectSO|research:authority:prestige,research:authority:prestige,장식과 위신,장식과 공간 품질을 권위의 언어로 사용한다.,분야 5; 작업 28; 선행 2; 해금 1; 시설 요구 1; 효과 0,prerequisite:research:authority:quarters; prerequisite:research:authority:quarters; prerequisite:research:authority:quarters; unlocks-building:building:8804,진행 역할은 '장식과 공간 품질을 권위의 언어로 사용한다'이다. 선행 2개와 해금 1개를 연구 그래프에 연결한다.,research-topology-and-unlocks,근거 확인,,active-authored,Assets/Resources/SO/Content/GameDomainContentCatalog.asset; Assets/Resources/SO/GameContentCatalog.asset,catalog-registered-static-consumer,Assets/Scripts/Services/Effects/Runtime/CharacterDerivedStatsSnapshot.cs; Assets/Scripts/Services/Infrastructure/BlueprintResearchContracts.cs; Assets/Scripts/Services/Infrastructure/BlueprintResearchProjectCoordinator.cs; Assets/Scripts/Services/Infrastructure/BlueprintResearchRuntime.cs; Assets/Scripts/Services/Infrastructure/BlueprintResearchRuntimeProvider.cs; Assets/Scripts/Services/Infrastructure/BlueprintResearchSaveSection.cs; Assets/Scripts/Services/Infrastructure/ResearchCraftingSummaryService.cs; Assets/Scripts/Services/Infrastructure/ResearchFacilityCapacityAdapter.cs; Assets/Scripts/Services/Infrastructure/ResearchGraphLayoutService.cs; Assets/Scripts/Services/Infrastructure/ResearchProjectCatalogAdapter.cs; Assets/Scripts/Services/Infrastructure/ResearchRewardCatalogAdapter.cs; Assets/Scripts/Services/Run/FirstRunObjectiveRuntime.cs,Assets/Scripts/Services/Infrastructure/BlueprintResearchContracts.cs; Assets/Scripts/Services/Infrastructure/BlueprintResearchRuntime.cs; Assets/Scripts/Services/Infrastructure/BlueprintResearchSaveSection.cs; Assets/Scripts/Services/Infrastructure/ResearchCraftingSummaryService.cs; Assets/Scripts/Services/Run/FirstRunObjectiveRuntime.cs; Assets/Scripts/Services/Run/V20MilestoneWorldSnapshotProjector.cs; Assets/Scripts/Views/UI/ResearchTreeWindow.cs,7,ProductionRecipeSO; ResearchProjectSO,진행 역할은 '장식과 공간 품질을 권위의 언어로 사용한다'이다. 선행 2개와 해금 1개를 연구 그래프에 연결한다.,연구 분야 5의 선행·해금 그래프에서 진행 경계를 만든다.,requiredWork=28,research-field:5,"비교 후보(대체 가능성 미검증): ResearchProjectSO:research:authority:office, ResearchProjectSO:research:authority:quarters, ResearchProjectSO:research:authority:ritual, ResearchProjectSO:research:hospitality-operations, ResearchProjectSO:research:housing:room-assignment, ResearchProjectSO:research:society:career-records, ResearchProjectSO:research:society:child-education, ResearchProjectSO:research:society:generation-management, ResearchProjectSO:research:society:household-records, ResearchProjectSO:research:society:retirement","직접 참조 7건에 영향: ProductionRecipeSO:recipe:bone-charm, ResearchProjectSO:research:authority:office, ResearchProjectSO:research:metallurgy:precious",research-topology-and-unlocks; niche=field+prerequisites+unlocks; cost=requiredWork,Assets/Resources/SO/Research/Projects/authority_prestige.asset,113a95410d965e04e9305eeabfd30003,"{""fileID"":0}",0,ResearchBlueprintRule,None,explicit-serialized,장식과 공간 품질을 권위의 언어로 사용한다.,장식과 위신,[],0,"[{""capability"":0,""requiredCount"":1}]",1,5,ResearchField,Authority And Housing,explicit-serialized,"{""fileID"":0}",7052,0,ResearchPrerequisiteKind,Theory,implicit-csharp-default,authority_prestige,1,"[{""kind"":2,""prerequisite"":{""fileID"":11400000,""guid"":""3b8bc1e2ec3aab249a39884f4356fe0d"",""type"":2},""prerequisiteId"":""research:authority:quarters"",""reason"":""기본 숙소의 공학 원리이(가) 장식과 위신 구현에 직접 필요하다.""}]",1,"[{""fileID"":11400000,""guid"":""3b8bc1e2ec3aab249a39884f4356fe0d"",""type"":2}]",1,research:authority:prestige,28,"{""items"":[{""rid"":7737212199327498450}]}"
research-effects,ResearchProjectSO,ResearchProjectSO|research:authority:quarters,research:authority:quarters,기본 숙소,직원과 영주의 생활 구역을 분리한다.,분야 5; 작업 17; 선행 0; 해금 1; 시설 요구 1; 효과 0,unlocks-building:building:1029,진행 역할은 '직원과 영주의 생활 구역을 분리한다'이다. 선행 0개와 해금 1개를 연구 그래프에 연결한다.,research-topology-and-unlocks,근거 확인,,active-authored,Assets/Resources/SO/Content/GameDomainContentCatalog.asset; Assets/Resources/SO/GameContentCatalog.asset,catalog-registered-static-consumer,Assets/Scripts/Services/Effects/Runtime/CharacterDerivedStatsSnapshot.cs; Assets/Scripts/Services/Infrastructure/BlueprintResearchContracts.cs; Assets/Scripts/Services/Infrastructure/BlueprintResearchProjectCoordinator.cs; Assets/Scripts/Services/Infrastructure/BlueprintResearchRuntime.cs; Assets/Scripts/Services/Infrastructure/BlueprintResearchRuntimeProvider.cs; Assets/Scripts/Services/Infrastructure/BlueprintResearchSaveSection.cs; Assets/Scripts/Services/Infrastructure/ResearchCraftingSummaryService.cs; Assets/Scripts/Services/Infrastructure/ResearchFacilityCapacityAdapter.cs; Assets/Scripts/Services/Infrastructure/ResearchGraphLayoutService.cs; Assets/Scripts/Services/Infrastructure/ResearchProjectCatalogAdapter.cs; Assets/Scripts/Services/Infrastructure/ResearchRewardCatalogAdapter.cs; Assets/Scripts/Services/Run/FirstRunObjectiveRuntime.cs,Assets/Scripts/Services/Infrastructure/BlueprintResearchContracts.cs; Assets/Scripts/Services/Infrastructure/BlueprintResearchRuntime.cs; Assets/Scripts/Services/Infrastructure/BlueprintResearchSaveSection.cs; Assets/Scripts/Services/Infrastructure/ResearchCraftingSummaryService.cs; Assets/Scripts/Services/Run/FirstRunObjectiveRuntime.cs; Assets/Scripts/Services/Run/V20MilestoneWorldSnapshotProjector.cs; Assets/Scripts/Views/UI/ResearchTreeWindow.cs,9,ResearchProjectSO,진행 역할은 '직원과 영주의 생활 구역을 분리한다'이다. 선행 0개와 해금 1개를 연구 그래프에 연결한다.,연구 분야 5의 선행·해금 그래프에서 진행 경계를 만든다.,requiredWork=17,research-field:5,"비교 후보(대체 가능성 미검증): ResearchProjectSO:research:authority:office, ResearchProjectSO:research:authority:prestige, ResearchProjectSO:research:authority:ritual, ResearchProjectSO:research:hospitality-operations, ResearchProjectSO:research:housing:room-assignment, ResearchProjectSO:research:society:career-records, ResearchProjectSO:research:society:child-education, ResearchProjectSO:research:society:generation-management, ResearchProjectSO:research:society:household-records, ResearchProjectSO:research:society:retirement","직접 참조 9건에 영향: ResearchProjectSO:research:authority:prestige, ResearchProjectSO:research:hospitality-operations, ResearchProjectSO:research:society:household-records",research-topology-and-unlocks; niche=field+prerequisites+unlocks; cost=requiredWork,Assets/Resources/SO/Research/Projects/authority_quarters.asset,3b8bc1e2ec3aab249a39884f4356fe0d,"{""fileID"":0}",0,ResearchBlueprintRule,None,explicit-serialized,직원과 영주의 생활 구역을 분리한다.,기본 숙소,[],0,"[{""capability"":0,""requiredCount"":1}]",1,5,ResearchField,Authority And Housing,explicit-serialized,"{""fileID"":0}",7051,0,ResearchPrerequisiteKind,Theory,implicit-csharp-default,authority_quarters,1,[],0,[],0,research:authority:quarters,17,"{""items"":[{""rid"":7737212199327498451}]}"
research-effects,ResearchProjectSO,ResearchProjectSO|research:authority:ritual,research:authority:ritual,의식 장식,권위의 장식을 비전 의식의 매개로 가공한다.,분야 5; 작업 60; 선행 2; 해금 1; 시설 요구 2; 효과 0,prerequisite:research:authority:office; prerequisite:research:authority:office; prerequisite:research:authority:office; unlocks-building:building:8805,진행 역할은 '권위의 장식을 비전 의식의 매개로 가공한다'이다. 선행 2개와 해금 1개를 연구 그래프에 연결한다.,research-topology-and-unlocks,근거 확인,,active-authored,Assets/Resources/SO/Content/GameDomainContentCatalog.asset; Assets/Resources/SO/GameContentCatalog.asset,catalog-registered-static-consumer,Assets/Scripts/Services/Effects/Runtime/CharacterDerivedStatsSnapshot.cs; Assets/Scripts/Services/Infrastructure/BlueprintResearchContracts.cs; Assets/Scripts/Services/Infrastructure/BlueprintResearchProjectCoordinator.cs; Assets/Scripts/Services/Infrastructure/BlueprintResearchRuntime.cs; Assets/Scripts/Services/Infrastructure/BlueprintResearchRuntimeProvider.cs; Assets/Scripts/Services/Infrastructure/BlueprintResearchSaveSection.cs; Assets/Scripts/Services/Infrastructure/ResearchCraftingSummaryService.cs; Assets/Scripts/Services/Infrastructure/ResearchFacilityCapacityAdapter.cs; Assets/Scripts/Services/Infrastructure/ResearchGraphLayoutService.cs; Assets/Scripts/Services/Infrastructure/ResearchProjectCatalogAdapter.cs; Assets/Scripts/Services/Infrastructure/ResearchRewardCatalogAdapter.cs; Assets/Scripts/Services/Run/FirstRunObjectiveRuntime.cs,Assets/Scripts/Services/Infrastructure/BlueprintResearchContracts.cs; Assets/Scripts/Services/Infrastructure/BlueprintResearchRuntime.cs; Assets/Scripts/Services/Infrastructure/BlueprintResearchSaveSection.cs; Assets/Scripts/Services/Infrastructure/ResearchCraftingSummaryService.cs; Assets/Scripts/Services/Run/FirstRunObjectiveRuntime.cs; Assets/Scripts/Services/Run/V20MilestoneWorldSnapshotProjector.cs; Assets/Scripts/Views/UI/ResearchTreeWindow.cs,8,ProductionRecipeSO; ResearchProjectSO,진행 역할은 '권위의 장식을 비전 의식의 매개로 가공한다'이다. 선행 2개와 해금 1개를 연구 그래프에 연결한다.,연구 분야 5의 선행·해금 그래프에서 진행 경계를 만든다.,requiredWork=60,research-field:5,"비교 후보(대체 가능성 미검증): ResearchProjectSO:research:authority:office, ResearchProjectSO:research:authority:prestige, ResearchProjectSO:research:authority:quarters, ResearchProjectSO:research:hospitality-operations, ResearchProjectSO:research:housing:room-assignment, ResearchProjectSO:research:society:career-records, ResearchProjectSO:research:society:child-education, ResearchProjectSO:research:society:generation-management, ResearchProjectSO:research:society:household-records, ResearchProjectSO:research:society:retirement","직접 참조 8건에 영향: ProductionRecipeSO:recipe:candle, ProductionRecipeSO:recipe:craft:dreamweave-ritual-banner, ResearchProjectSO:research:arcane:resonance, ResearchProjectSO:research:society:corpse-care",research-topology-and-unlocks; niche=field+prerequisites+unlocks; cost=requiredWork,Assets/Resources/SO/Research/Projects/authority_ritual.asset,1209b51361314de42b18a3c910690c82,"{""fileID"":0}",0,ResearchBlueprintRule,None,explicit-serialized,권위의 장식을 비전 의식의 매개로 가공한다.,의식 장식,[],0,"[{""capability"":0,""requiredCount"":1},{""capability"":1,""requiredCount"":1}]",2,5,ResearchField,Authority And Housing,explicit-serialized,"{""fileID"":0}",7054,0,ResearchPrerequisiteKind,Theory,implicit-csharp-default,authority_ritual,1,"[{""kind"":2,""prerequisite"":{""fileID"":11400000,""guid"":""88950de57b4caed4f96bf046b4a6798f"",""type"":2},""prerequisiteId"":""research:authority:office"",""reason"":""영주 집무의 공학 원리이(가) 의식 장식 구현에 직접 필요하다.""}]",1,"[{""fileID"":11400000,""guid"":""88950de57b4caed4f96bf046b4a6798f"",""type"":2}]",1,research:authority:ritual,60,"{""items"":[{""rid"":7737212199327498452}]}"
research-effects,ResearchProjectSO,ResearchProjectSO|research:bath-business,research:bath-business,목욕 영업,목욕 접수와 급배수·위생 관리 절차를 갖춘다.,분야 16; 작업 42; 선행 4; 해금 2; 시설 요구 2; 효과 0,prerequisite:research:service-flow; prerequisite:research:service-flow; prerequisite:research:service-flow; prerequisite:research:survival:sanitation; prerequisite:research:survival:sanitation; prerequisite:research:survival:sanitation; unlocks-building:building:1701; unlocks-building:building:1710,진행 역할은 '목욕 접수와 급배수·위생 관리 절차를 갖춘다'이다. 선행 4개와 해금 2개를 연구 그래프에 연결한다.,research-topology-and-unlocks,근거 확인,,active-authored,Assets/Resources/SO/Content/GameDomainContentCatalog.asset; Assets/Resources/SO/GameContentCatalog.asset,catalog-registered-static-consumer,Assets/Scripts/Models/CoreSession/ServiceSessionContracts.cs; Assets/Scripts/Services/Effects/Runtime/CharacterDerivedStatsSnapshot.cs; Assets/Scripts/Services/Infrastructure/BlueprintResearchContracts.cs; Assets/Scripts/Services/Infrastructure/BlueprintResearchProjectCoordinator.cs; Assets/Scripts/Services/Infrastructure/BlueprintResearchRuntime.cs; Assets/Scripts/Services/Infrastructure/BlueprintResearchRuntimeProvider.cs; Assets/Scripts/Services/Infrastructure/BlueprintResearchSaveSection.cs; Assets/Scripts/Services/Infrastructure/ResearchCraftingSummaryService.cs; Assets/Scripts/Services/Infrastructure/ResearchFacilityCapacityAdapter.cs; Assets/Scripts/Services/Infrastructure/ResearchGraphLayoutService.cs; Assets/Scripts/Services/Infrastructure/ResearchProjectCatalogAdapter.cs; Assets/Scripts/Services/Infrastructure/ResearchRewardCatalogAdapter.cs,Assets/Scripts/Services/Infrastructure/BlueprintResearchContracts.cs; Assets/Scripts/Services/Infrastructure/BlueprintResearchRuntime.cs; Assets/Scripts/Services/Infrastructure/BlueprintResearchSaveSection.cs; Assets/Scripts/Services/Infrastructure/ResearchCraftingSummaryService.cs; Assets/Scripts/Services/Run/FirstRunObjectiveRuntime.cs; Assets/Scripts/Services/Run/V20MilestoneWorldSnapshotProjector.cs; Assets/Scripts/Views/UI/ResearchTreeWindow.cs,3,ResearchProjectSO,진행 역할은 '목욕 접수와 급배수·위생 관리 절차를 갖춘다'이다. 선행 4개와 해금 2개를 연구 그래프에 연결한다.,연구 분야 16의 선행·해금 그래프에서 진행 경계를 만든다.,requiredWork=42,research-field:16,"비교 후보(대체 가능성 미검증): ResearchProjectSO:research:plumbing:basics, ResearchProjectSO:research:plumbing:reuse, ResearchProjectSO:research:plumbing:rune-purification, ResearchProjectSO:research:plumbing:sewer",직접 참조 3건에 영향: ResearchProjectSO:research:service-automation,research-topology-and-unlocks; niche=field+prerequisites+unlocks; cost=requiredWork,Assets/Resources/SO/Research/Projects/bath_business.asset,464827d49a6d4654f8c5bf76b8816dc9,"{""fileID"":0}",0,ResearchBlueprintRule,None,explicit-serialized,목욕 접수와 급배수·위생 관리 절차를 갖춘다.,목욕 영업,[],0,"[{""capability"":0,""requiredCount"":1},{""capability"":3,""requiredCount"":1}]",2,16,ResearchField,Water And Sanitation,explicit-serialized,"{""fileID"":0}",7017,0,ResearchPrerequisiteKind,Theory,implicit-csharp-default,bath_business,1,"[{""kind"":4,""prerequisite"":{""fileID"":11400000,""guid"":""95417a94ca080a740b183c0ab32898cc"",""type"":2},""prerequisiteId"":""research:service-flow"",""reason"":""서비스 동선의 운용 절차이(가) 목욕 영업 구현에 직접 필요하다.""},{""kind"":2,""prerequisite"":{""fileID"":11400000,""guid"":""d75bc5c0a1a2a2e4aa3f082b164eadfa"",""type"":2},""prerequisiteId"":""research:survival:sanitation"",""reason"":""기초 위생의 공학 원리이(가) 목욕 영업 구현에 직접 필요하다.""}]",2,"[{""fileID"":11400000,""guid"":""95417a94ca080a740b183c0ab32898cc"",""type"":2},{""fileID"":11400000,""guid"":""d75bc5c0a1a2a2e4aa3f082b164eadfa"",""type"":2}]",2,research:bath-business,42,"{""items"":[{""rid"":7737212199327498453},{""rid"":7737212199327498454}]}"
research-effects,ResearchProjectSO,ResearchProjectSO|research:climate:environment-control,research:climate:environment-control,기후 제어,관측·온실·냉각·단열 기술을 능동 환경 제어로 결합한다.,분야 15; 작업 437; 선행 6; 해금 1; 시설 요구 3; 효과 0,prerequisite:research:agriculture:greenhouse-horticulture; prerequisite:research:agriculture:greenhouse-horticulture; prerequisite:research:agriculture:greenhouse-horticulture; prerequisite:research:environment:rune-insulation; prerequisite:research:environment:rune-insulation; prerequisite:research:environment:rune-insulation; prerequisite:research:industry:electric-smelting; prerequisite:research:industry:electric-smelting; prerequisite:research:industry:electric-smelting; unlocks-building:building:8856,진행 역할은 '관측·온실·냉각·단열 기술을 능동 환경 제어로 결합한다'이다. 선행 6개와 해금 1개를 연구 그래프에 연결한다.,research-topology-and-unlocks,근거 확인,,active-authored,Assets/Resources/SO/Content/GameDomainContentCatalog.asset; Assets/Resources/SO/GameContentCatalog.asset,catalog-registered-static-consumer,Assets/Scripts/Services/Effects/Runtime/CharacterDerivedStatsSnapshot.cs; Assets/Scripts/Services/Infrastructure/BlueprintResearchContracts.cs; Assets/Scripts/Services/Infrastructure/BlueprintResearchProjectCoordinator.cs; Assets/Scripts/Services/Infrastructure/BlueprintResearchRuntime.cs; Assets/Scripts/Services/Infrastructure/BlueprintResearchRuntimeProvider.cs; Assets/Scripts/Services/Infrastructure/BlueprintResearchSaveSection.cs; Assets/Scripts/Services/Infrastructure/ResearchCraftingSummaryService.cs; Assets/Scripts/Services/Infrastructure/ResearchFacilityCapacityAdapter.cs; Assets/Scripts/Services/Infrastructure/ResearchGraphLayoutService.cs; Assets/Scripts/Services/Infrastructure/ResearchProjectCatalogAdapter.cs; Assets/Scripts/Services/Infrastructure/ResearchRewardCatalogAdapter.cs; Assets/Scripts/Services/Run/FirstRunObjectiveRuntime.cs,Assets/Scripts/Services/Infrastructure/BlueprintResearchContracts.cs; Assets/Scripts/Services/Infrastructure/BlueprintResearchRuntime.cs; Assets/Scripts/Services/Infrastructure/BlueprintResearchSaveSection.cs; Assets/Scripts/Services/Infrastructure/ResearchCraftingSummaryService.cs; Assets/Scripts/Services/Run/FirstRunObjectiveRuntime.cs; Assets/Scripts/Services/Run/V20MilestoneWorldSnapshotProjector.cs; Assets/Scripts/Views/UI/ResearchTreeWindow.cs,4,ProductionRecipeSO; ResearchProjectSO,진행 역할은 '관측·온실·냉각·단열 기술을 능동 환경 제어로 결합한다'이다. 선행 6개와 해금 1개를 연구 그래프에 연결한다.,연구 분야 15의 선행·해금 그래프에서 진행 경계를 만든다.,requiredWork=437,research-field:15,"비교 후보(대체 가능성 미검증): ResearchProjectSO:research:equipment:black-powder, ResearchProjectSO:research:equipment:ignition-mechanisms, ResearchProjectSO:research:equipment:industrial-metrology, ResearchProjectSO:research:equipment:material-testing, ResearchProjectSO:research:equipment:modular-frames, ResearchProjectSO:research:equipment:powered-armor, ResearchProjectSO:research:equipment:precision-fitting, ResearchProjectSO:research:equipment:pressure-barrels, ResearchProjectSO:research:equipment:prototype-engineering, ResearchProjectSO:research:equipment:rune-module-tuning, ResearchProjectSO:research:equipment:standard-ammunition, ResearchProjectSO:research:industry:assisted-processing 외 18개","직접 참조 4건에 영향: ProductionRecipeSO:recipe:component:climate-control-manifold, ResearchProjectSO:research:climate:regional-climatology",research-topology-and-unlocks; niche=field+prerequisites+unlocks; cost=requiredWork,Assets/Resources/SO/Research/Projects/climate_environment_control.asset,b4feb82c78234814685145fa0697d910,"{""fileID"":0}",0,ResearchBlueprintRule,None,explicit-serialized,관측·온실·냉각·단열 기술을 능동 환경 제어로 결합한다.,기후 제어,[],0,"[{""capability"":0,""requiredCount"":2},{""capability"":3,""requiredCount"":1},{""capability"":6,""requiredCount"":1}]",3,15,ResearchField,Industry And Automation,explicit-serialized,"{""fileID"":0}",7255,0,ResearchPrerequisiteKind,Theory,implicit-csharp-default,climate_environment_control,1,"[{""kind"":2,""prerequisite"":{""fileID"":11400000,""guid"":""2cbd7e28f6dc917429250d02899e2113"",""type"":2},""prerequisiteId"":""research:agriculture:greenhouse-horticulture"",""reason"":""온실 원예의 공학 원리이(가) 기후 제어 구현에 직접 필요하다.""},{""kind"":2,""prerequisite"":{""fileID"":11400000,""guid"":""74bca340e2753f1489135a84adf7a24d"",""type"":2},""prerequisiteId"":""research:environment:rune-insulation"",""reason"":""룬 단열학의 공학 원리이(가) 기후 제어 구현에 직접 필요하다.""},{""kind"":2,""prerequisite"":{""fileID"":11400000,""guid"":""f7c5117f9e4c6ec438b9e5463bda8dea"",""type"":2},""prerequisiteId"":""research:industry:electric-smelting"",""reason"":""전기 제련과 산업 냉각의 공학 원리이(가) 기후 제어 구현에 직접 필요하다.""}]",3,"[{""fileID"":11400000,""guid"":""2cbd7e28f6dc917429250d02899e2113"",""type"":2},{""fileID"":11400000,""guid"":""74bca340e2753f1489135a84adf7a24d"",""type"":2},{""fileID"":11400000,""guid"":""f7c5117f9e4c6ec438b9e5463bda8dea"",""type"":2}]",3,research:climate:environment-control,437,"{""items"":[{""rid"":7737212199327498455}]}"
research-effects,ResearchProjectSO,ResearchProjectSO|research:climate:regional-climatology,research:climate:regional-climatology,지역 기후학과 시각 항법,"지역 기후학과 시각 항법에 필요한 이론, 제작 절차, 안전 기준과 운용 보상을 하나의 완결된 연구 패키지로 통합한다.",분야 3; 작업 3819; 선행 6; 해금 2; 시설 요구 4; 효과 0,prerequisite:research:arcane:resonance; prerequisite:research:arcane:resonance; prerequisite:research:arcane:resonance; prerequisite:research:climate:environment-control; prerequisite:research:climate:environment-control; prerequisite:research:climate:environment-control; prerequisite:research:equipment:industrial-metrology; prerequisite:research:equipment:industrial-metrology; prerequisite:research:equipment:industrial-metrology; unlocks-building:building:8888; unlocks-building:building:8889,"진행 역할은 '지역 기후학과 시각 항법에 필요한 이론, 제작 절차, 안전 기준과 운용 보상을 하나의 완결된 연구 패키지로 통합한다'이다. 선행 6개와 해금 2개를 연구 그래프에 연결한다.",research-topology-and-unlocks,근거 확인,,active-authored,Assets/Resources/SO/Content/GameDomainContentCatalog.asset; Assets/Resources/SO/GameContentCatalog.asset,catalog-registered-static-consumer,Assets/Scripts/Services/Effects/Runtime/CharacterDerivedStatsSnapshot.cs; Assets/Scripts/Services/Infrastructure/BlueprintResearchContracts.cs; Assets/Scripts/Services/Infrastructure/BlueprintResearchProjectCoordinator.cs; Assets/Scripts/Services/Infrastructure/BlueprintResearchRuntime.cs; Assets/Scripts/Services/Infrastructure/BlueprintResearchRuntimeProvider.cs; Assets/Scripts/Services/Infrastructure/BlueprintResearchSaveSection.cs; Assets/Scripts/Services/Infrastructure/ResearchCraftingSummaryService.cs; Assets/Scripts/Services/Infrastructure/ResearchFacilityCapacityAdapter.cs; Assets/Scripts/Services/Infrastructure/ResearchGraphLayoutService.cs; Assets/Scripts/Services/Infrastructure/ResearchProjectCatalogAdapter.cs; Assets/Scripts/Services/Infrastructure/ResearchRewardCatalogAdapter.cs; Assets/Scripts/Services/Run/FirstRunObjectiveRuntime.cs,Assets/Scripts/Services/Infrastructure/BlueprintResearchContracts.cs; Assets/Scripts/Services/Infrastructure/BlueprintResearchRuntime.cs; Assets/Scripts/Services/Infrastructure/BlueprintResearchSaveSection.cs; Assets/Scripts/Services/Infrastructure/ResearchCraftingSummaryService.cs; Assets/Scripts/Services/Run/FirstRunObjectiveRuntime.cs; Assets/Scripts/Services/Run/V20MilestoneWorldSnapshotProjector.cs; Assets/Scripts/Views/UI/ResearchTreeWindow.cs,3,ResearchProjectSO,"진행 역할은 '지역 기후학과 시각 항법에 필요한 이론, 제작 절차, 안전 기준과 운용 보상을 하나의 완결된 연구 패키지로 통합한다'이다. 선행 6개와 해금 2개를 연구 그래프에 연결한다.",연구 분야 3의 선행·해금 그래프에서 진행 경계를 만든다.,requiredWork=3819,research-field:3,"비교 후보(대체 가능성 미검증): ResearchProjectSO:research:arcane:advanced, ResearchProjectSO:research:arcane:alchemy, ResearchProjectSO:research:arcane:records, ResearchProjectSO:research:arcane:resonance, ResearchProjectSO:research:climate:weather-observation, ResearchProjectSO:research:equipment:lineage-binding, ResearchProjectSO:research:equipment:relic-appraisal, ResearchProjectSO:research:genetics:hereditary-records, ResearchProjectSO:research:life:seasonal-calendar, ResearchProjectSO:research:medical:rune-hibernation, ResearchProjectSO:research:medical:temporal-stasis",직접 참조 3건에 영향: ResearchProjectSO:research:medical:temporal-stasis,research-topology-and-unlocks; niche=field+prerequisites+unlocks; cost=requiredWork,Assets/Resources/SO/Research/Projects/climate_regional_climatology.asset,5e6daba52a76ac0409910907f9648f9c,"{""fileID"":0}",0,ResearchBlueprintRule,None,explicit-serialized,"지역 기후학과 시각 항법에 필요한 이론, 제작 절차, 안전 기준과 운용 보상을 하나의 완결된 연구 패키지로 통합한다.",지역 기후학과 시각 항법,[],0,"[{""capability"":0,""requiredCount"":1},{""capability"":1,""requiredCount"":1},{""capability"":5,""requiredCount"":1},{""capability"":6,""requiredCount"":1}]",4,3,ResearchField,Records And Arcane,explicit-serialized,"{""fileID"":0}",7287,0,ResearchPrerequisiteKind,Theory,implicit-csharp-default,climate_regional_climatology,1,"[{""kind"":0,""prerequisite"":{""fileID"":11400000,""guid"":""56ffa2cea97e51048b951d004cec9b2b"",""type"":2},""prerequisiteId"":""research:arcane:resonance"",""reason"":""비전 공명의 이론이(가) 지역 기후학과 시각 항법 구현에 직접 필요하다.""},{""kind"":2,""prerequisite"":{""fileID"":11400000,""guid"":""b4feb82c78234814685145fa0697d910"",""type"":2},""prerequisiteId"":""research:climate:environment-control"",""reason"":""기후 제어의 공학 원리이(가) 지역 기후학과 시각 항법 구현에 직접 필요하다.""},{""kind"":2,""prerequisite"":{""fileID"":11400000,""guid"":""8f9b91c05c6a8d74f9593ffbc55c667d"",""type"":2},""prerequisiteId"":""research:equipment:industrial-metrology"",""reason"":""산업 계측학의 공학 원리이(가) 지역 기후학과 시각 항법 구현에 직접 필요하다.""}]",3,"[{""fileID"":11400000,""guid"":""56ffa2cea97e51048b951d004cec9b2b"",""type"":2},{""fileID"":11400000,""guid"":""b4feb82c78234814685145fa0697d910"",""type"":2},{""fileID"":11400000,""guid"":""8f9b91c05c6a8d74f9593ffbc55c667d"",""type"":2}]",3,research:climate:regional-climatology,3819,"{""items"":[{""rid"":7737212199327498456},{""rid"":7737212199327498457}]}"
research-effects,ResearchProjectSO,ResearchProjectSO|research:climate:weather-observation,research:climate:weather-observation,기상 관측,경계 근무 관측법으로 기온과 기상 전선을 측정한다.,분야 3; 작업 153; 선행 4; 해금 1; 시설 요구 4; 효과 0,prerequisite:research:defense:watch; prerequisite:research:defense:watch; prerequisite:research:defense:watch; prerequisite:research:life:seasonal-calendar; prerequisite:research:life:seasonal-calendar; prerequisite:research:life:seasonal-calendar; unlocks-building:building:8851,진행 역할은 '경계 근무 관측법으로 기온과 기상 전선을 측정한다'이다. 선행 4개와 해금 1개를 연구 그래프에 연결한다.,research-topology-and-unlocks,근거 확인,,active-authored,Assets/Resources/SO/Content/GameDomainContentCatalog.asset; Assets/Resources/SO/GameContentCatalog.asset,catalog-registered-static-consumer,Assets/Scripts/Services/Effects/Runtime/CharacterDerivedStatsSnapshot.cs; Assets/Scripts/Services/Infrastructure/BlueprintResearchContracts.cs; Assets/Scripts/Services/Infrastructure/BlueprintResearchProjectCoordinator.cs; Assets/Scripts/Services/Infrastructure/BlueprintResearchRuntime.cs; Assets/Scripts/Services/Infrastructure/BlueprintResearchRuntimeProvider.cs; Assets/Scripts/Services/Infrastructure/BlueprintResearchSaveSection.cs; Assets/Scripts/Services/Infrastructure/ResearchCraftingSummaryService.cs; Assets/Scripts/Services/Infrastructure/ResearchFacilityCapacityAdapter.cs; Assets/Scripts/Services/Infrastructure/ResearchGraphLayoutService.cs; Assets/Scripts/Services/Infrastructure/ResearchProjectCatalogAdapter.cs; Assets/Scripts/Services/Infrastructure/ResearchRewardCatalogAdapter.cs; Assets/Scripts/Services/Run/FirstRunObjectiveRuntime.cs,Assets/Scripts/Services/Infrastructure/BlueprintResearchContracts.cs; Assets/Scripts/Services/Infrastructure/BlueprintResearchRuntime.cs; Assets/Scripts/Services/Infrastructure/BlueprintResearchSaveSection.cs; Assets/Scripts/Services/Infrastructure/ResearchCraftingSummaryService.cs; Assets/Scripts/Services/Run/FirstRunObjectiveRuntime.cs; Assets/Scripts/Services/Run/V20MilestoneWorldSnapshotProjector.cs; Assets/Scripts/Views/UI/ResearchTreeWindow.cs,4,ProductionRecipeSO; ResearchProjectSO,진행 역할은 '경계 근무 관측법으로 기온과 기상 전선을 측정한다'이다. 선행 4개와 해금 1개를 연구 그래프에 연결한다.,연구 분야 3의 선행·해금 그래프에서 진행 경계를 만든다.,requiredWork=153,research-field:3,"비교 후보(대체 가능성 미검증): ResearchProjectSO:research:arcane:advanced, ResearchProjectSO:research:arcane:alchemy, ResearchProjectSO:research:arcane:records, ResearchProjectSO:research:arcane:resonance, ResearchProjectSO:research:climate:regional-climatology, ResearchProjectSO:research:equipment:lineage-binding, ResearchProjectSO:research:equipment:relic-appraisal, ResearchProjectSO:research:genetics:hereditary-records, ResearchProjectSO:research:life:seasonal-calendar, ResearchProjectSO:research:medical:rune-hibernation, ResearchProjectSO:research:medical:temporal-stasis","직접 참조 4건에 영향: ProductionRecipeSO:recipe:tool:weather-observation-kit, ResearchProjectSO:research:agriculture:greenhouse-horticulture",research-topology-and-unlocks; niche=field+prerequisites+unlocks; cost=requiredWork,Assets/Resources/SO/Research/Projects/climate_weather_observation.asset,bd88feccae77f7b4598f58dbc9a68db1,"{""fileID"":0}",0,ResearchBlueprintRule,None,explicit-serialized,경계 근무 관측법으로 기온과 기상 전선을 측정한다.,기상 관측,[],0,"[{""capability"":0,""requiredCount"":1},{""capability"":1,""requiredCount"":1},{""capability"":5,""requiredCount"":1},{""capability"":6,""requiredCount"":1}]",4,3,ResearchField,Records And Arcane,explicit-serialized,"{""fileID"":0}",7250,0,ResearchPrerequisiteKind,Theory,implicit-csharp-default,climate_weather_observation,1,"[{""kind"":2,""prerequisite"":{""fileID"":11400000,""guid"":""bcbfd433c9ec42c4abf5a91bacd704b7"",""type"":2},""prerequisiteId"":""research:defense:watch"",""reason"":""경계 근무의 공학 원리이(가) 기상 관측 구현에 직접 필요하다.""},{""kind"":2,""prerequisite"":{""fileID"":11400000,""guid"":""4db6f6908a9bba947908a1269f3845ef"",""type"":2},""prerequisiteId"":""research:life:seasonal-calendar"",""reason"":""계절 역법의 공학 원리이(가) 기상 관측 구현에 직접 필요하다.""}]",2,"[{""fileID"":11400000,""guid"":""bcbfd433c9ec42c4abf5a91bacd704b7"",""type"":2},{""fileID"":11400000,""guid"":""4db6f6908a9bba947908a1269f3845ef"",""type"":2}]",2,research:climate:weather-observation,153,"{""items"":[{""rid"":7737212199327498458}]}"
research-effects,ResearchProjectSO,ResearchProjectSO|research:commerce:expansion,research:commerce:expansion,상업 확장,전문 상점과 고급 제작 설비를 개방한다.,분야 1; 작업 42; 선행 2; 해금 5; 시설 요구 2; 효과 0,prerequisite:research:commerce:retail; prerequisite:research:commerce:retail; prerequisite:research:commerce:retail; references:facility-blueprint:6101; unlocks-building:building:1005; unlocks-building:building:1007; unlocks-building:building:1010; unlocks-building:building:1011; unlocks-building:building:1019,진행 역할은 '전문 상점과 고급 제작 설비를 개방한다'이다. 선행 2개와 해금 5개를 연구 그래프에 연결한다.,research-topology-and-unlocks,근거 확인,,active-authored,Assets/Resources/SO/Content/GameDomainContentCatalog.asset; Assets/Resources/SO/GameContentCatalog.asset,catalog-registered-static-consumer,Assets/Scripts/Services/Effects/Runtime/CharacterDerivedStatsSnapshot.cs; Assets/Scripts/Services/Infrastructure/BlueprintResearchContracts.cs; Assets/Scripts/Services/Infrastructure/BlueprintResearchProjectCoordinator.cs; Assets/Scripts/Services/Infrastructure/BlueprintResearchRuntime.cs; Assets/Scripts/Services/Infrastructure/BlueprintResearchRuntimeProvider.cs; Assets/Scripts/Services/Infrastructure/BlueprintResearchSaveSection.cs; Assets/Scripts/Services/Infrastructure/ResearchCraftingSummaryService.cs; Assets/Scripts/Services/Infrastructure/ResearchFacilityCapacityAdapter.cs; Assets/Scripts/Services/Infrastructure/ResearchGraphLayoutService.cs; Assets/Scripts/Services/Infrastructure/ResearchProjectCatalogAdapter.cs; Assets/Scripts/Services/Infrastructure/ResearchRewardCatalogAdapter.cs; Assets/Scripts/Services/Run/FirstRunObjectiveRuntime.cs,Assets/Scripts/Services/Infrastructure/BlueprintResearchContracts.cs; Assets/Scripts/Services/Infrastructure/BlueprintResearchRuntime.cs; Assets/Scripts/Services/Infrastructure/BlueprintResearchSaveSection.cs; Assets/Scripts/Services/Infrastructure/ResearchCraftingSummaryService.cs; Assets/Scripts/Services/Run/FirstRunObjectiveRuntime.cs; Assets/Scripts/Services/Run/V20MilestoneWorldSnapshotProjector.cs; Assets/Scripts/Views/UI/ResearchTreeWindow.cs,4,FacilityBlueprintSO; ResearchProjectSO,진행 역할은 '전문 상점과 고급 제작 설비를 개방한다'이다. 선행 2개와 해금 5개를 연구 그래프에 연결한다.,연구 분야 1의 선행·해금 그래프에서 진행 경계를 만든다.,requiredWork=42,research-field:1,"비교 후보(대체 가능성 미검증): ResearchProjectSO:research:commerce:logistics, ResearchProjectSO:research:commerce:retail, ResearchProjectSO:research:commerce:secure-trade, ResearchProjectSO:research:equipment:bowyery, ResearchProjectSO:research:equipment:weapon-patterns, ResearchProjectSO:research:service:dining-operations, ResearchProjectSO:research:service-flow","직접 참조 4건에 영향: FacilityBlueprintSO:facility-blueprint:6101, ResearchProjectSO:research:commerce:secure-trade",research-topology-and-unlocks; niche=field+prerequisites+unlocks; cost=requiredWork,Assets/Resources/SO/Research/Projects/commerce_expansion.asset,7d76e461a12e7314eacf08d9040a5340,"{""fileID"":11400000,""guid"":""75a99e92193be87e2a49bdbb00980764"",""type"":2}",1,ResearchBlueprintRule,Required,explicit-serialized,전문 상점과 고급 제작 설비를 개방한다.,상업 확장,[],0,"[{""capability"":0,""requiredCount"":1},{""capability"":3,""requiredCount"":1}]",2,1,ResearchField,Commerce And Craft,explicit-serialized,"{""fileID"":0}",7013,0,ResearchPrerequisiteKind,Theory,implicit-csharp-default,commerce_expansion,1,"[{""kind"":2,""prerequisite"":{""fileID"":11400000,""guid"":""37bea86414c60b04d9c5bcd13cfcef4b"",""type"":2},""prerequisiteId"":""research:commerce:retail"",""reason"":""상업 진열의 공학 원리이(가) 상업 확장 구현에 직접 필요하다.""}]",1,"[{""fileID"":11400000,""guid"":""37bea86414c60b04d9c5bcd13cfcef4b"",""type"":2}]",1,research:commerce:expansion,42,"{""items"":[{""rid"":7737212199327498459},{""rid"":7737212199327498460},{""rid"":7737212199327498461},{""rid"":7737212199327498462},{""rid"":7737212199327498463}]}"
research-effects,ResearchProjectSO,ResearchProjectSO|research:commerce:logistics,research:commerce:logistics,창고 구획,물자를 분류하고 운반 동선을 표준화한다.,분야 1; 작업 17; 선행 0; 해금 2; 시설 요구 1; 효과 0,unlocks-building:building:8806; unlocks-recipe:recipe:v22:apparel:hauling-harness,진행 역할은 '물자를 분류하고 운반 동선을 표준화한다'이다. 선행 0개와 해금 2개를 연구 그래프에 연결한다.,research-topology-and-unlocks,근거 확인,,active-authored,Assets/Resources/SO/Content/GameDomainContentCatalog.asset; Assets/Resources/SO/GameContentCatalog.asset,catalog-registered-static-consumer,Assets/Scripts/Services/Effects/Runtime/CharacterDerivedStatsSnapshot.cs; Assets/Scripts/Services/Infrastructure/BlueprintResearchContracts.cs; Assets/Scripts/Services/Infrastructure/BlueprintResearchProjectCoordinator.cs; Assets/Scripts/Services/Infrastructure/BlueprintResearchRuntime.cs; Assets/Scripts/Services/Infrastructure/BlueprintResearchRuntimeProvider.cs; Assets/Scripts/Services/Infrastructure/BlueprintResearchSaveSection.cs; Assets/Scripts/Services/Infrastructure/ResearchCraftingSummaryService.cs; Assets/Scripts/Services/Infrastructure/ResearchFacilityCapacityAdapter.cs; Assets/Scripts/Services/Infrastructure/ResearchGraphLayoutService.cs; Assets/Scripts/Services/Infrastructure/ResearchProjectCatalogAdapter.cs; Assets/Scripts/Services/Infrastructure/ResearchRewardCatalogAdapter.cs; Assets/Scripts/Services/Run/FirstRunObjectiveRuntime.cs,Assets/Scripts/Services/Infrastructure/BlueprintResearchContracts.cs; Assets/Scripts/Services/Infrastructure/BlueprintResearchRuntime.cs; Assets/Scripts/Services/Infrastructure/BlueprintResearchSaveSection.cs; Assets/Scripts/Services/Infrastructure/ResearchCraftingSummaryService.cs; Assets/Scripts/Services/Run/FirstRunObjectiveRuntime.cs; Assets/Scripts/Services/Run/V20MilestoneWorldSnapshotProjector.cs; Assets/Scripts/Views/UI/ResearchTreeWindow.cs,28,ApparelDefinitionSO; EnvironmentalWorkwearSO; ProductionRecipeSO; ResearchProjectSO,진행 역할은 '물자를 분류하고 운반 동선을 표준화한다'이다. 선행 0개와 해금 2개를 연구 그래프에 연결한다.,연구 분야 1의 선행·해금 그래프에서 진행 경계를 만든다.,requiredWork=17,research-field:1,"비교 후보(대체 가능성 미검증): ResearchProjectSO:research:commerce:expansion, ResearchProjectSO:research:commerce:retail, ResearchProjectSO:research:commerce:secure-trade, ResearchProjectSO:research:equipment:bowyery, ResearchProjectSO:research:equipment:weapon-patterns, ResearchProjectSO:research:service:dining-operations, ResearchProjectSO:research:service-flow","직접 참조 28건에 영향: ApparelDefinitionSO:apparel:23023, EnvironmentalWorkwearSO:workwear:hauling-harness, ProductionRecipeSO:recipe:tool:hauling-harness, ProductionRecipeSO:recipe:v22:apparel:hauling-harness, ResearchProjectSO:research:commerce:retail, ResearchProjectSO:research:defense:supply, ResearchProjectSO:research:equipment:relic-appraisal, ResearchProjectSO:research:housing:room-assignment, ResearchProjectSO:research:industry:conveyor, ResearchProjectSO:research:industry:powered-tools 외",research-topology-and-unlocks; niche=field+prerequisites+unlocks; cost=requiredWork,Assets/Resources/SO/Research/Projects/commerce_logistics.asset,b3b38e91925a91943b4303ee3edc9533,"{""fileID"":0}",0,ResearchBlueprintRule,None,explicit-serialized,물자를 분류하고 운반 동선을 표준화한다.,창고 구획,[],0,"[{""capability"":0,""requiredCount"":1}]",1,1,ResearchField,Commerce And Craft,explicit-serialized,"{""fileID"":0}",7011,0,ResearchPrerequisiteKind,Theory,implicit-csharp-default,commerce_logistics,1,[],0,[],0,research:commerce:logistics,17,"{""items"":[{""rid"":7737212199327498464},{""rid"":7737212199327498465}]}"
research-effects,ResearchProjectSO,ResearchProjectSO|research:commerce:retail,research:commerce:retail,상업 진열,손님 동선과 상품 진열을 정비한다.,분야 1; 작업 28; 선행 2; 해금 1; 시설 요구 1; 효과 0,prerequisite:research:commerce:logistics; prerequisite:research:commerce:logistics; prerequisite:research:commerce:logistics; unlocks-building:building:8807,진행 역할은 '손님 동선과 상품 진열을 정비한다'이다. 선행 2개와 해금 1개를 연구 그래프에 연결한다.,research-topology-and-unlocks,근거 확인,,active-authored,Assets/Resources/SO/Content/GameDomainContentCatalog.asset; Assets/Resources/SO/GameContentCatalog.asset,catalog-registered-static-consumer,Assets/Scripts/Services/Effects/Runtime/CharacterDerivedStatsSnapshot.cs; Assets/Scripts/Services/Infrastructure/BlueprintResearchContracts.cs; Assets/Scripts/Services/Infrastructure/BlueprintResearchProjectCoordinator.cs; Assets/Scripts/Services/Infrastructure/BlueprintResearchRuntime.cs; Assets/Scripts/Services/Infrastructure/BlueprintResearchRuntimeProvider.cs; Assets/Scripts/Services/Infrastructure/BlueprintResearchSaveSection.cs; Assets/Scripts/Services/Infrastructure/ResearchCraftingSummaryService.cs; Assets/Scripts/Services/Infrastructure/ResearchFacilityCapacityAdapter.cs; Assets/Scripts/Services/Infrastructure/ResearchGraphLayoutService.cs; Assets/Scripts/Services/Infrastructure/ResearchProjectCatalogAdapter.cs; Assets/Scripts/Services/Infrastructure/ResearchRewardCatalogAdapter.cs; Assets/Scripts/Services/Run/FirstRunObjectiveRuntime.cs,Assets/Scripts/Services/Infrastructure/BlueprintResearchContracts.cs; Assets/Scripts/Services/Infrastructure/BlueprintResearchRuntime.cs; Assets/Scripts/Services/Infrastructure/BlueprintResearchSaveSection.cs; Assets/Scripts/Services/Infrastructure/ResearchCraftingSummaryService.cs; Assets/Scripts/Services/Run/FirstRunObjectiveRuntime.cs; Assets/Scripts/Services/Run/V20MilestoneWorldSnapshotProjector.cs; Assets/Scripts/Views/UI/ResearchTreeWindow.cs,7,ProductionRecipeSO; ResearchProjectSO,진행 역할은 '손님 동선과 상품 진열을 정비한다'이다. 선행 2개와 해금 1개를 연구 그래프에 연결한다.,연구 분야 1의 선행·해금 그래프에서 진행 경계를 만든다.,requiredWork=28,research-field:1,"비교 후보(대체 가능성 미검증): ResearchProjectSO:research:commerce:expansion, ResearchProjectSO:research:commerce:logistics, ResearchProjectSO:research:commerce:secure-trade, ResearchProjectSO:research:equipment:bowyery, ResearchProjectSO:research:equipment:weapon-patterns, ResearchProjectSO:research:service:dining-operations, ResearchProjectSO:research:service-flow","직접 참조 7건에 영향: ProductionRecipeSO:recipe:component:price-board, ResearchProjectSO:research:commerce:expansion, ResearchProjectSO:research:control:show",research-topology-and-unlocks; niche=field+prerequisites+unlocks; cost=requiredWork,Assets/Resources/SO/Research/Projects/commerce_retail.asset,37bea86414c60b04d9c5bcd13cfcef4b,"{""fileID"":0}",0,ResearchBlueprintRule,None,explicit-serialized,손님 동선과 상품 진열을 정비한다.,상업 진열,[],0,"[{""capability"":0,""requiredCount"":1}]",1,1,ResearchField,Commerce And Craft,explicit-serialized,"{""fileID"":0}",7012,0,ResearchPrerequisiteKind,Theory,implicit-csharp-default,commerce_retail,1,"[{""kind"":4,""prerequisite"":{""fileID"":11400000,""guid"":""b3b38e91925a91943b4303ee3edc9533"",""type"":2},""prerequisiteId"":""research:commerce:logistics"",""reason"":""창고 구획의 운용 절차이(가) 상업 진열 구현에 직접 필요하다.""}]",1,"[{""fileID"":11400000,""guid"":""b3b38e91925a91943b4303ee3edc9533"",""type"":2}]",1,research:commerce:retail,28,"{""items"":[{""rid"":7737212199327498466}]}"
research-effects,ResearchProjectSO,ResearchProjectSO|research:commerce:secure-trade,research:commerce:secure-trade,상권 통합,지역 공급 계약과 요새화된 교역망을 연다.,분야 1; 작업 60; 선행 4; 해금 2; 시설 요구 2; 효과 0,prerequisite:research:commerce:expansion; prerequisite:research:commerce:expansion; prerequisite:research:commerce:expansion; prerequisite:research:defense:fortification; prerequisite:research:defense:fortification; prerequisite:research:defense:fortification; references:facility-blueprint:6191; unlocks-building:building:8898; unlocks-recipe:recipe_commerce_secure_display_2,진행 역할은 '지역 공급 계약과 요새화된 교역망을 연다'이다. 선행 4개와 해금 2개를 연구 그래프에 연결한다.,research-topology-and-unlocks,근거 확인,,active-authored,Assets/Resources/SO/Content/GameDomainContentCatalog.asset; Assets/Resources/SO/GameContentCatalog.asset,catalog-registered-static-consumer,Assets/Scripts/Services/Effects/Runtime/CharacterDerivedStatsSnapshot.cs; Assets/Scripts/Services/Infrastructure/BlueprintResearchContracts.cs; Assets/Scripts/Services/Infrastructure/BlueprintResearchProjectCoordinator.cs; Assets/Scripts/Services/Infrastructure/BlueprintResearchRuntime.cs; Assets/Scripts/Services/Infrastructure/BlueprintResearchRuntimeProvider.cs; Assets/Scripts/Services/Infrastructure/BlueprintResearchSaveSection.cs; Assets/Scripts/Services/Infrastructure/ResearchCraftingSummaryService.cs; Assets/Scripts/Services/Infrastructure/ResearchFacilityCapacityAdapter.cs; Assets/Scripts/Services/Infrastructure/ResearchGraphLayoutService.cs; Assets/Scripts/Services/Infrastructure/ResearchProjectCatalogAdapter.cs; Assets/Scripts/Services/Infrastructure/ResearchRewardCatalogAdapter.cs; Assets/Scripts/Services/Run/FirstRunObjectiveRuntime.cs,Assets/Scripts/Services/Infrastructure/BlueprintResearchContracts.cs; Assets/Scripts/Services/Infrastructure/BlueprintResearchRuntime.cs; Assets/Scripts/Services/Infrastructure/BlueprintResearchSaveSection.cs; Assets/Scripts/Services/Infrastructure/ResearchCraftingSummaryService.cs; Assets/Scripts/Services/Run/FirstRunObjectiveRuntime.cs; Assets/Scripts/Services/Run/V20MilestoneWorldSnapshotProjector.cs; Assets/Scripts/Views/UI/ResearchTreeWindow.cs,4,FacilityBlueprintSO; ResearchProjectSO,진행 역할은 '지역 공급 계약과 요새화된 교역망을 연다'이다. 선행 4개와 해금 2개를 연구 그래프에 연결한다.,연구 분야 1의 선행·해금 그래프에서 진행 경계를 만든다.,requiredWork=60,research-field:1,"비교 후보(대체 가능성 미검증): ResearchProjectSO:research:commerce:expansion, ResearchProjectSO:research:commerce:logistics, ResearchProjectSO:research:commerce:retail, ResearchProjectSO:research:equipment:bowyery, ResearchProjectSO:research:equipment:weapon-patterns, ResearchProjectSO:research:service:dining-operations, ResearchProjectSO:research:service-flow","직접 참조 4건에 영향: FacilityBlueprintSO:facility-blueprint:6191, ResearchProjectSO:research:defense:alliance-signals",research-topology-and-unlocks; niche=field+prerequisites+unlocks; cost=requiredWork,Assets/Resources/SO/Research/Projects/commerce_secure_trade.asset,bf20f6e0daefa5f45b490d5a4555869d,"{""fileID"":11400000,""guid"":""901cfda63d5374489861ef1b9dd59e32"",""type"":2}",2,ResearchBlueprintRule,Shortcut,explicit-serialized,지역 공급 계약과 요새화된 교역망을 연다.,상권 통합,[],0,"[{""capability"":0,""requiredCount"":1},{""capability"":3,""requiredCount"":1}]",2,1,ResearchField,Commerce And Craft,explicit-serialized,"{""fileID"":0}",7014,0,ResearchPrerequisiteKind,Theory,implicit-csharp-default,commerce_secure_trade,1,"[{""kind"":2,""prerequisite"":{""fileID"":11400000,""guid"":""7d76e461a12e7314eacf08d9040a5340"",""type"":2},""prerequisiteId"":""research:commerce:expansion"",""reason"":""상업 확장의 공학 원리이(가) 상권 통합 구현에 직접 필요하다.""},{""kind"":2,""prerequisite"":{""fileID"":11400000,""guid"":""66c33badde0f72d468e5a799faa3c921"",""type"":2},""prerequisiteId"":""research:defense:fortification"",""reason"":""요새화의 공학 원리이(가) 상권 통합 구현에 직접 필요하다.""}]",2,"[{""fileID"":11400000,""guid"":""7d76e461a12e7314eacf08d9040a5340"",""type"":2},{""fileID"":11400000,""guid"":""66c33badde0f72d468e5a799faa3c921"",""type"":2}]",2,research:commerce:secure-trade,60,"{""items"":[{""rid"":7737212199327498467},{""rid"":7737212199327498468}]}"
research-effects,ResearchProjectSO,ResearchProjectSO|research:control:blood-show,research:control:blood-show,피의 흥행,위험 공연과 공개 처벌을 통제된 흥행으로 만든다.,분야 4; 작업 60; 선행 4; 해금 1; 시설 요구 2; 효과 0,prerequisite:research:control:show; prerequisite:research:control:show; prerequisite:research:control:show; prerequisite:research:defense:watch; prerequisite:research:defense:watch; prerequisite:research:defense:watch; unlocks-building:building:8808,진행 역할은 '위험 공연과 공개 처벌을 통제된 흥행으로 만든다'이다. 선행 4개와 해금 1개를 연구 그래프에 연결한다.,research-topology-and-unlocks,근거 확인,,active-authored,Assets/Resources/SO/Content/GameDomainContentCatalog.asset; Assets/Resources/SO/GameContentCatalog.asset,catalog-registered-static-consumer,Assets/Scripts/Services/Effects/Runtime/CharacterDerivedStatsSnapshot.cs; Assets/Scripts/Services/Infrastructure/BlueprintResearchContracts.cs; Assets/Scripts/Services/Infrastructure/BlueprintResearchProjectCoordinator.cs; Assets/Scripts/Services/Infrastructure/BlueprintResearchRuntime.cs; Assets/Scripts/Services/Infrastructure/BlueprintResearchRuntimeProvider.cs; Assets/Scripts/Services/Infrastructure/BlueprintResearchSaveSection.cs; Assets/Scripts/Services/Infrastructure/ResearchCraftingSummaryService.cs; Assets/Scripts/Services/Infrastructure/ResearchFacilityCapacityAdapter.cs; Assets/Scripts/Services/Infrastructure/ResearchGraphLayoutService.cs; Assets/Scripts/Services/Infrastructure/ResearchProjectCatalogAdapter.cs; Assets/Scripts/Services/Infrastructure/ResearchRewardCatalogAdapter.cs; Assets/Scripts/Services/Run/FirstRunObjectiveRuntime.cs,Assets/Scripts/Services/Infrastructure/BlueprintResearchContracts.cs; Assets/Scripts/Services/Infrastructure/BlueprintResearchRuntime.cs; Assets/Scripts/Services/Infrastructure/BlueprintResearchSaveSection.cs; Assets/Scripts/Services/Infrastructure/ResearchCraftingSummaryService.cs; Assets/Scripts/Services/Run/FirstRunObjectiveRuntime.cs; Assets/Scripts/Services/Run/V20MilestoneWorldSnapshotProjector.cs; Assets/Scripts/Views/UI/ResearchTreeWindow.cs,2,ProductionRecipeSO,진행 역할은 '위험 공연과 공개 처벌을 통제된 흥행으로 만든다'이다. 선행 4개와 해금 1개를 연구 그래프에 연결한다.,연구 분야 4의 선행·해금 그래프에서 진행 경계를 만든다.,requiredWork=60,research-field:4,"비교 후보(대체 가능성 미검증): ResearchProjectSO:research:control:labor, ResearchProjectSO:research:control:restraints, ResearchProjectSO:research:control:show","직접 참조 2건에 영향: ProductionRecipeSO:recipe:ritual-reagent, ProductionRecipeSO:source:spoilage-forbidden",research-topology-and-unlocks; niche=field+prerequisites+unlocks; cost=requiredWork,Assets/Resources/SO/Research/Projects/control_blood_show.asset,1b30537694984254893c29294d533bab,"{""fileID"":0}",0,ResearchBlueprintRule,None,explicit-serialized,위험 공연과 공개 처벌을 통제된 흥행으로 만든다.,피의 흥행,[],0,"[{""capability"":0,""requiredCount"":1},{""capability"":1,""requiredCount"":1}]",2,4,ResearchField,Captivity And Entertainment,explicit-serialized,"{""fileID"":0}",7044,0,ResearchPrerequisiteKind,Theory,implicit-csharp-default,control_blood_show,1,"[{""kind"":2,""prerequisite"":{""fileID"":11400000,""guid"":""1a7073707a20a5d419993498d184aea5"",""type"":2},""prerequisiteId"":""research:control:show"",""reason"":""흥행 운영의 공학 원리이(가) 피의 흥행 구현에 직접 필요하다.""},{""kind"":2,""prerequisite"":{""fileID"":11400000,""guid"":""bcbfd433c9ec42c4abf5a91bacd704b7"",""type"":2},""prerequisiteId"":""research:defense:watch"",""reason"":""경계 근무의 공학 원리이(가) 피의 흥행 구현에 직접 필요하다.""}]",2,"[{""fileID"":11400000,""guid"":""1a7073707a20a5d419993498d184aea5"",""type"":2},{""fileID"":11400000,""guid"":""bcbfd433c9ec42c4abf5a91bacd704b7"",""type"":2}]",2,research:control:blood-show,60,"{""items"":[{""rid"":7737212199327498469}]}"
research-effects,ResearchProjectSO,ResearchProjectSO|research:control:labor,research:control:labor,노역 감독,포로 노역의 작업과 감시 체계를 만든다.,분야 4; 작업 28; 선행 2; 해금 1; 시설 요구 1; 효과 0,prerequisite:research:control:restraints; prerequisite:research:control:restraints; prerequisite:research:control:restraints; unlocks-building:building:8809,진행 역할은 '포로 노역의 작업과 감시 체계를 만든다'이다. 선행 2개와 해금 1개를 연구 그래프에 연결한다.,research-topology-and-unlocks,근거 확인,,active-authored,Assets/Resources/SO/Content/GameDomainContentCatalog.asset; Assets/Resources/SO/GameContentCatalog.asset,catalog-registered-static-consumer,Assets/Scripts/Services/Effects/Runtime/CharacterDerivedStatsSnapshot.cs; Assets/Scripts/Services/Infrastructure/BlueprintResearchContracts.cs; Assets/Scripts/Services/Infrastructure/BlueprintResearchProjectCoordinator.cs; Assets/Scripts/Services/Infrastructure/BlueprintResearchRuntime.cs; Assets/Scripts/Services/Infrastructure/BlueprintResearchRuntimeProvider.cs; Assets/Scripts/Services/Infrastructure/BlueprintResearchSaveSection.cs; Assets/Scripts/Services/Infrastructure/ResearchCraftingSummaryService.cs; Assets/Scripts/Services/Infrastructure/ResearchFacilityCapacityAdapter.cs; Assets/Scripts/Services/Infrastructure/ResearchGraphLayoutService.cs; Assets/Scripts/Services/Infrastructure/ResearchProjectCatalogAdapter.cs; Assets/Scripts/Services/Infrastructure/ResearchRewardCatalogAdapter.cs; Assets/Scripts/Services/Run/FirstRunObjectiveRuntime.cs,Assets/Scripts/Services/Infrastructure/BlueprintResearchContracts.cs; Assets/Scripts/Services/Infrastructure/BlueprintResearchRuntime.cs; Assets/Scripts/Services/Infrastructure/BlueprintResearchSaveSection.cs; Assets/Scripts/Services/Infrastructure/ResearchCraftingSummaryService.cs; Assets/Scripts/Services/Run/FirstRunObjectiveRuntime.cs; Assets/Scripts/Services/Run/V20MilestoneWorldSnapshotProjector.cs; Assets/Scripts/Views/UI/ResearchTreeWindow.cs,4,ProductionRecipeSO; ResearchProjectSO,진행 역할은 '포로 노역의 작업과 감시 체계를 만든다'이다. 선행 2개와 해금 1개를 연구 그래프에 연결한다.,연구 분야 4의 선행·해금 그래프에서 진행 경계를 만든다.,requiredWork=28,research-field:4,"비교 후보(대체 가능성 미검증): ResearchProjectSO:research:control:blood-show, ResearchProjectSO:research:control:restraints, ResearchProjectSO:research:control:show","직접 참조 4건에 영향: ProductionRecipeSO:recipe:tool:prisoner-work-kit, ResearchProjectSO:research:control:show",research-topology-and-unlocks; niche=field+prerequisites+unlocks; cost=requiredWork,Assets/Resources/SO/Research/Projects/control_labor.asset,6aad2fa6256460344ae24710945369ff,"{""fileID"":0}",0,ResearchBlueprintRule,None,explicit-serialized,포로 노역의 작업과 감시 체계를 만든다.,노역 감독,[],0,"[{""capability"":0,""requiredCount"":1}]",1,4,ResearchField,Captivity And Entertainment,explicit-serialized,"{""fileID"":0}",7042,0,ResearchPrerequisiteKind,Theory,implicit-csharp-default,control_labor,1,"[{""kind"":2,""prerequisite"":{""fileID"":11400000,""guid"":""3219414118f1fd04c8c0a8a30d7e5a48"",""type"":2},""prerequisiteId"":""research:control:restraints"",""reason"":""구속 관리의 공학 원리이(가) 노역 감독 구현에 직접 필요하다.""}]",1,"[{""fileID"":11400000,""guid"":""3219414118f1fd04c8c0a8a30d7e5a48"",""type"":2}]",1,research:control:labor,28,"{""items"":[{""rid"":7737212199327498470}]}"
research-effects,ResearchProjectSO,ResearchProjectSO|research:control:restraints,research:control:restraints,구속 관리,"포획과 구속, 감방 운용 절차를 정립한다.",분야 4; 작업 17; 선행 0; 해금 1; 시설 요구 1; 효과 0,unlocks-building:building:8810,"진행 역할은 '포획과 구속, 감방 운용 절차를 정립한다'이다. 선행 0개와 해금 1개를 연구 그래프에 연결한다.",research-topology-and-unlocks,근거 확인,,active-authored,Assets/Resources/SO/Content/GameDomainContentCatalog.asset; Assets/Resources/SO/GameContentCatalog.asset,catalog-registered-static-consumer,Assets/Scripts/Services/Effects/Runtime/CharacterDerivedStatsSnapshot.cs; Assets/Scripts/Services/Infrastructure/BlueprintResearchContracts.cs; Assets/Scripts/Services/Infrastructure/BlueprintResearchProjectCoordinator.cs; Assets/Scripts/Services/Infrastructure/BlueprintResearchRuntime.cs; Assets/Scripts/Services/Infrastructure/BlueprintResearchRuntimeProvider.cs; Assets/Scripts/Services/Infrastructure/BlueprintResearchSaveSection.cs; Assets/Scripts/Services/Infrastructure/ResearchCraftingSummaryService.cs; Assets/Scripts/Services/Infrastructure/ResearchFacilityCapacityAdapter.cs; Assets/Scripts/Services/Infrastructure/ResearchGraphLayoutService.cs; Assets/Scripts/Services/Infrastructure/ResearchProjectCatalogAdapter.cs; Assets/Scripts/Services/Infrastructure/ResearchRewardCatalogAdapter.cs; Assets/Scripts/Services/Run/FirstRunObjectiveRuntime.cs,Assets/Scripts/Services/Infrastructure/BlueprintResearchContracts.cs; Assets/Scripts/Services/Infrastructure/BlueprintResearchRuntime.cs; Assets/Scripts/Services/Infrastructure/BlueprintResearchSaveSection.cs; Assets/Scripts/Services/Infrastructure/ResearchCraftingSummaryService.cs; Assets/Scripts/Services/Run/FirstRunObjectiveRuntime.cs; Assets/Scripts/Services/Run/V20MilestoneWorldSnapshotProjector.cs; Assets/Scripts/Views/UI/ResearchTreeWindow.cs,4,ProductionRecipeSO; ResearchProjectSO,"진행 역할은 '포획과 구속, 감방 운용 절차를 정립한다'이다. 선행 0개와 해금 1개를 연구 그래프에 연결한다.",연구 분야 4의 선행·해금 그래프에서 진행 경계를 만든다.,requiredWork=17,research-field:4,"비교 후보(대체 가능성 미검증): ResearchProjectSO:research:control:blood-show, ResearchProjectSO:research:control:labor, ResearchProjectSO:research:control:show","직접 참조 4건에 영향: ProductionRecipeSO:recipe:tool:reinforced-restraint, ResearchProjectSO:research:control:labor",research-topology-and-unlocks; niche=field+prerequisites+unlocks; cost=requiredWork,Assets/Resources/SO/Research/Projects/control_restraints.asset,3219414118f1fd04c8c0a8a30d7e5a48,"{""fileID"":0}",0,ResearchBlueprintRule,None,explicit-serialized,"포획과 구속, 감방 운용 절차를 정립한다.",구속 관리,[],0,"[{""capability"":0,""requiredCount"":1}]",1,4,ResearchField,Captivity And Entertainment,explicit-serialized,"{""fileID"":0}",7041,0,ResearchPrerequisiteKind,Theory,implicit-csharp-default,control_restraints,1,[],0,[],0,research:control:restraints,17,"{""items"":[{""rid"":7737212199327498471}]}"
research-effects,ResearchProjectSO,ResearchProjectSO|research:control:show,research:control:show,흥행 운영,"무대와 관객, 공연자를 실제 운영 흐름으로 묶는다.",분야 4; 작업 42; 선행 4; 해금 1; 시설 요구 2; 효과 0,prerequisite:research:commerce:retail; prerequisite:research:commerce:retail; prerequisite:research:commerce:retail; prerequisite:research:control:labor; prerequisite:research:control:labor; prerequisite:research:control:labor; unlocks-building:building:8811,"진행 역할은 '무대와 관객, 공연자를 실제 운영 흐름으로 묶는다'이다. 선행 4개와 해금 1개를 연구 그래프에 연결한다.",research-topology-and-unlocks,근거 확인,,active-authored,Assets/Resources/SO/Content/GameDomainContentCatalog.asset; Assets/Resources/SO/GameContentCatalog.asset,catalog-registered-static-consumer,Assets/Scripts/Services/Effects/Runtime/CharacterDerivedStatsSnapshot.cs; Assets/Scripts/Services/Infrastructure/BlueprintResearchContracts.cs; Assets/Scripts/Services/Infrastructure/BlueprintResearchProjectCoordinator.cs; Assets/Scripts/Services/Infrastructure/BlueprintResearchRuntime.cs; Assets/Scripts/Services/Infrastructure/BlueprintResearchRuntimeProvider.cs; Assets/Scripts/Services/Infrastructure/BlueprintResearchSaveSection.cs; Assets/Scripts/Services/Infrastructure/ResearchCraftingSummaryService.cs; Assets/Scripts/Services/Infrastructure/ResearchFacilityCapacityAdapter.cs; Assets/Scripts/Services/Infrastructure/ResearchGraphLayoutService.cs; Assets/Scripts/Services/Infrastructure/ResearchProjectCatalogAdapter.cs; Assets/Scripts/Services/Infrastructure/ResearchRewardCatalogAdapter.cs; Assets/Scripts/Services/Run/FirstRunObjectiveRuntime.cs,Assets/Scripts/Services/Infrastructure/BlueprintResearchContracts.cs; Assets/Scripts/Services/Infrastructure/BlueprintResearchRuntime.cs; Assets/Scripts/Services/Infrastructure/BlueprintResearchSaveSection.cs; Assets/Scripts/Services/Infrastructure/ResearchCraftingSummaryService.cs; Assets/Scripts/Services/Run/FirstRunObjectiveRuntime.cs; Assets/Scripts/Services/Run/V20MilestoneWorldSnapshotProjector.cs; Assets/Scripts/Views/UI/ResearchTreeWindow.cs,4,ProductionRecipeSO; ResearchProjectSO,"진행 역할은 '무대와 관객, 공연자를 실제 운영 흐름으로 묶는다'이다. 선행 4개와 해금 1개를 연구 그래프에 연결한다.",연구 분야 4의 선행·해금 그래프에서 진행 경계를 만든다.,requiredWork=42,research-field:4,"비교 후보(대체 가능성 미검증): ResearchProjectSO:research:control:blood-show, ResearchProjectSO:research:control:labor, ResearchProjectSO:research:control:restraints","직접 참조 4건에 영향: ProductionRecipeSO:recipe:supply:performance-prop-box, ResearchProjectSO:research:control:blood-show",research-topology-and-unlocks; niche=field+prerequisites+unlocks; cost=requiredWork,Assets/Resources/SO/Research/Projects/control_show.asset,1a7073707a20a5d419993498d184aea5,"{""fileID"":0}",0,ResearchBlueprintRule,None,explicit-serialized,"무대와 관객, 공연자를 실제 운영 흐름으로 묶는다.",흥행 운영,[],0,"[{""capability"":0,""requiredCount"":1},{""capability"":1,""requiredCount"":1}]",2,4,ResearchField,Captivity And Entertainment,explicit-serialized,"{""fileID"":0}",7043,0,ResearchPrerequisiteKind,Theory,implicit-csharp-default,control_show,1,"[{""kind"":2,""prerequisite"":{""fileID"":11400000,""guid"":""37bea86414c60b04d9c5bcd13cfcef4b"",""type"":2},""prerequisiteId"":""research:commerce:retail"",""reason"":""상업 진열의 공학 원리이(가) 흥행 운영 구현에 직접 필요하다.""},{""kind"":2,""prerequisite"":{""fileID"":11400000,""guid"":""6aad2fa6256460344ae24710945369ff"",""type"":2},""prerequisiteId"":""research:control:labor"",""reason"":""노역 감독의 공학 원리이(가) 흥행 운영 구현에 직접 필요하다.""}]",2,"[{""fileID"":11400000,""guid"":""37bea86414c60b04d9c5bcd13cfcef4b"",""type"":2},{""fileID"":11400000,""guid"":""6aad2fa6256460344ae24710945369ff"",""type"":2}]",2,research:control:show,42,"{""items"":[{""rid"":7737212199327498472}]}"
research-effects,ResearchProjectSO,ResearchProjectSO|research:cuisine:baking,research:cuisine:baking,제빵,반죽과 벽돌 오븐을 이용해 파이와 구운 고급식을 만든다.,분야 12; 작업 60; 선행 2; 해금 1; 시설 요구 2; 효과 0,prerequisite:research:cuisine:milling; prerequisite:research:cuisine:milling; prerequisite:research:cuisine:milling; unlocks-building:building:1608,진행 역할은 '반죽과 벽돌 오븐을 이용해 파이와 구운 고급식을 만든다'이다. 선행 2개와 해금 1개를 연구 그래프에 연결한다.,research-topology-and-unlocks,근거 확인,,active-authored,Assets/Resources/SO/Content/GameDomainContentCatalog.asset; Assets/Resources/SO/GameContentCatalog.asset,catalog-registered-static-consumer,Assets/Scripts/Services/Effects/Runtime/CharacterDerivedStatsSnapshot.cs; Assets/Scripts/Services/Infrastructure/BlueprintResearchContracts.cs; Assets/Scripts/Services/Infrastructure/BlueprintResearchProjectCoordinator.cs; Assets/Scripts/Services/Infrastructure/BlueprintResearchRuntime.cs; Assets/Scripts/Services/Infrastructure/BlueprintResearchRuntimeProvider.cs; Assets/Scripts/Services/Infrastructure/BlueprintResearchSaveSection.cs; Assets/Scripts/Services/Infrastructure/ResearchCraftingSummaryService.cs; Assets/Scripts/Services/Infrastructure/ResearchFacilityCapacityAdapter.cs; Assets/Scripts/Services/Infrastructure/ResearchGraphLayoutService.cs; Assets/Scripts/Services/Infrastructure/ResearchProjectCatalogAdapter.cs; Assets/Scripts/Services/Infrastructure/ResearchRewardCatalogAdapter.cs; Assets/Scripts/Services/Run/FirstRunObjectiveRuntime.cs,Assets/Scripts/Services/Infrastructure/BlueprintResearchContracts.cs; Assets/Scripts/Services/Infrastructure/BlueprintResearchRuntime.cs; Assets/Scripts/Services/Infrastructure/BlueprintResearchSaveSection.cs; Assets/Scripts/Services/Infrastructure/ResearchCraftingSummaryService.cs; Assets/Scripts/Services/Run/FirstRunObjectiveRuntime.cs; Assets/Scripts/Services/Run/V20MilestoneWorldSnapshotProjector.cs; Assets/Scripts/Views/UI/ResearchTreeWindow.cs,6,ProductionRecipeSO; ResearchProjectSO,진행 역할은 '반죽과 벽돌 오븐을 이용해 파이와 구운 고급식을 만든다'이다. 선행 2개와 해금 1개를 연구 그래프에 연결한다.,연구 분야 12의 선행·해금 그래프에서 진행 경계를 만든다.,requiredWork=60,research-field:12,"비교 후보(대체 가능성 미검증): ResearchProjectSO:research:cuisine:controlled-fermentation, ResearchProjectSO:research:cuisine:crops, ResearchProjectSO:research:cuisine:distilling-aging, ResearchProjectSO:research:cuisine:fermentation, ResearchProjectSO:research:cuisine:kitchen-hygiene, ResearchProjectSO:research:cuisine:lavish, ResearchProjectSO:research:cuisine:livestock, ResearchProjectSO:research:cuisine:milling, ResearchProjectSO:research:cuisine:vegan","직접 참조 6건에 영향: ProductionRecipeSO:recipe:dough, ProductionRecipeSO:recipe:meat-pie, ProductionRecipeSO:recipe:vegetable-pie, ResearchProjectSO:research:cuisine:lavish",research-topology-and-unlocks; niche=field+prerequisites+unlocks; cost=requiredWork,Assets/Resources/SO/Research/Projects/cuisine_baking.asset,4ab25e7b549727647902fa1512f46642,"{""fileID"":0}",0,ResearchBlueprintRule,None,explicit-serialized,반죽과 벽돌 오븐을 이용해 파이와 구운 고급식을 만든다.,제빵,[],0,"[{""capability"":0,""requiredCount"":1},{""capability"":3,""requiredCount"":1}]",2,12,ResearchField,Cuisine,explicit-serialized,"{""fileID"":0}",7127,0,ResearchPrerequisiteKind,Theory,implicit-csharp-default,cuisine_baking,1,"[{""kind"":1,""prerequisite"":{""fileID"":11400000,""guid"":""f1173f0c18c7a684ebd30fecce8262cd"",""type"":2},""prerequisiteId"":""research:cuisine:milling"",""reason"":""제분·제빵의 제작 기법이(가) 제빵 구현에 직접 필요하다.""}]",1,"[{""fileID"":11400000,""guid"":""f1173f0c18c7a684ebd30fecce8262cd"",""type"":2}]",1,research:cuisine:baking,60,"{""items"":[{""rid"":7737212199327498473}]}"
research-effects,ResearchProjectSO,ResearchProjectSO|research:cuisine:controlled-fermentation,research:cuisine:controlled-fermentation,제어 발효,전력과 배관으로 발효 온도와 세척·병입을 제어한다.,분야 12; 작업 84; 선행 4; 해금 2; 시설 요구 2; 효과 0,prerequisite:research:cuisine:fermentation; prerequisite:research:cuisine:fermentation; prerequisite:research:cuisine:fermentation; prerequisite:research:plumbing:sewer; prerequisite:research:plumbing:sewer; prerequisite:research:plumbing:sewer; unlocks-building:building:1603; unlocks-building:building:1605,진행 역할은 '전력과 배관으로 발효 온도와 세척·병입을 제어한다'이다. 선행 4개와 해금 2개를 연구 그래프에 연결한다.,research-topology-and-unlocks,근거 확인,,active-authored,Assets/Resources/SO/Content/GameDomainContentCatalog.asset; Assets/Resources/SO/GameContentCatalog.asset,catalog-registered-static-consumer,Assets/Scripts/Services/Effects/Runtime/CharacterDerivedStatsSnapshot.cs; Assets/Scripts/Services/Infrastructure/BlueprintResearchContracts.cs; Assets/Scripts/Services/Infrastructure/BlueprintResearchProjectCoordinator.cs; Assets/Scripts/Services/Infrastructure/BlueprintResearchRuntime.cs; Assets/Scripts/Services/Infrastructure/BlueprintResearchRuntimeProvider.cs; Assets/Scripts/Services/Infrastructure/BlueprintResearchSaveSection.cs; Assets/Scripts/Services/Infrastructure/ResearchCraftingSummaryService.cs; Assets/Scripts/Services/Infrastructure/ResearchFacilityCapacityAdapter.cs; Assets/Scripts/Services/Infrastructure/ResearchGraphLayoutService.cs; Assets/Scripts/Services/Infrastructure/ResearchProjectCatalogAdapter.cs; Assets/Scripts/Services/Infrastructure/ResearchRewardCatalogAdapter.cs; Assets/Scripts/Services/Run/FirstRunObjectiveRuntime.cs,Assets/Scripts/Services/Infrastructure/BlueprintResearchContracts.cs; Assets/Scripts/Services/Infrastructure/BlueprintResearchRuntime.cs; Assets/Scripts/Services/Infrastructure/BlueprintResearchSaveSection.cs; Assets/Scripts/Services/Infrastructure/ResearchCraftingSummaryService.cs; Assets/Scripts/Services/Run/FirstRunObjectiveRuntime.cs; Assets/Scripts/Services/Run/V20MilestoneWorldSnapshotProjector.cs; Assets/Scripts/Views/UI/ResearchTreeWindow.cs,0,,진행 역할은 '전력과 배관으로 발효 온도와 세척·병입을 제어한다'이다. 선행 4개와 해금 2개를 연구 그래프에 연결한다.,연구 분야 12의 선행·해금 그래프에서 진행 경계를 만든다.,requiredWork=84,research-field:12,"비교 후보(대체 가능성 미검증): ResearchProjectSO:research:cuisine:baking, ResearchProjectSO:research:cuisine:crops, ResearchProjectSO:research:cuisine:distilling-aging, ResearchProjectSO:research:cuisine:fermentation, ResearchProjectSO:research:cuisine:kitchen-hygiene, ResearchProjectSO:research:cuisine:lavish, ResearchProjectSO:research:cuisine:livestock, ResearchProjectSO:research:cuisine:milling, ResearchProjectSO:research:cuisine:vegan",정적 콘텐츠 역참조는 확인되지 않음; 런타임 직접 조회와 설계상 공백은 별도 검증 필요,research-topology-and-unlocks; niche=field+prerequisites+unlocks; cost=requiredWork,Assets/Resources/SO/Research/Projects/cuisine_controlled_fermentation.asset,b462c179c4b26c541834f2f126d3123f,"{""fileID"":0}",0,ResearchBlueprintRule,None,explicit-serialized,전력과 배관으로 발효 온도와 세척·병입을 제어한다.,제어 발효,[],0,"[{""capability"":0,""requiredCount"":1},{""capability"":3,""requiredCount"":1}]",2,12,ResearchField,Cuisine,explicit-serialized,"{""fileID"":0}",7129,0,ResearchPrerequisiteKind,Theory,implicit-csharp-default,cuisine_controlled_fermentation,1,"[{""kind"":1,""prerequisite"":{""fileID"":11400000,""guid"":""aa7c653b442a12b44b0581cfac9b62bd"",""type"":2},""prerequisiteId"":""research:cuisine:fermentation"",""reason"":""발효의 제작 기법이(가) 제어 발효 구현에 직접 필요하다.""},{""kind"":2,""prerequisite"":{""fileID"":11400000,""guid"":""e8304218a91814b44bbdc6fb4d4705b2"",""type"":2},""prerequisiteId"":""research:plumbing:sewer"",""reason"":""하수 처리와 수세 위생의 공학 원리이(가) 제어 발효 구현에 직접 필요하다.""}]",2,"[{""fileID"":11400000,""guid"":""aa7c653b442a12b44b0581cfac9b62bd"",""type"":2},{""fileID"":11400000,""guid"":""e8304218a91814b44bbdc6fb4d4705b2"",""type"":2}]",2,research:cuisine:controlled-fermentation,84,"{""items"":[{""rid"":7737212199327498474},{""rid"":7737212199327498475}]}"
research-effects,ResearchProjectSO,ResearchProjectSO|research:cuisine:crops,research:cuisine:crops,농산 조리,"곡물, 뿌리, 버섯으로 안전한 기본식을 만든다.",분야 12; 작업 17; 선행 0; 해금 2; 시설 요구 1; 효과 0,unlocks-building:building:1087; unlocks-building:building:1607,"진행 역할은 '곡물, 뿌리, 버섯으로 안전한 기본식을 만든다'이다. 선행 0개와 해금 2개를 연구 그래프에 연결한다.",research-topology-and-unlocks,근거 확인,,active-authored,Assets/Resources/SO/Content/GameDomainContentCatalog.asset; Assets/Resources/SO/GameContentCatalog.asset,catalog-registered-static-consumer,Assets/Scripts/Services/Effects/Runtime/CharacterDerivedStatsSnapshot.cs; Assets/Scripts/Services/Infrastructure/BlueprintResearchContracts.cs; Assets/Scripts/Services/Infrastructure/BlueprintResearchProjectCoordinator.cs; Assets/Scripts/Services/Infrastructure/BlueprintResearchRuntime.cs; Assets/Scripts/Services/Infrastructure/BlueprintResearchRuntimeProvider.cs; Assets/Scripts/Services/Infrastructure/BlueprintResearchSaveSection.cs; Assets/Scripts/Services/Infrastructure/ResearchCraftingSummaryService.cs; Assets/Scripts/Services/Infrastructure/ResearchFacilityCapacityAdapter.cs; Assets/Scripts/Services/Infrastructure/ResearchGraphLayoutService.cs; Assets/Scripts/Services/Infrastructure/ResearchProjectCatalogAdapter.cs; Assets/Scripts/Services/Infrastructure/ResearchRewardCatalogAdapter.cs; Assets/Scripts/Services/Run/FirstRunObjectiveRuntime.cs,Assets/Scripts/Services/Infrastructure/BlueprintResearchContracts.cs; Assets/Scripts/Services/Infrastructure/BlueprintResearchRuntime.cs; Assets/Scripts/Services/Infrastructure/BlueprintResearchSaveSection.cs; Assets/Scripts/Services/Infrastructure/ResearchCraftingSummaryService.cs; Assets/Scripts/Services/Run/FirstRunObjectiveRuntime.cs; Assets/Scripts/Services/Run/V20MilestoneWorldSnapshotProjector.cs; Assets/Scripts/Views/UI/ResearchTreeWindow.cs,7,ProductionRecipeSO; ResearchProjectSO,"진행 역할은 '곡물, 뿌리, 버섯으로 안전한 기본식을 만든다'이다. 선행 0개와 해금 2개를 연구 그래프에 연결한다.",연구 분야 12의 선행·해금 그래프에서 진행 경계를 만든다.,requiredWork=17,research-field:12,"비교 후보(대체 가능성 미검증): ResearchProjectSO:research:cuisine:baking, ResearchProjectSO:research:cuisine:controlled-fermentation, ResearchProjectSO:research:cuisine:distilling-aging, ResearchProjectSO:research:cuisine:fermentation, ResearchProjectSO:research:cuisine:kitchen-hygiene, ResearchProjectSO:research:cuisine:lavish, ResearchProjectSO:research:cuisine:livestock, ResearchProjectSO:research:cuisine:milling, ResearchProjectSO:research:cuisine:vegan","직접 참조 7건에 영향: ProductionRecipeSO:recipe:grain-porridge, ProductionRecipeSO:recipe:malt-porridge, ProductionRecipeSO:recipe:mushroom-soup, ProductionRecipeSO:recipe:root-stew, ResearchProjectSO:research:cuisine:milling",research-topology-and-unlocks; niche=field+prerequisites+unlocks; cost=requiredWork,Assets/Resources/SO/Research/Projects/cuisine_crops.asset,36ea1732c9a8ac5488a5376f7daeada6,"{""fileID"":0}",0,ResearchBlueprintRule,None,explicit-serialized,"곡물, 뿌리, 버섯으로 안전한 기본식을 만든다.",농산 조리,[],0,"[{""capability"":0,""requiredCount"":1}]",1,12,ResearchField,Cuisine,explicit-serialized,"{""fileID"":0}",7121,0,ResearchPrerequisiteKind,Theory,implicit-csharp-default,cuisine_crops,1,[],0,[],0,research:cuisine:crops,17,"{""items"":[{""rid"":7737212199327498476},{""rid"":1000}]}"
research-effects,ResearchProjectSO,ResearchProjectSO|research:cuisine:distilling-aging,research:cuisine:distilling-aging,주류 증류·숙성,분별 증류와 오크 숙성으로 중성 알코올과 밤 증류주를 만든다.,분야 12; 작업 115; 선행 4; 해금 1; 시설 요구 3; 효과 0,prerequisite:research:cuisine:fermentation; prerequisite:research:cuisine:fermentation; prerequisite:research:cuisine:fermentation; prerequisite:research:pharmacology:distillation; prerequisite:research:pharmacology:distillation; prerequisite:research:pharmacology:distillation; unlocks-building:building:1606,진행 역할은 '분별 증류와 오크 숙성으로 중성 알코올과 밤 증류주를 만든다'이다. 선행 4개와 해금 1개를 연구 그래프에 연결한다.,research-topology-and-unlocks,근거 확인,,active-authored,Assets/Resources/SO/Content/GameDomainContentCatalog.asset; Assets/Resources/SO/GameContentCatalog.asset,catalog-registered-static-consumer,Assets/Scripts/Services/Effects/Runtime/CharacterDerivedStatsSnapshot.cs; Assets/Scripts/Services/Infrastructure/BlueprintResearchContracts.cs; Assets/Scripts/Services/Infrastructure/BlueprintResearchProjectCoordinator.cs; Assets/Scripts/Services/Infrastructure/BlueprintResearchRuntime.cs; Assets/Scripts/Services/Infrastructure/BlueprintResearchRuntimeProvider.cs; Assets/Scripts/Services/Infrastructure/BlueprintResearchSaveSection.cs; Assets/Scripts/Services/Infrastructure/ResearchCraftingSummaryService.cs; Assets/Scripts/Services/Infrastructure/ResearchFacilityCapacityAdapter.cs; Assets/Scripts/Services/Infrastructure/ResearchGraphLayoutService.cs; Assets/Scripts/Services/Infrastructure/ResearchProjectCatalogAdapter.cs; Assets/Scripts/Services/Infrastructure/ResearchRewardCatalogAdapter.cs; Assets/Scripts/Services/Run/FirstRunObjectiveRuntime.cs,Assets/Scripts/Services/Infrastructure/BlueprintResearchContracts.cs; Assets/Scripts/Services/Infrastructure/BlueprintResearchRuntime.cs; Assets/Scripts/Services/Infrastructure/BlueprintResearchSaveSection.cs; Assets/Scripts/Services/Infrastructure/ResearchCraftingSummaryService.cs; Assets/Scripts/Services/Run/FirstRunObjectiveRuntime.cs; Assets/Scripts/Services/Run/V20MilestoneWorldSnapshotProjector.cs; Assets/Scripts/Views/UI/ResearchTreeWindow.cs,2,ProductionRecipeSO,진행 역할은 '분별 증류와 오크 숙성으로 중성 알코올과 밤 증류주를 만든다'이다. 선행 4개와 해금 1개를 연구 그래프에 연결한다.,연구 분야 12의 선행·해금 그래프에서 진행 경계를 만든다.,requiredWork=115,research-field:12,"비교 후보(대체 가능성 미검증): ResearchProjectSO:research:cuisine:baking, ResearchProjectSO:research:cuisine:controlled-fermentation, ResearchProjectSO:research:cuisine:crops, ResearchProjectSO:research:cuisine:fermentation, ResearchProjectSO:research:cuisine:kitchen-hygiene, ResearchProjectSO:research:cuisine:lavish, ResearchProjectSO:research:cuisine:livestock, ResearchProjectSO:research:cuisine:milling, ResearchProjectSO:research:cuisine:vegan","직접 참조 2건에 영향: ProductionRecipeSO:recipe:alcohol, ProductionRecipeSO:recipe:night-spirit",research-topology-and-unlocks; niche=field+prerequisites+unlocks; cost=requiredWork,Assets/Resources/SO/Research/Projects/cuisine_distilling_aging.asset,b9337534841172143a6b88692dc9dbca,"{""fileID"":0}",0,ResearchBlueprintRule,None,explicit-serialized,분별 증류와 오크 숙성으로 중성 알코올과 밤 증류주를 만든다.,주류 증류·숙성,[],0,"[{""capability"":0,""requiredCount"":1},{""capability"":3,""requiredCount"":1},{""capability"":6,""requiredCount"":1}]",3,12,ResearchField,Cuisine,explicit-serialized,"{""fileID"":0}",7130,0,ResearchPrerequisiteKind,Theory,implicit-csharp-default,cuisine_distilling_aging,1,"[{""kind"":1,""prerequisite"":{""fileID"":11400000,""guid"":""aa7c653b442a12b44b0581cfac9b62bd"",""type"":2},""prerequisiteId"":""research:cuisine:fermentation"",""reason"":""발효의 제작 기법이(가) 주류 증류·숙성 구현에 직접 필요하다.""},{""kind"":2,""prerequisite"":{""fileID"":11400000,""guid"":""fc08c2ecdc5e40b49a2513a1eb3385bf"",""type"":2},""prerequisiteId"":""research:pharmacology:distillation"",""reason"":""증류의 공학 원리이(가) 주류 증류·숙성 구현에 직접 필요하다.""}]",2,"[{""fileID"":11400000,""guid"":""aa7c653b442a12b44b0581cfac9b62bd"",""type"":2},{""fileID"":11400000,""guid"":""fc08c2ecdc5e40b49a2513a1eb3385bf"",""type"":2}]",2,research:cuisine:distilling-aging,115,"{""items"":[{""rid"":7737212199327498477}]}"
research-effects,ResearchProjectSO,ResearchProjectSO|research:cuisine:fermentation,research:cuisine:fermentation,발효,"과일, 곡물과 버섯을 술과 조미료로 바꾼다.",분야 12; 작업 60; 선행 2; 해금 4; 시설 요구 2; 효과 0,prerequisite:research:cuisine:livestock; prerequisite:research:cuisine:livestock; prerequisite:research:cuisine:livestock; unlocks-building:building:1074; unlocks-building:building:1601; unlocks-building:building:1602; unlocks-building:building:1604,"진행 역할은 '과일, 곡물과 버섯을 술과 조미료로 바꾼다'이다. 선행 2개와 해금 4개를 연구 그래프에 연결한다.",research-topology-and-unlocks,근거 확인,,active-authored,Assets/Resources/SO/Content/GameDomainContentCatalog.asset; Assets/Resources/SO/GameContentCatalog.asset,catalog-registered-static-consumer,Assets/Scripts/Services/Effects/Runtime/CharacterDerivedStatsSnapshot.cs; Assets/Scripts/Services/Infrastructure/BlueprintResearchContracts.cs; Assets/Scripts/Services/Infrastructure/BlueprintResearchProjectCoordinator.cs; Assets/Scripts/Services/Infrastructure/BlueprintResearchRuntime.cs; Assets/Scripts/Services/Infrastructure/BlueprintResearchRuntimeProvider.cs; Assets/Scripts/Services/Infrastructure/BlueprintResearchSaveSection.cs; Assets/Scripts/Services/Infrastructure/ResearchCraftingSummaryService.cs; Assets/Scripts/Services/Infrastructure/ResearchFacilityCapacityAdapter.cs; Assets/Scripts/Services/Infrastructure/ResearchGraphLayoutService.cs; Assets/Scripts/Services/Infrastructure/ResearchProjectCatalogAdapter.cs; Assets/Scripts/Services/Infrastructure/ResearchRewardCatalogAdapter.cs; Assets/Scripts/Services/Run/FirstRunObjectiveRuntime.cs,Assets/Scripts/Services/Infrastructure/BlueprintResearchContracts.cs; Assets/Scripts/Services/Infrastructure/BlueprintResearchRuntime.cs; Assets/Scripts/Services/Infrastructure/BlueprintResearchSaveSection.cs; Assets/Scripts/Services/Infrastructure/ResearchCraftingSummaryService.cs; Assets/Scripts/Services/Run/FirstRunObjectiveRuntime.cs; Assets/Scripts/Services/Run/V20MilestoneWorldSnapshotProjector.cs; Assets/Scripts/Views/UI/ResearchTreeWindow.cs,17,ProductionRecipeSO; ResearchProjectSO,"진행 역할은 '과일, 곡물과 버섯을 술과 조미료로 바꾼다'이다. 선행 2개와 해금 4개를 연구 그래프에 연결한다.",연구 분야 12의 선행·해금 그래프에서 진행 경계를 만든다.,requiredWork=60,research-field:12,"비교 후보(대체 가능성 미검증): ResearchProjectSO:research:cuisine:baking, ResearchProjectSO:research:cuisine:controlled-fermentation, ResearchProjectSO:research:cuisine:crops, ResearchProjectSO:research:cuisine:distilling-aging, ResearchProjectSO:research:cuisine:kitchen-hygiene, ResearchProjectSO:research:cuisine:lavish, ResearchProjectSO:research:cuisine:livestock, ResearchProjectSO:research:cuisine:milling, ResearchProjectSO:research:cuisine:vegan","직접 참조 17건에 영향: ProductionRecipeSO:recipe:fermented-liquor, ProductionRecipeSO:recipe:fermented-vinegar, ProductionRecipeSO:recipe:grape-juice, ProductionRecipeSO:recipe:grape-syrup, ProductionRecipeSO:recipe:night-wine, ProductionRecipeSO:recipe:syrup, ProductionRecipeSO:recipe:twilight-beer, ProductionRecipeSO:recipe:young-wine, ResearchProjectSO:research:cuisine:controlled-fermentation, ResearchProjectSO:research:cuisine:distilling-aging 외",research-topology-and-unlocks; niche=field+prerequisites+unlocks; cost=requiredWork,Assets/Resources/SO/Research/Projects/cuisine_fermentation.asset,aa7c653b442a12b44b0581cfac9b62bd,"{""fileID"":0}",0,ResearchBlueprintRule,None,explicit-serialized,"과일, 곡물과 버섯을 술과 조미료로 바꾼다.",발효,[],0,"[{""capability"":0,""requiredCount"":1},{""capability"":3,""requiredCount"":1}]",2,12,ResearchField,Cuisine,explicit-serialized,"{""fileID"":0}",7125,0,ResearchPrerequisiteKind,Theory,implicit-csharp-default,cuisine_fermentation,1,"[{""kind"":1,""prerequisite"":{""fileID"":11400000,""guid"":""360e4db2acac324488cd14391e8378e1"",""type"":2},""prerequisiteId"":""research:cuisine:livestock"",""reason"":""축산 조리의 제작 기법이(가) 발효 구현에 직접 필요하다.""}]",1,"[{""fileID"":11400000,""guid"":""360e4db2acac324488cd14391e8378e1"",""type"":2}]",1,research:cuisine:fermentation,60,"{""items"":[{""rid"":7737212199327498478},{""rid"":7737212199327498479},{""rid"":7737212199327498480},{""rid"":7737212199327498481}]}"
research-effects,ResearchProjectSO,ResearchProjectSO|research:cuisine:kitchen-hygiene,research:cuisine:kitchen-hygiene,주방 위생,상수와 배수에 연결한 전처리 싱크로 고급식 재료를 안전하게 세척한다.,분야 12; 작업 84; 선행 4; 해금 3; 시설 요구 2; 효과 0,prerequisite:research:cuisine:livestock; prerequisite:research:cuisine:livestock; prerequisite:research:cuisine:livestock; prerequisite:research:plumbing:sewer; prerequisite:research:plumbing:sewer; prerequisite:research:plumbing:sewer; unlocks-building:building:1610; unlocks-building:building:1611; unlocks-building:building:1612,진행 역할은 '상수와 배수에 연결한 전처리 싱크로 고급식 재료를 안전하게 세척한다'이다. 선행 4개와 해금 3개를 연구 그래프에 연결한다.,research-topology-and-unlocks,근거 확인,,active-authored,Assets/Resources/SO/Content/GameDomainContentCatalog.asset; Assets/Resources/SO/GameContentCatalog.asset,catalog-registered-static-consumer,Assets/Scripts/Services/Effects/Runtime/CharacterDerivedStatsSnapshot.cs; Assets/Scripts/Services/Infrastructure/BlueprintResearchContracts.cs; Assets/Scripts/Services/Infrastructure/BlueprintResearchProjectCoordinator.cs; Assets/Scripts/Services/Infrastructure/BlueprintResearchRuntime.cs; Assets/Scripts/Services/Infrastructure/BlueprintResearchRuntimeProvider.cs; Assets/Scripts/Services/Infrastructure/BlueprintResearchSaveSection.cs; Assets/Scripts/Services/Infrastructure/ResearchCraftingSummaryService.cs; Assets/Scripts/Services/Infrastructure/ResearchFacilityCapacityAdapter.cs; Assets/Scripts/Services/Infrastructure/ResearchGraphLayoutService.cs; Assets/Scripts/Services/Infrastructure/ResearchProjectCatalogAdapter.cs; Assets/Scripts/Services/Infrastructure/ResearchRewardCatalogAdapter.cs; Assets/Scripts/Services/Run/FirstRunObjectiveRuntime.cs,Assets/Scripts/Services/Infrastructure/BlueprintResearchContracts.cs; Assets/Scripts/Services/Infrastructure/BlueprintResearchRuntime.cs; Assets/Scripts/Services/Infrastructure/BlueprintResearchSaveSection.cs; Assets/Scripts/Services/Infrastructure/ResearchCraftingSummaryService.cs; Assets/Scripts/Services/Run/FirstRunObjectiveRuntime.cs; Assets/Scripts/Services/Run/V20MilestoneWorldSnapshotProjector.cs; Assets/Scripts/Views/UI/ResearchTreeWindow.cs,6,ProductionRecipeSO; ResearchProjectSO,진행 역할은 '상수와 배수에 연결한 전처리 싱크로 고급식 재료를 안전하게 세척한다'이다. 선행 4개와 해금 3개를 연구 그래프에 연결한다.,연구 분야 12의 선행·해금 그래프에서 진행 경계를 만든다.,requiredWork=84,research-field:12,"비교 후보(대체 가능성 미검증): ResearchProjectSO:research:cuisine:baking, ResearchProjectSO:research:cuisine:controlled-fermentation, ResearchProjectSO:research:cuisine:crops, ResearchProjectSO:research:cuisine:distilling-aging, ResearchProjectSO:research:cuisine:fermentation, ResearchProjectSO:research:cuisine:lavish, ResearchProjectSO:research:cuisine:livestock, ResearchProjectSO:research:cuisine:milling, ResearchProjectSO:research:cuisine:vegan","직접 참조 6건에 영향: ProductionRecipeSO:recipe:seasoned-filling, ProductionRecipeSO:recipe:stuffed-mushroom, ProductionRecipeSO:recipe:washed-vegetable, ResearchProjectSO:research:cuisine:lavish",research-topology-and-unlocks; niche=field+prerequisites+unlocks; cost=requiredWork,Assets/Resources/SO/Research/Projects/cuisine_kitchen_hygiene.asset,2576ffdcd1c76fd4997ed554e22668c8,"{""fileID"":0}",0,ResearchBlueprintRule,None,explicit-serialized,상수와 배수에 연결한 전처리 싱크로 고급식 재료를 안전하게 세척한다.,주방 위생,[],0,"[{""capability"":0,""requiredCount"":1},{""capability"":3,""requiredCount"":1}]",2,12,ResearchField,Cuisine,explicit-serialized,"{""fileID"":0}",7128,0,ResearchPrerequisiteKind,Theory,implicit-csharp-default,cuisine_kitchen_hygiene,1,"[{""kind"":1,""prerequisite"":{""fileID"":11400000,""guid"":""360e4db2acac324488cd14391e8378e1"",""type"":2},""prerequisiteId"":""research:cuisine:livestock"",""reason"":""축산 조리의 제작 기법이(가) 주방 위생 구현에 직접 필요하다.""},{""kind"":2,""prerequisite"":{""fileID"":11400000,""guid"":""e8304218a91814b44bbdc6fb4d4705b2"",""type"":2},""prerequisiteId"":""research:plumbing:sewer"",""reason"":""하수 처리와 수세 위생의 공학 원리이(가) 주방 위생 구현에 직접 필요하다.""}]",2,"[{""fileID"":11400000,""guid"":""360e4db2acac324488cd14391e8378e1"",""type"":2},{""fileID"":11400000,""guid"":""e8304218a91814b44bbdc6fb4d4705b2"",""type"":2}]",2,research:cuisine:kitchen-hygiene,84,"{""items"":[{""rid"":7737212199327498482},{""rid"":7737212199327498483},{""rid"":7737212199327498484}]}"
research-effects,ResearchProjectSO,ResearchProjectSO|research:cuisine:lavish,research:cuisine:lavish,호화·보존식,세척·제빵·발효·보존 설비를 모두 활용해 호화식과 보존식을 만든다.,분야 12; 작업 84; 선행 8; 해금 0; 시설 요구 2; 효과 0,prerequisite:research:cuisine:baking; prerequisite:research:cuisine:baking; prerequisite:research:cuisine:baking; prerequisite:research:cuisine:fermentation; prerequisite:research:cuisine:fermentation; prerequisite:research:cuisine:fermentation; prerequisite:research:cuisine:kitchen-hygiene; prerequisite:research:cuisine:kitchen-hygiene; prerequisite:research:cuisine:kitchen-hygiene; prerequisite:research:survival:preservation; prerequisite:research:survival:preservation; prerequisite:research:survival:preservation,진행 역할은 '세척·제빵·발효·보존 설비를 모두 활용해 호화식과 보존식을 만든다'이다. 선행 8개와 해금 0개를 연구 그래프에 연결한다.,research-topology-and-unlocks,근거 확인,,active-authored,Assets/Resources/SO/Content/GameDomainContentCatalog.asset; Assets/Resources/SO/GameContentCatalog.asset,catalog-registered-static-consumer,Assets/Scripts/Services/Effects/Runtime/CharacterDerivedStatsSnapshot.cs; Assets/Scripts/Services/Infrastructure/BlueprintResearchContracts.cs; Assets/Scripts/Services/Infrastructure/BlueprintResearchProjectCoordinator.cs; Assets/Scripts/Services/Infrastructure/BlueprintResearchRuntime.cs; Assets/Scripts/Services/Infrastructure/BlueprintResearchRuntimeProvider.cs; Assets/Scripts/Services/Infrastructure/BlueprintResearchSaveSection.cs; Assets/Scripts/Services/Infrastructure/ResearchCraftingSummaryService.cs; Assets/Scripts/Services/Infrastructure/ResearchFacilityCapacityAdapter.cs; Assets/Scripts/Services/Infrastructure/ResearchGraphLayoutService.cs; Assets/Scripts/Services/Infrastructure/ResearchProjectCatalogAdapter.cs; Assets/Scripts/Services/Infrastructure/ResearchRewardCatalogAdapter.cs; Assets/Scripts/Services/Run/FirstRunObjectiveRuntime.cs,Assets/Scripts/Services/Infrastructure/BlueprintResearchContracts.cs; Assets/Scripts/Services/Infrastructure/BlueprintResearchRuntime.cs; Assets/Scripts/Services/Infrastructure/BlueprintResearchSaveSection.cs; Assets/Scripts/Services/Infrastructure/ResearchCraftingSummaryService.cs; Assets/Scripts/Services/Run/FirstRunObjectiveRuntime.cs; Assets/Scripts/Services/Run/V20MilestoneWorldSnapshotProjector.cs; Assets/Scripts/Views/UI/ResearchTreeWindow.cs,4,ProductionRecipeSO,진행 역할은 '세척·제빵·발효·보존 설비를 모두 활용해 호화식과 보존식을 만든다'이다. 선행 8개와 해금 0개를 연구 그래프에 연결한다.,연구 분야 12의 선행·해금 그래프에서 진행 경계를 만든다.,requiredWork=84,research-field:12,"비교 후보(대체 가능성 미검증): ResearchProjectSO:research:cuisine:baking, ResearchProjectSO:research:cuisine:controlled-fermentation, ResearchProjectSO:research:cuisine:crops, ResearchProjectSO:research:cuisine:distilling-aging, ResearchProjectSO:research:cuisine:fermentation, ResearchProjectSO:research:cuisine:kitchen-hygiene, ResearchProjectSO:research:cuisine:livestock, ResearchProjectSO:research:cuisine:milling, ResearchProjectSO:research:cuisine:vegan","직접 참조 4건에 영향: ProductionRecipeSO:recipe:lavish-meat, ProductionRecipeSO:recipe:lavish-vegan, ProductionRecipeSO:recipe:preserved-ration, ProductionRecipeSO:recipe:ration-mixture",research-topology-and-unlocks; niche=field+prerequisites+unlocks; cost=requiredWork,Assets/Resources/SO/Research/Projects/cuisine_lavish.asset,32fd03e066753da45b755b4f22fd8b88,"{""fileID"":0}",0,ResearchBlueprintRule,None,explicit-serialized,세척·제빵·발효·보존 설비를 모두 활용해 호화식과 보존식을 만든다.,호화·보존식,[],0,"[{""capability"":0,""requiredCount"":1},{""capability"":3,""requiredCount"":1}]",2,12,ResearchField,Cuisine,explicit-serialized,"{""fileID"":0}",7126,0,ResearchPrerequisiteKind,Theory,implicit-csharp-default,cuisine_lavish,1,"[{""kind"":1,""prerequisite"":{""fileID"":11400000,""guid"":""4ab25e7b549727647902fa1512f46642"",""type"":2},""prerequisiteId"":""research:cuisine:baking"",""reason"":""제빵의 제작 기법이(가) 호화·보존식 구현에 직접 필요하다.""},{""kind"":1,""prerequisite"":{""fileID"":11400000,""guid"":""aa7c653b442a12b44b0581cfac9b62bd"",""type"":2},""prerequisiteId"":""research:cuisine:fermentation"",""reason"":""발효의 제작 기법이(가) 호화·보존식 구현에 직접 필요하다.""},{""kind"":1,""prerequisite"":{""fileID"":11400000,""guid"":""2576ffdcd1c76fd4997ed554e22668c8"",""type"":2},""prerequisiteId"":""research:cuisine:kitchen-hygiene"",""reason"":""주방 위생의 제작 기법이(가) 호화·보존식 구현에 직접 필요하다.""},{""kind"":2,""prerequisite"":{""fileID"":11400000,""guid"":""969470a77353b3d45a9026b935c6c7bd"",""type"":2},""prerequisiteId"":""research:survival:preservation"",""reason"":""식량 보존의 공학 원리이(가) 호화·보존식 구현에 직접 필요하다.""}]",4,"[{""fileID"":11400000,""guid"":""4ab25e7b549727647902fa1512f46642"",""type"":2},{""fileID"":11400000,""guid"":""aa7c653b442a12b44b0581cfac9b62bd"",""type"":2},{""fileID"":11400000,""guid"":""2576ffdcd1c76fd4997ed554e22668c8"",""type"":2},{""fileID"":11400000,""guid"":""969470a77353b3d45a9026b935c6c7bd"",""type"":2}]",4,research:cuisine:lavish,84,"{""items"":[]}"
research-effects,ResearchProjectSO,ResearchProjectSO|research:cuisine:livestock,research:cuisine:livestock,축산 조리,"고기, 우유와 알을 고급 식사로 가공한다.",분야 12; 작업 42; 선행 4; 해금 2; 시설 요구 2; 효과 0,prerequisite:research:cuisine:vegan; prerequisite:research:cuisine:vegan; prerequisite:research:cuisine:vegan; prerequisite:research:husbandry:feed; prerequisite:research:husbandry:feed; prerequisite:research:husbandry:feed; unlocks-building:building:1614; unlocks-building:building:1615,"진행 역할은 '고기, 우유와 알을 고급 식사로 가공한다'이다. 선행 4개와 해금 2개를 연구 그래프에 연결한다.",research-topology-and-unlocks,근거 확인,,active-authored,Assets/Resources/SO/Content/GameDomainContentCatalog.asset; Assets/Resources/SO/GameContentCatalog.asset,catalog-registered-static-consumer,Assets/Scripts/Services/Effects/Runtime/CharacterDerivedStatsSnapshot.cs; Assets/Scripts/Services/Infrastructure/BlueprintResearchContracts.cs; Assets/Scripts/Services/Infrastructure/BlueprintResearchProjectCoordinator.cs; Assets/Scripts/Services/Infrastructure/BlueprintResearchRuntime.cs; Assets/Scripts/Services/Infrastructure/BlueprintResearchRuntimeProvider.cs; Assets/Scripts/Services/Infrastructure/BlueprintResearchSaveSection.cs; Assets/Scripts/Services/Infrastructure/ResearchCraftingSummaryService.cs; Assets/Scripts/Services/Infrastructure/ResearchFacilityCapacityAdapter.cs; Assets/Scripts/Services/Infrastructure/ResearchGraphLayoutService.cs; Assets/Scripts/Services/Infrastructure/ResearchProjectCatalogAdapter.cs; Assets/Scripts/Services/Infrastructure/ResearchRewardCatalogAdapter.cs; Assets/Scripts/Services/Run/FirstRunObjectiveRuntime.cs,Assets/Scripts/Services/Infrastructure/BlueprintResearchContracts.cs; Assets/Scripts/Services/Infrastructure/BlueprintResearchRuntime.cs; Assets/Scripts/Services/Infrastructure/BlueprintResearchSaveSection.cs; Assets/Scripts/Services/Infrastructure/ResearchCraftingSummaryService.cs; Assets/Scripts/Services/Run/FirstRunObjectiveRuntime.cs; Assets/Scripts/Services/Run/V20MilestoneWorldSnapshotProjector.cs; Assets/Scripts/Views/UI/ResearchTreeWindow.cs,18,ProductionRecipeSO; ResearchProjectSO,"진행 역할은 '고기, 우유와 알을 고급 식사로 가공한다'이다. 선행 4개와 해금 2개를 연구 그래프에 연결한다.",연구 분야 12의 선행·해금 그래프에서 진행 경계를 만든다.,requiredWork=42,research-field:12,"비교 후보(대체 가능성 미검증): ResearchProjectSO:research:cuisine:baking, ResearchProjectSO:research:cuisine:controlled-fermentation, ResearchProjectSO:research:cuisine:crops, ResearchProjectSO:research:cuisine:distilling-aging, ResearchProjectSO:research:cuisine:fermentation, ResearchProjectSO:research:cuisine:kitchen-hygiene, ResearchProjectSO:research:cuisine:lavish, ResearchProjectSO:research:cuisine:milling, ResearchProjectSO:research:cuisine:vegan","직접 참조 18건에 영향: ProductionRecipeSO:recipe:boar-stew, ProductionRecipeSO:recipe:cheese, ProductionRecipeSO:recipe:cheese-mushroom, ProductionRecipeSO:recipe:curd, ProductionRecipeSO:recipe:egg-pancake, ProductionRecipeSO:recipe:fresh-curd, ProductionRecipeSO:recipe:roasted-meat, ProductionRecipeSO:recipe:salted-meat-stew, ProductionRecipeSO:recipe:tallow, ResearchProjectSO:research:cuisine:fermentation 외",research-topology-and-unlocks; niche=field+prerequisites+unlocks; cost=requiredWork,Assets/Resources/SO/Research/Projects/cuisine_livestock.asset,360e4db2acac324488cd14391e8378e1,"{""fileID"":0}",0,ResearchBlueprintRule,None,explicit-serialized,"고기, 우유와 알을 고급 식사로 가공한다.",축산 조리,[],0,"[{""capability"":0,""requiredCount"":1},{""capability"":3,""requiredCount"":1}]",2,12,ResearchField,Cuisine,explicit-serialized,"{""fileID"":0}",7124,0,ResearchPrerequisiteKind,Theory,implicit-csharp-default,cuisine_livestock,1,"[{""kind"":1,""prerequisite"":{""fileID"":11400000,""guid"":""c85a7f923c24ce24782b543240f0c82a"",""type"":2},""prerequisiteId"":""research:cuisine:vegan"",""reason"":""채식 조리의 제작 기법이(가) 축산 조리 구현에 직접 필요하다.""},{""kind"":2,""prerequisite"":{""fileID"":11400000,""guid"":""4054a9baf1399df40b066cc53cd96b8c"",""type"":2},""prerequisiteId"":""research:husbandry:feed"",""reason"":""사료·깔짚의 공학 원리이(가) 축산 조리 구현에 직접 필요하다.""}]",2,"[{""fileID"":11400000,""guid"":""c85a7f923c24ce24782b543240f0c82a"",""type"":2},{""fileID"":11400000,""guid"":""4054a9baf1399df40b066cc53cd96b8c"",""type"":2}]",2,research:cuisine:livestock,42,"{""items"":[{""rid"":7737212199327498485},{""rid"":7737212199327498486}]}"
research-effects,ResearchProjectSO,ResearchProjectSO|research:cuisine:milling,research:cuisine:milling,제분·제빵,황혼곡을 밀가루와 빵으로 가공한다.,분야 12; 작업 28; 선행 2; 해금 2; 시설 요구 1; 효과 0,prerequisite:research:cuisine:crops; prerequisite:research:cuisine:crops; prerequisite:research:cuisine:crops; unlocks-building:building:1073; unlocks-building:building:1600,진행 역할은 '황혼곡을 밀가루와 빵으로 가공한다'이다. 선행 2개와 해금 2개를 연구 그래프에 연결한다.,research-topology-and-unlocks,근거 확인,,active-authored,Assets/Resources/SO/Content/GameDomainContentCatalog.asset; Assets/Resources/SO/GameContentCatalog.asset,catalog-registered-static-consumer,Assets/Scripts/Services/Effects/Runtime/CharacterDerivedStatsSnapshot.cs; Assets/Scripts/Services/Infrastructure/BlueprintResearchContracts.cs; Assets/Scripts/Services/Infrastructure/BlueprintResearchProjectCoordinator.cs; Assets/Scripts/Services/Infrastructure/BlueprintResearchRuntime.cs; Assets/Scripts/Services/Infrastructure/BlueprintResearchRuntimeProvider.cs; Assets/Scripts/Services/Infrastructure/BlueprintResearchSaveSection.cs; Assets/Scripts/Services/Infrastructure/ResearchCraftingSummaryService.cs; Assets/Scripts/Services/Infrastructure/ResearchFacilityCapacityAdapter.cs; Assets/Scripts/Services/Infrastructure/ResearchGraphLayoutService.cs; Assets/Scripts/Services/Infrastructure/ResearchProjectCatalogAdapter.cs; Assets/Scripts/Services/Infrastructure/ResearchRewardCatalogAdapter.cs; Assets/Scripts/Services/Run/FirstRunObjectiveRuntime.cs,Assets/Scripts/Services/Infrastructure/BlueprintResearchContracts.cs; Assets/Scripts/Services/Infrastructure/BlueprintResearchRuntime.cs; Assets/Scripts/Services/Infrastructure/BlueprintResearchSaveSection.cs; Assets/Scripts/Services/Infrastructure/ResearchCraftingSummaryService.cs; Assets/Scripts/Services/Run/FirstRunObjectiveRuntime.cs; Assets/Scripts/Services/Run/V20MilestoneWorldSnapshotProjector.cs; Assets/Scripts/Views/UI/ResearchTreeWindow.cs,10,ProductionRecipeSO; ResearchProjectSO,진행 역할은 '황혼곡을 밀가루와 빵으로 가공한다'이다. 선행 2개와 해금 2개를 연구 그래프에 연결한다.,연구 분야 12의 선행·해금 그래프에서 진행 경계를 만든다.,requiredWork=28,research-field:12,"비교 후보(대체 가능성 미검증): ResearchProjectSO:research:cuisine:baking, ResearchProjectSO:research:cuisine:controlled-fermentation, ResearchProjectSO:research:cuisine:crops, ResearchProjectSO:research:cuisine:distilling-aging, ResearchProjectSO:research:cuisine:fermentation, ResearchProjectSO:research:cuisine:kitchen-hygiene, ResearchProjectSO:research:cuisine:lavish, ResearchProjectSO:research:cuisine:livestock, ResearchProjectSO:research:cuisine:vegan","직접 참조 10건에 영향: ProductionRecipeSO:recipe:component:paper-paste, ProductionRecipeSO:recipe:malt, ProductionRecipeSO:recipe:milling-flour, ProductionRecipeSO:recipe:starch, ResearchProjectSO:research:cuisine:baking, ResearchProjectSO:research:cuisine:vegan",research-topology-and-unlocks; niche=field+prerequisites+unlocks; cost=requiredWork,Assets/Resources/SO/Research/Projects/cuisine_milling.asset,f1173f0c18c7a684ebd30fecce8262cd,"{""fileID"":0}",0,ResearchBlueprintRule,None,explicit-serialized,황혼곡을 밀가루와 빵으로 가공한다.,제분·제빵,[],0,"[{""capability"":0,""requiredCount"":1}]",1,12,ResearchField,Cuisine,explicit-serialized,"{""fileID"":0}",7122,0,ResearchPrerequisiteKind,Theory,implicit-csharp-default,cuisine_milling,1,"[{""kind"":1,""prerequisite"":{""fileID"":11400000,""guid"":""36ea1732c9a8ac5488a5376f7daeada6"",""type"":2},""prerequisiteId"":""research:cuisine:crops"",""reason"":""농산 조리의 제작 기법이(가) 제분·제빵 구현에 직접 필요하다.""}]",1,"[{""fileID"":11400000,""guid"":""36ea1732c9a8ac5488a5376f7daeada6"",""type"":2}]",1,research:cuisine:milling,28,"{""items"":[{""rid"":7737212199327498487},{""rid"":7737212199327498488}]}"
research-effects,ResearchProjectSO,ResearchProjectSO|research:cuisine:vegan,research:cuisine:vegan,채식 조리,비건과 채식 식단을 실제 재료로 구분해 조리한다.,분야 12; 작업 42; 선행 4; 해금 0; 시설 요구 2; 효과 0,prerequisite:research:agriculture:field; prerequisite:research:agriculture:field; prerequisite:research:agriculture:field; prerequisite:research:cuisine:milling; prerequisite:research:cuisine:milling; prerequisite:research:cuisine:milling,진행 역할은 '비건과 채식 식단을 실제 재료로 구분해 조리한다'이다. 선행 4개와 해금 0개를 연구 그래프에 연결한다.,research-topology-and-unlocks,근거 확인,,active-authored,Assets/Resources/SO/Content/GameDomainContentCatalog.asset; Assets/Resources/SO/GameContentCatalog.asset,catalog-registered-static-consumer,Assets/Scripts/Services/Effects/Runtime/CharacterDerivedStatsSnapshot.cs; Assets/Scripts/Services/Infrastructure/BlueprintResearchContracts.cs; Assets/Scripts/Services/Infrastructure/BlueprintResearchProjectCoordinator.cs; Assets/Scripts/Services/Infrastructure/BlueprintResearchRuntime.cs; Assets/Scripts/Services/Infrastructure/BlueprintResearchRuntimeProvider.cs; Assets/Scripts/Services/Infrastructure/BlueprintResearchSaveSection.cs; Assets/Scripts/Services/Infrastructure/ResearchCraftingSummaryService.cs; Assets/Scripts/Services/Infrastructure/ResearchFacilityCapacityAdapter.cs; Assets/Scripts/Services/Infrastructure/ResearchGraphLayoutService.cs; Assets/Scripts/Services/Infrastructure/ResearchProjectCatalogAdapter.cs; Assets/Scripts/Services/Infrastructure/ResearchRewardCatalogAdapter.cs; Assets/Scripts/Services/Run/FirstRunObjectiveRuntime.cs,Assets/Scripts/Services/Infrastructure/BlueprintResearchContracts.cs; Assets/Scripts/Services/Infrastructure/BlueprintResearchRuntime.cs; Assets/Scripts/Services/Infrastructure/BlueprintResearchSaveSection.cs; Assets/Scripts/Services/Infrastructure/ResearchCraftingSummaryService.cs; Assets/Scripts/Services/Run/FirstRunObjectiveRuntime.cs; Assets/Scripts/Services/Run/V20MilestoneWorldSnapshotProjector.cs; Assets/Scripts/Views/UI/ResearchTreeWindow.cs,5,ProductionRecipeSO; ResearchProjectSO,진행 역할은 '비건과 채식 식단을 실제 재료로 구분해 조리한다'이다. 선행 4개와 해금 0개를 연구 그래프에 연결한다.,연구 분야 12의 선행·해금 그래프에서 진행 경계를 만든다.,requiredWork=42,research-field:12,"비교 후보(대체 가능성 미검증): ResearchProjectSO:research:cuisine:baking, ResearchProjectSO:research:cuisine:controlled-fermentation, ResearchProjectSO:research:cuisine:crops, ResearchProjectSO:research:cuisine:distilling-aging, ResearchProjectSO:research:cuisine:fermentation, ResearchProjectSO:research:cuisine:kitchen-hygiene, ResearchProjectSO:research:cuisine:lavish, ResearchProjectSO:research:cuisine:livestock, ResearchProjectSO:research:cuisine:milling","직접 참조 5건에 영향: ProductionRecipeSO:recipe:garden-meal, ProductionRecipeSO:recipe:preserved-vegetable, ResearchProjectSO:research:cuisine:livestock",research-topology-and-unlocks; niche=field+prerequisites+unlocks; cost=requiredWork,Assets/Resources/SO/Research/Projects/cuisine_vegan.asset,c85a7f923c24ce24782b543240f0c82a,"{""fileID"":0}",0,ResearchBlueprintRule,None,explicit-serialized,비건과 채식 식단을 실제 재료로 구분해 조리한다.,채식 조리,[],0,"[{""capability"":0,""requiredCount"":1},{""capability"":3,""requiredCount"":1}]",2,12,ResearchField,Cuisine,explicit-serialized,"{""fileID"":0}",7123,0,ResearchPrerequisiteKind,Theory,implicit-csharp-default,cuisine_vegan,1,"[{""kind"":2,""prerequisite"":{""fileID"":11400000,""guid"":""7b91558f8c545e84b8057994f0868974"",""type"":2},""prerequisiteId"":""research:agriculture:field"",""reason"":""외부 경작의 공학 원리이(가) 채식 조리 구현에 직접 필요하다.""},{""kind"":1,""prerequisite"":{""fileID"":11400000,""guid"":""f1173f0c18c7a684ebd30fecce8262cd"",""type"":2},""prerequisiteId"":""research:cuisine:milling"",""reason"":""제분·제빵의 제작 기법이(가) 채식 조리 구현에 직접 필요하다.""}]",2,"[{""fileID"":11400000,""guid"":""7b91558f8c545e84b8057994f0868974"",""type"":2},{""fileID"":11400000,""guid"":""f1173f0c18c7a684ebd30fecce8262cd"",""type"":2}]",2,research:cuisine:vegan,42,"{""items"":[]}"
research-effects,ResearchProjectSO,ResearchProjectSO|research:defense:alliance-signals,research:defense:alliance-signals,동맹 신호학,동맹 지원군의 접근 경로와 방어시설 허용 목록을 공유하는 신호 체계를 만든다.,분야 2; 작업 153; 선행 4; 해금 1; 시설 요구 3; 효과 0,prerequisite:research:commerce:secure-trade; prerequisite:research:commerce:secure-trade; prerequisite:research:commerce:secure-trade; prerequisite:research:defense:siege-fortification; prerequisite:research:defense:siege-fortification; prerequisite:research:defense:siege-fortification; unlocks-building:building:8812,진행 역할은 '동맹 지원군의 접근 경로와 방어시설 허용 목록을 공유하는 신호 체계를 만든다'이다. 선행 4개와 해금 1개를 연구 그래프에 연결한다.,research-topology-and-unlocks,근거 확인,,active-authored,Assets/Resources/SO/Content/GameDomainContentCatalog.asset; Assets/Resources/SO/GameContentCatalog.asset,catalog-registered-static-consumer,Assets/Scripts/Services/Effects/Runtime/CharacterDerivedStatsSnapshot.cs; Assets/Scripts/Services/Infrastructure/BlueprintResearchContracts.cs; Assets/Scripts/Services/Infrastructure/BlueprintResearchProjectCoordinator.cs; Assets/Scripts/Services/Infrastructure/BlueprintResearchRuntime.cs; Assets/Scripts/Services/Infrastructure/BlueprintResearchRuntimeProvider.cs; Assets/Scripts/Services/Infrastructure/BlueprintResearchSaveSection.cs; Assets/Scripts/Services/Infrastructure/ResearchCraftingSummaryService.cs; Assets/Scripts/Services/Infrastructure/ResearchFacilityCapacityAdapter.cs; Assets/Scripts/Services/Infrastructure/ResearchGraphLayoutService.cs; Assets/Scripts/Services/Infrastructure/ResearchProjectCatalogAdapter.cs; Assets/Scripts/Services/Infrastructure/ResearchRewardCatalogAdapter.cs; Assets/Scripts/Services/Invasion/InvasionDefenseKitSupplyRuntime.cs,Assets/Scripts/Services/Infrastructure/BlueprintResearchContracts.cs; Assets/Scripts/Services/Infrastructure/BlueprintResearchRuntime.cs; Assets/Scripts/Services/Infrastructure/BlueprintResearchSaveSection.cs; Assets/Scripts/Services/Infrastructure/ResearchCraftingSummaryService.cs; Assets/Scripts/Services/Run/FirstRunObjectiveRuntime.cs; Assets/Scripts/Services/Run/V20MilestoneWorldSnapshotProjector.cs; Assets/Scripts/Views/UI/ResearchTreeWindow.cs,2,ProductionRecipeSO,진행 역할은 '동맹 지원군의 접근 경로와 방어시설 허용 목록을 공유하는 신호 체계를 만든다'이다. 선행 4개와 해금 1개를 연구 그래프에 연결한다.,연구 분야 2의 선행·해금 그래프에서 진행 경계를 만든다.,requiredWork=153,research-field:2,"비교 후보(대체 가능성 미검증): ResearchProjectSO:research:defense:corridor-mechanisms, ResearchProjectSO:research:defense:fortification, ResearchProjectSO:research:defense:ranged-positions, ResearchProjectSO:research:defense:remote-control, ResearchProjectSO:research:defense:rune-identification, ResearchProjectSO:research:defense:siege-fortification, ResearchProjectSO:research:defense:supply, ResearchProjectSO:research:defense:tactical-command, ResearchProjectSO:research:defense:watch, ResearchProjectSO:research:equipment:ballistics, ResearchProjectSO:research:equipment:field-maintenance, ResearchProjectSO:research:equipment:mechanical-projectiles","직접 참조 2건에 영향: ProductionRecipeSO:recipe:ammo:signal-flare, ProductionRecipeSO:recipe:supply:alliance-signal-kit",research-topology-and-unlocks; niche=field+prerequisites+unlocks; cost=requiredWork,Assets/Resources/SO/Research/Projects/defense_alliance_signals.asset,c38e91a99c175764d83bdbef52ed6024,"{""fileID"":0}",0,ResearchBlueprintRule,None,explicit-serialized,동맹 지원군의 접근 경로와 방어시설 허용 목록을 공유하는 신호 체계를 만든다.,동맹 신호학,[],0,"[{""capability"":0,""requiredCount"":2},{""capability"":3,""requiredCount"":1},{""capability"":6,""requiredCount"":1}]",3,2,ResearchField,Defense And Tactics,explicit-serialized,"{""fileID"":0}",7206,0,ResearchPrerequisiteKind,Theory,implicit-csharp-default,defense_alliance_signals,1,"[{""kind"":2,""prerequisite"":{""fileID"":11400000,""guid"":""bf20f6e0daefa5f45b490d5a4555869d"",""type"":2},""prerequisiteId"":""research:commerce:secure-trade"",""reason"":""상권 통합의 공학 원리이(가) 동맹 신호학 구현에 직접 필요하다.""},{""kind"":2,""prerequisite"":{""fileID"":11400000,""guid"":""a24581a41b78d0344aaf0472e0db52c6"",""type"":2},""prerequisiteId"":""research:defense:siege-fortification"",""reason"":""공성 요새화의 공학 원리이(가) 동맹 신호학 구현에 직접 필요하다.""}]",2,"[{""fileID"":11400000,""guid"":""bf20f6e0daefa5f45b490d5a4555869d"",""type"":2},{""fileID"":11400000,""guid"":""a24581a41b78d0344aaf0472e0db52c6"",""type"":2}]",2,research:defense:alliance-signals,153,"{""items"":[{""rid"":7737212199327498489}]}"
research-effects,ResearchProjectSO,ResearchProjectSO|research:defense:corridor-mechanisms,research:defense:corridor-mechanisms,복도 기구학,침입 감지기와 문 연동 낙하문으로 좁은 통로의 발동 순서를 설계한다.,분야 2; 작업 60; 선행 4; 해금 1; 시설 요구 2; 효과 0,prerequisite:research:defense:supply; prerequisite:research:defense:supply; prerequisite:research:defense:supply; prerequisite:research:metallurgy:iron; prerequisite:research:metallurgy:iron; prerequisite:research:metallurgy:iron; unlocks-building:building:1804,진행 역할은 '침입 감지기와 문 연동 낙하문으로 좁은 통로의 발동 순서를 설계한다'이다. 선행 4개와 해금 1개를 연구 그래프에 연결한다.,research-topology-and-unlocks,근거 확인,,active-authored,Assets/Resources/SO/Content/GameDomainContentCatalog.asset; Assets/Resources/SO/GameContentCatalog.asset,catalog-registered-static-consumer,Assets/Scripts/Services/Effects/Runtime/CharacterDerivedStatsSnapshot.cs; Assets/Scripts/Services/Infrastructure/BlueprintResearchContracts.cs; Assets/Scripts/Services/Infrastructure/BlueprintResearchProjectCoordinator.cs; Assets/Scripts/Services/Infrastructure/BlueprintResearchRuntime.cs; Assets/Scripts/Services/Infrastructure/BlueprintResearchRuntimeProvider.cs; Assets/Scripts/Services/Infrastructure/BlueprintResearchSaveSection.cs; Assets/Scripts/Services/Infrastructure/ResearchCraftingSummaryService.cs; Assets/Scripts/Services/Infrastructure/ResearchFacilityCapacityAdapter.cs; Assets/Scripts/Services/Infrastructure/ResearchGraphLayoutService.cs; Assets/Scripts/Services/Infrastructure/ResearchProjectCatalogAdapter.cs; Assets/Scripts/Services/Infrastructure/ResearchRewardCatalogAdapter.cs; Assets/Scripts/Services/Run/FirstRunObjectiveRuntime.cs,Assets/Scripts/Services/Infrastructure/BlueprintResearchContracts.cs; Assets/Scripts/Services/Infrastructure/BlueprintResearchRuntime.cs; Assets/Scripts/Services/Infrastructure/BlueprintResearchSaveSection.cs; Assets/Scripts/Services/Infrastructure/ResearchCraftingSummaryService.cs; Assets/Scripts/Services/Run/FirstRunObjectiveRuntime.cs; Assets/Scripts/Services/Run/V20MilestoneWorldSnapshotProjector.cs; Assets/Scripts/Views/UI/ResearchTreeWindow.cs,4,ProductionRecipeSO; ResearchProjectSO,진행 역할은 '침입 감지기와 문 연동 낙하문으로 좁은 통로의 발동 순서를 설계한다'이다. 선행 4개와 해금 1개를 연구 그래프에 연결한다.,연구 분야 2의 선행·해금 그래프에서 진행 경계를 만든다.,requiredWork=60,research-field:2,"비교 후보(대체 가능성 미검증): ResearchProjectSO:research:defense:alliance-signals, ResearchProjectSO:research:defense:fortification, ResearchProjectSO:research:defense:ranged-positions, ResearchProjectSO:research:defense:remote-control, ResearchProjectSO:research:defense:rune-identification, ResearchProjectSO:research:defense:siege-fortification, ResearchProjectSO:research:defense:supply, ResearchProjectSO:research:defense:tactical-command, ResearchProjectSO:research:defense:watch, ResearchProjectSO:research:equipment:ballistics, ResearchProjectSO:research:equipment:field-maintenance, ResearchProjectSO:research:equipment:mechanical-projectiles","직접 참조 4건에 영향: ProductionRecipeSO:recipe:component:corridor-detonator, ResearchProjectSO:research:defense:rune-identification",research-topology-and-unlocks; niche=field+prerequisites+unlocks; cost=requiredWork,Assets/Resources/SO/Research/Projects/defense_corridor_mechanisms.asset,a5c90fba9f8b65141a148ebbd954b803,"{""fileID"":0}",0,ResearchBlueprintRule,None,explicit-serialized,침입 감지기와 문 연동 낙하문으로 좁은 통로의 발동 순서를 설계한다.,복도 기구학,[],0,"[{""capability"":0,""requiredCount"":2},{""capability"":3,""requiredCount"":1}]",2,2,ResearchField,Defense And Tactics,explicit-serialized,"{""fileID"":0}",7202,0,ResearchPrerequisiteKind,Theory,implicit-csharp-default,defense_corridor_mechanisms,1,"[{""kind"":2,""prerequisite"":{""fileID"":11400000,""guid"":""2594e67f84c3f1444a2738ea7ce0f81f"",""type"":2},""prerequisiteId"":""research:defense:supply"",""reason"":""방어 보급학의 공학 원리이(가) 복도 기구학 구현에 직접 필요하다.""},{""kind"":2,""prerequisite"":{""fileID"":11400000,""guid"":""2a6b0ed0e88929c4dabd29e4462697af"",""type"":2},""prerequisiteId"":""research:metallurgy:iron"",""reason"":""철제 가공의 공학 원리이(가) 복도 기구학 구현에 직접 필요하다.""}]",2,"[{""fileID"":11400000,""guid"":""2594e67f84c3f1444a2738ea7ce0f81f"",""type"":2},{""fileID"":11400000,""guid"":""2a6b0ed0e88929c4dabd29e4462697af"",""type"":2}]",2,research:defense:corridor-mechanisms,60,"{""items"":[{""rid"":7737212199327498490}]}"
research-effects,ResearchProjectSO,ResearchProjectSO|research:defense:fortification,research:defense:fortification,요새화,성벽과 방어 설비를 보강한다.,분야 2; 작업 28; 선행 2; 해금 4; 시설 요구 2; 효과 0,prerequisite:research:defense:watch; prerequisite:research:defense:watch; prerequisite:research:defense:watch; references:facility-blueprint:6102; unlocks-building:building:1046; unlocks-building:building:1047; unlocks-building:building:1049; unlocks-building:building:1055,진행 역할은 '성벽과 방어 설비를 보강한다'이다. 선행 2개와 해금 4개를 연구 그래프에 연결한다.,research-topology-and-unlocks,근거 확인,,active-authored,Assets/Resources/SO/Content/GameDomainContentCatalog.asset; Assets/Resources/SO/GameContentCatalog.asset,catalog-registered-static-consumer,Assets/Scripts/Services/Effects/Runtime/CharacterDerivedStatsSnapshot.cs; Assets/Scripts/Services/Infrastructure/BlueprintResearchContracts.cs; Assets/Scripts/Services/Infrastructure/BlueprintResearchProjectCoordinator.cs; Assets/Scripts/Services/Infrastructure/BlueprintResearchRuntime.cs; Assets/Scripts/Services/Infrastructure/BlueprintResearchRuntimeProvider.cs; Assets/Scripts/Services/Infrastructure/BlueprintResearchSaveSection.cs; Assets/Scripts/Services/Infrastructure/ResearchCraftingSummaryService.cs; Assets/Scripts/Services/Infrastructure/ResearchFacilityCapacityAdapter.cs; Assets/Scripts/Services/Infrastructure/ResearchGraphLayoutService.cs; Assets/Scripts/Services/Infrastructure/ResearchProjectCatalogAdapter.cs; Assets/Scripts/Services/Infrastructure/ResearchRewardCatalogAdapter.cs; Assets/Scripts/Services/Run/FirstRunObjectiveRuntime.cs,Assets/Scripts/Services/Infrastructure/BlueprintResearchContracts.cs; Assets/Scripts/Services/Infrastructure/BlueprintResearchRuntime.cs; Assets/Scripts/Services/Infrastructure/BlueprintResearchSaveSection.cs; Assets/Scripts/Services/Infrastructure/ResearchCraftingSummaryService.cs; Assets/Scripts/Services/Run/FirstRunObjectiveRuntime.cs; Assets/Scripts/Services/Run/V20MilestoneWorldSnapshotProjector.cs; Assets/Scripts/Views/UI/ResearchTreeWindow.cs,11,CombatShieldSO; FacilityBlueprintSO; ResearchProjectSO,진행 역할은 '성벽과 방어 설비를 보강한다'이다. 선행 2개와 해금 4개를 연구 그래프에 연결한다.,연구 분야 2의 선행·해금 그래프에서 진행 경계를 만든다.,requiredWork=28,research-field:2,"비교 후보(대체 가능성 미검증): ResearchProjectSO:research:defense:alliance-signals, ResearchProjectSO:research:defense:corridor-mechanisms, ResearchProjectSO:research:defense:ranged-positions, ResearchProjectSO:research:defense:remote-control, ResearchProjectSO:research:defense:rune-identification, ResearchProjectSO:research:defense:siege-fortification, ResearchProjectSO:research:defense:supply, ResearchProjectSO:research:defense:tactical-command, ResearchProjectSO:research:defense:watch, ResearchProjectSO:research:equipment:ballistics, ResearchProjectSO:research:equipment:field-maintenance, ResearchProjectSO:research:equipment:mechanical-projectiles","직접 참조 11건에 영향: CombatShieldSO:equipment-item:shield:tower, FacilityBlueprintSO:facility-blueprint:6102, ResearchProjectSO:research:commerce:secure-trade, ResearchProjectSO:research:defense:ranged-positions, ResearchProjectSO:research:defense:supply",research-topology-and-unlocks; niche=field+prerequisites+unlocks; cost=requiredWork,Assets/Resources/SO/Research/Projects/defense_fortification.asset,66c33badde0f72d468e5a799faa3c921,"{""fileID"":11400000,""guid"":""c76eaccbfce6f46d89c14c3af6bb3433"",""type"":2}",1,ResearchBlueprintRule,Required,explicit-serialized,성벽과 방어 설비를 보강한다.,요새화,[],0,"[{""capability"":0,""requiredCount"":1},{""capability"":3,""requiredCount"":1}]",2,2,ResearchField,Defense And Tactics,explicit-serialized,"{""fileID"":0}",7022,0,ResearchPrerequisiteKind,Theory,implicit-csharp-default,defense_fortification,1,"[{""kind"":2,""prerequisite"":{""fileID"":11400000,""guid"":""bcbfd433c9ec42c4abf5a91bacd704b7"",""type"":2},""prerequisiteId"":""research:defense:watch"",""reason"":""경계 근무의 공학 원리이(가) 요새화 구현에 직접 필요하다.""}]",1,"[{""fileID"":11400000,""guid"":""bcbfd433c9ec42c4abf5a91bacd704b7"",""type"":2}]",1,research:defense:fortification,28,"{""items"":[{""rid"":7737212199327498491},{""rid"":7737212199327498492},{""rid"":7737212199327498493},{""rid"":7737212199327498494}]}"
research-effects,ResearchProjectSO,ResearchProjectSO|research:defense:ranged-positions,research:defense:ranged-positions,사격 방책,엄폐와 원거리 교전 위치를 체계화한다.,분야 2; 작업 42; 선행 2; 해금 1; 시설 요구 2; 효과 0,prerequisite:research:defense:fortification; prerequisite:research:defense:fortification; prerequisite:research:defense:fortification; unlocks-building:building:1041,진행 역할은 '엄폐와 원거리 교전 위치를 체계화한다'이다. 선행 2개와 해금 1개를 연구 그래프에 연결한다.,research-topology-and-unlocks,근거 확인,,active-authored,Assets/Resources/SO/Content/GameDomainContentCatalog.asset; Assets/Resources/SO/GameContentCatalog.asset,catalog-registered-static-consumer,Assets/Scripts/Services/Effects/Runtime/CharacterDerivedStatsSnapshot.cs; Assets/Scripts/Services/Infrastructure/BlueprintResearchContracts.cs; Assets/Scripts/Services/Infrastructure/BlueprintResearchProjectCoordinator.cs; Assets/Scripts/Services/Infrastructure/BlueprintResearchRuntime.cs; Assets/Scripts/Services/Infrastructure/BlueprintResearchRuntimeProvider.cs; Assets/Scripts/Services/Infrastructure/BlueprintResearchSaveSection.cs; Assets/Scripts/Services/Infrastructure/ResearchCraftingSummaryService.cs; Assets/Scripts/Services/Infrastructure/ResearchFacilityCapacityAdapter.cs; Assets/Scripts/Services/Infrastructure/ResearchGraphLayoutService.cs; Assets/Scripts/Services/Infrastructure/ResearchProjectCatalogAdapter.cs; Assets/Scripts/Services/Infrastructure/ResearchRewardCatalogAdapter.cs; Assets/Scripts/Services/Run/FirstRunObjectiveRuntime.cs,Assets/Scripts/Services/Infrastructure/BlueprintResearchContracts.cs; Assets/Scripts/Services/Infrastructure/BlueprintResearchRuntime.cs; Assets/Scripts/Services/Infrastructure/BlueprintResearchSaveSection.cs; Assets/Scripts/Services/Infrastructure/ResearchCraftingSummaryService.cs; Assets/Scripts/Services/Run/FirstRunObjectiveRuntime.cs; Assets/Scripts/Services/Run/V20MilestoneWorldSnapshotProjector.cs; Assets/Scripts/Views/UI/ResearchTreeWindow.cs,11,ProductionRecipeSO; ResearchProjectSO,진행 역할은 '엄폐와 원거리 교전 위치를 체계화한다'이다. 선행 2개와 해금 1개를 연구 그래프에 연결한다.,연구 분야 2의 선행·해금 그래프에서 진행 경계를 만든다.,requiredWork=42,research-field:2,"비교 후보(대체 가능성 미검증): ResearchProjectSO:research:defense:alliance-signals, ResearchProjectSO:research:defense:corridor-mechanisms, ResearchProjectSO:research:defense:fortification, ResearchProjectSO:research:defense:remote-control, ResearchProjectSO:research:defense:rune-identification, ResearchProjectSO:research:defense:siege-fortification, ResearchProjectSO:research:defense:supply, ResearchProjectSO:research:defense:tactical-command, ResearchProjectSO:research:defense:watch, ResearchProjectSO:research:equipment:ballistics, ResearchProjectSO:research:equipment:field-maintenance, ResearchProjectSO:research:equipment:mechanical-projectiles","직접 참조 11건에 영향: ProductionRecipeSO:recipe:arrow-bone, ProductionRecipeSO:recipe:bolt-bone, ResearchProjectSO:research:defense:siege-fortification, ResearchProjectSO:research:defense:tactical-command, ResearchProjectSO:research:equipment:ballistics",research-topology-and-unlocks; niche=field+prerequisites+unlocks; cost=requiredWork,Assets/Resources/SO/Research/Projects/defense_ranged_positions.asset,e955f0b01ce59194e85a72b3de7d1c30,"{""fileID"":0}",0,ResearchBlueprintRule,None,explicit-serialized,엄폐와 원거리 교전 위치를 체계화한다.,사격 방책,[],0,"[{""capability"":0,""requiredCount"":1},{""capability"":3,""requiredCount"":1}]",2,2,ResearchField,Defense And Tactics,explicit-serialized,"{""fileID"":0}",7023,0,ResearchPrerequisiteKind,Theory,implicit-csharp-default,defense_ranged_positions,1,"[{""kind"":2,""prerequisite"":{""fileID"":11400000,""guid"":""66c33badde0f72d468e5a799faa3c921"",""type"":2},""prerequisiteId"":""research:defense:fortification"",""reason"":""요새화의 공학 원리이(가) 사격 방책 구현에 직접 필요하다.""}]",1,"[{""fileID"":11400000,""guid"":""66c33badde0f72d468e5a799faa3c921"",""type"":2}]",1,research:defense:ranged-positions,42,"{""items"":[{""rid"":7737212199327498495}]}"
research-effects,ResearchProjectSO,ResearchProjectSO|research:defense:remote-control,research:defense:remote-control,원격 통제,방어 통제대에서 무장 정책과 발동 구역을 원격으로 전환한다.,분야 2; 작업 84; 선행 4; 해금 2; 시설 요구 2; 효과 0,prerequisite:research:defense:rune-identification; prerequisite:research:defense:rune-identification; prerequisite:research:defense:rune-identification; prerequisite:research:industry:steam-power; prerequisite:research:industry:steam-power; prerequisite:research:industry:steam-power; unlocks-building:building:1801; unlocks-building:building:8899,진행 역할은 '방어 통제대에서 무장 정책과 발동 구역을 원격으로 전환한다'이다. 선행 4개와 해금 2개를 연구 그래프에 연결한다.,research-topology-and-unlocks,근거 확인,,active-authored,Assets/Resources/SO/Content/GameDomainContentCatalog.asset; Assets/Resources/SO/GameContentCatalog.asset,catalog-registered-static-consumer,Assets/Scripts/Services/Effects/Runtime/CharacterDerivedStatsSnapshot.cs; Assets/Scripts/Services/Infrastructure/BlueprintResearchContracts.cs; Assets/Scripts/Services/Infrastructure/BlueprintResearchProjectCoordinator.cs; Assets/Scripts/Services/Infrastructure/BlueprintResearchRuntime.cs; Assets/Scripts/Services/Infrastructure/BlueprintResearchRuntimeProvider.cs; Assets/Scripts/Services/Infrastructure/BlueprintResearchSaveSection.cs; Assets/Scripts/Services/Infrastructure/ResearchCraftingSummaryService.cs; Assets/Scripts/Services/Infrastructure/ResearchFacilityCapacityAdapter.cs; Assets/Scripts/Services/Infrastructure/ResearchGraphLayoutService.cs; Assets/Scripts/Services/Infrastructure/ResearchProjectCatalogAdapter.cs; Assets/Scripts/Services/Infrastructure/ResearchRewardCatalogAdapter.cs; Assets/Scripts/Services/Run/FirstRunObjectiveRuntime.cs,Assets/Scripts/Services/Infrastructure/BlueprintResearchContracts.cs; Assets/Scripts/Services/Infrastructure/BlueprintResearchRuntime.cs; Assets/Scripts/Services/Infrastructure/BlueprintResearchSaveSection.cs; Assets/Scripts/Services/Infrastructure/ResearchCraftingSummaryService.cs; Assets/Scripts/Services/Run/FirstRunObjectiveRuntime.cs; Assets/Scripts/Services/Run/V20MilestoneWorldSnapshotProjector.cs; Assets/Scripts/Views/UI/ResearchTreeWindow.cs,3,ResearchProjectSO,진행 역할은 '방어 통제대에서 무장 정책과 발동 구역을 원격으로 전환한다'이다. 선행 4개와 해금 2개를 연구 그래프에 연결한다.,연구 분야 2의 선행·해금 그래프에서 진행 경계를 만든다.,requiredWork=84,research-field:2,"비교 후보(대체 가능성 미검증): ResearchProjectSO:research:defense:alliance-signals, ResearchProjectSO:research:defense:corridor-mechanisms, ResearchProjectSO:research:defense:fortification, ResearchProjectSO:research:defense:ranged-positions, ResearchProjectSO:research:defense:rune-identification, ResearchProjectSO:research:defense:siege-fortification, ResearchProjectSO:research:defense:supply, ResearchProjectSO:research:defense:tactical-command, ResearchProjectSO:research:defense:watch, ResearchProjectSO:research:equipment:ballistics, ResearchProjectSO:research:equipment:field-maintenance, ResearchProjectSO:research:equipment:mechanical-projectiles",직접 참조 3건에 영향: ResearchProjectSO:research:defense:siege-fortification,research-topology-and-unlocks; niche=field+prerequisites+unlocks; cost=requiredWork,Assets/Resources/SO/Research/Projects/defense_remote_control.asset,6f3e58b7b201b544682f1db3ef11d54e,"{""fileID"":0}",0,ResearchBlueprintRule,None,explicit-serialized,방어 통제대에서 무장 정책과 발동 구역을 원격으로 전환한다.,원격 통제,[],0,"[{""capability"":0,""requiredCount"":2},{""capability"":3,""requiredCount"":1}]",2,2,ResearchField,Defense And Tactics,explicit-serialized,"{""fileID"":0}",7204,0,ResearchPrerequisiteKind,Theory,implicit-csharp-default,defense_remote_control,1,"[{""kind"":2,""prerequisite"":{""fileID"":11400000,""guid"":""b2f0323893ce05646a3073bc1da33d95"",""type"":2},""prerequisiteId"":""research:defense:rune-identification"",""reason"":""룬 식별의 공학 원리이(가) 원격 통제 구현에 직접 필요하다.""},{""kind"":2,""prerequisite"":{""fileID"":11400000,""guid"":""4ee2df589417d314295a42c252406053"",""type"":2},""prerequisiteId"":""research:industry:steam-power"",""reason"":""증기 동력과 배전의 공학 원리이(가) 원격 통제 구현에 직접 필요하다.""}]",2,"[{""fileID"":11400000,""guid"":""b2f0323893ce05646a3073bc1da33d95"",""type"":2},{""fileID"":11400000,""guid"":""4ee2df589417d314295a42c252406053"",""type"":2}]",2,research:defense:remote-control,84,"{""items"":[{""rid"":7737212199327498496},{""rid"":7737212199327498497}]}"
research-effects,ResearchProjectSO,ResearchProjectSO|research:defense:rune-identification,research:defense:rune-identification,룬 식별,감지 장치가 허용 대상과 적대 대상을 더 정확하게 구분하도록 룬 식별 규칙을 새긴다.,분야 2; 작업 84; 선행 4; 해금 1; 시설 요구 2; 효과 0,prerequisite:research:arcane:advanced; prerequisite:research:arcane:advanced; prerequisite:research:arcane:advanced; prerequisite:research:defense:corridor-mechanisms; prerequisite:research:defense:corridor-mechanisms; prerequisite:research:defense:corridor-mechanisms; unlocks-building:building:1800,진행 역할은 '감지 장치가 허용 대상과 적대 대상을 더 정확하게 구분하도록 룬 식별 규칙을 새긴다'이다. 선행 4개와 해금 1개를 연구 그래프에 연결한다.,research-topology-and-unlocks,근거 확인,,active-authored,Assets/Resources/SO/Content/GameDomainContentCatalog.asset; Assets/Resources/SO/GameContentCatalog.asset,catalog-registered-static-consumer,Assets/Scripts/Services/Effects/Runtime/CharacterDerivedStatsSnapshot.cs; Assets/Scripts/Services/Infrastructure/BlueprintResearchContracts.cs; Assets/Scripts/Services/Infrastructure/BlueprintResearchProjectCoordinator.cs; Assets/Scripts/Services/Infrastructure/BlueprintResearchRuntime.cs; Assets/Scripts/Services/Infrastructure/BlueprintResearchRuntimeProvider.cs; Assets/Scripts/Services/Infrastructure/BlueprintResearchSaveSection.cs; Assets/Scripts/Services/Infrastructure/ResearchCraftingSummaryService.cs; Assets/Scripts/Services/Infrastructure/ResearchFacilityCapacityAdapter.cs; Assets/Scripts/Services/Infrastructure/ResearchGraphLayoutService.cs; Assets/Scripts/Services/Infrastructure/ResearchProjectCatalogAdapter.cs; Assets/Scripts/Services/Infrastructure/ResearchRewardCatalogAdapter.cs; Assets/Scripts/Services/Run/FirstRunObjectiveRuntime.cs,Assets/Scripts/Services/Infrastructure/BlueprintResearchContracts.cs; Assets/Scripts/Services/Infrastructure/BlueprintResearchRuntime.cs; Assets/Scripts/Services/Infrastructure/BlueprintResearchSaveSection.cs; Assets/Scripts/Services/Infrastructure/ResearchCraftingSummaryService.cs; Assets/Scripts/Services/Run/FirstRunObjectiveRuntime.cs; Assets/Scripts/Services/Run/V20MilestoneWorldSnapshotProjector.cs; Assets/Scripts/Views/UI/ResearchTreeWindow.cs,5,ProductionRecipeSO; ResearchProjectSO,진행 역할은 '감지 장치가 허용 대상과 적대 대상을 더 정확하게 구분하도록 룬 식별 규칙을 새긴다'이다. 선행 4개와 해금 1개를 연구 그래프에 연결한다.,연구 분야 2의 선행·해금 그래프에서 진행 경계를 만든다.,requiredWork=84,research-field:2,"비교 후보(대체 가능성 미검증): ResearchProjectSO:research:defense:alliance-signals, ResearchProjectSO:research:defense:corridor-mechanisms, ResearchProjectSO:research:defense:fortification, ResearchProjectSO:research:defense:ranged-positions, ResearchProjectSO:research:defense:remote-control, ResearchProjectSO:research:defense:siege-fortification, ResearchProjectSO:research:defense:supply, ResearchProjectSO:research:defense:tactical-command, ResearchProjectSO:research:defense:watch, ResearchProjectSO:research:equipment:ballistics, ResearchProjectSO:research:equipment:field-maintenance, ResearchProjectSO:research:equipment:mechanical-projectiles","직접 참조 5건에 영향: ProductionRecipeSO:recipe:ammo:mana-disruptor-bolt, ProductionRecipeSO:recipe:tool:rune-identification-lens, ResearchProjectSO:research:defense:remote-control",research-topology-and-unlocks; niche=field+prerequisites+unlocks; cost=requiredWork,Assets/Resources/SO/Research/Projects/defense_rune_identification.asset,b2f0323893ce05646a3073bc1da33d95,"{""fileID"":0}",0,ResearchBlueprintRule,None,explicit-serialized,감지 장치가 허용 대상과 적대 대상을 더 정확하게 구분하도록 룬 식별 규칙을 새긴다.,룬 식별,[],0,"[{""capability"":0,""requiredCount"":2},{""capability"":3,""requiredCount"":1}]",2,2,ResearchField,Defense And Tactics,explicit-serialized,"{""fileID"":0}",7203,0,ResearchPrerequisiteKind,Theory,implicit-csharp-default,defense_rune_identification,1,"[{""kind"":0,""prerequisite"":{""fileID"":11400000,""guid"":""e352d43e288d89f45b1bc8be3bf62967"",""type"":2},""prerequisiteId"":""research:arcane:advanced"",""reason"":""비전 연구의 이론이(가) 룬 식별 구현에 직접 필요하다.""},{""kind"":2,""prerequisite"":{""fileID"":11400000,""guid"":""a5c90fba9f8b65141a148ebbd954b803"",""type"":2},""prerequisiteId"":""research:defense:corridor-mechanisms"",""reason"":""복도 기구학의 공학 원리이(가) 룬 식별 구현에 직접 필요하다.""}]",2,"[{""fileID"":11400000,""guid"":""e352d43e288d89f45b1bc8be3bf62967"",""type"":2},{""fileID"":11400000,""guid"":""a5c90fba9f8b65141a148ebbd954b803"",""type"":2}]",2,research:defense:rune-identification,84,"{""items"":[{""rid"":7737212199327498498}]}"
research-effects,ResearchProjectSO,ResearchProjectSO|research:defense:siege-fortification,research:defense:siege-fortification,공성 요새화,강화 낙하문과 벽면 발사구를 공성 장비와 중장갑 침입자에 맞게 보강한다.,분야 2; 작업 115; 선행 6; 해금 1; 시설 요구 3; 효과 0,prerequisite:research:defense:ranged-positions; prerequisite:research:defense:ranged-positions; prerequisite:research:defense:ranged-positions; prerequisite:research:defense:remote-control; prerequisite:research:defense:remote-control; prerequisite:research:defense:remote-control; prerequisite:research:metallurgy:steel; prerequisite:research:metallurgy:steel; prerequisite:research:metallurgy:steel; unlocks-building:building:1805,진행 역할은 '강화 낙하문과 벽면 발사구를 공성 장비와 중장갑 침입자에 맞게 보강한다'이다. 선행 6개와 해금 1개를 연구 그래프에 연결한다.,research-topology-and-unlocks,근거 확인,,active-authored,Assets/Resources/SO/Content/GameDomainContentCatalog.asset; Assets/Resources/SO/GameContentCatalog.asset,catalog-registered-static-consumer,Assets/Scripts/Services/Effects/Runtime/CharacterDerivedStatsSnapshot.cs; Assets/Scripts/Services/Infrastructure/BlueprintResearchContracts.cs; Assets/Scripts/Services/Infrastructure/BlueprintResearchProjectCoordinator.cs; Assets/Scripts/Services/Infrastructure/BlueprintResearchRuntime.cs; Assets/Scripts/Services/Infrastructure/BlueprintResearchRuntimeProvider.cs; Assets/Scripts/Services/Infrastructure/BlueprintResearchSaveSection.cs; Assets/Scripts/Services/Infrastructure/ResearchCraftingSummaryService.cs; Assets/Scripts/Services/Infrastructure/ResearchFacilityCapacityAdapter.cs; Assets/Scripts/Services/Infrastructure/ResearchGraphLayoutService.cs; Assets/Scripts/Services/Infrastructure/ResearchProjectCatalogAdapter.cs; Assets/Scripts/Services/Infrastructure/ResearchRewardCatalogAdapter.cs; Assets/Scripts/Services/Run/FirstRunObjectiveRuntime.cs,Assets/Scripts/Services/Infrastructure/BlueprintResearchContracts.cs; Assets/Scripts/Services/Infrastructure/BlueprintResearchRuntime.cs; Assets/Scripts/Services/Infrastructure/BlueprintResearchSaveSection.cs; Assets/Scripts/Services/Infrastructure/ResearchCraftingSummaryService.cs; Assets/Scripts/Services/Run/FirstRunObjectiveRuntime.cs; Assets/Scripts/Services/Run/V20MilestoneWorldSnapshotProjector.cs; Assets/Scripts/Views/UI/ResearchTreeWindow.cs,5,CombatShieldSO; ProductionRecipeSO; ResearchProjectSO,진행 역할은 '강화 낙하문과 벽면 발사구를 공성 장비와 중장갑 침입자에 맞게 보강한다'이다. 선행 6개와 해금 1개를 연구 그래프에 연결한다.,연구 분야 2의 선행·해금 그래프에서 진행 경계를 만든다.,requiredWork=115,research-field:2,"비교 후보(대체 가능성 미검증): ResearchProjectSO:research:defense:alliance-signals, ResearchProjectSO:research:defense:corridor-mechanisms, ResearchProjectSO:research:defense:fortification, ResearchProjectSO:research:defense:ranged-positions, ResearchProjectSO:research:defense:remote-control, ResearchProjectSO:research:defense:rune-identification, ResearchProjectSO:research:defense:supply, ResearchProjectSO:research:defense:tactical-command, ResearchProjectSO:research:defense:watch, ResearchProjectSO:research:equipment:ballistics, ResearchProjectSO:research:equipment:field-maintenance, ResearchProjectSO:research:equipment:mechanical-projectiles","직접 참조 5건에 영향: CombatShieldSO:equipment-item:shield:pavise, ProductionRecipeSO:recipe:component:siege-reinforcement-kit, ResearchProjectSO:research:defense:alliance-signals",research-topology-and-unlocks; niche=field+prerequisites+unlocks; cost=requiredWork,Assets/Resources/SO/Research/Projects/defense_siege_fortification.asset,a24581a41b78d0344aaf0472e0db52c6,"{""fileID"":0}",0,ResearchBlueprintRule,None,explicit-serialized,강화 낙하문과 벽면 발사구를 공성 장비와 중장갑 침입자에 맞게 보강한다.,공성 요새화,[],0,"[{""capability"":0,""requiredCount"":2},{""capability"":3,""requiredCount"":1},{""capability"":6,""requiredCount"":1}]",3,2,ResearchField,Defense And Tactics,explicit-serialized,"{""fileID"":0}",7205,0,ResearchPrerequisiteKind,Theory,implicit-csharp-default,defense_siege_fortification,1,"[{""kind"":2,""prerequisite"":{""fileID"":11400000,""guid"":""e955f0b01ce59194e85a72b3de7d1c30"",""type"":2},""prerequisiteId"":""research:defense:ranged-positions"",""reason"":""사격 방책의 공학 원리이(가) 공성 요새화 구현에 직접 필요하다.""},{""kind"":2,""prerequisite"":{""fileID"":11400000,""guid"":""6f3e58b7b201b544682f1db3ef11d54e"",""type"":2},""prerequisiteId"":""research:defense:remote-control"",""reason"":""원격 통제의 공학 원리이(가) 공성 요새화 구현에 직접 필요하다.""},{""kind"":2,""prerequisite"":{""fileID"":11400000,""guid"":""4736dc67de517194bba2ecc8eb663cc3"",""type"":2},""prerequisiteId"":""research:metallurgy:steel"",""reason"":""제강의 공학 원리이(가) 공성 요새화 구현에 직접 필요하다.""}]",3,"[{""fileID"":11400000,""guid"":""e955f0b01ce59194e85a72b3de7d1c30"",""type"":2},{""fileID"":11400000,""guid"":""6f3e58b7b201b544682f1db3ef11d54e"",""type"":2},{""fileID"":11400000,""guid"":""4736dc67de517194bba2ecc8eb663cc3"",""type"":2}]",3,research:defense:siege-fortification,115,"{""items"":[{""rid"":7737212199327498499}]}"
research-effects,ResearchProjectSO,ResearchProjectSO|research:defense:supply,research:defense:supply,방어 보급학,탄약·촉매 보급고와 함정 정비대로 방어시설의 실물 보급과 재장전을 표준화한다.,분야 2; 작업 42; 선행 4; 해금 2; 시설 요구 2; 효과 0,prerequisite:research:commerce:logistics; prerequisite:research:commerce:logistics; prerequisite:research:commerce:logistics; prerequisite:research:defense:fortification; prerequisite:research:defense:fortification; prerequisite:research:defense:fortification; unlocks-building:building:1802; unlocks-building:building:1803,진행 역할은 '탄약·촉매 보급고와 함정 정비대로 방어시설의 실물 보급과 재장전을 표준화한다'이다. 선행 4개와 해금 2개를 연구 그래프에 연결한다.,research-topology-and-unlocks,근거 확인,,active-authored,Assets/Resources/SO/Content/GameDomainContentCatalog.asset; Assets/Resources/SO/GameContentCatalog.asset,catalog-registered-static-consumer,Assets/Scripts/Services/Effects/Runtime/CharacterDerivedStatsSnapshot.cs; Assets/Scripts/Services/Infrastructure/BlueprintResearchContracts.cs; Assets/Scripts/Services/Infrastructure/BlueprintResearchProjectCoordinator.cs; Assets/Scripts/Services/Infrastructure/BlueprintResearchRuntime.cs; Assets/Scripts/Services/Infrastructure/BlueprintResearchRuntimeProvider.cs; Assets/Scripts/Services/Infrastructure/BlueprintResearchSaveSection.cs; Assets/Scripts/Services/Infrastructure/ResearchCraftingSummaryService.cs; Assets/Scripts/Services/Infrastructure/ResearchFacilityCapacityAdapter.cs; Assets/Scripts/Services/Infrastructure/ResearchGraphLayoutService.cs; Assets/Scripts/Services/Infrastructure/ResearchProjectCatalogAdapter.cs; Assets/Scripts/Services/Infrastructure/ResearchRewardCatalogAdapter.cs; Assets/Scripts/Services/Run/FirstRunObjectiveRuntime.cs,Assets/Scripts/Services/Infrastructure/BlueprintResearchContracts.cs; Assets/Scripts/Services/Infrastructure/BlueprintResearchRuntime.cs; Assets/Scripts/Services/Infrastructure/BlueprintResearchSaveSection.cs; Assets/Scripts/Services/Infrastructure/ResearchCraftingSummaryService.cs; Assets/Scripts/Services/Run/FirstRunObjectiveRuntime.cs; Assets/Scripts/Services/Run/V20MilestoneWorldSnapshotProjector.cs; Assets/Scripts/Views/UI/ResearchTreeWindow.cs,6,ResearchProjectSO,진행 역할은 '탄약·촉매 보급고와 함정 정비대로 방어시설의 실물 보급과 재장전을 표준화한다'이다. 선행 4개와 해금 2개를 연구 그래프에 연결한다.,연구 분야 2의 선행·해금 그래프에서 진행 경계를 만든다.,requiredWork=42,research-field:2,"비교 후보(대체 가능성 미검증): ResearchProjectSO:research:defense:alliance-signals, ResearchProjectSO:research:defense:corridor-mechanisms, ResearchProjectSO:research:defense:fortification, ResearchProjectSO:research:defense:ranged-positions, ResearchProjectSO:research:defense:remote-control, ResearchProjectSO:research:defense:rune-identification, ResearchProjectSO:research:defense:siege-fortification, ResearchProjectSO:research:defense:tactical-command, ResearchProjectSO:research:defense:watch, ResearchProjectSO:research:equipment:ballistics, ResearchProjectSO:research:equipment:field-maintenance, ResearchProjectSO:research:equipment:mechanical-projectiles","직접 참조 6건에 영향: ResearchProjectSO:research:defense:corridor-mechanisms, ResearchProjectSO:research:equipment:field-maintenance",research-topology-and-unlocks; niche=field+prerequisites+unlocks; cost=requiredWork,Assets/Resources/SO/Research/Projects/defense_supply.asset,2594e67f84c3f1444a2738ea7ce0f81f,"{""fileID"":0}",0,ResearchBlueprintRule,None,explicit-serialized,탄약·촉매 보급고와 함정 정비대로 방어시설의 실물 보급과 재장전을 표준화한다.,방어 보급학,[],0,"[{""capability"":0,""requiredCount"":1},{""capability"":3,""requiredCount"":1}]",2,2,ResearchField,Defense And Tactics,explicit-serialized,"{""fileID"":0}",7201,0,ResearchPrerequisiteKind,Theory,implicit-csharp-default,defense_supply,1,"[{""kind"":4,""prerequisite"":{""fileID"":11400000,""guid"":""b3b38e91925a91943b4303ee3edc9533"",""type"":2},""prerequisiteId"":""research:commerce:logistics"",""reason"":""창고 구획의 운용 절차이(가) 방어 보급학 구현에 직접 필요하다.""},{""kind"":2,""prerequisite"":{""fileID"":11400000,""guid"":""66c33badde0f72d468e5a799faa3c921"",""type"":2},""prerequisiteId"":""research:defense:fortification"",""reason"":""요새화의 공학 원리이(가) 방어 보급학 구현에 직접 필요하다.""}]",2,"[{""fileID"":11400000,""guid"":""b3b38e91925a91943b4303ee3edc9533"",""type"":2},{""fileID"":11400000,""guid"":""66c33badde0f72d468e5a799faa3c921"",""type"":2}]",2,research:defense:supply,42,"{""items"":[{""rid"":7737212199327498500},{""rid"":7737212199327498501}]}"
research-effects,ResearchProjectSO,ResearchProjectSO|research:defense:tactical-command,research:defense:tactical-command,전술 지휘,다중 경비의 전선과 교대를 통합 지휘한다.,분야 2; 작업 60; 선행 2; 해금 3; 시설 요구 2; 효과 0,prerequisite:research:defense:ranged-positions; prerequisite:research:defense:ranged-positions; prerequisite:research:defense:ranged-positions; references:facility-blueprint:6192; unlocks-building:building:1040; unlocks-building:building:9961; unlocks-recipe:recipe_fortress_banner_2,진행 역할은 '다중 경비의 전선과 교대를 통합 지휘한다'이다. 선행 2개와 해금 3개를 연구 그래프에 연결한다.,research-topology-and-unlocks,근거 확인,,active-authored,Assets/Resources/SO/Content/GameDomainContentCatalog.asset; Assets/Resources/SO/GameContentCatalog.asset,catalog-registered-static-consumer,Assets/Scripts/Models/Economy/Content/GrandProjectRuntime.cs; Assets/Scripts/Services/Effects/Runtime/CharacterDerivedStatsSnapshot.cs; Assets/Scripts/Services/Infrastructure/BlueprintResearchContracts.cs; Assets/Scripts/Services/Infrastructure/BlueprintResearchProjectCoordinator.cs; Assets/Scripts/Services/Infrastructure/BlueprintResearchRuntime.cs; Assets/Scripts/Services/Infrastructure/BlueprintResearchRuntimeProvider.cs; Assets/Scripts/Services/Infrastructure/BlueprintResearchSaveSection.cs; Assets/Scripts/Services/Infrastructure/ResearchCraftingSummaryService.cs; Assets/Scripts/Services/Infrastructure/ResearchFacilityCapacityAdapter.cs; Assets/Scripts/Services/Infrastructure/ResearchGraphLayoutService.cs; Assets/Scripts/Services/Infrastructure/ResearchProjectCatalogAdapter.cs; Assets/Scripts/Services/Infrastructure/ResearchRewardCatalogAdapter.cs,Assets/Scripts/Services/Infrastructure/BlueprintResearchContracts.cs; Assets/Scripts/Services/Infrastructure/BlueprintResearchRuntime.cs; Assets/Scripts/Services/Infrastructure/BlueprintResearchSaveSection.cs; Assets/Scripts/Services/Infrastructure/ResearchCraftingSummaryService.cs; Assets/Scripts/Services/Run/FirstRunObjectiveRuntime.cs; Assets/Scripts/Services/Run/V20MilestoneWorldSnapshotProjector.cs; Assets/Scripts/Views/UI/ResearchTreeWindow.cs,4,FacilityBlueprintSO; ResearchProjectSO,진행 역할은 '다중 경비의 전선과 교대를 통합 지휘한다'이다. 선행 2개와 해금 3개를 연구 그래프에 연결한다.,연구 분야 2의 선행·해금 그래프에서 진행 경계를 만든다.,requiredWork=60,research-field:2,"비교 후보(대체 가능성 미검증): ResearchProjectSO:research:defense:alliance-signals, ResearchProjectSO:research:defense:corridor-mechanisms, ResearchProjectSO:research:defense:fortification, ResearchProjectSO:research:defense:ranged-positions, ResearchProjectSO:research:defense:remote-control, ResearchProjectSO:research:defense:rune-identification, ResearchProjectSO:research:defense:siege-fortification, ResearchProjectSO:research:defense:supply, ResearchProjectSO:research:defense:watch, ResearchProjectSO:research:equipment:ballistics, ResearchProjectSO:research:equipment:field-maintenance, ResearchProjectSO:research:equipment:mechanical-projectiles","직접 참조 4건에 영향: FacilityBlueprintSO:facility-blueprint:6192, ResearchProjectSO:research:industry:line-balancing",research-topology-and-unlocks; niche=field+prerequisites+unlocks; cost=requiredWork,Assets/Resources/SO/Research/Projects/defense_tactical_command.asset,beb95bdfa12cfd2409502cd2eaafa2d7,"{""fileID"":11400000,""guid"":""74711e8d7994655e884e29ceb31c6100"",""type"":2}",2,ResearchBlueprintRule,Shortcut,explicit-serialized,다중 경비의 전선과 교대를 통합 지휘한다.,전술 지휘,[],0,"[{""capability"":0,""requiredCount"":2},{""capability"":3,""requiredCount"":1}]",2,2,ResearchField,Defense And Tactics,explicit-serialized,"{""fileID"":0}",7024,0,ResearchPrerequisiteKind,Theory,implicit-csharp-default,defense_tactical_command,1,"[{""kind"":2,""prerequisite"":{""fileID"":11400000,""guid"":""e955f0b01ce59194e85a72b3de7d1c30"",""type"":2},""prerequisiteId"":""research:defense:ranged-positions"",""reason"":""사격 방책의 공학 원리이(가) 전술 지휘 구현에 직접 필요하다.""}]",1,"[{""fileID"":11400000,""guid"":""e955f0b01ce59194e85a72b3de7d1c30"",""type"":2}]",1,research:defense:tactical-command,60,"{""items"":[{""rid"":7737212199327498502},{""rid"":7737212199327498503},{""rid"":7737212199327498504}]}"
research-effects,ResearchProjectSO,ResearchProjectSO|research:defense:watch,research:defense:watch,경계 근무,"당직과 순찰, 침입 경보 절차를 확립한다.",분야 2; 작업 17; 선행 0; 해금 1; 시설 요구 2; 효과 0,unlocks-building:building:1045,"진행 역할은 '당직과 순찰, 침입 경보 절차를 확립한다'이다. 선행 0개와 해금 1개를 연구 그래프에 연결한다.",research-topology-and-unlocks,근거 확인,,active-authored,Assets/Resources/SO/Content/GameDomainContentCatalog.asset; Assets/Resources/SO/GameContentCatalog.asset,catalog-registered-static-consumer,Assets/Scripts/Services/Effects/Runtime/CharacterDerivedStatsSnapshot.cs; Assets/Scripts/Services/Infrastructure/BlueprintResearchContracts.cs; Assets/Scripts/Services/Infrastructure/BlueprintResearchProjectCoordinator.cs; Assets/Scripts/Services/Infrastructure/BlueprintResearchRuntime.cs; Assets/Scripts/Services/Infrastructure/BlueprintResearchRuntimeProvider.cs; Assets/Scripts/Services/Infrastructure/BlueprintResearchSaveSection.cs; Assets/Scripts/Services/Infrastructure/ResearchCraftingSummaryService.cs; Assets/Scripts/Services/Infrastructure/ResearchFacilityCapacityAdapter.cs; Assets/Scripts/Services/Infrastructure/ResearchGraphLayoutService.cs; Assets/Scripts/Services/Infrastructure/ResearchProjectCatalogAdapter.cs; Assets/Scripts/Services/Infrastructure/ResearchRewardCatalogAdapter.cs; Assets/Scripts/Services/Run/FirstRunObjectiveRuntime.cs,Assets/Scripts/Services/Infrastructure/BlueprintResearchContracts.cs; Assets/Scripts/Services/Infrastructure/BlueprintResearchRuntime.cs; Assets/Scripts/Services/Infrastructure/BlueprintResearchSaveSection.cs; Assets/Scripts/Services/Infrastructure/ResearchCraftingSummaryService.cs; Assets/Scripts/Services/Run/FirstRunObjectiveRuntime.cs; Assets/Scripts/Services/Run/V20MilestoneWorldSnapshotProjector.cs; Assets/Scripts/Views/UI/ResearchTreeWindow.cs,16,ProductionRecipeSO; ResearchProjectSO,"진행 역할은 '당직과 순찰, 침입 경보 절차를 확립한다'이다. 선행 0개와 해금 1개를 연구 그래프에 연결한다.",연구 분야 2의 선행·해금 그래프에서 진행 경계를 만든다.,requiredWork=17,research-field:2,"비교 후보(대체 가능성 미검증): ResearchProjectSO:research:defense:alliance-signals, ResearchProjectSO:research:defense:corridor-mechanisms, ResearchProjectSO:research:defense:fortification, ResearchProjectSO:research:defense:ranged-positions, ResearchProjectSO:research:defense:remote-control, ResearchProjectSO:research:defense:rune-identification, ResearchProjectSO:research:defense:siege-fortification, ResearchProjectSO:research:defense:supply, ResearchProjectSO:research:defense:tactical-command, ResearchProjectSO:research:equipment:ballistics, ResearchProjectSO:research:equipment:field-maintenance, ResearchProjectSO:research:equipment:mechanical-projectiles","직접 참조 16건에 영향: ProductionRecipeSO:recipe:tool:watch-signal-horn, ResearchProjectSO:research:authority:office, ResearchProjectSO:research:climate:weather-observation, ResearchProjectSO:research:control:blood-show, ResearchProjectSO:research:defense:fortification, ResearchProjectSO:research:industry:electric-lighting",research-topology-and-unlocks; niche=field+prerequisites+unlocks; cost=requiredWork,Assets/Resources/SO/Research/Projects/defense_watch.asset,bcbfd433c9ec42c4abf5a91bacd704b7,"{""fileID"":0}",0,ResearchBlueprintRule,None,explicit-serialized,"당직과 순찰, 침입 경보 절차를 확립한다.",경계 근무,[],0,"[{""capability"":0,""requiredCount"":1},{""capability"":3,""requiredCount"":1}]",2,2,ResearchField,Defense And Tactics,explicit-serialized,"{""fileID"":0}",7021,0,ResearchPrerequisiteKind,Theory,implicit-csharp-default,defense_watch,1,[],0,[],0,research:defense:watch,17,"{""items"":[{""rid"":7737212199327498505}]}"
research-effects,ResearchProjectSO,ResearchProjectSO|research:environment:cold-work,research:environment:cold-work,저온 작업 보호,"냉장 구역의 짧은 운반과 장기 근무를 분리하고 보호장비 보관함, 보온 점액 패드와 방한 작업복을 운용한다.",분야 0; 작업 42; 선행 4; 해금 7; 시설 요구 2; 효과 0,prerequisite:research:survival:preservation; prerequisite:research:survival:preservation; prerequisite:research:survival:preservation; prerequisite:research:textile:fiber; prerequisite:research:textile:fiber; prerequisite:research:textile:fiber; unlocks-building:building:1500; unlocks-building:building:1501; unlocks-building:building:1503; unlocks-building:building:1504; unlocks-building:building:1505; unlocks-recipe:recipe:v22:apparel:cold-work-suit; unlocks-recipe:recipe:v22:apparel:slime-warming-pad,"진행 역할은 '냉장 구역의 짧은 운반과 장기 근무를 분리하고 보호장비 보관함, 보온 점액 패드와 방한 작업복을 운용한다'이다. 선행 4개와 해금 7개를 연구 그래프에 연결한다.",research-topology-and-unlocks,근거 확인,,active-authored,Assets/Resources/SO/Content/GameDomainContentCatalog.asset; Assets/Resources/SO/GameContentCatalog.asset,catalog-registered-static-consumer,Assets/Scripts/Services/Effects/Runtime/CharacterDerivedStatsSnapshot.cs; Assets/Scripts/Services/Infrastructure/BlueprintResearchContracts.cs; Assets/Scripts/Services/Infrastructure/BlueprintResearchProjectCoordinator.cs; Assets/Scripts/Services/Infrastructure/BlueprintResearchRuntime.cs; Assets/Scripts/Services/Infrastructure/BlueprintResearchRuntimeProvider.cs; Assets/Scripts/Services/Infrastructure/BlueprintResearchSaveSection.cs; Assets/Scripts/Services/Infrastructure/ResearchCraftingSummaryService.cs; Assets/Scripts/Services/Infrastructure/ResearchFacilityCapacityAdapter.cs; Assets/Scripts/Services/Infrastructure/ResearchGraphLayoutService.cs; Assets/Scripts/Services/Infrastructure/ResearchProjectCatalogAdapter.cs; Assets/Scripts/Services/Infrastructure/ResearchRewardCatalogAdapter.cs; Assets/Scripts/Services/Run/FirstRunObjectiveRuntime.cs,Assets/Scripts/Services/Infrastructure/BlueprintResearchContracts.cs; Assets/Scripts/Services/Infrastructure/BlueprintResearchRuntime.cs; Assets/Scripts/Services/Infrastructure/BlueprintResearchSaveSection.cs; Assets/Scripts/Services/Infrastructure/ResearchCraftingSummaryService.cs; Assets/Scripts/Services/Run/FirstRunObjectiveRuntime.cs; Assets/Scripts/Services/Run/V20MilestoneWorldSnapshotProjector.cs; Assets/Scripts/Views/UI/ResearchTreeWindow.cs,15,ApparelDefinitionSO; EnvironmentalWorkwearSO; ProductionRecipeSO; ResearchProjectSO,"진행 역할은 '냉장 구역의 짧은 운반과 장기 근무를 분리하고 보호장비 보관함, 보온 점액 패드와 방한 작업복을 운용한다'이다. 선행 4개와 해금 7개를 연구 그래프에 연결한다.",연구 분야 0의 선행·해금 그래프에서 진행 경계를 만든다.,requiredWork=42,research-field:0,"비교 후보(대체 가능성 미검증): ResearchProjectSO:research:environment:rune-insulation, ResearchProjectSO:research:society:corpse-care, ResearchProjectSO:research:survival:field-rations, ResearchProjectSO:research:survival:medical, ResearchProjectSO:research:survival:preservation, ResearchProjectSO:research:survival:sanitation, ResearchProjectSO:research:survival:seasonal-storage, ResearchProjectSO:research:survival:support","직접 참조 15건에 영향: ApparelDefinitionSO:apparel:23024, ApparelDefinitionSO:apparel:23025, EnvironmentalWorkwearSO:workwear:cold-work-suit, EnvironmentalWorkwearSO:workwear:slime-warming-pad, ProductionRecipeSO:recipe:cold-work-suit, ProductionRecipeSO:recipe:slime-warming-pad, ProductionRecipeSO:recipe:textile:insulating-cloth, ProductionRecipeSO:recipe:v22:apparel:cold-work-suit, ProductionRecipeSO:recipe:v22:apparel:slime-warming-pad, ResearchProjectSO:research:environment:rune-insulation 외",research-topology-and-unlocks; niche=field+prerequisites+unlocks; cost=requiredWork,Assets/Resources/SO/Research/Projects/environment_cold_work.asset,0bbcc9aa811fd5e4c840444868ba8a4b,"{""fileID"":0}",0,ResearchBlueprintRule,None,explicit-serialized,"냉장 구역의 짧은 운반과 장기 근무를 분리하고 보호장비 보관함, 보온 점액 패드와 방한 작업복을 운용한다.",저온 작업 보호,[],0,"[{""capability"":0,""requiredCount"":1},{""capability"":3,""requiredCount"":1}]",2,0,ResearchField,Life And Survival,explicit-serialized,"{""fileID"":0}",7005,0,ResearchPrerequisiteKind,Theory,implicit-csharp-default,environment_cold_work,1,"[{""kind"":3,""prerequisite"":{""fileID"":11400000,""guid"":""969470a77353b3d45a9026b935c6c7bd"",""type"":2},""prerequisiteId"":""research:survival:preservation"",""reason"":""식량 보존의 안전 기준이(가) 저온 작업 보호 구현에 직접 필요하다.""},{""kind"":3,""prerequisite"":{""fileID"":11400000,""guid"":""8f2a5bca31574f1478107e01d22cd5f2"",""type"":2},""prerequisiteId"":""research:textile:fiber"",""reason"":""섬유 가공의 안전 기준이(가) 저온 작업 보호 구현에 직접 필요하다.""}]",2,"[{""fileID"":11400000,""guid"":""969470a77353b3d45a9026b935c6c7bd"",""type"":2},{""fileID"":11400000,""guid"":""8f2a5bca31574f1478107e01d22cd5f2"",""type"":2}]",2,research:environment:cold-work,42,"{""items"":[{""rid"":7737212199327498506},{""rid"":7737212199327498507},{""rid"":7737212199327498508},{""rid"":7737212199327498509},{""rid"":7737212199327498510},{""rid"":7737212199327498511},{""rid"":7737212199327498512}]}"
research-effects,ResearchProjectSO,ResearchProjectSO|research:environment:rune-insulation,research:environment:rune-insulation,룬 단열학,룬 방한복과 내한성 점액 배양으로 극저온 작업 교대를 가능하게 한다.,분야 0; 작업 84; 선행 4; 해금 2; 시설 요구 2; 효과 0,prerequisite:research:environment:cold-work; prerequisite:research:environment:cold-work; prerequisite:research:environment:cold-work; prerequisite:research:textile:rune-leather; prerequisite:research:textile:rune-leather; prerequisite:research:textile:rune-leather; unlocks-building:building:1502; unlocks-recipe:recipe:v22:apparel:rune-cold-suit,진행 역할은 '룬 방한복과 내한성 점액 배양으로 극저온 작업 교대를 가능하게 한다'이다. 선행 4개와 해금 2개를 연구 그래프에 연결한다.,research-topology-and-unlocks,근거 확인,,active-authored,Assets/Resources/SO/Content/GameDomainContentCatalog.asset; Assets/Resources/SO/GameContentCatalog.asset,catalog-registered-static-consumer,Assets/Scripts/Services/Effects/Runtime/CharacterDerivedStatsSnapshot.cs; Assets/Scripts/Services/Infrastructure/BlueprintResearchContracts.cs; Assets/Scripts/Services/Infrastructure/BlueprintResearchProjectCoordinator.cs; Assets/Scripts/Services/Infrastructure/BlueprintResearchRuntime.cs; Assets/Scripts/Services/Infrastructure/BlueprintResearchRuntimeProvider.cs; Assets/Scripts/Services/Infrastructure/BlueprintResearchSaveSection.cs; Assets/Scripts/Services/Infrastructure/ResearchCraftingSummaryService.cs; Assets/Scripts/Services/Infrastructure/ResearchFacilityCapacityAdapter.cs; Assets/Scripts/Services/Infrastructure/ResearchGraphLayoutService.cs; Assets/Scripts/Services/Infrastructure/ResearchProjectCatalogAdapter.cs; Assets/Scripts/Services/Infrastructure/ResearchRewardCatalogAdapter.cs; Assets/Scripts/Services/Run/FirstRunObjectiveRuntime.cs,Assets/Scripts/Services/Infrastructure/BlueprintResearchContracts.cs; Assets/Scripts/Services/Infrastructure/BlueprintResearchRuntime.cs; Assets/Scripts/Services/Infrastructure/BlueprintResearchSaveSection.cs; Assets/Scripts/Services/Infrastructure/ResearchCraftingSummaryService.cs; Assets/Scripts/Services/Run/FirstRunObjectiveRuntime.cs; Assets/Scripts/Services/Run/V20MilestoneWorldSnapshotProjector.cs; Assets/Scripts/Views/UI/ResearchTreeWindow.cs,7,ApparelDefinitionSO; EnvironmentalWorkwearSO; ProductionRecipeSO; ResearchProjectSO,진행 역할은 '룬 방한복과 내한성 점액 배양으로 극저온 작업 교대를 가능하게 한다'이다. 선행 4개와 해금 2개를 연구 그래프에 연결한다.,연구 분야 0의 선행·해금 그래프에서 진행 경계를 만든다.,requiredWork=84,research-field:0,"비교 후보(대체 가능성 미검증): ResearchProjectSO:research:environment:cold-work, ResearchProjectSO:research:society:corpse-care, ResearchProjectSO:research:survival:field-rations, ResearchProjectSO:research:survival:medical, ResearchProjectSO:research:survival:preservation, ResearchProjectSO:research:survival:sanitation, ResearchProjectSO:research:survival:seasonal-storage, ResearchProjectSO:research:survival:support","직접 참조 7건에 영향: ApparelDefinitionSO:apparel:23026, EnvironmentalWorkwearSO:workwear:rune-cold-suit, ProductionRecipeSO:recipe:rune-cold-suit, ProductionRecipeSO:recipe:v22:apparel:rune-cold-suit, ResearchProjectSO:research:climate:environment-control",research-topology-and-unlocks; niche=field+prerequisites+unlocks; cost=requiredWork,Assets/Resources/SO/Research/Projects/environment_rune_insulation.asset,74bca340e2753f1489135a84adf7a24d,"{""fileID"":0}",0,ResearchBlueprintRule,None,explicit-serialized,룬 방한복과 내한성 점액 배양으로 극저온 작업 교대를 가능하게 한다.,룬 단열학,[],0,"[{""capability"":0,""requiredCount"":1},{""capability"":3,""requiredCount"":1}]",2,0,ResearchField,Life And Survival,explicit-serialized,"{""fileID"":0}",7006,0,ResearchPrerequisiteKind,Theory,implicit-csharp-default,environment_rune_insulation,1,"[{""kind"":3,""prerequisite"":{""fileID"":11400000,""guid"":""0bbcc9aa811fd5e4c840444868ba8a4b"",""type"":2},""prerequisiteId"":""research:environment:cold-work"",""reason"":""저온 작업 보호의 안전 기준이(가) 룬 단열학 구현에 직접 필요하다.""},{""kind"":1,""prerequisite"":{""fileID"":11400000,""guid"":""8ac67a646af7ea148bef357bd91c4bb7"",""type"":2},""prerequisiteId"":""research:textile:rune-leather"",""reason"":""룬가죽의 제작 기법이(가) 룬 단열학 구현에 직접 필요하다.""}]",2,"[{""fileID"":11400000,""guid"":""0bbcc9aa811fd5e4c840444868ba8a4b"",""type"":2},{""fileID"":11400000,""guid"":""8ac67a646af7ea148bef357bd91c4bb7"",""type"":2}]",2,research:environment:rune-insulation,84,"{""items"":[{""rid"":7737212199327498513},{""rid"":7737212199327498514}]}"
research-effects,ResearchProjectSO,ResearchProjectSO|research:equipment:armor-tailoring,research:equipment:armor-tailoring,방어구 재단,직물과 가죽의 하중선을 맞추는 방어구 재단법을 확립한다.,분야 11; 작업 60; 선행 2; 해금 1; 시설 요구 2; 효과 0,prerequisite:research:textile:tailoring; prerequisite:research:textile:tailoring; prerequisite:research:textile:tailoring; unlocks-building:building:8835,진행 역할은 '직물과 가죽의 하중선을 맞추는 방어구 재단법을 확립한다'이다. 선행 2개와 해금 1개를 연구 그래프에 연결한다.,research-topology-and-unlocks,근거 확인,,active-authored,Assets/Resources/SO/Content/GameDomainContentCatalog.asset; Assets/Resources/SO/GameContentCatalog.asset,catalog-registered-static-consumer,Assets/Scripts/Services/Effects/Runtime/CharacterDerivedStatsSnapshot.cs; Assets/Scripts/Services/Infrastructure/BlueprintResearchContracts.cs; Assets/Scripts/Services/Infrastructure/BlueprintResearchProjectCoordinator.cs; Assets/Scripts/Services/Infrastructure/BlueprintResearchRuntime.cs; Assets/Scripts/Services/Infrastructure/BlueprintResearchRuntimeProvider.cs; Assets/Scripts/Services/Infrastructure/BlueprintResearchSaveSection.cs; Assets/Scripts/Services/Infrastructure/ResearchCraftingSummaryService.cs; Assets/Scripts/Services/Infrastructure/ResearchFacilityCapacityAdapter.cs; Assets/Scripts/Services/Infrastructure/ResearchGraphLayoutService.cs; Assets/Scripts/Services/Infrastructure/ResearchProjectCatalogAdapter.cs; Assets/Scripts/Services/Infrastructure/ResearchRewardCatalogAdapter.cs; Assets/Scripts/Services/Run/FirstRunObjectiveRuntime.cs,Assets/Scripts/Services/Infrastructure/BlueprintResearchContracts.cs; Assets/Scripts/Services/Infrastructure/BlueprintResearchRuntime.cs; Assets/Scripts/Services/Infrastructure/BlueprintResearchSaveSection.cs; Assets/Scripts/Services/Infrastructure/ResearchCraftingSummaryService.cs; Assets/Scripts/Services/Run/FirstRunObjectiveRuntime.cs; Assets/Scripts/Services/Run/V20MilestoneWorldSnapshotProjector.cs; Assets/Scripts/Views/UI/ResearchTreeWindow.cs,4,CombatArmorSO; ProductionRecipeSO,진행 역할은 '직물과 가죽의 하중선을 맞추는 방어구 재단법을 확립한다'이다. 선행 2개와 해금 1개를 연구 그래프에 연결한다.,연구 분야 11의 선행·해금 그래프에서 진행 경계를 만든다.,requiredWork=60,research-field:11,"비교 후보(대체 가능성 미검증): ResearchProjectSO:research:textile:dreamweave, ResearchProjectSO:research:textile:fiber, ResearchProjectSO:research:textile:layered, ResearchProjectSO:research:textile:rune-leather, ResearchProjectSO:research:textile:tailoring, ResearchProjectSO:research:textile:tanning","직접 참조 4건에 영향: CombatArmorSO:equipment-item:armor:brigandine, CombatArmorSO:equipment-item:armor:jack-of-plates, ProductionRecipeSO:recipe:component:brigandine-padding, ProductionRecipeSO:recipe:material:hardened-leather",research-topology-and-unlocks; niche=field+prerequisites+unlocks; cost=requiredWork,Assets/Resources/SO/Research/Projects/equipment_armor_tailoring.asset,192a20ded821fc5458bd5c12955fb116,"{""fileID"":0}",0,ResearchBlueprintRule,None,explicit-serialized,직물과 가죽의 하중선을 맞추는 방어구 재단법을 확립한다.,방어구 재단,[],0,"[{""capability"":0,""requiredCount"":1},{""capability"":3,""requiredCount"":1}]",2,11,ResearchField,Textiles,explicit-serialized,"{""fileID"":0}",7225,0,ResearchPrerequisiteKind,Theory,implicit-csharp-default,equipment_armor_tailoring,1,"[{""kind"":1,""prerequisite"":{""fileID"":11400000,""guid"":""30bd82079e05a0d4ca9c1c9b7fb4133f"",""type"":2},""prerequisiteId"":""research:textile:tailoring"",""reason"":""재봉의 제작 기법이(가) 방어구 재단 구현에 직접 필요하다.""}]",1,"[{""fileID"":11400000,""guid"":""30bd82079e05a0d4ca9c1c9b7fb4133f"",""type"":2}]",1,research:equipment:armor-tailoring,60,"{""items"":[{""rid"":7737212199327498515}]}"
research-effects,ResearchProjectSO,ResearchProjectSO|research:equipment:articulated-plate,research:equipment:articulated-plate,관절식 판금,제강 판재와 사슬 연결부를 관절 구조로 조립한다.,분야 10; 작업 115; 선행 4; 해금 1; 시설 요구 3; 효과 0,prerequisite:research:equipment:mail-weaving; prerequisite:research:equipment:mail-weaving; prerequisite:research:equipment:mail-weaving; prerequisite:research:metallurgy:advanced; prerequisite:research:metallurgy:advanced; prerequisite:research:metallurgy:advanced; unlocks-building:building:8839,진행 역할은 '제강 판재와 사슬 연결부를 관절 구조로 조립한다'이다. 선행 4개와 해금 1개를 연구 그래프에 연결한다.,research-topology-and-unlocks,근거 확인,,active-authored,Assets/Resources/SO/Content/GameDomainContentCatalog.asset; Assets/Resources/SO/GameContentCatalog.asset,catalog-registered-static-consumer,Assets/Scripts/Services/Effects/Runtime/CharacterDerivedStatsSnapshot.cs; Assets/Scripts/Services/Infrastructure/BlueprintResearchContracts.cs; Assets/Scripts/Services/Infrastructure/BlueprintResearchProjectCoordinator.cs; Assets/Scripts/Services/Infrastructure/BlueprintResearchRuntime.cs; Assets/Scripts/Services/Infrastructure/BlueprintResearchRuntimeProvider.cs; Assets/Scripts/Services/Infrastructure/BlueprintResearchSaveSection.cs; Assets/Scripts/Services/Infrastructure/ResearchCraftingSummaryService.cs; Assets/Scripts/Services/Infrastructure/ResearchFacilityCapacityAdapter.cs; Assets/Scripts/Services/Infrastructure/ResearchGraphLayoutService.cs; Assets/Scripts/Services/Infrastructure/ResearchProjectCatalogAdapter.cs; Assets/Scripts/Services/Infrastructure/ResearchRewardCatalogAdapter.cs; Assets/Scripts/Services/Run/FirstRunObjectiveRuntime.cs,Assets/Scripts/Services/Infrastructure/BlueprintResearchContracts.cs; Assets/Scripts/Services/Infrastructure/BlueprintResearchRuntime.cs; Assets/Scripts/Services/Infrastructure/BlueprintResearchSaveSection.cs; Assets/Scripts/Services/Infrastructure/ResearchCraftingSummaryService.cs; Assets/Scripts/Services/Run/FirstRunObjectiveRuntime.cs; Assets/Scripts/Services/Run/V20MilestoneWorldSnapshotProjector.cs; Assets/Scripts/Views/UI/ResearchTreeWindow.cs,8,CombatArmorSO; ProductionRecipeSO; ResearchProjectSO,진행 역할은 '제강 판재와 사슬 연결부를 관절 구조로 조립한다'이다. 선행 4개와 해금 1개를 연구 그래프에 연결한다.,연구 분야 10의 선행·해금 그래프에서 진행 경계를 만든다.,requiredWork=115,research-field:10,"비교 후보(대체 가능성 미검증): ResearchProjectSO:research:equipment:mail-weaving, ResearchProjectSO:research:metallurgy:advanced, ResearchProjectSO:research:metallurgy:blacksteel, ResearchProjectSO:research:metallurgy:iron, ResearchProjectSO:research:metallurgy:precious, ResearchProjectSO:research:metallurgy:primitive, ResearchProjectSO:research:metallurgy:steel","직접 참조 8건에 영향: CombatArmorSO:equipment-item:armor:articulated-plate, CombatArmorSO:equipment-item:armor:breastplate, CombatArmorSO:equipment-item:armor:closed-plate-helm, CombatArmorSO:equipment-item:armor:iron-helmet, ProductionRecipeSO:recipe:material:plate-blank, ResearchProjectSO:research:equipment:powered-armor",research-topology-and-unlocks; niche=field+prerequisites+unlocks; cost=requiredWork,Assets/Resources/SO/Research/Projects/equipment_articulated_plate.asset,3e4e4a169a0e7864c9b9a801bf294a7e,"{""fileID"":0}",0,ResearchBlueprintRule,None,explicit-serialized,제강 판재와 사슬 연결부를 관절 구조로 조립한다.,관절식 판금,[],0,"[{""capability"":0,""requiredCount"":1},{""capability"":3,""requiredCount"":1},{""capability"":6,""requiredCount"":1}]",3,10,ResearchField,Metallurgy,explicit-serialized,"{""fileID"":0}",7229,0,ResearchPrerequisiteKind,Theory,implicit-csharp-default,equipment_articulated_plate,1,"[{""kind"":2,""prerequisite"":{""fileID"":11400000,""guid"":""ec657baa6adfda94d991f5df80a7780e"",""type"":2},""prerequisiteId"":""research:equipment:mail-weaving"",""reason"":""사슬 편조의 공학 원리이(가) 관절식 판금 구현에 직접 필요하다.""},{""kind"":2,""prerequisite"":{""fileID"":11400000,""guid"":""00b8c28931f47544faecc8b510851912"",""type"":2},""prerequisiteId"":""research:metallurgy:advanced"",""reason"":""고급 단조의 공학 원리이(가) 관절식 판금 구현에 직접 필요하다.""}]",2,"[{""fileID"":11400000,""guid"":""ec657baa6adfda94d991f5df80a7780e"",""type"":2},{""fileID"":11400000,""guid"":""00b8c28931f47544faecc8b510851912"",""type"":2}]",2,research:equipment:articulated-plate,115,"{""items"":[{""rid"":7737212199327498516}]}"
research-effects,ResearchProjectSO,ResearchProjectSO|research:equipment:ballistics,research:equipment:ballistics,탄도학,점화 압력과 사격 진지의 관측 기록으로 탄도 편차를 계산한다.,분야 2; 작업 255; 선행 4; 해금 1; 시설 요구 3; 효과 0,prerequisite:research:defense:ranged-positions; prerequisite:research:defense:ranged-positions; prerequisite:research:defense:ranged-positions; prerequisite:research:equipment:ignition-mechanisms; prerequisite:research:equipment:ignition-mechanisms; prerequisite:research:equipment:ignition-mechanisms; unlocks-building:building:8900,진행 역할은 '점화 압력과 사격 진지의 관측 기록으로 탄도 편차를 계산한다'이다. 선행 4개와 해금 1개를 연구 그래프에 연결한다.,research-topology-and-unlocks,근거 확인,,active-authored,Assets/Resources/SO/Content/GameDomainContentCatalog.asset; Assets/Resources/SO/GameContentCatalog.asset,catalog-registered-static-consumer,Assets/Scripts/Services/Effects/Runtime/CharacterDerivedStatsSnapshot.cs; Assets/Scripts/Services/Infrastructure/BlueprintResearchContracts.cs; Assets/Scripts/Services/Infrastructure/BlueprintResearchProjectCoordinator.cs; Assets/Scripts/Services/Infrastructure/BlueprintResearchRuntime.cs; Assets/Scripts/Services/Infrastructure/BlueprintResearchRuntimeProvider.cs; Assets/Scripts/Services/Infrastructure/BlueprintResearchSaveSection.cs; Assets/Scripts/Services/Infrastructure/ResearchCraftingSummaryService.cs; Assets/Scripts/Services/Infrastructure/ResearchFacilityCapacityAdapter.cs; Assets/Scripts/Services/Infrastructure/ResearchGraphLayoutService.cs; Assets/Scripts/Services/Infrastructure/ResearchProjectCatalogAdapter.cs; Assets/Scripts/Services/Infrastructure/ResearchRewardCatalogAdapter.cs; Assets/Scripts/Services/Run/FirstRunObjectiveRuntime.cs,Assets/Scripts/Services/Infrastructure/BlueprintResearchContracts.cs; Assets/Scripts/Services/Infrastructure/BlueprintResearchRuntime.cs; Assets/Scripts/Services/Infrastructure/BlueprintResearchSaveSection.cs; Assets/Scripts/Services/Infrastructure/ResearchCraftingSummaryService.cs; Assets/Scripts/Services/Run/FirstRunObjectiveRuntime.cs; Assets/Scripts/Services/Run/V20MilestoneWorldSnapshotProjector.cs; Assets/Scripts/Views/UI/ResearchTreeWindow.cs,6,CombatWeaponSO; ResearchProjectSO,진행 역할은 '점화 압력과 사격 진지의 관측 기록으로 탄도 편차를 계산한다'이다. 선행 4개와 해금 1개를 연구 그래프에 연결한다.,연구 분야 2의 선행·해금 그래프에서 진행 경계를 만든다.,requiredWork=255,research-field:2,"비교 후보(대체 가능성 미검증): ResearchProjectSO:research:defense:alliance-signals, ResearchProjectSO:research:defense:corridor-mechanisms, ResearchProjectSO:research:defense:fortification, ResearchProjectSO:research:defense:ranged-positions, ResearchProjectSO:research:defense:remote-control, ResearchProjectSO:research:defense:rune-identification, ResearchProjectSO:research:defense:siege-fortification, ResearchProjectSO:research:defense:supply, ResearchProjectSO:research:defense:tactical-command, ResearchProjectSO:research:defense:watch, ResearchProjectSO:research:equipment:field-maintenance, ResearchProjectSO:research:equipment:mechanical-projectiles","직접 참조 6건에 영향: CombatWeaponSO:equipment-item:weapon:arquebus, CombatWeaponSO:equipment-item:weapon:matchlock-long-gun, CombatWeaponSO:equipment-item:weapon:sniper-arquebus, ResearchProjectSO:research:equipment:pressure-barrels",research-topology-and-unlocks; niche=field+prerequisites+unlocks; cost=requiredWork,Assets/Resources/SO/Research/Projects/equipment_ballistics.asset,4ce0e84af53572546a0f74fccf48985e,"{""fileID"":0}",0,ResearchBlueprintRule,None,explicit-serialized,점화 압력과 사격 진지의 관측 기록으로 탄도 편차를 계산한다.,탄도학,[],0,"[{""capability"":0,""requiredCount"":2},{""capability"":3,""requiredCount"":1},{""capability"":6,""requiredCount"":1}]",3,2,ResearchField,Defense And Tactics,explicit-serialized,"{""fileID"":0}",7232,0,ResearchPrerequisiteKind,Theory,implicit-csharp-default,equipment_ballistics,1,"[{""kind"":2,""prerequisite"":{""fileID"":11400000,""guid"":""e955f0b01ce59194e85a72b3de7d1c30"",""type"":2},""prerequisiteId"":""research:defense:ranged-positions"",""reason"":""사격 방책의 공학 원리이(가) 탄도학 구현에 직접 필요하다.""},{""kind"":2,""prerequisite"":{""fileID"":11400000,""guid"":""82bbfedc4cbbd4645b7f5fcc34ae88ab"",""type"":2},""prerequisiteId"":""research:equipment:ignition-mechanisms"",""reason"":""점화 기구학의 공학 원리이(가) 탄도학 구현에 직접 필요하다.""}]",2,"[{""fileID"":11400000,""guid"":""e955f0b01ce59194e85a72b3de7d1c30"",""type"":2},{""fileID"":11400000,""guid"":""82bbfedc4cbbd4645b7f5fcc34ae88ab"",""type"":2}]",2,research:equipment:ballistics,255,"{""items"":[{""rid"":7737212199327498517}]}"
research-effects,ResearchProjectSO,ResearchProjectSO|research:equipment:black-powder,research:equipment:black-powder,흑색화약 배합,숯과 증류 약재를 기록된 비율로 분쇄해 추진용 화약을 만든다.,분야 15; 작업 191; 선행 4; 해금 1; 시설 요구 3; 효과 0,prerequisite:research:forestry:charcoal; prerequisite:research:forestry:charcoal; prerequisite:research:forestry:charcoal; prerequisite:research:pharmacology:distillation; prerequisite:research:pharmacology:distillation; prerequisite:research:pharmacology:distillation; unlocks-building:building:8840,진행 역할은 '숯과 증류 약재를 기록된 비율로 분쇄해 추진용 화약을 만든다'이다. 선행 4개와 해금 1개를 연구 그래프에 연결한다.,research-topology-and-unlocks,근거 확인,,active-authored,Assets/Resources/SO/Content/GameDomainContentCatalog.asset; Assets/Resources/SO/GameContentCatalog.asset,catalog-registered-static-consumer,Assets/Scripts/Services/Effects/Runtime/CharacterDerivedStatsSnapshot.cs; Assets/Scripts/Services/Infrastructure/BlueprintResearchContracts.cs; Assets/Scripts/Services/Infrastructure/BlueprintResearchProjectCoordinator.cs; Assets/Scripts/Services/Infrastructure/BlueprintResearchRuntime.cs; Assets/Scripts/Services/Infrastructure/BlueprintResearchRuntimeProvider.cs; Assets/Scripts/Services/Infrastructure/BlueprintResearchSaveSection.cs; Assets/Scripts/Services/Infrastructure/ResearchCraftingSummaryService.cs; Assets/Scripts/Services/Infrastructure/ResearchFacilityCapacityAdapter.cs; Assets/Scripts/Services/Infrastructure/ResearchGraphLayoutService.cs; Assets/Scripts/Services/Infrastructure/ResearchProjectCatalogAdapter.cs; Assets/Scripts/Services/Infrastructure/ResearchRewardCatalogAdapter.cs; Assets/Scripts/Services/Run/FirstRunObjectiveRuntime.cs,Assets/Scripts/Services/Infrastructure/BlueprintResearchContracts.cs; Assets/Scripts/Services/Infrastructure/BlueprintResearchRuntime.cs; Assets/Scripts/Services/Infrastructure/BlueprintResearchSaveSection.cs; Assets/Scripts/Services/Infrastructure/ResearchCraftingSummaryService.cs; Assets/Scripts/Services/Run/FirstRunObjectiveRuntime.cs; Assets/Scripts/Services/Run/V20MilestoneWorldSnapshotProjector.cs; Assets/Scripts/Views/UI/ResearchTreeWindow.cs,10,ProductionRecipeSO; ResearchProjectSO,진행 역할은 '숯과 증류 약재를 기록된 비율로 분쇄해 추진용 화약을 만든다'이다. 선행 4개와 해금 1개를 연구 그래프에 연결한다.,연구 분야 15의 선행·해금 그래프에서 진행 경계를 만든다.,requiredWork=191,research-field:15,"비교 후보(대체 가능성 미검증): ResearchProjectSO:research:climate:environment-control, ResearchProjectSO:research:equipment:ignition-mechanisms, ResearchProjectSO:research:equipment:industrial-metrology, ResearchProjectSO:research:equipment:material-testing, ResearchProjectSO:research:equipment:modular-frames, ResearchProjectSO:research:equipment:powered-armor, ResearchProjectSO:research:equipment:precision-fitting, ResearchProjectSO:research:equipment:pressure-barrels, ResearchProjectSO:research:equipment:prototype-engineering, ResearchProjectSO:research:equipment:rune-module-tuning, ResearchProjectSO:research:equipment:standard-ammunition, ResearchProjectSO:research:industry:assisted-processing 외 18개","직접 참조 10건에 영향: ProductionRecipeSO:recipe:ammo:incendiary-arrow, ProductionRecipeSO:recipe:ammo:incendiary-bolt, ProductionRecipeSO:recipe:material:black-powder, ProductionRecipeSO:recipe:material:niter, ResearchProjectSO:research:equipment:ignition-mechanisms, ResearchProjectSO:research:equipment:standard-ammunition",research-topology-and-unlocks; niche=field+prerequisites+unlocks; cost=requiredWork,Assets/Resources/SO/Research/Projects/equipment_black_powder.asset,5c723e0afc8d22b44bf32fea13a05b17,"{""fileID"":0}",0,ResearchBlueprintRule,None,explicit-serialized,숯과 증류 약재를 기록된 비율로 분쇄해 추진용 화약을 만든다.,흑색화약 배합,[],0,"[{""capability"":0,""requiredCount"":2},{""capability"":3,""requiredCount"":1},{""capability"":6,""requiredCount"":1}]",3,15,ResearchField,Industry And Automation,explicit-serialized,"{""fileID"":0}",7230,0,ResearchPrerequisiteKind,Theory,implicit-csharp-default,equipment_black_powder,1,"[{""kind"":2,""prerequisite"":{""fileID"":11400000,""guid"":""212219e2e99209a469357092f71d146e"",""type"":2},""prerequisiteId"":""research:forestry:charcoal"",""reason"":""숯가마의 공학 원리이(가) 흑색화약 배합 구현에 직접 필요하다.""},{""kind"":2,""prerequisite"":{""fileID"":11400000,""guid"":""fc08c2ecdc5e40b49a2513a1eb3385bf"",""type"":2},""prerequisiteId"":""research:pharmacology:distillation"",""reason"":""증류의 공학 원리이(가) 흑색화약 배합 구현에 직접 필요하다.""}]",2,"[{""fileID"":11400000,""guid"":""212219e2e99209a469357092f71d146e"",""type"":2},{""fileID"":11400000,""guid"":""fc08c2ecdc5e40b49a2513a1eb3385bf"",""type"":2}]",2,research:equipment:black-powder,191,"{""items"":[{""rid"":7737212199327498518}]}"
research-effects,ResearchProjectSO,ResearchProjectSO|research:equipment:bowyery,research:equipment:bowyery,궁시 제작학,처리 목재와 섬유의 탄성을 조율해 복합 활대를 제작한다.,분야 1; 작업 60; 선행 4; 해금 1; 시설 요구 2; 효과 0,prerequisite:research:forestry:treated; prerequisite:research:forestry:treated; prerequisite:research:forestry:treated; prerequisite:research:textile:fiber; prerequisite:research:textile:fiber; prerequisite:research:textile:fiber; unlocks-building:building:8836,진행 역할은 '처리 목재와 섬유의 탄성을 조율해 복합 활대를 제작한다'이다. 선행 4개와 해금 1개를 연구 그래프에 연결한다.,research-topology-and-unlocks,근거 확인,,active-authored,Assets/Resources/SO/Content/GameDomainContentCatalog.asset; Assets/Resources/SO/GameContentCatalog.asset,catalog-registered-static-consumer,Assets/Scripts/Services/Effects/Runtime/CharacterDerivedStatsSnapshot.cs; Assets/Scripts/Services/Infrastructure/BlueprintResearchContracts.cs; Assets/Scripts/Services/Infrastructure/BlueprintResearchProjectCoordinator.cs; Assets/Scripts/Services/Infrastructure/BlueprintResearchRuntime.cs; Assets/Scripts/Services/Infrastructure/BlueprintResearchRuntimeProvider.cs; Assets/Scripts/Services/Infrastructure/BlueprintResearchSaveSection.cs; Assets/Scripts/Services/Infrastructure/ResearchCraftingSummaryService.cs; Assets/Scripts/Services/Infrastructure/ResearchFacilityCapacityAdapter.cs; Assets/Scripts/Services/Infrastructure/ResearchGraphLayoutService.cs; Assets/Scripts/Services/Infrastructure/ResearchProjectCatalogAdapter.cs; Assets/Scripts/Services/Infrastructure/ResearchRewardCatalogAdapter.cs; Assets/Scripts/Services/Run/FirstRunObjectiveRuntime.cs,Assets/Scripts/Services/Infrastructure/BlueprintResearchContracts.cs; Assets/Scripts/Services/Infrastructure/BlueprintResearchRuntime.cs; Assets/Scripts/Services/Infrastructure/BlueprintResearchSaveSection.cs; Assets/Scripts/Services/Infrastructure/ResearchCraftingSummaryService.cs; Assets/Scripts/Services/Run/FirstRunObjectiveRuntime.cs; Assets/Scripts/Services/Run/V20MilestoneWorldSnapshotProjector.cs; Assets/Scripts/Views/UI/ResearchTreeWindow.cs,6,CombatWeaponSO; ResearchProjectSO,진행 역할은 '처리 목재와 섬유의 탄성을 조율해 복합 활대를 제작한다'이다. 선행 4개와 해금 1개를 연구 그래프에 연결한다.,연구 분야 1의 선행·해금 그래프에서 진행 경계를 만든다.,requiredWork=60,research-field:1,"비교 후보(대체 가능성 미검증): ResearchProjectSO:research:commerce:expansion, ResearchProjectSO:research:commerce:logistics, ResearchProjectSO:research:commerce:retail, ResearchProjectSO:research:commerce:secure-trade, ResearchProjectSO:research:equipment:weapon-patterns, ResearchProjectSO:research:service:dining-operations, ResearchProjectSO:research:service-flow","직접 참조 6건에 영향: CombatWeaponSO:equipment-item:weapon:composite-bow, CombatWeaponSO:equipment-item:weapon:longbow, CombatWeaponSO:equipment-item:weapon:shortbow, ResearchProjectSO:research:equipment:mechanical-projectiles",research-topology-and-unlocks; niche=field+prerequisites+unlocks; cost=requiredWork,Assets/Resources/SO/Research/Projects/equipment_bowyery.asset,f1db925fce4f93242ae9ff9d6ee5eae8,"{""fileID"":0}",0,ResearchBlueprintRule,None,explicit-serialized,처리 목재와 섬유의 탄성을 조율해 복합 활대를 제작한다.,궁시 제작학,[],0,"[{""capability"":0,""requiredCount"":1},{""capability"":3,""requiredCount"":1}]",2,1,ResearchField,Commerce And Craft,explicit-serialized,"{""fileID"":0}",7226,0,ResearchPrerequisiteKind,Theory,implicit-csharp-default,equipment_bowyery,1,"[{""kind"":2,""prerequisite"":{""fileID"":11400000,""guid"":""91ce29549284d184892156dd7fcab4ae"",""type"":2},""prerequisiteId"":""research:forestry:treated"",""reason"":""목재 처리의 공학 원리이(가) 궁시 제작학 구현에 직접 필요하다.""},{""kind"":1,""prerequisite"":{""fileID"":11400000,""guid"":""8f2a5bca31574f1478107e01d22cd5f2"",""type"":2},""prerequisiteId"":""research:textile:fiber"",""reason"":""섬유 가공의 제작 기법이(가) 궁시 제작학 구현에 직접 필요하다.""}]",2,"[{""fileID"":11400000,""guid"":""91ce29549284d184892156dd7fcab4ae"",""type"":2},{""fileID"":11400000,""guid"":""8f2a5bca31574f1478107e01d22cd5f2"",""type"":2}]",2,research:equipment:bowyery,60,"{""items"":[{""rid"":7737212199327498519}]}"
research-effects,ResearchProjectSO,ResearchProjectSO|research:equipment:field-maintenance,research:equipment:field-maintenance,야전 정비학,방어 보급 절차와 재봉 수선법을 휴대 가능한 수리 규격으로 묶는다.,분야 2; 작업 84; 선행 4; 해금 1; 시설 요구 2; 효과 0,prerequisite:research:defense:supply; prerequisite:research:defense:supply; prerequisite:research:defense:supply; prerequisite:research:textile:tailoring; prerequisite:research:textile:tailoring; prerequisite:research:textile:tailoring; unlocks-building:building:9308,진행 역할은 '방어 보급 절차와 재봉 수선법을 휴대 가능한 수리 규격으로 묶는다'이다. 선행 4개와 해금 1개를 연구 그래프에 연결한다.,research-topology-and-unlocks,근거 확인,,active-authored,Assets/Resources/SO/Content/GameDomainContentCatalog.asset; Assets/Resources/SO/GameContentCatalog.asset,catalog-registered-static-consumer,Assets/Scripts/Services/Effects/Runtime/CharacterDerivedStatsSnapshot.cs; Assets/Scripts/Services/Infrastructure/BlueprintResearchContracts.cs; Assets/Scripts/Services/Infrastructure/BlueprintResearchProjectCoordinator.cs; Assets/Scripts/Services/Infrastructure/BlueprintResearchRuntime.cs; Assets/Scripts/Services/Infrastructure/BlueprintResearchRuntimeProvider.cs; Assets/Scripts/Services/Infrastructure/BlueprintResearchSaveSection.cs; Assets/Scripts/Services/Infrastructure/ResearchCraftingSummaryService.cs; Assets/Scripts/Services/Infrastructure/ResearchFacilityCapacityAdapter.cs; Assets/Scripts/Services/Infrastructure/ResearchGraphLayoutService.cs; Assets/Scripts/Services/Infrastructure/ResearchProjectCatalogAdapter.cs; Assets/Scripts/Services/Infrastructure/ResearchRewardCatalogAdapter.cs; Assets/Scripts/Services/Run/FirstRunObjectiveRuntime.cs,Assets/Scripts/Services/Infrastructure/BlueprintResearchContracts.cs; Assets/Scripts/Services/Infrastructure/BlueprintResearchRuntime.cs; Assets/Scripts/Services/Infrastructure/BlueprintResearchSaveSection.cs; Assets/Scripts/Services/Infrastructure/ResearchCraftingSummaryService.cs; Assets/Scripts/Services/Run/FirstRunObjectiveRuntime.cs; Assets/Scripts/Services/Run/V20MilestoneWorldSnapshotProjector.cs; Assets/Scripts/Views/UI/ResearchTreeWindow.cs,1,ProductionRecipeSO,진행 역할은 '방어 보급 절차와 재봉 수선법을 휴대 가능한 수리 규격으로 묶는다'이다. 선행 4개와 해금 1개를 연구 그래프에 연결한다.,연구 분야 2의 선행·해금 그래프에서 진행 경계를 만든다.,requiredWork=84,research-field:2,"비교 후보(대체 가능성 미검증): ResearchProjectSO:research:defense:alliance-signals, ResearchProjectSO:research:defense:corridor-mechanisms, ResearchProjectSO:research:defense:fortification, ResearchProjectSO:research:defense:ranged-positions, ResearchProjectSO:research:defense:remote-control, ResearchProjectSO:research:defense:rune-identification, ResearchProjectSO:research:defense:siege-fortification, ResearchProjectSO:research:defense:supply, ResearchProjectSO:research:defense:tactical-command, ResearchProjectSO:research:defense:watch, ResearchProjectSO:research:equipment:ballistics, ResearchProjectSO:research:equipment:mechanical-projectiles",직접 참조 1건에 영향: ProductionRecipeSO:recipe:tool:field-repair-kit,research-topology-and-unlocks; niche=field+prerequisites+unlocks; cost=requiredWork,Assets/Resources/SO/Research/Projects/equipment_field_maintenance.asset,9567546579f39ac48bc0a0a5f1d87ef7,"{""fileID"":0}",0,ResearchBlueprintRule,None,explicit-serialized,방어 보급 절차와 재봉 수선법을 휴대 가능한 수리 규격으로 묶는다.,야전 정비학,[],0,"[{""capability"":0,""requiredCount"":2},{""capability"":3,""requiredCount"":1}]",2,2,ResearchField,Defense And Tactics,explicit-serialized,"{""fileID"":0}",7245,0,ResearchPrerequisiteKind,Theory,implicit-csharp-default,equipment_field_maintenance,1,"[{""kind"":2,""prerequisite"":{""fileID"":11400000,""guid"":""2594e67f84c3f1444a2738ea7ce0f81f"",""type"":2},""prerequisiteId"":""research:defense:supply"",""reason"":""방어 보급학의 공학 원리이(가) 야전 정비학 구현에 직접 필요하다.""},{""kind"":1,""prerequisite"":{""fileID"":11400000,""guid"":""30bd82079e05a0d4ca9c1c9b7fb4133f"",""type"":2},""prerequisiteId"":""research:textile:tailoring"",""reason"":""재봉의 제작 기법이(가) 야전 정비학 구현에 직접 필요하다.""}]",2,"[{""fileID"":11400000,""guid"":""2594e67f84c3f1444a2738ea7ce0f81f"",""type"":2},{""fileID"":11400000,""guid"":""30bd82079e05a0d4ca9c1c9b7fb4133f"",""type"":2}]",2,research:equipment:field-maintenance,84,"{""items"":[{""rid"":7737212199327498520}]}"
research-effects,ResearchProjectSO,ResearchProjectSO|research:equipment:ignition-mechanisms,research:equipment:ignition-mechanisms,점화 기구학,강철 격발부와 제도 규격으로 휴대 화기의 점화를 제어한다.,분야 15; 작업 255; 선행 4; 해금 0; 시설 요구 3; 효과 0,prerequisite:research:equipment:black-powder; prerequisite:research:equipment:black-powder; prerequisite:research:equipment:black-powder; prerequisite:research:industry:powered-tools; prerequisite:research:industry:powered-tools; prerequisite:research:industry:powered-tools,진행 역할은 '강철 격발부와 제도 규격으로 휴대 화기의 점화를 제어한다'이다. 선행 4개와 해금 0개를 연구 그래프에 연결한다.,research-topology-and-unlocks,근거 확인,,active-authored,Assets/Resources/SO/Content/GameDomainContentCatalog.asset; Assets/Resources/SO/GameContentCatalog.asset,catalog-registered-static-consumer,Assets/Scripts/Services/Effects/Runtime/CharacterDerivedStatsSnapshot.cs; Assets/Scripts/Services/Infrastructure/BlueprintResearchContracts.cs; Assets/Scripts/Services/Infrastructure/BlueprintResearchProjectCoordinator.cs; Assets/Scripts/Services/Infrastructure/BlueprintResearchRuntime.cs; Assets/Scripts/Services/Infrastructure/BlueprintResearchRuntimeProvider.cs; Assets/Scripts/Services/Infrastructure/BlueprintResearchSaveSection.cs; Assets/Scripts/Services/Infrastructure/ResearchCraftingSummaryService.cs; Assets/Scripts/Services/Infrastructure/ResearchFacilityCapacityAdapter.cs; Assets/Scripts/Services/Infrastructure/ResearchGraphLayoutService.cs; Assets/Scripts/Services/Infrastructure/ResearchProjectCatalogAdapter.cs; Assets/Scripts/Services/Infrastructure/ResearchRewardCatalogAdapter.cs; Assets/Scripts/Services/Run/FirstRunObjectiveRuntime.cs,Assets/Scripts/Services/Infrastructure/BlueprintResearchContracts.cs; Assets/Scripts/Services/Infrastructure/BlueprintResearchRuntime.cs; Assets/Scripts/Services/Infrastructure/BlueprintResearchSaveSection.cs; Assets/Scripts/Services/Infrastructure/ResearchCraftingSummaryService.cs; Assets/Scripts/Services/Run/FirstRunObjectiveRuntime.cs; Assets/Scripts/Services/Run/V20MilestoneWorldSnapshotProjector.cs; Assets/Scripts/Views/UI/ResearchTreeWindow.cs,5,CombatWeaponSO; ResearchProjectSO,진행 역할은 '강철 격발부와 제도 규격으로 휴대 화기의 점화를 제어한다'이다. 선행 4개와 해금 0개를 연구 그래프에 연결한다.,연구 분야 15의 선행·해금 그래프에서 진행 경계를 만든다.,requiredWork=255,research-field:15,"비교 후보(대체 가능성 미검증): ResearchProjectSO:research:climate:environment-control, ResearchProjectSO:research:equipment:black-powder, ResearchProjectSO:research:equipment:industrial-metrology, ResearchProjectSO:research:equipment:material-testing, ResearchProjectSO:research:equipment:modular-frames, ResearchProjectSO:research:equipment:powered-armor, ResearchProjectSO:research:equipment:precision-fitting, ResearchProjectSO:research:equipment:pressure-barrels, ResearchProjectSO:research:equipment:prototype-engineering, ResearchProjectSO:research:equipment:rune-module-tuning, ResearchProjectSO:research:equipment:standard-ammunition, ResearchProjectSO:research:industry:assisted-processing 외 18개","직접 참조 5건에 영향: CombatWeaponSO:equipment-item:weapon:handgonne, CombatWeaponSO:equipment-item:weapon:matchlock-pistol, ResearchProjectSO:research:equipment:ballistics",research-topology-and-unlocks; niche=field+prerequisites+unlocks; cost=requiredWork,Assets/Resources/SO/Research/Projects/equipment_ignition_mechanisms.asset,82bbfedc4cbbd4645b7f5fcc34ae88ab,"{""fileID"":0}",0,ResearchBlueprintRule,None,explicit-serialized,강철 격발부와 제도 규격으로 휴대 화기의 점화를 제어한다.,점화 기구학,[],0,"[{""capability"":0,""requiredCount"":2},{""capability"":3,""requiredCount"":1},{""capability"":6,""requiredCount"":1}]",3,15,ResearchField,Industry And Automation,explicit-serialized,"{""fileID"":0}",7231,0,ResearchPrerequisiteKind,Theory,implicit-csharp-default,equipment_ignition_mechanisms,1,"[{""kind"":2,""prerequisite"":{""fileID"":11400000,""guid"":""5c723e0afc8d22b44bf32fea13a05b17"",""type"":2},""prerequisiteId"":""research:equipment:black-powder"",""reason"":""흑색화약 배합의 공학 원리이(가) 점화 기구학 구현에 직접 필요하다.""},{""kind"":2,""prerequisite"":{""fileID"":11400000,""guid"":""267e6f558200e604ba61f34e665242b2"",""type"":2},""prerequisiteId"":""research:industry:powered-tools"",""reason"":""공장 공학의 공학 원리이(가) 점화 기구학 구현에 직접 필요하다.""}]",2,"[{""fileID"":11400000,""guid"":""5c723e0afc8d22b44bf32fea13a05b17"",""type"":2},{""fileID"":11400000,""guid"":""267e6f558200e604ba61f34e665242b2"",""type"":2}]",2,research:equipment:ignition-mechanisms,255,"{""items"":[]}"
research-effects,ResearchProjectSO,ResearchProjectSO|research:equipment:industrial-metrology,research:equipment:industrial-metrology,산업 계측학,시제품 공정과 정밀 자동화의 편차를 공장 규모에서 계측한다.,분야 15; 작업 437; 선행 4; 해금 1; 시설 요구 3; 효과 0,prerequisite:research:equipment:prototype-engineering; prerequisite:research:equipment:prototype-engineering; prerequisite:research:equipment:prototype-engineering; prerequisite:research:industry:precision; prerequisite:research:industry:precision; prerequisite:research:industry:precision; unlocks-building:building:8846,진행 역할은 '시제품 공정과 정밀 자동화의 편차를 공장 규모에서 계측한다'이다. 선행 4개와 해금 1개를 연구 그래프에 연결한다.,research-topology-and-unlocks,근거 확인,,active-authored,Assets/Resources/SO/Content/GameDomainContentCatalog.asset; Assets/Resources/SO/GameContentCatalog.asset,catalog-registered-static-consumer,Assets/Scripts/Services/Effects/Runtime/CharacterDerivedStatsSnapshot.cs; Assets/Scripts/Services/Infrastructure/BlueprintResearchContracts.cs; Assets/Scripts/Services/Infrastructure/BlueprintResearchProjectCoordinator.cs; Assets/Scripts/Services/Infrastructure/BlueprintResearchRuntime.cs; Assets/Scripts/Services/Infrastructure/BlueprintResearchRuntimeProvider.cs; Assets/Scripts/Services/Infrastructure/BlueprintResearchSaveSection.cs; Assets/Scripts/Services/Infrastructure/ResearchCraftingSummaryService.cs; Assets/Scripts/Services/Infrastructure/ResearchFacilityCapacityAdapter.cs; Assets/Scripts/Services/Infrastructure/ResearchGraphLayoutService.cs; Assets/Scripts/Services/Infrastructure/ResearchProjectCatalogAdapter.cs; Assets/Scripts/Services/Infrastructure/ResearchRewardCatalogAdapter.cs; Assets/Scripts/Services/Run/FirstRunObjectiveRuntime.cs,Assets/Scripts/Services/Infrastructure/BlueprintResearchContracts.cs; Assets/Scripts/Services/Infrastructure/BlueprintResearchRuntime.cs; Assets/Scripts/Services/Infrastructure/BlueprintResearchSaveSection.cs; Assets/Scripts/Services/Infrastructure/ResearchCraftingSummaryService.cs; Assets/Scripts/Services/Run/FirstRunObjectiveRuntime.cs; Assets/Scripts/Services/Run/V20MilestoneWorldSnapshotProjector.cs; Assets/Scripts/Views/UI/ResearchTreeWindow.cs,5,ProductionRecipeSO; ResearchProjectSO,진행 역할은 '시제품 공정과 정밀 자동화의 편차를 공장 규모에서 계측한다'이다. 선행 4개와 해금 1개를 연구 그래프에 연결한다.,연구 분야 15의 선행·해금 그래프에서 진행 경계를 만든다.,requiredWork=437,research-field:15,"비교 후보(대체 가능성 미검증): ResearchProjectSO:research:climate:environment-control, ResearchProjectSO:research:equipment:black-powder, ResearchProjectSO:research:equipment:ignition-mechanisms, ResearchProjectSO:research:equipment:material-testing, ResearchProjectSO:research:equipment:modular-frames, ResearchProjectSO:research:equipment:powered-armor, ResearchProjectSO:research:equipment:precision-fitting, ResearchProjectSO:research:equipment:pressure-barrels, ResearchProjectSO:research:equipment:prototype-engineering, ResearchProjectSO:research:equipment:rune-module-tuning, ResearchProjectSO:research:equipment:standard-ammunition, ResearchProjectSO:research:industry:assisted-processing 외 18개","직접 참조 5건에 영향: ProductionRecipeSO:recipe:component:precision-optics, ProductionRecipeSO:recipe:tool:precision-gauge, ResearchProjectSO:research:climate:regional-climatology",research-topology-and-unlocks; niche=field+prerequisites+unlocks; cost=requiredWork,Assets/Resources/SO/Research/Projects/equipment_industrial_metrology.asset,8f9b91c05c6a8d74f9593ffbc55c667d,"{""fileID"":0}",0,ResearchBlueprintRule,None,explicit-serialized,시제품 공정과 정밀 자동화의 편차를 공장 규모에서 계측한다.,산업 계측학,[],0,"[{""capability"":0,""requiredCount"":2},{""capability"":3,""requiredCount"":1},{""capability"":6,""requiredCount"":1}]",3,15,ResearchField,Industry And Automation,explicit-serialized,"{""fileID"":0}",7244,0,ResearchPrerequisiteKind,Theory,implicit-csharp-default,equipment_industrial_metrology,1,"[{""kind"":2,""prerequisite"":{""fileID"":11400000,""guid"":""8839eece9e0123c429a6f8b47e3801b2"",""type"":2},""prerequisiteId"":""research:equipment:prototype-engineering"",""reason"":""시제품 공학의 공학 원리이(가) 산업 계측학 구현에 직접 필요하다.""},{""kind"":2,""prerequisite"":{""fileID"":11400000,""guid"":""5f482d6d36c48094fbdc08be33a2735a"",""type"":2},""prerequisiteId"":""research:industry:precision"",""reason"":""정밀 자동화의 공학 원리이(가) 산업 계측학 구현에 직접 필요하다.""}]",2,"[{""fileID"":11400000,""guid"":""8839eece9e0123c429a6f8b47e3801b2"",""type"":2},{""fileID"":11400000,""guid"":""5f482d6d36c48094fbdc08be33a2735a"",""type"":2}]",2,research:equipment:industrial-metrology,437,"{""items"":[{""rid"":7737212199327498521}]}"
research-effects,ResearchProjectSO,ResearchProjectSO|research:equipment:lineage-binding,research:equipment:lineage-binding,장비 계보 결속,룬 조율 장비의 사용 기록과 상징을 새 장비에 결속한다.,분야 3; 작업 546; 선행 2; 해금 1; 시설 요구 4; 효과 0,prerequisite:research:equipment:rune-module-tuning; prerequisite:research:equipment:rune-module-tuning; prerequisite:research:equipment:rune-module-tuning; unlocks-building:building:9827,진행 역할은 '룬 조율 장비의 사용 기록과 상징을 새 장비에 결속한다'이다. 선행 2개와 해금 1개를 연구 그래프에 연결한다.,research-topology-and-unlocks,근거 확인,,active-authored,Assets/Resources/SO/Content/GameDomainContentCatalog.asset; Assets/Resources/SO/GameContentCatalog.asset,catalog-registered-static-consumer,Assets/Scripts/Services/Combat/EquipmentHistoryTransferRuntime.cs; Assets/Scripts/Services/Effects/Runtime/CharacterDerivedStatsSnapshot.cs; Assets/Scripts/Services/Infrastructure/BlueprintResearchContracts.cs; Assets/Scripts/Services/Infrastructure/BlueprintResearchProjectCoordinator.cs; Assets/Scripts/Services/Infrastructure/BlueprintResearchRuntime.cs; Assets/Scripts/Services/Infrastructure/BlueprintResearchRuntimeProvider.cs; Assets/Scripts/Services/Infrastructure/BlueprintResearchSaveSection.cs; Assets/Scripts/Services/Infrastructure/ResearchCraftingSummaryService.cs; Assets/Scripts/Services/Infrastructure/ResearchFacilityCapacityAdapter.cs; Assets/Scripts/Services/Infrastructure/ResearchGraphLayoutService.cs; Assets/Scripts/Services/Infrastructure/ResearchProjectCatalogAdapter.cs; Assets/Scripts/Services/Infrastructure/ResearchRewardCatalogAdapter.cs,Assets/Scripts/Services/Infrastructure/BlueprintResearchContracts.cs; Assets/Scripts/Services/Infrastructure/BlueprintResearchRuntime.cs; Assets/Scripts/Services/Infrastructure/BlueprintResearchSaveSection.cs; Assets/Scripts/Services/Infrastructure/ResearchCraftingSummaryService.cs; Assets/Scripts/Services/Run/FirstRunObjectiveRuntime.cs; Assets/Scripts/Services/Run/V20MilestoneWorldSnapshotProjector.cs; Assets/Scripts/Views/UI/ResearchTreeWindow.cs,0,,진행 역할은 '룬 조율 장비의 사용 기록과 상징을 새 장비에 결속한다'이다. 선행 2개와 해금 1개를 연구 그래프에 연결한다.,연구 분야 3의 선행·해금 그래프에서 진행 경계를 만든다.,requiredWork=546,research-field:3,"비교 후보(대체 가능성 미검증): ResearchProjectSO:research:arcane:advanced, ResearchProjectSO:research:arcane:alchemy, ResearchProjectSO:research:arcane:records, ResearchProjectSO:research:arcane:resonance, ResearchProjectSO:research:climate:regional-climatology, ResearchProjectSO:research:climate:weather-observation, ResearchProjectSO:research:equipment:relic-appraisal, ResearchProjectSO:research:genetics:hereditary-records, ResearchProjectSO:research:life:seasonal-calendar, ResearchProjectSO:research:medical:rune-hibernation, ResearchProjectSO:research:medical:temporal-stasis",정적 콘텐츠 역참조는 확인되지 않음; 런타임 직접 조회와 설계상 공백은 별도 검증 필요,research-topology-and-unlocks; niche=field+prerequisites+unlocks; cost=requiredWork,Assets/Resources/SO/Research/Projects/equipment_lineage_binding.asset,f76a55b99c0eca341bc889b330cb9756,"{""fileID"":0}",0,ResearchBlueprintRule,None,explicit-serialized,룬 조율 장비의 사용 기록과 상징을 새 장비에 결속한다.,장비 계보 결속,[],0,"[{""capability"":0,""requiredCount"":1},{""capability"":1,""requiredCount"":1},{""capability"":5,""requiredCount"":1},{""capability"":6,""requiredCount"":1}]",4,3,ResearchField,Records And Arcane,explicit-serialized,"{""fileID"":0}",7240,0,ResearchPrerequisiteKind,Theory,implicit-csharp-default,equipment_lineage_binding,1,"[{""kind"":2,""prerequisite"":{""fileID"":11400000,""guid"":""ab84d33186cca914daf2b16fa1f89833"",""type"":2},""prerequisiteId"":""research:equipment:rune-module-tuning"",""reason"":""룬 부품 조율의 공학 원리이(가) 장비 계보 결속 구현에 직접 필요하다.""}]",1,"[{""fileID"":11400000,""guid"":""ab84d33186cca914daf2b16fa1f89833"",""type"":2}]",1,research:equipment:lineage-binding,546,"{""items"":[{""rid"":7737212199327498522}]}"
research-effects,ResearchProjectSO,ResearchProjectSO|research:equipment:mail-weaving,research:equipment:mail-weaving,사슬 편조,철 고리와 층상 충전재를 결속해 유연한 방호 외피를 만든다.,분야 10; 작업 84; 선행 4; 해금 1; 시설 요구 2; 효과 0,prerequisite:research:metallurgy:iron; prerequisite:research:metallurgy:iron; prerequisite:research:metallurgy:iron; prerequisite:research:textile:layered; prerequisite:research:textile:layered; prerequisite:research:textile:layered; unlocks-building:building:8838,진행 역할은 '철 고리와 층상 충전재를 결속해 유연한 방호 외피를 만든다'이다. 선행 4개와 해금 1개를 연구 그래프에 연결한다.,research-topology-and-unlocks,근거 확인,,active-authored,Assets/Resources/SO/Content/GameDomainContentCatalog.asset; Assets/Resources/SO/GameContentCatalog.asset,catalog-registered-static-consumer,Assets/Scripts/Services/Effects/Runtime/CharacterDerivedStatsSnapshot.cs; Assets/Scripts/Services/Infrastructure/BlueprintResearchContracts.cs; Assets/Scripts/Services/Infrastructure/BlueprintResearchProjectCoordinator.cs; Assets/Scripts/Services/Infrastructure/BlueprintResearchRuntime.cs; Assets/Scripts/Services/Infrastructure/BlueprintResearchRuntimeProvider.cs; Assets/Scripts/Services/Infrastructure/BlueprintResearchSaveSection.cs; Assets/Scripts/Services/Infrastructure/ResearchCraftingSummaryService.cs; Assets/Scripts/Services/Infrastructure/ResearchFacilityCapacityAdapter.cs; Assets/Scripts/Services/Infrastructure/ResearchGraphLayoutService.cs; Assets/Scripts/Services/Infrastructure/ResearchProjectCatalogAdapter.cs; Assets/Scripts/Services/Infrastructure/ResearchRewardCatalogAdapter.cs; Assets/Scripts/Services/Run/FirstRunObjectiveRuntime.cs,Assets/Scripts/Services/Infrastructure/BlueprintResearchContracts.cs; Assets/Scripts/Services/Infrastructure/BlueprintResearchRuntime.cs; Assets/Scripts/Services/Infrastructure/BlueprintResearchSaveSection.cs; Assets/Scripts/Services/Infrastructure/ResearchCraftingSummaryService.cs; Assets/Scripts/Services/Run/FirstRunObjectiveRuntime.cs; Assets/Scripts/Services/Run/V20MilestoneWorldSnapshotProjector.cs; Assets/Scripts/Views/UI/ResearchTreeWindow.cs,7,CombatArmorSO; ProductionRecipeSO; ResearchProjectSO,진행 역할은 '철 고리와 층상 충전재를 결속해 유연한 방호 외피를 만든다'이다. 선행 4개와 해금 1개를 연구 그래프에 연결한다.,연구 분야 10의 선행·해금 그래프에서 진행 경계를 만든다.,requiredWork=84,research-field:10,"비교 후보(대체 가능성 미검증): ResearchProjectSO:research:equipment:articulated-plate, ResearchProjectSO:research:metallurgy:advanced, ResearchProjectSO:research:metallurgy:blacksteel, ResearchProjectSO:research:metallurgy:iron, ResearchProjectSO:research:metallurgy:precious, ResearchProjectSO:research:metallurgy:primitive, ResearchProjectSO:research:metallurgy:steel","직접 참조 7건에 영향: CombatArmorSO:equipment-item:armor:mail-coif, CombatArmorSO:equipment-item:armor:mail-shirt, CombatArmorSO:equipment-item:armor:scale-coat, ProductionRecipeSO:recipe:material:chain-mesh, ResearchProjectSO:research:equipment:articulated-plate",research-topology-and-unlocks; niche=field+prerequisites+unlocks; cost=requiredWork,Assets/Resources/SO/Research/Projects/equipment_mail_weaving.asset,ec657baa6adfda94d991f5df80a7780e,"{""fileID"":0}",0,ResearchBlueprintRule,None,explicit-serialized,철 고리와 층상 충전재를 결속해 유연한 방호 외피를 만든다.,사슬 편조,[],0,"[{""capability"":0,""requiredCount"":1},{""capability"":3,""requiredCount"":1}]",2,10,ResearchField,Metallurgy,explicit-serialized,"{""fileID"":0}",7228,0,ResearchPrerequisiteKind,Theory,implicit-csharp-default,equipment_mail_weaving,1,"[{""kind"":2,""prerequisite"":{""fileID"":11400000,""guid"":""2a6b0ed0e88929c4dabd29e4462697af"",""type"":2},""prerequisiteId"":""research:metallurgy:iron"",""reason"":""철제 가공의 공학 원리이(가) 사슬 편조 구현에 직접 필요하다.""},{""kind"":1,""prerequisite"":{""fileID"":11400000,""guid"":""14cff071c7b50164e897a3bf13dde4ee"",""type"":2},""prerequisiteId"":""research:textile:layered"",""reason"":""층상 방어구의 제작 기법이(가) 사슬 편조 구현에 직접 필요하다.""}]",2,"[{""fileID"":11400000,""guid"":""2a6b0ed0e88929c4dabd29e4462697af"",""type"":2},{""fileID"":11400000,""guid"":""14cff071c7b50164e897a3bf13dde4ee"",""type"":2}]",2,research:equipment:mail-weaving,84,"{""items"":[{""rid"":7737212199327498523}]}"
research-effects,ResearchProjectSO,ResearchProjectSO|research:equipment:material-testing,research:equipment:material-testing,재료 시험학,공학 도면의 허용 오차를 고급 단조 시편으로 검증한다.,분야 15; 작업 255; 선행 4; 해금 1; 시설 요구 3; 효과 0,prerequisite:research:industry:powered-tools; prerequisite:research:industry:powered-tools; prerequisite:research:industry:powered-tools; prerequisite:research:metallurgy:advanced; prerequisite:research:metallurgy:advanced; prerequisite:research:metallurgy:advanced; unlocks-building:building:8826,진행 역할은 '공학 도면의 허용 오차를 고급 단조 시편으로 검증한다'이다. 선행 4개와 해금 1개를 연구 그래프에 연결한다.,research-topology-and-unlocks,근거 확인,,active-authored,Assets/Resources/SO/Content/GameDomainContentCatalog.asset; Assets/Resources/SO/GameContentCatalog.asset,catalog-registered-static-consumer,Assets/Scripts/Services/Effects/Runtime/CharacterDerivedStatsSnapshot.cs; Assets/Scripts/Services/Infrastructure/BlueprintResearchContracts.cs; Assets/Scripts/Services/Infrastructure/BlueprintResearchProjectCoordinator.cs; Assets/Scripts/Services/Infrastructure/BlueprintResearchRuntime.cs; Assets/Scripts/Services/Infrastructure/BlueprintResearchRuntimeProvider.cs; Assets/Scripts/Services/Infrastructure/BlueprintResearchSaveSection.cs; Assets/Scripts/Services/Infrastructure/ResearchCraftingSummaryService.cs; Assets/Scripts/Services/Infrastructure/ResearchFacilityCapacityAdapter.cs; Assets/Scripts/Services/Infrastructure/ResearchGraphLayoutService.cs; Assets/Scripts/Services/Infrastructure/ResearchProjectCatalogAdapter.cs; Assets/Scripts/Services/Infrastructure/ResearchRewardCatalogAdapter.cs; Assets/Scripts/Services/Run/FirstRunObjectiveRuntime.cs,Assets/Scripts/Services/Infrastructure/BlueprintResearchContracts.cs; Assets/Scripts/Services/Infrastructure/BlueprintResearchRuntime.cs; Assets/Scripts/Services/Infrastructure/BlueprintResearchSaveSection.cs; Assets/Scripts/Services/Infrastructure/ResearchCraftingSummaryService.cs; Assets/Scripts/Services/Run/FirstRunObjectiveRuntime.cs; Assets/Scripts/Services/Run/V20MilestoneWorldSnapshotProjector.cs; Assets/Scripts/Views/UI/ResearchTreeWindow.cs,10,ProductionRecipeSO; ResearchProjectSO,진행 역할은 '공학 도면의 허용 오차를 고급 단조 시편으로 검증한다'이다. 선행 4개와 해금 1개를 연구 그래프에 연결한다.,연구 분야 15의 선행·해금 그래프에서 진행 경계를 만든다.,requiredWork=255,research-field:15,"비교 후보(대체 가능성 미검증): ResearchProjectSO:research:climate:environment-control, ResearchProjectSO:research:equipment:black-powder, ResearchProjectSO:research:equipment:ignition-mechanisms, ResearchProjectSO:research:equipment:industrial-metrology, ResearchProjectSO:research:equipment:modular-frames, ResearchProjectSO:research:equipment:powered-armor, ResearchProjectSO:research:equipment:precision-fitting, ResearchProjectSO:research:equipment:pressure-barrels, ResearchProjectSO:research:equipment:prototype-engineering, ResearchProjectSO:research:equipment:rune-module-tuning, ResearchProjectSO:research:equipment:standard-ammunition, ResearchProjectSO:research:industry:assisted-processing 외 18개","직접 참조 10건에 영향: ProductionRecipeSO:recipe:component:material-test-coupon, ResearchProjectSO:research:equipment:precision-fitting, ResearchProjectSO:research:equipment:prototype-engineering, ResearchProjectSO:research:medical:gerontology",research-topology-and-unlocks; niche=field+prerequisites+unlocks; cost=requiredWork,Assets/Resources/SO/Research/Projects/equipment_material_testing.asset,8977def00211a7544a442835d7cfaf58,"{""fileID"":0}",0,ResearchBlueprintRule,None,explicit-serialized,공학 도면의 허용 오차를 고급 단조 시편으로 검증한다.,재료 시험학,[],0,"[{""capability"":0,""requiredCount"":2},{""capability"":3,""requiredCount"":1},{""capability"":6,""requiredCount"":1}]",3,15,ResearchField,Industry And Automation,explicit-serialized,"{""fileID"":0}",7242,0,ResearchPrerequisiteKind,Theory,implicit-csharp-default,equipment_material_testing,1,"[{""kind"":2,""prerequisite"":{""fileID"":11400000,""guid"":""267e6f558200e604ba61f34e665242b2"",""type"":2},""prerequisiteId"":""research:industry:powered-tools"",""reason"":""공장 공학의 공학 원리이(가) 재료 시험학 구현에 직접 필요하다.""},{""kind"":2,""prerequisite"":{""fileID"":11400000,""guid"":""00b8c28931f47544faecc8b510851912"",""type"":2},""prerequisiteId"":""research:metallurgy:advanced"",""reason"":""고급 단조의 공학 원리이(가) 재료 시험학 구현에 직접 필요하다.""}]",2,"[{""fileID"":11400000,""guid"":""267e6f558200e604ba61f34e665242b2"",""type"":2},{""fileID"":11400000,""guid"":""00b8c28931f47544faecc8b510851912"",""type"":2}]",2,research:equipment:material-testing,255,"{""items"":[{""rid"":7737212199327498524}]}"
research-effects,ResearchProjectSO,ResearchProjectSO|research:equipment:mechanical-projectiles,research:equipment:mechanical-projectiles,기계식 투사,권양 장치와 철제 걸쇠로 높은 장력의 투사 장비를 안전하게 작동시킨다.,분야 2; 작업 84; 선행 4; 해금 1; 시설 요구 2; 효과 0,prerequisite:research:equipment:bowyery; prerequisite:research:equipment:bowyery; prerequisite:research:equipment:bowyery; prerequisite:research:metallurgy:iron; prerequisite:research:metallurgy:iron; prerequisite:research:metallurgy:iron; unlocks-building:building:8837,진행 역할은 '권양 장치와 철제 걸쇠로 높은 장력의 투사 장비를 안전하게 작동시킨다'이다. 선행 4개와 해금 1개를 연구 그래프에 연결한다.,research-topology-and-unlocks,근거 확인,,active-authored,Assets/Resources/SO/Content/GameDomainContentCatalog.asset; Assets/Resources/SO/GameContentCatalog.asset,catalog-registered-static-consumer,Assets/Scripts/Services/Effects/Runtime/CharacterDerivedStatsSnapshot.cs; Assets/Scripts/Services/Infrastructure/BlueprintResearchContracts.cs; Assets/Scripts/Services/Infrastructure/BlueprintResearchProjectCoordinator.cs; Assets/Scripts/Services/Infrastructure/BlueprintResearchRuntime.cs; Assets/Scripts/Services/Infrastructure/BlueprintResearchRuntimeProvider.cs; Assets/Scripts/Services/Infrastructure/BlueprintResearchSaveSection.cs; Assets/Scripts/Services/Infrastructure/ResearchCraftingSummaryService.cs; Assets/Scripts/Services/Infrastructure/ResearchFacilityCapacityAdapter.cs; Assets/Scripts/Services/Infrastructure/ResearchGraphLayoutService.cs; Assets/Scripts/Services/Infrastructure/ResearchProjectCatalogAdapter.cs; Assets/Scripts/Services/Infrastructure/ResearchRewardCatalogAdapter.cs; Assets/Scripts/Services/Run/FirstRunObjectiveRuntime.cs,Assets/Scripts/Services/Infrastructure/BlueprintResearchContracts.cs; Assets/Scripts/Services/Infrastructure/BlueprintResearchRuntime.cs; Assets/Scripts/Services/Infrastructure/BlueprintResearchSaveSection.cs; Assets/Scripts/Services/Infrastructure/ResearchCraftingSummaryService.cs; Assets/Scripts/Services/Run/FirstRunObjectiveRuntime.cs; Assets/Scripts/Services/Run/V20MilestoneWorldSnapshotProjector.cs; Assets/Scripts/Views/UI/ResearchTreeWindow.cs,4,CombatWeaponSO; ProductionRecipeSO,진행 역할은 '권양 장치와 철제 걸쇠로 높은 장력의 투사 장비를 안전하게 작동시킨다'이다. 선행 4개와 해금 1개를 연구 그래프에 연결한다.,연구 분야 2의 선행·해금 그래프에서 진행 경계를 만든다.,requiredWork=84,research-field:2,"비교 후보(대체 가능성 미검증): ResearchProjectSO:research:defense:alliance-signals, ResearchProjectSO:research:defense:corridor-mechanisms, ResearchProjectSO:research:defense:fortification, ResearchProjectSO:research:defense:ranged-positions, ResearchProjectSO:research:defense:remote-control, ResearchProjectSO:research:defense:rune-identification, ResearchProjectSO:research:defense:siege-fortification, ResearchProjectSO:research:defense:supply, ResearchProjectSO:research:defense:tactical-command, ResearchProjectSO:research:defense:watch, ResearchProjectSO:research:equipment:ballistics, ResearchProjectSO:research:equipment:field-maintenance","직접 참조 4건에 영향: CombatWeaponSO:equipment-item:weapon:crossbow, CombatWeaponSO:equipment-item:weapon:repeating-crossbow, CombatWeaponSO:equipment-item:weapon:windlass-crossbow, ProductionRecipeSO:recipe:component:siege-counterweight",research-topology-and-unlocks; niche=field+prerequisites+unlocks; cost=requiredWork,Assets/Resources/SO/Research/Projects/equipment_mechanical_projectiles.asset,73b59a74547d5774680c4d3937d79220,"{""fileID"":0}",0,ResearchBlueprintRule,None,explicit-serialized,권양 장치와 철제 걸쇠로 높은 장력의 투사 장비를 안전하게 작동시킨다.,기계식 투사,[],0,"[{""capability"":0,""requiredCount"":2},{""capability"":3,""requiredCount"":1}]",2,2,ResearchField,Defense And Tactics,explicit-serialized,"{""fileID"":0}",7227,0,ResearchPrerequisiteKind,Theory,implicit-csharp-default,equipment_mechanical_projectiles,1,"[{""kind"":2,""prerequisite"":{""fileID"":11400000,""guid"":""f1db925fce4f93242ae9ff9d6ee5eae8"",""type"":2},""prerequisiteId"":""research:equipment:bowyery"",""reason"":""궁시 제작학의 공학 원리이(가) 기계식 투사 구현에 직접 필요하다.""},{""kind"":2,""prerequisite"":{""fileID"":11400000,""guid"":""2a6b0ed0e88929c4dabd29e4462697af"",""type"":2},""prerequisiteId"":""research:metallurgy:iron"",""reason"":""철제 가공의 공학 원리이(가) 기계식 투사 구현에 직접 필요하다.""}]",2,"[{""fileID"":11400000,""guid"":""f1db925fce4f93242ae9ff9d6ee5eae8"",""type"":2},{""fileID"":11400000,""guid"":""2a6b0ed0e88929c4dabd29e4462697af"",""type"":2}]",2,research:equipment:mechanical-projectiles,84,"{""items"":[{""rid"":7737212199327498525}]}"
research-effects,ResearchProjectSO,ResearchProjectSO|research:equipment:modular-frames,research:equipment:modular-frames,모듈식 장비 골격,정밀 장착 치수와 강철 시험값을 공유하는 성장형 장비 골격을 제작한다.,분야 15; 작업 437; 선행 2; 해금 1; 시설 요구 3; 효과 0,prerequisite:research:equipment:precision-fitting; prerequisite:research:equipment:precision-fitting; prerequisite:research:equipment:precision-fitting; unlocks-building:building:8845,진행 역할은 '정밀 장착 치수와 강철 시험값을 공유하는 성장형 장비 골격을 제작한다'이다. 선행 2개와 해금 1개를 연구 그래프에 연결한다.,research-topology-and-unlocks,근거 확인,,active-authored,Assets/Resources/SO/Content/GameDomainContentCatalog.asset; Assets/Resources/SO/GameContentCatalog.asset,catalog-registered-static-consumer,Assets/Scripts/Services/Effects/Runtime/CharacterDerivedStatsSnapshot.cs; Assets/Scripts/Services/Infrastructure/BlueprintResearchContracts.cs; Assets/Scripts/Services/Infrastructure/BlueprintResearchProjectCoordinator.cs; Assets/Scripts/Services/Infrastructure/BlueprintResearchRuntime.cs; Assets/Scripts/Services/Infrastructure/BlueprintResearchRuntimeProvider.cs; Assets/Scripts/Services/Infrastructure/BlueprintResearchSaveSection.cs; Assets/Scripts/Services/Infrastructure/ResearchCraftingSummaryService.cs; Assets/Scripts/Services/Infrastructure/ResearchFacilityCapacityAdapter.cs; Assets/Scripts/Services/Infrastructure/ResearchGraphLayoutService.cs; Assets/Scripts/Services/Infrastructure/ResearchProjectCatalogAdapter.cs; Assets/Scripts/Services/Infrastructure/ResearchRewardCatalogAdapter.cs; Assets/Scripts/Services/Run/FirstRunObjectiveRuntime.cs,Assets/Scripts/Services/Infrastructure/BlueprintResearchContracts.cs; Assets/Scripts/Services/Infrastructure/BlueprintResearchRuntime.cs; Assets/Scripts/Services/Infrastructure/BlueprintResearchSaveSection.cs; Assets/Scripts/Services/Infrastructure/ResearchCraftingSummaryService.cs; Assets/Scripts/Services/Run/FirstRunObjectiveRuntime.cs; Assets/Scripts/Services/Run/V20MilestoneWorldSnapshotProjector.cs; Assets/Scripts/Views/UI/ResearchTreeWindow.cs,1,ProductionRecipeSO,진행 역할은 '정밀 장착 치수와 강철 시험값을 공유하는 성장형 장비 골격을 제작한다'이다. 선행 2개와 해금 1개를 연구 그래프에 연결한다.,연구 분야 15의 선행·해금 그래프에서 진행 경계를 만든다.,requiredWork=437,research-field:15,"비교 후보(대체 가능성 미검증): ResearchProjectSO:research:climate:environment-control, ResearchProjectSO:research:equipment:black-powder, ResearchProjectSO:research:equipment:ignition-mechanisms, ResearchProjectSO:research:equipment:industrial-metrology, ResearchProjectSO:research:equipment:material-testing, ResearchProjectSO:research:equipment:powered-armor, ResearchProjectSO:research:equipment:precision-fitting, ResearchProjectSO:research:equipment:pressure-barrels, ResearchProjectSO:research:equipment:prototype-engineering, ResearchProjectSO:research:equipment:rune-module-tuning, ResearchProjectSO:research:equipment:standard-ammunition, ResearchProjectSO:research:industry:assisted-processing 외 18개",직접 참조 1건에 영향: ProductionRecipeSO:recipe:component:growth-frame,research-topology-and-unlocks; niche=field+prerequisites+unlocks; cost=requiredWork,Assets/Resources/SO/Research/Projects/equipment_modular_frames.asset,cbc0fc208f9883a4fae8540aae8bfe96,"{""fileID"":0}",0,ResearchBlueprintRule,None,explicit-serialized,정밀 장착 치수와 강철 시험값을 공유하는 성장형 장비 골격을 제작한다.,모듈식 장비 골격,[],0,"[{""capability"":0,""requiredCount"":2},{""capability"":3,""requiredCount"":1},{""capability"":6,""requiredCount"":1}]",3,15,ResearchField,Industry And Automation,explicit-serialized,"{""fileID"":0}",7239,0,ResearchPrerequisiteKind,Theory,implicit-csharp-default,equipment_modular_frames,1,"[{""kind"":2,""prerequisite"":{""fileID"":11400000,""guid"":""c3586831cca686b429081bfb55775944"",""type"":2},""prerequisiteId"":""research:equipment:precision-fitting"",""reason"":""정밀 부품 장착의 공학 원리이(가) 모듈식 장비 골격 구현에 직접 필요하다.""}]",1,"[{""fileID"":11400000,""guid"":""c3586831cca686b429081bfb55775944"",""type"":2}]",1,research:equipment:modular-frames,437,"{""items"":[{""rid"":7737212199327498526}]}"
research-effects,ResearchProjectSO,ResearchProjectSO|research:equipment:powered-armor,research:equipment:powered-armor,동력 보조 갑주,관절식 판금에 배전과 정밀 부품 구동계를 결합한다.,분야 15; 작업 546; 선행 4; 해금 0; 시설 요구 3; 효과 0,prerequisite:research:equipment:articulated-plate; prerequisite:research:equipment:articulated-plate; prerequisite:research:equipment:articulated-plate; prerequisite:research:equipment:precision-fitting; prerequisite:research:equipment:precision-fitting; prerequisite:research:equipment:precision-fitting,진행 역할은 '관절식 판금에 배전과 정밀 부품 구동계를 결합한다'이다. 선행 4개와 해금 0개를 연구 그래프에 연결한다.,research-topology-and-unlocks,근거 확인,,active-authored,Assets/Resources/SO/Content/GameDomainContentCatalog.asset; Assets/Resources/SO/GameContentCatalog.asset,catalog-registered-static-consumer,Assets/Scripts/Services/Effects/Runtime/CharacterDerivedStatsSnapshot.cs; Assets/Scripts/Services/Infrastructure/BlueprintResearchContracts.cs; Assets/Scripts/Services/Infrastructure/BlueprintResearchProjectCoordinator.cs; Assets/Scripts/Services/Infrastructure/BlueprintResearchRuntime.cs; Assets/Scripts/Services/Infrastructure/BlueprintResearchRuntimeProvider.cs; Assets/Scripts/Services/Infrastructure/BlueprintResearchSaveSection.cs; Assets/Scripts/Services/Infrastructure/ResearchCraftingSummaryService.cs; Assets/Scripts/Services/Infrastructure/ResearchFacilityCapacityAdapter.cs; Assets/Scripts/Services/Infrastructure/ResearchGraphLayoutService.cs; Assets/Scripts/Services/Infrastructure/ResearchProjectCatalogAdapter.cs; Assets/Scripts/Services/Infrastructure/ResearchRewardCatalogAdapter.cs; Assets/Scripts/Services/Run/FirstRunObjectiveRuntime.cs,Assets/Scripts/Services/Infrastructure/BlueprintResearchContracts.cs; Assets/Scripts/Services/Infrastructure/BlueprintResearchRuntime.cs; Assets/Scripts/Services/Infrastructure/BlueprintResearchSaveSection.cs; Assets/Scripts/Services/Infrastructure/ResearchCraftingSummaryService.cs; Assets/Scripts/Services/Run/FirstRunObjectiveRuntime.cs; Assets/Scripts/Services/Run/V20MilestoneWorldSnapshotProjector.cs; Assets/Scripts/Views/UI/ResearchTreeWindow.cs,4,CombatArmorSO; CombatShieldSO; CombatWeaponSO; ProductionRecipeSO,진행 역할은 '관절식 판금에 배전과 정밀 부품 구동계를 결합한다'이다. 선행 4개와 해금 0개를 연구 그래프에 연결한다.,연구 분야 15의 선행·해금 그래프에서 진행 경계를 만든다.,requiredWork=546,research-field:15,"비교 후보(대체 가능성 미검증): ResearchProjectSO:research:climate:environment-control, ResearchProjectSO:research:equipment:black-powder, ResearchProjectSO:research:equipment:ignition-mechanisms, ResearchProjectSO:research:equipment:industrial-metrology, ResearchProjectSO:research:equipment:material-testing, ResearchProjectSO:research:equipment:modular-frames, ResearchProjectSO:research:equipment:precision-fitting, ResearchProjectSO:research:equipment:pressure-barrels, ResearchProjectSO:research:equipment:prototype-engineering, ResearchProjectSO:research:equipment:rune-module-tuning, ResearchProjectSO:research:equipment:standard-ammunition, ResearchProjectSO:research:industry:assisted-processing 외 18개","직접 참조 4건에 영향: CombatArmorSO:equipment-item:armor:powered-harness, CombatShieldSO:equipment-item:shield:powered, CombatWeaponSO:equipment-item:weapon:powered-striking-gauntlet, ProductionRecipeSO:recipe:component:powered-armor-joint",research-topology-and-unlocks; niche=field+prerequisites+unlocks; cost=requiredWork,Assets/Resources/SO/Research/Projects/equipment_powered_armor.asset,21a9024ce51f1f841b06f6f22497cc05,"{""fileID"":0}",0,ResearchBlueprintRule,None,explicit-serialized,관절식 판금에 배전과 정밀 부품 구동계를 결합한다.,동력 보조 갑주,[],0,"[{""capability"":0,""requiredCount"":2},{""capability"":3,""requiredCount"":1},{""capability"":6,""requiredCount"":1}]",3,15,ResearchField,Industry And Automation,explicit-serialized,"{""fileID"":0}",7247,0,ResearchPrerequisiteKind,Theory,implicit-csharp-default,equipment_powered_armor,1,"[{""kind"":2,""prerequisite"":{""fileID"":11400000,""guid"":""3e4e4a169a0e7864c9b9a801bf294a7e"",""type"":2},""prerequisiteId"":""research:equipment:articulated-plate"",""reason"":""관절식 판금의 공학 원리이(가) 동력 보조 갑주 구현에 직접 필요하다.""},{""kind"":2,""prerequisite"":{""fileID"":11400000,""guid"":""c3586831cca686b429081bfb55775944"",""type"":2},""prerequisiteId"":""research:equipment:precision-fitting"",""reason"":""정밀 부품 장착의 공학 원리이(가) 동력 보조 갑주 구현에 직접 필요하다.""}]",2,"[{""fileID"":11400000,""guid"":""3e4e4a169a0e7864c9b9a801bf294a7e"",""type"":2},{""fileID"":11400000,""guid"":""c3586831cca686b429081bfb55775944"",""type"":2}]",2,research:equipment:powered-armor,546,"{""items"":[]}"
research-effects,ResearchProjectSO,ResearchProjectSO|research:equipment:precision-fitting,research:equipment:precision-fitting,정밀 부품 장착,복원 부품을 계측하고 전동 공구로 장비 슬롯에 정밀 장착한다.,분야 15; 작업 328; 선행 4; 해금 1; 시설 요구 3; 효과 0,prerequisite:research:equipment:material-testing; prerequisite:research:equipment:material-testing; prerequisite:research:equipment:material-testing; prerequisite:research:equipment:relic-appraisal; prerequisite:research:equipment:relic-appraisal; prerequisite:research:equipment:relic-appraisal; unlocks-building:building:8844,진행 역할은 '복원 부품을 계측하고 전동 공구로 장비 슬롯에 정밀 장착한다'이다. 선행 4개와 해금 1개를 연구 그래프에 연결한다.,research-topology-and-unlocks,근거 확인,,active-authored,Assets/Resources/SO/Content/GameDomainContentCatalog.asset; Assets/Resources/SO/GameContentCatalog.asset,catalog-registered-static-consumer,Assets/Scripts/Services/Combat/EquipmentModuleRuntime.cs; Assets/Scripts/Services/Effects/Runtime/CharacterDerivedStatsSnapshot.cs; Assets/Scripts/Services/Infrastructure/BlueprintResearchContracts.cs; Assets/Scripts/Services/Infrastructure/BlueprintResearchProjectCoordinator.cs; Assets/Scripts/Services/Infrastructure/BlueprintResearchRuntime.cs; Assets/Scripts/Services/Infrastructure/BlueprintResearchRuntimeProvider.cs; Assets/Scripts/Services/Infrastructure/BlueprintResearchSaveSection.cs; Assets/Scripts/Services/Infrastructure/ResearchCraftingSummaryService.cs; Assets/Scripts/Services/Infrastructure/ResearchFacilityCapacityAdapter.cs; Assets/Scripts/Services/Infrastructure/ResearchGraphLayoutService.cs; Assets/Scripts/Services/Infrastructure/ResearchProjectCatalogAdapter.cs; Assets/Scripts/Services/Infrastructure/ResearchRewardCatalogAdapter.cs,Assets/Scripts/Services/Infrastructure/BlueprintResearchContracts.cs; Assets/Scripts/Services/Infrastructure/BlueprintResearchRuntime.cs; Assets/Scripts/Services/Infrastructure/BlueprintResearchSaveSection.cs; Assets/Scripts/Services/Infrastructure/ResearchCraftingSummaryService.cs; Assets/Scripts/Services/Run/FirstRunObjectiveRuntime.cs; Assets/Scripts/Services/Run/V20MilestoneWorldSnapshotProjector.cs; Assets/Scripts/Views/UI/ResearchTreeWindow.cs,11,ProductionRecipeSO; ResearchProjectSO,진행 역할은 '복원 부품을 계측하고 전동 공구로 장비 슬롯에 정밀 장착한다'이다. 선행 4개와 해금 1개를 연구 그래프에 연결한다.,연구 분야 15의 선행·해금 그래프에서 진행 경계를 만든다.,requiredWork=328,research-field:15,"비교 후보(대체 가능성 미검증): ResearchProjectSO:research:climate:environment-control, ResearchProjectSO:research:equipment:black-powder, ResearchProjectSO:research:equipment:ignition-mechanisms, ResearchProjectSO:research:equipment:industrial-metrology, ResearchProjectSO:research:equipment:material-testing, ResearchProjectSO:research:equipment:modular-frames, ResearchProjectSO:research:equipment:powered-armor, ResearchProjectSO:research:equipment:pressure-barrels, ResearchProjectSO:research:equipment:prototype-engineering, ResearchProjectSO:research:equipment:rune-module-tuning, ResearchProjectSO:research:equipment:standard-ammunition, ResearchProjectSO:research:industry:assisted-processing 외 18개","직접 참조 11건에 영향: ProductionRecipeSO:recipe:component:precision-parts, ProductionRecipeSO:recipe:tool:inspection-gauge, ResearchProjectSO:research:equipment:modular-frames, ResearchProjectSO:research:equipment:powered-armor, ResearchProjectSO:research:equipment:rune-module-tuning",research-topology-and-unlocks; niche=field+prerequisites+unlocks; cost=requiredWork,Assets/Resources/SO/Research/Projects/equipment_precision_fitting.asset,c3586831cca686b429081bfb55775944,"{""fileID"":0}",0,ResearchBlueprintRule,None,explicit-serialized,복원 부품을 계측하고 전동 공구로 장비 슬롯에 정밀 장착한다.,정밀 부품 장착,[],0,"[{""capability"":0,""requiredCount"":2},{""capability"":3,""requiredCount"":1},{""capability"":6,""requiredCount"":1}]",3,15,ResearchField,Industry And Automation,explicit-serialized,"{""fileID"":0}",7237,0,ResearchPrerequisiteKind,Theory,implicit-csharp-default,equipment_precision_fitting,1,"[{""kind"":0,""prerequisite"":{""fileID"":11400000,""guid"":""8977def00211a7544a442835d7cfaf58"",""type"":2},""prerequisiteId"":""research:equipment:material-testing"",""reason"":""재료 시험학의 이론이(가) 정밀 부품 장착 구현에 직접 필요하다.""},{""kind"":2,""prerequisite"":{""fileID"":11400000,""guid"":""c37d79a975ad6084ea9bed1397141236"",""type"":2},""prerequisiteId"":""research:equipment:relic-appraisal"",""reason"":""유물 부품 감정과 복원의 공학 원리이(가) 정밀 부품 장착 구현에 직접 필요하다.""}]",2,"[{""fileID"":11400000,""guid"":""8977def00211a7544a442835d7cfaf58"",""type"":2},{""fileID"":11400000,""guid"":""c37d79a975ad6084ea9bed1397141236"",""type"":2}]",2,research:equipment:precision-fitting,328,"{""items"":[{""rid"":7737212199327498527}]}"
research-effects,ResearchProjectSO,ResearchProjectSO|research:equipment:pressure-barrels,research:equipment:pressure-barrels,내압 화기와 방폭,"내압 화기와 방폭에 필요한 이론, 제작 절차, 안전 기준과 운용 보상을 하나의 완결된 연구 패키지로 통합한다.",분야 15; 작업 655; 선행 8; 해금 0; 시설 요구 3; 효과 0,prerequisite:research:environment:cold-work; prerequisite:research:environment:cold-work; prerequisite:research:environment:cold-work; prerequisite:research:equipment:ballistics; prerequisite:research:equipment:ballistics; prerequisite:research:equipment:ballistics; prerequisite:research:metallurgy:advanced; prerequisite:research:metallurgy:advanced; prerequisite:research:metallurgy:advanced; prerequisite:research:textile:layered; prerequisite:research:textile:layered; prerequisite:research:textile:layered,"진행 역할은 '내압 화기와 방폭에 필요한 이론, 제작 절차, 안전 기준과 운용 보상을 하나의 완결된 연구 패키지로 통합한다'이다. 선행 8개와 해금 0개를 연구 그래프에 연결한다.",research-topology-and-unlocks,근거 확인,,active-authored,Assets/Resources/SO/Content/GameDomainContentCatalog.asset; Assets/Resources/SO/GameContentCatalog.asset,catalog-registered-static-consumer,Assets/Scripts/Services/Effects/Runtime/CharacterDerivedStatsSnapshot.cs; Assets/Scripts/Services/Infrastructure/BlueprintResearchContracts.cs; Assets/Scripts/Services/Infrastructure/BlueprintResearchProjectCoordinator.cs; Assets/Scripts/Services/Infrastructure/BlueprintResearchRuntime.cs; Assets/Scripts/Services/Infrastructure/BlueprintResearchRuntimeProvider.cs; Assets/Scripts/Services/Infrastructure/BlueprintResearchSaveSection.cs; Assets/Scripts/Services/Infrastructure/ResearchCraftingSummaryService.cs; Assets/Scripts/Services/Infrastructure/ResearchFacilityCapacityAdapter.cs; Assets/Scripts/Services/Infrastructure/ResearchGraphLayoutService.cs; Assets/Scripts/Services/Infrastructure/ResearchProjectCatalogAdapter.cs; Assets/Scripts/Services/Infrastructure/ResearchRewardCatalogAdapter.cs; Assets/Scripts/Services/Run/FirstRunObjectiveRuntime.cs,Assets/Scripts/Services/Infrastructure/BlueprintResearchContracts.cs; Assets/Scripts/Services/Infrastructure/BlueprintResearchRuntime.cs; Assets/Scripts/Services/Infrastructure/BlueprintResearchSaveSection.cs; Assets/Scripts/Services/Infrastructure/ResearchCraftingSummaryService.cs; Assets/Scripts/Services/Run/FirstRunObjectiveRuntime.cs; Assets/Scripts/Services/Run/V20MilestoneWorldSnapshotProjector.cs; Assets/Scripts/Views/UI/ResearchTreeWindow.cs,10,CombatArmorSO; CombatWeaponSO; ProductionRecipeSO,"진행 역할은 '내압 화기와 방폭에 필요한 이론, 제작 절차, 안전 기준과 운용 보상을 하나의 완결된 연구 패키지로 통합한다'이다. 선행 8개와 해금 0개를 연구 그래프에 연결한다.",연구 분야 15의 선행·해금 그래프에서 진행 경계를 만든다.,requiredWork=655,research-field:15,"비교 후보(대체 가능성 미검증): ResearchProjectSO:research:climate:environment-control, ResearchProjectSO:research:equipment:black-powder, ResearchProjectSO:research:equipment:ignition-mechanisms, ResearchProjectSO:research:equipment:industrial-metrology, ResearchProjectSO:research:equipment:material-testing, ResearchProjectSO:research:equipment:modular-frames, ResearchProjectSO:research:equipment:powered-armor, ResearchProjectSO:research:equipment:precision-fitting, ResearchProjectSO:research:equipment:prototype-engineering, ResearchProjectSO:research:equipment:rune-module-tuning, ResearchProjectSO:research:equipment:standard-ammunition, ResearchProjectSO:research:industry:assisted-processing 외 18개","직접 참조 10건에 영향: CombatArmorSO:equipment-item:armor:blast-coat, CombatArmorSO:equipment-item:armor:powder-cuirass, CombatArmorSO:equipment-item:armor:smoke-hood, CombatWeaponSO:equipment-item:weapon:heavy-matchlock, CombatWeaponSO:equipment-item:weapon:shotgun, CombatWeaponSO:equipment-item:weapon:siege-arbalest, ProductionRecipeSO:recipe:ammo:armor-piercing-cartridge, ProductionRecipeSO:recipe:ammo:smoke-cartridge, ProductionRecipeSO:recipe:component:blast-coat-shell, ProductionRecipeSO:recipe:material:barrel-steel",research-topology-and-unlocks; niche=field+prerequisites+unlocks; cost=requiredWork,Assets/Resources/SO/Research/Projects/equipment_pressure_barrels.asset,80563de7eb8837243b0fb07ff1ea1680,"{""fileID"":0}",0,ResearchBlueprintRule,None,explicit-serialized,"내압 화기와 방폭에 필요한 이론, 제작 절차, 안전 기준과 운용 보상을 하나의 완결된 연구 패키지로 통합한다.",내압 화기와 방폭,[],0,"[{""capability"":0,""requiredCount"":2},{""capability"":3,""requiredCount"":1},{""capability"":6,""requiredCount"":1}]",3,15,ResearchField,Industry And Automation,explicit-serialized,"{""fileID"":0}",7233,0,ResearchPrerequisiteKind,Theory,implicit-csharp-default,equipment_pressure_barrels,1,"[{""kind"":3,""prerequisite"":{""fileID"":11400000,""guid"":""0bbcc9aa811fd5e4c840444868ba8a4b"",""type"":2},""prerequisiteId"":""research:environment:cold-work"",""reason"":""저온 작업 보호의 안전 기준이(가) 내압 화기와 방폭 구현에 직접 필요하다.""},{""kind"":0,""prerequisite"":{""fileID"":11400000,""guid"":""4ce0e84af53572546a0f74fccf48985e"",""type"":2},""prerequisiteId"":""research:equipment:ballistics"",""reason"":""탄도학의 이론이(가) 내압 화기와 방폭 구현에 직접 필요하다.""},{""kind"":2,""prerequisite"":{""fileID"":11400000,""guid"":""00b8c28931f47544faecc8b510851912"",""type"":2},""prerequisiteId"":""research:metallurgy:advanced"",""reason"":""고급 단조의 공학 원리이(가) 내압 화기와 방폭 구현에 직접 필요하다.""},{""kind"":1,""prerequisite"":{""fileID"":11400000,""guid"":""14cff071c7b50164e897a3bf13dde4ee"",""type"":2},""prerequisiteId"":""research:textile:layered"",""reason"":""층상 방어구의 제작 기법이(가) 내압 화기와 방폭 구현에 직접 필요하다.""}]",4,"[{""fileID"":11400000,""guid"":""0bbcc9aa811fd5e4c840444868ba8a4b"",""type"":2},{""fileID"":11400000,""guid"":""4ce0e84af53572546a0f74fccf48985e"",""type"":2},{""fileID"":11400000,""guid"":""00b8c28931f47544faecc8b510851912"",""type"":2},{""fileID"":11400000,""guid"":""14cff071c7b50164e897a3bf13dde4ee"",""type"":2}]",4,research:equipment:pressure-barrels,655,"{""items"":[]}"
research-effects,ResearchProjectSO,ResearchProjectSO|research:equipment:prototype-engineering,research:equipment:prototype-engineering,시제품 공학,재료 시험 결과를 공장 배치 안에서 반복 가능한 시제품 공정으로 만든다.,분야 15; 작업 328; 선행 2; 해금 1; 시설 요구 3; 효과 0,prerequisite:research:equipment:material-testing; prerequisite:research:equipment:material-testing; prerequisite:research:equipment:material-testing; unlocks-building:building:8825,진행 역할은 '재료 시험 결과를 공장 배치 안에서 반복 가능한 시제품 공정으로 만든다'이다. 선행 2개와 해금 1개를 연구 그래프에 연결한다.,research-topology-and-unlocks,근거 확인,,active-authored,Assets/Resources/SO/Content/GameDomainContentCatalog.asset; Assets/Resources/SO/GameContentCatalog.asset,catalog-registered-static-consumer,Assets/Scripts/Services/Effects/Runtime/CharacterDerivedStatsSnapshot.cs; Assets/Scripts/Services/Infrastructure/BlueprintResearchContracts.cs; Assets/Scripts/Services/Infrastructure/BlueprintResearchProjectCoordinator.cs; Assets/Scripts/Services/Infrastructure/BlueprintResearchRuntime.cs; Assets/Scripts/Services/Infrastructure/BlueprintResearchRuntimeProvider.cs; Assets/Scripts/Services/Infrastructure/BlueprintResearchSaveSection.cs; Assets/Scripts/Services/Infrastructure/ResearchCraftingSummaryService.cs; Assets/Scripts/Services/Infrastructure/ResearchFacilityCapacityAdapter.cs; Assets/Scripts/Services/Infrastructure/ResearchGraphLayoutService.cs; Assets/Scripts/Services/Infrastructure/ResearchProjectCatalogAdapter.cs; Assets/Scripts/Services/Infrastructure/ResearchRewardCatalogAdapter.cs; Assets/Scripts/Services/Run/FirstRunObjectiveRuntime.cs,Assets/Scripts/Services/Infrastructure/BlueprintResearchContracts.cs; Assets/Scripts/Services/Infrastructure/BlueprintResearchRuntime.cs; Assets/Scripts/Services/Infrastructure/BlueprintResearchSaveSection.cs; Assets/Scripts/Services/Infrastructure/ResearchCraftingSummaryService.cs; Assets/Scripts/Services/Run/FirstRunObjectiveRuntime.cs; Assets/Scripts/Services/Run/V20MilestoneWorldSnapshotProjector.cs; Assets/Scripts/Views/UI/ResearchTreeWindow.cs,4,ProductionRecipeSO; ResearchProjectSO,진행 역할은 '재료 시험 결과를 공장 배치 안에서 반복 가능한 시제품 공정으로 만든다'이다. 선행 2개와 해금 1개를 연구 그래프에 연결한다.,연구 분야 15의 선행·해금 그래프에서 진행 경계를 만든다.,requiredWork=328,research-field:15,"비교 후보(대체 가능성 미검증): ResearchProjectSO:research:climate:environment-control, ResearchProjectSO:research:equipment:black-powder, ResearchProjectSO:research:equipment:ignition-mechanisms, ResearchProjectSO:research:equipment:industrial-metrology, ResearchProjectSO:research:equipment:material-testing, ResearchProjectSO:research:equipment:modular-frames, ResearchProjectSO:research:equipment:powered-armor, ResearchProjectSO:research:equipment:precision-fitting, ResearchProjectSO:research:equipment:pressure-barrels, ResearchProjectSO:research:equipment:rune-module-tuning, ResearchProjectSO:research:equipment:standard-ammunition, ResearchProjectSO:research:industry:assisted-processing 외 18개","직접 참조 4건에 영향: ProductionRecipeSO:recipe:component:prototype-package, ResearchProjectSO:research:equipment:industrial-metrology",research-topology-and-unlocks; niche=field+prerequisites+unlocks; cost=requiredWork,Assets/Resources/SO/Research/Projects/equipment_prototype_engineering.asset,8839eece9e0123c429a6f8b47e3801b2,"{""fileID"":0}",0,ResearchBlueprintRule,None,explicit-serialized,재료 시험 결과를 공장 배치 안에서 반복 가능한 시제품 공정으로 만든다.,시제품 공학,[],0,"[{""capability"":0,""requiredCount"":2},{""capability"":3,""requiredCount"":1},{""capability"":6,""requiredCount"":1}]",3,15,ResearchField,Industry And Automation,explicit-serialized,"{""fileID"":0}",7243,0,ResearchPrerequisiteKind,Theory,implicit-csharp-default,equipment_prototype_engineering,1,"[{""kind"":0,""prerequisite"":{""fileID"":11400000,""guid"":""8977def00211a7544a442835d7cfaf58"",""type"":2},""prerequisiteId"":""research:equipment:material-testing"",""reason"":""재료 시험학의 이론이(가) 시제품 공학 구현에 직접 필요하다.""}]",1,"[{""fileID"":11400000,""guid"":""8977def00211a7544a442835d7cfaf58"",""type"":2}]",1,research:equipment:prototype-engineering,328,"{""items"":[{""rid"":7737212199327498528}]}"
research-effects,ResearchProjectSO,ResearchProjectSO|research:equipment:relic-appraisal,research:equipment:relic-appraisal,유물 부품 감정과 복원,"유물 부품 감정과 복원에 필요한 이론, 제작 절차, 안전 기준과 운용 보상을 하나의 완결된 연구 패키지로 통합한다.",분야 3; 작업 306; 선행 8; 해금 2; 시설 요구 4; 효과 0,prerequisite:research:arcane:records; prerequisite:research:arcane:records; prerequisite:research:arcane:records; prerequisite:research:commerce:logistics; prerequisite:research:commerce:logistics; prerequisite:research:commerce:logistics; prerequisite:research:metallurgy:advanced; prerequisite:research:metallurgy:advanced; prerequisite:research:metallurgy:advanced; prerequisite:research:textile:tailoring; prerequisite:research:textile:tailoring; prerequisite:research:textile:tailoring; unlocks-building:building:8842; unlocks-building:building:8843,"진행 역할은 '유물 부품 감정과 복원에 필요한 이론, 제작 절차, 안전 기준과 운용 보상을 하나의 완결된 연구 패키지로 통합한다'이다. 선행 8개와 해금 2개를 연구 그래프에 연결한다.",research-topology-and-unlocks,근거 확인,,active-authored,Assets/Resources/SO/Content/GameDomainContentCatalog.asset; Assets/Resources/SO/GameContentCatalog.asset,catalog-registered-static-consumer,Assets/Scripts/Services/Combat/EquipmentModuleRuntime.cs; Assets/Scripts/Services/Effects/Runtime/CharacterDerivedStatsSnapshot.cs; Assets/Scripts/Services/Infrastructure/BlueprintResearchContracts.cs; Assets/Scripts/Services/Infrastructure/BlueprintResearchProjectCoordinator.cs; Assets/Scripts/Services/Infrastructure/BlueprintResearchRuntime.cs; Assets/Scripts/Services/Infrastructure/BlueprintResearchRuntimeProvider.cs; Assets/Scripts/Services/Infrastructure/BlueprintResearchSaveSection.cs; Assets/Scripts/Services/Infrastructure/ResearchCraftingSummaryService.cs; Assets/Scripts/Services/Infrastructure/ResearchFacilityCapacityAdapter.cs; Assets/Scripts/Services/Infrastructure/ResearchGraphLayoutService.cs; Assets/Scripts/Services/Infrastructure/ResearchProjectCatalogAdapter.cs; Assets/Scripts/Services/Infrastructure/ResearchRewardCatalogAdapter.cs,Assets/Scripts/Services/Infrastructure/BlueprintResearchContracts.cs; Assets/Scripts/Services/Infrastructure/BlueprintResearchRuntime.cs; Assets/Scripts/Services/Infrastructure/BlueprintResearchSaveSection.cs; Assets/Scripts/Services/Infrastructure/ResearchCraftingSummaryService.cs; Assets/Scripts/Services/Run/FirstRunObjectiveRuntime.cs; Assets/Scripts/Services/Run/V20MilestoneWorldSnapshotProjector.cs; Assets/Scripts/Views/UI/ResearchTreeWindow.cs,4,ProductionRecipeSO; ResearchProjectSO,"진행 역할은 '유물 부품 감정과 복원에 필요한 이론, 제작 절차, 안전 기준과 운용 보상을 하나의 완결된 연구 패키지로 통합한다'이다. 선행 8개와 해금 2개를 연구 그래프에 연결한다.",연구 분야 3의 선행·해금 그래프에서 진행 경계를 만든다.,requiredWork=306,research-field:3,"비교 후보(대체 가능성 미검증): ResearchProjectSO:research:arcane:advanced, ResearchProjectSO:research:arcane:alchemy, ResearchProjectSO:research:arcane:records, ResearchProjectSO:research:arcane:resonance, ResearchProjectSO:research:climate:regional-climatology, ResearchProjectSO:research:climate:weather-observation, ResearchProjectSO:research:equipment:lineage-binding, ResearchProjectSO:research:genetics:hereditary-records, ResearchProjectSO:research:life:seasonal-calendar, ResearchProjectSO:research:medical:rune-hibernation, ResearchProjectSO:research:medical:temporal-stasis","직접 참조 4건에 영향: ProductionRecipeSO:recipe:loot-appraisal, ResearchProjectSO:research:equipment:precision-fitting",research-topology-and-unlocks; niche=field+prerequisites+unlocks; cost=requiredWork,Assets/Resources/SO/Research/Projects/equipment_relic_appraisal.asset,c37d79a975ad6084ea9bed1397141236,"{""fileID"":0}",0,ResearchBlueprintRule,None,explicit-serialized,"유물 부품 감정과 복원에 필요한 이론, 제작 절차, 안전 기준과 운용 보상을 하나의 완결된 연구 패키지로 통합한다.",유물 부품 감정과 복원,[],0,"[{""capability"":0,""requiredCount"":1},{""capability"":1,""requiredCount"":1},{""capability"":5,""requiredCount"":1},{""capability"":6,""requiredCount"":1}]",4,3,ResearchField,Records And Arcane,explicit-serialized,"{""fileID"":0}",7235,0,ResearchPrerequisiteKind,Theory,implicit-csharp-default,equipment_relic_appraisal,1,"[{""kind"":0,""prerequisite"":{""fileID"":11400000,""guid"":""03cfd04c2b1ad654a9b9ff7542b01332"",""type"":2},""prerequisiteId"":""research:arcane:records"",""reason"":""기록 체계의 이론이(가) 유물 부품 감정과 복원 구현에 직접 필요하다.""},{""kind"":4,""prerequisite"":{""fileID"":11400000,""guid"":""b3b38e91925a91943b4303ee3edc9533"",""type"":2},""prerequisiteId"":""research:commerce:logistics"",""reason"":""창고 구획의 운용 절차이(가) 유물 부품 감정과 복원 구현에 직접 필요하다.""},{""kind"":2,""prerequisite"":{""fileID"":11400000,""guid"":""00b8c28931f47544faecc8b510851912"",""type"":2},""prerequisiteId"":""research:metallurgy:advanced"",""reason"":""고급 단조의 공학 원리이(가) 유물 부품 감정과 복원 구현에 직접 필요하다.""},{""kind"":1,""prerequisite"":{""fileID"":11400000,""guid"":""30bd82079e05a0d4ca9c1c9b7fb4133f"",""type"":2},""prerequisiteId"":""research:textile:tailoring"",""reason"":""재봉의 제작 기법이(가) 유물 부품 감정과 복원 구현에 직접 필요하다.""}]",4,"[{""fileID"":11400000,""guid"":""03cfd04c2b1ad654a9b9ff7542b01332"",""type"":2},{""fileID"":11400000,""guid"":""b3b38e91925a91943b4303ee3edc9533"",""type"":2},{""fileID"":11400000,""guid"":""00b8c28931f47544faecc8b510851912"",""type"":2},{""fileID"":11400000,""guid"":""30bd82079e05a0d4ca9c1c9b7fb4133f"",""type"":2}]",4,research:equipment:relic-appraisal,306,"{""items"":[{""rid"":7737212199327498529},{""rid"":7737212199327498530}]}"
research-effects,ResearchProjectSO,ResearchProjectSO|research:equipment:rune-module-tuning,research:equipment:rune-module-tuning,룬 부품 조율,정밀 장착 부품을 비전 공명과 룬 전력망에 동조시킨다.,분야 15; 작업 546; 선행 4; 해금 1; 시설 요구 3; 효과 0,prerequisite:research:equipment:precision-fitting; prerequisite:research:equipment:precision-fitting; prerequisite:research:equipment:precision-fitting; prerequisite:research:industry:mana-power; prerequisite:research:industry:mana-power; prerequisite:research:industry:mana-power; unlocks-building:building:9826,진행 역할은 '정밀 장착 부품을 비전 공명과 룬 전력망에 동조시킨다'이다. 선행 4개와 해금 1개를 연구 그래프에 연결한다.,research-topology-and-unlocks,근거 확인,,active-authored,Assets/Resources/SO/Content/GameDomainContentCatalog.asset; Assets/Resources/SO/GameContentCatalog.asset,catalog-registered-static-consumer,Assets/Scripts/Services/Combat/EquipmentModuleRuntime.cs; Assets/Scripts/Services/Effects/Runtime/CharacterDerivedStatsSnapshot.cs; Assets/Scripts/Services/Infrastructure/BlueprintResearchContracts.cs; Assets/Scripts/Services/Infrastructure/BlueprintResearchProjectCoordinator.cs; Assets/Scripts/Services/Infrastructure/BlueprintResearchRuntime.cs; Assets/Scripts/Services/Infrastructure/BlueprintResearchRuntimeProvider.cs; Assets/Scripts/Services/Infrastructure/BlueprintResearchSaveSection.cs; Assets/Scripts/Services/Infrastructure/ResearchCraftingSummaryService.cs; Assets/Scripts/Services/Infrastructure/ResearchFacilityCapacityAdapter.cs; Assets/Scripts/Services/Infrastructure/ResearchGraphLayoutService.cs; Assets/Scripts/Services/Infrastructure/ResearchProjectCatalogAdapter.cs; Assets/Scripts/Services/Infrastructure/ResearchRewardCatalogAdapter.cs,Assets/Scripts/Services/Infrastructure/BlueprintResearchContracts.cs; Assets/Scripts/Services/Infrastructure/BlueprintResearchRuntime.cs; Assets/Scripts/Services/Infrastructure/BlueprintResearchSaveSection.cs; Assets/Scripts/Services/Infrastructure/ResearchCraftingSummaryService.cs; Assets/Scripts/Services/Run/FirstRunObjectiveRuntime.cs; Assets/Scripts/Services/Run/V20MilestoneWorldSnapshotProjector.cs; Assets/Scripts/Views/UI/ResearchTreeWindow.cs,15,CombatArmorSO; CombatShieldSO; CombatWeaponSO; ProductionRecipeSO; ResearchProjectSO,진행 역할은 '정밀 장착 부품을 비전 공명과 룬 전력망에 동조시킨다'이다. 선행 4개와 해금 1개를 연구 그래프에 연결한다.,연구 분야 15의 선행·해금 그래프에서 진행 경계를 만든다.,requiredWork=546,research-field:15,"비교 후보(대체 가능성 미검증): ResearchProjectSO:research:climate:environment-control, ResearchProjectSO:research:equipment:black-powder, ResearchProjectSO:research:equipment:ignition-mechanisms, ResearchProjectSO:research:equipment:industrial-metrology, ResearchProjectSO:research:equipment:material-testing, ResearchProjectSO:research:equipment:modular-frames, ResearchProjectSO:research:equipment:powered-armor, ResearchProjectSO:research:equipment:precision-fitting, ResearchProjectSO:research:equipment:pressure-barrels, ResearchProjectSO:research:equipment:prototype-engineering, ResearchProjectSO:research:equipment:standard-ammunition, ResearchProjectSO:research:industry:assisted-processing 외 18개","직접 참조 15건에 영향: CombatArmorSO:equipment-item:armor:rune-ward-mail, CombatShieldSO:equipment-item:shield:mana-buckler, CombatShieldSO:equipment-item:shield:rune, CombatWeaponSO:equipment-item:weapon:mana-lance, CombatWeaponSO:equipment-item:weapon:rune-blade, CombatWeaponSO:equipment-item:weapon:rune-bow, ProductionRecipeSO:recipe:ammo:rune-cartridge, ProductionRecipeSO:recipe:component:rune-leather-strap, ProductionRecipeSO:recipe:component:rune-tuning-shield, ResearchProjectSO:research:equipment:lineage-binding 외",research-topology-and-unlocks; niche=field+prerequisites+unlocks; cost=requiredWork,Assets/Resources/SO/Research/Projects/equipment_rune_module_tuning.asset,ab84d33186cca914daf2b16fa1f89833,"{""fileID"":0}",0,ResearchBlueprintRule,None,explicit-serialized,정밀 장착 부품을 비전 공명과 룬 전력망에 동조시킨다.,룬 부품 조율,[],0,"[{""capability"":0,""requiredCount"":2},{""capability"":3,""requiredCount"":1},{""capability"":6,""requiredCount"":1}]",3,15,ResearchField,Industry And Automation,explicit-serialized,"{""fileID"":0}",7238,0,ResearchPrerequisiteKind,Theory,implicit-csharp-default,equipment_rune_module_tuning,1,"[{""kind"":2,""prerequisite"":{""fileID"":11400000,""guid"":""c3586831cca686b429081bfb55775944"",""type"":2},""prerequisiteId"":""research:equipment:precision-fitting"",""reason"":""정밀 부품 장착의 공학 원리이(가) 룬 부품 조율 구현에 직접 필요하다.""},{""kind"":2,""prerequisite"":{""fileID"":11400000,""guid"":""4b3074860ed56d9429b554e903f0d8e7"",""type"":2},""prerequisiteId"":""research:industry:mana-power"",""reason"":""마나 동력과 룬 전력망의 공학 원리이(가) 룬 부품 조율 구현에 직접 필요하다.""}]",2,"[{""fileID"":11400000,""guid"":""c3586831cca686b429081bfb55775944"",""type"":2},{""fileID"":11400000,""guid"":""4b3074860ed56d9429b554e903f0d8e7"",""type"":2}]",2,research:equipment:rune-module-tuning,546,"{""items"":[{""rid"":7737212199327498531}]}"
research-effects,ResearchProjectSO,ResearchProjectSO|research:equipment:standard-ammunition,research:equipment:standard-ammunition,탄약 규격화,"화약과 물류, 전동 공구 규격을 종이 탄약통 생산에 통합한다.",분야 15; 작업 328; 선행 4; 해금 1; 시설 요구 3; 효과 0,prerequisite:research:equipment:black-powder; prerequisite:research:equipment:black-powder; prerequisite:research:equipment:black-powder; prerequisite:research:industry:powered-tools; prerequisite:research:industry:powered-tools; prerequisite:research:industry:powered-tools; unlocks-building:building:8841,"진행 역할은 '화약과 물류, 전동 공구 규격을 종이 탄약통 생산에 통합한다'이다. 선행 4개와 해금 1개를 연구 그래프에 연결한다.",research-topology-and-unlocks,근거 확인,,active-authored,Assets/Resources/SO/Content/GameDomainContentCatalog.asset; Assets/Resources/SO/GameContentCatalog.asset,catalog-registered-static-consumer,Assets/Scripts/Services/Effects/Runtime/CharacterDerivedStatsSnapshot.cs; Assets/Scripts/Services/Infrastructure/BlueprintResearchContracts.cs; Assets/Scripts/Services/Infrastructure/BlueprintResearchProjectCoordinator.cs; Assets/Scripts/Services/Infrastructure/BlueprintResearchRuntime.cs; Assets/Scripts/Services/Infrastructure/BlueprintResearchRuntimeProvider.cs; Assets/Scripts/Services/Infrastructure/BlueprintResearchSaveSection.cs; Assets/Scripts/Services/Infrastructure/ResearchCraftingSummaryService.cs; Assets/Scripts/Services/Infrastructure/ResearchFacilityCapacityAdapter.cs; Assets/Scripts/Services/Infrastructure/ResearchGraphLayoutService.cs; Assets/Scripts/Services/Infrastructure/ResearchProjectCatalogAdapter.cs; Assets/Scripts/Services/Infrastructure/ResearchRewardCatalogAdapter.cs; Assets/Scripts/Services/Run/FirstRunObjectiveRuntime.cs,Assets/Scripts/Services/Infrastructure/BlueprintResearchContracts.cs; Assets/Scripts/Services/Infrastructure/BlueprintResearchRuntime.cs; Assets/Scripts/Services/Infrastructure/BlueprintResearchSaveSection.cs; Assets/Scripts/Services/Infrastructure/ResearchCraftingSummaryService.cs; Assets/Scripts/Services/Run/FirstRunObjectiveRuntime.cs; Assets/Scripts/Services/Run/V20MilestoneWorldSnapshotProjector.cs; Assets/Scripts/Views/UI/ResearchTreeWindow.cs,5,ProductionRecipeSO,"진행 역할은 '화약과 물류, 전동 공구 규격을 종이 탄약통 생산에 통합한다'이다. 선행 4개와 해금 1개를 연구 그래프에 연결한다.",연구 분야 15의 선행·해금 그래프에서 진행 경계를 만든다.,requiredWork=328,research-field:15,"비교 후보(대체 가능성 미검증): ResearchProjectSO:research:climate:environment-control, ResearchProjectSO:research:equipment:black-powder, ResearchProjectSO:research:equipment:ignition-mechanisms, ResearchProjectSO:research:equipment:industrial-metrology, ResearchProjectSO:research:equipment:material-testing, ResearchProjectSO:research:equipment:modular-frames, ResearchProjectSO:research:equipment:powered-armor, ResearchProjectSO:research:equipment:precision-fitting, ResearchProjectSO:research:equipment:pressure-barrels, ResearchProjectSO:research:equipment:prototype-engineering, ResearchProjectSO:research:equipment:rune-module-tuning, ResearchProjectSO:research:industry:assisted-processing 외 18개","직접 참조 5건에 영향: ProductionRecipeSO:recipe:ammo:paper-cartridge, ProductionRecipeSO:recipe:ammo:scatter-cartridge, ProductionRecipeSO:recipe:ammo:trap-canister, ProductionRecipeSO:recipe:material:granulated-powder, ProductionRecipeSO:recipe:material:lead-shot",research-topology-and-unlocks; niche=field+prerequisites+unlocks; cost=requiredWork,Assets/Resources/SO/Research/Projects/equipment_standard_ammunition.asset,43ee324a215503947ba129efc4143e5b,"{""fileID"":0}",0,ResearchBlueprintRule,None,explicit-serialized,"화약과 물류, 전동 공구 규격을 종이 탄약통 생산에 통합한다.",탄약 규격화,[],0,"[{""capability"":0,""requiredCount"":2},{""capability"":3,""requiredCount"":1},{""capability"":6,""requiredCount"":1}]",3,15,ResearchField,Industry And Automation,explicit-serialized,"{""fileID"":0}",7246,0,ResearchPrerequisiteKind,Theory,implicit-csharp-default,equipment_standard_ammunition,1,"[{""kind"":2,""prerequisite"":{""fileID"":11400000,""guid"":""5c723e0afc8d22b44bf32fea13a05b17"",""type"":2},""prerequisiteId"":""research:equipment:black-powder"",""reason"":""흑색화약 배합의 공학 원리이(가) 탄약 규격화 구현에 직접 필요하다.""},{""kind"":2,""prerequisite"":{""fileID"":11400000,""guid"":""267e6f558200e604ba61f34e665242b2"",""type"":2},""prerequisiteId"":""research:industry:powered-tools"",""reason"":""공장 공학의 공학 원리이(가) 탄약 규격화 구현에 직접 필요하다.""}]",2,"[{""fileID"":11400000,""guid"":""5c723e0afc8d22b44bf32fea13a05b17"",""type"":2},{""fileID"":11400000,""guid"":""267e6f558200e604ba61f34e665242b2"",""type"":2}]",2,research:equipment:standard-ammunition,328,"{""items"":[{""rid"":7737212199327498532}]}"
research-effects,ResearchProjectSO,ResearchProjectSO|research:equipment:weapon-patterns,research:equipment:weapon-patterns,무기 형식학,목재와 단조 부품을 반복 제작 가능한 무기 형식으로 규격화한다.,분야 1; 작업 42; 선행 4; 해금 1; 시설 요구 2; 효과 0,prerequisite:research:forestry:tools; prerequisite:research:forestry:tools; prerequisite:research:forestry:tools; prerequisite:research:metallurgy:primitive; prerequisite:research:metallurgy:primitive; prerequisite:research:metallurgy:primitive; unlocks-building:building:8834,진행 역할은 '목재와 단조 부품을 반복 제작 가능한 무기 형식으로 규격화한다'이다. 선행 4개와 해금 1개를 연구 그래프에 연결한다.,research-topology-and-unlocks,근거 확인,,active-authored,Assets/Resources/SO/Content/GameDomainContentCatalog.asset; Assets/Resources/SO/GameContentCatalog.asset,catalog-registered-static-consumer,Assets/Scripts/Services/Combat/CombatEquipmentCraftingRuntime.cs; Assets/Scripts/Services/Effects/Runtime/CharacterDerivedStatsSnapshot.cs; Assets/Scripts/Services/Infrastructure/BlueprintResearchContracts.cs; Assets/Scripts/Services/Infrastructure/BlueprintResearchProjectCoordinator.cs; Assets/Scripts/Services/Infrastructure/BlueprintResearchRuntime.cs; Assets/Scripts/Services/Infrastructure/BlueprintResearchRuntimeProvider.cs; Assets/Scripts/Services/Infrastructure/BlueprintResearchSaveSection.cs; Assets/Scripts/Services/Infrastructure/ResearchCraftingSummaryService.cs; Assets/Scripts/Services/Infrastructure/ResearchFacilityCapacityAdapter.cs; Assets/Scripts/Services/Infrastructure/ResearchGraphLayoutService.cs; Assets/Scripts/Services/Infrastructure/ResearchProjectCatalogAdapter.cs; Assets/Scripts/Services/Infrastructure/ResearchRewardCatalogAdapter.cs,Assets/Scripts/Services/Infrastructure/BlueprintResearchContracts.cs; Assets/Scripts/Services/Infrastructure/BlueprintResearchRuntime.cs; Assets/Scripts/Services/Infrastructure/BlueprintResearchSaveSection.cs; Assets/Scripts/Services/Infrastructure/ResearchCraftingSummaryService.cs; Assets/Scripts/Services/Run/FirstRunObjectiveRuntime.cs; Assets/Scripts/Services/Run/V20MilestoneWorldSnapshotProjector.cs; Assets/Scripts/Views/UI/ResearchTreeWindow.cs,5,CombatShieldSO; CombatWeaponSO,진행 역할은 '목재와 단조 부품을 반복 제작 가능한 무기 형식으로 규격화한다'이다. 선행 4개와 해금 1개를 연구 그래프에 연결한다.,연구 분야 1의 선행·해금 그래프에서 진행 경계를 만든다.,requiredWork=42,research-field:1,"비교 후보(대체 가능성 미검증): ResearchProjectSO:research:commerce:expansion, ResearchProjectSO:research:commerce:logistics, ResearchProjectSO:research:commerce:retail, ResearchProjectSO:research:commerce:secure-trade, ResearchProjectSO:research:equipment:bowyery, ResearchProjectSO:research:service:dining-operations, ResearchProjectSO:research:service-flow","직접 참조 5건에 영향: CombatShieldSO:equipment-item:shield:buckler, CombatWeaponSO:equipment-item:weapon:falchion, CombatWeaponSO:equipment-item:weapon:halberd, CombatWeaponSO:equipment-item:weapon:longsword, CombatWeaponSO:equipment-item:weapon:throwing-axe",research-topology-and-unlocks; niche=field+prerequisites+unlocks; cost=requiredWork,Assets/Resources/SO/Research/Projects/equipment_weapon_patterns.asset,7c586f943b30620469b33c1bdd3d1e1f,"{""fileID"":0}",0,ResearchBlueprintRule,None,explicit-serialized,목재와 단조 부품을 반복 제작 가능한 무기 형식으로 규격화한다.,무기 형식학,[],0,"[{""capability"":0,""requiredCount"":1},{""capability"":3,""requiredCount"":1}]",2,1,ResearchField,Commerce And Craft,explicit-serialized,"{""fileID"":0}",7224,0,ResearchPrerequisiteKind,Theory,implicit-csharp-default,equipment_weapon_patterns,1,"[{""kind"":2,""prerequisite"":{""fileID"":11400000,""guid"":""fb61abf264b540742a4404eaf74dfbc9"",""type"":2},""prerequisiteId"":""research:forestry:tools"",""reason"":""벌목 도구의 공학 원리이(가) 무기 형식학 구현에 직접 필요하다.""},{""kind"":2,""prerequisite"":{""fileID"":11400000,""guid"":""b9254d61fabad164aace68dc96014bf5"",""type"":2},""prerequisiteId"":""research:metallurgy:primitive"",""reason"":""원시 단조의 공학 원리이(가) 무기 형식학 구현에 직접 필요하다.""}]",2,"[{""fileID"":11400000,""guid"":""fb61abf264b540742a4404eaf74dfbc9"",""type"":2},{""fileID"":11400000,""guid"":""b9254d61fabad164aace68dc96014bf5"",""type"":2}]",2,research:equipment:weapon-patterns,42,"{""items"":[{""rid"":7737212199327498533}]}"
research-effects,ResearchProjectSO,ResearchProjectSO|research:forestry:charcoal,research:forestry:charcoal,숯가마,원목을 고열 연료인 숯으로 바꾼다.,분야 7; 작업 42; 선행 2; 해금 1; 시설 요구 2; 효과 0,prerequisite:research:forestry:sawmill; prerequisite:research:forestry:sawmill; prerequisite:research:forestry:sawmill; unlocks-building:building:1076,진행 역할은 '원목을 고열 연료인 숯으로 바꾼다'이다. 선행 2개와 해금 1개를 연구 그래프에 연결한다.,research-topology-and-unlocks,근거 확인,,active-authored,Assets/Resources/SO/Content/GameDomainContentCatalog.asset; Assets/Resources/SO/GameContentCatalog.asset,catalog-registered-static-consumer,Assets/Scripts/Services/Effects/Runtime/CharacterDerivedStatsSnapshot.cs; Assets/Scripts/Services/Infrastructure/BlueprintResearchContracts.cs; Assets/Scripts/Services/Infrastructure/BlueprintResearchProjectCoordinator.cs; Assets/Scripts/Services/Infrastructure/BlueprintResearchRuntime.cs; Assets/Scripts/Services/Infrastructure/BlueprintResearchRuntimeProvider.cs; Assets/Scripts/Services/Infrastructure/BlueprintResearchSaveSection.cs; Assets/Scripts/Services/Infrastructure/ResearchCraftingSummaryService.cs; Assets/Scripts/Services/Infrastructure/ResearchFacilityCapacityAdapter.cs; Assets/Scripts/Services/Infrastructure/ResearchGraphLayoutService.cs; Assets/Scripts/Services/Infrastructure/ResearchProjectCatalogAdapter.cs; Assets/Scripts/Services/Infrastructure/ResearchRewardCatalogAdapter.cs; Assets/Scripts/Services/Run/FirstRunObjectiveRuntime.cs,Assets/Scripts/Services/Infrastructure/BlueprintResearchContracts.cs; Assets/Scripts/Services/Infrastructure/BlueprintResearchRuntime.cs; Assets/Scripts/Services/Infrastructure/BlueprintResearchSaveSection.cs; Assets/Scripts/Services/Infrastructure/ResearchCraftingSummaryService.cs; Assets/Scripts/Services/Run/FirstRunObjectiveRuntime.cs; Assets/Scripts/Services/Run/V20MilestoneWorldSnapshotProjector.cs; Assets/Scripts/Views/UI/ResearchTreeWindow.cs,13,ProductionRecipeSO; ResearchProjectSO,진행 역할은 '원목을 고열 연료인 숯으로 바꾼다'이다. 선행 2개와 해금 1개를 연구 그래프에 연결한다.,연구 분야 7의 선행·해금 그래프에서 진행 경계를 만든다.,requiredWork=42,research-field:7,"비교 후보(대체 가능성 미검증): ResearchProjectSO:research:forestry:fungal, ResearchProjectSO:research:forestry:logging, ResearchProjectSO:research:forestry:sawmill, ResearchProjectSO:research:forestry:tools, ResearchProjectSO:research:forestry:treated","직접 참조 13건에 영향: ProductionRecipeSO:recipe:charcoal, ResearchProjectSO:research:equipment:black-powder, ResearchProjectSO:research:forestry:treated, ResearchProjectSO:research:industry:steam-power, ResearchProjectSO:research:metallurgy:steel",research-topology-and-unlocks; niche=field+prerequisites+unlocks; cost=requiredWork,Assets/Resources/SO/Research/Projects/forestry_charcoal.asset,212219e2e99209a469357092f71d146e,"{""fileID"":0}",0,ResearchBlueprintRule,None,explicit-serialized,원목을 고열 연료인 숯으로 바꾼다.,숯가마,[],0,"[{""capability"":0,""requiredCount"":1},{""capability"":3,""requiredCount"":1}]",2,7,ResearchField,Forestry,explicit-serialized,"{""fileID"":0}",7074,0,ResearchPrerequisiteKind,Theory,implicit-csharp-default,forestry_charcoal,1,"[{""kind"":2,""prerequisite"":{""fileID"":11400000,""guid"":""2003d0743f58f9d4e855d2cb7f421843"",""type"":2},""prerequisiteId"":""research:forestry:sawmill"",""reason"":""제재의 공학 원리이(가) 숯가마 구현에 직접 필요하다.""}]",1,"[{""fileID"":11400000,""guid"":""2003d0743f58f9d4e855d2cb7f421843"",""type"":2}]",1,research:forestry:charcoal,42,"{""items"":[{""rid"":7737212199327498534}]}"
research-effects,ResearchProjectSO,ResearchProjectSO|research:forestry:fungal,research:forestry:fungal,실내 균목림,지하 균목을 재배해 목재와 버섯을 함께 생산한다.,분야 7; 작업 84; 선행 4; 해금 1; 시설 요구 2; 효과 0,prerequisite:research:agriculture:indoor; prerequisite:research:agriculture:indoor; prerequisite:research:agriculture:indoor; prerequisite:research:forestry:treated; prerequisite:research:forestry:treated; prerequisite:research:forestry:treated; unlocks-building:building:8813,진행 역할은 '지하 균목을 재배해 목재와 버섯을 함께 생산한다'이다. 선행 4개와 해금 1개를 연구 그래프에 연결한다.,research-topology-and-unlocks,근거 확인,,active-authored,Assets/Resources/SO/Content/GameDomainContentCatalog.asset; Assets/Resources/SO/GameContentCatalog.asset,catalog-registered-static-consumer,Assets/Scripts/Services/Effects/Runtime/CharacterDerivedStatsSnapshot.cs; Assets/Scripts/Services/Infrastructure/BlueprintResearchContracts.cs; Assets/Scripts/Services/Infrastructure/BlueprintResearchProjectCoordinator.cs; Assets/Scripts/Services/Infrastructure/BlueprintResearchRuntime.cs; Assets/Scripts/Services/Infrastructure/BlueprintResearchRuntimeProvider.cs; Assets/Scripts/Services/Infrastructure/BlueprintResearchSaveSection.cs; Assets/Scripts/Services/Infrastructure/ResearchCraftingSummaryService.cs; Assets/Scripts/Services/Infrastructure/ResearchFacilityCapacityAdapter.cs; Assets/Scripts/Services/Infrastructure/ResearchGraphLayoutService.cs; Assets/Scripts/Services/Infrastructure/ResearchProjectCatalogAdapter.cs; Assets/Scripts/Services/Infrastructure/ResearchRewardCatalogAdapter.cs; Assets/Scripts/Services/Run/FirstRunObjectiveRuntime.cs,Assets/Scripts/Services/Infrastructure/BlueprintResearchContracts.cs; Assets/Scripts/Services/Infrastructure/BlueprintResearchRuntime.cs; Assets/Scripts/Services/Infrastructure/BlueprintResearchSaveSection.cs; Assets/Scripts/Services/Infrastructure/ResearchCraftingSummaryService.cs; Assets/Scripts/Services/Run/FirstRunObjectiveRuntime.cs; Assets/Scripts/Services/Run/V20MilestoneWorldSnapshotProjector.cs; Assets/Scripts/Views/UI/ResearchTreeWindow.cs,7,ProductionRecipeSO; ResearchProjectSO,진행 역할은 '지하 균목을 재배해 목재와 버섯을 함께 생산한다'이다. 선행 4개와 해금 1개를 연구 그래프에 연결한다.,연구 분야 7의 선행·해금 그래프에서 진행 경계를 만든다.,requiredWork=84,research-field:7,"비교 후보(대체 가능성 미검증): ResearchProjectSO:research:forestry:charcoal, ResearchProjectSO:research:forestry:logging, ResearchProjectSO:research:forestry:sawmill, ResearchProjectSO:research:forestry:tools, ResearchProjectSO:research:forestry:treated","직접 참조 7건에 영향: ProductionRecipeSO:recipe:supply:inoculated-log, ResearchProjectSO:research:agriculture:soil-cycles, ResearchProjectSO:research:medical:mycelial-grafting",research-topology-and-unlocks; niche=field+prerequisites+unlocks; cost=requiredWork,Assets/Resources/SO/Research/Projects/forestry_fungal.asset,f48e4ad521ac5b144b5f3f26be913789,"{""fileID"":0}",0,ResearchBlueprintRule,None,explicit-serialized,지하 균목을 재배해 목재와 버섯을 함께 생산한다.,실내 균목림,[],0,"[{""capability"":0,""requiredCount"":1},{""capability"":3,""requiredCount"":1}]",2,7,ResearchField,Forestry,explicit-serialized,"{""fileID"":0}",7076,0,ResearchPrerequisiteKind,Theory,implicit-csharp-default,forestry_fungal,1,"[{""kind"":2,""prerequisite"":{""fileID"":11400000,""guid"":""5910327a5258de84d8d7536cb7416719"",""type"":2},""prerequisiteId"":""research:agriculture:indoor"",""reason"":""실내 재배의 공학 원리이(가) 실내 균목림 구현에 직접 필요하다.""},{""kind"":2,""prerequisite"":{""fileID"":11400000,""guid"":""91ce29549284d184892156dd7fcab4ae"",""type"":2},""prerequisiteId"":""research:forestry:treated"",""reason"":""목재 처리의 공학 원리이(가) 실내 균목림 구현에 직접 필요하다.""}]",2,"[{""fileID"":11400000,""guid"":""5910327a5258de84d8d7536cb7416719"",""type"":2},{""fileID"":11400000,""guid"":""91ce29549284d184892156dd7fcab4ae"",""type"":2}]",2,research:forestry:fungal,84,"{""items"":[{""rid"":7737212199327498535}]}"
research-effects,ResearchProjectSO,ResearchProjectSO|research:forestry:logging,research:forestry:logging,벌목,외부 수목에서 원목과 수액을 얻는다.,분야 7; 작업 28; 선행 2; 해금 1; 시설 요구 1; 효과 0,prerequisite:research:forestry:tools; prerequisite:research:forestry:tools; prerequisite:research:forestry:tools; unlocks-building:building:8814,진행 역할은 '외부 수목에서 원목과 수액을 얻는다'이다. 선행 2개와 해금 1개를 연구 그래프에 연결한다.,research-topology-and-unlocks,근거 확인,,active-authored,Assets/Resources/SO/Content/GameDomainContentCatalog.asset; Assets/Resources/SO/GameContentCatalog.asset,catalog-registered-static-consumer,Assets/Scripts/Services/Effects/Runtime/CharacterDerivedStatsSnapshot.cs; Assets/Scripts/Services/Infrastructure/BlueprintResearchContracts.cs; Assets/Scripts/Services/Infrastructure/BlueprintResearchProjectCoordinator.cs; Assets/Scripts/Services/Infrastructure/BlueprintResearchRuntime.cs; Assets/Scripts/Services/Infrastructure/BlueprintResearchRuntimeProvider.cs; Assets/Scripts/Services/Infrastructure/BlueprintResearchSaveSection.cs; Assets/Scripts/Services/Infrastructure/ResearchCraftingSummaryService.cs; Assets/Scripts/Services/Infrastructure/ResearchFacilityCapacityAdapter.cs; Assets/Scripts/Services/Infrastructure/ResearchGraphLayoutService.cs; Assets/Scripts/Services/Infrastructure/ResearchProjectCatalogAdapter.cs; Assets/Scripts/Services/Infrastructure/ResearchRewardCatalogAdapter.cs; Assets/Scripts/Services/Run/FirstRunObjectiveRuntime.cs,Assets/Scripts/Services/Infrastructure/BlueprintResearchContracts.cs; Assets/Scripts/Services/Infrastructure/BlueprintResearchRuntime.cs; Assets/Scripts/Services/Infrastructure/BlueprintResearchSaveSection.cs; Assets/Scripts/Services/Infrastructure/ResearchCraftingSummaryService.cs; Assets/Scripts/Services/Run/FirstRunObjectiveRuntime.cs; Assets/Scripts/Services/Run/V20MilestoneWorldSnapshotProjector.cs; Assets/Scripts/Views/UI/ResearchTreeWindow.cs,4,ProductionRecipeSO; ResearchProjectSO,진행 역할은 '외부 수목에서 원목과 수액을 얻는다'이다. 선행 2개와 해금 1개를 연구 그래프에 연결한다.,연구 분야 7의 선행·해금 그래프에서 진행 경계를 만든다.,requiredWork=28,research-field:7,"비교 후보(대체 가능성 미검증): ResearchProjectSO:research:forestry:charcoal, ResearchProjectSO:research:forestry:fungal, ResearchProjectSO:research:forestry:sawmill, ResearchProjectSO:research:forestry:tools, ResearchProjectSO:research:forestry:treated","직접 참조 4건에 영향: ProductionRecipeSO:source:logging, ResearchProjectSO:research:forestry:sawmill",research-topology-and-unlocks; niche=field+prerequisites+unlocks; cost=requiredWork,Assets/Resources/SO/Research/Projects/forestry_logging.asset,339280fb1bb82e748a464ecbcdab97d0,"{""fileID"":0}",0,ResearchBlueprintRule,None,explicit-serialized,외부 수목에서 원목과 수액을 얻는다.,벌목,[],0,"[{""capability"":0,""requiredCount"":1}]",1,7,ResearchField,Forestry,explicit-serialized,"{""fileID"":0}",7072,0,ResearchPrerequisiteKind,Theory,implicit-csharp-default,forestry_logging,1,"[{""kind"":2,""prerequisite"":{""fileID"":11400000,""guid"":""fb61abf264b540742a4404eaf74dfbc9"",""type"":2},""prerequisiteId"":""research:forestry:tools"",""reason"":""벌목 도구의 공학 원리이(가) 벌목 구현에 직접 필요하다.""}]",1,"[{""fileID"":11400000,""guid"":""fb61abf264b540742a4404eaf74dfbc9"",""type"":2}]",1,research:forestry:logging,28,"{""items"":[{""rid"":7737212199327498536}]}"
research-effects,ResearchProjectSO,ResearchProjectSO|research:forestry:sawmill,research:forestry:sawmill,제재,원목을 규격 목재와 제작용 자루로 가공한다.,분야 7; 작업 28; 선행 2; 해금 2; 시설 요구 1; 효과 0,prerequisite:research:forestry:logging; prerequisite:research:forestry:logging; prerequisite:research:forestry:logging; unlocks-building:building:1075; unlocks-building:building:1618,진행 역할은 '원목을 규격 목재와 제작용 자루로 가공한다'이다. 선행 2개와 해금 2개를 연구 그래프에 연결한다.,research-topology-and-unlocks,근거 확인,,active-authored,Assets/Resources/SO/Content/GameDomainContentCatalog.asset; Assets/Resources/SO/GameContentCatalog.asset,catalog-registered-static-consumer,Assets/Scripts/Services/Effects/Runtime/CharacterDerivedStatsSnapshot.cs; Assets/Scripts/Services/Infrastructure/BlueprintResearchContracts.cs; Assets/Scripts/Services/Infrastructure/BlueprintResearchProjectCoordinator.cs; Assets/Scripts/Services/Infrastructure/BlueprintResearchRuntime.cs; Assets/Scripts/Services/Infrastructure/BlueprintResearchRuntimeProvider.cs; Assets/Scripts/Services/Infrastructure/BlueprintResearchSaveSection.cs; Assets/Scripts/Services/Infrastructure/ResearchCraftingSummaryService.cs; Assets/Scripts/Services/Infrastructure/ResearchFacilityCapacityAdapter.cs; Assets/Scripts/Services/Infrastructure/ResearchGraphLayoutService.cs; Assets/Scripts/Services/Infrastructure/ResearchProjectCatalogAdapter.cs; Assets/Scripts/Services/Infrastructure/ResearchRewardCatalogAdapter.cs; Assets/Scripts/Services/Run/FirstRunObjectiveRuntime.cs,Assets/Scripts/Services/Infrastructure/BlueprintResearchContracts.cs; Assets/Scripts/Services/Infrastructure/BlueprintResearchRuntime.cs; Assets/Scripts/Services/Infrastructure/BlueprintResearchSaveSection.cs; Assets/Scripts/Services/Infrastructure/ResearchCraftingSummaryService.cs; Assets/Scripts/Services/Run/FirstRunObjectiveRuntime.cs; Assets/Scripts/Services/Run/V20MilestoneWorldSnapshotProjector.cs; Assets/Scripts/Views/UI/ResearchTreeWindow.cs,5,CraftMaterialDefinitionSO; ProductionRecipeSO; ResearchProjectSO,진행 역할은 '원목을 규격 목재와 제작용 자루로 가공한다'이다. 선행 2개와 해금 2개를 연구 그래프에 연결한다.,연구 분야 7의 선행·해금 그래프에서 진행 경계를 만든다.,requiredWork=28,research-field:7,"비교 후보(대체 가능성 미검증): ResearchProjectSO:research:forestry:charcoal, ResearchProjectSO:research:forestry:fungal, ResearchProjectSO:research:forestry:logging, ResearchProjectSO:research:forestry:tools, ResearchProjectSO:research:forestry:treated","직접 참조 5건에 영향: CraftMaterialDefinitionSO:material:lumber, ProductionRecipeSO:recipe:sawmill-lumber, ResearchProjectSO:research:forestry:charcoal",research-topology-and-unlocks; niche=field+prerequisites+unlocks; cost=requiredWork,Assets/Resources/SO/Research/Projects/forestry_sawmill.asset,2003d0743f58f9d4e855d2cb7f421843,"{""fileID"":0}",0,ResearchBlueprintRule,None,explicit-serialized,원목을 규격 목재와 제작용 자루로 가공한다.,제재,[],0,"[{""capability"":0,""requiredCount"":1}]",1,7,ResearchField,Forestry,explicit-serialized,"{""fileID"":0}",7073,0,ResearchPrerequisiteKind,Theory,implicit-csharp-default,forestry_sawmill,1,"[{""kind"":2,""prerequisite"":{""fileID"":11400000,""guid"":""339280fb1bb82e748a464ecbcdab97d0"",""type"":2},""prerequisiteId"":""research:forestry:logging"",""reason"":""벌목의 공학 원리이(가) 제재 구현에 직접 필요하다.""}]",1,"[{""fileID"":11400000,""guid"":""339280fb1bb82e748a464ecbcdab97d0"",""type"":2}]",1,research:forestry:sawmill,28,"{""items"":[{""rid"":7737212199327498537},{""rid"":7737212199327498538}]}"
research-effects,ResearchProjectSO,ResearchProjectSO|research:forestry:tools,research:forestry:tools,벌목 도구,나무를 안전하게 베고 운반할 도구를 만든다.,분야 7; 작업 17; 선행 0; 해금 1; 시설 요구 1; 효과 0,unlocks-building:building:8815,진행 역할은 '나무를 안전하게 베고 운반할 도구를 만든다'이다. 선행 0개와 해금 1개를 연구 그래프에 연결한다.,research-topology-and-unlocks,근거 확인,,active-authored,Assets/Resources/SO/Content/GameDomainContentCatalog.asset; Assets/Resources/SO/GameContentCatalog.asset,catalog-registered-static-consumer,Assets/Scripts/Services/Effects/Runtime/CharacterDerivedStatsSnapshot.cs; Assets/Scripts/Services/Infrastructure/BlueprintResearchContracts.cs; Assets/Scripts/Services/Infrastructure/BlueprintResearchProjectCoordinator.cs; Assets/Scripts/Services/Infrastructure/BlueprintResearchRuntime.cs; Assets/Scripts/Services/Infrastructure/BlueprintResearchRuntimeProvider.cs; Assets/Scripts/Services/Infrastructure/BlueprintResearchSaveSection.cs; Assets/Scripts/Services/Infrastructure/ResearchCraftingSummaryService.cs; Assets/Scripts/Services/Infrastructure/ResearchFacilityCapacityAdapter.cs; Assets/Scripts/Services/Infrastructure/ResearchGraphLayoutService.cs; Assets/Scripts/Services/Infrastructure/ResearchProjectCatalogAdapter.cs; Assets/Scripts/Services/Infrastructure/ResearchRewardCatalogAdapter.cs; Assets/Scripts/Services/Run/FirstRunObjectiveRuntime.cs,Assets/Scripts/Services/Infrastructure/BlueprintResearchContracts.cs; Assets/Scripts/Services/Infrastructure/BlueprintResearchRuntime.cs; Assets/Scripts/Services/Infrastructure/BlueprintResearchSaveSection.cs; Assets/Scripts/Services/Infrastructure/ResearchCraftingSummaryService.cs; Assets/Scripts/Services/Run/FirstRunObjectiveRuntime.cs; Assets/Scripts/Services/Run/V20MilestoneWorldSnapshotProjector.cs; Assets/Scripts/Views/UI/ResearchTreeWindow.cs,6,ResearchProjectSO,진행 역할은 '나무를 안전하게 베고 운반할 도구를 만든다'이다. 선행 0개와 해금 1개를 연구 그래프에 연결한다.,연구 분야 7의 선행·해금 그래프에서 진행 경계를 만든다.,requiredWork=17,research-field:7,"비교 후보(대체 가능성 미검증): ResearchProjectSO:research:forestry:charcoal, ResearchProjectSO:research:forestry:fungal, ResearchProjectSO:research:forestry:logging, ResearchProjectSO:research:forestry:sawmill, ResearchProjectSO:research:forestry:treated","직접 참조 6건에 영향: ResearchProjectSO:research:equipment:weapon-patterns, ResearchProjectSO:research:forestry:logging",research-topology-and-unlocks; niche=field+prerequisites+unlocks; cost=requiredWork,Assets/Resources/SO/Research/Projects/forestry_tools.asset,fb61abf264b540742a4404eaf74dfbc9,"{""fileID"":0}",0,ResearchBlueprintRule,None,explicit-serialized,나무를 안전하게 베고 운반할 도구를 만든다.,벌목 도구,[],0,"[{""capability"":0,""requiredCount"":1}]",1,7,ResearchField,Forestry,explicit-serialized,"{""fileID"":0}",7071,0,ResearchPrerequisiteKind,Theory,implicit-csharp-default,forestry_tools,1,[],0,[],0,research:forestry:tools,17,"{""items"":[{""rid"":7737212199327498539}]}"
research-effects,ResearchProjectSO,ResearchProjectSO|research:forestry:treated,research:forestry:treated,목재 처리,수액과 숯으로 목재의 내구와 방습성을 높인다.,분야 7; 작업 60; 선행 2; 해금 1; 시설 요구 2; 효과 0,prerequisite:research:forestry:charcoal; prerequisite:research:forestry:charcoal; prerequisite:research:forestry:charcoal; unlocks-building:building:8816,진행 역할은 '수액과 숯으로 목재의 내구와 방습성을 높인다'이다. 선행 2개와 해금 1개를 연구 그래프에 연결한다.,research-topology-and-unlocks,근거 확인,,active-authored,Assets/Resources/SO/Content/GameDomainContentCatalog.asset; Assets/Resources/SO/GameContentCatalog.asset,catalog-registered-static-consumer,Assets/Scripts/Services/Effects/Runtime/CharacterDerivedStatsSnapshot.cs; Assets/Scripts/Services/Infrastructure/BlueprintResearchContracts.cs; Assets/Scripts/Services/Infrastructure/BlueprintResearchProjectCoordinator.cs; Assets/Scripts/Services/Infrastructure/BlueprintResearchRuntime.cs; Assets/Scripts/Services/Infrastructure/BlueprintResearchRuntimeProvider.cs; Assets/Scripts/Services/Infrastructure/BlueprintResearchSaveSection.cs; Assets/Scripts/Services/Infrastructure/ResearchCraftingSummaryService.cs; Assets/Scripts/Services/Infrastructure/ResearchFacilityCapacityAdapter.cs; Assets/Scripts/Services/Infrastructure/ResearchGraphLayoutService.cs; Assets/Scripts/Services/Infrastructure/ResearchProjectCatalogAdapter.cs; Assets/Scripts/Services/Infrastructure/ResearchRewardCatalogAdapter.cs; Assets/Scripts/Services/Run/FirstRunObjectiveRuntime.cs,Assets/Scripts/Services/Infrastructure/BlueprintResearchContracts.cs; Assets/Scripts/Services/Infrastructure/BlueprintResearchRuntime.cs; Assets/Scripts/Services/Infrastructure/BlueprintResearchSaveSection.cs; Assets/Scripts/Services/Infrastructure/ResearchCraftingSummaryService.cs; Assets/Scripts/Services/Run/FirstRunObjectiveRuntime.cs; Assets/Scripts/Services/Run/V20MilestoneWorldSnapshotProjector.cs; Assets/Scripts/Views/UI/ResearchTreeWindow.cs,8,ProductionRecipeSO; ResearchProjectSO,진행 역할은 '수액과 숯으로 목재의 내구와 방습성을 높인다'이다. 선행 2개와 해금 1개를 연구 그래프에 연결한다.,연구 분야 7의 선행·해금 그래프에서 진행 경계를 만든다.,requiredWork=60,research-field:7,"비교 후보(대체 가능성 미검증): ResearchProjectSO:research:forestry:charcoal, ResearchProjectSO:research:forestry:fungal, ResearchProjectSO:research:forestry:logging, ResearchProjectSO:research:forestry:sawmill, ResearchProjectSO:research:forestry:tools","직접 참조 8건에 영향: ProductionRecipeSO:recipe:material:laminated-lumber, ProductionRecipeSO:recipe:treated-lumber, ResearchProjectSO:research:equipment:bowyery, ResearchProjectSO:research:forestry:fungal",research-topology-and-unlocks; niche=field+prerequisites+unlocks; cost=requiredWork,Assets/Resources/SO/Research/Projects/forestry_treated.asset,91ce29549284d184892156dd7fcab4ae,"{""fileID"":0}",0,ResearchBlueprintRule,None,explicit-serialized,수액과 숯으로 목재의 내구와 방습성을 높인다.,목재 처리,[],0,"[{""capability"":0,""requiredCount"":1},{""capability"":3,""requiredCount"":1}]",2,7,ResearchField,Forestry,explicit-serialized,"{""fileID"":0}",7075,0,ResearchPrerequisiteKind,Theory,implicit-csharp-default,forestry_treated,1,"[{""kind"":2,""prerequisite"":{""fileID"":11400000,""guid"":""212219e2e99209a469357092f71d146e"",""type"":2},""prerequisiteId"":""research:forestry:charcoal"",""reason"":""숯가마의 공학 원리이(가) 목재 처리 구현에 직접 필요하다.""}]",1,"[{""fileID"":11400000,""guid"":""212219e2e99209a469357092f71d146e"",""type"":2}]",1,research:forestry:treated,60,"{""items"":[{""rid"":7737212199327498540}]}"
research-effects,ResearchProjectSO,ResearchProjectSO|research:genetics:controlled-heredity,research:genetics:controlled-heredity,통제 유전,"형질 분석과 생식 의학, 선별 사육을 유전 상담에 적용한다.",분야 14; 작업 819; 선행 4; 해금 1; 시설 요구 3; 효과 0,prerequisite:research:genetics:hereditary-records; prerequisite:research:genetics:hereditary-records; prerequisite:research:genetics:hereditary-records; prerequisite:research:medical:reproductive-medicine; prerequisite:research:medical:reproductive-medicine; prerequisite:research:medical:reproductive-medicine; unlocks-building:building:8880,"진행 역할은 '형질 분석과 생식 의학, 선별 사육을 유전 상담에 적용한다'이다. 선행 4개와 해금 1개를 연구 그래프에 연결한다.",research-topology-and-unlocks,근거 확인,,active-authored,Assets/Resources/SO/Content/GameDomainContentCatalog.asset; Assets/Resources/SO/GameContentCatalog.asset,catalog-registered-static-consumer,Assets/Scripts/Services/Effects/Runtime/CharacterDerivedStatsSnapshot.cs; Assets/Scripts/Services/Infrastructure/BlueprintResearchContracts.cs; Assets/Scripts/Services/Infrastructure/BlueprintResearchProjectCoordinator.cs; Assets/Scripts/Services/Infrastructure/BlueprintResearchRuntime.cs; Assets/Scripts/Services/Infrastructure/BlueprintResearchRuntimeProvider.cs; Assets/Scripts/Services/Infrastructure/BlueprintResearchSaveSection.cs; Assets/Scripts/Services/Infrastructure/ResearchCraftingSummaryService.cs; Assets/Scripts/Services/Infrastructure/ResearchFacilityCapacityAdapter.cs; Assets/Scripts/Services/Infrastructure/ResearchGraphLayoutService.cs; Assets/Scripts/Services/Infrastructure/ResearchProjectCatalogAdapter.cs; Assets/Scripts/Services/Infrastructure/ResearchRewardCatalogAdapter.cs; Assets/Scripts/Services/Run/FirstRunObjectiveRuntime.cs,Assets/Scripts/Services/Infrastructure/BlueprintResearchContracts.cs; Assets/Scripts/Services/Infrastructure/BlueprintResearchRuntime.cs; Assets/Scripts/Services/Infrastructure/BlueprintResearchSaveSection.cs; Assets/Scripts/Services/Infrastructure/ResearchCraftingSummaryService.cs; Assets/Scripts/Services/Run/FirstRunObjectiveRuntime.cs; Assets/Scripts/Services/Run/V20MilestoneWorldSnapshotProjector.cs; Assets/Scripts/Views/UI/ResearchTreeWindow.cs,3,ResearchProjectSO,"진행 역할은 '형질 분석과 생식 의학, 선별 사육을 유전 상담에 적용한다'이다. 선행 4개와 해금 1개를 연구 그래프에 연결한다.",연구 분야 14의 선행·해금 그래프에서 진행 경계를 만든다.,requiredWork=819,research-field:14,"비교 후보(대체 가능성 미검증): ResearchProjectSO:research:genetics:cross-lineage-stabilization, ResearchProjectSO:research:health:isolation-medicine, ResearchProjectSO:research:health:pathogen-observation, ResearchProjectSO:research:health:vaccination, ResearchProjectSO:research:medical:aberrant-augmentation, ResearchProjectSO:research:medical:anatomy, ResearchProjectSO:research:medical:avian-prosthetics, ResearchProjectSO:research:medical:blood-rejuvenation, ResearchProjectSO:research:medical:bloodcraft-augmentation, ResearchProjectSO:research:medical:construct-core-engineering, ResearchProjectSO:research:medical:construct-core-maintenance, ResearchProjectSO:research:medical:geriatric-medicine 외 14개",직접 참조 3건에 영향: ResearchProjectSO:research:genetics:cross-lineage-stabilization,research-topology-and-unlocks; niche=field+prerequisites+unlocks; cost=requiredWork,Assets/Resources/SO/Research/Projects/genetics_controlled_heredity.asset,d9d88a07a17ae884480e0716857f1184,"{""fileID"":0}",0,ResearchBlueprintRule,None,explicit-serialized,"형질 분석과 생식 의학, 선별 사육을 유전 상담에 적용한다.",통제 유전,[],0,"[{""capability"":0,""requiredCount"":1},{""capability"":2,""requiredCount"":1},{""capability"":6,""requiredCount"":1}]",3,14,ResearchField,Surgery And Transplant,explicit-serialized,"{""fileID"":0}",7279,0,ResearchPrerequisiteKind,Theory,implicit-csharp-default,genetics_controlled_heredity,1,"[{""kind"":0,""prerequisite"":{""fileID"":11400000,""guid"":""327202bb0a17cec46a7ed70ac5f33e5c"",""type"":2},""prerequisiteId"":""research:genetics:hereditary-records"",""reason"":""유전 기록과 형질 분석의 이론이(가) 통제 유전 구현에 직접 필요하다.""},{""kind"":2,""prerequisite"":{""fileID"":11400000,""guid"":""bf22cab76707e9d4f9bf25449d97d258"",""type"":2},""prerequisiteId"":""research:medical:reproductive-medicine"",""reason"":""생식 의학의 공학 원리이(가) 통제 유전 구현에 직접 필요하다.""}]",2,"[{""fileID"":11400000,""guid"":""327202bb0a17cec46a7ed70ac5f33e5c"",""type"":2},{""fileID"":11400000,""guid"":""bf22cab76707e9d4f9bf25449d97d258"",""type"":2}]",2,research:genetics:controlled-heredity,819,"{""items"":[{""rid"":7737212199327498541}]}"
research-effects,ResearchProjectSO,ResearchProjectSO|research:genetics:cross-lineage-stabilization,research:genetics:cross-lineage-stabilization,교차계통 안정화,"통제 유전, 재생 배양, 이종 이식과 비전 공명으로 다른 생식 계통을 안정화한다.",분야 14; 작업 4364; 선행 8; 해금 1; 시설 요구 3; 효과 0,prerequisite:research:arcane:resonance; prerequisite:research:arcane:resonance; prerequisite:research:arcane:resonance; prerequisite:research:genetics:controlled-heredity; prerequisite:research:genetics:controlled-heredity; prerequisite:research:genetics:controlled-heredity; prerequisite:research:medical:regenerative-culture; prerequisite:research:medical:regenerative-culture; prerequisite:research:medical:regenerative-culture; prerequisite:research:medical:xenotransplant; prerequisite:research:medical:xenotransplant; prerequisite:research:medical:xenotransplant; unlocks-building:building:8881,"진행 역할은 '통제 유전, 재생 배양, 이종 이식과 비전 공명으로 다른 생식 계통을 안정화한다'이다. 선행 8개와 해금 1개를 연구 그래프에 연결한다.",research-topology-and-unlocks,근거 확인,,active-authored,Assets/Resources/SO/Content/GameDomainContentCatalog.asset; Assets/Resources/SO/GameContentCatalog.asset,catalog-registered-static-consumer,Assets/Scripts/Services/Effects/Runtime/CharacterDerivedStatsSnapshot.cs; Assets/Scripts/Services/Infrastructure/BlueprintResearchContracts.cs; Assets/Scripts/Services/Infrastructure/BlueprintResearchProjectCoordinator.cs; Assets/Scripts/Services/Infrastructure/BlueprintResearchRuntime.cs; Assets/Scripts/Services/Infrastructure/BlueprintResearchRuntimeProvider.cs; Assets/Scripts/Services/Infrastructure/BlueprintResearchSaveSection.cs; Assets/Scripts/Services/Infrastructure/ResearchCraftingSummaryService.cs; Assets/Scripts/Services/Infrastructure/ResearchFacilityCapacityAdapter.cs; Assets/Scripts/Services/Infrastructure/ResearchGraphLayoutService.cs; Assets/Scripts/Services/Infrastructure/ResearchProjectCatalogAdapter.cs; Assets/Scripts/Services/Infrastructure/ResearchRewardCatalogAdapter.cs; Assets/Scripts/Services/Run/FirstRunObjectiveRuntime.cs,Assets/Scripts/Services/Infrastructure/BlueprintResearchContracts.cs; Assets/Scripts/Services/Infrastructure/BlueprintResearchRuntime.cs; Assets/Scripts/Services/Infrastructure/BlueprintResearchSaveSection.cs; Assets/Scripts/Services/Infrastructure/ResearchCraftingSummaryService.cs; Assets/Scripts/Services/Run/FirstRunObjectiveRuntime.cs; Assets/Scripts/Services/Run/V20MilestoneWorldSnapshotProjector.cs; Assets/Scripts/Views/UI/ResearchTreeWindow.cs,4,ProductionRecipeSO; ResearchProjectSO,"진행 역할은 '통제 유전, 재생 배양, 이종 이식과 비전 공명으로 다른 생식 계통을 안정화한다'이다. 선행 8개와 해금 1개를 연구 그래프에 연결한다.",연구 분야 14의 선행·해금 그래프에서 진행 경계를 만든다.,requiredWork=4364,research-field:14,"비교 후보(대체 가능성 미검증): ResearchProjectSO:research:genetics:controlled-heredity, ResearchProjectSO:research:health:isolation-medicine, ResearchProjectSO:research:health:pathogen-observation, ResearchProjectSO:research:health:vaccination, ResearchProjectSO:research:medical:aberrant-augmentation, ResearchProjectSO:research:medical:anatomy, ResearchProjectSO:research:medical:avian-prosthetics, ResearchProjectSO:research:medical:blood-rejuvenation, ResearchProjectSO:research:medical:bloodcraft-augmentation, ResearchProjectSO:research:medical:construct-core-engineering, ResearchProjectSO:research:medical:construct-core-maintenance, ResearchProjectSO:research:medical:geriatric-medicine 외 14개","직접 참조 4건에 영향: ProductionRecipeSO:recipe:medical:cross-lineage-medium, ResearchProjectSO:research:medical:temporal-stasis",research-topology-and-unlocks; niche=field+prerequisites+unlocks; cost=requiredWork,Assets/Resources/SO/Research/Projects/genetics_cross_lineage_stabilization.asset,4f834632a53941b439cb9e9b2fd7ab5e,"{""fileID"":0}",0,ResearchBlueprintRule,None,explicit-serialized,"통제 유전, 재생 배양, 이종 이식과 비전 공명으로 다른 생식 계통을 안정화한다.",교차계통 안정화,[],0,"[{""capability"":0,""requiredCount"":1},{""capability"":2,""requiredCount"":1},{""capability"":6,""requiredCount"":1}]",3,14,ResearchField,Surgery And Transplant,explicit-serialized,"{""fileID"":0}",7280,0,ResearchPrerequisiteKind,Theory,implicit-csharp-default,genetics_cross_lineage_stabilization,1,"[{""kind"":0,""prerequisite"":{""fileID"":11400000,""guid"":""56ffa2cea97e51048b951d004cec9b2b"",""type"":2},""prerequisiteId"":""research:arcane:resonance"",""reason"":""비전 공명의 이론이(가) 교차계통 안정화 구현에 직접 필요하다.""},{""kind"":2,""prerequisite"":{""fileID"":11400000,""guid"":""d9d88a07a17ae884480e0716857f1184"",""type"":2},""prerequisiteId"":""research:genetics:controlled-heredity"",""reason"":""통제 유전의 공학 원리이(가) 교차계통 안정화 구현에 직접 필요하다.""},{""kind"":2,""prerequisite"":{""fileID"":11400000,""guid"":""3cf28d5b589b21647a65f6b037fedc43"",""type"":2},""prerequisiteId"":""research:medical:regenerative-culture"",""reason"":""재생 배양의 공학 원리이(가) 교차계통 안정화 구현에 직접 필요하다.""},{""kind"":2,""prerequisite"":{""fileID"":11400000,""guid"":""bea0ba010ab47b745ad5a17a505932e8"",""type"":2},""prerequisiteId"":""research:medical:xenotransplant"",""reason"":""이종 이식의 공학 원리이(가) 교차계통 안정화 구현에 직접 필요하다.""}]",4,"[{""fileID"":11400000,""guid"":""56ffa2cea97e51048b951d004cec9b2b"",""type"":2},{""fileID"":11400000,""guid"":""d9d88a07a17ae884480e0716857f1184"",""type"":2},{""fileID"":11400000,""guid"":""3cf28d5b589b21647a65f6b037fedc43"",""type"":2},{""fileID"":11400000,""guid"":""bea0ba010ab47b745ad5a17a505932e8"",""type"":2}]",4,research:genetics:cross-lineage-stabilization,4364,"{""items"":[{""rid"":7737212199327498542}]}"
research-effects,ResearchProjectSO,ResearchProjectSO|research:genetics:hereditary-records,research:genetics:hereditary-records,유전 기록과 형질 분석,"유전 기록과 형질 분석에 필요한 이론, 제작 절차, 안전 기준과 운용 보상을 하나의 완결된 연구 패키지로 통합한다.",분야 3; 작업 691; 선행 4; 해금 2; 시설 요구 4; 효과 0,prerequisite:research:husbandry:selective; prerequisite:research:husbandry:selective; prerequisite:research:husbandry:selective; prerequisite:research:medical:gerontology; prerequisite:research:medical:gerontology; prerequisite:research:medical:gerontology; unlocks-building:building:8878; unlocks-building:building:8879,"진행 역할은 '유전 기록과 형질 분석에 필요한 이론, 제작 절차, 안전 기준과 운용 보상을 하나의 완결된 연구 패키지로 통합한다'이다. 선행 4개와 해금 2개를 연구 그래프에 연결한다.",research-topology-and-unlocks,근거 확인,,active-authored,Assets/Resources/SO/Content/GameDomainContentCatalog.asset; Assets/Resources/SO/GameContentCatalog.asset,catalog-registered-static-consumer,Assets/Scripts/Services/Effects/Runtime/CharacterDerivedStatsSnapshot.cs; Assets/Scripts/Services/Infrastructure/BlueprintResearchContracts.cs; Assets/Scripts/Services/Infrastructure/BlueprintResearchProjectCoordinator.cs; Assets/Scripts/Services/Infrastructure/BlueprintResearchRuntime.cs; Assets/Scripts/Services/Infrastructure/BlueprintResearchRuntimeProvider.cs; Assets/Scripts/Services/Infrastructure/BlueprintResearchSaveSection.cs; Assets/Scripts/Services/Infrastructure/ResearchCraftingSummaryService.cs; Assets/Scripts/Services/Infrastructure/ResearchFacilityCapacityAdapter.cs; Assets/Scripts/Services/Infrastructure/ResearchGraphLayoutService.cs; Assets/Scripts/Services/Infrastructure/ResearchProjectCatalogAdapter.cs; Assets/Scripts/Services/Infrastructure/ResearchRewardCatalogAdapter.cs; Assets/Scripts/Services/Run/FirstRunObjectiveRuntime.cs,Assets/Scripts/Services/Infrastructure/BlueprintResearchContracts.cs; Assets/Scripts/Services/Infrastructure/BlueprintResearchRuntime.cs; Assets/Scripts/Services/Infrastructure/BlueprintResearchSaveSection.cs; Assets/Scripts/Services/Infrastructure/ResearchCraftingSummaryService.cs; Assets/Scripts/Services/Run/FirstRunObjectiveRuntime.cs; Assets/Scripts/Services/Run/V20MilestoneWorldSnapshotProjector.cs; Assets/Scripts/Views/UI/ResearchTreeWindow.cs,7,ProductionRecipeSO; ResearchProjectSO,"진행 역할은 '유전 기록과 형질 분석에 필요한 이론, 제작 절차, 안전 기준과 운용 보상을 하나의 완결된 연구 패키지로 통합한다'이다. 선행 4개와 해금 2개를 연구 그래프에 연결한다.",연구 분야 3의 선행·해금 그래프에서 진행 경계를 만든다.,requiredWork=691,research-field:3,"비교 후보(대체 가능성 미검증): ResearchProjectSO:research:arcane:advanced, ResearchProjectSO:research:arcane:alchemy, ResearchProjectSO:research:arcane:records, ResearchProjectSO:research:arcane:resonance, ResearchProjectSO:research:climate:regional-climatology, ResearchProjectSO:research:climate:weather-observation, ResearchProjectSO:research:equipment:lineage-binding, ResearchProjectSO:research:equipment:relic-appraisal, ResearchProjectSO:research:life:seasonal-calendar, ResearchProjectSO:research:medical:rune-hibernation, ResearchProjectSO:research:medical:temporal-stasis","직접 참조 7건에 영향: ProductionRecipeSO:recipe:medical:trait-analysis-kit, ResearchProjectSO:research:agriculture:cultivar-breeding, ResearchProjectSO:research:genetics:controlled-heredity",research-topology-and-unlocks; niche=field+prerequisites+unlocks; cost=requiredWork,Assets/Resources/SO/Research/Projects/genetics_hereditary_records.asset,327202bb0a17cec46a7ed70ac5f33e5c,"{""fileID"":0}",0,ResearchBlueprintRule,None,explicit-serialized,"유전 기록과 형질 분석에 필요한 이론, 제작 절차, 안전 기준과 운용 보상을 하나의 완결된 연구 패키지로 통합한다.",유전 기록과 형질 분석,[],0,"[{""capability"":0,""requiredCount"":1},{""capability"":1,""requiredCount"":1},{""capability"":5,""requiredCount"":1},{""capability"":6,""requiredCount"":1}]",4,3,ResearchField,Records And Arcane,explicit-serialized,"{""fileID"":0}",7277,0,ResearchPrerequisiteKind,Theory,implicit-csharp-default,genetics_hereditary_records,1,"[{""kind"":2,""prerequisite"":{""fileID"":11400000,""guid"":""b31c590b9a05bdc4a940faa140dfc5e0"",""type"":2},""prerequisiteId"":""research:husbandry:selective"",""reason"":""선별 사육의 공학 원리이(가) 유전 기록과 형질 분석 구현에 직접 필요하다.""},{""kind"":2,""prerequisite"":{""fileID"":11400000,""guid"":""75c38d39f76b2bc4da7e0ca9959e3a9a"",""type"":2},""prerequisiteId"":""research:medical:gerontology"",""reason"":""노인학과 생물학적 연령 계측의 공학 원리이(가) 유전 기록과 형질 분석 구현에 직접 필요하다.""}]",2,"[{""fileID"":11400000,""guid"":""b31c590b9a05bdc4a940faa140dfc5e0"",""type"":2},{""fileID"":11400000,""guid"":""75c38d39f76b2bc4da7e0ca9959e3a9a"",""type"":2}]",2,research:genetics:hereditary-records,691,"{""items"":[{""rid"":7737212199327498543},{""rid"":7737212199327498544}]}"
research-effects,ResearchProjectSO,ResearchProjectSO|research:health:isolation-medicine,research:health:isolation-medicine,격리 의학,"병원체 관찰, 의료 접수와 위생 설비를 격리 병동 운영으로 만든다.",분야 14; 작업 255; 선행 6; 해금 1; 시설 요구 3; 효과 0,prerequisite:research:health:pathogen-observation; prerequisite:research:health:pathogen-observation; prerequisite:research:health:pathogen-observation; prerequisite:research:medical-reception; prerequisite:research:medical-reception; prerequisite:research:medical-reception; prerequisite:research:plumbing:sewer; prerequisite:research:plumbing:sewer; prerequisite:research:plumbing:sewer; unlocks-building:building:8874,"진행 역할은 '병원체 관찰, 의료 접수와 위생 설비를 격리 병동 운영으로 만든다'이다. 선행 6개와 해금 1개를 연구 그래프에 연결한다.",research-topology-and-unlocks,근거 확인,,active-authored,Assets/Resources/SO/Content/GameDomainContentCatalog.asset; Assets/Resources/SO/GameContentCatalog.asset,catalog-registered-static-consumer,Assets/Scripts/Services/Effects/Runtime/CharacterDerivedStatsSnapshot.cs; Assets/Scripts/Services/Infrastructure/BlueprintResearchContracts.cs; Assets/Scripts/Services/Infrastructure/BlueprintResearchProjectCoordinator.cs; Assets/Scripts/Services/Infrastructure/BlueprintResearchRuntime.cs; Assets/Scripts/Services/Infrastructure/BlueprintResearchRuntimeProvider.cs; Assets/Scripts/Services/Infrastructure/BlueprintResearchSaveSection.cs; Assets/Scripts/Services/Infrastructure/ResearchCraftingSummaryService.cs; Assets/Scripts/Services/Infrastructure/ResearchFacilityCapacityAdapter.cs; Assets/Scripts/Services/Infrastructure/ResearchGraphLayoutService.cs; Assets/Scripts/Services/Infrastructure/ResearchProjectCatalogAdapter.cs; Assets/Scripts/Services/Infrastructure/ResearchRewardCatalogAdapter.cs; Assets/Scripts/Services/Run/FirstRunObjectiveRuntime.cs,Assets/Scripts/Services/Infrastructure/BlueprintResearchContracts.cs; Assets/Scripts/Services/Infrastructure/BlueprintResearchRuntime.cs; Assets/Scripts/Services/Infrastructure/BlueprintResearchSaveSection.cs; Assets/Scripts/Services/Infrastructure/ResearchCraftingSummaryService.cs; Assets/Scripts/Services/Run/FirstRunObjectiveRuntime.cs; Assets/Scripts/Services/Run/V20MilestoneWorldSnapshotProjector.cs; Assets/Scripts/Views/UI/ResearchTreeWindow.cs,4,ProductionRecipeSO; ResearchProjectSO,"진행 역할은 '병원체 관찰, 의료 접수와 위생 설비를 격리 병동 운영으로 만든다'이다. 선행 6개와 해금 1개를 연구 그래프에 연결한다.",연구 분야 14의 선행·해금 그래프에서 진행 경계를 만든다.,requiredWork=255,research-field:14,"비교 후보(대체 가능성 미검증): ResearchProjectSO:research:genetics:controlled-heredity, ResearchProjectSO:research:genetics:cross-lineage-stabilization, ResearchProjectSO:research:health:pathogen-observation, ResearchProjectSO:research:health:vaccination, ResearchProjectSO:research:medical:aberrant-augmentation, ResearchProjectSO:research:medical:anatomy, ResearchProjectSO:research:medical:avian-prosthetics, ResearchProjectSO:research:medical:blood-rejuvenation, ResearchProjectSO:research:medical:bloodcraft-augmentation, ResearchProjectSO:research:medical:construct-core-engineering, ResearchProjectSO:research:medical:construct-core-maintenance, ResearchProjectSO:research:medical:geriatric-medicine 외 14개","직접 참조 4건에 영향: ProductionRecipeSO:recipe:medical:isolation-care-kit, ResearchProjectSO:research:health:vaccination",research-topology-and-unlocks; niche=field+prerequisites+unlocks; cost=requiredWork,Assets/Resources/SO/Research/Projects/health_isolation_medicine.asset,3bc026565c152be48b6ba5fb44ad839f,"{""fileID"":0}",0,ResearchBlueprintRule,None,explicit-serialized,"병원체 관찰, 의료 접수와 위생 설비를 격리 병동 운영으로 만든다.",격리 의학,[],0,"[{""capability"":0,""requiredCount"":1},{""capability"":2,""requiredCount"":1},{""capability"":6,""requiredCount"":1}]",3,14,ResearchField,Surgery And Transplant,explicit-serialized,"{""fileID"":0}",7273,0,ResearchPrerequisiteKind,Theory,implicit-csharp-default,health_isolation_medicine,1,"[{""kind"":2,""prerequisite"":{""fileID"":11400000,""guid"":""b0216d256e85f4f4da770d05c38f5419"",""type"":2},""prerequisiteId"":""research:health:pathogen-observation"",""reason"":""병원체 관찰과 면역 혈청학의 공학 원리이(가) 격리 의학 구현에 직접 필요하다.""},{""kind"":2,""prerequisite"":{""fileID"":11400000,""guid"":""dd2109148e59a2244a05b77b4681c17b"",""type"":2},""prerequisiteId"":""research:medical-reception"",""reason"":""의료 접수의 공학 원리이(가) 격리 의학 구현에 직접 필요하다.""},{""kind"":2,""prerequisite"":{""fileID"":11400000,""guid"":""e8304218a91814b44bbdc6fb4d4705b2"",""type"":2},""prerequisiteId"":""research:plumbing:sewer"",""reason"":""하수 처리와 수세 위생의 공학 원리이(가) 격리 의학 구현에 직접 필요하다.""}]",3,"[{""fileID"":11400000,""guid"":""b0216d256e85f4f4da770d05c38f5419"",""type"":2},{""fileID"":11400000,""guid"":""dd2109148e59a2244a05b77b4681c17b"",""type"":2},{""fileID"":11400000,""guid"":""e8304218a91814b44bbdc6fb4d4705b2"",""type"":2}]",3,research:health:isolation-medicine,255,"{""items"":[{""rid"":7737212199327498545}]}"
research-effects,ResearchProjectSO,ResearchProjectSO|research:health:pathogen-observation,research:health:pathogen-observation,병원체 관찰과 면역 혈청학,"병원체 관찰과 면역 혈청학에 필요한 이론, 제작 절차, 안전 기준과 운용 보상을 하나의 완결된 연구 패키지로 통합한다.",분야 14; 작업 519; 선행 2; 해금 2; 시설 요구 3; 효과 0,prerequisite:research:medical:gerontology; prerequisite:research:medical:gerontology; prerequisite:research:medical:gerontology; unlocks-building:building:8873; unlocks-building:building:8875,"진행 역할은 '병원체 관찰과 면역 혈청학에 필요한 이론, 제작 절차, 안전 기준과 운용 보상을 하나의 완결된 연구 패키지로 통합한다'이다. 선행 2개와 해금 2개를 연구 그래프에 연결한다.",research-topology-and-unlocks,근거 확인,,active-authored,Assets/Resources/SO/Content/GameDomainContentCatalog.asset; Assets/Resources/SO/GameContentCatalog.asset,catalog-registered-static-consumer,Assets/Scripts/Services/Economy/ResourceEconomyContentCatalog.cs; Assets/Scripts/Services/Effects/Runtime/CharacterDerivedStatsSnapshot.cs; Assets/Scripts/Services/Infrastructure/BlueprintResearchContracts.cs; Assets/Scripts/Services/Infrastructure/BlueprintResearchProjectCoordinator.cs; Assets/Scripts/Services/Infrastructure/BlueprintResearchRuntime.cs; Assets/Scripts/Services/Infrastructure/BlueprintResearchRuntimeProvider.cs; Assets/Scripts/Services/Infrastructure/BlueprintResearchSaveSection.cs; Assets/Scripts/Services/Infrastructure/ResearchCraftingSummaryService.cs; Assets/Scripts/Services/Infrastructure/ResearchFacilityCapacityAdapter.cs; Assets/Scripts/Services/Infrastructure/ResearchGraphLayoutService.cs; Assets/Scripts/Services/Infrastructure/ResearchProjectCatalogAdapter.cs; Assets/Scripts/Services/Infrastructure/ResearchRewardCatalogAdapter.cs,Assets/Scripts/Services/Infrastructure/BlueprintResearchContracts.cs; Assets/Scripts/Services/Infrastructure/BlueprintResearchRuntime.cs; Assets/Scripts/Services/Infrastructure/BlueprintResearchSaveSection.cs; Assets/Scripts/Services/Infrastructure/ResearchCraftingSummaryService.cs; Assets/Scripts/Services/Run/FirstRunObjectiveRuntime.cs; Assets/Scripts/Services/Run/V20MilestoneWorldSnapshotProjector.cs; Assets/Scripts/Views/UI/ResearchTreeWindow.cs,6,ResearchProjectSO,"진행 역할은 '병원체 관찰과 면역 혈청학에 필요한 이론, 제작 절차, 안전 기준과 운용 보상을 하나의 완결된 연구 패키지로 통합한다'이다. 선행 2개와 해금 2개를 연구 그래프에 연결한다.",연구 분야 14의 선행·해금 그래프에서 진행 경계를 만든다.,requiredWork=519,research-field:14,"비교 후보(대체 가능성 미검증): ResearchProjectSO:research:genetics:controlled-heredity, ResearchProjectSO:research:genetics:cross-lineage-stabilization, ResearchProjectSO:research:health:isolation-medicine, ResearchProjectSO:research:health:vaccination, ResearchProjectSO:research:medical:aberrant-augmentation, ResearchProjectSO:research:medical:anatomy, ResearchProjectSO:research:medical:avian-prosthetics, ResearchProjectSO:research:medical:blood-rejuvenation, ResearchProjectSO:research:medical:bloodcraft-augmentation, ResearchProjectSO:research:medical:construct-core-engineering, ResearchProjectSO:research:medical:construct-core-maintenance, ResearchProjectSO:research:medical:geriatric-medicine 외 14개","직접 참조 6건에 영향: ResearchProjectSO:research:agriculture:soil-cycles, ResearchProjectSO:research:health:isolation-medicine",research-topology-and-unlocks; niche=field+prerequisites+unlocks; cost=requiredWork,Assets/Resources/SO/Research/Projects/health_pathogen_observation.asset,b0216d256e85f4f4da770d05c38f5419,"{""fileID"":0}",0,ResearchBlueprintRule,None,explicit-serialized,"병원체 관찰과 면역 혈청학에 필요한 이론, 제작 절차, 안전 기준과 운용 보상을 하나의 완결된 연구 패키지로 통합한다.",병원체 관찰과 면역 혈청학,[],0,"[{""capability"":0,""requiredCount"":1},{""capability"":2,""requiredCount"":1},{""capability"":6,""requiredCount"":1}]",3,14,ResearchField,Surgery And Transplant,explicit-serialized,"{""fileID"":0}",7272,0,ResearchPrerequisiteKind,Theory,implicit-csharp-default,health_pathogen_observation,1,"[{""kind"":2,""prerequisite"":{""fileID"":11400000,""guid"":""75c38d39f76b2bc4da7e0ca9959e3a9a"",""type"":2},""prerequisiteId"":""research:medical:gerontology"",""reason"":""노인학과 생물학적 연령 계측의 공학 원리이(가) 병원체 관찰과 면역 혈청학 구현에 직접 필요하다.""}]",1,"[{""fileID"":11400000,""guid"":""75c38d39f76b2bc4da7e0ca9959e3a9a"",""type"":2}]",1,research:health:pathogen-observation,519,"{""items"":[{""rid"":7737212199327498546},{""rid"":7737212199327498547}]}"
research-effects,ResearchProjectSO,ResearchProjectSO|research:health:vaccination,research:health:vaccination,예방접종과 유행병 통제,"예방접종과 유행병 통제에 필요한 이론, 제작 절차, 안전 기준과 운용 보상을 하나의 완결된 연구 패키지로 통합한다.",분야 14; 작업 982; 선행 4; 해금 2; 시설 요구 3; 효과 0,prerequisite:research:health:isolation-medicine; prerequisite:research:health:isolation-medicine; prerequisite:research:health:isolation-medicine; prerequisite:research:industry:automatic-sanitation; prerequisite:research:industry:automatic-sanitation; prerequisite:research:industry:automatic-sanitation; unlocks-building:building:8876; unlocks-building:building:8877,"진행 역할은 '예방접종과 유행병 통제에 필요한 이론, 제작 절차, 안전 기준과 운용 보상을 하나의 완결된 연구 패키지로 통합한다'이다. 선행 4개와 해금 2개를 연구 그래프에 연결한다.",research-topology-and-unlocks,근거 확인,,active-authored,Assets/Resources/SO/Content/GameDomainContentCatalog.asset; Assets/Resources/SO/GameContentCatalog.asset,catalog-registered-static-consumer,Assets/Scripts/Services/Effects/Runtime/CharacterDerivedStatsSnapshot.cs; Assets/Scripts/Services/Infrastructure/BlueprintResearchContracts.cs; Assets/Scripts/Services/Infrastructure/BlueprintResearchProjectCoordinator.cs; Assets/Scripts/Services/Infrastructure/BlueprintResearchRuntime.cs; Assets/Scripts/Services/Infrastructure/BlueprintResearchRuntimeProvider.cs; Assets/Scripts/Services/Infrastructure/BlueprintResearchSaveSection.cs; Assets/Scripts/Services/Infrastructure/ResearchCraftingSummaryService.cs; Assets/Scripts/Services/Infrastructure/ResearchFacilityCapacityAdapter.cs; Assets/Scripts/Services/Infrastructure/ResearchGraphLayoutService.cs; Assets/Scripts/Services/Infrastructure/ResearchProjectCatalogAdapter.cs; Assets/Scripts/Services/Infrastructure/ResearchRewardCatalogAdapter.cs; Assets/Scripts/Services/Run/FirstRunObjectiveRuntime.cs,Assets/Scripts/Services/Infrastructure/BlueprintResearchContracts.cs; Assets/Scripts/Services/Infrastructure/BlueprintResearchRuntime.cs; Assets/Scripts/Services/Infrastructure/BlueprintResearchSaveSection.cs; Assets/Scripts/Services/Infrastructure/ResearchCraftingSummaryService.cs; Assets/Scripts/Services/Run/FirstRunObjectiveRuntime.cs; Assets/Scripts/Services/Run/V20MilestoneWorldSnapshotProjector.cs; Assets/Scripts/Views/UI/ResearchTreeWindow.cs,7,ProductionRecipeSO,"진행 역할은 '예방접종과 유행병 통제에 필요한 이론, 제작 절차, 안전 기준과 운용 보상을 하나의 완결된 연구 패키지로 통합한다'이다. 선행 4개와 해금 2개를 연구 그래프에 연결한다.",연구 분야 14의 선행·해금 그래프에서 진행 경계를 만든다.,requiredWork=982,research-field:14,"비교 후보(대체 가능성 미검증): ResearchProjectSO:research:genetics:controlled-heredity, ResearchProjectSO:research:genetics:cross-lineage-stabilization, ResearchProjectSO:research:health:isolation-medicine, ResearchProjectSO:research:health:pathogen-observation, ResearchProjectSO:research:medical:aberrant-augmentation, ResearchProjectSO:research:medical:anatomy, ResearchProjectSO:research:medical:avian-prosthetics, ResearchProjectSO:research:medical:blood-rejuvenation, ResearchProjectSO:research:medical:bloodcraft-augmentation, ResearchProjectSO:research:medical:construct-core-engineering, ResearchProjectSO:research:medical:construct-core-maintenance, ResearchProjectSO:research:medical:geriatric-medicine 외 14개","직접 참조 7건에 영향: ProductionRecipeSO:recipe:medicine:vaccine:blood-wasting, ProductionRecipeSO:recipe:medicine:vaccine:cave-flu, ProductionRecipeSO:recipe:medicine:vaccine:gut-rot, ProductionRecipeSO:recipe:medicine:vaccine:mana-pox, ProductionRecipeSO:recipe:medicine:vaccine:red-fever, ProductionRecipeSO:recipe:medicine:vaccine:slime-blight, ProductionRecipeSO:recipe:medicine:vaccine:spore-lung",research-topology-and-unlocks; niche=field+prerequisites+unlocks; cost=requiredWork,Assets/Resources/SO/Research/Projects/health_vaccination.asset,d7a47cc53ceae284c8fb5e4d509b5be3,"{""fileID"":0}",0,ResearchBlueprintRule,None,explicit-serialized,"예방접종과 유행병 통제에 필요한 이론, 제작 절차, 안전 기준과 운용 보상을 하나의 완결된 연구 패키지로 통합한다.",예방접종과 유행병 통제,[],0,"[{""capability"":0,""requiredCount"":1},{""capability"":2,""requiredCount"":1},{""capability"":6,""requiredCount"":1}]",3,14,ResearchField,Surgery And Transplant,explicit-serialized,"{""fileID"":0}",7275,0,ResearchPrerequisiteKind,Theory,implicit-csharp-default,health_vaccination,1,"[{""kind"":2,""prerequisite"":{""fileID"":11400000,""guid"":""3bc026565c152be48b6ba5fb44ad839f"",""type"":2},""prerequisiteId"":""research:health:isolation-medicine"",""reason"":""격리 의학의 공학 원리이(가) 예방접종과 유행병 통제 구현에 직접 필요하다.""},{""kind"":2,""prerequisite"":{""fileID"":11400000,""guid"":""805c1c90b4001074a9d12d6316d92fa1"",""type"":2},""prerequisiteId"":""research:industry:automatic-sanitation"",""reason"":""자동 위생과 산업 안전의 공학 원리이(가) 예방접종과 유행병 통제 구현에 직접 필요하다.""}]",2,"[{""fileID"":11400000,""guid"":""3bc026565c152be48b6ba5fb44ad839f"",""type"":2},{""fileID"":11400000,""guid"":""805c1c90b4001074a9d12d6316d92fa1"",""type"":2}]",2,research:health:vaccination,982,"{""items"":[{""rid"":7737212199327498548},{""rid"":7737212199327498549}]}"
research-effects,ResearchProjectSO,ResearchProjectSO|research:hospitality-operations,research:hospitality-operations,환대 운영,숙박 접수와 객실 배정·정리 절차를 표준화한다.,분야 5; 작업 42; 선행 4; 해금 2; 시설 요구 2; 효과 0,prerequisite:research:authority:quarters; prerequisite:research:authority:quarters; prerequisite:research:authority:quarters; prerequisite:research:service-flow; prerequisite:research:service-flow; prerequisite:research:service-flow; unlocks-building:building:1700; unlocks-building:building:1709,진행 역할은 '숙박 접수와 객실 배정·정리 절차를 표준화한다'이다. 선행 4개와 해금 2개를 연구 그래프에 연결한다.,research-topology-and-unlocks,근거 확인,,active-authored,Assets/Resources/SO/Content/GameDomainContentCatalog.asset; Assets/Resources/SO/GameContentCatalog.asset,catalog-registered-static-consumer,Assets/Scripts/Models/CoreSession/ServiceSessionContracts.cs; Assets/Scripts/Services/Effects/Runtime/CharacterDerivedStatsSnapshot.cs; Assets/Scripts/Services/Infrastructure/BlueprintResearchContracts.cs; Assets/Scripts/Services/Infrastructure/BlueprintResearchProjectCoordinator.cs; Assets/Scripts/Services/Infrastructure/BlueprintResearchRuntime.cs; Assets/Scripts/Services/Infrastructure/BlueprintResearchRuntimeProvider.cs; Assets/Scripts/Services/Infrastructure/BlueprintResearchSaveSection.cs; Assets/Scripts/Services/Infrastructure/ResearchCraftingSummaryService.cs; Assets/Scripts/Services/Infrastructure/ResearchFacilityCapacityAdapter.cs; Assets/Scripts/Services/Infrastructure/ResearchGraphLayoutService.cs; Assets/Scripts/Services/Infrastructure/ResearchProjectCatalogAdapter.cs; Assets/Scripts/Services/Infrastructure/ResearchRewardCatalogAdapter.cs,Assets/Scripts/Services/Infrastructure/BlueprintResearchContracts.cs; Assets/Scripts/Services/Infrastructure/BlueprintResearchRuntime.cs; Assets/Scripts/Services/Infrastructure/BlueprintResearchSaveSection.cs; Assets/Scripts/Services/Infrastructure/ResearchCraftingSummaryService.cs; Assets/Scripts/Services/Run/FirstRunObjectiveRuntime.cs; Assets/Scripts/Services/Run/V20MilestoneWorldSnapshotProjector.cs; Assets/Scripts/Views/UI/ResearchTreeWindow.cs,3,ResearchProjectSO,진행 역할은 '숙박 접수와 객실 배정·정리 절차를 표준화한다'이다. 선행 4개와 해금 2개를 연구 그래프에 연결한다.,연구 분야 5의 선행·해금 그래프에서 진행 경계를 만든다.,requiredWork=42,research-field:5,"비교 후보(대체 가능성 미검증): ResearchProjectSO:research:authority:office, ResearchProjectSO:research:authority:prestige, ResearchProjectSO:research:authority:quarters, ResearchProjectSO:research:authority:ritual, ResearchProjectSO:research:housing:room-assignment, ResearchProjectSO:research:society:career-records, ResearchProjectSO:research:society:child-education, ResearchProjectSO:research:society:generation-management, ResearchProjectSO:research:society:household-records, ResearchProjectSO:research:society:retirement",직접 참조 3건에 영향: ResearchProjectSO:research:service-automation,research-topology-and-unlocks; niche=field+prerequisites+unlocks; cost=requiredWork,Assets/Resources/SO/Research/Projects/hospitality_operations.asset,f115c236ee997ae4c849fb7b1fc8409b,"{""fileID"":0}",0,ResearchBlueprintRule,None,explicit-serialized,숙박 접수와 객실 배정·정리 절차를 표준화한다.,환대 운영,[],0,"[{""capability"":0,""requiredCount"":1},{""capability"":1,""requiredCount"":1}]",2,5,ResearchField,Authority And Housing,explicit-serialized,"{""fileID"":0}",7016,0,ResearchPrerequisiteKind,Theory,implicit-csharp-default,hospitality_operations,1,"[{""kind"":2,""prerequisite"":{""fileID"":11400000,""guid"":""3b8bc1e2ec3aab249a39884f4356fe0d"",""type"":2},""prerequisiteId"":""research:authority:quarters"",""reason"":""기본 숙소의 공학 원리이(가) 환대 운영 구현에 직접 필요하다.""},{""kind"":4,""prerequisite"":{""fileID"":11400000,""guid"":""95417a94ca080a740b183c0ab32898cc"",""type"":2},""prerequisiteId"":""research:service-flow"",""reason"":""서비스 동선의 운용 절차이(가) 환대 운영 구현에 직접 필요하다.""}]",2,"[{""fileID"":11400000,""guid"":""3b8bc1e2ec3aab249a39884f4356fe0d"",""type"":2},{""fileID"":11400000,""guid"":""95417a94ca080a740b183c0ab32898cc"",""type"":2}]",2,research:hospitality-operations,42,"{""items"":[{""rid"":7737212199327498550},{""rid"":7737212199327498551}]}"
research-effects,ResearchProjectSO,ResearchProjectSO|research:housing:room-assignment,research:housing:room-assignment,방 배정과 가족 생활구획,"방 배정과 가족 생활구획에 필요한 이론, 제작 절차, 안전 기준과 운용 보상을 하나의 완결된 연구 패키지로 통합한다.",분야 5; 작업 237; 선행 4; 해금 2; 시설 요구 2; 효과 0,prerequisite:research:commerce:logistics; prerequisite:research:commerce:logistics; prerequisite:research:commerce:logistics; prerequisite:research:society:household-records; prerequisite:research:society:household-records; prerequisite:research:society:household-records; unlocks-building:building:8882; unlocks-building:building:8883,"진행 역할은 '방 배정과 가족 생활구획에 필요한 이론, 제작 절차, 안전 기준과 운용 보상을 하나의 완결된 연구 패키지로 통합한다'이다. 선행 4개와 해금 2개를 연구 그래프에 연결한다.",research-topology-and-unlocks,근거 확인,,active-authored,Assets/Resources/SO/Content/GameDomainContentCatalog.asset; Assets/Resources/SO/GameContentCatalog.asset,catalog-registered-static-consumer,Assets/Scripts/Services/Effects/Runtime/CharacterDerivedStatsSnapshot.cs; Assets/Scripts/Services/Infrastructure/BlueprintResearchContracts.cs; Assets/Scripts/Services/Infrastructure/BlueprintResearchProjectCoordinator.cs; Assets/Scripts/Services/Infrastructure/BlueprintResearchRuntime.cs; Assets/Scripts/Services/Infrastructure/BlueprintResearchRuntimeProvider.cs; Assets/Scripts/Services/Infrastructure/BlueprintResearchSaveSection.cs; Assets/Scripts/Services/Infrastructure/ResearchCraftingSummaryService.cs; Assets/Scripts/Services/Infrastructure/ResearchFacilityCapacityAdapter.cs; Assets/Scripts/Services/Infrastructure/ResearchGraphLayoutService.cs; Assets/Scripts/Services/Infrastructure/ResearchProjectCatalogAdapter.cs; Assets/Scripts/Services/Infrastructure/ResearchRewardCatalogAdapter.cs; Assets/Scripts/Services/Run/FirstRunObjectiveRuntime.cs,Assets/Scripts/Services/Infrastructure/BlueprintResearchContracts.cs; Assets/Scripts/Services/Infrastructure/BlueprintResearchRuntime.cs; Assets/Scripts/Services/Infrastructure/BlueprintResearchSaveSection.cs; Assets/Scripts/Services/Infrastructure/ResearchCraftingSummaryService.cs; Assets/Scripts/Services/Run/FirstRunObjectiveRuntime.cs; Assets/Scripts/Services/Run/V20MilestoneWorldSnapshotProjector.cs; Assets/Scripts/Views/UI/ResearchTreeWindow.cs,4,ProductionRecipeSO; ResearchProjectSO,"진행 역할은 '방 배정과 가족 생활구획에 필요한 이론, 제작 절차, 안전 기준과 운용 보상을 하나의 완결된 연구 패키지로 통합한다'이다. 선행 4개와 해금 2개를 연구 그래프에 연결한다.",연구 분야 5의 선행·해금 그래프에서 진행 경계를 만든다.,requiredWork=237,research-field:5,"비교 후보(대체 가능성 미검증): ResearchProjectSO:research:authority:office, ResearchProjectSO:research:authority:prestige, ResearchProjectSO:research:authority:quarters, ResearchProjectSO:research:authority:ritual, ResearchProjectSO:research:hospitality-operations, ResearchProjectSO:research:society:career-records, ResearchProjectSO:research:society:child-education, ResearchProjectSO:research:society:generation-management, ResearchProjectSO:research:society:household-records, ResearchProjectSO:research:society:retirement","직접 참조 4건에 영향: ProductionRecipeSO:recipe:component:room-partition-kit, ResearchProjectSO:research:society:generation-management",research-topology-and-unlocks; niche=field+prerequisites+unlocks; cost=requiredWork,Assets/Resources/SO/Research/Projects/housing_room_assignment.asset,1515d275a38a57c4ab79890326217f8e,"{""fileID"":0}",0,ResearchBlueprintRule,None,explicit-serialized,"방 배정과 가족 생활구획에 필요한 이론, 제작 절차, 안전 기준과 운용 보상을 하나의 완결된 연구 패키지로 통합한다.",방 배정과 가족 생활구획,[],0,"[{""capability"":0,""requiredCount"":1},{""capability"":1,""requiredCount"":1}]",2,5,ResearchField,Authority And Housing,explicit-serialized,"{""fileID"":0}",7281,0,ResearchPrerequisiteKind,Theory,implicit-csharp-default,housing_room_assignment,1,"[{""kind"":4,""prerequisite"":{""fileID"":11400000,""guid"":""b3b38e91925a91943b4303ee3edc9533"",""type"":2},""prerequisiteId"":""research:commerce:logistics"",""reason"":""창고 구획의 운용 절차이(가) 방 배정과 가족 생활구획 구현에 직접 필요하다.""},{""kind"":0,""prerequisite"":{""fileID"":11400000,""guid"":""0e987e63f3ceb724aa404607804069ad"",""type"":2},""prerequisiteId"":""research:society:household-records"",""reason"":""가구 기록과 영아 돌봄의 이론이(가) 방 배정과 가족 생활구획 구현에 직접 필요하다.""}]",2,"[{""fileID"":11400000,""guid"":""b3b38e91925a91943b4303ee3edc9533"",""type"":2},{""fileID"":11400000,""guid"":""0e987e63f3ceb724aa404607804069ad"",""type"":2}]",2,research:housing:room-assignment,237,"{""items"":[{""rid"":7737212199327498552},{""rid"":7737212199327498553}]}"
research-effects,ResearchProjectSO,ResearchProjectSO|research:husbandry:breeding,research:husbandry:breeding,번식 관리,"성별, 성장 단계와 임신을 고려해 개체 수를 관리한다.",분야 9; 작업 60; 선행 2; 해금 1; 시설 요구 2; 효과 0,prerequisite:research:husbandry:taming; prerequisite:research:husbandry:taming; prerequisite:research:husbandry:taming; unlocks-building:building:8817,"진행 역할은 '성별, 성장 단계와 임신을 고려해 개체 수를 관리한다'이다. 선행 2개와 해금 1개를 연구 그래프에 연결한다.",research-topology-and-unlocks,근거 확인,,active-authored,Assets/Resources/SO/Content/GameDomainContentCatalog.asset; Assets/Resources/SO/GameContentCatalog.asset,catalog-registered-static-consumer,Assets/Scripts/Services/Effects/Runtime/CharacterDerivedStatsSnapshot.cs; Assets/Scripts/Services/Infrastructure/BlueprintResearchContracts.cs; Assets/Scripts/Services/Infrastructure/BlueprintResearchProjectCoordinator.cs; Assets/Scripts/Services/Infrastructure/BlueprintResearchRuntime.cs; Assets/Scripts/Services/Infrastructure/BlueprintResearchRuntimeProvider.cs; Assets/Scripts/Services/Infrastructure/BlueprintResearchSaveSection.cs; Assets/Scripts/Services/Infrastructure/ResearchCraftingSummaryService.cs; Assets/Scripts/Services/Infrastructure/ResearchFacilityCapacityAdapter.cs; Assets/Scripts/Services/Infrastructure/ResearchGraphLayoutService.cs; Assets/Scripts/Services/Infrastructure/ResearchProjectCatalogAdapter.cs; Assets/Scripts/Services/Infrastructure/ResearchRewardCatalogAdapter.cs; Assets/Scripts/Services/Run/FirstRunObjectiveRuntime.cs,Assets/Scripts/Services/Infrastructure/BlueprintResearchContracts.cs; Assets/Scripts/Services/Infrastructure/BlueprintResearchRuntime.cs; Assets/Scripts/Services/Infrastructure/BlueprintResearchSaveSection.cs; Assets/Scripts/Services/Infrastructure/ResearchCraftingSummaryService.cs; Assets/Scripts/Services/Run/FirstRunObjectiveRuntime.cs; Assets/Scripts/Services/Run/V20MilestoneWorldSnapshotProjector.cs; Assets/Scripts/Views/UI/ResearchTreeWindow.cs,7,ProductionRecipeSO; ResearchProjectSO,"진행 역할은 '성별, 성장 단계와 임신을 고려해 개체 수를 관리한다'이다. 선행 2개와 해금 1개를 연구 그래프에 연결한다.",연구 분야 9의 선행·해금 그래프에서 진행 경계를 만든다.,requiredWork=60,research-field:9,"비교 후보(대체 가능성 미검증): ResearchProjectSO:research:husbandry:capture, ResearchProjectSO:research:husbandry:feed, ResearchProjectSO:research:husbandry:seasonal-breeding, ResearchProjectSO:research:husbandry:selective, ResearchProjectSO:research:husbandry:stable, ResearchProjectSO:research:husbandry:taming","직접 참조 7건에 영향: ProductionRecipeSO:recipe:record:breeding-ledger, ResearchProjectSO:research:husbandry:seasonal-breeding, ResearchProjectSO:research:husbandry:selective",research-topology-and-unlocks; niche=field+prerequisites+unlocks; cost=requiredWork,Assets/Resources/SO/Research/Projects/husbandry_breeding.asset,80c33ed657a2d1c4eb1266d6f8826dd2,"{""fileID"":0}",0,ResearchBlueprintRule,None,explicit-serialized,"성별, 성장 단계와 임신을 고려해 개체 수를 관리한다.",번식 관리,[],0,"[{""capability"":0,""requiredCount"":1},{""capability"":3,""requiredCount"":1}]",2,9,ResearchField,Husbandry,explicit-serialized,"{""fileID"":0}",7095,0,ResearchPrerequisiteKind,Theory,implicit-csharp-default,husbandry_breeding,1,"[{""kind"":2,""prerequisite"":{""fileID"":11400000,""guid"":""c9c568a7e5b1f1a41b9662a14070c655"",""type"":2},""prerequisiteId"":""research:husbandry:taming"",""reason"":""길들이기의 공학 원리이(가) 번식 관리 구현에 직접 필요하다.""}]",1,"[{""fileID"":11400000,""guid"":""c9c568a7e5b1f1a41b9662a14070c655"",""type"":2}]",1,research:husbandry:breeding,60,"{""items"":[{""rid"":7737212199327498554}]}"
research-effects,ResearchProjectSO,ResearchProjectSO|research:husbandry:capture,research:husbandry:capture,야생 포획,살아 있는 야생동물을 안정화해 우리로 옮긴다.,분야 9; 작업 17; 선행 0; 해금 1; 시설 요구 1; 효과 0,unlocks-building:building:1034,진행 역할은 '살아 있는 야생동물을 안정화해 우리로 옮긴다'이다. 선행 0개와 해금 1개를 연구 그래프에 연결한다.,research-topology-and-unlocks,근거 확인,,active-authored,Assets/Resources/SO/Content/GameDomainContentCatalog.asset; Assets/Resources/SO/GameContentCatalog.asset,catalog-registered-static-consumer,Assets/Scripts/Services/Economy/ResourceEconomyContentCatalog.cs; Assets/Scripts/Services/Effects/Runtime/CharacterDerivedStatsSnapshot.cs; Assets/Scripts/Services/Infrastructure/BlueprintResearchContracts.cs; Assets/Scripts/Services/Infrastructure/BlueprintResearchProjectCoordinator.cs; Assets/Scripts/Services/Infrastructure/BlueprintResearchRuntime.cs; Assets/Scripts/Services/Infrastructure/BlueprintResearchRuntimeProvider.cs; Assets/Scripts/Services/Infrastructure/BlueprintResearchSaveSection.cs; Assets/Scripts/Services/Infrastructure/ResearchCraftingSummaryService.cs; Assets/Scripts/Services/Infrastructure/ResearchFacilityCapacityAdapter.cs; Assets/Scripts/Services/Infrastructure/ResearchGraphLayoutService.cs; Assets/Scripts/Services/Infrastructure/ResearchProjectCatalogAdapter.cs; Assets/Scripts/Services/Infrastructure/ResearchRewardCatalogAdapter.cs,Assets/Scripts/Services/Infrastructure/BlueprintResearchContracts.cs; Assets/Scripts/Services/Infrastructure/BlueprintResearchRuntime.cs; Assets/Scripts/Services/Infrastructure/BlueprintResearchSaveSection.cs; Assets/Scripts/Services/Infrastructure/ResearchCraftingSummaryService.cs; Assets/Scripts/Services/Run/FirstRunObjectiveRuntime.cs; Assets/Scripts/Services/Run/V20MilestoneWorldSnapshotProjector.cs; Assets/Scripts/Views/UI/ResearchTreeWindow.cs,10,ProductionRecipeSO; ResearchProjectSO,진행 역할은 '살아 있는 야생동물을 안정화해 우리로 옮긴다'이다. 선행 0개와 해금 1개를 연구 그래프에 연결한다.,연구 분야 9의 선행·해금 그래프에서 진행 경계를 만든다.,requiredWork=17,research-field:9,"비교 후보(대체 가능성 미검증): ResearchProjectSO:research:husbandry:breeding, ResearchProjectSO:research:husbandry:feed, ResearchProjectSO:research:husbandry:seasonal-breeding, ResearchProjectSO:research:husbandry:selective, ResearchProjectSO:research:husbandry:stable, ResearchProjectSO:research:husbandry:taming","직접 참조 10건에 영향: ProductionRecipeSO:recipe:trail-charm, ProductionRecipeSO:source:animal-blood, ProductionRecipeSO:source:animal-bone, ProductionRecipeSO:source:animal-fang, ProductionRecipeSO:source:animal-fat, ProductionRecipeSO:source:animal-hide, ProductionRecipeSO:source:animal-meat, ResearchProjectSO:research:husbandry:stable",research-topology-and-unlocks; niche=field+prerequisites+unlocks; cost=requiredWork,Assets/Resources/SO/Research/Projects/husbandry_capture.asset,1ee0d9192cb4e064fb039a4c49a685b5,"{""fileID"":0}",0,ResearchBlueprintRule,None,explicit-serialized,살아 있는 야생동물을 안정화해 우리로 옮긴다.,야생 포획,[],0,"[{""capability"":0,""requiredCount"":1}]",1,9,ResearchField,Husbandry,explicit-serialized,"{""fileID"":0}",7091,0,ResearchPrerequisiteKind,Theory,implicit-csharp-default,husbandry_capture,1,[],0,[],0,research:husbandry:capture,17,"{""items"":[{""rid"":7737212199327498555}]}"
research-effects,ResearchProjectSO,ResearchProjectSO|research:husbandry:feed,research:husbandry:feed,사료·깔짚,식성과 위생에 맞는 사료와 깔짚을 공급한다.,분야 9; 작업 42; 선행 2; 해금 2; 시설 요구 2; 효과 0,prerequisite:research:husbandry:stable; prerequisite:research:husbandry:stable; prerequisite:research:husbandry:stable; unlocks-building:building:1089; unlocks-building:building:1616,진행 역할은 '식성과 위생에 맞는 사료와 깔짚을 공급한다'이다. 선행 2개와 해금 2개를 연구 그래프에 연결한다.,research-topology-and-unlocks,근거 확인,,active-authored,Assets/Resources/SO/Content/GameDomainContentCatalog.asset; Assets/Resources/SO/GameContentCatalog.asset,catalog-registered-static-consumer,Assets/Scripts/Services/Effects/Runtime/CharacterDerivedStatsSnapshot.cs; Assets/Scripts/Services/Infrastructure/BlueprintResearchContracts.cs; Assets/Scripts/Services/Infrastructure/BlueprintResearchProjectCoordinator.cs; Assets/Scripts/Services/Infrastructure/BlueprintResearchRuntime.cs; Assets/Scripts/Services/Infrastructure/BlueprintResearchRuntimeProvider.cs; Assets/Scripts/Services/Infrastructure/BlueprintResearchSaveSection.cs; Assets/Scripts/Services/Infrastructure/ResearchCraftingSummaryService.cs; Assets/Scripts/Services/Infrastructure/ResearchFacilityCapacityAdapter.cs; Assets/Scripts/Services/Infrastructure/ResearchGraphLayoutService.cs; Assets/Scripts/Services/Infrastructure/ResearchProjectCatalogAdapter.cs; Assets/Scripts/Services/Infrastructure/ResearchRewardCatalogAdapter.cs; Assets/Scripts/Services/Run/FirstRunObjectiveRuntime.cs,Assets/Scripts/Services/Infrastructure/BlueprintResearchContracts.cs; Assets/Scripts/Services/Infrastructure/BlueprintResearchRuntime.cs; Assets/Scripts/Services/Infrastructure/BlueprintResearchSaveSection.cs; Assets/Scripts/Services/Infrastructure/ResearchCraftingSummaryService.cs; Assets/Scripts/Services/Run/FirstRunObjectiveRuntime.cs; Assets/Scripts/Services/Run/V20MilestoneWorldSnapshotProjector.cs; Assets/Scripts/Views/UI/ResearchTreeWindow.cs,14,ProductionRecipeSO; ResearchProjectSO,진행 역할은 '식성과 위생에 맞는 사료와 깔짚을 공급한다'이다. 선행 2개와 해금 2개를 연구 그래프에 연결한다.,연구 분야 9의 선행·해금 그래프에서 진행 경계를 만든다.,requiredWork=42,research-field:9,"비교 후보(대체 가능성 미검증): ResearchProjectSO:research:husbandry:breeding, ResearchProjectSO:research:husbandry:capture, ResearchProjectSO:research:husbandry:seasonal-breeding, ResearchProjectSO:research:husbandry:selective, ResearchProjectSO:research:husbandry:stable, ResearchProjectSO:research:husbandry:taming","직접 참조 14건에 영향: ProductionRecipeSO:recipe:bedding-animal, ProductionRecipeSO:recipe:bedding-straw, ProductionRecipeSO:recipe:dog-food, ProductionRecipeSO:recipe:dog-food-fresh, ProductionRecipeSO:recipe:hay-feed, ProductionRecipeSO:recipe:low-fuel-manure, ProductionRecipeSO:recipe:silage, ProductionRecipeSO:source:animal-manure, ResearchProjectSO:research:cuisine:livestock, ResearchProjectSO:research:husbandry:taming",research-topology-and-unlocks; niche=field+prerequisites+unlocks; cost=requiredWork,Assets/Resources/SO/Research/Projects/husbandry_feed.asset,4054a9baf1399df40b066cc53cd96b8c,"{""fileID"":0}",0,ResearchBlueprintRule,None,explicit-serialized,식성과 위생에 맞는 사료와 깔짚을 공급한다.,사료·깔짚,[],0,"[{""capability"":0,""requiredCount"":1},{""capability"":3,""requiredCount"":1}]",2,9,ResearchField,Husbandry,explicit-serialized,"{""fileID"":0}",7093,0,ResearchPrerequisiteKind,Theory,implicit-csharp-default,husbandry_feed,1,"[{""kind"":2,""prerequisite"":{""fileID"":11400000,""guid"":""365b4b8715ab58a47ac9e166216354d6"",""type"":2},""prerequisiteId"":""research:husbandry:stable"",""reason"":""축사 관리의 공학 원리이(가) 사료·깔짚 구현에 직접 필요하다.""}]",1,"[{""fileID"":11400000,""guid"":""365b4b8715ab58a47ac9e166216354d6"",""type"":2}]",1,research:husbandry:feed,42,"{""items"":[{""rid"":7737212199327498556},{""rid"":7737212199327498557}]}"
research-effects,ResearchProjectSO,ResearchProjectSO|research:husbandry:seasonal-breeding,research:husbandry:seasonal-breeding,계절 번식,생물계절 기록을 번식 일정과 회복 주기에 반영한다.,분야 9; 작업 191; 선행 4; 해금 1; 시설 요구 3; 효과 0,prerequisite:research:agriculture:phenology; prerequisite:research:agriculture:phenology; prerequisite:research:agriculture:phenology; prerequisite:research:husbandry:breeding; prerequisite:research:husbandry:breeding; prerequisite:research:husbandry:breeding; unlocks-building:building:8855,진행 역할은 '생물계절 기록을 번식 일정과 회복 주기에 반영한다'이다. 선행 4개와 해금 1개를 연구 그래프에 연결한다.,research-topology-and-unlocks,근거 확인,,active-authored,Assets/Resources/SO/Content/GameDomainContentCatalog.asset; Assets/Resources/SO/GameContentCatalog.asset,catalog-registered-static-consumer,Assets/Scripts/Services/Effects/Runtime/CharacterDerivedStatsSnapshot.cs; Assets/Scripts/Services/Infrastructure/BlueprintResearchContracts.cs; Assets/Scripts/Services/Infrastructure/BlueprintResearchProjectCoordinator.cs; Assets/Scripts/Services/Infrastructure/BlueprintResearchRuntime.cs; Assets/Scripts/Services/Infrastructure/BlueprintResearchRuntimeProvider.cs; Assets/Scripts/Services/Infrastructure/BlueprintResearchSaveSection.cs; Assets/Scripts/Services/Infrastructure/ResearchCraftingSummaryService.cs; Assets/Scripts/Services/Infrastructure/ResearchFacilityCapacityAdapter.cs; Assets/Scripts/Services/Infrastructure/ResearchGraphLayoutService.cs; Assets/Scripts/Services/Infrastructure/ResearchProjectCatalogAdapter.cs; Assets/Scripts/Services/Infrastructure/ResearchRewardCatalogAdapter.cs; Assets/Scripts/Services/Run/FirstRunObjectiveRuntime.cs,Assets/Scripts/Services/Infrastructure/BlueprintResearchContracts.cs; Assets/Scripts/Services/Infrastructure/BlueprintResearchRuntime.cs; Assets/Scripts/Services/Infrastructure/BlueprintResearchSaveSection.cs; Assets/Scripts/Services/Infrastructure/ResearchCraftingSummaryService.cs; Assets/Scripts/Services/Run/FirstRunObjectiveRuntime.cs; Assets/Scripts/Services/Run/V20MilestoneWorldSnapshotProjector.cs; Assets/Scripts/Views/UI/ResearchTreeWindow.cs,0,,진행 역할은 '생물계절 기록을 번식 일정과 회복 주기에 반영한다'이다. 선행 4개와 해금 1개를 연구 그래프에 연결한다.,연구 분야 9의 선행·해금 그래프에서 진행 경계를 만든다.,requiredWork=191,research-field:9,"비교 후보(대체 가능성 미검증): ResearchProjectSO:research:husbandry:breeding, ResearchProjectSO:research:husbandry:capture, ResearchProjectSO:research:husbandry:feed, ResearchProjectSO:research:husbandry:selective, ResearchProjectSO:research:husbandry:stable, ResearchProjectSO:research:husbandry:taming",정적 콘텐츠 역참조는 확인되지 않음; 런타임 직접 조회와 설계상 공백은 별도 검증 필요,research-topology-and-unlocks; niche=field+prerequisites+unlocks; cost=requiredWork,Assets/Resources/SO/Research/Projects/husbandry_seasonal_breeding.asset,b7af7cdcd76c6a94d8c97d9480c6d123,"{""fileID"":0}",0,ResearchBlueprintRule,None,explicit-serialized,생물계절 기록을 번식 일정과 회복 주기에 반영한다.,계절 번식,[],0,"[{""capability"":0,""requiredCount"":1},{""capability"":3,""requiredCount"":1},{""capability"":6,""requiredCount"":1}]",3,9,ResearchField,Husbandry,explicit-serialized,"{""fileID"":0}",7254,0,ResearchPrerequisiteKind,Theory,implicit-csharp-default,husbandry_seasonal_breeding,1,"[{""kind"":2,""prerequisite"":{""fileID"":11400000,""guid"":""15debf0ab3fbbed42baae417568308af"",""type"":2},""prerequisiteId"":""research:agriculture:phenology"",""reason"":""생물계절학과 종자 선별의 공학 원리이(가) 계절 번식 구현에 직접 필요하다.""},{""kind"":2,""prerequisite"":{""fileID"":11400000,""guid"":""80c33ed657a2d1c4eb1266d6f8826dd2"",""type"":2},""prerequisiteId"":""research:husbandry:breeding"",""reason"":""번식 관리의 공학 원리이(가) 계절 번식 구현에 직접 필요하다.""}]",2,"[{""fileID"":11400000,""guid"":""15debf0ab3fbbed42baae417568308af"",""type"":2},{""fileID"":11400000,""guid"":""80c33ed657a2d1c4eb1266d6f8826dd2"",""type"":2}]",2,research:husbandry:seasonal-breeding,191,"{""items"":[{""rid"":7737212199327498558}]}"
research-effects,ResearchProjectSO,ResearchProjectSO|research:husbandry:selective,research:husbandry:selective,선별 사육,위생과 혈통을 관리해 안정적인 산출물을 얻는다.,분야 9; 작업 84; 선행 4; 해금 1; 시설 요구 2; 효과 0,prerequisite:research:husbandry:breeding; prerequisite:research:husbandry:breeding; prerequisite:research:husbandry:breeding; prerequisite:research:survival:sanitation; prerequisite:research:survival:sanitation; prerequisite:research:survival:sanitation; unlocks-building:building:8818,진행 역할은 '위생과 혈통을 관리해 안정적인 산출물을 얻는다'이다. 선행 4개와 해금 1개를 연구 그래프에 연결한다.,research-topology-and-unlocks,근거 확인,,active-authored,Assets/Resources/SO/Content/GameDomainContentCatalog.asset; Assets/Resources/SO/GameContentCatalog.asset,catalog-registered-static-consumer,Assets/Scripts/Services/Effects/Runtime/CharacterDerivedStatsSnapshot.cs; Assets/Scripts/Services/Infrastructure/BlueprintResearchContracts.cs; Assets/Scripts/Services/Infrastructure/BlueprintResearchProjectCoordinator.cs; Assets/Scripts/Services/Infrastructure/BlueprintResearchRuntime.cs; Assets/Scripts/Services/Infrastructure/BlueprintResearchRuntimeProvider.cs; Assets/Scripts/Services/Infrastructure/BlueprintResearchSaveSection.cs; Assets/Scripts/Services/Infrastructure/ResearchCraftingSummaryService.cs; Assets/Scripts/Services/Infrastructure/ResearchFacilityCapacityAdapter.cs; Assets/Scripts/Services/Infrastructure/ResearchGraphLayoutService.cs; Assets/Scripts/Services/Infrastructure/ResearchProjectCatalogAdapter.cs; Assets/Scripts/Services/Infrastructure/ResearchRewardCatalogAdapter.cs; Assets/Scripts/Services/Run/FirstRunObjectiveRuntime.cs,Assets/Scripts/Services/Infrastructure/BlueprintResearchContracts.cs; Assets/Scripts/Services/Infrastructure/BlueprintResearchRuntime.cs; Assets/Scripts/Services/Infrastructure/BlueprintResearchSaveSection.cs; Assets/Scripts/Services/Infrastructure/ResearchCraftingSummaryService.cs; Assets/Scripts/Services/Run/FirstRunObjectiveRuntime.cs; Assets/Scripts/Services/Run/V20MilestoneWorldSnapshotProjector.cs; Assets/Scripts/Views/UI/ResearchTreeWindow.cs,13,CraftMaterialDefinitionSO; ProductionRecipeSO; ResearchProjectSO,진행 역할은 '위생과 혈통을 관리해 안정적인 산출물을 얻는다'이다. 선행 4개와 해금 1개를 연구 그래프에 연결한다.,연구 분야 9의 선행·해금 그래프에서 진행 경계를 만든다.,requiredWork=84,research-field:9,"비교 후보(대체 가능성 미검증): ResearchProjectSO:research:husbandry:breeding, ResearchProjectSO:research:husbandry:capture, ResearchProjectSO:research:husbandry:feed, ResearchProjectSO:research:husbandry:seasonal-breeding, ResearchProjectSO:research:husbandry:stable, ResearchProjectSO:research:husbandry:taming","직접 참조 13건에 영향: CraftMaterialDefinitionSO:resource:wool, ProductionRecipeSO:recipe:bowstring-sinew, ProductionRecipeSO:source:animal-egg, ProductionRecipeSO:source:animal-feather, ProductionRecipeSO:source:animal-horn, ProductionRecipeSO:source:animal-milk, ProductionRecipeSO:source:animal-wool, ResearchProjectSO:research:genetics:hereditary-records, ResearchProjectSO:research:medical:xenotransplant",research-topology-and-unlocks; niche=field+prerequisites+unlocks; cost=requiredWork,Assets/Resources/SO/Research/Projects/husbandry_selective.asset,b31c590b9a05bdc4a940faa140dfc5e0,"{""fileID"":0}",0,ResearchBlueprintRule,None,explicit-serialized,위생과 혈통을 관리해 안정적인 산출물을 얻는다.,선별 사육,[],0,"[{""capability"":0,""requiredCount"":1},{""capability"":3,""requiredCount"":1}]",2,9,ResearchField,Husbandry,explicit-serialized,"{""fileID"":0}",7096,0,ResearchPrerequisiteKind,Theory,implicit-csharp-default,husbandry_selective,1,"[{""kind"":2,""prerequisite"":{""fileID"":11400000,""guid"":""80c33ed657a2d1c4eb1266d6f8826dd2"",""type"":2},""prerequisiteId"":""research:husbandry:breeding"",""reason"":""번식 관리의 공학 원리이(가) 선별 사육 구현에 직접 필요하다.""},{""kind"":2,""prerequisite"":{""fileID"":11400000,""guid"":""d75bc5c0a1a2a2e4aa3f082b164eadfa"",""type"":2},""prerequisiteId"":""research:survival:sanitation"",""reason"":""기초 위생의 공학 원리이(가) 선별 사육 구현에 직접 필요하다.""}]",2,"[{""fileID"":11400000,""guid"":""80c33ed657a2d1c4eb1266d6f8826dd2"",""type"":2},{""fileID"":11400000,""guid"":""d75bc5c0a1a2a2e4aa3f082b164eadfa"",""type"":2}]",2,research:husbandry:selective,84,"{""items"":[{""rid"":7737212199327498559}]}"
research-effects,ResearchProjectSO,ResearchProjectSO|research:husbandry:stable,research:husbandry:stable,축사 관리,"방목장, 울타리, 물통과 사료통을 관리한다.",분야 9; 작업 28; 선행 2; 해금 1; 시설 요구 1; 효과 0,prerequisite:research:husbandry:capture; prerequisite:research:husbandry:capture; prerequisite:research:husbandry:capture; unlocks-building:building:8819,"진행 역할은 '방목장, 울타리, 물통과 사료통을 관리한다'이다. 선행 2개와 해금 1개를 연구 그래프에 연결한다.",research-topology-and-unlocks,근거 확인,,active-authored,Assets/Resources/SO/Content/GameDomainContentCatalog.asset; Assets/Resources/SO/GameContentCatalog.asset,catalog-registered-static-consumer,Assets/Scripts/Services/Effects/Runtime/CharacterDerivedStatsSnapshot.cs; Assets/Scripts/Services/Infrastructure/BlueprintResearchContracts.cs; Assets/Scripts/Services/Infrastructure/BlueprintResearchProjectCoordinator.cs; Assets/Scripts/Services/Infrastructure/BlueprintResearchRuntime.cs; Assets/Scripts/Services/Infrastructure/BlueprintResearchRuntimeProvider.cs; Assets/Scripts/Services/Infrastructure/BlueprintResearchSaveSection.cs; Assets/Scripts/Services/Infrastructure/ResearchCraftingSummaryService.cs; Assets/Scripts/Services/Infrastructure/ResearchFacilityCapacityAdapter.cs; Assets/Scripts/Services/Infrastructure/ResearchGraphLayoutService.cs; Assets/Scripts/Services/Infrastructure/ResearchProjectCatalogAdapter.cs; Assets/Scripts/Services/Infrastructure/ResearchRewardCatalogAdapter.cs; Assets/Scripts/Services/Run/FirstRunObjectiveRuntime.cs,Assets/Scripts/Services/Infrastructure/BlueprintResearchContracts.cs; Assets/Scripts/Services/Infrastructure/BlueprintResearchRuntime.cs; Assets/Scripts/Services/Infrastructure/BlueprintResearchSaveSection.cs; Assets/Scripts/Services/Infrastructure/ResearchCraftingSummaryService.cs; Assets/Scripts/Services/Run/FirstRunObjectiveRuntime.cs; Assets/Scripts/Services/Run/V20MilestoneWorldSnapshotProjector.cs; Assets/Scripts/Views/UI/ResearchTreeWindow.cs,3,ResearchProjectSO,"진행 역할은 '방목장, 울타리, 물통과 사료통을 관리한다'이다. 선행 2개와 해금 1개를 연구 그래프에 연결한다.",연구 분야 9의 선행·해금 그래프에서 진행 경계를 만든다.,requiredWork=28,research-field:9,"비교 후보(대체 가능성 미검증): ResearchProjectSO:research:husbandry:breeding, ResearchProjectSO:research:husbandry:capture, ResearchProjectSO:research:husbandry:feed, ResearchProjectSO:research:husbandry:seasonal-breeding, ResearchProjectSO:research:husbandry:selective, ResearchProjectSO:research:husbandry:taming",직접 참조 3건에 영향: ResearchProjectSO:research:husbandry:feed,research-topology-and-unlocks; niche=field+prerequisites+unlocks; cost=requiredWork,Assets/Resources/SO/Research/Projects/husbandry_stable.asset,365b4b8715ab58a47ac9e166216354d6,"{""fileID"":0}",0,ResearchBlueprintRule,None,explicit-serialized,"방목장, 울타리, 물통과 사료통을 관리한다.",축사 관리,[],0,"[{""capability"":0,""requiredCount"":1}]",1,9,ResearchField,Husbandry,explicit-serialized,"{""fileID"":0}",7092,0,ResearchPrerequisiteKind,Theory,implicit-csharp-default,husbandry_stable,1,"[{""kind"":2,""prerequisite"":{""fileID"":11400000,""guid"":""1ee0d9192cb4e064fb039a4c49a685b5"",""type"":2},""prerequisiteId"":""research:husbandry:capture"",""reason"":""야생 포획의 공학 원리이(가) 축사 관리 구현에 직접 필요하다.""}]",1,"[{""fileID"":11400000,""guid"":""1ee0d9192cb4e064fb039a4c49a685b5"",""type"":2}]",1,research:husbandry:stable,28,"{""items"":[{""rid"":7737212199327498560}]}"
research-effects,ResearchProjectSO,ResearchProjectSO|research:husbandry:taming,research:husbandry:taming,길들이기,공포를 낮추고 반복 돌봄으로 가축화한다.,분야 9; 작업 42; 선행 2; 해금 1; 시설 요구 2; 효과 0,prerequisite:research:husbandry:feed; prerequisite:research:husbandry:feed; prerequisite:research:husbandry:feed; unlocks-building:building:8820,진행 역할은 '공포를 낮추고 반복 돌봄으로 가축화한다'이다. 선행 2개와 해금 1개를 연구 그래프에 연결한다.,research-topology-and-unlocks,근거 확인,,active-authored,Assets/Resources/SO/Content/GameDomainContentCatalog.asset; Assets/Resources/SO/GameContentCatalog.asset,catalog-registered-static-consumer,Assets/Scripts/Services/Effects/Runtime/CharacterDerivedStatsSnapshot.cs; Assets/Scripts/Services/Infrastructure/BlueprintResearchContracts.cs; Assets/Scripts/Services/Infrastructure/BlueprintResearchProjectCoordinator.cs; Assets/Scripts/Services/Infrastructure/BlueprintResearchRuntime.cs; Assets/Scripts/Services/Infrastructure/BlueprintResearchRuntimeProvider.cs; Assets/Scripts/Services/Infrastructure/BlueprintResearchSaveSection.cs; Assets/Scripts/Services/Infrastructure/ResearchCraftingSummaryService.cs; Assets/Scripts/Services/Infrastructure/ResearchFacilityCapacityAdapter.cs; Assets/Scripts/Services/Infrastructure/ResearchGraphLayoutService.cs; Assets/Scripts/Services/Infrastructure/ResearchProjectCatalogAdapter.cs; Assets/Scripts/Services/Infrastructure/ResearchRewardCatalogAdapter.cs; Assets/Scripts/Services/Run/FirstRunObjectiveRuntime.cs,Assets/Scripts/Services/Infrastructure/BlueprintResearchContracts.cs; Assets/Scripts/Services/Infrastructure/BlueprintResearchRuntime.cs; Assets/Scripts/Services/Infrastructure/BlueprintResearchSaveSection.cs; Assets/Scripts/Services/Infrastructure/ResearchCraftingSummaryService.cs; Assets/Scripts/Services/Run/FirstRunObjectiveRuntime.cs; Assets/Scripts/Services/Run/V20MilestoneWorldSnapshotProjector.cs; Assets/Scripts/Views/UI/ResearchTreeWindow.cs,3,ResearchProjectSO,진행 역할은 '공포를 낮추고 반복 돌봄으로 가축화한다'이다. 선행 2개와 해금 1개를 연구 그래프에 연결한다.,연구 분야 9의 선행·해금 그래프에서 진행 경계를 만든다.,requiredWork=42,research-field:9,"비교 후보(대체 가능성 미검증): ResearchProjectSO:research:husbandry:breeding, ResearchProjectSO:research:husbandry:capture, ResearchProjectSO:research:husbandry:feed, ResearchProjectSO:research:husbandry:seasonal-breeding, ResearchProjectSO:research:husbandry:selective, ResearchProjectSO:research:husbandry:stable",직접 참조 3건에 영향: ResearchProjectSO:research:husbandry:breeding,research-topology-and-unlocks; niche=field+prerequisites+unlocks; cost=requiredWork,Assets/Resources/SO/Research/Projects/husbandry_taming.asset,c9c568a7e5b1f1a41b9662a14070c655,"{""fileID"":0}",0,ResearchBlueprintRule,None,explicit-serialized,공포를 낮추고 반복 돌봄으로 가축화한다.,길들이기,[],0,"[{""capability"":0,""requiredCount"":1},{""capability"":3,""requiredCount"":1}]",2,9,ResearchField,Husbandry,explicit-serialized,"{""fileID"":0}",7094,0,ResearchPrerequisiteKind,Theory,implicit-csharp-default,husbandry_taming,1,"[{""kind"":2,""prerequisite"":{""fileID"":11400000,""guid"":""4054a9baf1399df40b066cc53cd96b8c"",""type"":2},""prerequisiteId"":""research:husbandry:feed"",""reason"":""사료·깔짚의 공학 원리이(가) 길들이기 구현에 직접 필요하다.""}]",1,"[{""fileID"":11400000,""guid"":""4054a9baf1399df40b066cc53cd96b8c"",""type"":2}]",1,research:husbandry:taming,42,"{""items"":[{""rid"":7737212199327498561}]}"
research-effects,ResearchProjectSO,ResearchProjectSO|research:industry:assisted-processing,research:industry:assisted-processing,동력 보조 가공,기존 생산 시설에 전동 모듈을 부착해 작업 속도를 높인다.,분야 15; 작업 328; 선행 2; 해금 14; 시설 요구 3; 효과 0,prerequisite:research:industry:powered-tools; prerequisite:research:industry:powered-tools; prerequisite:research:industry:powered-tools; unlocks-building:building:1609; unlocks-building:building:8821; unlocks-building:building:9313; unlocks-building:building:9314; unlocks-recipe:recipe:v22:spin-powered:cave-silk; unlocks-recipe:recipe:v22:spin-powered:common-wool; unlocks-recipe:recipe:v22:spin-powered:deep-goat-wool; unlocks-recipe:recipe:v22:spin-powered:dreamweave; unlocks-recipe:recipe:v22:spin-powered:ember-cotton; unlocks-recipe:recipe:v22:spin-powered:frost-linen; unlocks-recipe:recipe:v22:spin-powered:frost-wool; unlocks-recipe:recipe:v22:spin-powered:mire-canvas; unlocks-recipe:recipe:v22:spin-powered:shade-cloth; unlocks-recipe:recipe:v22:spin-powered:spore-hemp,진행 역할은 '기존 생산 시설에 전동 모듈을 부착해 작업 속도를 높인다'이다. 선행 2개와 해금 14개를 연구 그래프에 연결한다.,research-topology-and-unlocks,근거 확인,,active-authored,Assets/Resources/SO/Content/GameDomainContentCatalog.asset; Assets/Resources/SO/GameContentCatalog.asset,catalog-registered-static-consumer,Assets/Scripts/Services/Effects/Runtime/CharacterDerivedStatsSnapshot.cs; Assets/Scripts/Services/Infrastructure/BlueprintResearchContracts.cs; Assets/Scripts/Services/Infrastructure/BlueprintResearchProjectCoordinator.cs; Assets/Scripts/Services/Infrastructure/BlueprintResearchRuntime.cs; Assets/Scripts/Services/Infrastructure/BlueprintResearchRuntimeProvider.cs; Assets/Scripts/Services/Infrastructure/BlueprintResearchSaveSection.cs; Assets/Scripts/Services/Infrastructure/ResearchCraftingSummaryService.cs; Assets/Scripts/Services/Infrastructure/ResearchFacilityCapacityAdapter.cs; Assets/Scripts/Services/Infrastructure/ResearchGraphLayoutService.cs; Assets/Scripts/Services/Infrastructure/ResearchProjectCatalogAdapter.cs; Assets/Scripts/Services/Infrastructure/ResearchRewardCatalogAdapter.cs; Assets/Scripts/Services/Run/FirstRunObjectiveRuntime.cs,Assets/Scripts/Services/Infrastructure/BlueprintResearchContracts.cs; Assets/Scripts/Services/Infrastructure/BlueprintResearchRuntime.cs; Assets/Scripts/Services/Infrastructure/BlueprintResearchSaveSection.cs; Assets/Scripts/Services/Infrastructure/ResearchCraftingSummaryService.cs; Assets/Scripts/Services/Run/FirstRunObjectiveRuntime.cs; Assets/Scripts/Services/Run/V20MilestoneWorldSnapshotProjector.cs; Assets/Scripts/Views/UI/ResearchTreeWindow.cs,14,ProductionRecipeSO; ResearchProjectSO,진행 역할은 '기존 생산 시설에 전동 모듈을 부착해 작업 속도를 높인다'이다. 선행 2개와 해금 14개를 연구 그래프에 연결한다.,연구 분야 15의 선행·해금 그래프에서 진행 경계를 만든다.,requiredWork=328,research-field:15,"비교 후보(대체 가능성 미검증): ResearchProjectSO:research:climate:environment-control, ResearchProjectSO:research:equipment:black-powder, ResearchProjectSO:research:equipment:ignition-mechanisms, ResearchProjectSO:research:equipment:industrial-metrology, ResearchProjectSO:research:equipment:material-testing, ResearchProjectSO:research:equipment:modular-frames, ResearchProjectSO:research:equipment:powered-armor, ResearchProjectSO:research:equipment:precision-fitting, ResearchProjectSO:research:equipment:pressure-barrels, ResearchProjectSO:research:equipment:prototype-engineering, ResearchProjectSO:research:equipment:rune-module-tuning, ResearchProjectSO:research:equipment:standard-ammunition 외 18개","직접 참조 14건에 영향: ProductionRecipeSO:recipe:component:machine-parts, ProductionRecipeSO:recipe:v22:spin-powered:cave-silk, ProductionRecipeSO:recipe:v22:spin-powered:common-wool, ProductionRecipeSO:recipe:v22:spin-powered:deep-goat-wool, ProductionRecipeSO:recipe:v22:spin-powered:dreamweave, ProductionRecipeSO:recipe:v22:spin-powered:ember-cotton, ProductionRecipeSO:recipe:v22:spin-powered:frost-linen, ProductionRecipeSO:recipe:v22:spin-powered:frost-wool, ProductionRecipeSO:recipe:v22:spin-powered:mire-canvas, ProductionRecipeSO:recipe:v22:spin-powered:shade-cloth 외",research-topology-and-unlocks; niche=field+prerequisites+unlocks; cost=requiredWork,Assets/Resources/SO/Research/Projects/industry_assisted_processing.asset,c34ef262e09f44d4e84bf04c8ca5153f,"{""fileID"":0}",0,ResearchBlueprintRule,None,explicit-serialized,기존 생산 시설에 전동 모듈을 부착해 작업 속도를 높인다.,동력 보조 가공,[],0,"[{""capability"":0,""requiredCount"":2},{""capability"":3,""requiredCount"":1},{""capability"":6,""requiredCount"":1}]",3,15,ResearchField,Industry And Automation,explicit-serialized,"{""fileID"":0}",7172,0,ResearchPrerequisiteKind,Theory,implicit-csharp-default,industry_assisted_processing,1,"[{""kind"":2,""prerequisite"":{""fileID"":11400000,""guid"":""267e6f558200e604ba61f34e665242b2"",""type"":2},""prerequisiteId"":""research:industry:powered-tools"",""reason"":""공장 공학의 공학 원리이(가) 동력 보조 가공 구현에 직접 필요하다.""}]",1,"[{""fileID"":11400000,""guid"":""267e6f558200e604ba61f34e665242b2"",""type"":2}]",1,research:industry:assisted-processing,328,"{""items"":[{""rid"":7737212199327498562},{""rid"":7737212199327498563},{""rid"":7737212199327498564},{""rid"":7737212199327498565},{""rid"":7737212199327498566},{""rid"":7737212199327498567},{""rid"":7737212199327498568},{""rid"":7737212199327498569},{""rid"":7737212199327498570},{""rid"":7737212199327498571},{""rid"":7737212199327498572},{""rid"":7737212199327498573},{""rid"":7737212199327498574},{""rid"":1000}]}"
research-effects,ResearchProjectSO,ResearchProjectSO|research:industry:automatic-bills,research:industry:automatic-bills,자동 주문과 재고 감지,"자동 주문과 재고 감지에 필요한 이론, 제작 절차, 안전 기준과 운용 보상을 하나의 완결된 연구 패키지로 통합한다.",분야 15; 작업 873; 선행 4; 해금 1; 시설 요구 3; 효과 0,prerequisite:research:industry:assisted-processing; prerequisite:research:industry:assisted-processing; prerequisite:research:industry:assisted-processing; prerequisite:research:industry:conveyor; prerequisite:research:industry:conveyor; prerequisite:research:industry:conveyor; unlocks-building:building:9860,"진행 역할은 '자동 주문과 재고 감지에 필요한 이론, 제작 절차, 안전 기준과 운용 보상을 하나의 완결된 연구 패키지로 통합한다'이다. 선행 4개와 해금 1개를 연구 그래프에 연결한다.",research-topology-and-unlocks,근거 확인,,active-authored,Assets/Resources/SO/Content/GameDomainContentCatalog.asset; Assets/Resources/SO/GameContentCatalog.asset,catalog-registered-static-consumer,Assets/Scripts/Services/Effects/Runtime/CharacterDerivedStatsSnapshot.cs; Assets/Scripts/Services/Infrastructure/BlueprintResearchContracts.cs; Assets/Scripts/Services/Infrastructure/BlueprintResearchProjectCoordinator.cs; Assets/Scripts/Services/Infrastructure/BlueprintResearchRuntime.cs; Assets/Scripts/Services/Infrastructure/BlueprintResearchRuntimeProvider.cs; Assets/Scripts/Services/Infrastructure/BlueprintResearchSaveSection.cs; Assets/Scripts/Services/Infrastructure/ResearchCraftingSummaryService.cs; Assets/Scripts/Services/Infrastructure/ResearchFacilityCapacityAdapter.cs; Assets/Scripts/Services/Infrastructure/ResearchGraphLayoutService.cs; Assets/Scripts/Services/Infrastructure/ResearchProjectCatalogAdapter.cs; Assets/Scripts/Services/Infrastructure/ResearchRewardCatalogAdapter.cs; Assets/Scripts/Services/Run/FirstRunObjectiveRuntime.cs,Assets/Scripts/Services/Infrastructure/BlueprintResearchContracts.cs; Assets/Scripts/Services/Infrastructure/BlueprintResearchRuntime.cs; Assets/Scripts/Services/Infrastructure/BlueprintResearchSaveSection.cs; Assets/Scripts/Services/Infrastructure/ResearchCraftingSummaryService.cs; Assets/Scripts/Services/Run/FirstRunObjectiveRuntime.cs; Assets/Scripts/Services/Run/V20MilestoneWorldSnapshotProjector.cs; Assets/Scripts/Views/UI/ResearchTreeWindow.cs,7,ProductionRecipeSO; ResearchProjectSO,"진행 역할은 '자동 주문과 재고 감지에 필요한 이론, 제작 절차, 안전 기준과 운용 보상을 하나의 완결된 연구 패키지로 통합한다'이다. 선행 4개와 해금 1개를 연구 그래프에 연결한다.",연구 분야 15의 선행·해금 그래프에서 진행 경계를 만든다.,requiredWork=873,research-field:15,"비교 후보(대체 가능성 미검증): ResearchProjectSO:research:climate:environment-control, ResearchProjectSO:research:equipment:black-powder, ResearchProjectSO:research:equipment:ignition-mechanisms, ResearchProjectSO:research:equipment:industrial-metrology, ResearchProjectSO:research:equipment:material-testing, ResearchProjectSO:research:equipment:modular-frames, ResearchProjectSO:research:equipment:powered-armor, ResearchProjectSO:research:equipment:precision-fitting, ResearchProjectSO:research:equipment:pressure-barrels, ResearchProjectSO:research:equipment:prototype-engineering, ResearchProjectSO:research:equipment:rune-module-tuning, ResearchProjectSO:research:equipment:standard-ammunition 외 18개","직접 참조 7건에 영향: ProductionRecipeSO:recipe:component:stock-sensor-panel, ResearchProjectSO:research:industry:breakers, ResearchProjectSO:research:industry:line-balancing",research-topology-and-unlocks; niche=field+prerequisites+unlocks; cost=requiredWork,Assets/Resources/SO/Research/Projects/industry_automatic_bills.asset,745852d5424766d4da7f0a89af942c14,"{""fileID"":0}",0,ResearchBlueprintRule,None,explicit-serialized,"자동 주문과 재고 감지에 필요한 이론, 제작 절차, 안전 기준과 운용 보상을 하나의 완결된 연구 패키지로 통합한다.",자동 주문과 재고 감지,[],0,"[{""capability"":0,""requiredCount"":2},{""capability"":3,""requiredCount"":1},{""capability"":6,""requiredCount"":1}]",3,15,ResearchField,Industry And Automation,explicit-serialized,"{""fileID"":0}",7173,0,ResearchPrerequisiteKind,Theory,implicit-csharp-default,industry_automatic_bills,1,"[{""kind"":2,""prerequisite"":{""fileID"":11400000,""guid"":""c34ef262e09f44d4e84bf04c8ca5153f"",""type"":2},""prerequisiteId"":""research:industry:assisted-processing"",""reason"":""동력 보조 가공의 공학 원리이(가) 자동 주문과 재고 감지 구현에 직접 필요하다.""},{""kind"":2,""prerequisite"":{""fileID"":11400000,""guid"":""d4a6af96d6d3a894ea7d05a008cfa007"",""type"":2},""prerequisiteId"":""research:industry:conveyor"",""reason"":""컨베이어와 물류 포트의 공학 원리이(가) 자동 주문과 재고 감지 구현에 직접 필요하다.""}]",2,"[{""fileID"":11400000,""guid"":""c34ef262e09f44d4e84bf04c8ca5153f"",""type"":2},{""fileID"":11400000,""guid"":""d4a6af96d6d3a894ea7d05a008cfa007"",""type"":2}]",2,research:industry:automatic-bills,873,"{""items"":[{""rid"":7737212199327498575}]}"
research-effects,ResearchProjectSO,ResearchProjectSO|research:industry:automatic-sanitation,research:industry:automatic-sanitation,자동 위생과 산업 안전,"자동 위생과 산업 안전에 필요한 이론, 제작 절차, 안전 기준과 운용 보상을 하나의 완결된 연구 패키지로 통합한다.",분야 15; 작업 873; 선행 4; 해금 3; 시설 요구 3; 효과 0,prerequisite:research:industry:breakers; prerequisite:research:industry:breakers; prerequisite:research:industry:breakers; prerequisite:research:plumbing:sewer; prerequisite:research:plumbing:sewer; prerequisite:research:plumbing:sewer; unlocks-building:building:8822; unlocks-building:building:9305; unlocks-building:building:9804,"진행 역할은 '자동 위생과 산업 안전에 필요한 이론, 제작 절차, 안전 기준과 운용 보상을 하나의 완결된 연구 패키지로 통합한다'이다. 선행 4개와 해금 3개를 연구 그래프에 연결한다.",research-topology-and-unlocks,근거 확인,,active-authored,Assets/Resources/SO/Content/GameDomainContentCatalog.asset; Assets/Resources/SO/GameContentCatalog.asset,catalog-registered-static-consumer,Assets/Scripts/Services/Effects/Runtime/CharacterDerivedStatsSnapshot.cs; Assets/Scripts/Services/Infrastructure/BlueprintResearchContracts.cs; Assets/Scripts/Services/Infrastructure/BlueprintResearchProjectCoordinator.cs; Assets/Scripts/Services/Infrastructure/BlueprintResearchRuntime.cs; Assets/Scripts/Services/Infrastructure/BlueprintResearchRuntimeProvider.cs; Assets/Scripts/Services/Infrastructure/BlueprintResearchSaveSection.cs; Assets/Scripts/Services/Infrastructure/ResearchCraftingSummaryService.cs; Assets/Scripts/Services/Infrastructure/ResearchFacilityCapacityAdapter.cs; Assets/Scripts/Services/Infrastructure/ResearchGraphLayoutService.cs; Assets/Scripts/Services/Infrastructure/ResearchProjectCatalogAdapter.cs; Assets/Scripts/Services/Infrastructure/ResearchRewardCatalogAdapter.cs; Assets/Scripts/Services/Run/FirstRunObjectiveRuntime.cs,Assets/Scripts/Services/Infrastructure/BlueprintResearchContracts.cs; Assets/Scripts/Services/Infrastructure/BlueprintResearchRuntime.cs; Assets/Scripts/Services/Infrastructure/BlueprintResearchSaveSection.cs; Assets/Scripts/Services/Infrastructure/ResearchCraftingSummaryService.cs; Assets/Scripts/Services/Run/FirstRunObjectiveRuntime.cs; Assets/Scripts/Services/Run/V20MilestoneWorldSnapshotProjector.cs; Assets/Scripts/Views/UI/ResearchTreeWindow.cs,3,ResearchProjectSO,"진행 역할은 '자동 위생과 산업 안전에 필요한 이론, 제작 절차, 안전 기준과 운용 보상을 하나의 완결된 연구 패키지로 통합한다'이다. 선행 4개와 해금 3개를 연구 그래프에 연결한다.",연구 분야 15의 선행·해금 그래프에서 진행 경계를 만든다.,requiredWork=873,research-field:15,"비교 후보(대체 가능성 미검증): ResearchProjectSO:research:climate:environment-control, ResearchProjectSO:research:equipment:black-powder, ResearchProjectSO:research:equipment:ignition-mechanisms, ResearchProjectSO:research:equipment:industrial-metrology, ResearchProjectSO:research:equipment:material-testing, ResearchProjectSO:research:equipment:modular-frames, ResearchProjectSO:research:equipment:powered-armor, ResearchProjectSO:research:equipment:precision-fitting, ResearchProjectSO:research:equipment:pressure-barrels, ResearchProjectSO:research:equipment:prototype-engineering, ResearchProjectSO:research:equipment:rune-module-tuning, ResearchProjectSO:research:equipment:standard-ammunition 외 18개",직접 참조 3건에 영향: ResearchProjectSO:research:health:vaccination,research-topology-and-unlocks; niche=field+prerequisites+unlocks; cost=requiredWork,Assets/Resources/SO/Research/Projects/industry_automatic_sanitation.asset,805c1c90b4001074a9d12d6316d92fa1,"{""fileID"":0}",0,ResearchBlueprintRule,None,explicit-serialized,"자동 위생과 산업 안전에 필요한 이론, 제작 절차, 안전 기준과 운용 보상을 하나의 완결된 연구 패키지로 통합한다.",자동 위생과 산업 안전,[],0,"[{""capability"":0,""requiredCount"":2},{""capability"":3,""requiredCount"":1},{""capability"":6,""requiredCount"":1}]",3,15,ResearchField,Industry And Automation,explicit-serialized,"{""fileID"":0}",7177,0,ResearchPrerequisiteKind,Theory,implicit-csharp-default,industry_automatic_sanitation,1,"[{""kind"":2,""prerequisite"":{""fileID"":11400000,""guid"":""1bbb2845e79f6b649a3c80a133ede933"",""type"":2},""prerequisiteId"":""research:industry:breakers"",""reason"":""차단기와 산업 정비의 공학 원리이(가) 자동 위생과 산업 안전 구현에 직접 필요하다.""},{""kind"":2,""prerequisite"":{""fileID"":11400000,""guid"":""e8304218a91814b44bbdc6fb4d4705b2"",""type"":2},""prerequisiteId"":""research:plumbing:sewer"",""reason"":""하수 처리와 수세 위생의 공학 원리이(가) 자동 위생과 산업 안전 구현에 직접 필요하다.""}]",2,"[{""fileID"":11400000,""guid"":""1bbb2845e79f6b649a3c80a133ede933"",""type"":2},{""fileID"":11400000,""guid"":""e8304218a91814b44bbdc6fb4d4705b2"",""type"":2}]",2,research:industry:automatic-sanitation,873,"{""items"":[{""rid"":7737212199327498576},{""rid"":7737212199327498577},{""rid"":7737212199327498578}]}"
research-effects,ResearchProjectSO,ResearchProjectSO|research:industry:breakers,research:industry:breakers,차단기와 산업 정비,"차단기와 산업 정비에 필요한 이론, 제작 절차, 안전 기준과 운용 보상을 하나의 완결된 연구 패키지로 통합한다.",분야 15; 작업 582; 선행 2; 해금 2; 시설 요구 3; 효과 0,prerequisite:research:industry:automatic-bills; prerequisite:research:industry:automatic-bills; prerequisite:research:industry:automatic-bills; unlocks-building:building:8830; unlocks-building:building:9814,"진행 역할은 '차단기와 산업 정비에 필요한 이론, 제작 절차, 안전 기준과 운용 보상을 하나의 완결된 연구 패키지로 통합한다'이다. 선행 2개와 해금 2개를 연구 그래프에 연결한다.",research-topology-and-unlocks,근거 확인,,active-authored,Assets/Resources/SO/Content/GameDomainContentCatalog.asset; Assets/Resources/SO/GameContentCatalog.asset,catalog-registered-static-consumer,Assets/Scripts/Services/Effects/Runtime/CharacterDerivedStatsSnapshot.cs; Assets/Scripts/Services/Infrastructure/BlueprintResearchContracts.cs; Assets/Scripts/Services/Infrastructure/BlueprintResearchProjectCoordinator.cs; Assets/Scripts/Services/Infrastructure/BlueprintResearchRuntime.cs; Assets/Scripts/Services/Infrastructure/BlueprintResearchRuntimeProvider.cs; Assets/Scripts/Services/Infrastructure/BlueprintResearchSaveSection.cs; Assets/Scripts/Services/Infrastructure/ResearchCraftingSummaryService.cs; Assets/Scripts/Services/Infrastructure/ResearchFacilityCapacityAdapter.cs; Assets/Scripts/Services/Infrastructure/ResearchGraphLayoutService.cs; Assets/Scripts/Services/Infrastructure/ResearchProjectCatalogAdapter.cs; Assets/Scripts/Services/Infrastructure/ResearchRewardCatalogAdapter.cs; Assets/Scripts/Services/Run/FirstRunObjectiveRuntime.cs,Assets/Scripts/Services/Infrastructure/BlueprintResearchContracts.cs; Assets/Scripts/Services/Infrastructure/BlueprintResearchRuntime.cs; Assets/Scripts/Services/Infrastructure/BlueprintResearchSaveSection.cs; Assets/Scripts/Services/Infrastructure/ResearchCraftingSummaryService.cs; Assets/Scripts/Services/Run/FirstRunObjectiveRuntime.cs; Assets/Scripts/Services/Run/V20MilestoneWorldSnapshotProjector.cs; Assets/Scripts/Views/UI/ResearchTreeWindow.cs,10,ProductionRecipeSO; ResearchProjectSO,"진행 역할은 '차단기와 산업 정비에 필요한 이론, 제작 절차, 안전 기준과 운용 보상을 하나의 완결된 연구 패키지로 통합한다'이다. 선행 2개와 해금 2개를 연구 그래프에 연결한다.",연구 분야 15의 선행·해금 그래프에서 진행 경계를 만든다.,requiredWork=582,research-field:15,"비교 후보(대체 가능성 미검증): ResearchProjectSO:research:climate:environment-control, ResearchProjectSO:research:equipment:black-powder, ResearchProjectSO:research:equipment:ignition-mechanisms, ResearchProjectSO:research:equipment:industrial-metrology, ResearchProjectSO:research:equipment:material-testing, ResearchProjectSO:research:equipment:modular-frames, ResearchProjectSO:research:equipment:powered-armor, ResearchProjectSO:research:equipment:precision-fitting, ResearchProjectSO:research:equipment:pressure-barrels, ResearchProjectSO:research:equipment:prototype-engineering, ResearchProjectSO:research:equipment:rune-module-tuning, ResearchProjectSO:research:equipment:standard-ammunition 외 18개","직접 참조 10건에 영향: ProductionRecipeSO:recipe:tool:maintenance-kit, ResearchProjectSO:research:industry:automatic-sanitation, ResearchProjectSO:research:industry:precision, ResearchProjectSO:research:industry:storage",research-topology-and-unlocks; niche=field+prerequisites+unlocks; cost=requiredWork,Assets/Resources/SO/Research/Projects/industry_breakers.asset,1bbb2845e79f6b649a3c80a133ede933,"{""fileID"":0}",0,ResearchBlueprintRule,None,explicit-serialized,"차단기와 산업 정비에 필요한 이론, 제작 절차, 안전 기준과 운용 보상을 하나의 완결된 연구 패키지로 통합한다.",차단기와 산업 정비,[],0,"[{""capability"":0,""requiredCount"":2},{""capability"":3,""requiredCount"":1},{""capability"":6,""requiredCount"":1}]",3,15,ResearchField,Industry And Automation,explicit-serialized,"{""fileID"":0}",7153,0,ResearchPrerequisiteKind,Theory,implicit-csharp-default,industry_breakers,1,"[{""kind"":2,""prerequisite"":{""fileID"":11400000,""guid"":""745852d5424766d4da7f0a89af942c14"",""type"":2},""prerequisiteId"":""research:industry:automatic-bills"",""reason"":""자동 주문과 재고 감지의 공학 원리이(가) 차단기와 산업 정비 구현에 직접 필요하다.""}]",1,"[{""fileID"":11400000,""guid"":""745852d5424766d4da7f0a89af942c14"",""type"":2}]",1,research:industry:breakers,582,"{""items"":[{""rid"":7737212199327498579},{""rid"":7737212199327498580}]}"
research-effects,ResearchProjectSO,ResearchProjectSO|research:industry:conveyor,research:industry:conveyor,컨베이어와 물류 포트,"컨베이어와 물류 포트에 필요한 이론, 제작 절차, 안전 기준과 운용 보상을 하나의 완결된 연구 패키지로 통합한다.",분야 15; 작업 582; 선행 4; 해금 6; 시설 요구 3; 효과 0,prerequisite:research:commerce:logistics; prerequisite:research:commerce:logistics; prerequisite:research:commerce:logistics; prerequisite:research:industry:steam-power; prerequisite:research:industry:steam-power; prerequisite:research:industry:steam-power; unlocks-building:building:9840; unlocks-building:building:9841; unlocks-building:building:9842; unlocks-building:building:9843; unlocks-building:building:9844; unlocks-building:building:9845,"진행 역할은 '컨베이어와 물류 포트에 필요한 이론, 제작 절차, 안전 기준과 운용 보상을 하나의 완결된 연구 패키지로 통합한다'이다. 선행 4개와 해금 6개를 연구 그래프에 연결한다.",research-topology-and-unlocks,근거 확인,,active-authored,Assets/Resources/SO/Content/GameDomainContentCatalog.asset; Assets/Resources/SO/GameContentCatalog.asset,catalog-registered-static-consumer,Assets/Scripts/Services/Effects/Runtime/CharacterDerivedStatsSnapshot.cs; Assets/Scripts/Services/Infrastructure/BlueprintResearchContracts.cs; Assets/Scripts/Services/Infrastructure/BlueprintResearchProjectCoordinator.cs; Assets/Scripts/Services/Infrastructure/BlueprintResearchRuntime.cs; Assets/Scripts/Services/Infrastructure/BlueprintResearchRuntimeProvider.cs; Assets/Scripts/Services/Infrastructure/BlueprintResearchSaveSection.cs; Assets/Scripts/Services/Infrastructure/ResearchCraftingSummaryService.cs; Assets/Scripts/Services/Infrastructure/ResearchFacilityCapacityAdapter.cs; Assets/Scripts/Services/Infrastructure/ResearchGraphLayoutService.cs; Assets/Scripts/Services/Infrastructure/ResearchProjectCatalogAdapter.cs; Assets/Scripts/Services/Infrastructure/ResearchRewardCatalogAdapter.cs; Assets/Scripts/Services/Run/FirstRunObjectiveRuntime.cs,Assets/Scripts/Services/Infrastructure/BlueprintResearchContracts.cs; Assets/Scripts/Services/Infrastructure/BlueprintResearchRuntime.cs; Assets/Scripts/Services/Infrastructure/BlueprintResearchSaveSection.cs; Assets/Scripts/Services/Infrastructure/ResearchCraftingSummaryService.cs; Assets/Scripts/Services/Run/FirstRunObjectiveRuntime.cs; Assets/Scripts/Services/Run/V20MilestoneWorldSnapshotProjector.cs; Assets/Scripts/Views/UI/ResearchTreeWindow.cs,6,ResearchProjectSO,"진행 역할은 '컨베이어와 물류 포트에 필요한 이론, 제작 절차, 안전 기준과 운용 보상을 하나의 완결된 연구 패키지로 통합한다'이다. 선행 4개와 해금 6개를 연구 그래프에 연결한다.",연구 분야 15의 선행·해금 그래프에서 진행 경계를 만든다.,requiredWork=582,research-field:15,"비교 후보(대체 가능성 미검증): ResearchProjectSO:research:climate:environment-control, ResearchProjectSO:research:equipment:black-powder, ResearchProjectSO:research:equipment:ignition-mechanisms, ResearchProjectSO:research:equipment:industrial-metrology, ResearchProjectSO:research:equipment:material-testing, ResearchProjectSO:research:equipment:modular-frames, ResearchProjectSO:research:equipment:powered-armor, ResearchProjectSO:research:equipment:precision-fitting, ResearchProjectSO:research:equipment:pressure-barrels, ResearchProjectSO:research:equipment:prototype-engineering, ResearchProjectSO:research:equipment:rune-module-tuning, ResearchProjectSO:research:equipment:standard-ammunition 외 18개","직접 참조 6건에 영향: ResearchProjectSO:research:industry:automatic-bills, ResearchProjectSO:research:industry:junctions",research-topology-and-unlocks; niche=field+prerequisites+unlocks; cost=requiredWork,Assets/Resources/SO/Research/Projects/industry_conveyor.asset,d4a6af96d6d3a894ea7d05a008cfa007,"{""fileID"":0}",0,ResearchBlueprintRule,None,explicit-serialized,"컨베이어와 물류 포트에 필요한 이론, 제작 절차, 안전 기준과 운용 보상을 하나의 완결된 연구 패키지로 통합한다.",컨베이어와 물류 포트,[],0,"[{""capability"":0,""requiredCount"":2},{""capability"":3,""requiredCount"":1},{""capability"":6,""requiredCount"":1}]",3,15,ResearchField,Industry And Automation,explicit-serialized,"{""fileID"":0}",7161,0,ResearchPrerequisiteKind,Theory,implicit-csharp-default,industry_conveyor,1,"[{""kind"":4,""prerequisite"":{""fileID"":11400000,""guid"":""b3b38e91925a91943b4303ee3edc9533"",""type"":2},""prerequisiteId"":""research:commerce:logistics"",""reason"":""창고 구획의 운용 절차이(가) 컨베이어와 물류 포트 구현에 직접 필요하다.""},{""kind"":2,""prerequisite"":{""fileID"":11400000,""guid"":""4ee2df589417d314295a42c252406053"",""type"":2},""prerequisiteId"":""research:industry:steam-power"",""reason"":""증기 동력과 배전의 공학 원리이(가) 컨베이어와 물류 포트 구현에 직접 필요하다.""}]",2,"[{""fileID"":11400000,""guid"":""b3b38e91925a91943b4303ee3edc9533"",""type"":2},{""fileID"":11400000,""guid"":""4ee2df589417d314295a42c252406053"",""type"":2}]",2,research:industry:conveyor,582,"{""items"":[{""rid"":7737212199327498581},{""rid"":7737212199327498582},{""rid"":7737212199327498583},{""rid"":7737212199327498584},{""rid"":7737212199327498585},{""rid"":7737212199327498586}]}"
research-effects,ResearchProjectSO,ResearchProjectSO|research:industry:dark-foundry,research:industry:dark-foundry,심연 공장,흑강과 마나를 대가로 고밀도 자동 생산을 운용한다.,분야 15; 작업 546; 선행 4; 해금 1; 시설 요구 3; 효과 0,prerequisite:research:industry:rune-automation; prerequisite:research:industry:rune-automation; prerequisite:research:industry:rune-automation; prerequisite:research:medical:aberrant-augmentation; prerequisite:research:medical:aberrant-augmentation; prerequisite:research:medical:aberrant-augmentation; unlocks-building:building:8901,진행 역할은 '흑강과 마나를 대가로 고밀도 자동 생산을 운용한다'이다. 선행 4개와 해금 1개를 연구 그래프에 연결한다.,research-topology-and-unlocks,근거 확인,,active-authored,Assets/Resources/SO/Content/GameDomainContentCatalog.asset; Assets/Resources/SO/GameContentCatalog.asset,catalog-registered-static-consumer,Assets/Scripts/Services/Effects/Runtime/CharacterDerivedStatsSnapshot.cs; Assets/Scripts/Services/Infrastructure/BlueprintResearchContracts.cs; Assets/Scripts/Services/Infrastructure/BlueprintResearchProjectCoordinator.cs; Assets/Scripts/Services/Infrastructure/BlueprintResearchRuntime.cs; Assets/Scripts/Services/Infrastructure/BlueprintResearchRuntimeProvider.cs; Assets/Scripts/Services/Infrastructure/BlueprintResearchSaveSection.cs; Assets/Scripts/Services/Infrastructure/ResearchCraftingSummaryService.cs; Assets/Scripts/Services/Infrastructure/ResearchFacilityCapacityAdapter.cs; Assets/Scripts/Services/Infrastructure/ResearchGraphLayoutService.cs; Assets/Scripts/Services/Infrastructure/ResearchProjectCatalogAdapter.cs; Assets/Scripts/Services/Infrastructure/ResearchRewardCatalogAdapter.cs; Assets/Scripts/Services/Run/FirstRunObjectiveRuntime.cs,Assets/Scripts/Services/Infrastructure/BlueprintResearchContracts.cs; Assets/Scripts/Services/Infrastructure/BlueprintResearchRuntime.cs; Assets/Scripts/Services/Infrastructure/BlueprintResearchSaveSection.cs; Assets/Scripts/Services/Infrastructure/ResearchCraftingSummaryService.cs; Assets/Scripts/Services/Run/FirstRunObjectiveRuntime.cs; Assets/Scripts/Services/Run/V20MilestoneWorldSnapshotProjector.cs; Assets/Scripts/Views/UI/ResearchTreeWindow.cs,4,CombatArmorSO; CombatShieldSO; CombatWeaponSO; ProductionRecipeSO,진행 역할은 '흑강과 마나를 대가로 고밀도 자동 생산을 운용한다'이다. 선행 4개와 해금 1개를 연구 그래프에 연결한다.,연구 분야 15의 선행·해금 그래프에서 진행 경계를 만든다.,requiredWork=546,research-field:15,"비교 후보(대체 가능성 미검증): ResearchProjectSO:research:climate:environment-control, ResearchProjectSO:research:equipment:black-powder, ResearchProjectSO:research:equipment:ignition-mechanisms, ResearchProjectSO:research:equipment:industrial-metrology, ResearchProjectSO:research:equipment:material-testing, ResearchProjectSO:research:equipment:modular-frames, ResearchProjectSO:research:equipment:powered-armor, ResearchProjectSO:research:equipment:precision-fitting, ResearchProjectSO:research:equipment:pressure-barrels, ResearchProjectSO:research:equipment:prototype-engineering, ResearchProjectSO:research:equipment:rune-module-tuning, ResearchProjectSO:research:equipment:standard-ammunition 외 18개","직접 참조 4건에 영향: CombatArmorSO:equipment-item:armor:blacksteel-carapace, CombatShieldSO:equipment-item:shield:blacksteel, CombatWeaponSO:equipment-item:weapon:blacksteel-poleaxe, ProductionRecipeSO:recipe:ammo:blacksteel-bolt",research-topology-and-unlocks; niche=field+prerequisites+unlocks; cost=requiredWork,Assets/Resources/SO/Research/Projects/industry_dark_foundry.asset,24153518ee9fc3048b20565518cfaa49,"{""fileID"":0}",0,ResearchBlueprintRule,None,explicit-serialized,흑강과 마나를 대가로 고밀도 자동 생산을 운용한다.,심연 공장,[],0,"[{""capability"":0,""requiredCount"":2},{""capability"":3,""requiredCount"":1},{""capability"":6,""requiredCount"":1}]",3,15,ResearchField,Industry And Automation,explicit-serialized,"{""fileID"":0}",7188,0,ResearchPrerequisiteKind,Theory,implicit-csharp-default,industry_dark_foundry,1,"[{""kind"":2,""prerequisite"":{""fileID"":11400000,""guid"":""25b7413b5535250488c0cabfad56ae8b"",""type"":2},""prerequisiteId"":""research:industry:rune-automation"",""reason"":""룬 자동화의 공학 원리이(가) 심연 공장 구현에 직접 필요하다.""},{""kind"":2,""prerequisite"":{""fileID"":11400000,""guid"":""35b0271bac2979541bcef9f4a1014dc3"",""type"":2},""prerequisiteId"":""research:medical:aberrant-augmentation"",""reason"":""이형 개조의 공학 원리이(가) 심연 공장 구현에 직접 필요하다.""}]",2,"[{""fileID"":11400000,""guid"":""25b7413b5535250488c0cabfad56ae8b"",""type"":2},{""fileID"":11400000,""guid"":""35b0271bac2979541bcef9f4a1014dc3"",""type"":2}]",2,research:industry:dark-foundry,546,"{""items"":[{""rid"":7737212199327498587}]}"
research-effects,ResearchProjectSO,ResearchProjectSO|research:industry:electric-lighting,research:industry:electric-lighting,산업 조명,작업 구역의 명중·속도·안전 저하를 전기 조명으로 완화한다.,분야 15; 작업 328; 선행 4; 해금 1; 시설 요구 3; 효과 0,prerequisite:research:defense:watch; prerequisite:research:defense:watch; prerequisite:research:defense:watch; prerequisite:research:industry:steam-power; prerequisite:research:industry:steam-power; prerequisite:research:industry:steam-power; unlocks-building:building:9824,진행 역할은 '작업 구역의 명중·속도·안전 저하를 전기 조명으로 완화한다'이다. 선행 4개와 해금 1개를 연구 그래프에 연결한다.,research-topology-and-unlocks,근거 확인,,active-authored,Assets/Resources/SO/Content/GameDomainContentCatalog.asset; Assets/Resources/SO/GameContentCatalog.asset,catalog-registered-static-consumer,Assets/Scripts/Services/Effects/Runtime/CharacterDerivedStatsSnapshot.cs; Assets/Scripts/Services/Infrastructure/BlueprintResearchContracts.cs; Assets/Scripts/Services/Infrastructure/BlueprintResearchProjectCoordinator.cs; Assets/Scripts/Services/Infrastructure/BlueprintResearchRuntime.cs; Assets/Scripts/Services/Infrastructure/BlueprintResearchRuntimeProvider.cs; Assets/Scripts/Services/Infrastructure/BlueprintResearchSaveSection.cs; Assets/Scripts/Services/Infrastructure/ResearchCraftingSummaryService.cs; Assets/Scripts/Services/Infrastructure/ResearchFacilityCapacityAdapter.cs; Assets/Scripts/Services/Infrastructure/ResearchGraphLayoutService.cs; Assets/Scripts/Services/Infrastructure/ResearchProjectCatalogAdapter.cs; Assets/Scripts/Services/Infrastructure/ResearchRewardCatalogAdapter.cs; Assets/Scripts/Services/Run/FirstRunObjectiveRuntime.cs,Assets/Scripts/Services/Infrastructure/BlueprintResearchContracts.cs; Assets/Scripts/Services/Infrastructure/BlueprintResearchRuntime.cs; Assets/Scripts/Services/Infrastructure/BlueprintResearchSaveSection.cs; Assets/Scripts/Services/Infrastructure/ResearchCraftingSummaryService.cs; Assets/Scripts/Services/Run/FirstRunObjectiveRuntime.cs; Assets/Scripts/Services/Run/V20MilestoneWorldSnapshotProjector.cs; Assets/Scripts/Views/UI/ResearchTreeWindow.cs,1,ProductionRecipeSO,진행 역할은 '작업 구역의 명중·속도·안전 저하를 전기 조명으로 완화한다'이다. 선행 4개와 해금 1개를 연구 그래프에 연결한다.,연구 분야 15의 선행·해금 그래프에서 진행 경계를 만든다.,requiredWork=328,research-field:15,"비교 후보(대체 가능성 미검증): ResearchProjectSO:research:climate:environment-control, ResearchProjectSO:research:equipment:black-powder, ResearchProjectSO:research:equipment:ignition-mechanisms, ResearchProjectSO:research:equipment:industrial-metrology, ResearchProjectSO:research:equipment:material-testing, ResearchProjectSO:research:equipment:modular-frames, ResearchProjectSO:research:equipment:powered-armor, ResearchProjectSO:research:equipment:precision-fitting, ResearchProjectSO:research:equipment:pressure-barrels, ResearchProjectSO:research:equipment:prototype-engineering, ResearchProjectSO:research:equipment:rune-module-tuning, ResearchProjectSO:research:equipment:standard-ammunition 외 18개",직접 참조 1건에 영향: ProductionRecipeSO:recipe:component:insulated-wiring,research-topology-and-unlocks; niche=field+prerequisites+unlocks; cost=requiredWork,Assets/Resources/SO/Research/Projects/industry_electric_lighting.asset,c3afa8a466828104da9d3306b090fbb3,"{""fileID"":0}",0,ResearchBlueprintRule,None,explicit-serialized,작업 구역의 명중·속도·안전 저하를 전기 조명으로 완화한다.,산업 조명,[],0,"[{""capability"":0,""requiredCount"":2},{""capability"":3,""requiredCount"":1},{""capability"":6,""requiredCount"":1}]",3,15,ResearchField,Industry And Automation,explicit-serialized,"{""fileID"":0}",7184,0,ResearchPrerequisiteKind,Theory,implicit-csharp-default,industry_electric_lighting,1,"[{""kind"":2,""prerequisite"":{""fileID"":11400000,""guid"":""bcbfd433c9ec42c4abf5a91bacd704b7"",""type"":2},""prerequisiteId"":""research:defense:watch"",""reason"":""경계 근무의 공학 원리이(가) 산업 조명 구현에 직접 필요하다.""},{""kind"":2,""prerequisite"":{""fileID"":11400000,""guid"":""4ee2df589417d314295a42c252406053"",""type"":2},""prerequisiteId"":""research:industry:steam-power"",""reason"":""증기 동력과 배전의 공학 원리이(가) 산업 조명 구현에 직접 필요하다.""}]",2,"[{""fileID"":11400000,""guid"":""bcbfd433c9ec42c4abf5a91bacd704b7"",""type"":2},{""fileID"":11400000,""guid"":""4ee2df589417d314295a42c252406053"",""type"":2}]",2,research:industry:electric-lighting,328,"{""items"":[{""rid"":7737212199327498588}]}"
research-effects,ResearchProjectSO,ResearchProjectSO|research:industry:electric-smelting,research:industry:electric-smelting,전기 제련과 산업 냉각,"전기 제련과 산업 냉각에 필요한 이론, 제작 절차, 안전 기준과 운용 보상을 하나의 완결된 연구 패키지로 통합한다.",분야 15; 작업 655; 선행 4; 해금 2; 시설 요구 3; 효과 0,prerequisite:research:industry:powered-tools; prerequisite:research:industry:powered-tools; prerequisite:research:industry:powered-tools; prerequisite:research:plumbing:reuse; prerequisite:research:plumbing:reuse; prerequisite:research:plumbing:reuse; unlocks-building:building:8828; unlocks-building:building:9825,"진행 역할은 '전기 제련과 산업 냉각에 필요한 이론, 제작 절차, 안전 기준과 운용 보상을 하나의 완결된 연구 패키지로 통합한다'이다. 선행 4개와 해금 2개를 연구 그래프에 연결한다.",research-topology-and-unlocks,근거 확인,,active-authored,Assets/Resources/SO/Content/GameDomainContentCatalog.asset; Assets/Resources/SO/GameContentCatalog.asset,catalog-registered-static-consumer,Assets/Scripts/Services/Effects/Runtime/CharacterDerivedStatsSnapshot.cs; Assets/Scripts/Services/Infrastructure/BlueprintResearchContracts.cs; Assets/Scripts/Services/Infrastructure/BlueprintResearchProjectCoordinator.cs; Assets/Scripts/Services/Infrastructure/BlueprintResearchRuntime.cs; Assets/Scripts/Services/Infrastructure/BlueprintResearchRuntimeProvider.cs; Assets/Scripts/Services/Infrastructure/BlueprintResearchSaveSection.cs; Assets/Scripts/Services/Infrastructure/ResearchCraftingSummaryService.cs; Assets/Scripts/Services/Infrastructure/ResearchFacilityCapacityAdapter.cs; Assets/Scripts/Services/Infrastructure/ResearchGraphLayoutService.cs; Assets/Scripts/Services/Infrastructure/ResearchProjectCatalogAdapter.cs; Assets/Scripts/Services/Infrastructure/ResearchRewardCatalogAdapter.cs; Assets/Scripts/Services/Run/FirstRunObjectiveRuntime.cs,Assets/Scripts/Services/Infrastructure/BlueprintResearchContracts.cs; Assets/Scripts/Services/Infrastructure/BlueprintResearchRuntime.cs; Assets/Scripts/Services/Infrastructure/BlueprintResearchSaveSection.cs; Assets/Scripts/Services/Infrastructure/ResearchCraftingSummaryService.cs; Assets/Scripts/Services/Run/FirstRunObjectiveRuntime.cs; Assets/Scripts/Services/Run/V20MilestoneWorldSnapshotProjector.cs; Assets/Scripts/Views/UI/ResearchTreeWindow.cs,6,ResearchProjectSO,"진행 역할은 '전기 제련과 산업 냉각에 필요한 이론, 제작 절차, 안전 기준과 운용 보상을 하나의 완결된 연구 패키지로 통합한다'이다. 선행 4개와 해금 2개를 연구 그래프에 연결한다.",연구 분야 15의 선행·해금 그래프에서 진행 경계를 만든다.,requiredWork=655,research-field:15,"비교 후보(대체 가능성 미검증): ResearchProjectSO:research:climate:environment-control, ResearchProjectSO:research:equipment:black-powder, ResearchProjectSO:research:equipment:ignition-mechanisms, ResearchProjectSO:research:equipment:industrial-metrology, ResearchProjectSO:research:equipment:material-testing, ResearchProjectSO:research:equipment:modular-frames, ResearchProjectSO:research:equipment:powered-armor, ResearchProjectSO:research:equipment:precision-fitting, ResearchProjectSO:research:equipment:pressure-barrels, ResearchProjectSO:research:equipment:prototype-engineering, ResearchProjectSO:research:equipment:rune-module-tuning, ResearchProjectSO:research:equipment:standard-ammunition 외 18개","직접 참조 6건에 영향: ResearchProjectSO:research:climate:environment-control, ResearchProjectSO:research:medical:rune-hibernation",research-topology-and-unlocks; niche=field+prerequisites+unlocks; cost=requiredWork,Assets/Resources/SO/Research/Projects/industry_electric_smelting.asset,f7c5117f9e4c6ec438b9e5463bda8dea,"{""fileID"":0}",0,ResearchBlueprintRule,None,explicit-serialized,"전기 제련과 산업 냉각에 필요한 이론, 제작 절차, 안전 기준과 운용 보상을 하나의 완결된 연구 패키지로 통합한다.",전기 제련과 산업 냉각,[],0,"[{""capability"":0,""requiredCount"":2},{""capability"":3,""requiredCount"":1},{""capability"":6,""requiredCount"":1}]",3,15,ResearchField,Industry And Automation,explicit-serialized,"{""fileID"":0}",7182,0,ResearchPrerequisiteKind,Theory,implicit-csharp-default,industry_electric_smelting,1,"[{""kind"":2,""prerequisite"":{""fileID"":11400000,""guid"":""267e6f558200e604ba61f34e665242b2"",""type"":2},""prerequisiteId"":""research:industry:powered-tools"",""reason"":""공장 공학의 공학 원리이(가) 전기 제련과 산업 냉각 구현에 직접 필요하다.""},{""kind"":2,""prerequisite"":{""fileID"":11400000,""guid"":""2b9e3ae10f111c442a6bc0906d3f5072"",""type"":2},""prerequisiteId"":""research:plumbing:reuse"",""reason"":""정수와 재이용의 공학 원리이(가) 전기 제련과 산업 냉각 구현에 직접 필요하다.""}]",2,"[{""fileID"":11400000,""guid"":""267e6f558200e604ba61f34e665242b2"",""type"":2},{""fileID"":11400000,""guid"":""2b9e3ae10f111c442a6bc0906d3f5072"",""type"":2}]",2,research:industry:electric-smelting,655,"{""items"":[{""rid"":7737212199327498589},{""rid"":7737212199327498590}]}"
research-effects,ResearchProjectSO,ResearchProjectSO|research:industry:junctions,research:industry:junctions,분기·필터·우선순위 제어,"분기·필터·우선순위 제어에 필요한 이론, 제작 절차, 안전 기준과 운용 보상을 하나의 완결된 연구 패키지로 통합한다.",분야 15; 작업 910; 선행 2; 해금 4; 시설 요구 3; 효과 0,prerequisite:research:industry:conveyor; prerequisite:research:industry:conveyor; prerequisite:research:industry:conveyor; unlocks-building:building:9846; unlocks-building:building:9847; unlocks-building:building:9848; unlocks-building:building:9849,"진행 역할은 '분기·필터·우선순위 제어에 필요한 이론, 제작 절차, 안전 기준과 운용 보상을 하나의 완결된 연구 패키지로 통합한다'이다. 선행 2개와 해금 4개를 연구 그래프에 연결한다.",research-topology-and-unlocks,근거 확인,,active-authored,Assets/Resources/SO/Content/GameDomainContentCatalog.asset; Assets/Resources/SO/GameContentCatalog.asset,catalog-registered-static-consumer,Assets/Scripts/Services/Effects/Runtime/CharacterDerivedStatsSnapshot.cs; Assets/Scripts/Services/Infrastructure/BlueprintResearchContracts.cs; Assets/Scripts/Services/Infrastructure/BlueprintResearchProjectCoordinator.cs; Assets/Scripts/Services/Infrastructure/BlueprintResearchRuntime.cs; Assets/Scripts/Services/Infrastructure/BlueprintResearchRuntimeProvider.cs; Assets/Scripts/Services/Infrastructure/BlueprintResearchSaveSection.cs; Assets/Scripts/Services/Infrastructure/ResearchCraftingSummaryService.cs; Assets/Scripts/Services/Infrastructure/ResearchFacilityCapacityAdapter.cs; Assets/Scripts/Services/Infrastructure/ResearchGraphLayoutService.cs; Assets/Scripts/Services/Infrastructure/ResearchProjectCatalogAdapter.cs; Assets/Scripts/Services/Infrastructure/ResearchRewardCatalogAdapter.cs; Assets/Scripts/Services/Run/FirstRunObjectiveRuntime.cs,Assets/Scripts/Services/Infrastructure/BlueprintResearchContracts.cs; Assets/Scripts/Services/Infrastructure/BlueprintResearchRuntime.cs; Assets/Scripts/Services/Infrastructure/BlueprintResearchSaveSection.cs; Assets/Scripts/Services/Infrastructure/ResearchCraftingSummaryService.cs; Assets/Scripts/Services/Run/FirstRunObjectiveRuntime.cs; Assets/Scripts/Services/Run/V20MilestoneWorldSnapshotProjector.cs; Assets/Scripts/Views/UI/ResearchTreeWindow.cs,6,ResearchProjectSO,"진행 역할은 '분기·필터·우선순위 제어에 필요한 이론, 제작 절차, 안전 기준과 운용 보상을 하나의 완결된 연구 패키지로 통합한다'이다. 선행 2개와 해금 4개를 연구 그래프에 연결한다.",연구 분야 15의 선행·해금 그래프에서 진행 경계를 만든다.,requiredWork=910,research-field:15,"비교 후보(대체 가능성 미검증): ResearchProjectSO:research:climate:environment-control, ResearchProjectSO:research:equipment:black-powder, ResearchProjectSO:research:equipment:ignition-mechanisms, ResearchProjectSO:research:equipment:industrial-metrology, ResearchProjectSO:research:equipment:material-testing, ResearchProjectSO:research:equipment:modular-frames, ResearchProjectSO:research:equipment:powered-armor, ResearchProjectSO:research:equipment:precision-fitting, ResearchProjectSO:research:equipment:pressure-barrels, ResearchProjectSO:research:equipment:prototype-engineering, ResearchProjectSO:research:equipment:rune-module-tuning, ResearchProjectSO:research:equipment:standard-ammunition 외 18개","직접 참조 6건에 영향: ResearchProjectSO:research:industry:lifts, ResearchProjectSO:research:industry:line-balancing",research-topology-and-unlocks; niche=field+prerequisites+unlocks; cost=requiredWork,Assets/Resources/SO/Research/Projects/industry_junctions.asset,957f0a8d21cf1c543b3497f4e0be1385,"{""fileID"":0}",0,ResearchBlueprintRule,None,explicit-serialized,"분기·필터·우선순위 제어에 필요한 이론, 제작 절차, 안전 기준과 운용 보상을 하나의 완결된 연구 패키지로 통합한다.",분기·필터·우선순위 제어,[],0,"[{""capability"":0,""requiredCount"":2},{""capability"":3,""requiredCount"":1},{""capability"":6,""requiredCount"":1}]",3,15,ResearchField,Industry And Automation,explicit-serialized,"{""fileID"":0}",7163,0,ResearchPrerequisiteKind,Theory,implicit-csharp-default,industry_junctions,1,"[{""kind"":2,""prerequisite"":{""fileID"":11400000,""guid"":""d4a6af96d6d3a894ea7d05a008cfa007"",""type"":2},""prerequisiteId"":""research:industry:conveyor"",""reason"":""컨베이어와 물류 포트의 공학 원리이(가) 분기·필터·우선순위 제어 구현에 직접 필요하다.""}]",1,"[{""fileID"":11400000,""guid"":""d4a6af96d6d3a894ea7d05a008cfa007"",""type"":2}]",1,research:industry:junctions,910,"{""items"":[{""rid"":7737212199327498591},{""rid"":7737212199327498592},{""rid"":7737212199327498593},{""rid"":7737212199327498594}]}"
research-effects,ResearchProjectSO,ResearchProjectSO|research:industry:lifts,research:industry:lifts,승강·오버플로·고속 운송,"승강·오버플로·고속 운송에 필요한 이론, 제작 절차, 안전 기준과 운용 보상을 하나의 완결된 연구 패키지로 통합한다.",분야 15; 작업 1200; 선행 4; 해금 3; 시설 요구 3; 효과 0,prerequisite:research:industry:junctions; prerequisite:research:industry:junctions; prerequisite:research:industry:junctions; prerequisite:research:metallurgy:steel; prerequisite:research:metallurgy:steel; prerequisite:research:metallurgy:steel; unlocks-building:building:9850; unlocks-building:building:9851; unlocks-building:building:9852,"진행 역할은 '승강·오버플로·고속 운송에 필요한 이론, 제작 절차, 안전 기준과 운용 보상을 하나의 완결된 연구 패키지로 통합한다'이다. 선행 4개와 해금 3개를 연구 그래프에 연결한다.",research-topology-and-unlocks,근거 확인,,active-authored,Assets/Resources/SO/Content/GameDomainContentCatalog.asset; Assets/Resources/SO/GameContentCatalog.asset,catalog-registered-static-consumer,Assets/Scripts/Services/Effects/Runtime/CharacterDerivedStatsSnapshot.cs; Assets/Scripts/Services/Infrastructure/BlueprintResearchContracts.cs; Assets/Scripts/Services/Infrastructure/BlueprintResearchProjectCoordinator.cs; Assets/Scripts/Services/Infrastructure/BlueprintResearchRuntime.cs; Assets/Scripts/Services/Infrastructure/BlueprintResearchRuntimeProvider.cs; Assets/Scripts/Services/Infrastructure/BlueprintResearchSaveSection.cs; Assets/Scripts/Services/Infrastructure/ResearchCraftingSummaryService.cs; Assets/Scripts/Services/Infrastructure/ResearchFacilityCapacityAdapter.cs; Assets/Scripts/Services/Infrastructure/ResearchGraphLayoutService.cs; Assets/Scripts/Services/Infrastructure/ResearchProjectCatalogAdapter.cs; Assets/Scripts/Services/Infrastructure/ResearchRewardCatalogAdapter.cs; Assets/Scripts/Services/Run/FirstRunObjectiveRuntime.cs,Assets/Scripts/Services/Infrastructure/BlueprintResearchContracts.cs; Assets/Scripts/Services/Infrastructure/BlueprintResearchRuntime.cs; Assets/Scripts/Services/Infrastructure/BlueprintResearchSaveSection.cs; Assets/Scripts/Services/Infrastructure/ResearchCraftingSummaryService.cs; Assets/Scripts/Services/Run/FirstRunObjectiveRuntime.cs; Assets/Scripts/Services/Run/V20MilestoneWorldSnapshotProjector.cs; Assets/Scripts/Views/UI/ResearchTreeWindow.cs,0,,"진행 역할은 '승강·오버플로·고속 운송에 필요한 이론, 제작 절차, 안전 기준과 운용 보상을 하나의 완결된 연구 패키지로 통합한다'이다. 선행 4개와 해금 3개를 연구 그래프에 연결한다.",연구 분야 15의 선행·해금 그래프에서 진행 경계를 만든다.,requiredWork=1200,research-field:15,"비교 후보(대체 가능성 미검증): ResearchProjectSO:research:climate:environment-control, ResearchProjectSO:research:equipment:black-powder, ResearchProjectSO:research:equipment:ignition-mechanisms, ResearchProjectSO:research:equipment:industrial-metrology, ResearchProjectSO:research:equipment:material-testing, ResearchProjectSO:research:equipment:modular-frames, ResearchProjectSO:research:equipment:powered-armor, ResearchProjectSO:research:equipment:precision-fitting, ResearchProjectSO:research:equipment:pressure-barrels, ResearchProjectSO:research:equipment:prototype-engineering, ResearchProjectSO:research:equipment:rune-module-tuning, ResearchProjectSO:research:equipment:standard-ammunition 외 18개",정적 콘텐츠 역참조는 확인되지 않음; 런타임 직접 조회와 설계상 공백은 별도 검증 필요,research-topology-and-unlocks; niche=field+prerequisites+unlocks; cost=requiredWork,Assets/Resources/SO/Research/Projects/industry_lifts.asset,cba4954662d7845428dffe977bf50103,"{""fileID"":0}",0,ResearchBlueprintRule,None,explicit-serialized,"승강·오버플로·고속 운송에 필요한 이론, 제작 절차, 안전 기준과 운용 보상을 하나의 완결된 연구 패키지로 통합한다.",승강·오버플로·고속 운송,[],0,"[{""capability"":0,""requiredCount"":2},{""capability"":3,""requiredCount"":1},{""capability"":6,""requiredCount"":1}]",3,15,ResearchField,Industry And Automation,explicit-serialized,"{""fileID"":0}",7166,0,ResearchPrerequisiteKind,Theory,implicit-csharp-default,industry_lifts,1,"[{""kind"":2,""prerequisite"":{""fileID"":11400000,""guid"":""957f0a8d21cf1c543b3497f4e0be1385"",""type"":2},""prerequisiteId"":""research:industry:junctions"",""reason"":""분기·필터·우선순위 제어의 공학 원리이(가) 승강·오버플로·고속 운송 구현에 직접 필요하다.""},{""kind"":2,""prerequisite"":{""fileID"":11400000,""guid"":""4736dc67de517194bba2ecc8eb663cc3"",""type"":2},""prerequisiteId"":""research:metallurgy:steel"",""reason"":""제강의 공학 원리이(가) 승강·오버플로·고속 운송 구현에 직접 필요하다.""}]",2,"[{""fileID"":11400000,""guid"":""957f0a8d21cf1c543b3497f4e0be1385"",""type"":2},{""fileID"":11400000,""guid"":""4736dc67de517194bba2ecc8eb663cc3"",""type"":2}]",2,research:industry:lifts,1200,"{""items"":[{""rid"":7737212199327498595},{""rid"":7737212199327498596},{""rid"":7737212199327498597}]}"
research-effects,ResearchProjectSO,ResearchProjectSO|research:industry:line-balancing,research:industry:line-balancing,라인 균형과 방어 보급,"라인 균형과 방어 보급에 필요한 이론, 제작 절차, 안전 기준과 운용 보상을 하나의 완결된 연구 패키지로 통합한다.",분야 15; 작업 873; 선행 6; 해금 2; 시설 요구 3; 효과 0,prerequisite:research:defense:tactical-command; prerequisite:research:defense:tactical-command; prerequisite:research:defense:tactical-command; prerequisite:research:industry:automatic-bills; prerequisite:research:industry:automatic-bills; prerequisite:research:industry:automatic-bills; prerequisite:research:industry:junctions; prerequisite:research:industry:junctions; prerequisite:research:industry:junctions; unlocks-building:building:8824; unlocks-building:building:8829,"진행 역할은 '라인 균형과 방어 보급에 필요한 이론, 제작 절차, 안전 기준과 운용 보상을 하나의 완결된 연구 패키지로 통합한다'이다. 선행 6개와 해금 2개를 연구 그래프에 연결한다.",research-topology-and-unlocks,근거 확인,,active-authored,Assets/Resources/SO/Content/GameDomainContentCatalog.asset; Assets/Resources/SO/GameContentCatalog.asset,catalog-registered-static-consumer,Assets/Scripts/Services/Effects/Runtime/CharacterDerivedStatsSnapshot.cs; Assets/Scripts/Services/Infrastructure/BlueprintResearchContracts.cs; Assets/Scripts/Services/Infrastructure/BlueprintResearchProjectCoordinator.cs; Assets/Scripts/Services/Infrastructure/BlueprintResearchRuntime.cs; Assets/Scripts/Services/Infrastructure/BlueprintResearchRuntimeProvider.cs; Assets/Scripts/Services/Infrastructure/BlueprintResearchSaveSection.cs; Assets/Scripts/Services/Infrastructure/ResearchCraftingSummaryService.cs; Assets/Scripts/Services/Infrastructure/ResearchFacilityCapacityAdapter.cs; Assets/Scripts/Services/Infrastructure/ResearchGraphLayoutService.cs; Assets/Scripts/Services/Infrastructure/ResearchProjectCatalogAdapter.cs; Assets/Scripts/Services/Infrastructure/ResearchRewardCatalogAdapter.cs; Assets/Scripts/Services/Run/FirstRunObjectiveRuntime.cs,Assets/Scripts/Services/Infrastructure/BlueprintResearchContracts.cs; Assets/Scripts/Services/Infrastructure/BlueprintResearchRuntime.cs; Assets/Scripts/Services/Infrastructure/BlueprintResearchSaveSection.cs; Assets/Scripts/Services/Infrastructure/ResearchCraftingSummaryService.cs; Assets/Scripts/Services/Run/FirstRunObjectiveRuntime.cs; Assets/Scripts/Services/Run/V20MilestoneWorldSnapshotProjector.cs; Assets/Scripts/Views/UI/ResearchTreeWindow.cs,1,ProductionRecipeSO,"진행 역할은 '라인 균형과 방어 보급에 필요한 이론, 제작 절차, 안전 기준과 운용 보상을 하나의 완결된 연구 패키지로 통합한다'이다. 선행 6개와 해금 2개를 연구 그래프에 연결한다.",연구 분야 15의 선행·해금 그래프에서 진행 경계를 만든다.,requiredWork=873,research-field:15,"비교 후보(대체 가능성 미검증): ResearchProjectSO:research:climate:environment-control, ResearchProjectSO:research:equipment:black-powder, ResearchProjectSO:research:equipment:ignition-mechanisms, ResearchProjectSO:research:equipment:industrial-metrology, ResearchProjectSO:research:equipment:material-testing, ResearchProjectSO:research:equipment:modular-frames, ResearchProjectSO:research:equipment:powered-armor, ResearchProjectSO:research:equipment:precision-fitting, ResearchProjectSO:research:equipment:pressure-barrels, ResearchProjectSO:research:equipment:prototype-engineering, ResearchProjectSO:research:equipment:rune-module-tuning, ResearchProjectSO:research:equipment:standard-ammunition 외 18개",직접 참조 1건에 영향: ProductionRecipeSO:recipe:supply:defense-mixed-ammo-box,research-topology-and-unlocks; niche=field+prerequisites+unlocks; cost=requiredWork,Assets/Resources/SO/Research/Projects/industry_line_balancing.asset,4bbd81a4458238048b2132a10ada782b,"{""fileID"":0}",0,ResearchBlueprintRule,None,explicit-serialized,"라인 균형과 방어 보급에 필요한 이론, 제작 절차, 안전 기준과 운용 보상을 하나의 완결된 연구 패키지로 통합한다.",라인 균형과 방어 보급,[],0,"[{""capability"":0,""requiredCount"":2},{""capability"":3,""requiredCount"":1},{""capability"":6,""requiredCount"":1}]",3,15,ResearchField,Industry And Automation,explicit-serialized,"{""fileID"":0}",7185,0,ResearchPrerequisiteKind,Theory,implicit-csharp-default,industry_line_balancing,1,"[{""kind"":2,""prerequisite"":{""fileID"":11400000,""guid"":""beb95bdfa12cfd2409502cd2eaafa2d7"",""type"":2},""prerequisiteId"":""research:defense:tactical-command"",""reason"":""전술 지휘의 공학 원리이(가) 라인 균형과 방어 보급 구현에 직접 필요하다.""},{""kind"":2,""prerequisite"":{""fileID"":11400000,""guid"":""745852d5424766d4da7f0a89af942c14"",""type"":2},""prerequisiteId"":""research:industry:automatic-bills"",""reason"":""자동 주문과 재고 감지의 공학 원리이(가) 라인 균형과 방어 보급 구현에 직접 필요하다.""},{""kind"":2,""prerequisite"":{""fileID"":11400000,""guid"":""957f0a8d21cf1c543b3497f4e0be1385"",""type"":2},""prerequisiteId"":""research:industry:junctions"",""reason"":""분기·필터·우선순위 제어의 공학 원리이(가) 라인 균형과 방어 보급 구현에 직접 필요하다.""}]",3,"[{""fileID"":11400000,""guid"":""beb95bdfa12cfd2409502cd2eaafa2d7"",""type"":2},{""fileID"":11400000,""guid"":""745852d5424766d4da7f0a89af942c14"",""type"":2},{""fileID"":11400000,""guid"":""957f0a8d21cf1c543b3497f4e0be1385"",""type"":2}]",3,research:industry:line-balancing,873,"{""items"":[{""rid"":7737212199327498598},{""rid"":7737212199327498599}]}"
research-effects,ResearchProjectSO,ResearchProjectSO|research:industry:mana-power,research:industry:mana-power,마나 동력과 룬 전력망,"마나 동력과 룬 전력망에 필요한 이론, 제작 절차, 안전 기준과 운용 보상을 하나의 완결된 연구 패키지로 통합한다.",분야 15; 작업 764; 선행 4; 해금 2; 시설 요구 3; 효과 0,prerequisite:research:arcane:resonance; prerequisite:research:arcane:resonance; prerequisite:research:arcane:resonance; prerequisite:research:industry:storage; prerequisite:research:industry:storage; prerequisite:research:industry:storage; unlocks-building:building:8823; unlocks-building:building:9812,"진행 역할은 '마나 동력과 룬 전력망에 필요한 이론, 제작 절차, 안전 기준과 운용 보상을 하나의 완결된 연구 패키지로 통합한다'이다. 선행 4개와 해금 2개를 연구 그래프에 연결한다.",research-topology-and-unlocks,근거 확인,,active-authored,Assets/Resources/SO/Content/GameDomainContentCatalog.asset; Assets/Resources/SO/GameContentCatalog.asset,catalog-registered-static-consumer,Assets/Scripts/Services/Effects/Runtime/CharacterDerivedStatsSnapshot.cs; Assets/Scripts/Services/Infrastructure/BlueprintResearchContracts.cs; Assets/Scripts/Services/Infrastructure/BlueprintResearchProjectCoordinator.cs; Assets/Scripts/Services/Infrastructure/BlueprintResearchRuntime.cs; Assets/Scripts/Services/Infrastructure/BlueprintResearchRuntimeProvider.cs; Assets/Scripts/Services/Infrastructure/BlueprintResearchSaveSection.cs; Assets/Scripts/Services/Infrastructure/ResearchCraftingSummaryService.cs; Assets/Scripts/Services/Infrastructure/ResearchFacilityCapacityAdapter.cs; Assets/Scripts/Services/Infrastructure/ResearchGraphLayoutService.cs; Assets/Scripts/Services/Infrastructure/ResearchProjectCatalogAdapter.cs; Assets/Scripts/Services/Infrastructure/ResearchRewardCatalogAdapter.cs; Assets/Scripts/Services/Run/FirstRunObjectiveRuntime.cs,Assets/Scripts/Services/Infrastructure/BlueprintResearchContracts.cs; Assets/Scripts/Services/Infrastructure/BlueprintResearchRuntime.cs; Assets/Scripts/Services/Infrastructure/BlueprintResearchSaveSection.cs; Assets/Scripts/Services/Infrastructure/ResearchCraftingSummaryService.cs; Assets/Scripts/Services/Run/FirstRunObjectiveRuntime.cs; Assets/Scripts/Services/Run/V20MilestoneWorldSnapshotProjector.cs; Assets/Scripts/Views/UI/ResearchTreeWindow.cs,15,ProductionRecipeSO; ResearchProjectSO,"진행 역할은 '마나 동력과 룬 전력망에 필요한 이론, 제작 절차, 안전 기준과 운용 보상을 하나의 완결된 연구 패키지로 통합한다'이다. 선행 4개와 해금 2개를 연구 그래프에 연결한다.",연구 분야 15의 선행·해금 그래프에서 진행 경계를 만든다.,requiredWork=764,research-field:15,"비교 후보(대체 가능성 미검증): ResearchProjectSO:research:climate:environment-control, ResearchProjectSO:research:equipment:black-powder, ResearchProjectSO:research:equipment:ignition-mechanisms, ResearchProjectSO:research:equipment:industrial-metrology, ResearchProjectSO:research:equipment:material-testing, ResearchProjectSO:research:equipment:modular-frames, ResearchProjectSO:research:equipment:powered-armor, ResearchProjectSO:research:equipment:precision-fitting, ResearchProjectSO:research:equipment:pressure-barrels, ResearchProjectSO:research:equipment:prototype-engineering, ResearchProjectSO:research:equipment:rune-module-tuning, ResearchProjectSO:research:equipment:standard-ammunition 외 18개","직접 참조 15건에 영향: ProductionRecipeSO:recipe:component:rune-bus-coupler, ProductionRecipeSO:recipe:component:rune-conductor, ProductionRecipeSO:recipe:material:mana-alloy, ResearchProjectSO:research:equipment:rune-module-tuning, ResearchProjectSO:research:industry:rune-automation, ResearchProjectSO:research:medical:rune-hibernation, ResearchProjectSO:research:plumbing:rune-purification",research-topology-and-unlocks; niche=field+prerequisites+unlocks; cost=requiredWork,Assets/Resources/SO/Research/Projects/industry_mana_power.asset,4b3074860ed56d9429b554e903f0d8e7,"{""fileID"":0}",0,ResearchBlueprintRule,None,explicit-serialized,"마나 동력과 룬 전력망에 필요한 이론, 제작 절차, 안전 기준과 운용 보상을 하나의 완결된 연구 패키지로 통합한다.",마나 동력과 룬 전력망,[],0,"[{""capability"":0,""requiredCount"":2},{""capability"":3,""requiredCount"":1},{""capability"":6,""requiredCount"":1}]",3,15,ResearchField,Industry And Automation,explicit-serialized,"{""fileID"":0}",7157,0,ResearchPrerequisiteKind,Theory,implicit-csharp-default,industry_mana_power,1,"[{""kind"":0,""prerequisite"":{""fileID"":11400000,""guid"":""56ffa2cea97e51048b951d004cec9b2b"",""type"":2},""prerequisiteId"":""research:arcane:resonance"",""reason"":""비전 공명의 이론이(가) 마나 동력과 룬 전력망 구현에 직접 필요하다.""},{""kind"":2,""prerequisite"":{""fileID"":11400000,""guid"":""2c7273310732d4443b629960e67a303a"",""type"":2},""prerequisiteId"":""research:industry:storage"",""reason"":""산업 저장과 변압의 공학 원리이(가) 마나 동력과 룬 전력망 구현에 직접 필요하다.""}]",2,"[{""fileID"":11400000,""guid"":""56ffa2cea97e51048b951d004cec9b2b"",""type"":2},{""fileID"":11400000,""guid"":""2c7273310732d4443b629960e67a303a"",""type"":2}]",2,research:industry:mana-power,764,"{""items"":[{""rid"":7737212199327498600},{""rid"":7737212199327498601}]}"
research-effects,ResearchProjectSO,ResearchProjectSO|research:industry:powered-tools,research:industry:powered-tools,공장 공학,"공장 공학에 필요한 이론, 제작 절차, 안전 기준과 운용 보상을 하나의 완결된 연구 패키지로 통합한다.",분야 15; 작업 700; 선행 8; 해금 3; 시설 요구 3; 효과 0,prerequisite:research:arcane:records; prerequisite:research:arcane:records; prerequisite:research:arcane:records; prerequisite:research:commerce:logistics; prerequisite:research:commerce:logistics; prerequisite:research:commerce:logistics; prerequisite:research:industry:steam-power; prerequisite:research:industry:steam-power; prerequisite:research:industry:steam-power; prerequisite:research:metallurgy:steel; prerequisite:research:metallurgy:steel; prerequisite:research:metallurgy:steel; unlocks-building:building:1035; unlocks-building:building:8827; unlocks-building:building:8831,"진행 역할은 '공장 공학에 필요한 이론, 제작 절차, 안전 기준과 운용 보상을 하나의 완결된 연구 패키지로 통합한다'이다. 선행 8개와 해금 3개를 연구 그래프에 연결한다.",research-topology-and-unlocks,근거 확인,,active-authored,Assets/Resources/SO/Content/GameDomainContentCatalog.asset; Assets/Resources/SO/GameContentCatalog.asset,catalog-registered-static-consumer,Assets/Scripts/Services/Effects/Runtime/CharacterDerivedStatsSnapshot.cs; Assets/Scripts/Services/Infrastructure/BlueprintResearchContracts.cs; Assets/Scripts/Services/Infrastructure/BlueprintResearchProjectCoordinator.cs; Assets/Scripts/Services/Infrastructure/BlueprintResearchRuntime.cs; Assets/Scripts/Services/Infrastructure/BlueprintResearchRuntimeProvider.cs; Assets/Scripts/Services/Infrastructure/BlueprintResearchSaveSection.cs; Assets/Scripts/Services/Infrastructure/ResearchCraftingSummaryService.cs; Assets/Scripts/Services/Infrastructure/ResearchFacilityCapacityAdapter.cs; Assets/Scripts/Services/Infrastructure/ResearchGraphLayoutService.cs; Assets/Scripts/Services/Infrastructure/ResearchProjectCatalogAdapter.cs; Assets/Scripts/Services/Infrastructure/ResearchRewardCatalogAdapter.cs; Assets/Scripts/Services/Run/FirstRunObjectiveRuntime.cs,Assets/Scripts/Services/Infrastructure/BlueprintResearchContracts.cs; Assets/Scripts/Services/Infrastructure/BlueprintResearchRuntime.cs; Assets/Scripts/Services/Infrastructure/BlueprintResearchSaveSection.cs; Assets/Scripts/Services/Infrastructure/ResearchCraftingSummaryService.cs; Assets/Scripts/Services/Run/FirstRunObjectiveRuntime.cs; Assets/Scripts/Services/Run/V20MilestoneWorldSnapshotProjector.cs; Assets/Scripts/Views/UI/ResearchTreeWindow.cs,23,ProductionRecipeSO; ResearchProjectSO,"진행 역할은 '공장 공학에 필요한 이론, 제작 절차, 안전 기준과 운용 보상을 하나의 완결된 연구 패키지로 통합한다'이다. 선행 8개와 해금 3개를 연구 그래프에 연결한다.",연구 분야 15의 선행·해금 그래프에서 진행 경계를 만든다.,requiredWork=700,research-field:15,"비교 후보(대체 가능성 미검증): ResearchProjectSO:research:climate:environment-control, ResearchProjectSO:research:equipment:black-powder, ResearchProjectSO:research:equipment:ignition-mechanisms, ResearchProjectSO:research:equipment:industrial-metrology, ResearchProjectSO:research:equipment:material-testing, ResearchProjectSO:research:equipment:modular-frames, ResearchProjectSO:research:equipment:powered-armor, ResearchProjectSO:research:equipment:precision-fitting, ResearchProjectSO:research:equipment:pressure-barrels, ResearchProjectSO:research:equipment:prototype-engineering, ResearchProjectSO:research:equipment:rune-module-tuning, ResearchProjectSO:research:equipment:standard-ammunition 외 18개","직접 참조 23건에 영향: ProductionRecipeSO:recipe:component:engineering-drawing, ProductionRecipeSO:recipe:component:factory-installation-plan, ProductionRecipeSO:recipe:material:cartridge-paper, ProductionRecipeSO:recipe:material:paper, ProductionRecipeSO:recipe:tool:powered-tool-head, ResearchProjectSO:research:equipment:ignition-mechanisms, ResearchProjectSO:research:equipment:material-testing, ResearchProjectSO:research:equipment:standard-ammunition, ResearchProjectSO:research:industry:assisted-processing, ResearchProjectSO:research:industry:electric-smelting 외",research-topology-and-unlocks; niche=field+prerequisites+unlocks; cost=requiredWork,Assets/Resources/SO/Research/Projects/industry_powered_tools.asset,267e6f558200e604ba61f34e665242b2,"{""fileID"":0}",0,ResearchBlueprintRule,None,explicit-serialized,"공장 공학에 필요한 이론, 제작 절차, 안전 기준과 운용 보상을 하나의 완결된 연구 패키지로 통합한다.",공장 공학,[],0,"[{""capability"":0,""requiredCount"":2},{""capability"":3,""requiredCount"":1},{""capability"":6,""requiredCount"":1}]",3,15,ResearchField,Industry And Automation,explicit-serialized,"{""fileID"":0}",7171,0,ResearchPrerequisiteKind,Theory,implicit-csharp-default,industry_powered_tools,1,"[{""kind"":0,""prerequisite"":{""fileID"":11400000,""guid"":""03cfd04c2b1ad654a9b9ff7542b01332"",""type"":2},""prerequisiteId"":""research:arcane:records"",""reason"":""기록 체계의 이론이(가) 공장 공학 구현에 직접 필요하다.""},{""kind"":4,""prerequisite"":{""fileID"":11400000,""guid"":""b3b38e91925a91943b4303ee3edc9533"",""type"":2},""prerequisiteId"":""research:commerce:logistics"",""reason"":""창고 구획의 운용 절차이(가) 공장 공학 구현에 직접 필요하다.""},{""kind"":2,""prerequisite"":{""fileID"":11400000,""guid"":""4ee2df589417d314295a42c252406053"",""type"":2},""prerequisiteId"":""research:industry:steam-power"",""reason"":""증기 동력과 배전의 공학 원리이(가) 공장 공학 구현에 직접 필요하다.""},{""kind"":2,""prerequisite"":{""fileID"":11400000,""guid"":""4736dc67de517194bba2ecc8eb663cc3"",""type"":2},""prerequisiteId"":""research:metallurgy:steel"",""reason"":""제강의 공학 원리이(가) 공장 공학 구현에 직접 필요하다.""}]",4,"[{""fileID"":11400000,""guid"":""03cfd04c2b1ad654a9b9ff7542b01332"",""type"":2},{""fileID"":11400000,""guid"":""b3b38e91925a91943b4303ee3edc9533"",""type"":2},{""fileID"":11400000,""guid"":""4ee2df589417d314295a42c252406053"",""type"":2},{""fileID"":11400000,""guid"":""4736dc67de517194bba2ecc8eb663cc3"",""type"":2}]",4,research:industry:powered-tools,700,"{""items"":[{""rid"":7737212199327498602},{""rid"":7737212199327498603},{""rid"":7737212199327498604}]}"
research-effects,ResearchProjectSO,ResearchProjectSO|research:industry:precision,research:industry:precision,정밀 자동화,자동 생산의 품질 편차와 재료 손실을 줄인다.,분야 15; 작업 437; 선행 4; 해금 1; 시설 요구 3; 효과 0,prerequisite:research:industry:breakers; prerequisite:research:industry:breakers; prerequisite:research:industry:breakers; prerequisite:research:metallurgy:advanced; prerequisite:research:metallurgy:advanced; prerequisite:research:metallurgy:advanced; unlocks-building:building:8832,진행 역할은 '자동 생산의 품질 편차와 재료 손실을 줄인다'이다. 선행 4개와 해금 1개를 연구 그래프에 연결한다.,research-topology-and-unlocks,근거 확인,,active-authored,Assets/Resources/SO/Content/GameDomainContentCatalog.asset; Assets/Resources/SO/GameContentCatalog.asset,catalog-registered-static-consumer,Assets/Scripts/Services/Effects/Runtime/CharacterDerivedStatsSnapshot.cs; Assets/Scripts/Services/Infrastructure/BlueprintResearchContracts.cs; Assets/Scripts/Services/Infrastructure/BlueprintResearchProjectCoordinator.cs; Assets/Scripts/Services/Infrastructure/BlueprintResearchRuntime.cs; Assets/Scripts/Services/Infrastructure/BlueprintResearchRuntimeProvider.cs; Assets/Scripts/Services/Infrastructure/BlueprintResearchSaveSection.cs; Assets/Scripts/Services/Infrastructure/ResearchCraftingSummaryService.cs; Assets/Scripts/Services/Infrastructure/ResearchFacilityCapacityAdapter.cs; Assets/Scripts/Services/Infrastructure/ResearchGraphLayoutService.cs; Assets/Scripts/Services/Infrastructure/ResearchProjectCatalogAdapter.cs; Assets/Scripts/Services/Infrastructure/ResearchRewardCatalogAdapter.cs; Assets/Scripts/Services/Run/FirstRunObjectiveRuntime.cs,Assets/Scripts/Services/Infrastructure/BlueprintResearchContracts.cs; Assets/Scripts/Services/Infrastructure/BlueprintResearchRuntime.cs; Assets/Scripts/Services/Infrastructure/BlueprintResearchSaveSection.cs; Assets/Scripts/Services/Infrastructure/ResearchCraftingSummaryService.cs; Assets/Scripts/Services/Run/FirstRunObjectiveRuntime.cs; Assets/Scripts/Services/Run/V20MilestoneWorldSnapshotProjector.cs; Assets/Scripts/Views/UI/ResearchTreeWindow.cs,6,ResearchProjectSO,진행 역할은 '자동 생산의 품질 편차와 재료 손실을 줄인다'이다. 선행 4개와 해금 1개를 연구 그래프에 연결한다.,연구 분야 15의 선행·해금 그래프에서 진행 경계를 만든다.,requiredWork=437,research-field:15,"비교 후보(대체 가능성 미검증): ResearchProjectSO:research:climate:environment-control, ResearchProjectSO:research:equipment:black-powder, ResearchProjectSO:research:equipment:ignition-mechanisms, ResearchProjectSO:research:equipment:industrial-metrology, ResearchProjectSO:research:equipment:material-testing, ResearchProjectSO:research:equipment:modular-frames, ResearchProjectSO:research:equipment:powered-armor, ResearchProjectSO:research:equipment:precision-fitting, ResearchProjectSO:research:equipment:pressure-barrels, ResearchProjectSO:research:equipment:prototype-engineering, ResearchProjectSO:research:equipment:rune-module-tuning, ResearchProjectSO:research:equipment:standard-ammunition 외 18개","직접 참조 6건에 영향: ResearchProjectSO:research:equipment:industrial-metrology, ResearchProjectSO:research:industry:rune-automation",research-topology-and-unlocks; niche=field+prerequisites+unlocks; cost=requiredWork,Assets/Resources/SO/Research/Projects/industry_precision.asset,5f482d6d36c48094fbdc08be33a2735a,"{""fileID"":0}",0,ResearchBlueprintRule,None,explicit-serialized,자동 생산의 품질 편차와 재료 손실을 줄인다.,정밀 자동화,[],0,"[{""capability"":0,""requiredCount"":2},{""capability"":3,""requiredCount"":1},{""capability"":6,""requiredCount"":1}]",3,15,ResearchField,Industry And Automation,explicit-serialized,"{""fileID"":0}",7176,0,ResearchPrerequisiteKind,Theory,implicit-csharp-default,industry_precision,1,"[{""kind"":2,""prerequisite"":{""fileID"":11400000,""guid"":""1bbb2845e79f6b649a3c80a133ede933"",""type"":2},""prerequisiteId"":""research:industry:breakers"",""reason"":""차단기와 산업 정비의 공학 원리이(가) 정밀 자동화 구현에 직접 필요하다.""},{""kind"":2,""prerequisite"":{""fileID"":11400000,""guid"":""00b8c28931f47544faecc8b510851912"",""type"":2},""prerequisiteId"":""research:metallurgy:advanced"",""reason"":""고급 단조의 공학 원리이(가) 정밀 자동화 구현에 직접 필요하다.""}]",2,"[{""fileID"":11400000,""guid"":""1bbb2845e79f6b649a3c80a133ede933"",""type"":2},{""fileID"":11400000,""guid"":""00b8c28931f47544faecc8b510851912"",""type"":2}]",2,research:industry:precision,437,"{""items"":[{""rid"":7737212199327498605}]}"
research-effects,ResearchProjectSO,ResearchProjectSO|research:industry:rune-automation,research:industry:rune-automation,룬 자동화,룬 제어반으로 복잡한 생산선의 작업과 유지보수를 보조한다.,분야 15; 작업 546; 선행 4; 해금 1; 시설 요구 3; 효과 0,prerequisite:research:industry:mana-power; prerequisite:research:industry:mana-power; prerequisite:research:industry:mana-power; prerequisite:research:industry:precision; prerequisite:research:industry:precision; prerequisite:research:industry:precision; unlocks-building:building:8833,진행 역할은 '룬 제어반으로 복잡한 생산선의 작업과 유지보수를 보조한다'이다. 선행 4개와 해금 1개를 연구 그래프에 연결한다.,research-topology-and-unlocks,근거 확인,,active-authored,Assets/Resources/SO/Content/GameDomainContentCatalog.asset; Assets/Resources/SO/GameContentCatalog.asset,catalog-registered-static-consumer,Assets/Scripts/Services/Effects/Runtime/CharacterDerivedStatsSnapshot.cs; Assets/Scripts/Services/Infrastructure/BlueprintResearchContracts.cs; Assets/Scripts/Services/Infrastructure/BlueprintResearchProjectCoordinator.cs; Assets/Scripts/Services/Infrastructure/BlueprintResearchRuntime.cs; Assets/Scripts/Services/Infrastructure/BlueprintResearchRuntimeProvider.cs; Assets/Scripts/Services/Infrastructure/BlueprintResearchSaveSection.cs; Assets/Scripts/Services/Infrastructure/ResearchCraftingSummaryService.cs; Assets/Scripts/Services/Infrastructure/ResearchFacilityCapacityAdapter.cs; Assets/Scripts/Services/Infrastructure/ResearchGraphLayoutService.cs; Assets/Scripts/Services/Infrastructure/ResearchProjectCatalogAdapter.cs; Assets/Scripts/Services/Infrastructure/ResearchRewardCatalogAdapter.cs; Assets/Scripts/Services/Run/FirstRunObjectiveRuntime.cs,Assets/Scripts/Services/Infrastructure/BlueprintResearchContracts.cs; Assets/Scripts/Services/Infrastructure/BlueprintResearchRuntime.cs; Assets/Scripts/Services/Infrastructure/BlueprintResearchSaveSection.cs; Assets/Scripts/Services/Infrastructure/ResearchCraftingSummaryService.cs; Assets/Scripts/Services/Run/FirstRunObjectiveRuntime.cs; Assets/Scripts/Services/Run/V20MilestoneWorldSnapshotProjector.cs; Assets/Scripts/Views/UI/ResearchTreeWindow.cs,4,ProductionRecipeSO; ResearchProjectSO,진행 역할은 '룬 제어반으로 복잡한 생산선의 작업과 유지보수를 보조한다'이다. 선행 4개와 해금 1개를 연구 그래프에 연결한다.,연구 분야 15의 선행·해금 그래프에서 진행 경계를 만든다.,requiredWork=546,research-field:15,"비교 후보(대체 가능성 미검증): ResearchProjectSO:research:climate:environment-control, ResearchProjectSO:research:equipment:black-powder, ResearchProjectSO:research:equipment:ignition-mechanisms, ResearchProjectSO:research:equipment:industrial-metrology, ResearchProjectSO:research:equipment:material-testing, ResearchProjectSO:research:equipment:modular-frames, ResearchProjectSO:research:equipment:powered-armor, ResearchProjectSO:research:equipment:precision-fitting, ResearchProjectSO:research:equipment:pressure-barrels, ResearchProjectSO:research:equipment:prototype-engineering, ResearchProjectSO:research:equipment:rune-module-tuning, ResearchProjectSO:research:equipment:standard-ammunition 외 18개","직접 참조 4건에 영향: ProductionRecipeSO:recipe:component:rune-control-panel, ResearchProjectSO:research:industry:dark-foundry",research-topology-and-unlocks; niche=field+prerequisites+unlocks; cost=requiredWork,Assets/Resources/SO/Research/Projects/industry_rune_automation.asset,25b7413b5535250488c0cabfad56ae8b,"{""fileID"":0}",0,ResearchBlueprintRule,None,explicit-serialized,룬 제어반으로 복잡한 생산선의 작업과 유지보수를 보조한다.,룬 자동화,[],0,"[{""capability"":0,""requiredCount"":2},{""capability"":3,""requiredCount"":1},{""capability"":6,""requiredCount"":1}]",3,15,ResearchField,Industry And Automation,explicit-serialized,"{""fileID"":0}",7178,0,ResearchPrerequisiteKind,Theory,implicit-csharp-default,industry_rune_automation,1,"[{""kind"":2,""prerequisite"":{""fileID"":11400000,""guid"":""4b3074860ed56d9429b554e903f0d8e7"",""type"":2},""prerequisiteId"":""research:industry:mana-power"",""reason"":""마나 동력과 룬 전력망의 공학 원리이(가) 룬 자동화 구현에 직접 필요하다.""},{""kind"":2,""prerequisite"":{""fileID"":11400000,""guid"":""5f482d6d36c48094fbdc08be33a2735a"",""type"":2},""prerequisiteId"":""research:industry:precision"",""reason"":""정밀 자동화의 공학 원리이(가) 룬 자동화 구현에 직접 필요하다.""}]",2,"[{""fileID"":11400000,""guid"":""4b3074860ed56d9429b554e903f0d8e7"",""type"":2},{""fileID"":11400000,""guid"":""5f482d6d36c48094fbdc08be33a2735a"",""type"":2}]",2,research:industry:rune-automation,546,"{""items"":[{""rid"":7737212199327498606}]}"
research-effects,ResearchProjectSO,ResearchProjectSO|research:industry:steam-power,research:industry:steam-power,증기 동력과 배전,"증기 동력과 배전에 필요한 이론, 제작 절차, 안전 기준과 운용 보상을 하나의 완결된 연구 패키지로 통합한다.",분야 15; 작업 446; 선행 4; 해금 2; 시설 요구 3; 효과 0,prerequisite:research:forestry:charcoal; prerequisite:research:forestry:charcoal; prerequisite:research:forestry:charcoal; prerequisite:research:metallurgy:iron; prerequisite:research:metallurgy:iron; prerequisite:research:metallurgy:iron; unlocks-building:building:9801; unlocks-building:building:9810,"진행 역할은 '증기 동력과 배전에 필요한 이론, 제작 절차, 안전 기준과 운용 보상을 하나의 완결된 연구 패키지로 통합한다'이다. 선행 4개와 해금 2개를 연구 그래프에 연결한다.",research-topology-and-unlocks,근거 확인,,active-authored,Assets/Resources/SO/Content/GameDomainContentCatalog.asset; Assets/Resources/SO/GameContentCatalog.asset,catalog-registered-static-consumer,Assets/Scripts/Services/Effects/Runtime/CharacterDerivedStatsSnapshot.cs; Assets/Scripts/Services/Infrastructure/BlueprintResearchContracts.cs; Assets/Scripts/Services/Infrastructure/BlueprintResearchProjectCoordinator.cs; Assets/Scripts/Services/Infrastructure/BlueprintResearchRuntime.cs; Assets/Scripts/Services/Infrastructure/BlueprintResearchRuntimeProvider.cs; Assets/Scripts/Services/Infrastructure/BlueprintResearchSaveSection.cs; Assets/Scripts/Services/Infrastructure/ResearchCraftingSummaryService.cs; Assets/Scripts/Services/Infrastructure/ResearchFacilityCapacityAdapter.cs; Assets/Scripts/Services/Infrastructure/ResearchGraphLayoutService.cs; Assets/Scripts/Services/Infrastructure/ResearchProjectCatalogAdapter.cs; Assets/Scripts/Services/Infrastructure/ResearchRewardCatalogAdapter.cs; Assets/Scripts/Services/Run/FirstRunObjectiveRuntime.cs,Assets/Scripts/Services/Infrastructure/BlueprintResearchContracts.cs; Assets/Scripts/Services/Infrastructure/BlueprintResearchRuntime.cs; Assets/Scripts/Services/Infrastructure/BlueprintResearchSaveSection.cs; Assets/Scripts/Services/Infrastructure/ResearchCraftingSummaryService.cs; Assets/Scripts/Services/Run/FirstRunObjectiveRuntime.cs; Assets/Scripts/Services/Run/V20MilestoneWorldSnapshotProjector.cs; Assets/Scripts/Views/UI/ResearchTreeWindow.cs,24,ResearchProjectSO,"진행 역할은 '증기 동력과 배전에 필요한 이론, 제작 절차, 안전 기준과 운용 보상을 하나의 완결된 연구 패키지로 통합한다'이다. 선행 4개와 해금 2개를 연구 그래프에 연결한다.",연구 분야 15의 선행·해금 그래프에서 진행 경계를 만든다.,requiredWork=446,research-field:15,"비교 후보(대체 가능성 미검증): ResearchProjectSO:research:climate:environment-control, ResearchProjectSO:research:equipment:black-powder, ResearchProjectSO:research:equipment:ignition-mechanisms, ResearchProjectSO:research:equipment:industrial-metrology, ResearchProjectSO:research:equipment:material-testing, ResearchProjectSO:research:equipment:modular-frames, ResearchProjectSO:research:equipment:powered-armor, ResearchProjectSO:research:equipment:precision-fitting, ResearchProjectSO:research:equipment:pressure-barrels, ResearchProjectSO:research:equipment:prototype-engineering, ResearchProjectSO:research:equipment:rune-module-tuning, ResearchProjectSO:research:equipment:standard-ammunition 외 18개","직접 참조 24건에 영향: ResearchProjectSO:research:defense:remote-control, ResearchProjectSO:research:industry:conveyor, ResearchProjectSO:research:industry:electric-lighting, ResearchProjectSO:research:industry:powered-tools, ResearchProjectSO:research:industry:waterwheel, ResearchProjectSO:research:medical:construct-core-maintenance, ResearchProjectSO:research:plumbing:basics, ResearchProjectSO:research:service-automation",research-topology-and-unlocks; niche=field+prerequisites+unlocks; cost=requiredWork,Assets/Resources/SO/Research/Projects/industry_steam_power.asset,4ee2df589417d314295a42c252406053,"{""fileID"":0}",0,ResearchBlueprintRule,None,explicit-serialized,"증기 동력과 배전에 필요한 이론, 제작 절차, 안전 기준과 운용 보상을 하나의 완결된 연구 패키지로 통합한다.",증기 동력과 배전,[],0,"[{""capability"":0,""requiredCount"":2},{""capability"":3,""requiredCount"":1},{""capability"":6,""requiredCount"":1}]",3,15,ResearchField,Industry And Automation,explicit-serialized,"{""fileID"":0}",7151,0,ResearchPrerequisiteKind,Theory,implicit-csharp-default,industry_steam_power,1,"[{""kind"":2,""prerequisite"":{""fileID"":11400000,""guid"":""212219e2e99209a469357092f71d146e"",""type"":2},""prerequisiteId"":""research:forestry:charcoal"",""reason"":""숯가마의 공학 원리이(가) 증기 동력과 배전 구현에 직접 필요하다.""},{""kind"":2,""prerequisite"":{""fileID"":11400000,""guid"":""2a6b0ed0e88929c4dabd29e4462697af"",""type"":2},""prerequisiteId"":""research:metallurgy:iron"",""reason"":""철제 가공의 공학 원리이(가) 증기 동력과 배전 구현에 직접 필요하다.""}]",2,"[{""fileID"":11400000,""guid"":""212219e2e99209a469357092f71d146e"",""type"":2},{""fileID"":11400000,""guid"":""2a6b0ed0e88929c4dabd29e4462697af"",""type"":2}]",2,research:industry:steam-power,446,"{""items"":[{""rid"":7737212199327498607},{""rid"":7737212199327498608}]}"
research-effects,ResearchProjectSO,ResearchProjectSO|research:industry:storage,research:industry:storage,산업 저장과 변압,"산업 저장과 변압에 필요한 이론, 제작 절차, 안전 기준과 운용 보상을 하나의 완결된 연구 패키지로 통합한다.",분야 15; 작업 582; 선행 2; 해금 2; 시설 요구 3; 효과 0,prerequisite:research:industry:breakers; prerequisite:research:industry:breakers; prerequisite:research:industry:breakers; unlocks-building:building:9813; unlocks-building:building:9815,"진행 역할은 '산업 저장과 변압에 필요한 이론, 제작 절차, 안전 기준과 운용 보상을 하나의 완결된 연구 패키지로 통합한다'이다. 선행 2개와 해금 2개를 연구 그래프에 연결한다.",research-topology-and-unlocks,근거 확인,,active-authored,Assets/Resources/SO/Content/GameDomainContentCatalog.asset; Assets/Resources/SO/GameContentCatalog.asset,catalog-registered-static-consumer,Assets/Scripts/Services/Effects/Runtime/CharacterDerivedStatsSnapshot.cs; Assets/Scripts/Services/Infrastructure/BlueprintResearchContracts.cs; Assets/Scripts/Services/Infrastructure/BlueprintResearchProjectCoordinator.cs; Assets/Scripts/Services/Infrastructure/BlueprintResearchRuntime.cs; Assets/Scripts/Services/Infrastructure/BlueprintResearchRuntimeProvider.cs; Assets/Scripts/Services/Infrastructure/BlueprintResearchSaveSection.cs; Assets/Scripts/Services/Infrastructure/ResearchCraftingSummaryService.cs; Assets/Scripts/Services/Infrastructure/ResearchFacilityCapacityAdapter.cs; Assets/Scripts/Services/Infrastructure/ResearchGraphLayoutService.cs; Assets/Scripts/Services/Infrastructure/ResearchProjectCatalogAdapter.cs; Assets/Scripts/Services/Infrastructure/ResearchRewardCatalogAdapter.cs; Assets/Scripts/Services/Run/FirstRunObjectiveRuntime.cs,Assets/Scripts/Services/Infrastructure/BlueprintResearchContracts.cs; Assets/Scripts/Services/Infrastructure/BlueprintResearchRuntime.cs; Assets/Scripts/Services/Infrastructure/BlueprintResearchSaveSection.cs; Assets/Scripts/Services/Infrastructure/ResearchCraftingSummaryService.cs; Assets/Scripts/Services/Run/FirstRunObjectiveRuntime.cs; Assets/Scripts/Services/Run/V20MilestoneWorldSnapshotProjector.cs; Assets/Scripts/Views/UI/ResearchTreeWindow.cs,3,ResearchProjectSO,"진행 역할은 '산업 저장과 변압에 필요한 이론, 제작 절차, 안전 기준과 운용 보상을 하나의 완결된 연구 패키지로 통합한다'이다. 선행 2개와 해금 2개를 연구 그래프에 연결한다.",연구 분야 15의 선행·해금 그래프에서 진행 경계를 만든다.,requiredWork=582,research-field:15,"비교 후보(대체 가능성 미검증): ResearchProjectSO:research:climate:environment-control, ResearchProjectSO:research:equipment:black-powder, ResearchProjectSO:research:equipment:ignition-mechanisms, ResearchProjectSO:research:equipment:industrial-metrology, ResearchProjectSO:research:equipment:material-testing, ResearchProjectSO:research:equipment:modular-frames, ResearchProjectSO:research:equipment:powered-armor, ResearchProjectSO:research:equipment:precision-fitting, ResearchProjectSO:research:equipment:pressure-barrels, ResearchProjectSO:research:equipment:prototype-engineering, ResearchProjectSO:research:equipment:rune-module-tuning, ResearchProjectSO:research:equipment:standard-ammunition 외 18개",직접 참조 3건에 영향: ResearchProjectSO:research:industry:mana-power,research-topology-and-unlocks; niche=field+prerequisites+unlocks; cost=requiredWork,Assets/Resources/SO/Research/Projects/industry_storage.asset,2c7273310732d4443b629960e67a303a,"{""fileID"":0}",0,ResearchBlueprintRule,None,explicit-serialized,"산업 저장과 변압에 필요한 이론, 제작 절차, 안전 기준과 운용 보상을 하나의 완결된 연구 패키지로 통합한다.",산업 저장과 변압,[],0,"[{""capability"":0,""requiredCount"":2},{""capability"":3,""requiredCount"":1},{""capability"":6,""requiredCount"":1}]",3,15,ResearchField,Industry And Automation,explicit-serialized,"{""fileID"":0}",7154,0,ResearchPrerequisiteKind,Theory,implicit-csharp-default,industry_storage,1,"[{""kind"":2,""prerequisite"":{""fileID"":11400000,""guid"":""1bbb2845e79f6b649a3c80a133ede933"",""type"":2},""prerequisiteId"":""research:industry:breakers"",""reason"":""차단기와 산업 정비의 공학 원리이(가) 산업 저장과 변압 구현에 직접 필요하다.""}]",1,"[{""fileID"":11400000,""guid"":""1bbb2845e79f6b649a3c80a133ede933"",""type"":2}]",1,research:industry:storage,582,"{""items"":[{""rid"":7737212199327498609},{""rid"":7737212199327498610}]}"
research-effects,ResearchProjectSO,ResearchProjectSO|research:industry:waterwheel,research:industry:waterwheel,수차 발전,외부 수원을 이용해 연료 없는 완만한 전력을 생산한다.,분야 15; 작업 255; 선행 4; 해금 1; 시설 요구 3; 효과 0,prerequisite:research:agriculture:irrigation; prerequisite:research:agriculture:irrigation; prerequisite:research:agriculture:irrigation; prerequisite:research:industry:steam-power; prerequisite:research:industry:steam-power; prerequisite:research:industry:steam-power; unlocks-building:building:9811,진행 역할은 '외부 수원을 이용해 연료 없는 완만한 전력을 생산한다'이다. 선행 4개와 해금 1개를 연구 그래프에 연결한다.,research-topology-and-unlocks,근거 확인,,active-authored,Assets/Resources/SO/Content/GameDomainContentCatalog.asset; Assets/Resources/SO/GameContentCatalog.asset,catalog-registered-static-consumer,Assets/Scripts/Services/Effects/Runtime/CharacterDerivedStatsSnapshot.cs; Assets/Scripts/Services/Infrastructure/BlueprintResearchContracts.cs; Assets/Scripts/Services/Infrastructure/BlueprintResearchProjectCoordinator.cs; Assets/Scripts/Services/Infrastructure/BlueprintResearchRuntime.cs; Assets/Scripts/Services/Infrastructure/BlueprintResearchRuntimeProvider.cs; Assets/Scripts/Services/Infrastructure/BlueprintResearchSaveSection.cs; Assets/Scripts/Services/Infrastructure/ResearchCraftingSummaryService.cs; Assets/Scripts/Services/Infrastructure/ResearchFacilityCapacityAdapter.cs; Assets/Scripts/Services/Infrastructure/ResearchGraphLayoutService.cs; Assets/Scripts/Services/Infrastructure/ResearchProjectCatalogAdapter.cs; Assets/Scripts/Services/Infrastructure/ResearchRewardCatalogAdapter.cs; Assets/Scripts/Services/Run/FirstRunObjectiveRuntime.cs,Assets/Scripts/Services/Infrastructure/BlueprintResearchContracts.cs; Assets/Scripts/Services/Infrastructure/BlueprintResearchRuntime.cs; Assets/Scripts/Services/Infrastructure/BlueprintResearchSaveSection.cs; Assets/Scripts/Services/Infrastructure/ResearchCraftingSummaryService.cs; Assets/Scripts/Services/Run/FirstRunObjectiveRuntime.cs; Assets/Scripts/Services/Run/V20MilestoneWorldSnapshotProjector.cs; Assets/Scripts/Views/UI/ResearchTreeWindow.cs,1,ProductionRecipeSO,진행 역할은 '외부 수원을 이용해 연료 없는 완만한 전력을 생산한다'이다. 선행 4개와 해금 1개를 연구 그래프에 연결한다.,연구 분야 15의 선행·해금 그래프에서 진행 경계를 만든다.,requiredWork=255,research-field:15,"비교 후보(대체 가능성 미검증): ResearchProjectSO:research:climate:environment-control, ResearchProjectSO:research:equipment:black-powder, ResearchProjectSO:research:equipment:ignition-mechanisms, ResearchProjectSO:research:equipment:industrial-metrology, ResearchProjectSO:research:equipment:material-testing, ResearchProjectSO:research:equipment:modular-frames, ResearchProjectSO:research:equipment:powered-armor, ResearchProjectSO:research:equipment:precision-fitting, ResearchProjectSO:research:equipment:pressure-barrels, ResearchProjectSO:research:equipment:prototype-engineering, ResearchProjectSO:research:equipment:rune-module-tuning, ResearchProjectSO:research:equipment:standard-ammunition 외 18개",직접 참조 1건에 영향: ProductionRecipeSO:recipe:component:waterwheel-drive-shaft,research-topology-and-unlocks; niche=field+prerequisites+unlocks; cost=requiredWork,Assets/Resources/SO/Research/Projects/industry_waterwheel.asset,604db0724798adb40a2e9d31f7e0fb50,"{""fileID"":0}",0,ResearchBlueprintRule,None,explicit-serialized,외부 수원을 이용해 연료 없는 완만한 전력을 생산한다.,수차 발전,[],0,"[{""capability"":0,""requiredCount"":2},{""capability"":3,""requiredCount"":1},{""capability"":6,""requiredCount"":1}]",3,15,ResearchField,Industry And Automation,explicit-serialized,"{""fileID"":0}",7155,0,ResearchPrerequisiteKind,Theory,implicit-csharp-default,industry_waterwheel,1,"[{""kind"":2,""prerequisite"":{""fileID"":11400000,""guid"":""06ebf1937f853144db068060e289c96d"",""type"":2},""prerequisiteId"":""research:agriculture:irrigation"",""reason"":""관개의 공학 원리이(가) 수차 발전 구현에 직접 필요하다.""},{""kind"":2,""prerequisite"":{""fileID"":11400000,""guid"":""4ee2df589417d314295a42c252406053"",""type"":2},""prerequisiteId"":""research:industry:steam-power"",""reason"":""증기 동력과 배전의 공학 원리이(가) 수차 발전 구현에 직접 필요하다.""}]",2,"[{""fileID"":11400000,""guid"":""06ebf1937f853144db068060e289c96d"",""type"":2},{""fileID"":11400000,""guid"":""4ee2df589417d314295a42c252406053"",""type"":2}]",2,research:industry:waterwheel,255,"{""items"":[{""rid"":7737212199327498611}]}"
research-effects,ResearchProjectSO,ResearchProjectSO|research:life:seasonal-calendar,research:life:seasonal-calendar,계절 역법,절대 달력의 계절 경계와 생업 주기를 기록한다.,분야 3; 작업 84; 선행 4; 해금 1; 시설 요구 4; 효과 0,prerequisite:research:agriculture:field; prerequisite:research:agriculture:field; prerequisite:research:agriculture:field; prerequisite:research:arcane:records; prerequisite:research:arcane:records; prerequisite:research:arcane:records; unlocks-building:building:8849,진행 역할은 '절대 달력의 계절 경계와 생업 주기를 기록한다'이다. 선행 4개와 해금 1개를 연구 그래프에 연결한다.,research-topology-and-unlocks,근거 확인,,active-authored,Assets/Resources/SO/Content/GameDomainContentCatalog.asset; Assets/Resources/SO/GameContentCatalog.asset,catalog-registered-static-consumer,Assets/Scripts/Services/Effects/Runtime/CharacterDerivedStatsSnapshot.cs; Assets/Scripts/Services/Infrastructure/BlueprintResearchContracts.cs; Assets/Scripts/Services/Infrastructure/BlueprintResearchProjectCoordinator.cs; Assets/Scripts/Services/Infrastructure/BlueprintResearchRuntime.cs; Assets/Scripts/Services/Infrastructure/BlueprintResearchRuntimeProvider.cs; Assets/Scripts/Services/Infrastructure/BlueprintResearchSaveSection.cs; Assets/Scripts/Services/Infrastructure/ResearchCraftingSummaryService.cs; Assets/Scripts/Services/Infrastructure/ResearchFacilityCapacityAdapter.cs; Assets/Scripts/Services/Infrastructure/ResearchGraphLayoutService.cs; Assets/Scripts/Services/Infrastructure/ResearchProjectCatalogAdapter.cs; Assets/Scripts/Services/Infrastructure/ResearchRewardCatalogAdapter.cs; Assets/Scripts/Services/Run/FirstRunObjectiveRuntime.cs,Assets/Scripts/Services/Infrastructure/BlueprintResearchContracts.cs; Assets/Scripts/Services/Infrastructure/BlueprintResearchRuntime.cs; Assets/Scripts/Services/Infrastructure/BlueprintResearchSaveSection.cs; Assets/Scripts/Services/Infrastructure/ResearchCraftingSummaryService.cs; Assets/Scripts/Services/Run/FirstRunObjectiveRuntime.cs; Assets/Scripts/Services/Run/V20MilestoneWorldSnapshotProjector.cs; Assets/Scripts/Views/UI/ResearchTreeWindow.cs,10,ProductionRecipeSO; ResearchProjectSO,진행 역할은 '절대 달력의 계절 경계와 생업 주기를 기록한다'이다. 선행 4개와 해금 1개를 연구 그래프에 연결한다.,연구 분야 3의 선행·해금 그래프에서 진행 경계를 만든다.,requiredWork=84,research-field:3,"비교 후보(대체 가능성 미검증): ResearchProjectSO:research:arcane:advanced, ResearchProjectSO:research:arcane:alchemy, ResearchProjectSO:research:arcane:records, ResearchProjectSO:research:arcane:resonance, ResearchProjectSO:research:climate:regional-climatology, ResearchProjectSO:research:climate:weather-observation, ResearchProjectSO:research:equipment:lineage-binding, ResearchProjectSO:research:equipment:relic-appraisal, ResearchProjectSO:research:genetics:hereditary-records, ResearchProjectSO:research:medical:rune-hibernation, ResearchProjectSO:research:medical:temporal-stasis","직접 참조 10건에 영향: ProductionRecipeSO:recipe:book:seasonal-almanac, ResearchProjectSO:research:agriculture:phenology, ResearchProjectSO:research:climate:weather-observation, ResearchProjectSO:research:survival:seasonal-storage",research-topology-and-unlocks; niche=field+prerequisites+unlocks; cost=requiredWork,Assets/Resources/SO/Research/Projects/life_seasonal_calendar.asset,4db6f6908a9bba947908a1269f3845ef,"{""fileID"":0}",0,ResearchBlueprintRule,None,explicit-serialized,절대 달력의 계절 경계와 생업 주기를 기록한다.,계절 역법,[],0,"[{""capability"":0,""requiredCount"":1},{""capability"":1,""requiredCount"":1},{""capability"":5,""requiredCount"":1},{""capability"":6,""requiredCount"":1}]",4,3,ResearchField,Records And Arcane,explicit-serialized,"{""fileID"":0}",7248,0,ResearchPrerequisiteKind,Theory,implicit-csharp-default,life_seasonal_calendar,1,"[{""kind"":2,""prerequisite"":{""fileID"":11400000,""guid"":""7b91558f8c545e84b8057994f0868974"",""type"":2},""prerequisiteId"":""research:agriculture:field"",""reason"":""외부 경작의 공학 원리이(가) 계절 역법 구현에 직접 필요하다.""},{""kind"":0,""prerequisite"":{""fileID"":11400000,""guid"":""03cfd04c2b1ad654a9b9ff7542b01332"",""type"":2},""prerequisiteId"":""research:arcane:records"",""reason"":""기록 체계의 이론이(가) 계절 역법 구현에 직접 필요하다.""}]",2,"[{""fileID"":11400000,""guid"":""7b91558f8c545e84b8057994f0868974"",""type"":2},{""fileID"":11400000,""guid"":""03cfd04c2b1ad654a9b9ff7542b01332"",""type"":2}]",2,research:life:seasonal-calendar,84,"{""items"":[{""rid"":7737212199327498612}]}"
research-effects,ResearchProjectSO,ResearchProjectSO|research:medical-reception,research:medical-reception,의료 접수,환자를 접수하고 중증도로 분류해 치료 대기를 관리한다.,분야 14; 작업 42; 선행 4; 해금 2; 시설 요구 2; 효과 0,prerequisite:research:service-flow; prerequisite:research:service-flow; prerequisite:research:service-flow; prerequisite:research:survival:medical; prerequisite:research:survival:medical; prerequisite:research:survival:medical; unlocks-building:building:1702; unlocks-building:building:1711,진행 역할은 '환자를 접수하고 중증도로 분류해 치료 대기를 관리한다'이다. 선행 4개와 해금 2개를 연구 그래프에 연결한다.,research-topology-and-unlocks,근거 확인,,active-authored,Assets/Resources/SO/Content/GameDomainContentCatalog.asset; Assets/Resources/SO/GameContentCatalog.asset,catalog-registered-static-consumer,Assets/Scripts/Models/CoreSession/ServiceSessionContracts.cs; Assets/Scripts/Services/Effects/Runtime/CharacterDerivedStatsSnapshot.cs; Assets/Scripts/Services/Infrastructure/BlueprintResearchContracts.cs; Assets/Scripts/Services/Infrastructure/BlueprintResearchProjectCoordinator.cs; Assets/Scripts/Services/Infrastructure/BlueprintResearchRuntime.cs; Assets/Scripts/Services/Infrastructure/BlueprintResearchRuntimeProvider.cs; Assets/Scripts/Services/Infrastructure/BlueprintResearchSaveSection.cs; Assets/Scripts/Services/Infrastructure/ResearchCraftingSummaryService.cs; Assets/Scripts/Services/Infrastructure/ResearchFacilityCapacityAdapter.cs; Assets/Scripts/Services/Infrastructure/ResearchGraphLayoutService.cs; Assets/Scripts/Services/Infrastructure/ResearchProjectCatalogAdapter.cs; Assets/Scripts/Services/Infrastructure/ResearchRewardCatalogAdapter.cs,Assets/Scripts/Services/Infrastructure/BlueprintResearchContracts.cs; Assets/Scripts/Services/Infrastructure/BlueprintResearchRuntime.cs; Assets/Scripts/Services/Infrastructure/BlueprintResearchSaveSection.cs; Assets/Scripts/Services/Infrastructure/ResearchCraftingSummaryService.cs; Assets/Scripts/Services/Run/FirstRunObjectiveRuntime.cs; Assets/Scripts/Services/Run/V20MilestoneWorldSnapshotProjector.cs; Assets/Scripts/Views/UI/ResearchTreeWindow.cs,9,ResearchProjectSO,진행 역할은 '환자를 접수하고 중증도로 분류해 치료 대기를 관리한다'이다. 선행 4개와 해금 2개를 연구 그래프에 연결한다.,연구 분야 14의 선행·해금 그래프에서 진행 경계를 만든다.,requiredWork=42,research-field:14,"비교 후보(대체 가능성 미검증): ResearchProjectSO:research:genetics:controlled-heredity, ResearchProjectSO:research:genetics:cross-lineage-stabilization, ResearchProjectSO:research:health:isolation-medicine, ResearchProjectSO:research:health:pathogen-observation, ResearchProjectSO:research:health:vaccination, ResearchProjectSO:research:medical:aberrant-augmentation, ResearchProjectSO:research:medical:anatomy, ResearchProjectSO:research:medical:avian-prosthetics, ResearchProjectSO:research:medical:blood-rejuvenation, ResearchProjectSO:research:medical:bloodcraft-augmentation, ResearchProjectSO:research:medical:construct-core-engineering, ResearchProjectSO:research:medical:construct-core-maintenance 외 14개","직접 참조 9건에 영향: ResearchProjectSO:research:health:isolation-medicine, ResearchProjectSO:research:medical:trauma-medicine, ResearchProjectSO:research:service-automation",research-topology-and-unlocks; niche=field+prerequisites+unlocks; cost=requiredWork,Assets/Resources/SO/Research/Projects/medical_reception.asset,dd2109148e59a2244a05b77b4681c17b,"{""fileID"":0}",0,ResearchBlueprintRule,None,explicit-serialized,환자를 접수하고 중증도로 분류해 치료 대기를 관리한다.,의료 접수,[],0,"[{""capability"":0,""requiredCount"":1},{""capability"":2,""requiredCount"":1}]",2,14,ResearchField,Surgery And Transplant,explicit-serialized,"{""fileID"":0}",7018,0,ResearchPrerequisiteKind,Theory,implicit-csharp-default,medical_reception,1,"[{""kind"":4,""prerequisite"":{""fileID"":11400000,""guid"":""95417a94ca080a740b183c0ab32898cc"",""type"":2},""prerequisiteId"":""research:service-flow"",""reason"":""서비스 동선의 운용 절차이(가) 의료 접수 구현에 직접 필요하다.""},{""kind"":2,""prerequisite"":{""fileID"":11400000,""guid"":""3e92a60a5d0530d4abe6c67462148c11"",""type"":2},""prerequisiteId"":""research:survival:medical"",""reason"":""의료 회복의 공학 원리이(가) 의료 접수 구현에 직접 필요하다.""}]",2,"[{""fileID"":11400000,""guid"":""95417a94ca080a740b183c0ab32898cc"",""type"":2},{""fileID"":11400000,""guid"":""3e92a60a5d0530d4abe6c67462148c11"",""type"":2}]",2,research:medical-reception,42,"{""items"":[{""rid"":7737212199327498626},{""rid"":7737212199327498627}]}"
research-effects,ResearchProjectSO,ResearchProjectSO|research:medical:aberrant-augmentation,research:medical:aberrant-augmentation,이형 개조,비전 기관과 룬 봉합으로 생명의 원형을 의도적으로 다시 쓴다.,분야 14; 작업 153; 선행 6; 해금 2; 시설 요구 3; 효과 0,prerequisite:research:arcane:resonance; prerequisite:research:arcane:resonance; prerequisite:research:arcane:resonance; prerequisite:research:medical:xenotransplant; prerequisite:research:medical:xenotransplant; prerequisite:research:medical:xenotransplant; prerequisite:research:metallurgy:blacksteel; prerequisite:research:metallurgy:blacksteel; prerequisite:research:metallurgy:blacksteel; unlocks-building:building:9512; unlocks-building:building:9513,진행 역할은 '비전 기관과 룬 봉합으로 생명의 원형을 의도적으로 다시 쓴다'이다. 선행 6개와 해금 2개를 연구 그래프에 연결한다.,research-topology-and-unlocks,근거 확인,,active-authored,Assets/Resources/SO/Content/GameDomainContentCatalog.asset; Assets/Resources/SO/GameContentCatalog.asset,catalog-registered-static-consumer,Assets/Scripts/Services/Effects/Runtime/CharacterDerivedStatsSnapshot.cs; Assets/Scripts/Services/Infrastructure/BlueprintResearchContracts.cs; Assets/Scripts/Services/Infrastructure/BlueprintResearchProjectCoordinator.cs; Assets/Scripts/Services/Infrastructure/BlueprintResearchRuntime.cs; Assets/Scripts/Services/Infrastructure/BlueprintResearchRuntimeProvider.cs; Assets/Scripts/Services/Infrastructure/BlueprintResearchSaveSection.cs; Assets/Scripts/Services/Infrastructure/ResearchCraftingSummaryService.cs; Assets/Scripts/Services/Infrastructure/ResearchFacilityCapacityAdapter.cs; Assets/Scripts/Services/Infrastructure/ResearchGraphLayoutService.cs; Assets/Scripts/Services/Infrastructure/ResearchProjectCatalogAdapter.cs; Assets/Scripts/Services/Infrastructure/ResearchRewardCatalogAdapter.cs; Assets/Scripts/Services/Run/FirstRunObjectiveRuntime.cs,Assets/Scripts/Services/Infrastructure/BlueprintResearchContracts.cs; Assets/Scripts/Services/Infrastructure/BlueprintResearchRuntime.cs; Assets/Scripts/Services/Infrastructure/BlueprintResearchSaveSection.cs; Assets/Scripts/Services/Infrastructure/ResearchCraftingSummaryService.cs; Assets/Scripts/Services/Run/FirstRunObjectiveRuntime.cs; Assets/Scripts/Services/Run/V20MilestoneWorldSnapshotProjector.cs; Assets/Scripts/Views/UI/ResearchTreeWindow.cs,7,ResearchProjectSO; SurgicalProcedureSO,진행 역할은 '비전 기관과 룬 봉합으로 생명의 원형을 의도적으로 다시 쓴다'이다. 선행 6개와 해금 2개를 연구 그래프에 연결한다.,연구 분야 14의 선행·해금 그래프에서 진행 경계를 만든다.,requiredWork=153,research-field:14,"비교 후보(대체 가능성 미검증): ResearchProjectSO:research:genetics:controlled-heredity, ResearchProjectSO:research:genetics:cross-lineage-stabilization, ResearchProjectSO:research:health:isolation-medicine, ResearchProjectSO:research:health:pathogen-observation, ResearchProjectSO:research:health:vaccination, ResearchProjectSO:research:medical:anatomy, ResearchProjectSO:research:medical:avian-prosthetics, ResearchProjectSO:research:medical:blood-rejuvenation, ResearchProjectSO:research:medical:bloodcraft-augmentation, ResearchProjectSO:research:medical:construct-core-engineering, ResearchProjectSO:research:medical:construct-core-maintenance, ResearchProjectSO:research:medical:geriatric-medicine 외 14개","직접 참조 7건에 영향: ResearchProjectSO:research:industry:dark-foundry, ResearchProjectSO:research:medical:mana-core-engineering, SurgicalProcedureSO:procedure:arcane-modification",research-topology-and-unlocks; niche=field+prerequisites+unlocks; cost=requiredWork,Assets/Resources/SO/Research/Projects/medical_aberrant_augmentation.asset,35b0271bac2979541bcef9f4a1014dc3,"{""fileID"":0}",0,ResearchBlueprintRule,None,explicit-serialized,비전 기관과 룬 봉합으로 생명의 원형을 의도적으로 다시 쓴다.,이형 개조,[],0,"[{""capability"":0,""requiredCount"":1},{""capability"":2,""requiredCount"":1},{""capability"":6,""requiredCount"":1}]",3,14,ResearchField,Surgery And Transplant,explicit-serialized,"{""fileID"":0}",7146,0,ResearchPrerequisiteKind,Theory,implicit-csharp-default,medical_aberrant_augmentation,1,"[{""kind"":0,""prerequisite"":{""fileID"":11400000,""guid"":""56ffa2cea97e51048b951d004cec9b2b"",""type"":2},""prerequisiteId"":""research:arcane:resonance"",""reason"":""비전 공명의 이론이(가) 이형 개조 구현에 직접 필요하다.""},{""kind"":2,""prerequisite"":{""fileID"":11400000,""guid"":""bea0ba010ab47b745ad5a17a505932e8"",""type"":2},""prerequisiteId"":""research:medical:xenotransplant"",""reason"":""이종 이식의 공학 원리이(가) 이형 개조 구현에 직접 필요하다.""},{""kind"":2,""prerequisite"":{""fileID"":11400000,""guid"":""f8979a9659eeb294590440db919173b1"",""type"":2},""prerequisiteId"":""research:metallurgy:blacksteel"",""reason"":""흑강의 공학 원리이(가) 이형 개조 구현에 직접 필요하다.""}]",3,"[{""fileID"":11400000,""guid"":""56ffa2cea97e51048b951d004cec9b2b"",""type"":2},{""fileID"":11400000,""guid"":""bea0ba010ab47b745ad5a17a505932e8"",""type"":2},{""fileID"":11400000,""guid"":""f8979a9659eeb294590440db919173b1"",""type"":2}]",3,research:medical:aberrant-augmentation,153,"{""items"":[{""rid"":7737212199327498613},{""rid"":7737212199327498614}]}"
research-effects,ResearchProjectSO,ResearchProjectSO|research:medical:anatomy,research:medical:anatomy,해부학,인간형과 동물의 기관 구조를 기록해 치료와 적출의 기준을 세운다.,분야 14; 작업 42; 선행 2; 해금 1; 시설 요구 2; 효과 0,prerequisite:research:survival:medical; prerequisite:research:survival:medical; prerequisite:research:survival:medical; unlocks-building:building:9502,진행 역할은 '인간형과 동물의 기관 구조를 기록해 치료와 적출의 기준을 세운다'이다. 선행 2개와 해금 1개를 연구 그래프에 연결한다.,research-topology-and-unlocks,근거 확인,,active-authored,Assets/Resources/SO/Content/GameDomainContentCatalog.asset; Assets/Resources/SO/GameContentCatalog.asset,catalog-registered-static-consumer,Assets/Scripts/Services/Effects/Runtime/CharacterDerivedStatsSnapshot.cs; Assets/Scripts/Services/Infrastructure/BlueprintResearchContracts.cs; Assets/Scripts/Services/Infrastructure/BlueprintResearchProjectCoordinator.cs; Assets/Scripts/Services/Infrastructure/BlueprintResearchRuntime.cs; Assets/Scripts/Services/Infrastructure/BlueprintResearchRuntimeProvider.cs; Assets/Scripts/Services/Infrastructure/BlueprintResearchSaveSection.cs; Assets/Scripts/Services/Infrastructure/ResearchCraftingSummaryService.cs; Assets/Scripts/Services/Infrastructure/ResearchFacilityCapacityAdapter.cs; Assets/Scripts/Services/Infrastructure/ResearchGraphLayoutService.cs; Assets/Scripts/Services/Infrastructure/ResearchProjectCatalogAdapter.cs; Assets/Scripts/Services/Infrastructure/ResearchRewardCatalogAdapter.cs; Assets/Scripts/Services/Run/FirstRunObjectiveRuntime.cs,Assets/Scripts/Services/Infrastructure/BlueprintResearchContracts.cs; Assets/Scripts/Services/Infrastructure/BlueprintResearchRuntime.cs; Assets/Scripts/Services/Infrastructure/BlueprintResearchSaveSection.cs; Assets/Scripts/Services/Infrastructure/ResearchCraftingSummaryService.cs; Assets/Scripts/Services/Run/FirstRunObjectiveRuntime.cs; Assets/Scripts/Services/Run/V20MilestoneWorldSnapshotProjector.cs; Assets/Scripts/Views/UI/ResearchTreeWindow.cs,16,ResearchProjectSO; SurgicalProcedureSO,진행 역할은 '인간형과 동물의 기관 구조를 기록해 치료와 적출의 기준을 세운다'이다. 선행 2개와 해금 1개를 연구 그래프에 연결한다.,연구 분야 14의 선행·해금 그래프에서 진행 경계를 만든다.,requiredWork=42,research-field:14,"비교 후보(대체 가능성 미검증): ResearchProjectSO:research:genetics:controlled-heredity, ResearchProjectSO:research:genetics:cross-lineage-stabilization, ResearchProjectSO:research:health:isolation-medicine, ResearchProjectSO:research:health:pathogen-observation, ResearchProjectSO:research:health:vaccination, ResearchProjectSO:research:medical:aberrant-augmentation, ResearchProjectSO:research:medical:avian-prosthetics, ResearchProjectSO:research:medical:blood-rejuvenation, ResearchProjectSO:research:medical:bloodcraft-augmentation, ResearchProjectSO:research:medical:construct-core-engineering, ResearchProjectSO:research:medical:construct-core-maintenance, ResearchProjectSO:research:medical:geriatric-medicine 외 14개","직접 참조 16건에 영향: ResearchProjectSO:research:medical:gerontology, ResearchProjectSO:research:medical:mycelial-grafting, ResearchProjectSO:research:medical:reproductive-medicine, ResearchProjectSO:research:medical:slime-bioengineering, ResearchProjectSO:research:medical:surgery, SurgicalProcedureSO:procedure:corpse-organ-extraction",research-topology-and-unlocks; niche=field+prerequisites+unlocks; cost=requiredWork,Assets/Resources/SO/Research/Projects/medical_anatomy.asset,db52b6c4042583d41a582bd0c7d9d6a3,"{""fileID"":0}",0,ResearchBlueprintRule,None,explicit-serialized,인간형과 동물의 기관 구조를 기록해 치료와 적출의 기준을 세운다.,해부학,[],0,"[{""capability"":0,""requiredCount"":1},{""capability"":2,""requiredCount"":1}]",2,14,ResearchField,Surgery And Transplant,explicit-serialized,"{""fileID"":0}",7141,0,ResearchPrerequisiteKind,Theory,implicit-csharp-default,medical_anatomy,1,"[{""kind"":2,""prerequisite"":{""fileID"":11400000,""guid"":""3e92a60a5d0530d4abe6c67462148c11"",""type"":2},""prerequisiteId"":""research:survival:medical"",""reason"":""의료 회복의 공학 원리이(가) 해부학 구현에 직접 필요하다.""}]",1,"[{""fileID"":11400000,""guid"":""3e92a60a5d0530d4abe6c67462148c11"",""type"":2}]",1,research:medical:anatomy,42,"{""items"":[{""rid"":7737212199327498615}]}"
research-effects,ResearchProjectSO,ResearchProjectSO|research:medical:avian-prosthetics,research:medical:avian-prosthetics,조류 보철학,기낭과 날개의 하중을 보존하는 경량 고정술을 개발한다.,분야 14; 작업 84; 선행 4; 해금 0; 시설 요구 2; 효과 0,prerequisite:research:medical:prosthetics; prerequisite:research:medical:prosthetics; prerequisite:research:medical:prosthetics; prerequisite:research:textile:layered; prerequisite:research:textile:layered; prerequisite:research:textile:layered,진행 역할은 '기낭과 날개의 하중을 보존하는 경량 고정술을 개발한다'이다. 선행 4개와 해금 0개를 연구 그래프에 연결한다.,research-topology-and-unlocks,근거 확인,,active-authored,Assets/Resources/SO/Content/GameDomainContentCatalog.asset; Assets/Resources/SO/GameContentCatalog.asset,catalog-registered-static-consumer,Assets/Scripts/Services/Effects/Runtime/CharacterDerivedStatsSnapshot.cs; Assets/Scripts/Services/Infrastructure/BlueprintResearchContracts.cs; Assets/Scripts/Services/Infrastructure/BlueprintResearchProjectCoordinator.cs; Assets/Scripts/Services/Infrastructure/BlueprintResearchRuntime.cs; Assets/Scripts/Services/Infrastructure/BlueprintResearchRuntimeProvider.cs; Assets/Scripts/Services/Infrastructure/BlueprintResearchSaveSection.cs; Assets/Scripts/Services/Infrastructure/ResearchCraftingSummaryService.cs; Assets/Scripts/Services/Infrastructure/ResearchFacilityCapacityAdapter.cs; Assets/Scripts/Services/Infrastructure/ResearchGraphLayoutService.cs; Assets/Scripts/Services/Infrastructure/ResearchProjectCatalogAdapter.cs; Assets/Scripts/Services/Infrastructure/ResearchRewardCatalogAdapter.cs; Assets/Scripts/Services/Run/FirstRunObjectiveRuntime.cs,Assets/Scripts/Services/Infrastructure/BlueprintResearchContracts.cs; Assets/Scripts/Services/Infrastructure/BlueprintResearchRuntime.cs; Assets/Scripts/Services/Infrastructure/BlueprintResearchSaveSection.cs; Assets/Scripts/Services/Infrastructure/ResearchCraftingSummaryService.cs; Assets/Scripts/Services/Run/FirstRunObjectiveRuntime.cs; Assets/Scripts/Services/Run/V20MilestoneWorldSnapshotProjector.cs; Assets/Scripts/Views/UI/ResearchTreeWindow.cs,4,SurgicalProcedureSO,진행 역할은 '기낭과 날개의 하중을 보존하는 경량 고정술을 개발한다'이다. 선행 4개와 해금 0개를 연구 그래프에 연결한다.,연구 분야 14의 선행·해금 그래프에서 진행 경계를 만든다.,requiredWork=84,research-field:14,"비교 후보(대체 가능성 미검증): ResearchProjectSO:research:genetics:controlled-heredity, ResearchProjectSO:research:genetics:cross-lineage-stabilization, ResearchProjectSO:research:health:isolation-medicine, ResearchProjectSO:research:health:pathogen-observation, ResearchProjectSO:research:health:vaccination, ResearchProjectSO:research:medical:aberrant-augmentation, ResearchProjectSO:research:medical:anatomy, ResearchProjectSO:research:medical:blood-rejuvenation, ResearchProjectSO:research:medical:bloodcraft-augmentation, ResearchProjectSO:research:medical:construct-core-engineering, ResearchProjectSO:research:medical:construct-core-maintenance, ResearchProjectSO:research:medical:geriatric-medicine 외 14개","직접 참조 4건에 영향: SurgicalProcedureSO:procedure:harpy-air-sac-suture, SurgicalProcedureSO:procedure:harpy-feather-regrowth, SurgicalProcedureSO:procedure:harpy-tail-graft, SurgicalProcedureSO:procedure:harpy-wing-fixation",research-topology-and-unlocks; niche=field+prerequisites+unlocks; cost=requiredWork,Assets/Resources/SO/Research/Projects/medical_avian_prosthetics.asset,8759e3b63cde14348921e731f72bef15,"{""fileID"":0}",0,ResearchBlueprintRule,None,explicit-serialized,기낭과 날개의 하중을 보존하는 경량 고정술을 개발한다.,조류 보철학,[],0,"[{""capability"":0,""requiredCount"":1},{""capability"":2,""requiredCount"":1}]",2,14,ResearchField,Surgery And Transplant,explicit-serialized,"{""fileID"":0}",7213,0,ResearchPrerequisiteKind,Theory,implicit-csharp-default,medical_avian_prosthetics,1,"[{""kind"":2,""prerequisite"":{""fileID"":11400000,""guid"":""c52785d031f4ec84e99b815e21ffaf41"",""type"":2},""prerequisiteId"":""research:medical:prosthetics"",""reason"":""보철 공학의 공학 원리이(가) 조류 보철학 구현에 직접 필요하다.""},{""kind"":1,""prerequisite"":{""fileID"":11400000,""guid"":""14cff071c7b50164e897a3bf13dde4ee"",""type"":2},""prerequisiteId"":""research:textile:layered"",""reason"":""층상 방어구의 제작 기법이(가) 조류 보철학 구현에 직접 필요하다.""}]",2,"[{""fileID"":11400000,""guid"":""c52785d031f4ec84e99b815e21ffaf41"",""type"":2},{""fileID"":11400000,""guid"":""14cff071c7b50164e897a3bf13dde4ee"",""type"":2}]",2,research:medical:avian-prosthetics,84,"{""items"":[]}"
research-effects,ResearchProjectSO,ResearchProjectSO|research:medical:blood-rejuvenation,research:medical:blood-rejuvenation,혈액 회춘,"장기 재생과 혈술, 고급 약학을 회춘 수혈에 적용한다.",분야 14; 작업 2182; 선행 4; 해금 1; 시설 요구 3; 효과 0,prerequisite:research:medical:bloodcraft-augmentation; prerequisite:research:medical:bloodcraft-augmentation; prerequisite:research:medical:bloodcraft-augmentation; prerequisite:research:medical:organ-regeneration; prerequisite:research:medical:organ-regeneration; prerequisite:research:medical:organ-regeneration; unlocks-building:building:8869,"진행 역할은 '장기 재생과 혈술, 고급 약학을 회춘 수혈에 적용한다'이다. 선행 4개와 해금 1개를 연구 그래프에 연결한다.",research-topology-and-unlocks,근거 확인,,active-authored,Assets/Resources/SO/Content/GameDomainContentCatalog.asset; Assets/Resources/SO/GameContentCatalog.asset,catalog-registered-static-consumer,Assets/Scripts/Services/Effects/Runtime/CharacterDerivedStatsSnapshot.cs; Assets/Scripts/Services/Infrastructure/BlueprintResearchContracts.cs; Assets/Scripts/Services/Infrastructure/BlueprintResearchProjectCoordinator.cs; Assets/Scripts/Services/Infrastructure/BlueprintResearchRuntime.cs; Assets/Scripts/Services/Infrastructure/BlueprintResearchRuntimeProvider.cs; Assets/Scripts/Services/Infrastructure/BlueprintResearchSaveSection.cs; Assets/Scripts/Services/Infrastructure/ResearchCraftingSummaryService.cs; Assets/Scripts/Services/Infrastructure/ResearchFacilityCapacityAdapter.cs; Assets/Scripts/Services/Infrastructure/ResearchGraphLayoutService.cs; Assets/Scripts/Services/Infrastructure/ResearchProjectCatalogAdapter.cs; Assets/Scripts/Services/Infrastructure/ResearchRewardCatalogAdapter.cs; Assets/Scripts/Services/Run/FirstRunObjectiveRuntime.cs,Assets/Scripts/Services/Infrastructure/BlueprintResearchContracts.cs; Assets/Scripts/Services/Infrastructure/BlueprintResearchRuntime.cs; Assets/Scripts/Services/Infrastructure/BlueprintResearchSaveSection.cs; Assets/Scripts/Services/Infrastructure/ResearchCraftingSummaryService.cs; Assets/Scripts/Services/Run/FirstRunObjectiveRuntime.cs; Assets/Scripts/Services/Run/V20MilestoneWorldSnapshotProjector.cs; Assets/Scripts/Views/UI/ResearchTreeWindow.cs,5,ProductionRecipeSO; ResearchProjectSO; SurgicalProcedureSO,"진행 역할은 '장기 재생과 혈술, 고급 약학을 회춘 수혈에 적용한다'이다. 선행 4개와 해금 1개를 연구 그래프에 연결한다.",연구 분야 14의 선행·해금 그래프에서 진행 경계를 만든다.,requiredWork=2182,research-field:14,"비교 후보(대체 가능성 미검증): ResearchProjectSO:research:genetics:controlled-heredity, ResearchProjectSO:research:genetics:cross-lineage-stabilization, ResearchProjectSO:research:health:isolation-medicine, ResearchProjectSO:research:health:pathogen-observation, ResearchProjectSO:research:health:vaccination, ResearchProjectSO:research:medical:aberrant-augmentation, ResearchProjectSO:research:medical:anatomy, ResearchProjectSO:research:medical:avian-prosthetics, ResearchProjectSO:research:medical:bloodcraft-augmentation, ResearchProjectSO:research:medical:construct-core-engineering, ResearchProjectSO:research:medical:construct-core-maintenance, ResearchProjectSO:research:medical:geriatric-medicine 외 14개","직접 참조 5건에 영향: ProductionRecipeSO:recipe:medical:rejuvenation-serum, ResearchProjectSO:research:medical:whole-body-regeneration, SurgicalProcedureSO:procedure:blood-rejuvenation",research-topology-and-unlocks; niche=field+prerequisites+unlocks; cost=requiredWork,Assets/Resources/SO/Research/Projects/medical_blood_rejuvenation.asset,e483b33cb8ad49840b70380b88e2efc1,"{""fileID"":0}",0,ResearchBlueprintRule,None,explicit-serialized,"장기 재생과 혈술, 고급 약학을 회춘 수혈에 적용한다.",혈액 회춘,[],0,"[{""capability"":0,""requiredCount"":1},{""capability"":2,""requiredCount"":1},{""capability"":6,""requiredCount"":1}]",3,14,ResearchField,Surgery And Transplant,explicit-serialized,"{""fileID"":0}",7268,0,ResearchPrerequisiteKind,Theory,implicit-csharp-default,medical_blood_rejuvenation,1,"[{""kind"":2,""prerequisite"":{""fileID"":11400000,""guid"":""8867070ea5ce886419800ed83587f013"",""type"":2},""prerequisiteId"":""research:medical:bloodcraft-augmentation"",""reason"":""혈술 개조의 공학 원리이(가) 혈액 회춘 구현에 직접 필요하다.""},{""kind"":2,""prerequisite"":{""fileID"":11400000,""guid"":""cba480f7439733e4c84f154fc71b1085"",""type"":2},""prerequisiteId"":""research:medical:organ-regeneration"",""reason"":""장기 재생의 공학 원리이(가) 혈액 회춘 구현에 직접 필요하다.""}]",2,"[{""fileID"":11400000,""guid"":""8867070ea5ce886419800ed83587f013"",""type"":2},{""fileID"":11400000,""guid"":""cba480f7439733e4c84f154fc71b1085"",""type"":2}]",2,research:medical:blood-rejuvenation,2182,"{""items"":[{""rid"":7737212199327498616}]}"
research-effects,ResearchProjectSO,ResearchProjectSO|research:medical:bloodcraft-augmentation,research:medical:bloodcraft-augmentation,혈술 개조,혈액낭과 야간안을 혈술로 강화하고 거부 부담을 통제한다.,분야 14; 작업 115; 선행 2; 해금 0; 시설 요구 3; 효과 0,prerequisite:research:medical:xenotransplant; prerequisite:research:medical:xenotransplant; prerequisite:research:medical:xenotransplant,진행 역할은 '혈액낭과 야간안을 혈술로 강화하고 거부 부담을 통제한다'이다. 선행 2개와 해금 0개를 연구 그래프에 연결한다.,research-topology-and-unlocks,근거 확인,,active-authored,Assets/Resources/SO/Content/GameDomainContentCatalog.asset; Assets/Resources/SO/GameContentCatalog.asset,catalog-registered-static-consumer,Assets/Scripts/Services/Effects/Runtime/CharacterDerivedStatsSnapshot.cs; Assets/Scripts/Services/Infrastructure/BlueprintResearchContracts.cs; Assets/Scripts/Services/Infrastructure/BlueprintResearchProjectCoordinator.cs; Assets/Scripts/Services/Infrastructure/BlueprintResearchRuntime.cs; Assets/Scripts/Services/Infrastructure/BlueprintResearchRuntimeProvider.cs; Assets/Scripts/Services/Infrastructure/BlueprintResearchSaveSection.cs; Assets/Scripts/Services/Infrastructure/ResearchCraftingSummaryService.cs; Assets/Scripts/Services/Infrastructure/ResearchFacilityCapacityAdapter.cs; Assets/Scripts/Services/Infrastructure/ResearchGraphLayoutService.cs; Assets/Scripts/Services/Infrastructure/ResearchProjectCatalogAdapter.cs; Assets/Scripts/Services/Infrastructure/ResearchRewardCatalogAdapter.cs; Assets/Scripts/Services/Run/FirstRunObjectiveRuntime.cs,Assets/Scripts/Services/Infrastructure/BlueprintResearchContracts.cs; Assets/Scripts/Services/Infrastructure/BlueprintResearchRuntime.cs; Assets/Scripts/Services/Infrastructure/BlueprintResearchSaveSection.cs; Assets/Scripts/Services/Infrastructure/ResearchCraftingSummaryService.cs; Assets/Scripts/Services/Run/FirstRunObjectiveRuntime.cs; Assets/Scripts/Services/Run/V20MilestoneWorldSnapshotProjector.cs; Assets/Scripts/Views/UI/ResearchTreeWindow.cs,5,ResearchProjectSO; SurgicalProcedureSO,진행 역할은 '혈액낭과 야간안을 혈술로 강화하고 거부 부담을 통제한다'이다. 선행 2개와 해금 0개를 연구 그래프에 연결한다.,연구 분야 14의 선행·해금 그래프에서 진행 경계를 만든다.,requiredWork=115,research-field:14,"비교 후보(대체 가능성 미검증): ResearchProjectSO:research:genetics:controlled-heredity, ResearchProjectSO:research:genetics:cross-lineage-stabilization, ResearchProjectSO:research:health:isolation-medicine, ResearchProjectSO:research:health:pathogen-observation, ResearchProjectSO:research:health:vaccination, ResearchProjectSO:research:medical:aberrant-augmentation, ResearchProjectSO:research:medical:anatomy, ResearchProjectSO:research:medical:avian-prosthetics, ResearchProjectSO:research:medical:blood-rejuvenation, ResearchProjectSO:research:medical:construct-core-engineering, ResearchProjectSO:research:medical:construct-core-maintenance, ResearchProjectSO:research:medical:geriatric-medicine 외 14개","직접 참조 5건에 영향: ResearchProjectSO:research:medical:blood-rejuvenation, SurgicalProcedureSO:procedure:vampire-blood-sac, SurgicalProcedureSO:procedure:vampire-night-eye",research-topology-and-unlocks; niche=field+prerequisites+unlocks; cost=requiredWork,Assets/Resources/SO/Research/Projects/medical_bloodcraft_augmentation.asset,8867070ea5ce886419800ed83587f013,"{""fileID"":0}",0,ResearchBlueprintRule,None,explicit-serialized,혈액낭과 야간안을 혈술로 강화하고 거부 부담을 통제한다.,혈술 개조,[],0,"[{""capability"":0,""requiredCount"":1},{""capability"":2,""requiredCount"":1},{""capability"":6,""requiredCount"":1}]",3,14,ResearchField,Surgery And Transplant,explicit-serialized,"{""fileID"":0}",7215,0,ResearchPrerequisiteKind,Theory,implicit-csharp-default,medical_bloodcraft_augmentation,1,"[{""kind"":2,""prerequisite"":{""fileID"":11400000,""guid"":""bea0ba010ab47b745ad5a17a505932e8"",""type"":2},""prerequisiteId"":""research:medical:xenotransplant"",""reason"":""이종 이식의 공학 원리이(가) 혈술 개조 구현에 직접 필요하다.""}]",1,"[{""fileID"":11400000,""guid"":""bea0ba010ab47b745ad5a17a505932e8"",""type"":2}]",1,research:medical:bloodcraft-augmentation,115,"{""items"":[]}"
research-effects,ResearchProjectSO,ResearchProjectSO|research:medical:construct-core-engineering,research:medical:construct-core-engineering,구성체 핵 공학,구성체 핵의 냉각과 동력 접속을 수술 가능한 공학 규격으로 정리한다.,분야 14; 작업 115; 선행 2; 해금 1; 시설 요구 3; 효과 0,prerequisite:research:medical:construct-core-maintenance; prerequisite:research:medical:construct-core-maintenance; prerequisite:research:medical:construct-core-maintenance; unlocks-building:building:8847,진행 역할은 '구성체 핵의 냉각과 동력 접속을 수술 가능한 공학 규격으로 정리한다'이다. 선행 2개와 해금 1개를 연구 그래프에 연결한다.,research-topology-and-unlocks,근거 확인,,active-authored,Assets/Resources/SO/Content/GameDomainContentCatalog.asset; Assets/Resources/SO/GameContentCatalog.asset,catalog-registered-static-consumer,Assets/Scripts/Services/Effects/Runtime/CharacterDerivedStatsSnapshot.cs; Assets/Scripts/Services/Infrastructure/BlueprintResearchContracts.cs; Assets/Scripts/Services/Infrastructure/BlueprintResearchProjectCoordinator.cs; Assets/Scripts/Services/Infrastructure/BlueprintResearchRuntime.cs; Assets/Scripts/Services/Infrastructure/BlueprintResearchRuntimeProvider.cs; Assets/Scripts/Services/Infrastructure/BlueprintResearchSaveSection.cs; Assets/Scripts/Services/Infrastructure/ResearchCraftingSummaryService.cs; Assets/Scripts/Services/Infrastructure/ResearchFacilityCapacityAdapter.cs; Assets/Scripts/Services/Infrastructure/ResearchGraphLayoutService.cs; Assets/Scripts/Services/Infrastructure/ResearchProjectCatalogAdapter.cs; Assets/Scripts/Services/Infrastructure/ResearchRewardCatalogAdapter.cs; Assets/Scripts/Services/Run/FirstRunObjectiveRuntime.cs,Assets/Scripts/Services/Infrastructure/BlueprintResearchContracts.cs; Assets/Scripts/Services/Infrastructure/BlueprintResearchRuntime.cs; Assets/Scripts/Services/Infrastructure/BlueprintResearchSaveSection.cs; Assets/Scripts/Services/Infrastructure/ResearchCraftingSummaryService.cs; Assets/Scripts/Services/Run/FirstRunObjectiveRuntime.cs; Assets/Scripts/Services/Run/V20MilestoneWorldSnapshotProjector.cs; Assets/Scripts/Views/UI/ResearchTreeWindow.cs,1,ProductionRecipeSO,진행 역할은 '구성체 핵의 냉각과 동력 접속을 수술 가능한 공학 규격으로 정리한다'이다. 선행 2개와 해금 1개를 연구 그래프에 연결한다.,연구 분야 14의 선행·해금 그래프에서 진행 경계를 만든다.,requiredWork=115,research-field:14,"비교 후보(대체 가능성 미검증): ResearchProjectSO:research:genetics:controlled-heredity, ResearchProjectSO:research:genetics:cross-lineage-stabilization, ResearchProjectSO:research:health:isolation-medicine, ResearchProjectSO:research:health:pathogen-observation, ResearchProjectSO:research:health:vaccination, ResearchProjectSO:research:medical:aberrant-augmentation, ResearchProjectSO:research:medical:anatomy, ResearchProjectSO:research:medical:avian-prosthetics, ResearchProjectSO:research:medical:blood-rejuvenation, ResearchProjectSO:research:medical:bloodcraft-augmentation, ResearchProjectSO:research:medical:construct-core-maintenance, ResearchProjectSO:research:medical:geriatric-medicine 외 14개",직접 참조 1건에 영향: ProductionRecipeSO:recipe:component:golem-core-case,research-topology-and-unlocks; niche=field+prerequisites+unlocks; cost=requiredWork,Assets/Resources/SO/Research/Projects/medical_construct_core_engineering.asset,a179537d62cbe0743bfd6661ee2155c2,"{""fileID"":0}",0,ResearchBlueprintRule,None,explicit-serialized,구성체 핵의 냉각과 동력 접속을 수술 가능한 공학 규격으로 정리한다.,구성체 핵 공학,[],0,"[{""capability"":0,""requiredCount"":1},{""capability"":2,""requiredCount"":1},{""capability"":6,""requiredCount"":1}]",3,14,ResearchField,Surgery And Transplant,explicit-serialized,"{""fileID"":0}",7223,0,ResearchPrerequisiteKind,Theory,implicit-csharp-default,medical_construct_core_engineering,1,"[{""kind"":4,""prerequisite"":{""fileID"":11400000,""guid"":""20350afe14601724487c117e3292f478"",""type"":2},""prerequisiteId"":""research:medical:construct-core-maintenance"",""reason"":""구성체 핵 정비의 운용 절차이(가) 구성체 핵 공학 구현에 직접 필요하다.""}]",1,"[{""fileID"":11400000,""guid"":""20350afe14601724487c117e3292f478"",""type"":2}]",1,research:medical:construct-core-engineering,115,"{""items"":[{""rid"":7737212199327498617}]}"
research-effects,ResearchProjectSO,ResearchProjectSO|research:medical:construct-core-maintenance,research:medical:construct-core-maintenance,구성체 핵 정비,냉각관·서보·감지핵과 동력핵을 시술 주문으로 정비한다.,분야 14; 작업 84; 선행 4; 해금 0; 시설 요구 2; 효과 0,prerequisite:research:industry:steam-power; prerequisite:research:industry:steam-power; prerequisite:research:industry:steam-power; prerequisite:research:medical:prosthetics; prerequisite:research:medical:prosthetics; prerequisite:research:medical:prosthetics,진행 역할은 '냉각관·서보·감지핵과 동력핵을 시술 주문으로 정비한다'이다. 선행 4개와 해금 0개를 연구 그래프에 연결한다.,research-topology-and-unlocks,근거 확인,,active-authored,Assets/Resources/SO/Content/GameDomainContentCatalog.asset; Assets/Resources/SO/GameContentCatalog.asset,catalog-registered-static-consumer,Assets/Scripts/Services/Effects/Runtime/CharacterDerivedStatsSnapshot.cs; Assets/Scripts/Services/Infrastructure/BlueprintResearchContracts.cs; Assets/Scripts/Services/Infrastructure/BlueprintResearchProjectCoordinator.cs; Assets/Scripts/Services/Infrastructure/BlueprintResearchRuntime.cs; Assets/Scripts/Services/Infrastructure/BlueprintResearchRuntimeProvider.cs; Assets/Scripts/Services/Infrastructure/BlueprintResearchSaveSection.cs; Assets/Scripts/Services/Infrastructure/ResearchCraftingSummaryService.cs; Assets/Scripts/Services/Infrastructure/ResearchFacilityCapacityAdapter.cs; Assets/Scripts/Services/Infrastructure/ResearchGraphLayoutService.cs; Assets/Scripts/Services/Infrastructure/ResearchProjectCatalogAdapter.cs; Assets/Scripts/Services/Infrastructure/ResearchRewardCatalogAdapter.cs; Assets/Scripts/Services/Run/FirstRunObjectiveRuntime.cs,Assets/Scripts/Services/Infrastructure/BlueprintResearchContracts.cs; Assets/Scripts/Services/Infrastructure/BlueprintResearchRuntime.cs; Assets/Scripts/Services/Infrastructure/BlueprintResearchSaveSection.cs; Assets/Scripts/Services/Infrastructure/ResearchCraftingSummaryService.cs; Assets/Scripts/Services/Run/FirstRunObjectiveRuntime.cs; Assets/Scripts/Services/Run/V20MilestoneWorldSnapshotProjector.cs; Assets/Scripts/Views/UI/ResearchTreeWindow.cs,8,ResearchProjectSO; SurgicalProcedureSO,진행 역할은 '냉각관·서보·감지핵과 동력핵을 시술 주문으로 정비한다'이다. 선행 4개와 해금 0개를 연구 그래프에 연결한다.,연구 분야 14의 선행·해금 그래프에서 진행 경계를 만든다.,requiredWork=84,research-field:14,"비교 후보(대체 가능성 미검증): ResearchProjectSO:research:genetics:controlled-heredity, ResearchProjectSO:research:genetics:cross-lineage-stabilization, ResearchProjectSO:research:health:isolation-medicine, ResearchProjectSO:research:health:pathogen-observation, ResearchProjectSO:research:health:vaccination, ResearchProjectSO:research:medical:aberrant-augmentation, ResearchProjectSO:research:medical:anatomy, ResearchProjectSO:research:medical:avian-prosthetics, ResearchProjectSO:research:medical:blood-rejuvenation, ResearchProjectSO:research:medical:bloodcraft-augmentation, ResearchProjectSO:research:medical:construct-core-engineering, ResearchProjectSO:research:medical:geriatric-medicine 외 14개","직접 참조 8건에 영향: ResearchProjectSO:research:medical:construct-core-engineering, SurgicalProcedureSO:procedure:golem-body-recast, SurgicalProcedureSO:procedure:golem-coolant-refill, SurgicalProcedureSO:procedure:golem-power-core, SurgicalProcedureSO:procedure:golem-sensor-core, SurgicalProcedureSO:procedure:golem-servo-alignment",research-topology-and-unlocks; niche=field+prerequisites+unlocks; cost=requiredWork,Assets/Resources/SO/Research/Projects/medical_construct_core_maintenance.asset,20350afe14601724487c117e3292f478,"{""fileID"":0}",0,ResearchBlueprintRule,None,explicit-serialized,냉각관·서보·감지핵과 동력핵을 시술 주문으로 정비한다.,구성체 핵 정비,[],0,"[{""capability"":0,""requiredCount"":1},{""capability"":2,""requiredCount"":1}]",2,14,ResearchField,Surgery And Transplant,explicit-serialized,"{""fileID"":0}",7214,0,ResearchPrerequisiteKind,Theory,implicit-csharp-default,medical_construct_core_maintenance,1,"[{""kind"":2,""prerequisite"":{""fileID"":11400000,""guid"":""4ee2df589417d314295a42c252406053"",""type"":2},""prerequisiteId"":""research:industry:steam-power"",""reason"":""증기 동력과 배전의 공학 원리이(가) 구성체 핵 정비 구현에 직접 필요하다.""},{""kind"":2,""prerequisite"":{""fileID"":11400000,""guid"":""c52785d031f4ec84e99b815e21ffaf41"",""type"":2},""prerequisiteId"":""research:medical:prosthetics"",""reason"":""보철 공학의 공학 원리이(가) 구성체 핵 정비 구현에 직접 필요하다.""}]",2,"[{""fileID"":11400000,""guid"":""4ee2df589417d314295a42c252406053"",""type"":2},{""fileID"":11400000,""guid"":""c52785d031f4ec84e99b815e21ffaf41"",""type"":2}]",2,research:medical:construct-core-maintenance,84,"{""items"":[]}"
research-effects,ResearchProjectSO,ResearchProjectSO|research:medical:geriatric-medicine,research:medical:geriatric-medicine,노인의학과 만성 관리,"노인의학과 만성 관리에 필요한 이론, 제작 절차, 안전 기준과 운용 보상을 하나의 완결된 연구 패키지로 통합한다.",분야 14; 작업 582; 선행 4; 해금 2; 시설 요구 3; 효과 0,prerequisite:research:medical:gerontology; prerequisite:research:medical:gerontology; prerequisite:research:medical:gerontology; prerequisite:research:plumbing:sewer; prerequisite:research:plumbing:sewer; prerequisite:research:plumbing:sewer; unlocks-building:building:8865; unlocks-building:building:8866,"진행 역할은 '노인의학과 만성 관리에 필요한 이론, 제작 절차, 안전 기준과 운용 보상을 하나의 완결된 연구 패키지로 통합한다'이다. 선행 4개와 해금 2개를 연구 그래프에 연결한다.",research-topology-and-unlocks,근거 확인,,active-authored,Assets/Resources/SO/Content/GameDomainContentCatalog.asset; Assets/Resources/SO/GameContentCatalog.asset,catalog-registered-static-consumer,Assets/Scripts/Services/Effects/Runtime/CharacterDerivedStatsSnapshot.cs; Assets/Scripts/Services/Infrastructure/BlueprintResearchContracts.cs; Assets/Scripts/Services/Infrastructure/BlueprintResearchProjectCoordinator.cs; Assets/Scripts/Services/Infrastructure/BlueprintResearchRuntime.cs; Assets/Scripts/Services/Infrastructure/BlueprintResearchRuntimeProvider.cs; Assets/Scripts/Services/Infrastructure/BlueprintResearchSaveSection.cs; Assets/Scripts/Services/Infrastructure/ResearchCraftingSummaryService.cs; Assets/Scripts/Services/Infrastructure/ResearchFacilityCapacityAdapter.cs; Assets/Scripts/Services/Infrastructure/ResearchGraphLayoutService.cs; Assets/Scripts/Services/Infrastructure/ResearchProjectCatalogAdapter.cs; Assets/Scripts/Services/Infrastructure/ResearchRewardCatalogAdapter.cs; Assets/Scripts/Services/Run/FirstRunObjectiveRuntime.cs,Assets/Scripts/Services/Infrastructure/BlueprintResearchContracts.cs; Assets/Scripts/Services/Infrastructure/BlueprintResearchRuntime.cs; Assets/Scripts/Services/Infrastructure/BlueprintResearchSaveSection.cs; Assets/Scripts/Services/Infrastructure/ResearchCraftingSummaryService.cs; Assets/Scripts/Services/Run/FirstRunObjectiveRuntime.cs; Assets/Scripts/Services/Run/V20MilestoneWorldSnapshotProjector.cs; Assets/Scripts/Views/UI/ResearchTreeWindow.cs,0,,"진행 역할은 '노인의학과 만성 관리에 필요한 이론, 제작 절차, 안전 기준과 운용 보상을 하나의 완결된 연구 패키지로 통합한다'이다. 선행 4개와 해금 2개를 연구 그래프에 연결한다.",연구 분야 14의 선행·해금 그래프에서 진행 경계를 만든다.,requiredWork=582,research-field:14,"비교 후보(대체 가능성 미검증): ResearchProjectSO:research:genetics:controlled-heredity, ResearchProjectSO:research:genetics:cross-lineage-stabilization, ResearchProjectSO:research:health:isolation-medicine, ResearchProjectSO:research:health:pathogen-observation, ResearchProjectSO:research:health:vaccination, ResearchProjectSO:research:medical:aberrant-augmentation, ResearchProjectSO:research:medical:anatomy, ResearchProjectSO:research:medical:avian-prosthetics, ResearchProjectSO:research:medical:blood-rejuvenation, ResearchProjectSO:research:medical:bloodcraft-augmentation, ResearchProjectSO:research:medical:construct-core-engineering, ResearchProjectSO:research:medical:construct-core-maintenance 외 14개",정적 콘텐츠 역참조는 확인되지 않음; 런타임 직접 조회와 설계상 공백은 별도 검증 필요,research-topology-and-unlocks; niche=field+prerequisites+unlocks; cost=requiredWork,Assets/Resources/SO/Research/Projects/medical_geriatric_medicine.asset,69d06336986d48642bdbb05010661791,"{""fileID"":0}",0,ResearchBlueprintRule,None,explicit-serialized,"노인의학과 만성 관리에 필요한 이론, 제작 절차, 안전 기준과 운용 보상을 하나의 완결된 연구 패키지로 통합한다.",노인의학과 만성 관리,[],0,"[{""capability"":0,""requiredCount"":1},{""capability"":2,""requiredCount"":1},{""capability"":6,""requiredCount"":1}]",3,14,ResearchField,Surgery And Transplant,explicit-serialized,"{""fileID"":0}",7264,0,ResearchPrerequisiteKind,Theory,implicit-csharp-default,medical_geriatric_medicine,1,"[{""kind"":2,""prerequisite"":{""fileID"":11400000,""guid"":""75c38d39f76b2bc4da7e0ca9959e3a9a"",""type"":2},""prerequisiteId"":""research:medical:gerontology"",""reason"":""노인학과 생물학적 연령 계측의 공학 원리이(가) 노인의학과 만성 관리 구현에 직접 필요하다.""},{""kind"":2,""prerequisite"":{""fileID"":11400000,""guid"":""e8304218a91814b44bbdc6fb4d4705b2"",""type"":2},""prerequisiteId"":""research:plumbing:sewer"",""reason"":""하수 처리와 수세 위생의 공학 원리이(가) 노인의학과 만성 관리 구현에 직접 필요하다.""}]",2,"[{""fileID"":11400000,""guid"":""75c38d39f76b2bc4da7e0ca9959e3a9a"",""type"":2},{""fileID"":11400000,""guid"":""e8304218a91814b44bbdc6fb4d4705b2"",""type"":2}]",2,research:medical:geriatric-medicine,582,"{""items"":[{""rid"":7737212199327498618},{""rid"":7737212199327498619}]}"
research-effects,ResearchProjectSO,ResearchProjectSO|research:medical:gerontology,research:medical:gerontology,노인학과 생물학적 연령 계측,"노인학과 생물학적 연령 계측에 필요한 이론, 제작 절차, 안전 기준과 운용 보상을 하나의 완결된 연구 패키지로 통합한다.",분야 14; 작업 519; 선행 8; 해금 2; 시설 요구 3; 효과 0,prerequisite:research:equipment:material-testing; prerequisite:research:equipment:material-testing; prerequisite:research:equipment:material-testing; prerequisite:research:medical:anatomy; prerequisite:research:medical:anatomy; prerequisite:research:medical:anatomy; prerequisite:research:pharmacology:advanced; prerequisite:research:pharmacology:advanced; prerequisite:research:pharmacology:advanced; prerequisite:research:society:household-records; prerequisite:research:society:household-records; prerequisite:research:society:household-records; unlocks-building:building:8863; unlocks-building:building:8864,"진행 역할은 '노인학과 생물학적 연령 계측에 필요한 이론, 제작 절차, 안전 기준과 운용 보상을 하나의 완결된 연구 패키지로 통합한다'이다. 선행 8개와 해금 2개를 연구 그래프에 연결한다.",research-topology-and-unlocks,근거 확인,,active-authored,Assets/Resources/SO/Content/GameDomainContentCatalog.asset; Assets/Resources/SO/GameContentCatalog.asset,catalog-registered-static-consumer,Assets/Scripts/Services/Effects/Runtime/CharacterDerivedStatsSnapshot.cs; Assets/Scripts/Services/Infrastructure/BlueprintResearchContracts.cs; Assets/Scripts/Services/Infrastructure/BlueprintResearchProjectCoordinator.cs; Assets/Scripts/Services/Infrastructure/BlueprintResearchRuntime.cs; Assets/Scripts/Services/Infrastructure/BlueprintResearchRuntimeProvider.cs; Assets/Scripts/Services/Infrastructure/BlueprintResearchSaveSection.cs; Assets/Scripts/Services/Infrastructure/ResearchCraftingSummaryService.cs; Assets/Scripts/Services/Infrastructure/ResearchFacilityCapacityAdapter.cs; Assets/Scripts/Services/Infrastructure/ResearchGraphLayoutService.cs; Assets/Scripts/Services/Infrastructure/ResearchProjectCatalogAdapter.cs; Assets/Scripts/Services/Infrastructure/ResearchRewardCatalogAdapter.cs; Assets/Scripts/Services/Run/FirstRunObjectiveRuntime.cs,Assets/Scripts/Services/Infrastructure/BlueprintResearchContracts.cs; Assets/Scripts/Services/Infrastructure/BlueprintResearchRuntime.cs; Assets/Scripts/Services/Infrastructure/BlueprintResearchSaveSection.cs; Assets/Scripts/Services/Infrastructure/ResearchCraftingSummaryService.cs; Assets/Scripts/Services/Run/FirstRunObjectiveRuntime.cs; Assets/Scripts/Services/Run/V20MilestoneWorldSnapshotProjector.cs; Assets/Scripts/Views/UI/ResearchTreeWindow.cs,18,ResearchProjectSO,"진행 역할은 '노인학과 생물학적 연령 계측에 필요한 이론, 제작 절차, 안전 기준과 운용 보상을 하나의 완결된 연구 패키지로 통합한다'이다. 선행 8개와 해금 2개를 연구 그래프에 연결한다.",연구 분야 14의 선행·해금 그래프에서 진행 경계를 만든다.,requiredWork=519,research-field:14,"비교 후보(대체 가능성 미검증): ResearchProjectSO:research:genetics:controlled-heredity, ResearchProjectSO:research:genetics:cross-lineage-stabilization, ResearchProjectSO:research:health:isolation-medicine, ResearchProjectSO:research:health:pathogen-observation, ResearchProjectSO:research:health:vaccination, ResearchProjectSO:research:medical:aberrant-augmentation, ResearchProjectSO:research:medical:anatomy, ResearchProjectSO:research:medical:avian-prosthetics, ResearchProjectSO:research:medical:blood-rejuvenation, ResearchProjectSO:research:medical:bloodcraft-augmentation, ResearchProjectSO:research:medical:construct-core-engineering, ResearchProjectSO:research:medical:construct-core-maintenance 외 14개","직접 참조 18건에 영향: ResearchProjectSO:research:genetics:hereditary-records, ResearchProjectSO:research:health:pathogen-observation, ResearchProjectSO:research:medical:geriatric-medicine, ResearchProjectSO:research:medical:regenerative-culture, ResearchProjectSO:research:medical:rune-hibernation, ResearchProjectSO:research:society:retirement",research-topology-and-unlocks; niche=field+prerequisites+unlocks; cost=requiredWork,Assets/Resources/SO/Research/Projects/medical_gerontology.asset,75c38d39f76b2bc4da7e0ca9959e3a9a,"{""fileID"":0}",0,ResearchBlueprintRule,None,explicit-serialized,"노인학과 생물학적 연령 계측에 필요한 이론, 제작 절차, 안전 기준과 운용 보상을 하나의 완결된 연구 패키지로 통합한다.",노인학과 생물학적 연령 계측,[],0,"[{""capability"":0,""requiredCount"":1},{""capability"":2,""requiredCount"":1},{""capability"":6,""requiredCount"":1}]",3,14,ResearchField,Surgery And Transplant,explicit-serialized,"{""fileID"":0}",7262,0,ResearchPrerequisiteKind,Theory,implicit-csharp-default,medical_gerontology,1,"[{""kind"":0,""prerequisite"":{""fileID"":11400000,""guid"":""8977def00211a7544a442835d7cfaf58"",""type"":2},""prerequisiteId"":""research:equipment:material-testing"",""reason"":""재료 시험학의 이론이(가) 노인학과 생물학적 연령 계측 구현에 직접 필요하다.""},{""kind"":2,""prerequisite"":{""fileID"":11400000,""guid"":""db52b6c4042583d41a582bd0c7d9d6a3"",""type"":2},""prerequisiteId"":""research:medical:anatomy"",""reason"":""해부학의 공학 원리이(가) 노인학과 생물학적 연령 계측 구현에 직접 필요하다.""},{""kind"":2,""prerequisite"":{""fileID"":11400000,""guid"":""7697e3aaf574a95469fd01a14b0c4b78"",""type"":2},""prerequisiteId"":""research:pharmacology:advanced"",""reason"":""고급 약리의 공학 원리이(가) 노인학과 생물학적 연령 계측 구현에 직접 필요하다.""},{""kind"":0,""prerequisite"":{""fileID"":11400000,""guid"":""0e987e63f3ceb724aa404607804069ad"",""type"":2},""prerequisiteId"":""research:society:household-records"",""reason"":""가구 기록과 영아 돌봄의 이론이(가) 노인학과 생물학적 연령 계측 구현에 직접 필요하다.""}]",4,"[{""fileID"":11400000,""guid"":""8977def00211a7544a442835d7cfaf58"",""type"":2},{""fileID"":11400000,""guid"":""db52b6c4042583d41a582bd0c7d9d6a3"",""type"":2},{""fileID"":11400000,""guid"":""7697e3aaf574a95469fd01a14b0c4b78"",""type"":2},{""fileID"":11400000,""guid"":""0e987e63f3ceb724aa404607804069ad"",""type"":2}]",4,research:medical:gerontology,519,"{""items"":[{""rid"":7737212199327498620},{""rid"":7737212199327498621}]}"
research-effects,ResearchProjectSO,ResearchProjectSO|research:medical:mana-core-engineering,research:medical:mana-core-engineering,마핵 공학,마핵과 열낭에 룬 구속을 적용해 비전 개조를 안정화한다.,분야 14; 작업 115; 선행 2; 해금 0; 시설 요구 3; 효과 0,prerequisite:research:medical:aberrant-augmentation; prerequisite:research:medical:aberrant-augmentation; prerequisite:research:medical:aberrant-augmentation,진행 역할은 '마핵과 열낭에 룬 구속을 적용해 비전 개조를 안정화한다'이다. 선행 2개와 해금 0개를 연구 그래프에 연결한다.,research-topology-and-unlocks,근거 확인,,active-authored,Assets/Resources/SO/Content/GameDomainContentCatalog.asset; Assets/Resources/SO/GameContentCatalog.asset,catalog-registered-static-consumer,Assets/Scripts/Services/Effects/Runtime/CharacterDerivedStatsSnapshot.cs; Assets/Scripts/Services/Infrastructure/BlueprintResearchContracts.cs; Assets/Scripts/Services/Infrastructure/BlueprintResearchProjectCoordinator.cs; Assets/Scripts/Services/Infrastructure/BlueprintResearchRuntime.cs; Assets/Scripts/Services/Infrastructure/BlueprintResearchRuntimeProvider.cs; Assets/Scripts/Services/Infrastructure/BlueprintResearchSaveSection.cs; Assets/Scripts/Services/Infrastructure/ResearchCraftingSummaryService.cs; Assets/Scripts/Services/Infrastructure/ResearchFacilityCapacityAdapter.cs; Assets/Scripts/Services/Infrastructure/ResearchGraphLayoutService.cs; Assets/Scripts/Services/Infrastructure/ResearchProjectCatalogAdapter.cs; Assets/Scripts/Services/Infrastructure/ResearchRewardCatalogAdapter.cs; Assets/Scripts/Services/Run/FirstRunObjectiveRuntime.cs,Assets/Scripts/Services/Infrastructure/BlueprintResearchContracts.cs; Assets/Scripts/Services/Infrastructure/BlueprintResearchRuntime.cs; Assets/Scripts/Services/Infrastructure/BlueprintResearchSaveSection.cs; Assets/Scripts/Services/Infrastructure/ResearchCraftingSummaryService.cs; Assets/Scripts/Services/Run/FirstRunObjectiveRuntime.cs; Assets/Scripts/Services/Run/V20MilestoneWorldSnapshotProjector.cs; Assets/Scripts/Views/UI/ResearchTreeWindow.cs,3,ProductionRecipeSO; SurgicalProcedureSO,진행 역할은 '마핵과 열낭에 룬 구속을 적용해 비전 개조를 안정화한다'이다. 선행 2개와 해금 0개를 연구 그래프에 연결한다.,연구 분야 14의 선행·해금 그래프에서 진행 경계를 만든다.,requiredWork=115,research-field:14,"비교 후보(대체 가능성 미검증): ResearchProjectSO:research:genetics:controlled-heredity, ResearchProjectSO:research:genetics:cross-lineage-stabilization, ResearchProjectSO:research:health:isolation-medicine, ResearchProjectSO:research:health:pathogen-observation, ResearchProjectSO:research:health:vaccination, ResearchProjectSO:research:medical:aberrant-augmentation, ResearchProjectSO:research:medical:anatomy, ResearchProjectSO:research:medical:avian-prosthetics, ResearchProjectSO:research:medical:blood-rejuvenation, ResearchProjectSO:research:medical:bloodcraft-augmentation, ResearchProjectSO:research:medical:construct-core-engineering, ResearchProjectSO:research:medical:construct-core-maintenance 외 14개","직접 참조 3건에 영향: ProductionRecipeSO:recipe:medical:mana-core-case, SurgicalProcedureSO:procedure:demon-heat-sac, SurgicalProcedureSO:procedure:demon-mana-core-suture",research-topology-and-unlocks; niche=field+prerequisites+unlocks; cost=requiredWork,Assets/Resources/SO/Research/Projects/medical_mana_core_engineering.asset,d65c623dd675e484fabfdebee5928c69,"{""fileID"":0}",0,ResearchBlueprintRule,None,explicit-serialized,마핵과 열낭에 룬 구속을 적용해 비전 개조를 안정화한다.,마핵 공학,[],0,"[{""capability"":0,""requiredCount"":1},{""capability"":2,""requiredCount"":1},{""capability"":6,""requiredCount"":1}]",3,14,ResearchField,Surgery And Transplant,explicit-serialized,"{""fileID"":0}",7216,0,ResearchPrerequisiteKind,Theory,implicit-csharp-default,medical_mana_core_engineering,1,"[{""kind"":2,""prerequisite"":{""fileID"":11400000,""guid"":""35b0271bac2979541bcef9f4a1014dc3"",""type"":2},""prerequisiteId"":""research:medical:aberrant-augmentation"",""reason"":""이형 개조의 공학 원리이(가) 마핵 공학 구현에 직접 필요하다.""}]",1,"[{""fileID"":11400000,""guid"":""35b0271bac2979541bcef9f4a1014dc3"",""type"":2}]",1,research:medical:mana-core-engineering,115,"{""items"":[]}"
research-effects,ResearchProjectSO,ResearchProjectSO|research:medical:mycelial-grafting,research:medical:mycelial-grafting,균사 접목학,균사 군체와 포자낭을 세정하고 재배양한다.,분야 14; 작업 84; 선행 4; 해금 0; 시설 요구 2; 효과 0,prerequisite:research:forestry:fungal; prerequisite:research:forestry:fungal; prerequisite:research:forestry:fungal; prerequisite:research:medical:anatomy; prerequisite:research:medical:anatomy; prerequisite:research:medical:anatomy,진행 역할은 '균사 군체와 포자낭을 세정하고 재배양한다'이다. 선행 4개와 해금 0개를 연구 그래프에 연결한다.,research-topology-and-unlocks,근거 확인,,active-authored,Assets/Resources/SO/Content/GameDomainContentCatalog.asset; Assets/Resources/SO/GameContentCatalog.asset,catalog-registered-static-consumer,Assets/Scripts/Services/Economy/ResourceEconomyContentCatalog.cs; Assets/Scripts/Services/Effects/Runtime/CharacterDerivedStatsSnapshot.cs; Assets/Scripts/Services/Infrastructure/BlueprintResearchContracts.cs; Assets/Scripts/Services/Infrastructure/BlueprintResearchProjectCoordinator.cs; Assets/Scripts/Services/Infrastructure/BlueprintResearchRuntime.cs; Assets/Scripts/Services/Infrastructure/BlueprintResearchRuntimeProvider.cs; Assets/Scripts/Services/Infrastructure/BlueprintResearchSaveSection.cs; Assets/Scripts/Services/Infrastructure/ResearchCraftingSummaryService.cs; Assets/Scripts/Services/Infrastructure/ResearchFacilityCapacityAdapter.cs; Assets/Scripts/Services/Infrastructure/ResearchGraphLayoutService.cs; Assets/Scripts/Services/Infrastructure/ResearchProjectCatalogAdapter.cs; Assets/Scripts/Services/Infrastructure/ResearchRewardCatalogAdapter.cs,Assets/Scripts/Services/Infrastructure/BlueprintResearchContracts.cs; Assets/Scripts/Services/Infrastructure/BlueprintResearchRuntime.cs; Assets/Scripts/Services/Infrastructure/BlueprintResearchSaveSection.cs; Assets/Scripts/Services/Infrastructure/ResearchCraftingSummaryService.cs; Assets/Scripts/Services/Run/FirstRunObjectiveRuntime.cs; Assets/Scripts/Services/Run/V20MilestoneWorldSnapshotProjector.cs; Assets/Scripts/Views/UI/ResearchTreeWindow.cs,8,ProductionRecipeSO; ResearchProjectSO; SurgicalProcedureSO,진행 역할은 '균사 군체와 포자낭을 세정하고 재배양한다'이다. 선행 4개와 해금 0개를 연구 그래프에 연결한다.,연구 분야 14의 선행·해금 그래프에서 진행 경계를 만든다.,requiredWork=84,research-field:14,"비교 후보(대체 가능성 미검증): ResearchProjectSO:research:genetics:controlled-heredity, ResearchProjectSO:research:genetics:cross-lineage-stabilization, ResearchProjectSO:research:health:isolation-medicine, ResearchProjectSO:research:health:pathogen-observation, ResearchProjectSO:research:health:vaccination, ResearchProjectSO:research:medical:aberrant-augmentation, ResearchProjectSO:research:medical:anatomy, ResearchProjectSO:research:medical:avian-prosthetics, ResearchProjectSO:research:medical:blood-rejuvenation, ResearchProjectSO:research:medical:bloodcraft-augmentation, ResearchProjectSO:research:medical:construct-core-engineering, ResearchProjectSO:research:medical:construct-core-maintenance 외 14개","직접 참조 8건에 영향: ProductionRecipeSO:recipe:medical:sterile-mycelium-graft, ResearchProjectSO:research:medical:regenerative-culture, SurgicalProcedureSO:procedure:myconid-core-graft, SurgicalProcedureSO:procedure:myconid-hypha-binding, SurgicalProcedureSO:procedure:myconid-regrowth, SurgicalProcedureSO:procedure:myconid-spore-cleaning",research-topology-and-unlocks; niche=field+prerequisites+unlocks; cost=requiredWork,Assets/Resources/SO/Research/Projects/medical_mycelial_grafting.asset,788cfb46f343472449658f49b34111f4,"{""fileID"":0}",0,ResearchBlueprintRule,None,explicit-serialized,균사 군체와 포자낭을 세정하고 재배양한다.,균사 접목학,[],0,"[{""capability"":0,""requiredCount"":1},{""capability"":2,""requiredCount"":1}]",2,14,ResearchField,Surgery And Transplant,explicit-serialized,"{""fileID"":0}",7212,0,ResearchPrerequisiteKind,Theory,implicit-csharp-default,medical_mycelial_grafting,1,"[{""kind"":2,""prerequisite"":{""fileID"":11400000,""guid"":""f48e4ad521ac5b144b5f3f26be913789"",""type"":2},""prerequisiteId"":""research:forestry:fungal"",""reason"":""실내 균목림의 공학 원리이(가) 균사 접목학 구현에 직접 필요하다.""},{""kind"":2,""prerequisite"":{""fileID"":11400000,""guid"":""db52b6c4042583d41a582bd0c7d9d6a3"",""type"":2},""prerequisiteId"":""research:medical:anatomy"",""reason"":""해부학의 공학 원리이(가) 균사 접목학 구현에 직접 필요하다.""}]",2,"[{""fileID"":11400000,""guid"":""f48e4ad521ac5b144b5f3f26be913789"",""type"":2},{""fileID"":11400000,""guid"":""db52b6c4042583d41a582bd0c7d9d6a3"",""type"":2}]",2,research:medical:mycelial-grafting,84,"{""items"":[]}"
research-effects,ResearchProjectSO,ResearchProjectSO|research:medical:organ-preservation,research:medical:organ-preservation,장기 보존,적출 기관의 기증자 기록과 신선도를 유지하는 저온 보관법을 확립한다.,분야 14; 작업 84; 선행 2; 해금 1; 시설 요구 2; 효과 0,prerequisite:research:medical:surgery; prerequisite:research:medical:surgery; prerequisite:research:medical:surgery; unlocks-building:building:9508,진행 역할은 '적출 기관의 기증자 기록과 신선도를 유지하는 저온 보관법을 확립한다'이다. 선행 2개와 해금 1개를 연구 그래프에 연결한다.,research-topology-and-unlocks,근거 확인,,active-authored,Assets/Resources/SO/Content/GameDomainContentCatalog.asset; Assets/Resources/SO/GameContentCatalog.asset,catalog-registered-static-consumer,Assets/Scripts/Services/Effects/Runtime/CharacterDerivedStatsSnapshot.cs; Assets/Scripts/Services/Infrastructure/BlueprintResearchContracts.cs; Assets/Scripts/Services/Infrastructure/BlueprintResearchProjectCoordinator.cs; Assets/Scripts/Services/Infrastructure/BlueprintResearchRuntime.cs; Assets/Scripts/Services/Infrastructure/BlueprintResearchRuntimeProvider.cs; Assets/Scripts/Services/Infrastructure/BlueprintResearchSaveSection.cs; Assets/Scripts/Services/Infrastructure/ResearchCraftingSummaryService.cs; Assets/Scripts/Services/Infrastructure/ResearchFacilityCapacityAdapter.cs; Assets/Scripts/Services/Infrastructure/ResearchGraphLayoutService.cs; Assets/Scripts/Services/Infrastructure/ResearchProjectCatalogAdapter.cs; Assets/Scripts/Services/Infrastructure/ResearchRewardCatalogAdapter.cs; Assets/Scripts/Services/Run/FirstRunObjectiveRuntime.cs,Assets/Scripts/Services/Infrastructure/BlueprintResearchContracts.cs; Assets/Scripts/Services/Infrastructure/BlueprintResearchRuntime.cs; Assets/Scripts/Services/Infrastructure/BlueprintResearchSaveSection.cs; Assets/Scripts/Services/Infrastructure/ResearchCraftingSummaryService.cs; Assets/Scripts/Services/Run/FirstRunObjectiveRuntime.cs; Assets/Scripts/Services/Run/V20MilestoneWorldSnapshotProjector.cs; Assets/Scripts/Views/UI/ResearchTreeWindow.cs,7,ProductionRecipeSO; ResearchProjectSO,진행 역할은 '적출 기관의 기증자 기록과 신선도를 유지하는 저온 보관법을 확립한다'이다. 선행 2개와 해금 1개를 연구 그래프에 연결한다.,연구 분야 14의 선행·해금 그래프에서 진행 경계를 만든다.,requiredWork=84,research-field:14,"비교 후보(대체 가능성 미검증): ResearchProjectSO:research:genetics:controlled-heredity, ResearchProjectSO:research:genetics:cross-lineage-stabilization, ResearchProjectSO:research:health:isolation-medicine, ResearchProjectSO:research:health:pathogen-observation, ResearchProjectSO:research:health:vaccination, ResearchProjectSO:research:medical:aberrant-augmentation, ResearchProjectSO:research:medical:anatomy, ResearchProjectSO:research:medical:avian-prosthetics, ResearchProjectSO:research:medical:blood-rejuvenation, ResearchProjectSO:research:medical:bloodcraft-augmentation, ResearchProjectSO:research:medical:construct-core-engineering, ResearchProjectSO:research:medical:construct-core-maintenance 외 14개","직접 참조 7건에 영향: ProductionRecipeSO:recipe:medical:organ-preservation-canister, ResearchProjectSO:research:medical:regenerative-culture, ResearchProjectSO:research:medical:xenotransplant",research-topology-and-unlocks; niche=field+prerequisites+unlocks; cost=requiredWork,Assets/Resources/SO/Research/Projects/medical_organ_preservation.asset,836922bee804a9843bc8119d8aa15bb9,"{""fileID"":0}",0,ResearchBlueprintRule,None,explicit-serialized,적출 기관의 기증자 기록과 신선도를 유지하는 저온 보관법을 확립한다.,장기 보존,[],0,"[{""capability"":0,""requiredCount"":1},{""capability"":2,""requiredCount"":1}]",2,14,ResearchField,Surgery And Transplant,explicit-serialized,"{""fileID"":0}",7144,0,ResearchPrerequisiteKind,Theory,implicit-csharp-default,medical_organ_preservation,1,"[{""kind"":2,""prerequisite"":{""fileID"":11400000,""guid"":""a43694aaa3ed9fd4eb3061371f0c5a56"",""type"":2},""prerequisiteId"":""research:medical:surgery"",""reason"":""외과술의 공학 원리이(가) 장기 보존 구현에 직접 필요하다.""}]",1,"[{""fileID"":11400000,""guid"":""a43694aaa3ed9fd4eb3061371f0c5a56"",""type"":2}]",1,research:medical:organ-preservation,84,"{""items"":[{""rid"":7737212199327498622}]}"
research-effects,ResearchProjectSO,ResearchProjectSO|research:medical:organ-regeneration,research:medical:organ-regeneration,장기 재생,"재생 배양과 수술, 이종 이식으로 손상 장기를 교체한다.",분야 14; 작업 3273; 선행 4; 해금 1; 시설 요구 3; 효과 0,prerequisite:research:medical:regenerative-culture; prerequisite:research:medical:regenerative-culture; prerequisite:research:medical:regenerative-culture; prerequisite:research:medical:xenotransplant; prerequisite:research:medical:xenotransplant; prerequisite:research:medical:xenotransplant; unlocks-building:building:8868,"진행 역할은 '재생 배양과 수술, 이종 이식으로 손상 장기를 교체한다'이다. 선행 4개와 해금 1개를 연구 그래프에 연결한다.",research-topology-and-unlocks,근거 확인,,active-authored,Assets/Resources/SO/Content/GameDomainContentCatalog.asset; Assets/Resources/SO/GameContentCatalog.asset,catalog-registered-static-consumer,Assets/Scripts/Services/Effects/Runtime/CharacterDerivedStatsSnapshot.cs; Assets/Scripts/Services/Infrastructure/BlueprintResearchContracts.cs; Assets/Scripts/Services/Infrastructure/BlueprintResearchProjectCoordinator.cs; Assets/Scripts/Services/Infrastructure/BlueprintResearchRuntime.cs; Assets/Scripts/Services/Infrastructure/BlueprintResearchRuntimeProvider.cs; Assets/Scripts/Services/Infrastructure/BlueprintResearchSaveSection.cs; Assets/Scripts/Services/Infrastructure/ResearchCraftingSummaryService.cs; Assets/Scripts/Services/Infrastructure/ResearchFacilityCapacityAdapter.cs; Assets/Scripts/Services/Infrastructure/ResearchGraphLayoutService.cs; Assets/Scripts/Services/Infrastructure/ResearchProjectCatalogAdapter.cs; Assets/Scripts/Services/Infrastructure/ResearchRewardCatalogAdapter.cs; Assets/Scripts/Services/Run/FirstRunObjectiveRuntime.cs,Assets/Scripts/Services/Infrastructure/BlueprintResearchContracts.cs; Assets/Scripts/Services/Infrastructure/BlueprintResearchRuntime.cs; Assets/Scripts/Services/Infrastructure/BlueprintResearchSaveSection.cs; Assets/Scripts/Services/Infrastructure/ResearchCraftingSummaryService.cs; Assets/Scripts/Services/Run/FirstRunObjectiveRuntime.cs; Assets/Scripts/Services/Run/V20MilestoneWorldSnapshotProjector.cs; Assets/Scripts/Views/UI/ResearchTreeWindow.cs,5,ProductionRecipeSO; ResearchProjectSO; SurgicalProcedureSO,"진행 역할은 '재생 배양과 수술, 이종 이식으로 손상 장기를 교체한다'이다. 선행 4개와 해금 1개를 연구 그래프에 연결한다.",연구 분야 14의 선행·해금 그래프에서 진행 경계를 만든다.,requiredWork=3273,research-field:14,"비교 후보(대체 가능성 미검증): ResearchProjectSO:research:genetics:controlled-heredity, ResearchProjectSO:research:genetics:cross-lineage-stabilization, ResearchProjectSO:research:health:isolation-medicine, ResearchProjectSO:research:health:pathogen-observation, ResearchProjectSO:research:health:vaccination, ResearchProjectSO:research:medical:aberrant-augmentation, ResearchProjectSO:research:medical:anatomy, ResearchProjectSO:research:medical:avian-prosthetics, ResearchProjectSO:research:medical:blood-rejuvenation, ResearchProjectSO:research:medical:bloodcraft-augmentation, ResearchProjectSO:research:medical:construct-core-engineering, ResearchProjectSO:research:medical:construct-core-maintenance 외 14개","직접 참조 5건에 영향: ProductionRecipeSO:recipe:medical:organ-regeneration-scaffold, ResearchProjectSO:research:medical:blood-rejuvenation, SurgicalProcedureSO:procedure:organ-regeneration",research-topology-and-unlocks; niche=field+prerequisites+unlocks; cost=requiredWork,Assets/Resources/SO/Research/Projects/medical_organ_regeneration.asset,cba480f7439733e4c84f154fc71b1085,"{""fileID"":0}",0,ResearchBlueprintRule,None,explicit-serialized,"재생 배양과 수술, 이종 이식으로 손상 장기를 교체한다.",장기 재생,[],0,"[{""capability"":0,""requiredCount"":1},{""capability"":2,""requiredCount"":1},{""capability"":6,""requiredCount"":1}]",3,14,ResearchField,Surgery And Transplant,explicit-serialized,"{""fileID"":0}",7267,0,ResearchPrerequisiteKind,Theory,implicit-csharp-default,medical_organ_regeneration,1,"[{""kind"":2,""prerequisite"":{""fileID"":11400000,""guid"":""3cf28d5b589b21647a65f6b037fedc43"",""type"":2},""prerequisiteId"":""research:medical:regenerative-culture"",""reason"":""재생 배양의 공학 원리이(가) 장기 재생 구현에 직접 필요하다.""},{""kind"":2,""prerequisite"":{""fileID"":11400000,""guid"":""bea0ba010ab47b745ad5a17a505932e8"",""type"":2},""prerequisiteId"":""research:medical:xenotransplant"",""reason"":""이종 이식의 공학 원리이(가) 장기 재생 구현에 직접 필요하다.""}]",2,"[{""fileID"":11400000,""guid"":""3cf28d5b589b21647a65f6b037fedc43"",""type"":2},{""fileID"":11400000,""guid"":""bea0ba010ab47b745ad5a17a505932e8"",""type"":2}]",2,research:medical:organ-regeneration,3273,"{""items"":[{""rid"":7737212199327498623}]}"
research-effects,ResearchProjectSO,ResearchProjectSO|research:medical:prosthetics,research:medical:prosthetics,보철 공학,결손된 팔다리와 감각 기관을 금속과 목재 보철로 대체한다.,분야 14; 작업 84; 선행 4; 해금 2; 시설 요구 2; 효과 0,prerequisite:research:medical:surgery; prerequisite:research:medical:surgery; prerequisite:research:medical:surgery; prerequisite:research:metallurgy:iron; prerequisite:research:metallurgy:iron; prerequisite:research:metallurgy:iron; unlocks-building:building:9506; unlocks-building:building:9507,진행 역할은 '결손된 팔다리와 감각 기관을 금속과 목재 보철로 대체한다'이다. 선행 4개와 해금 2개를 연구 그래프에 연결한다.,research-topology-and-unlocks,근거 확인,,active-authored,Assets/Resources/SO/Content/GameDomainContentCatalog.asset; Assets/Resources/SO/GameContentCatalog.asset,catalog-registered-static-consumer,Assets/Scripts/Services/Effects/Runtime/CharacterDerivedStatsSnapshot.cs; Assets/Scripts/Services/Infrastructure/BlueprintResearchContracts.cs; Assets/Scripts/Services/Infrastructure/BlueprintResearchProjectCoordinator.cs; Assets/Scripts/Services/Infrastructure/BlueprintResearchRuntime.cs; Assets/Scripts/Services/Infrastructure/BlueprintResearchRuntimeProvider.cs; Assets/Scripts/Services/Infrastructure/BlueprintResearchSaveSection.cs; Assets/Scripts/Services/Infrastructure/ResearchCraftingSummaryService.cs; Assets/Scripts/Services/Infrastructure/ResearchFacilityCapacityAdapter.cs; Assets/Scripts/Services/Infrastructure/ResearchGraphLayoutService.cs; Assets/Scripts/Services/Infrastructure/ResearchProjectCatalogAdapter.cs; Assets/Scripts/Services/Infrastructure/ResearchRewardCatalogAdapter.cs; Assets/Scripts/Services/Run/FirstRunObjectiveRuntime.cs,Assets/Scripts/Services/Infrastructure/BlueprintResearchContracts.cs; Assets/Scripts/Services/Infrastructure/BlueprintResearchRuntime.cs; Assets/Scripts/Services/Infrastructure/BlueprintResearchSaveSection.cs; Assets/Scripts/Services/Infrastructure/ResearchCraftingSummaryService.cs; Assets/Scripts/Services/Run/FirstRunObjectiveRuntime.cs; Assets/Scripts/Services/Run/V20MilestoneWorldSnapshotProjector.cs; Assets/Scripts/Views/UI/ResearchTreeWindow.cs,18,ProductionRecipeSO; ResearchProjectSO; SurgicalProcedureSO,진행 역할은 '결손된 팔다리와 감각 기관을 금속과 목재 보철로 대체한다'이다. 선행 4개와 해금 2개를 연구 그래프에 연결한다.,연구 분야 14의 선행·해금 그래프에서 진행 경계를 만든다.,requiredWork=84,research-field:14,"비교 후보(대체 가능성 미검증): ResearchProjectSO:research:genetics:controlled-heredity, ResearchProjectSO:research:genetics:cross-lineage-stabilization, ResearchProjectSO:research:health:isolation-medicine, ResearchProjectSO:research:health:pathogen-observation, ResearchProjectSO:research:health:vaccination, ResearchProjectSO:research:medical:aberrant-augmentation, ResearchProjectSO:research:medical:anatomy, ResearchProjectSO:research:medical:avian-prosthetics, ResearchProjectSO:research:medical:blood-rejuvenation, ResearchProjectSO:research:medical:bloodcraft-augmentation, ResearchProjectSO:research:medical:construct-core-engineering, ResearchProjectSO:research:medical:construct-core-maintenance 외 14개","직접 참조 18건에 영향: ProductionRecipeSO:recipe:surgery:artificial-eye, ProductionRecipeSO:recipe:surgery:prosthetic-arm, ProductionRecipeSO:recipe:surgery:prosthetic-leg, ResearchProjectSO:research:medical:avian-prosthetics, ResearchProjectSO:research:medical:construct-core-maintenance, SurgicalProcedureSO:procedure:beastkin-sprint-joint, SurgicalProcedureSO:procedure:beastkin-tail-reconstruction, SurgicalProcedureSO:procedure:human-neural-assist, SurgicalProcedureSO:procedure:human-precision-prosthetic, SurgicalProcedureSO:procedure:implant-installation 외",research-topology-and-unlocks; niche=field+prerequisites+unlocks; cost=requiredWork,Assets/Resources/SO/Research/Projects/medical_prosthetics.asset,c52785d031f4ec84e99b815e21ffaf41,"{""fileID"":0}",0,ResearchBlueprintRule,None,explicit-serialized,결손된 팔다리와 감각 기관을 금속과 목재 보철로 대체한다.,보철 공학,[],0,"[{""capability"":0,""requiredCount"":1},{""capability"":2,""requiredCount"":1}]",2,14,ResearchField,Surgery And Transplant,explicit-serialized,"{""fileID"":0}",7143,0,ResearchPrerequisiteKind,Theory,implicit-csharp-default,medical_prosthetics,1,"[{""kind"":2,""prerequisite"":{""fileID"":11400000,""guid"":""a43694aaa3ed9fd4eb3061371f0c5a56"",""type"":2},""prerequisiteId"":""research:medical:surgery"",""reason"":""외과술의 공학 원리이(가) 보철 공학 구현에 직접 필요하다.""},{""kind"":2,""prerequisite"":{""fileID"":11400000,""guid"":""2a6b0ed0e88929c4dabd29e4462697af"",""type"":2},""prerequisiteId"":""research:metallurgy:iron"",""reason"":""철제 가공의 공학 원리이(가) 보철 공학 구현에 직접 필요하다.""}]",2,"[{""fileID"":11400000,""guid"":""a43694aaa3ed9fd4eb3061371f0c5a56"",""type"":2},{""fileID"":11400000,""guid"":""2a6b0ed0e88929c4dabd29e4462697af"",""type"":2}]",2,research:medical:prosthetics,84,"{""items"":[{""rid"":7737212199327498624},{""rid"":7737212199327498625}]}"
research-effects,ResearchProjectSO,ResearchProjectSO|research:medical:regenerative-culture,research:medical:regenerative-culture,재생 배양,"생물학적 연령 계측, 장기 보존과 균사 이식으로 재생 조직을 배양한다.",분야 14; 작업 2182; 선행 6; 해금 1; 시설 요구 3; 효과 0,prerequisite:research:medical:gerontology; prerequisite:research:medical:gerontology; prerequisite:research:medical:gerontology; prerequisite:research:medical:mycelial-grafting; prerequisite:research:medical:mycelial-grafting; prerequisite:research:medical:mycelial-grafting; prerequisite:research:medical:organ-preservation; prerequisite:research:medical:organ-preservation; prerequisite:research:medical:organ-preservation; unlocks-building:building:8867,"진행 역할은 '생물학적 연령 계측, 장기 보존과 균사 이식으로 재생 조직을 배양한다'이다. 선행 6개와 해금 1개를 연구 그래프에 연결한다.",research-topology-and-unlocks,근거 확인,,active-authored,Assets/Resources/SO/Content/GameDomainContentCatalog.asset; Assets/Resources/SO/GameContentCatalog.asset,catalog-registered-static-consumer,Assets/Scripts/Services/Effects/Runtime/CharacterDerivedStatsSnapshot.cs; Assets/Scripts/Services/Infrastructure/BlueprintResearchContracts.cs; Assets/Scripts/Services/Infrastructure/BlueprintResearchProjectCoordinator.cs; Assets/Scripts/Services/Infrastructure/BlueprintResearchRuntime.cs; Assets/Scripts/Services/Infrastructure/BlueprintResearchRuntimeProvider.cs; Assets/Scripts/Services/Infrastructure/BlueprintResearchSaveSection.cs; Assets/Scripts/Services/Infrastructure/ResearchCraftingSummaryService.cs; Assets/Scripts/Services/Infrastructure/ResearchFacilityCapacityAdapter.cs; Assets/Scripts/Services/Infrastructure/ResearchGraphLayoutService.cs; Assets/Scripts/Services/Infrastructure/ResearchProjectCatalogAdapter.cs; Assets/Scripts/Services/Infrastructure/ResearchRewardCatalogAdapter.cs; Assets/Scripts/Services/Run/FirstRunObjectiveRuntime.cs,Assets/Scripts/Services/Infrastructure/BlueprintResearchContracts.cs; Assets/Scripts/Services/Infrastructure/BlueprintResearchRuntime.cs; Assets/Scripts/Services/Infrastructure/BlueprintResearchSaveSection.cs; Assets/Scripts/Services/Infrastructure/ResearchCraftingSummaryService.cs; Assets/Scripts/Services/Run/FirstRunObjectiveRuntime.cs; Assets/Scripts/Services/Run/V20MilestoneWorldSnapshotProjector.cs; Assets/Scripts/Views/UI/ResearchTreeWindow.cs,8,ProductionRecipeSO; ResearchProjectSO,"진행 역할은 '생물학적 연령 계측, 장기 보존과 균사 이식으로 재생 조직을 배양한다'이다. 선행 6개와 해금 1개를 연구 그래프에 연결한다.",연구 분야 14의 선행·해금 그래프에서 진행 경계를 만든다.,requiredWork=2182,research-field:14,"비교 후보(대체 가능성 미검증): ResearchProjectSO:research:genetics:controlled-heredity, ResearchProjectSO:research:genetics:cross-lineage-stabilization, ResearchProjectSO:research:health:isolation-medicine, ResearchProjectSO:research:health:pathogen-observation, ResearchProjectSO:research:health:vaccination, ResearchProjectSO:research:medical:aberrant-augmentation, ResearchProjectSO:research:medical:anatomy, ResearchProjectSO:research:medical:avian-prosthetics, ResearchProjectSO:research:medical:blood-rejuvenation, ResearchProjectSO:research:medical:bloodcraft-augmentation, ResearchProjectSO:research:medical:construct-core-engineering, ResearchProjectSO:research:medical:construct-core-maintenance 외 14개","직접 참조 8건에 영향: ProductionRecipeSO:recipe:material:sterile-composite, ProductionRecipeSO:recipe:medical:regenerative-medium, ResearchProjectSO:research:genetics:cross-lineage-stabilization, ResearchProjectSO:research:medical:organ-regeneration",research-topology-and-unlocks; niche=field+prerequisites+unlocks; cost=requiredWork,Assets/Resources/SO/Research/Projects/medical_regenerative_culture.asset,3cf28d5b589b21647a65f6b037fedc43,"{""fileID"":0}",0,ResearchBlueprintRule,None,explicit-serialized,"생물학적 연령 계측, 장기 보존과 균사 이식으로 재생 조직을 배양한다.",재생 배양,[],0,"[{""capability"":0,""requiredCount"":1},{""capability"":2,""requiredCount"":1},{""capability"":6,""requiredCount"":1}]",3,14,ResearchField,Surgery And Transplant,explicit-serialized,"{""fileID"":0}",7266,0,ResearchPrerequisiteKind,Theory,implicit-csharp-default,medical_regenerative_culture,1,"[{""kind"":2,""prerequisite"":{""fileID"":11400000,""guid"":""75c38d39f76b2bc4da7e0ca9959e3a9a"",""type"":2},""prerequisiteId"":""research:medical:gerontology"",""reason"":""노인학과 생물학적 연령 계측의 공학 원리이(가) 재생 배양 구현에 직접 필요하다.""},{""kind"":2,""prerequisite"":{""fileID"":11400000,""guid"":""788cfb46f343472449658f49b34111f4"",""type"":2},""prerequisiteId"":""research:medical:mycelial-grafting"",""reason"":""균사 접목학의 공학 원리이(가) 재생 배양 구현에 직접 필요하다.""},{""kind"":2,""prerequisite"":{""fileID"":11400000,""guid"":""836922bee804a9843bc8119d8aa15bb9"",""type"":2},""prerequisiteId"":""research:medical:organ-preservation"",""reason"":""장기 보존의 공학 원리이(가) 재생 배양 구현에 직접 필요하다.""}]",3,"[{""fileID"":11400000,""guid"":""75c38d39f76b2bc4da7e0ca9959e3a9a"",""type"":2},{""fileID"":11400000,""guid"":""788cfb46f343472449658f49b34111f4"",""type"":2},{""fileID"":11400000,""guid"":""836922bee804a9843bc8119d8aa15bb9"",""type"":2}]",3,research:medical:regenerative-culture,2182,"{""items"":[{""rid"":7737212199327498628}]}"
research-effects,ResearchProjectSO,ResearchProjectSO|research:medical:reproductive-medicine,research:medical:reproductive-medicine,생식 의학,"영아 돌봄, 해부학과 마취를 산과 진료에 적용한다.",분야 14; 작업 255; 선행 6; 해금 1; 시설 요구 3; 효과 0,prerequisite:research:medical:anatomy; prerequisite:research:medical:anatomy; prerequisite:research:medical:anatomy; prerequisite:research:pharmacology:anesthesia; prerequisite:research:pharmacology:anesthesia; prerequisite:research:pharmacology:anesthesia; prerequisite:research:society:household-records; prerequisite:research:society:household-records; prerequisite:research:society:household-records; unlocks-building:building:8859,"진행 역할은 '영아 돌봄, 해부학과 마취를 산과 진료에 적용한다'이다. 선행 6개와 해금 1개를 연구 그래프에 연결한다.",research-topology-and-unlocks,근거 확인,,active-authored,Assets/Resources/SO/Content/GameDomainContentCatalog.asset; Assets/Resources/SO/GameContentCatalog.asset,catalog-registered-static-consumer,Assets/Scripts/Services/Effects/Runtime/CharacterDerivedStatsSnapshot.cs; Assets/Scripts/Services/Infrastructure/BlueprintResearchContracts.cs; Assets/Scripts/Services/Infrastructure/BlueprintResearchProjectCoordinator.cs; Assets/Scripts/Services/Infrastructure/BlueprintResearchRuntime.cs; Assets/Scripts/Services/Infrastructure/BlueprintResearchRuntimeProvider.cs; Assets/Scripts/Services/Infrastructure/BlueprintResearchSaveSection.cs; Assets/Scripts/Services/Infrastructure/ResearchCraftingSummaryService.cs; Assets/Scripts/Services/Infrastructure/ResearchFacilityCapacityAdapter.cs; Assets/Scripts/Services/Infrastructure/ResearchGraphLayoutService.cs; Assets/Scripts/Services/Infrastructure/ResearchProjectCatalogAdapter.cs; Assets/Scripts/Services/Infrastructure/ResearchRewardCatalogAdapter.cs; Assets/Scripts/Services/Run/FirstRunObjectiveRuntime.cs,Assets/Scripts/Services/Infrastructure/BlueprintResearchContracts.cs; Assets/Scripts/Services/Infrastructure/BlueprintResearchRuntime.cs; Assets/Scripts/Services/Infrastructure/BlueprintResearchSaveSection.cs; Assets/Scripts/Services/Infrastructure/ResearchCraftingSummaryService.cs; Assets/Scripts/Services/Run/FirstRunObjectiveRuntime.cs; Assets/Scripts/Services/Run/V20MilestoneWorldSnapshotProjector.cs; Assets/Scripts/Views/UI/ResearchTreeWindow.cs,4,ProductionRecipeSO; ResearchProjectSO,"진행 역할은 '영아 돌봄, 해부학과 마취를 산과 진료에 적용한다'이다. 선행 6개와 해금 1개를 연구 그래프에 연결한다.",연구 분야 14의 선행·해금 그래프에서 진행 경계를 만든다.,requiredWork=255,research-field:14,"비교 후보(대체 가능성 미검증): ResearchProjectSO:research:genetics:controlled-heredity, ResearchProjectSO:research:genetics:cross-lineage-stabilization, ResearchProjectSO:research:health:isolation-medicine, ResearchProjectSO:research:health:pathogen-observation, ResearchProjectSO:research:health:vaccination, ResearchProjectSO:research:medical:aberrant-augmentation, ResearchProjectSO:research:medical:anatomy, ResearchProjectSO:research:medical:avian-prosthetics, ResearchProjectSO:research:medical:blood-rejuvenation, ResearchProjectSO:research:medical:bloodcraft-augmentation, ResearchProjectSO:research:medical:construct-core-engineering, ResearchProjectSO:research:medical:construct-core-maintenance 외 14개","직접 참조 4건에 영향: ProductionRecipeSO:recipe:medical:fertility-treatment, ResearchProjectSO:research:genetics:controlled-heredity",research-topology-and-unlocks; niche=field+prerequisites+unlocks; cost=requiredWork,Assets/Resources/SO/Research/Projects/medical_reproductive_medicine.asset,bf22cab76707e9d4f9bf25449d97d258,"{""fileID"":0}",0,ResearchBlueprintRule,None,explicit-serialized,"영아 돌봄, 해부학과 마취를 산과 진료에 적용한다.",생식 의학,[],0,"[{""capability"":0,""requiredCount"":1},{""capability"":2,""requiredCount"":1},{""capability"":6,""requiredCount"":1}]",3,14,ResearchField,Surgery And Transplant,explicit-serialized,"{""fileID"":0}",7258,0,ResearchPrerequisiteKind,Theory,implicit-csharp-default,medical_reproductive_medicine,1,"[{""kind"":2,""prerequisite"":{""fileID"":11400000,""guid"":""db52b6c4042583d41a582bd0c7d9d6a3"",""type"":2},""prerequisiteId"":""research:medical:anatomy"",""reason"":""해부학의 공학 원리이(가) 생식 의학 구현에 직접 필요하다.""},{""kind"":2,""prerequisite"":{""fileID"":11400000,""guid"":""5d24ff7a48d2e42439661cde8f81fdae"",""type"":2},""prerequisiteId"":""research:pharmacology:anesthesia"",""reason"":""진통·마취의 공학 원리이(가) 생식 의학 구현에 직접 필요하다.""},{""kind"":0,""prerequisite"":{""fileID"":11400000,""guid"":""0e987e63f3ceb724aa404607804069ad"",""type"":2},""prerequisiteId"":""research:society:household-records"",""reason"":""가구 기록과 영아 돌봄의 이론이(가) 생식 의학 구현에 직접 필요하다.""}]",3,"[{""fileID"":11400000,""guid"":""db52b6c4042583d41a582bd0c7d9d6a3"",""type"":2},{""fileID"":11400000,""guid"":""5d24ff7a48d2e42439661cde8f81fdae"",""type"":2},{""fileID"":11400000,""guid"":""0e987e63f3ceb724aa404607804069ad"",""type"":2}]",3,research:medical:reproductive-medicine,255,"{""items"":[{""rid"":7737212199327498629}]}"
research-effects,ResearchProjectSO,ResearchProjectSO|research:medical:rune-hibernation,research:medical:rune-hibernation,룬 동면,"생물학적 연령 계측과 공명, 룬 전력·냉각을 동면 유지에 통합한다.",분야 3; 작업 2182; 선행 6; 해금 1; 시설 요구 4; 효과 0,prerequisite:research:industry:electric-smelting; prerequisite:research:industry:electric-smelting; prerequisite:research:industry:electric-smelting; prerequisite:research:industry:mana-power; prerequisite:research:industry:mana-power; prerequisite:research:industry:mana-power; prerequisite:research:medical:gerontology; prerequisite:research:medical:gerontology; prerequisite:research:medical:gerontology; unlocks-building:building:8870,"진행 역할은 '생물학적 연령 계측과 공명, 룬 전력·냉각을 동면 유지에 통합한다'이다. 선행 6개와 해금 1개를 연구 그래프에 연결한다.",research-topology-and-unlocks,근거 확인,,active-authored,Assets/Resources/SO/Content/GameDomainContentCatalog.asset; Assets/Resources/SO/GameContentCatalog.asset,catalog-registered-static-consumer,Assets/Scripts/Services/Effects/Runtime/CharacterDerivedStatsSnapshot.cs; Assets/Scripts/Services/Infrastructure/BlueprintResearchContracts.cs; Assets/Scripts/Services/Infrastructure/BlueprintResearchProjectCoordinator.cs; Assets/Scripts/Services/Infrastructure/BlueprintResearchRuntime.cs; Assets/Scripts/Services/Infrastructure/BlueprintResearchRuntimeProvider.cs; Assets/Scripts/Services/Infrastructure/BlueprintResearchSaveSection.cs; Assets/Scripts/Services/Infrastructure/ResearchCraftingSummaryService.cs; Assets/Scripts/Services/Infrastructure/ResearchFacilityCapacityAdapter.cs; Assets/Scripts/Services/Infrastructure/ResearchGraphLayoutService.cs; Assets/Scripts/Services/Infrastructure/ResearchProjectCatalogAdapter.cs; Assets/Scripts/Services/Infrastructure/ResearchRewardCatalogAdapter.cs; Assets/Scripts/Services/Run/FirstRunObjectiveRuntime.cs,Assets/Scripts/Services/Infrastructure/BlueprintResearchContracts.cs; Assets/Scripts/Services/Infrastructure/BlueprintResearchRuntime.cs; Assets/Scripts/Services/Infrastructure/BlueprintResearchSaveSection.cs; Assets/Scripts/Services/Infrastructure/ResearchCraftingSummaryService.cs; Assets/Scripts/Services/Run/FirstRunObjectiveRuntime.cs; Assets/Scripts/Services/Run/V20MilestoneWorldSnapshotProjector.cs; Assets/Scripts/Views/UI/ResearchTreeWindow.cs,5,ProductionRecipeSO; ResearchProjectSO; SurgicalProcedureSO,"진행 역할은 '생물학적 연령 계측과 공명, 룬 전력·냉각을 동면 유지에 통합한다'이다. 선행 6개와 해금 1개를 연구 그래프에 연결한다.",연구 분야 3의 선행·해금 그래프에서 진행 경계를 만든다.,requiredWork=2182,research-field:3,"비교 후보(대체 가능성 미검증): ResearchProjectSO:research:arcane:advanced, ResearchProjectSO:research:arcane:alchemy, ResearchProjectSO:research:arcane:records, ResearchProjectSO:research:arcane:resonance, ResearchProjectSO:research:climate:regional-climatology, ResearchProjectSO:research:climate:weather-observation, ResearchProjectSO:research:equipment:lineage-binding, ResearchProjectSO:research:equipment:relic-appraisal, ResearchProjectSO:research:genetics:hereditary-records, ResearchProjectSO:research:life:seasonal-calendar, ResearchProjectSO:research:medical:temporal-stasis","직접 참조 5건에 영향: ProductionRecipeSO:recipe:medical:rune-hibernation-catalyst, ResearchProjectSO:research:medical:whole-body-regeneration, SurgicalProcedureSO:procedure:rune-hibernation",research-topology-and-unlocks; niche=field+prerequisites+unlocks; cost=requiredWork,Assets/Resources/SO/Research/Projects/medical_rune_hibernation.asset,605d2f26eb52060489dec987c76054f1,"{""fileID"":0}",0,ResearchBlueprintRule,None,explicit-serialized,"생물학적 연령 계측과 공명, 룬 전력·냉각을 동면 유지에 통합한다.",룬 동면,[],0,"[{""capability"":0,""requiredCount"":1},{""capability"":1,""requiredCount"":1},{""capability"":5,""requiredCount"":1},{""capability"":6,""requiredCount"":1}]",4,3,ResearchField,Records And Arcane,explicit-serialized,"{""fileID"":0}",7269,0,ResearchPrerequisiteKind,Theory,implicit-csharp-default,medical_rune_hibernation,1,"[{""kind"":2,""prerequisite"":{""fileID"":11400000,""guid"":""f7c5117f9e4c6ec438b9e5463bda8dea"",""type"":2},""prerequisiteId"":""research:industry:electric-smelting"",""reason"":""전기 제련과 산업 냉각의 공학 원리이(가) 룬 동면 구현에 직접 필요하다.""},{""kind"":2,""prerequisite"":{""fileID"":11400000,""guid"":""4b3074860ed56d9429b554e903f0d8e7"",""type"":2},""prerequisiteId"":""research:industry:mana-power"",""reason"":""마나 동력과 룬 전력망의 공학 원리이(가) 룬 동면 구현에 직접 필요하다.""},{""kind"":2,""prerequisite"":{""fileID"":11400000,""guid"":""75c38d39f76b2bc4da7e0ca9959e3a9a"",""type"":2},""prerequisiteId"":""research:medical:gerontology"",""reason"":""노인학과 생물학적 연령 계측의 공학 원리이(가) 룬 동면 구현에 직접 필요하다.""}]",3,"[{""fileID"":11400000,""guid"":""f7c5117f9e4c6ec438b9e5463bda8dea"",""type"":2},{""fileID"":11400000,""guid"":""4b3074860ed56d9429b554e903f0d8e7"",""type"":2},{""fileID"":11400000,""guid"":""75c38d39f76b2bc4da7e0ca9959e3a9a"",""type"":2}]",3,research:medical:rune-hibernation,2182,"{""items"":[{""rid"":7737212199327498630}]}"
research-effects,ResearchProjectSO,ResearchProjectSO|research:medical:slime-bioengineering,research:medical:slime-bioengineering,점액 생체공학,점액 외피와 응집핵을 안정화하고 재성형한다.,분야 14; 작업 84; 선행 2; 해금 0; 시설 요구 2; 효과 0,prerequisite:research:medical:anatomy; prerequisite:research:medical:anatomy; prerequisite:research:medical:anatomy,진행 역할은 '점액 외피와 응집핵을 안정화하고 재성형한다'이다. 선행 2개와 해금 0개를 연구 그래프에 연결한다.,research-topology-and-unlocks,근거 확인,,active-authored,Assets/Resources/SO/Content/GameDomainContentCatalog.asset; Assets/Resources/SO/GameContentCatalog.asset,catalog-registered-static-consumer,Assets/Scripts/Services/Effects/Runtime/CharacterDerivedStatsSnapshot.cs; Assets/Scripts/Services/Infrastructure/BlueprintResearchContracts.cs; Assets/Scripts/Services/Infrastructure/BlueprintResearchProjectCoordinator.cs; Assets/Scripts/Services/Infrastructure/BlueprintResearchRuntime.cs; Assets/Scripts/Services/Infrastructure/BlueprintResearchRuntimeProvider.cs; Assets/Scripts/Services/Infrastructure/BlueprintResearchSaveSection.cs; Assets/Scripts/Services/Infrastructure/ResearchCraftingSummaryService.cs; Assets/Scripts/Services/Infrastructure/ResearchFacilityCapacityAdapter.cs; Assets/Scripts/Services/Infrastructure/ResearchGraphLayoutService.cs; Assets/Scripts/Services/Infrastructure/ResearchProjectCatalogAdapter.cs; Assets/Scripts/Services/Infrastructure/ResearchRewardCatalogAdapter.cs; Assets/Scripts/Services/Run/FirstRunObjectiveRuntime.cs,Assets/Scripts/Services/Infrastructure/BlueprintResearchContracts.cs; Assets/Scripts/Services/Infrastructure/BlueprintResearchRuntime.cs; Assets/Scripts/Services/Infrastructure/BlueprintResearchSaveSection.cs; Assets/Scripts/Services/Infrastructure/ResearchCraftingSummaryService.cs; Assets/Scripts/Services/Run/FirstRunObjectiveRuntime.cs; Assets/Scripts/Services/Run/V20MilestoneWorldSnapshotProjector.cs; Assets/Scripts/Views/UI/ResearchTreeWindow.cs,8,ProductionRecipeSO; ResearchProjectSO; SurgicalProcedureSO,진행 역할은 '점액 외피와 응집핵을 안정화하고 재성형한다'이다. 선행 2개와 해금 0개를 연구 그래프에 연결한다.,연구 분야 14의 선행·해금 그래프에서 진행 경계를 만든다.,requiredWork=84,research-field:14,"비교 후보(대체 가능성 미검증): ResearchProjectSO:research:genetics:controlled-heredity, ResearchProjectSO:research:genetics:cross-lineage-stabilization, ResearchProjectSO:research:health:isolation-medicine, ResearchProjectSO:research:health:pathogen-observation, ResearchProjectSO:research:health:vaccination, ResearchProjectSO:research:medical:aberrant-augmentation, ResearchProjectSO:research:medical:anatomy, ResearchProjectSO:research:medical:avian-prosthetics, ResearchProjectSO:research:medical:blood-rejuvenation, ResearchProjectSO:research:medical:bloodcraft-augmentation, ResearchProjectSO:research:medical:construct-core-engineering, ResearchProjectSO:research:medical:construct-core-maintenance 외 14개","직접 참조 8건에 영향: ProductionRecipeSO:recipe:medical:slime-coagulation-frame, ResearchProjectSO:research:medical:whole-body-regeneration, SurgicalProcedureSO:procedure:slime-core-stabilization, SurgicalProcedureSO:procedure:slime-membrane-suture, SurgicalProcedureSO:procedure:slime-pseudopod-reshape, SurgicalProcedureSO:procedure:slime-replenishment",research-topology-and-unlocks; niche=field+prerequisites+unlocks; cost=requiredWork,Assets/Resources/SO/Research/Projects/medical_slime_bioengineering.asset,7b52a6635613de84cacb3b29226f032e,"{""fileID"":0}",0,ResearchBlueprintRule,None,explicit-serialized,점액 외피와 응집핵을 안정화하고 재성형한다.,점액 생체공학,[],0,"[{""capability"":0,""requiredCount"":1},{""capability"":2,""requiredCount"":1}]",2,14,ResearchField,Surgery And Transplant,explicit-serialized,"{""fileID"":0}",7211,0,ResearchPrerequisiteKind,Theory,implicit-csharp-default,medical_slime_bioengineering,1,"[{""kind"":2,""prerequisite"":{""fileID"":11400000,""guid"":""db52b6c4042583d41a582bd0c7d9d6a3"",""type"":2},""prerequisiteId"":""research:medical:anatomy"",""reason"":""해부학의 공학 원리이(가) 점액 생체공학 구현에 직접 필요하다.""}]",1,"[{""fileID"":11400000,""guid"":""db52b6c4042583d41a582bd0c7d9d6a3"",""type"":2}]",1,research:medical:slime-bioengineering,84,"{""items"":[]}"
research-effects,ResearchProjectSO,ResearchProjectSO|research:medical:surgery,research:medical:surgery,외과술,"마취, 절개와 봉합을 표준화해 생체 수술을 가능하게 한다.",분야 14; 작업 60; 선행 4; 해금 3; 시설 요구 2; 효과 0,prerequisite:research:medical:anatomy; prerequisite:research:medical:anatomy; prerequisite:research:medical:anatomy; prerequisite:research:pharmacology:anesthesia; prerequisite:research:pharmacology:anesthesia; prerequisite:research:pharmacology:anesthesia; unlocks-building:building:9503; unlocks-building:building:9504; unlocks-building:building:9505,"진행 역할은 '마취, 절개와 봉합을 표준화해 생체 수술을 가능하게 한다'이다. 선행 4개와 해금 3개를 연구 그래프에 연결한다.",research-topology-and-unlocks,근거 확인,,active-authored,Assets/Resources/SO/Content/GameDomainContentCatalog.asset; Assets/Resources/SO/GameContentCatalog.asset,catalog-registered-static-consumer,Assets/Scripts/Services/Effects/Runtime/CharacterDerivedStatsSnapshot.cs; Assets/Scripts/Services/Infrastructure/BlueprintResearchContracts.cs; Assets/Scripts/Services/Infrastructure/BlueprintResearchProjectCoordinator.cs; Assets/Scripts/Services/Infrastructure/BlueprintResearchRuntime.cs; Assets/Scripts/Services/Infrastructure/BlueprintResearchRuntimeProvider.cs; Assets/Scripts/Services/Infrastructure/BlueprintResearchSaveSection.cs; Assets/Scripts/Services/Infrastructure/ResearchCraftingSummaryService.cs; Assets/Scripts/Services/Infrastructure/ResearchFacilityCapacityAdapter.cs; Assets/Scripts/Services/Infrastructure/ResearchGraphLayoutService.cs; Assets/Scripts/Services/Infrastructure/ResearchProjectCatalogAdapter.cs; Assets/Scripts/Services/Infrastructure/ResearchRewardCatalogAdapter.cs; Assets/Scripts/Services/Run/FirstRunObjectiveRuntime.cs,Assets/Scripts/Services/Infrastructure/BlueprintResearchContracts.cs; Assets/Scripts/Services/Infrastructure/BlueprintResearchRuntime.cs; Assets/Scripts/Services/Infrastructure/BlueprintResearchSaveSection.cs; Assets/Scripts/Services/Infrastructure/ResearchCraftingSummaryService.cs; Assets/Scripts/Services/Run/FirstRunObjectiveRuntime.cs; Assets/Scripts/Services/Run/V20MilestoneWorldSnapshotProjector.cs; Assets/Scripts/Views/UI/ResearchTreeWindow.cs,13,ProductionRecipeSO; ResearchProjectSO; SurgicalProcedureSO,"진행 역할은 '마취, 절개와 봉합을 표준화해 생체 수술을 가능하게 한다'이다. 선행 4개와 해금 3개를 연구 그래프에 연결한다.",연구 분야 14의 선행·해금 그래프에서 진행 경계를 만든다.,requiredWork=60,research-field:14,"비교 후보(대체 가능성 미검증): ResearchProjectSO:research:genetics:controlled-heredity, ResearchProjectSO:research:genetics:cross-lineage-stabilization, ResearchProjectSO:research:health:isolation-medicine, ResearchProjectSO:research:health:pathogen-observation, ResearchProjectSO:research:health:vaccination, ResearchProjectSO:research:medical:aberrant-augmentation, ResearchProjectSO:research:medical:anatomy, ResearchProjectSO:research:medical:avian-prosthetics, ResearchProjectSO:research:medical:blood-rejuvenation, ResearchProjectSO:research:medical:bloodcraft-augmentation, ResearchProjectSO:research:medical:construct-core-engineering, ResearchProjectSO:research:medical:construct-core-maintenance 외 14개","직접 참조 13건에 영향: ProductionRecipeSO:recipe:medical:sterile-bandage, ProductionRecipeSO:recipe:textile:sterile-cloth, ResearchProjectSO:research:medical:organ-preservation, ResearchProjectSO:research:medical:prosthetics, SurgicalProcedureSO:procedure:amputation, SurgicalProcedureSO:procedure:live-organ-extraction, SurgicalProcedureSO:procedure:orc-combat-heart, SurgicalProcedureSO:procedure:orc-skeletal-reinforcement, SurgicalProcedureSO:procedure:organ-repair",research-topology-and-unlocks; niche=field+prerequisites+unlocks; cost=requiredWork,Assets/Resources/SO/Research/Projects/medical_surgery.asset,a43694aaa3ed9fd4eb3061371f0c5a56,"{""fileID"":0}",0,ResearchBlueprintRule,None,explicit-serialized,"마취, 절개와 봉합을 표준화해 생체 수술을 가능하게 한다.",외과술,[],0,"[{""capability"":0,""requiredCount"":1},{""capability"":2,""requiredCount"":1}]",2,14,ResearchField,Surgery And Transplant,explicit-serialized,"{""fileID"":0}",7142,0,ResearchPrerequisiteKind,Theory,implicit-csharp-default,medical_surgery,1,"[{""kind"":2,""prerequisite"":{""fileID"":11400000,""guid"":""db52b6c4042583d41a582bd0c7d9d6a3"",""type"":2},""prerequisiteId"":""research:medical:anatomy"",""reason"":""해부학의 공학 원리이(가) 외과술 구현에 직접 필요하다.""},{""kind"":2,""prerequisite"":{""fileID"":11400000,""guid"":""5d24ff7a48d2e42439661cde8f81fdae"",""type"":2},""prerequisiteId"":""research:pharmacology:anesthesia"",""reason"":""진통·마취의 공학 원리이(가) 외과술 구현에 직접 필요하다.""}]",2,"[{""fileID"":11400000,""guid"":""db52b6c4042583d41a582bd0c7d9d6a3"",""type"":2},{""fileID"":11400000,""guid"":""5d24ff7a48d2e42439661cde8f81fdae"",""type"":2}]",2,research:medical:surgery,60,"{""items"":[{""rid"":7737212199327498631},{""rid"":7737212199327498632},{""rid"":7737212199327498633}]}"
research-effects,ResearchProjectSO,ResearchProjectSO|research:medical:temporal-stasis,research:medical:temporal-stasis,시간 고정,"전신 재생과 시각 항법, 교차계통 안정화, 룬 조율로 생물학적 시간을 고정한다.",분야 3; 작업 5455; 선행 8; 해금 1; 시설 요구 4; 효과 0,prerequisite:research:climate:regional-climatology; prerequisite:research:climate:regional-climatology; prerequisite:research:climate:regional-climatology; prerequisite:research:equipment:rune-module-tuning; prerequisite:research:equipment:rune-module-tuning; prerequisite:research:equipment:rune-module-tuning; prerequisite:research:genetics:cross-lineage-stabilization; prerequisite:research:genetics:cross-lineage-stabilization; prerequisite:research:genetics:cross-lineage-stabilization; prerequisite:research:medical:whole-body-regeneration; prerequisite:research:medical:whole-body-regeneration; prerequisite:research:medical:whole-body-regeneration; unlocks-building:building:8872,"진행 역할은 '전신 재생과 시각 항법, 교차계통 안정화, 룬 조율로 생물학적 시간을 고정한다'이다. 선행 8개와 해금 1개를 연구 그래프에 연결한다.",research-topology-and-unlocks,근거 확인,,active-authored,Assets/Resources/SO/Content/GameDomainContentCatalog.asset; Assets/Resources/SO/GameContentCatalog.asset,catalog-registered-static-consumer,Assets/Scripts/Services/Effects/Runtime/CharacterDerivedStatsSnapshot.cs; Assets/Scripts/Services/Infrastructure/BlueprintResearchContracts.cs; Assets/Scripts/Services/Infrastructure/BlueprintResearchProjectCoordinator.cs; Assets/Scripts/Services/Infrastructure/BlueprintResearchRuntime.cs; Assets/Scripts/Services/Infrastructure/BlueprintResearchRuntimeProvider.cs; Assets/Scripts/Services/Infrastructure/BlueprintResearchSaveSection.cs; Assets/Scripts/Services/Infrastructure/ResearchCraftingSummaryService.cs; Assets/Scripts/Services/Infrastructure/ResearchFacilityCapacityAdapter.cs; Assets/Scripts/Services/Infrastructure/ResearchGraphLayoutService.cs; Assets/Scripts/Services/Infrastructure/ResearchProjectCatalogAdapter.cs; Assets/Scripts/Services/Infrastructure/ResearchRewardCatalogAdapter.cs; Assets/Scripts/Services/Run/FirstRunObjectiveRuntime.cs,Assets/Scripts/Services/Infrastructure/BlueprintResearchContracts.cs; Assets/Scripts/Services/Infrastructure/BlueprintResearchRuntime.cs; Assets/Scripts/Services/Infrastructure/BlueprintResearchSaveSection.cs; Assets/Scripts/Services/Infrastructure/ResearchCraftingSummaryService.cs; Assets/Scripts/Services/Run/FirstRunObjectiveRuntime.cs; Assets/Scripts/Services/Run/V20MilestoneWorldSnapshotProjector.cs; Assets/Scripts/Views/UI/ResearchTreeWindow.cs,2,ProductionRecipeSO; SurgicalProcedureSO,"진행 역할은 '전신 재생과 시각 항법, 교차계통 안정화, 룬 조율로 생물학적 시간을 고정한다'이다. 선행 8개와 해금 1개를 연구 그래프에 연결한다.",연구 분야 3의 선행·해금 그래프에서 진행 경계를 만든다.,requiredWork=5455,research-field:3,"비교 후보(대체 가능성 미검증): ResearchProjectSO:research:arcane:advanced, ResearchProjectSO:research:arcane:alchemy, ResearchProjectSO:research:arcane:records, ResearchProjectSO:research:arcane:resonance, ResearchProjectSO:research:climate:regional-climatology, ResearchProjectSO:research:climate:weather-observation, ResearchProjectSO:research:equipment:lineage-binding, ResearchProjectSO:research:equipment:relic-appraisal, ResearchProjectSO:research:genetics:hereditary-records, ResearchProjectSO:research:life:seasonal-calendar, ResearchProjectSO:research:medical:rune-hibernation","직접 참조 2건에 영향: ProductionRecipeSO:recipe:component:temporal-stasis-seal, SurgicalProcedureSO:procedure:temporal-stasis",research-topology-and-unlocks; niche=field+prerequisites+unlocks; cost=requiredWork,Assets/Resources/SO/Research/Projects/medical_temporal_stasis.asset,d08ec2d8f354ecd42b52680558349254,"{""fileID"":0}",0,ResearchBlueprintRule,None,explicit-serialized,"전신 재생과 시각 항법, 교차계통 안정화, 룬 조율로 생물학적 시간을 고정한다.",시간 고정,[],0,"[{""capability"":0,""requiredCount"":1},{""capability"":1,""requiredCount"":1},{""capability"":5,""requiredCount"":1},{""capability"":6,""requiredCount"":1}]",4,3,ResearchField,Records And Arcane,explicit-serialized,"{""fileID"":0}",7271,0,ResearchPrerequisiteKind,Theory,implicit-csharp-default,medical_temporal_stasis,1,"[{""kind"":2,""prerequisite"":{""fileID"":11400000,""guid"":""5e6daba52a76ac0409910907f9648f9c"",""type"":2},""prerequisiteId"":""research:climate:regional-climatology"",""reason"":""지역 기후학과 시각 항법의 공학 원리이(가) 시간 고정 구현에 직접 필요하다.""},{""kind"":2,""prerequisite"":{""fileID"":11400000,""guid"":""ab84d33186cca914daf2b16fa1f89833"",""type"":2},""prerequisiteId"":""research:equipment:rune-module-tuning"",""reason"":""룬 부품 조율의 공학 원리이(가) 시간 고정 구현에 직접 필요하다.""},{""kind"":2,""prerequisite"":{""fileID"":11400000,""guid"":""4f834632a53941b439cb9e9b2fd7ab5e"",""type"":2},""prerequisiteId"":""research:genetics:cross-lineage-stabilization"",""reason"":""교차계통 안정화의 공학 원리이(가) 시간 고정 구현에 직접 필요하다.""},{""kind"":2,""prerequisite"":{""fileID"":11400000,""guid"":""86942f51ed093024ca893dd17fc05eb0"",""type"":2},""prerequisiteId"":""research:medical:whole-body-regeneration"",""reason"":""전신 재생의 공학 원리이(가) 시간 고정 구현에 직접 필요하다.""}]",4,"[{""fileID"":11400000,""guid"":""5e6daba52a76ac0409910907f9648f9c"",""type"":2},{""fileID"":11400000,""guid"":""ab84d33186cca914daf2b16fa1f89833"",""type"":2},{""fileID"":11400000,""guid"":""4f834632a53941b439cb9e9b2fd7ab5e"",""type"":2},{""fileID"":11400000,""guid"":""86942f51ed093024ca893dd17fc05eb0"",""type"":2}]",4,research:medical:temporal-stasis,5455,"{""items"":[{""rid"":7737212199327498634}]}"
research-effects,ResearchProjectSO,ResearchProjectSO|research:medical:trauma-medicine,research:medical:trauma-medicine,트라우마 의학,"의료 접수와 고급 약학, 가구 기록으로 심리 외상을 상담한다.",분야 14; 작업 255; 선행 6; 해금 1; 시설 요구 3; 효과 0,prerequisite:research:medical-reception; prerequisite:research:medical-reception; prerequisite:research:medical-reception; prerequisite:research:pharmacology:advanced; prerequisite:research:pharmacology:advanced; prerequisite:research:pharmacology:advanced; prerequisite:research:society:household-records; prerequisite:research:society:household-records; prerequisite:research:society:household-records; unlocks-building:building:8885,"진행 역할은 '의료 접수와 고급 약학, 가구 기록으로 심리 외상을 상담한다'이다. 선행 6개와 해금 1개를 연구 그래프에 연결한다.",research-topology-and-unlocks,근거 확인,,active-authored,Assets/Resources/SO/Content/GameDomainContentCatalog.asset; Assets/Resources/SO/GameContentCatalog.asset,catalog-registered-static-consumer,Assets/Scripts/Services/Effects/Runtime/CharacterDerivedStatsSnapshot.cs; Assets/Scripts/Services/Infrastructure/BlueprintResearchContracts.cs; Assets/Scripts/Services/Infrastructure/BlueprintResearchProjectCoordinator.cs; Assets/Scripts/Services/Infrastructure/BlueprintResearchRuntime.cs; Assets/Scripts/Services/Infrastructure/BlueprintResearchRuntimeProvider.cs; Assets/Scripts/Services/Infrastructure/BlueprintResearchSaveSection.cs; Assets/Scripts/Services/Infrastructure/ResearchCraftingSummaryService.cs; Assets/Scripts/Services/Infrastructure/ResearchFacilityCapacityAdapter.cs; Assets/Scripts/Services/Infrastructure/ResearchGraphLayoutService.cs; Assets/Scripts/Services/Infrastructure/ResearchProjectCatalogAdapter.cs; Assets/Scripts/Services/Infrastructure/ResearchRewardCatalogAdapter.cs; Assets/Scripts/Services/Run/FirstRunObjectiveRuntime.cs,Assets/Scripts/Services/Infrastructure/BlueprintResearchContracts.cs; Assets/Scripts/Services/Infrastructure/BlueprintResearchRuntime.cs; Assets/Scripts/Services/Infrastructure/BlueprintResearchSaveSection.cs; Assets/Scripts/Services/Infrastructure/ResearchCraftingSummaryService.cs; Assets/Scripts/Services/Run/FirstRunObjectiveRuntime.cs; Assets/Scripts/Services/Run/V20MilestoneWorldSnapshotProjector.cs; Assets/Scripts/Views/UI/ResearchTreeWindow.cs,1,ProductionRecipeSO,"진행 역할은 '의료 접수와 고급 약학, 가구 기록으로 심리 외상을 상담한다'이다. 선행 6개와 해금 1개를 연구 그래프에 연결한다.",연구 분야 14의 선행·해금 그래프에서 진행 경계를 만든다.,requiredWork=255,research-field:14,"비교 후보(대체 가능성 미검증): ResearchProjectSO:research:genetics:controlled-heredity, ResearchProjectSO:research:genetics:cross-lineage-stabilization, ResearchProjectSO:research:health:isolation-medicine, ResearchProjectSO:research:health:pathogen-observation, ResearchProjectSO:research:health:vaccination, ResearchProjectSO:research:medical:aberrant-augmentation, ResearchProjectSO:research:medical:anatomy, ResearchProjectSO:research:medical:avian-prosthetics, ResearchProjectSO:research:medical:blood-rejuvenation, ResearchProjectSO:research:medical:bloodcraft-augmentation, ResearchProjectSO:research:medical:construct-core-engineering, ResearchProjectSO:research:medical:construct-core-maintenance 외 14개",직접 참조 1건에 영향: ProductionRecipeSO:recipe:medical:trauma-care-kit,research-topology-and-unlocks; niche=field+prerequisites+unlocks; cost=requiredWork,Assets/Resources/SO/Research/Projects/medical_trauma_medicine.asset,41781edcdd5151b4087342069709d1eb,"{""fileID"":0}",0,ResearchBlueprintRule,None,explicit-serialized,"의료 접수와 고급 약학, 가구 기록으로 심리 외상을 상담한다.",트라우마 의학,[],0,"[{""capability"":0,""requiredCount"":1},{""capability"":2,""requiredCount"":1},{""capability"":6,""requiredCount"":1}]",3,14,ResearchField,Surgery And Transplant,explicit-serialized,"{""fileID"":0}",7284,0,ResearchPrerequisiteKind,Theory,implicit-csharp-default,medical_trauma_medicine,1,"[{""kind"":2,""prerequisite"":{""fileID"":11400000,""guid"":""dd2109148e59a2244a05b77b4681c17b"",""type"":2},""prerequisiteId"":""research:medical-reception"",""reason"":""의료 접수의 공학 원리이(가) 트라우마 의학 구현에 직접 필요하다.""},{""kind"":2,""prerequisite"":{""fileID"":11400000,""guid"":""7697e3aaf574a95469fd01a14b0c4b78"",""type"":2},""prerequisiteId"":""research:pharmacology:advanced"",""reason"":""고급 약리의 공학 원리이(가) 트라우마 의학 구현에 직접 필요하다.""},{""kind"":0,""prerequisite"":{""fileID"":11400000,""guid"":""0e987e63f3ceb724aa404607804069ad"",""type"":2},""prerequisiteId"":""research:society:household-records"",""reason"":""가구 기록과 영아 돌봄의 이론이(가) 트라우마 의학 구현에 직접 필요하다.""}]",3,"[{""fileID"":11400000,""guid"":""dd2109148e59a2244a05b77b4681c17b"",""type"":2},{""fileID"":11400000,""guid"":""7697e3aaf574a95469fd01a14b0c4b78"",""type"":2},{""fileID"":11400000,""guid"":""0e987e63f3ceb724aa404607804069ad"",""type"":2}]",3,research:medical:trauma-medicine,255,"{""items"":[{""rid"":7737212199327498635}]}"
research-effects,ResearchProjectSO,ResearchProjectSO|research:medical:whole-body-regeneration,research:medical:whole-body-regeneration,전신 재생,"장기 재생, 혈액 회춘, 룬 동면과 점액 생체공학을 전신 치료로 통합한다.",분야 14; 작업 5455; 선행 6; 해금 1; 시설 요구 3; 효과 0,prerequisite:research:medical:blood-rejuvenation; prerequisite:research:medical:blood-rejuvenation; prerequisite:research:medical:blood-rejuvenation; prerequisite:research:medical:rune-hibernation; prerequisite:research:medical:rune-hibernation; prerequisite:research:medical:rune-hibernation; prerequisite:research:medical:slime-bioengineering; prerequisite:research:medical:slime-bioengineering; prerequisite:research:medical:slime-bioengineering; unlocks-building:building:8871,"진행 역할은 '장기 재생, 혈액 회춘, 룬 동면과 점액 생체공학을 전신 치료로 통합한다'이다. 선행 6개와 해금 1개를 연구 그래프에 연결한다.",research-topology-and-unlocks,근거 확인,,active-authored,Assets/Resources/SO/Content/GameDomainContentCatalog.asset; Assets/Resources/SO/GameContentCatalog.asset,catalog-registered-static-consumer,Assets/Scripts/Services/Effects/Runtime/CharacterDerivedStatsSnapshot.cs; Assets/Scripts/Services/Infrastructure/BlueprintResearchContracts.cs; Assets/Scripts/Services/Infrastructure/BlueprintResearchProjectCoordinator.cs; Assets/Scripts/Services/Infrastructure/BlueprintResearchRuntime.cs; Assets/Scripts/Services/Infrastructure/BlueprintResearchRuntimeProvider.cs; Assets/Scripts/Services/Infrastructure/BlueprintResearchSaveSection.cs; Assets/Scripts/Services/Infrastructure/ResearchCraftingSummaryService.cs; Assets/Scripts/Services/Infrastructure/ResearchFacilityCapacityAdapter.cs; Assets/Scripts/Services/Infrastructure/ResearchGraphLayoutService.cs; Assets/Scripts/Services/Infrastructure/ResearchProjectCatalogAdapter.cs; Assets/Scripts/Services/Infrastructure/ResearchRewardCatalogAdapter.cs; Assets/Scripts/Services/Run/FirstRunObjectiveRuntime.cs,Assets/Scripts/Services/Infrastructure/BlueprintResearchContracts.cs; Assets/Scripts/Services/Infrastructure/BlueprintResearchRuntime.cs; Assets/Scripts/Services/Infrastructure/BlueprintResearchSaveSection.cs; Assets/Scripts/Services/Infrastructure/ResearchCraftingSummaryService.cs; Assets/Scripts/Services/Run/FirstRunObjectiveRuntime.cs; Assets/Scripts/Services/Run/V20MilestoneWorldSnapshotProjector.cs; Assets/Scripts/Views/UI/ResearchTreeWindow.cs,5,ProductionRecipeSO; ResearchProjectSO; SurgicalProcedureSO,"진행 역할은 '장기 재생, 혈액 회춘, 룬 동면과 점액 생체공학을 전신 치료로 통합한다'이다. 선행 6개와 해금 1개를 연구 그래프에 연결한다.",연구 분야 14의 선행·해금 그래프에서 진행 경계를 만든다.,requiredWork=5455,research-field:14,"비교 후보(대체 가능성 미검증): ResearchProjectSO:research:genetics:controlled-heredity, ResearchProjectSO:research:genetics:cross-lineage-stabilization, ResearchProjectSO:research:health:isolation-medicine, ResearchProjectSO:research:health:pathogen-observation, ResearchProjectSO:research:health:vaccination, ResearchProjectSO:research:medical:aberrant-augmentation, ResearchProjectSO:research:medical:anatomy, ResearchProjectSO:research:medical:avian-prosthetics, ResearchProjectSO:research:medical:blood-rejuvenation, ResearchProjectSO:research:medical:bloodcraft-augmentation, ResearchProjectSO:research:medical:construct-core-engineering, ResearchProjectSO:research:medical:construct-core-maintenance 외 14개","직접 참조 5건에 영향: ProductionRecipeSO:recipe:medical:whole-body-regeneration-medium, ResearchProjectSO:research:medical:temporal-stasis, SurgicalProcedureSO:procedure:whole-body-regeneration",research-topology-and-unlocks; niche=field+prerequisites+unlocks; cost=requiredWork,Assets/Resources/SO/Research/Projects/medical_whole_body_regeneration.asset,86942f51ed093024ca893dd17fc05eb0,"{""fileID"":0}",0,ResearchBlueprintRule,None,explicit-serialized,"장기 재생, 혈액 회춘, 룬 동면과 점액 생체공학을 전신 치료로 통합한다.",전신 재생,[],0,"[{""capability"":0,""requiredCount"":1},{""capability"":2,""requiredCount"":1},{""capability"":6,""requiredCount"":1}]",3,14,ResearchField,Surgery And Transplant,explicit-serialized,"{""fileID"":0}",7270,0,ResearchPrerequisiteKind,Theory,implicit-csharp-default,medical_whole_body_regeneration,1,"[{""kind"":2,""prerequisite"":{""fileID"":11400000,""guid"":""e483b33cb8ad49840b70380b88e2efc1"",""type"":2},""prerequisiteId"":""research:medical:blood-rejuvenation"",""reason"":""혈액 회춘의 공학 원리이(가) 전신 재생 구현에 직접 필요하다.""},{""kind"":2,""prerequisite"":{""fileID"":11400000,""guid"":""605d2f26eb52060489dec987c76054f1"",""type"":2},""prerequisiteId"":""research:medical:rune-hibernation"",""reason"":""룬 동면의 공학 원리이(가) 전신 재생 구현에 직접 필요하다.""},{""kind"":2,""prerequisite"":{""fileID"":11400000,""guid"":""7b52a6635613de84cacb3b29226f032e"",""type"":2},""prerequisiteId"":""research:medical:slime-bioengineering"",""reason"":""점액 생체공학의 공학 원리이(가) 전신 재생 구현에 직접 필요하다.""}]",3,"[{""fileID"":11400000,""guid"":""e483b33cb8ad49840b70380b88e2efc1"",""type"":2},{""fileID"":11400000,""guid"":""605d2f26eb52060489dec987c76054f1"",""type"":2},{""fileID"":11400000,""guid"":""7b52a6635613de84cacb3b29226f032e"",""type"":2}]",3,research:medical:whole-body-regeneration,5455,"{""items"":[{""rid"":7737212199327498636}]}"
research-effects,ResearchProjectSO,ResearchProjectSO|research:medical:xenotransplant,research:medical:xenotransplant,이종 이식,다른 종의 기관을 순환계에 연결하고 거부 반응을 통제한다.,분야 14; 작업 115; 선행 6; 해금 3; 시설 요구 3; 효과 0,prerequisite:research:husbandry:selective; prerequisite:research:husbandry:selective; prerequisite:research:husbandry:selective; prerequisite:research:medical:organ-preservation; prerequisite:research:medical:organ-preservation; prerequisite:research:medical:organ-preservation; prerequisite:research:pharmacology:advanced; prerequisite:research:pharmacology:advanced; prerequisite:research:pharmacology:advanced; unlocks-building:building:9509; unlocks-building:building:9510; unlocks-building:building:9511,진행 역할은 '다른 종의 기관을 순환계에 연결하고 거부 반응을 통제한다'이다. 선행 6개와 해금 3개를 연구 그래프에 연결한다.,research-topology-and-unlocks,근거 확인,,active-authored,Assets/Resources/SO/Content/GameDomainContentCatalog.asset; Assets/Resources/SO/GameContentCatalog.asset,catalog-registered-static-consumer,Assets/Scripts/Services/Effects/Runtime/CharacterDerivedStatsSnapshot.cs; Assets/Scripts/Services/Infrastructure/BlueprintResearchContracts.cs; Assets/Scripts/Services/Infrastructure/BlueprintResearchProjectCoordinator.cs; Assets/Scripts/Services/Infrastructure/BlueprintResearchRuntime.cs; Assets/Scripts/Services/Infrastructure/BlueprintResearchRuntimeProvider.cs; Assets/Scripts/Services/Infrastructure/BlueprintResearchSaveSection.cs; Assets/Scripts/Services/Infrastructure/ResearchCraftingSummaryService.cs; Assets/Scripts/Services/Infrastructure/ResearchFacilityCapacityAdapter.cs; Assets/Scripts/Services/Infrastructure/ResearchGraphLayoutService.cs; Assets/Scripts/Services/Infrastructure/ResearchProjectCatalogAdapter.cs; Assets/Scripts/Services/Infrastructure/ResearchRewardCatalogAdapter.cs; Assets/Scripts/Services/Run/FirstRunObjectiveRuntime.cs,Assets/Scripts/Services/Infrastructure/BlueprintResearchContracts.cs; Assets/Scripts/Services/Infrastructure/BlueprintResearchRuntime.cs; Assets/Scripts/Services/Infrastructure/BlueprintResearchSaveSection.cs; Assets/Scripts/Services/Infrastructure/ResearchCraftingSummaryService.cs; Assets/Scripts/Services/Run/FirstRunObjectiveRuntime.cs; Assets/Scripts/Services/Run/V20MilestoneWorldSnapshotProjector.cs; Assets/Scripts/Views/UI/ResearchTreeWindow.cs,14,ResearchProjectSO; SurgicalProcedureSO,진행 역할은 '다른 종의 기관을 순환계에 연결하고 거부 반응을 통제한다'이다. 선행 6개와 해금 3개를 연구 그래프에 연결한다.,연구 분야 14의 선행·해금 그래프에서 진행 경계를 만든다.,requiredWork=115,research-field:14,"비교 후보(대체 가능성 미검증): ResearchProjectSO:research:genetics:controlled-heredity, ResearchProjectSO:research:genetics:cross-lineage-stabilization, ResearchProjectSO:research:health:isolation-medicine, ResearchProjectSO:research:health:pathogen-observation, ResearchProjectSO:research:health:vaccination, ResearchProjectSO:research:medical:aberrant-augmentation, ResearchProjectSO:research:medical:anatomy, ResearchProjectSO:research:medical:avian-prosthetics, ResearchProjectSO:research:medical:blood-rejuvenation, ResearchProjectSO:research:medical:bloodcraft-augmentation, ResearchProjectSO:research:medical:construct-core-engineering, ResearchProjectSO:research:medical:construct-core-maintenance 외 14개","직접 참조 14건에 영향: ResearchProjectSO:research:genetics:cross-lineage-stabilization, ResearchProjectSO:research:medical:aberrant-augmentation, ResearchProjectSO:research:medical:bloodcraft-augmentation, ResearchProjectSO:research:medical:organ-regeneration, SurgicalProcedureSO:procedure:natural-organ-transplant, SurgicalProcedureSO:procedure:xenograft",research-topology-and-unlocks; niche=field+prerequisites+unlocks; cost=requiredWork,Assets/Resources/SO/Research/Projects/medical_xenotransplant.asset,bea0ba010ab47b745ad5a17a505932e8,"{""fileID"":0}",0,ResearchBlueprintRule,None,explicit-serialized,다른 종의 기관을 순환계에 연결하고 거부 반응을 통제한다.,이종 이식,[],0,"[{""capability"":0,""requiredCount"":1},{""capability"":2,""requiredCount"":1},{""capability"":6,""requiredCount"":1}]",3,14,ResearchField,Surgery And Transplant,explicit-serialized,"{""fileID"":0}",7145,0,ResearchPrerequisiteKind,Theory,implicit-csharp-default,medical_xenotransplant,1,"[{""kind"":2,""prerequisite"":{""fileID"":11400000,""guid"":""b31c590b9a05bdc4a940faa140dfc5e0"",""type"":2},""prerequisiteId"":""research:husbandry:selective"",""reason"":""선별 사육의 공학 원리이(가) 이종 이식 구현에 직접 필요하다.""},{""kind"":2,""prerequisite"":{""fileID"":11400000,""guid"":""836922bee804a9843bc8119d8aa15bb9"",""type"":2},""prerequisiteId"":""research:medical:organ-preservation"",""reason"":""장기 보존의 공학 원리이(가) 이종 이식 구현에 직접 필요하다.""},{""kind"":2,""prerequisite"":{""fileID"":11400000,""guid"":""7697e3aaf574a95469fd01a14b0c4b78"",""type"":2},""prerequisiteId"":""research:pharmacology:advanced"",""reason"":""고급 약리의 공학 원리이(가) 이종 이식 구현에 직접 필요하다.""}]",3,"[{""fileID"":11400000,""guid"":""b31c590b9a05bdc4a940faa140dfc5e0"",""type"":2},{""fileID"":11400000,""guid"":""836922bee804a9843bc8119d8aa15bb9"",""type"":2},{""fileID"":11400000,""guid"":""7697e3aaf574a95469fd01a14b0c4b78"",""type"":2}]",3,research:medical:xenotransplant,115,"{""items"":[{""rid"":7737212199327498637},{""rid"":7737212199327498638},{""rid"":7737212199327498639}]}"
research-effects,ResearchProjectSO,ResearchProjectSO|research:metallurgy:advanced,research:metallurgy:advanced,고급 단조,정밀 열처리로 걸작 장비의 기반을 만든다.,분야 10; 작업 60; 선행 2; 해금 0; 시설 요구 2; 효과 0,prerequisite:research:metallurgy:steel; prerequisite:research:metallurgy:steel; prerequisite:research:metallurgy:steel,진행 역할은 '정밀 열처리로 걸작 장비의 기반을 만든다'이다. 선행 2개와 해금 0개를 연구 그래프에 연결한다.,research-topology-and-unlocks,근거 확인,,active-authored,Assets/Resources/SO/Content/GameDomainContentCatalog.asset; Assets/Resources/SO/GameContentCatalog.asset,catalog-registered-static-consumer,Assets/Scripts/Services/Effects/Runtime/CharacterDerivedStatsSnapshot.cs; Assets/Scripts/Services/Infrastructure/BlueprintResearchContracts.cs; Assets/Scripts/Services/Infrastructure/BlueprintResearchProjectCoordinator.cs; Assets/Scripts/Services/Infrastructure/BlueprintResearchRuntime.cs; Assets/Scripts/Services/Infrastructure/BlueprintResearchRuntimeProvider.cs; Assets/Scripts/Services/Infrastructure/BlueprintResearchSaveSection.cs; Assets/Scripts/Services/Infrastructure/ResearchCraftingSummaryService.cs; Assets/Scripts/Services/Infrastructure/ResearchFacilityCapacityAdapter.cs; Assets/Scripts/Services/Infrastructure/ResearchGraphLayoutService.cs; Assets/Scripts/Services/Infrastructure/ResearchProjectCatalogAdapter.cs; Assets/Scripts/Services/Infrastructure/ResearchRewardCatalogAdapter.cs; Assets/Scripts/Services/Run/FirstRunObjectiveRuntime.cs,Assets/Scripts/Services/Infrastructure/BlueprintResearchContracts.cs; Assets/Scripts/Services/Infrastructure/BlueprintResearchRuntime.cs; Assets/Scripts/Services/Infrastructure/BlueprintResearchSaveSection.cs; Assets/Scripts/Services/Infrastructure/ResearchCraftingSummaryService.cs; Assets/Scripts/Services/Run/FirstRunObjectiveRuntime.cs; Assets/Scripts/Services/Run/V20MilestoneWorldSnapshotProjector.cs; Assets/Scripts/Views/UI/ResearchTreeWindow.cs,23,ProductionRecipeSO; ResearchProjectSO,진행 역할은 '정밀 열처리로 걸작 장비의 기반을 만든다'이다. 선행 2개와 해금 0개를 연구 그래프에 연결한다.,연구 분야 10의 선행·해금 그래프에서 진행 경계를 만든다.,requiredWork=60,research-field:10,"비교 후보(대체 가능성 미검증): ResearchProjectSO:research:equipment:articulated-plate, ResearchProjectSO:research:equipment:mail-weaving, ResearchProjectSO:research:metallurgy:blacksteel, ResearchProjectSO:research:metallurgy:iron, ResearchProjectSO:research:metallurgy:precious, ResearchProjectSO:research:metallurgy:primitive, ResearchProjectSO:research:metallurgy:steel","직접 참조 23건에 영향: ProductionRecipeSO:recipe:material:spring-steel, ProductionRecipeSO:recipe:tool:alloy-crucible, ResearchProjectSO:research:equipment:articulated-plate, ResearchProjectSO:research:equipment:material-testing, ResearchProjectSO:research:equipment:pressure-barrels, ResearchProjectSO:research:equipment:relic-appraisal, ResearchProjectSO:research:industry:precision, ResearchProjectSO:research:metallurgy:blacksteel, ResearchProjectSO:research:metallurgy:precious",research-topology-and-unlocks; niche=field+prerequisites+unlocks; cost=requiredWork,Assets/Resources/SO/Research/Projects/metallurgy_advanced.asset,00b8c28931f47544faecc8b510851912,"{""fileID"":0}",0,ResearchBlueprintRule,None,explicit-serialized,정밀 열처리로 걸작 장비의 기반을 만든다.,고급 단조,[],0,"[{""capability"":0,""requiredCount"":1},{""capability"":3,""requiredCount"":1}]",2,10,ResearchField,Metallurgy,explicit-serialized,"{""fileID"":0}",7104,0,ResearchPrerequisiteKind,Theory,implicit-csharp-default,metallurgy_advanced,1,"[{""kind"":2,""prerequisite"":{""fileID"":11400000,""guid"":""4736dc67de517194bba2ecc8eb663cc3"",""type"":2},""prerequisiteId"":""research:metallurgy:steel"",""reason"":""제강의 공학 원리이(가) 고급 단조 구현에 직접 필요하다.""}]",1,"[{""fileID"":11400000,""guid"":""4736dc67de517194bba2ecc8eb663cc3"",""type"":2}]",1,research:metallurgy:advanced,60,"{""items"":[]}"
research-effects,ResearchProjectSO,ResearchProjectSO|research:metallurgy:blacksteel,research:metallurgy:blacksteel,흑강,강철과 마나 결정을 결합해 비전 금속을 만든다.,분야 10; 작업 84; 선행 4; 해금 2; 시설 요구 2; 효과 0,prerequisite:research:arcane:advanced; prerequisite:research:arcane:advanced; prerequisite:research:arcane:advanced; prerequisite:research:metallurgy:advanced; prerequisite:research:metallurgy:advanced; prerequisite:research:metallurgy:advanced; unlocks-building:building:1082; unlocks-building:building:1622,진행 역할은 '강철과 마나 결정을 결합해 비전 금속을 만든다'이다. 선행 4개와 해금 2개를 연구 그래프에 연결한다.,research-topology-and-unlocks,근거 확인,,active-authored,Assets/Resources/SO/Content/GameDomainContentCatalog.asset; Assets/Resources/SO/GameContentCatalog.asset,catalog-registered-static-consumer,Assets/Scripts/Services/Effects/Runtime/CharacterDerivedStatsSnapshot.cs; Assets/Scripts/Services/Infrastructure/BlueprintResearchContracts.cs; Assets/Scripts/Services/Infrastructure/BlueprintResearchProjectCoordinator.cs; Assets/Scripts/Services/Infrastructure/BlueprintResearchRuntime.cs; Assets/Scripts/Services/Infrastructure/BlueprintResearchRuntimeProvider.cs; Assets/Scripts/Services/Infrastructure/BlueprintResearchSaveSection.cs; Assets/Scripts/Services/Infrastructure/ResearchCraftingSummaryService.cs; Assets/Scripts/Services/Infrastructure/ResearchFacilityCapacityAdapter.cs; Assets/Scripts/Services/Infrastructure/ResearchGraphLayoutService.cs; Assets/Scripts/Services/Infrastructure/ResearchProjectCatalogAdapter.cs; Assets/Scripts/Services/Infrastructure/ResearchRewardCatalogAdapter.cs; Assets/Scripts/Services/Run/FirstRunObjectiveRuntime.cs,Assets/Scripts/Services/Infrastructure/BlueprintResearchContracts.cs; Assets/Scripts/Services/Infrastructure/BlueprintResearchRuntime.cs; Assets/Scripts/Services/Infrastructure/BlueprintResearchSaveSection.cs; Assets/Scripts/Services/Infrastructure/ResearchCraftingSummaryService.cs; Assets/Scripts/Services/Run/FirstRunObjectiveRuntime.cs; Assets/Scripts/Services/Run/V20MilestoneWorldSnapshotProjector.cs; Assets/Scripts/Views/UI/ResearchTreeWindow.cs,6,CraftMaterialDefinitionSO; ProductionRecipeSO; ResearchProjectSO,진행 역할은 '강철과 마나 결정을 결합해 비전 금속을 만든다'이다. 선행 4개와 해금 2개를 연구 그래프에 연결한다.,연구 분야 10의 선행·해금 그래프에서 진행 경계를 만든다.,requiredWork=84,research-field:10,"비교 후보(대체 가능성 미검증): ResearchProjectSO:research:equipment:articulated-plate, ResearchProjectSO:research:equipment:mail-weaving, ResearchProjectSO:research:metallurgy:advanced, ResearchProjectSO:research:metallurgy:iron, ResearchProjectSO:research:metallurgy:precious, ResearchProjectSO:research:metallurgy:primitive, ResearchProjectSO:research:metallurgy:steel","직접 참조 6건에 영향: CraftMaterialDefinitionSO:material:blacksteel-ingot, ProductionRecipeSO:recipe:blacksteel, ProductionRecipeSO:recipe:component:blacksteel-defense-plate, ResearchProjectSO:research:medical:aberrant-augmentation",research-topology-and-unlocks; niche=field+prerequisites+unlocks; cost=requiredWork,Assets/Resources/SO/Research/Projects/metallurgy_blacksteel.asset,f8979a9659eeb294590440db919173b1,"{""fileID"":0}",0,ResearchBlueprintRule,None,explicit-serialized,강철과 마나 결정을 결합해 비전 금속을 만든다.,흑강,[],0,"[{""capability"":0,""requiredCount"":1},{""capability"":3,""requiredCount"":1}]",2,10,ResearchField,Metallurgy,explicit-serialized,"{""fileID"":0}",7106,0,ResearchPrerequisiteKind,Theory,implicit-csharp-default,metallurgy_blacksteel,1,"[{""kind"":0,""prerequisite"":{""fileID"":11400000,""guid"":""e352d43e288d89f45b1bc8be3bf62967"",""type"":2},""prerequisiteId"":""research:arcane:advanced"",""reason"":""비전 연구의 이론이(가) 흑강 구현에 직접 필요하다.""},{""kind"":2,""prerequisite"":{""fileID"":11400000,""guid"":""00b8c28931f47544faecc8b510851912"",""type"":2},""prerequisiteId"":""research:metallurgy:advanced"",""reason"":""고급 단조의 공학 원리이(가) 흑강 구현에 직접 필요하다.""}]",2,"[{""fileID"":11400000,""guid"":""e352d43e288d89f45b1bc8be3bf62967"",""type"":2},{""fileID"":11400000,""guid"":""00b8c28931f47544faecc8b510851912"",""type"":2}]",2,research:metallurgy:blacksteel,84,"{""items"":[{""rid"":7737212199327498640},{""rid"":7737212199327498641}]}"
research-effects,ResearchProjectSO,ResearchProjectSO|research:metallurgy:iron,research:metallurgy:iron,철제 가공,철괴를 표준 장비와 건축 부품으로 가공한다.,분야 10; 작업 28; 선행 2; 해금 2; 시설 요구 1; 효과 0,prerequisite:research:metallurgy:primitive; prerequisite:research:metallurgy:primitive; prerequisite:research:metallurgy:primitive; unlocks-building:building:1079; unlocks-building:building:1620,진행 역할은 '철괴를 표준 장비와 건축 부품으로 가공한다'이다. 선행 2개와 해금 2개를 연구 그래프에 연결한다.,research-topology-and-unlocks,근거 확인,,active-authored,Assets/Resources/SO/Content/GameDomainContentCatalog.asset; Assets/Resources/SO/GameContentCatalog.asset,catalog-registered-static-consumer,Assets/Scripts/Services/Effects/Runtime/CharacterDerivedStatsSnapshot.cs; Assets/Scripts/Services/Infrastructure/BlueprintResearchContracts.cs; Assets/Scripts/Services/Infrastructure/BlueprintResearchProjectCoordinator.cs; Assets/Scripts/Services/Infrastructure/BlueprintResearchRuntime.cs; Assets/Scripts/Services/Infrastructure/BlueprintResearchRuntimeProvider.cs; Assets/Scripts/Services/Infrastructure/BlueprintResearchSaveSection.cs; Assets/Scripts/Services/Infrastructure/ResearchCraftingSummaryService.cs; Assets/Scripts/Services/Infrastructure/ResearchFacilityCapacityAdapter.cs; Assets/Scripts/Services/Infrastructure/ResearchGraphLayoutService.cs; Assets/Scripts/Services/Infrastructure/ResearchProjectCatalogAdapter.cs; Assets/Scripts/Services/Infrastructure/ResearchRewardCatalogAdapter.cs; Assets/Scripts/Services/Run/FirstRunObjectiveRuntime.cs,Assets/Scripts/Services/Infrastructure/BlueprintResearchContracts.cs; Assets/Scripts/Services/Infrastructure/BlueprintResearchRuntime.cs; Assets/Scripts/Services/Infrastructure/BlueprintResearchSaveSection.cs; Assets/Scripts/Services/Infrastructure/ResearchCraftingSummaryService.cs; Assets/Scripts/Services/Run/FirstRunObjectiveRuntime.cs; Assets/Scripts/Services/Run/V20MilestoneWorldSnapshotProjector.cs; Assets/Scripts/Views/UI/ResearchTreeWindow.cs,27,CombatShieldSO; CombatWeaponSO; CraftMaterialDefinitionSO; ProductionRecipeSO; ResearchProjectSO,진행 역할은 '철괴를 표준 장비와 건축 부품으로 가공한다'이다. 선행 2개와 해금 2개를 연구 그래프에 연결한다.,연구 분야 10의 선행·해금 그래프에서 진행 경계를 만든다.,requiredWork=28,research-field:10,"비교 후보(대체 가능성 미검증): ResearchProjectSO:research:equipment:articulated-plate, ResearchProjectSO:research:equipment:mail-weaving, ResearchProjectSO:research:metallurgy:advanced, ResearchProjectSO:research:metallurgy:blacksteel, ResearchProjectSO:research:metallurgy:precious, ResearchProjectSO:research:metallurgy:primitive, ResearchProjectSO:research:metallurgy:steel","직접 참조 27건에 영향: CombatShieldSO:equipment-item:shield:iron, CombatWeaponSO:equipment-item:weapon:mace, CombatWeaponSO:equipment-item:weapon:warhammer, CraftMaterialDefinitionSO:material:iron-ingot, ProductionRecipeSO:recipe:arrow-iron, ProductionRecipeSO:recipe:bolt-iron, ProductionRecipeSO:recipe:iron-ingot, ProductionRecipeSO:recipe:iron-slag-block, ProductionRecipeSO:recipe:material:lead-ingot, ResearchProjectSO:research:defense:corridor-mechanisms 외",research-topology-and-unlocks; niche=field+prerequisites+unlocks; cost=requiredWork,Assets/Resources/SO/Research/Projects/metallurgy_iron.asset,2a6b0ed0e88929c4dabd29e4462697af,"{""fileID"":0}",0,ResearchBlueprintRule,None,explicit-serialized,철괴를 표준 장비와 건축 부품으로 가공한다.,철제 가공,[],0,"[{""capability"":0,""requiredCount"":1}]",1,10,ResearchField,Metallurgy,explicit-serialized,"{""fileID"":0}",7102,0,ResearchPrerequisiteKind,Theory,implicit-csharp-default,metallurgy_iron,1,"[{""kind"":2,""prerequisite"":{""fileID"":11400000,""guid"":""b9254d61fabad164aace68dc96014bf5"",""type"":2},""prerequisiteId"":""research:metallurgy:primitive"",""reason"":""원시 단조의 공학 원리이(가) 철제 가공 구현에 직접 필요하다.""}]",1,"[{""fileID"":11400000,""guid"":""b9254d61fabad164aace68dc96014bf5"",""type"":2}]",1,research:metallurgy:iron,28,"{""items"":[{""rid"":7737212199327498642},{""rid"":7737212199327498643}]}"
research-effects,ResearchProjectSO,ResearchProjectSO|research:metallurgy:precious,research:metallurgy:precious,귀금 세공,금과 보석을 권위 시설과 고가 장비에 사용한다.,분야 10; 작업 84; 선행 4; 해금 2; 시설 요구 2; 효과 0,prerequisite:research:authority:prestige; prerequisite:research:authority:prestige; prerequisite:research:authority:prestige; prerequisite:research:metallurgy:advanced; prerequisite:research:metallurgy:advanced; prerequisite:research:metallurgy:advanced; unlocks-building:building:1081; unlocks-building:building:1621,진행 역할은 '금과 보석을 권위 시설과 고가 장비에 사용한다'이다. 선행 4개와 해금 2개를 연구 그래프에 연결한다.,research-topology-and-unlocks,근거 확인,,active-authored,Assets/Resources/SO/Content/GameDomainContentCatalog.asset; Assets/Resources/SO/GameContentCatalog.asset,catalog-registered-static-consumer,Assets/Scripts/Services/Effects/Runtime/CharacterDerivedStatsSnapshot.cs; Assets/Scripts/Services/Infrastructure/BlueprintResearchContracts.cs; Assets/Scripts/Services/Infrastructure/BlueprintResearchProjectCoordinator.cs; Assets/Scripts/Services/Infrastructure/BlueprintResearchRuntime.cs; Assets/Scripts/Services/Infrastructure/BlueprintResearchRuntimeProvider.cs; Assets/Scripts/Services/Infrastructure/BlueprintResearchSaveSection.cs; Assets/Scripts/Services/Infrastructure/ResearchCraftingSummaryService.cs; Assets/Scripts/Services/Infrastructure/ResearchFacilityCapacityAdapter.cs; Assets/Scripts/Services/Infrastructure/ResearchGraphLayoutService.cs; Assets/Scripts/Services/Infrastructure/ResearchProjectCatalogAdapter.cs; Assets/Scripts/Services/Infrastructure/ResearchRewardCatalogAdapter.cs; Assets/Scripts/Services/Run/FirstRunObjectiveRuntime.cs,Assets/Scripts/Services/Infrastructure/BlueprintResearchContracts.cs; Assets/Scripts/Services/Infrastructure/BlueprintResearchRuntime.cs; Assets/Scripts/Services/Infrastructure/BlueprintResearchSaveSection.cs; Assets/Scripts/Services/Infrastructure/ResearchCraftingSummaryService.cs; Assets/Scripts/Services/Run/FirstRunObjectiveRuntime.cs; Assets/Scripts/Services/Run/V20MilestoneWorldSnapshotProjector.cs; Assets/Scripts/Views/UI/ResearchTreeWindow.cs,4,CraftMaterialDefinitionSO; ProductionRecipeSO,진행 역할은 '금과 보석을 권위 시설과 고가 장비에 사용한다'이다. 선행 4개와 해금 2개를 연구 그래프에 연결한다.,연구 분야 10의 선행·해금 그래프에서 진행 경계를 만든다.,requiredWork=84,research-field:10,"비교 후보(대체 가능성 미검증): ResearchProjectSO:research:equipment:articulated-plate, ResearchProjectSO:research:equipment:mail-weaving, ResearchProjectSO:research:metallurgy:advanced, ResearchProjectSO:research:metallurgy:blacksteel, ResearchProjectSO:research:metallurgy:iron, ResearchProjectSO:research:metallurgy:primitive, ResearchProjectSO:research:metallurgy:steel","직접 참조 4건에 영향: CraftMaterialDefinitionSO:material:gold-ingot, ProductionRecipeSO:recipe:gold-ingot, ProductionRecipeSO:recipe:gold-leaf, ProductionRecipeSO:recipe:gold-ornament",research-topology-and-unlocks; niche=field+prerequisites+unlocks; cost=requiredWork,Assets/Resources/SO/Research/Projects/metallurgy_precious.asset,10551a752e9bf144ab099178e5d363d2,"{""fileID"":0}",0,ResearchBlueprintRule,None,explicit-serialized,금과 보석을 권위 시설과 고가 장비에 사용한다.,귀금 세공,[],0,"[{""capability"":0,""requiredCount"":1},{""capability"":3,""requiredCount"":1}]",2,10,ResearchField,Metallurgy,explicit-serialized,"{""fileID"":0}",7105,0,ResearchPrerequisiteKind,Theory,implicit-csharp-default,metallurgy_precious,1,"[{""kind"":2,""prerequisite"":{""fileID"":11400000,""guid"":""113a95410d965e04e9305eeabfd30003"",""type"":2},""prerequisiteId"":""research:authority:prestige"",""reason"":""장식과 위신의 공학 원리이(가) 귀금 세공 구현에 직접 필요하다.""},{""kind"":2,""prerequisite"":{""fileID"":11400000,""guid"":""00b8c28931f47544faecc8b510851912"",""type"":2},""prerequisiteId"":""research:metallurgy:advanced"",""reason"":""고급 단조의 공학 원리이(가) 귀금 세공 구현에 직접 필요하다.""}]",2,"[{""fileID"":11400000,""guid"":""113a95410d965e04e9305eeabfd30003"",""type"":2},{""fileID"":11400000,""guid"":""00b8c28931f47544faecc8b510851912"",""type"":2}]",2,research:metallurgy:precious,84,"{""items"":[{""rid"":7737212199327498644},{""rid"":7737212199327498645}]}"
research-effects,ResearchProjectSO,ResearchProjectSO|research:metallurgy:primitive,research:metallurgy:primitive,원시 단조,"돌, 뼈와 연철로 기본 도구와 무기를 만든다.",분야 10; 작업 17; 선행 0; 해금 2; 시설 요구 1; 효과 0,unlocks-building:building:1093; unlocks-building:building:1626,"진행 역할은 '돌, 뼈와 연철로 기본 도구와 무기를 만든다'이다. 선행 0개와 해금 2개를 연구 그래프에 연결한다.",research-topology-and-unlocks,근거 확인,,active-authored,Assets/Resources/SO/Content/GameDomainContentCatalog.asset; Assets/Resources/SO/GameContentCatalog.asset,catalog-registered-static-consumer,Assets/Scripts/Services/Effects/Runtime/CharacterDerivedStatsSnapshot.cs; Assets/Scripts/Services/Infrastructure/BlueprintResearchContracts.cs; Assets/Scripts/Services/Infrastructure/BlueprintResearchProjectCoordinator.cs; Assets/Scripts/Services/Infrastructure/BlueprintResearchRuntime.cs; Assets/Scripts/Services/Infrastructure/BlueprintResearchRuntimeProvider.cs; Assets/Scripts/Services/Infrastructure/BlueprintResearchSaveSection.cs; Assets/Scripts/Services/Infrastructure/ResearchCraftingSummaryService.cs; Assets/Scripts/Services/Infrastructure/ResearchFacilityCapacityAdapter.cs; Assets/Scripts/Services/Infrastructure/ResearchGraphLayoutService.cs; Assets/Scripts/Services/Infrastructure/ResearchProjectCatalogAdapter.cs; Assets/Scripts/Services/Infrastructure/ResearchRewardCatalogAdapter.cs; Assets/Scripts/Services/Run/FirstRunObjectiveRuntime.cs,Assets/Scripts/Services/Infrastructure/BlueprintResearchContracts.cs; Assets/Scripts/Services/Infrastructure/BlueprintResearchRuntime.cs; Assets/Scripts/Services/Infrastructure/BlueprintResearchSaveSection.cs; Assets/Scripts/Services/Infrastructure/ResearchCraftingSummaryService.cs; Assets/Scripts/Services/Run/FirstRunObjectiveRuntime.cs; Assets/Scripts/Services/Run/V20MilestoneWorldSnapshotProjector.cs; Assets/Scripts/Views/UI/ResearchTreeWindow.cs,7,CraftMaterialDefinitionSO; ResearchProjectSO,"진행 역할은 '돌, 뼈와 연철로 기본 도구와 무기를 만든다'이다. 선행 0개와 해금 2개를 연구 그래프에 연결한다.",연구 분야 10의 선행·해금 그래프에서 진행 경계를 만든다.,requiredWork=17,research-field:10,"비교 후보(대체 가능성 미검증): ResearchProjectSO:research:equipment:articulated-plate, ResearchProjectSO:research:equipment:mail-weaving, ResearchProjectSO:research:metallurgy:advanced, ResearchProjectSO:research:metallurgy:blacksteel, ResearchProjectSO:research:metallurgy:iron, ResearchProjectSO:research:metallurgy:precious, ResearchProjectSO:research:metallurgy:steel","직접 참조 7건에 영향: CraftMaterialDefinitionSO:resource:bone, ResearchProjectSO:research:equipment:weapon-patterns, ResearchProjectSO:research:metallurgy:iron",research-topology-and-unlocks; niche=field+prerequisites+unlocks; cost=requiredWork,Assets/Resources/SO/Research/Projects/metallurgy_primitive.asset,b9254d61fabad164aace68dc96014bf5,"{""fileID"":0}",0,ResearchBlueprintRule,None,explicit-serialized,"돌, 뼈와 연철로 기본 도구와 무기를 만든다.",원시 단조,[],0,"[{""capability"":0,""requiredCount"":1}]",1,10,ResearchField,Metallurgy,explicit-serialized,"{""fileID"":0}",7101,0,ResearchPrerequisiteKind,Theory,implicit-csharp-default,metallurgy_primitive,1,[],0,[],0,research:metallurgy:primitive,17,"{""items"":[{""rid"":7737212199327498646},{""rid"":7737212199327498647}]}"
research-effects,ResearchProjectSO,ResearchProjectSO|research:metallurgy:steel,research:metallurgy:steel,제강,철과 숯으로 더 단단하고 가벼운 강철을 만든다.,분야 10; 작업 42; 선행 4; 해금 1; 시설 요구 2; 효과 0,prerequisite:research:forestry:charcoal; prerequisite:research:forestry:charcoal; prerequisite:research:forestry:charcoal; prerequisite:research:metallurgy:iron; prerequisite:research:metallurgy:iron; prerequisite:research:metallurgy:iron; unlocks-building:building:1080,진행 역할은 '철과 숯으로 더 단단하고 가벼운 강철을 만든다'이다. 선행 4개와 해금 1개를 연구 그래프에 연결한다.,research-topology-and-unlocks,근거 확인,,active-authored,Assets/Resources/SO/Content/GameDomainContentCatalog.asset; Assets/Resources/SO/GameContentCatalog.asset,catalog-registered-static-consumer,Assets/Scripts/Services/Effects/Runtime/CharacterDerivedStatsSnapshot.cs; Assets/Scripts/Services/Infrastructure/BlueprintResearchContracts.cs; Assets/Scripts/Services/Infrastructure/BlueprintResearchProjectCoordinator.cs; Assets/Scripts/Services/Infrastructure/BlueprintResearchRuntime.cs; Assets/Scripts/Services/Infrastructure/BlueprintResearchRuntimeProvider.cs; Assets/Scripts/Services/Infrastructure/BlueprintResearchSaveSection.cs; Assets/Scripts/Services/Infrastructure/ResearchCraftingSummaryService.cs; Assets/Scripts/Services/Infrastructure/ResearchFacilityCapacityAdapter.cs; Assets/Scripts/Services/Infrastructure/ResearchGraphLayoutService.cs; Assets/Scripts/Services/Infrastructure/ResearchProjectCatalogAdapter.cs; Assets/Scripts/Services/Infrastructure/ResearchRewardCatalogAdapter.cs; Assets/Scripts/Services/Run/FirstRunObjectiveRuntime.cs,Assets/Scripts/Services/Infrastructure/BlueprintResearchContracts.cs; Assets/Scripts/Services/Infrastructure/BlueprintResearchRuntime.cs; Assets/Scripts/Services/Infrastructure/BlueprintResearchSaveSection.cs; Assets/Scripts/Services/Infrastructure/ResearchCraftingSummaryService.cs; Assets/Scripts/Services/Run/FirstRunObjectiveRuntime.cs; Assets/Scripts/Services/Run/V20MilestoneWorldSnapshotProjector.cs; Assets/Scripts/Views/UI/ResearchTreeWindow.cs,19,CombatWeaponSO; CraftMaterialDefinitionSO; ProductionRecipeSO; ResearchProjectSO,진행 역할은 '철과 숯으로 더 단단하고 가벼운 강철을 만든다'이다. 선행 4개와 해금 1개를 연구 그래프에 연결한다.,연구 분야 10의 선행·해금 그래프에서 진행 경계를 만든다.,requiredWork=42,research-field:10,"비교 후보(대체 가능성 미검증): ResearchProjectSO:research:equipment:articulated-plate, ResearchProjectSO:research:equipment:mail-weaving, ResearchProjectSO:research:metallurgy:advanced, ResearchProjectSO:research:metallurgy:blacksteel, ResearchProjectSO:research:metallurgy:iron, ResearchProjectSO:research:metallurgy:precious, ResearchProjectSO:research:metallurgy:primitive","직접 참조 19건에 영향: CombatWeaponSO:equipment-item:weapon:estoc, CombatWeaponSO:equipment-item:weapon:greatsword, CombatWeaponSO:equipment-item:weapon:pollaxe, CraftMaterialDefinitionSO:material:steel-ingot, ProductionRecipeSO:recipe:arrow-steel, ProductionRecipeSO:recipe:bolt-steel, ProductionRecipeSO:recipe:steel-ingot, ResearchProjectSO:research:defense:siege-fortification, ResearchProjectSO:research:industry:lifts, ResearchProjectSO:research:industry:powered-tools 외",research-topology-and-unlocks; niche=field+prerequisites+unlocks; cost=requiredWork,Assets/Resources/SO/Research/Projects/metallurgy_steel.asset,4736dc67de517194bba2ecc8eb663cc3,"{""fileID"":0}",0,ResearchBlueprintRule,None,explicit-serialized,철과 숯으로 더 단단하고 가벼운 강철을 만든다.,제강,[],0,"[{""capability"":0,""requiredCount"":1},{""capability"":3,""requiredCount"":1}]",2,10,ResearchField,Metallurgy,explicit-serialized,"{""fileID"":0}",7103,0,ResearchPrerequisiteKind,Theory,implicit-csharp-default,metallurgy_steel,1,"[{""kind"":2,""prerequisite"":{""fileID"":11400000,""guid"":""212219e2e99209a469357092f71d146e"",""type"":2},""prerequisiteId"":""research:forestry:charcoal"",""reason"":""숯가마의 공학 원리이(가) 제강 구현에 직접 필요하다.""},{""kind"":2,""prerequisite"":{""fileID"":11400000,""guid"":""2a6b0ed0e88929c4dabd29e4462697af"",""type"":2},""prerequisiteId"":""research:metallurgy:iron"",""reason"":""철제 가공의 공학 원리이(가) 제강 구현에 직접 필요하다.""}]",2,"[{""fileID"":11400000,""guid"":""212219e2e99209a469357092f71d146e"",""type"":2},{""fileID"":11400000,""guid"":""2a6b0ed0e88929c4dabd29e4462697af"",""type"":2}]",2,research:metallurgy:steel,42,"{""items"":[{""rid"":7737212199327498648}]}"
research-effects,ResearchProjectSO,ResearchProjectSO|research:mining:deep,research:mining:deep,심부 채굴,연료와 유지보수를 대가로 깊은 광맥을 판다.,분야 8; 작업 60; 선행 2; 해금 0; 시설 요구 3; 효과 0,prerequisite:research:mining:sorting; prerequisite:research:mining:sorting; prerequisite:research:mining:sorting,진행 역할은 '연료와 유지보수를 대가로 깊은 광맥을 판다'이다. 선행 2개와 해금 0개를 연구 그래프에 연결한다.,research-topology-and-unlocks,근거 확인,,active-authored,Assets/Resources/SO/Content/GameDomainContentCatalog.asset; Assets/Resources/SO/GameContentCatalog.asset,catalog-registered-static-consumer,Assets/Scripts/Models/Economy/Content/GrandProjectRuntime.cs; Assets/Scripts/Services/Effects/Runtime/CharacterDerivedStatsSnapshot.cs; Assets/Scripts/Services/Infrastructure/BlueprintResearchContracts.cs; Assets/Scripts/Services/Infrastructure/BlueprintResearchProjectCoordinator.cs; Assets/Scripts/Services/Infrastructure/BlueprintResearchRuntime.cs; Assets/Scripts/Services/Infrastructure/BlueprintResearchRuntimeProvider.cs; Assets/Scripts/Services/Infrastructure/BlueprintResearchSaveSection.cs; Assets/Scripts/Services/Infrastructure/DungeonSpaceExpansionRuntime.cs; Assets/Scripts/Services/Infrastructure/ResearchCraftingSummaryService.cs; Assets/Scripts/Services/Infrastructure/ResearchFacilityCapacityAdapter.cs; Assets/Scripts/Services/Infrastructure/ResearchGraphLayoutService.cs; Assets/Scripts/Services/Infrastructure/ResearchProjectCatalogAdapter.cs,Assets/Scripts/Services/Infrastructure/BlueprintResearchContracts.cs; Assets/Scripts/Services/Infrastructure/BlueprintResearchRuntime.cs; Assets/Scripts/Services/Infrastructure/BlueprintResearchSaveSection.cs; Assets/Scripts/Services/Infrastructure/ResearchCraftingSummaryService.cs; Assets/Scripts/Services/Run/FirstRunObjectiveRuntime.cs; Assets/Scripts/Services/Run/V20MilestoneWorldSnapshotProjector.cs; Assets/Scripts/Views/UI/ResearchTreeWindow.cs,6,ProductionRecipeSO; ResearchProjectSO,진행 역할은 '연료와 유지보수를 대가로 깊은 광맥을 판다'이다. 선행 2개와 해금 0개를 연구 그래프에 연결한다.,연구 분야 8의 선행·해금 그래프에서 진행 경계를 만든다.,requiredWork=60,research-field:8,"비교 후보(대체 가능성 미검증): ResearchProjectSO:research:mining:mana, ResearchProjectSO:research:mining:quarry, ResearchProjectSO:research:mining:sorting, ResearchProjectSO:research:mining:stonecutting, ResearchProjectSO:research:mining:surface","직접 참조 6건에 영향: ProductionRecipeSO:recipe:ammo:blasting-charge, ProductionRecipeSO:recipe:component:lead-counterweight, ProductionRecipeSO:recipe:tool:deep-shaft-hoist, ResearchProjectSO:research:mining:mana",research-topology-and-unlocks; niche=field+prerequisites+unlocks; cost=requiredWork,Assets/Resources/SO/Research/Projects/mining_deep.asset,39c9c8d2eed6f67418e05ff5be476510,"{""fileID"":0}",0,ResearchBlueprintRule,None,explicit-serialized,연료와 유지보수를 대가로 깊은 광맥을 판다.,심부 채굴,[],0,"[{""capability"":0,""requiredCount"":1},{""capability"":3,""requiredCount"":1},{""capability"":6,""requiredCount"":1}]",3,8,ResearchField,Mining,explicit-serialized,"{""fileID"":0}",7085,0,ResearchPrerequisiteKind,Theory,implicit-csharp-default,mining_deep,1,"[{""kind"":2,""prerequisite"":{""fileID"":11400000,""guid"":""7d420104e4fd2744bbbd51a9c1e5e9cb"",""type"":2},""prerequisiteId"":""research:mining:sorting"",""reason"":""광석 선별의 공학 원리이(가) 심부 채굴 구현에 직접 필요하다.""}]",1,"[{""fileID"":11400000,""guid"":""7d420104e4fd2744bbbd51a9c1e5e9cb"",""type"":2}]",1,research:mining:deep,60,"{""items"":[]}"
research-effects,ResearchProjectSO,ResearchProjectSO|research:mining:mana,research:mining:mana,마나 시추,불안정한 마나 광맥에서 결정을 추출한다.,분야 8; 작업 84; 선행 4; 해금 0; 시설 요구 2; 효과 0,prerequisite:research:arcane:advanced; prerequisite:research:arcane:advanced; prerequisite:research:arcane:advanced; prerequisite:research:mining:deep; prerequisite:research:mining:deep; prerequisite:research:mining:deep,진행 역할은 '불안정한 마나 광맥에서 결정을 추출한다'이다. 선행 4개와 해금 0개를 연구 그래프에 연결한다.,research-topology-and-unlocks,근거 확인,,active-authored,Assets/Resources/SO/Content/GameDomainContentCatalog.asset; Assets/Resources/SO/GameContentCatalog.asset,catalog-registered-static-consumer,Assets/Scripts/Services/Effects/Runtime/CharacterDerivedStatsSnapshot.cs; Assets/Scripts/Services/Infrastructure/BlueprintResearchContracts.cs; Assets/Scripts/Services/Infrastructure/BlueprintResearchProjectCoordinator.cs; Assets/Scripts/Services/Infrastructure/BlueprintResearchRuntime.cs; Assets/Scripts/Services/Infrastructure/BlueprintResearchRuntimeProvider.cs; Assets/Scripts/Services/Infrastructure/BlueprintResearchSaveSection.cs; Assets/Scripts/Services/Infrastructure/ResearchCraftingSummaryService.cs; Assets/Scripts/Services/Infrastructure/ResearchFacilityCapacityAdapter.cs; Assets/Scripts/Services/Infrastructure/ResearchGraphLayoutService.cs; Assets/Scripts/Services/Infrastructure/ResearchProjectCatalogAdapter.cs; Assets/Scripts/Services/Infrastructure/ResearchRewardCatalogAdapter.cs; Assets/Scripts/Services/Run/FirstRunObjectiveRuntime.cs,Assets/Scripts/Services/Infrastructure/BlueprintResearchContracts.cs; Assets/Scripts/Services/Infrastructure/BlueprintResearchRuntime.cs; Assets/Scripts/Services/Infrastructure/BlueprintResearchSaveSection.cs; Assets/Scripts/Services/Infrastructure/ResearchCraftingSummaryService.cs; Assets/Scripts/Services/Run/FirstRunObjectiveRuntime.cs; Assets/Scripts/Services/Run/V20MilestoneWorldSnapshotProjector.cs; Assets/Scripts/Views/UI/ResearchTreeWindow.cs,2,ProductionRecipeSO,진행 역할은 '불안정한 마나 광맥에서 결정을 추출한다'이다. 선행 4개와 해금 0개를 연구 그래프에 연결한다.,연구 분야 8의 선행·해금 그래프에서 진행 경계를 만든다.,requiredWork=84,research-field:8,"비교 후보(대체 가능성 미검증): ResearchProjectSO:research:mining:deep, ResearchProjectSO:research:mining:quarry, ResearchProjectSO:research:mining:sorting, ResearchProjectSO:research:mining:stonecutting, ResearchProjectSO:research:mining:surface","직접 참조 2건에 영향: ProductionRecipeSO:recipe:component:mana-shield-plate, ProductionRecipeSO:recipe:tool:mana-probe",research-topology-and-unlocks; niche=field+prerequisites+unlocks; cost=requiredWork,Assets/Resources/SO/Research/Projects/mining_mana.asset,95dd8c2230aef774689165de38236a5c,"{""fileID"":0}",0,ResearchBlueprintRule,None,explicit-serialized,불안정한 마나 광맥에서 결정을 추출한다.,마나 시추,[],0,"[{""capability"":0,""requiredCount"":1},{""capability"":3,""requiredCount"":1}]",2,8,ResearchField,Mining,explicit-serialized,"{""fileID"":0}",7086,0,ResearchPrerequisiteKind,Theory,implicit-csharp-default,mining_mana,1,"[{""kind"":0,""prerequisite"":{""fileID"":11400000,""guid"":""e352d43e288d89f45b1bc8be3bf62967"",""type"":2},""prerequisiteId"":""research:arcane:advanced"",""reason"":""비전 연구의 이론이(가) 마나 시추 구현에 직접 필요하다.""},{""kind"":2,""prerequisite"":{""fileID"":11400000,""guid"":""39c9c8d2eed6f67418e05ff5be476510"",""type"":2},""prerequisiteId"":""research:mining:deep"",""reason"":""심부 채굴의 공학 원리이(가) 마나 시추 구현에 직접 필요하다.""}]",2,"[{""fileID"":11400000,""guid"":""e352d43e288d89f45b1bc8be3bf62967"",""type"":2},{""fileID"":11400000,""guid"":""39c9c8d2eed6f67418e05ff5be476510"",""type"":2}]",2,research:mining:mana,84,"{""items"":[]}"
research-effects,ResearchProjectSO,ResearchProjectSO|research:mining:quarry,research:mining:quarry,채석장,석재를 지속적으로 캐며 희귀 광맥을 탐색한다.,분야 8; 작업 28; 선행 2; 해금 1; 시설 요구 1; 효과 0,prerequisite:research:mining:surface; prerequisite:research:mining:surface; prerequisite:research:mining:surface; unlocks-building:building:1094,진행 역할은 '석재를 지속적으로 캐며 희귀 광맥을 탐색한다'이다. 선행 2개와 해금 1개를 연구 그래프에 연결한다.,research-topology-and-unlocks,근거 확인,,active-authored,Assets/Resources/SO/Content/GameDomainContentCatalog.asset; Assets/Resources/SO/GameContentCatalog.asset,catalog-registered-static-consumer,Assets/Scripts/Services/Effects/Runtime/CharacterDerivedStatsSnapshot.cs; Assets/Scripts/Services/Infrastructure/BlueprintResearchContracts.cs; Assets/Scripts/Services/Infrastructure/BlueprintResearchProjectCoordinator.cs; Assets/Scripts/Services/Infrastructure/BlueprintResearchRuntime.cs; Assets/Scripts/Services/Infrastructure/BlueprintResearchRuntimeProvider.cs; Assets/Scripts/Services/Infrastructure/BlueprintResearchSaveSection.cs; Assets/Scripts/Services/Infrastructure/DungeonSpaceExpansionRuntime.cs; Assets/Scripts/Services/Infrastructure/ResearchCraftingSummaryService.cs; Assets/Scripts/Services/Infrastructure/ResearchFacilityCapacityAdapter.cs; Assets/Scripts/Services/Infrastructure/ResearchGraphLayoutService.cs; Assets/Scripts/Services/Infrastructure/ResearchProjectCatalogAdapter.cs; Assets/Scripts/Services/Infrastructure/ResearchRewardCatalogAdapter.cs,Assets/Scripts/Services/Infrastructure/BlueprintResearchContracts.cs; Assets/Scripts/Services/Infrastructure/BlueprintResearchRuntime.cs; Assets/Scripts/Services/Infrastructure/BlueprintResearchSaveSection.cs; Assets/Scripts/Services/Infrastructure/ResearchCraftingSummaryService.cs; Assets/Scripts/Services/Run/FirstRunObjectiveRuntime.cs; Assets/Scripts/Services/Run/V20MilestoneWorldSnapshotProjector.cs; Assets/Scripts/Views/UI/ResearchTreeWindow.cs,4,ProductionRecipeSO; ResearchProjectSO,진행 역할은 '석재를 지속적으로 캐며 희귀 광맥을 탐색한다'이다. 선행 2개와 해금 1개를 연구 그래프에 연결한다.,연구 분야 8의 선행·해금 그래프에서 진행 경계를 만든다.,requiredWork=28,research-field:8,"비교 후보(대체 가능성 미검증): ResearchProjectSO:research:mining:deep, ResearchProjectSO:research:mining:mana, ResearchProjectSO:research:mining:sorting, ResearchProjectSO:research:mining:stonecutting, ResearchProjectSO:research:mining:surface","직접 참조 4건에 영향: ProductionRecipeSO:source:quarry, ResearchProjectSO:research:mining:stonecutting",research-topology-and-unlocks; niche=field+prerequisites+unlocks; cost=requiredWork,Assets/Resources/SO/Research/Projects/mining_quarry.asset,5b1a660d9c084df44bd76fdea941027e,"{""fileID"":0}",0,ResearchBlueprintRule,None,explicit-serialized,석재를 지속적으로 캐며 희귀 광맥을 탐색한다.,채석장,[],0,"[{""capability"":0,""requiredCount"":1}]",1,8,ResearchField,Mining,explicit-serialized,"{""fileID"":0}",7082,0,ResearchPrerequisiteKind,Theory,implicit-csharp-default,mining_quarry,1,"[{""kind"":2,""prerequisite"":{""fileID"":11400000,""guid"":""9fce6367650d81e48a5379ad21080807"",""type"":2},""prerequisiteId"":""research:mining:surface"",""reason"":""노천 채석의 공학 원리이(가) 채석장 구현에 직접 필요하다.""}]",1,"[{""fileID"":11400000,""guid"":""9fce6367650d81e48a5379ad21080807"",""type"":2}]",1,research:mining:quarry,28,"{""items"":[{""rid"":7737212199327498649}]}"
research-effects,ResearchProjectSO,ResearchProjectSO|research:mining:sorting,research:mining:sorting,광석 선별,"석탄, 철, 금과 마나 결정을 분리한다.",분야 8; 작업 42; 선행 2; 해금 1; 시설 요구 2; 효과 0,prerequisite:research:mining:stonecutting; prerequisite:research:mining:stonecutting; prerequisite:research:mining:stonecutting; unlocks-building:building:1078,"진행 역할은 '석탄, 철, 금과 마나 결정을 분리한다'이다. 선행 2개와 해금 1개를 연구 그래프에 연결한다.",research-topology-and-unlocks,근거 확인,,active-authored,Assets/Resources/SO/Content/GameDomainContentCatalog.asset; Assets/Resources/SO/GameContentCatalog.asset,catalog-registered-static-consumer,Assets/Scripts/Services/Effects/Runtime/CharacterDerivedStatsSnapshot.cs; Assets/Scripts/Services/Infrastructure/BlueprintResearchContracts.cs; Assets/Scripts/Services/Infrastructure/BlueprintResearchProjectCoordinator.cs; Assets/Scripts/Services/Infrastructure/BlueprintResearchRuntime.cs; Assets/Scripts/Services/Infrastructure/BlueprintResearchRuntimeProvider.cs; Assets/Scripts/Services/Infrastructure/BlueprintResearchSaveSection.cs; Assets/Scripts/Services/Infrastructure/ResearchCraftingSummaryService.cs; Assets/Scripts/Services/Infrastructure/ResearchFacilityCapacityAdapter.cs; Assets/Scripts/Services/Infrastructure/ResearchGraphLayoutService.cs; Assets/Scripts/Services/Infrastructure/ResearchProjectCatalogAdapter.cs; Assets/Scripts/Services/Infrastructure/ResearchRewardCatalogAdapter.cs; Assets/Scripts/Services/Run/FirstRunObjectiveRuntime.cs,Assets/Scripts/Services/Infrastructure/BlueprintResearchContracts.cs; Assets/Scripts/Services/Infrastructure/BlueprintResearchRuntime.cs; Assets/Scripts/Services/Infrastructure/BlueprintResearchSaveSection.cs; Assets/Scripts/Services/Infrastructure/ResearchCraftingSummaryService.cs; Assets/Scripts/Services/Run/FirstRunObjectiveRuntime.cs; Assets/Scripts/Services/Run/V20MilestoneWorldSnapshotProjector.cs; Assets/Scripts/Views/UI/ResearchTreeWindow.cs,3,ResearchProjectSO,"진행 역할은 '석탄, 철, 금과 마나 결정을 분리한다'이다. 선행 2개와 해금 1개를 연구 그래프에 연결한다.",연구 분야 8의 선행·해금 그래프에서 진행 경계를 만든다.,requiredWork=42,research-field:8,"비교 후보(대체 가능성 미검증): ResearchProjectSO:research:mining:deep, ResearchProjectSO:research:mining:mana, ResearchProjectSO:research:mining:quarry, ResearchProjectSO:research:mining:stonecutting, ResearchProjectSO:research:mining:surface",직접 참조 3건에 영향: ResearchProjectSO:research:mining:deep,research-topology-and-unlocks; niche=field+prerequisites+unlocks; cost=requiredWork,Assets/Resources/SO/Research/Projects/mining_sorting.asset,7d420104e4fd2744bbbd51a9c1e5e9cb,"{""fileID"":0}",0,ResearchBlueprintRule,None,explicit-serialized,"석탄, 철, 금과 마나 결정을 분리한다.",광석 선별,[],0,"[{""capability"":0,""requiredCount"":1},{""capability"":3,""requiredCount"":1}]",2,8,ResearchField,Mining,explicit-serialized,"{""fileID"":0}",7084,0,ResearchPrerequisiteKind,Theory,implicit-csharp-default,mining_sorting,1,"[{""kind"":2,""prerequisite"":{""fileID"":11400000,""guid"":""0b3fa4a532f783941a8eecb96b425e0f"",""type"":2},""prerequisiteId"":""research:mining:stonecutting"",""reason"":""석재 가공의 공학 원리이(가) 광석 선별 구현에 직접 필요하다.""}]",1,"[{""fileID"":11400000,""guid"":""0b3fa4a532f783941a8eecb96b425e0f"",""type"":2}]",1,research:mining:sorting,42,"{""items"":[{""rid"":7737212199327498650}]}"
research-effects,ResearchProjectSO,ResearchProjectSO|research:mining:stonecutting,research:mining:stonecutting,석재 가공,거친 석재를 건축용 블록으로 절단한다.,분야 8; 작업 42; 선행 2; 해금 2; 시설 요구 2; 효과 0,prerequisite:research:mining:quarry; prerequisite:research:mining:quarry; prerequisite:research:mining:quarry; unlocks-building:building:1077; unlocks-building:building:1619,진행 역할은 '거친 석재를 건축용 블록으로 절단한다'이다. 선행 2개와 해금 2개를 연구 그래프에 연결한다.,research-topology-and-unlocks,근거 확인,,active-authored,Assets/Resources/SO/Content/GameDomainContentCatalog.asset; Assets/Resources/SO/GameContentCatalog.asset,catalog-registered-static-consumer,Assets/Scripts/Services/Effects/Runtime/CharacterDerivedStatsSnapshot.cs; Assets/Scripts/Services/Infrastructure/BlueprintResearchContracts.cs; Assets/Scripts/Services/Infrastructure/BlueprintResearchProjectCoordinator.cs; Assets/Scripts/Services/Infrastructure/BlueprintResearchRuntime.cs; Assets/Scripts/Services/Infrastructure/BlueprintResearchRuntimeProvider.cs; Assets/Scripts/Services/Infrastructure/BlueprintResearchSaveSection.cs; Assets/Scripts/Services/Infrastructure/DungeonSpaceExpansionRuntime.cs; Assets/Scripts/Services/Infrastructure/ResearchCraftingSummaryService.cs; Assets/Scripts/Services/Infrastructure/ResearchFacilityCapacityAdapter.cs; Assets/Scripts/Services/Infrastructure/ResearchGraphLayoutService.cs; Assets/Scripts/Services/Infrastructure/ResearchProjectCatalogAdapter.cs; Assets/Scripts/Services/Infrastructure/ResearchRewardCatalogAdapter.cs,Assets/Scripts/Services/Infrastructure/BlueprintResearchContracts.cs; Assets/Scripts/Services/Infrastructure/BlueprintResearchRuntime.cs; Assets/Scripts/Services/Infrastructure/BlueprintResearchSaveSection.cs; Assets/Scripts/Services/Infrastructure/ResearchCraftingSummaryService.cs; Assets/Scripts/Services/Run/FirstRunObjectiveRuntime.cs; Assets/Scripts/Services/Run/V20MilestoneWorldSnapshotProjector.cs; Assets/Scripts/Views/UI/ResearchTreeWindow.cs,6,CraftMaterialDefinitionSO; ProductionRecipeSO; ResearchProjectSO,진행 역할은 '거친 석재를 건축용 블록으로 절단한다'이다. 선행 2개와 해금 2개를 연구 그래프에 연결한다.,연구 분야 8의 선행·해금 그래프에서 진행 경계를 만든다.,requiredWork=42,research-field:8,"비교 후보(대체 가능성 미검증): ResearchProjectSO:research:mining:deep, ResearchProjectSO:research:mining:mana, ResearchProjectSO:research:mining:quarry, ResearchProjectSO:research:mining:sorting, ResearchProjectSO:research:mining:surface","직접 참조 6건에 영향: CraftMaterialDefinitionSO:material:stone-block, ProductionRecipeSO:recipe:stone-block, ProductionRecipeSO:recipe:stone-ornament, ResearchProjectSO:research:mining:sorting",research-topology-and-unlocks; niche=field+prerequisites+unlocks; cost=requiredWork,Assets/Resources/SO/Research/Projects/mining_stonecutting.asset,0b3fa4a532f783941a8eecb96b425e0f,"{""fileID"":0}",0,ResearchBlueprintRule,None,explicit-serialized,거친 석재를 건축용 블록으로 절단한다.,석재 가공,[],0,"[{""capability"":0,""requiredCount"":1},{""capability"":3,""requiredCount"":1}]",2,8,ResearchField,Mining,explicit-serialized,"{""fileID"":0}",7083,0,ResearchPrerequisiteKind,Theory,implicit-csharp-default,mining_stonecutting,1,"[{""kind"":2,""prerequisite"":{""fileID"":11400000,""guid"":""5b1a660d9c084df44bd76fdea941027e"",""type"":2},""prerequisiteId"":""research:mining:quarry"",""reason"":""채석장의 공학 원리이(가) 석재 가공 구현에 직접 필요하다.""}]",1,"[{""fileID"":11400000,""guid"":""5b1a660d9c084df44bd76fdea941027e"",""type"":2}]",1,research:mining:stonecutting,42,"{""items"":[{""rid"":7737212199327498651},{""rid"":7737212199327498652}]}"
research-effects,ResearchProjectSO,ResearchProjectSO|research:mining:surface,research:mining:surface,노천 채석,외부 암석에서 석재와 얕은 광석을 채취한다.,분야 8; 작업 17; 선행 0; 해금 0; 시설 요구 1; 효과 0,,진행 역할은 '외부 암석에서 석재와 얕은 광석을 채취한다'이다. 선행 0개와 해금 0개를 연구 그래프에 연결한다.,research-topology-and-unlocks,근거 확인,,active-authored,Assets/Resources/SO/Content/GameDomainContentCatalog.asset; Assets/Resources/SO/GameContentCatalog.asset,catalog-registered-static-consumer,Assets/Scripts/Services/Effects/Runtime/CharacterDerivedStatsSnapshot.cs; Assets/Scripts/Services/Infrastructure/BlueprintResearchContracts.cs; Assets/Scripts/Services/Infrastructure/BlueprintResearchProjectCoordinator.cs; Assets/Scripts/Services/Infrastructure/BlueprintResearchRuntime.cs; Assets/Scripts/Services/Infrastructure/BlueprintResearchRuntimeProvider.cs; Assets/Scripts/Services/Infrastructure/BlueprintResearchSaveSection.cs; Assets/Scripts/Services/Infrastructure/ResearchCraftingSummaryService.cs; Assets/Scripts/Services/Infrastructure/ResearchFacilityCapacityAdapter.cs; Assets/Scripts/Services/Infrastructure/ResearchGraphLayoutService.cs; Assets/Scripts/Services/Infrastructure/ResearchProjectCatalogAdapter.cs; Assets/Scripts/Services/Infrastructure/ResearchRewardCatalogAdapter.cs; Assets/Scripts/Services/Run/FirstRunObjectiveRuntime.cs,Assets/Scripts/Services/Infrastructure/BlueprintResearchContracts.cs; Assets/Scripts/Services/Infrastructure/BlueprintResearchRuntime.cs; Assets/Scripts/Services/Infrastructure/BlueprintResearchSaveSection.cs; Assets/Scripts/Services/Infrastructure/ResearchCraftingSummaryService.cs; Assets/Scripts/Services/Run/FirstRunObjectiveRuntime.cs; Assets/Scripts/Services/Run/V20MilestoneWorldSnapshotProjector.cs; Assets/Scripts/Views/UI/ResearchTreeWindow.cs,7,ProductionRecipeSO; ResearchProjectSO,진행 역할은 '외부 암석에서 석재와 얕은 광석을 채취한다'이다. 선행 0개와 해금 0개를 연구 그래프에 연결한다.,연구 분야 8의 선행·해금 그래프에서 진행 경계를 만든다.,requiredWork=17,research-field:8,"비교 후보(대체 가능성 미검증): ResearchProjectSO:research:mining:deep, ResearchProjectSO:research:mining:mana, ResearchProjectSO:research:mining:quarry, ResearchProjectSO:research:mining:sorting, ResearchProjectSO:research:mining:stonecutting","직접 참조 7건에 영향: ProductionRecipeSO:recipe:resource:lead-ore, ProductionRecipeSO:recipe:resource:sulfur, ProductionRecipeSO:recipe:tool:prospecting-kit, ProductionRecipeSO:source:saltstone, ResearchProjectSO:research:mining:quarry",research-topology-and-unlocks; niche=field+prerequisites+unlocks; cost=requiredWork,Assets/Resources/SO/Research/Projects/mining_surface.asset,9fce6367650d81e48a5379ad21080807,"{""fileID"":0}",0,ResearchBlueprintRule,None,explicit-serialized,외부 암석에서 석재와 얕은 광석을 채취한다.,노천 채석,[],0,"[{""capability"":0,""requiredCount"":1}]",1,8,ResearchField,Mining,explicit-serialized,"{""fileID"":0}",7081,0,ResearchPrerequisiteKind,Theory,implicit-csharp-default,mining_surface,1,[],0,[],0,research:mining:surface,17,"{""items"":[]}"
research-effects,ResearchProjectSO,ResearchProjectSO|research:pharmacology:advanced,research:pharmacology:advanced,고급 약리,의료와 연금 지식을 결합해 고급 약품과 해독제를 만든다.,분야 13; 작업 84; 선행 4; 해금 0; 시설 요구 3; 효과 0,prerequisite:research:pharmacology:stimulants; prerequisite:research:pharmacology:stimulants; prerequisite:research:pharmacology:stimulants; prerequisite:research:survival:medical; prerequisite:research:survival:medical; prerequisite:research:survival:medical,진행 역할은 '의료와 연금 지식을 결합해 고급 약품과 해독제를 만든다'이다. 선행 4개와 해금 0개를 연구 그래프에 연결한다.,research-topology-and-unlocks,근거 확인,,active-authored,Assets/Resources/SO/Content/GameDomainContentCatalog.asset; Assets/Resources/SO/GameContentCatalog.asset,catalog-registered-static-consumer,Assets/Scripts/Services/Effects/Runtime/CharacterDerivedStatsSnapshot.cs; Assets/Scripts/Services/Infrastructure/BlueprintResearchContracts.cs; Assets/Scripts/Services/Infrastructure/BlueprintResearchProjectCoordinator.cs; Assets/Scripts/Services/Infrastructure/BlueprintResearchRuntime.cs; Assets/Scripts/Services/Infrastructure/BlueprintResearchRuntimeProvider.cs; Assets/Scripts/Services/Infrastructure/BlueprintResearchSaveSection.cs; Assets/Scripts/Services/Infrastructure/ResearchCraftingSummaryService.cs; Assets/Scripts/Services/Infrastructure/ResearchFacilityCapacityAdapter.cs; Assets/Scripts/Services/Infrastructure/ResearchGraphLayoutService.cs; Assets/Scripts/Services/Infrastructure/ResearchProjectCatalogAdapter.cs; Assets/Scripts/Services/Infrastructure/ResearchRewardCatalogAdapter.cs; Assets/Scripts/Services/Run/FirstRunObjectiveRuntime.cs,Assets/Scripts/Services/Infrastructure/BlueprintResearchContracts.cs; Assets/Scripts/Services/Infrastructure/BlueprintResearchRuntime.cs; Assets/Scripts/Services/Infrastructure/BlueprintResearchSaveSection.cs; Assets/Scripts/Services/Infrastructure/ResearchCraftingSummaryService.cs; Assets/Scripts/Services/Run/FirstRunObjectiveRuntime.cs; Assets/Scripts/Services/Run/V20MilestoneWorldSnapshotProjector.cs; Assets/Scripts/Views/UI/ResearchTreeWindow.cs,11,ProductionRecipeSO; ResearchProjectSO,진행 역할은 '의료와 연금 지식을 결합해 고급 약품과 해독제를 만든다'이다. 선행 4개와 해금 0개를 연구 그래프에 연결한다.,연구 분야 13의 선행·해금 그래프에서 진행 경계를 만든다.,requiredWork=84,research-field:13,"비교 후보(대체 가능성 미검증): ResearchProjectSO:research:pharmacology:anesthesia, ResearchProjectSO:research:pharmacology:antiseptic, ResearchProjectSO:research:pharmacology:distillation, ResearchProjectSO:research:pharmacology:herbalism, ResearchProjectSO:research:pharmacology:stimulants","직접 참조 11건에 영향: ProductionRecipeSO:recipe:advanced-medicine, ProductionRecipeSO:recipe:antidote, ResearchProjectSO:research:medical:gerontology, ResearchProjectSO:research:medical:trauma-medicine, ResearchProjectSO:research:medical:xenotransplant",research-topology-and-unlocks; niche=field+prerequisites+unlocks; cost=requiredWork,Assets/Resources/SO/Research/Projects/pharmacology_advanced.asset,7697e3aaf574a95469fd01a14b0c4b78,"{""fileID"":0}",0,ResearchBlueprintRule,None,explicit-serialized,의료와 연금 지식을 결합해 고급 약품과 해독제를 만든다.,고급 약리,[],0,"[{""capability"":0,""requiredCount"":1},{""capability"":4,""requiredCount"":1},{""capability"":5,""requiredCount"":1}]",3,13,ResearchField,Pharmacology,explicit-serialized,"{""fileID"":0}",7136,0,ResearchPrerequisiteKind,Theory,implicit-csharp-default,pharmacology_advanced,1,"[{""kind"":2,""prerequisite"":{""fileID"":11400000,""guid"":""1e00aa14d0b75ed47aca30ba5989c043"",""type"":2},""prerequisiteId"":""research:pharmacology:stimulants"",""reason"":""각성제의 공학 원리이(가) 고급 약리 구현에 직접 필요하다.""},{""kind"":2,""prerequisite"":{""fileID"":11400000,""guid"":""3e92a60a5d0530d4abe6c67462148c11"",""type"":2},""prerequisiteId"":""research:survival:medical"",""reason"":""의료 회복의 공학 원리이(가) 고급 약리 구현에 직접 필요하다.""}]",2,"[{""fileID"":11400000,""guid"":""1e00aa14d0b75ed47aca30ba5989c043"",""type"":2},{""fileID"":11400000,""guid"":""3e92a60a5d0530d4abe6c67462148c11"",""type"":2}]",2,research:pharmacology:advanced,84,"{""items"":[]}"
research-effects,ResearchProjectSO,ResearchProjectSO|research:pharmacology:anesthesia,research:pharmacology:anesthesia,진통·마취,몽엽으로 통증과 의식을 안전하게 조절한다.,분야 13; 작업 60; 선행 2; 해금 0; 시설 요구 3; 효과 0,prerequisite:research:pharmacology:distillation; prerequisite:research:pharmacology:distillation; prerequisite:research:pharmacology:distillation,진행 역할은 '몽엽으로 통증과 의식을 안전하게 조절한다'이다. 선행 2개와 해금 0개를 연구 그래프에 연결한다.,research-topology-and-unlocks,근거 확인,,active-authored,Assets/Resources/SO/Content/GameDomainContentCatalog.asset; Assets/Resources/SO/GameContentCatalog.asset,catalog-registered-static-consumer,Assets/Scripts/Services/Effects/Runtime/CharacterDerivedStatsSnapshot.cs; Assets/Scripts/Services/Infrastructure/BlueprintResearchContracts.cs; Assets/Scripts/Services/Infrastructure/BlueprintResearchProjectCoordinator.cs; Assets/Scripts/Services/Infrastructure/BlueprintResearchRuntime.cs; Assets/Scripts/Services/Infrastructure/BlueprintResearchRuntimeProvider.cs; Assets/Scripts/Services/Infrastructure/BlueprintResearchSaveSection.cs; Assets/Scripts/Services/Infrastructure/ResearchCraftingSummaryService.cs; Assets/Scripts/Services/Infrastructure/ResearchFacilityCapacityAdapter.cs; Assets/Scripts/Services/Infrastructure/ResearchGraphLayoutService.cs; Assets/Scripts/Services/Infrastructure/ResearchProjectCatalogAdapter.cs; Assets/Scripts/Services/Infrastructure/ResearchRewardCatalogAdapter.cs; Assets/Scripts/Services/Run/FirstRunObjectiveRuntime.cs,Assets/Scripts/Services/Infrastructure/BlueprintResearchContracts.cs; Assets/Scripts/Services/Infrastructure/BlueprintResearchRuntime.cs; Assets/Scripts/Services/Infrastructure/BlueprintResearchSaveSection.cs; Assets/Scripts/Services/Infrastructure/ResearchCraftingSummaryService.cs; Assets/Scripts/Services/Run/FirstRunObjectiveRuntime.cs; Assets/Scripts/Services/Run/V20MilestoneWorldSnapshotProjector.cs; Assets/Scripts/Views/UI/ResearchTreeWindow.cs,17,CropDefinitionSO; ProductionRecipeSO; ResearchProjectSO,진행 역할은 '몽엽으로 통증과 의식을 안전하게 조절한다'이다. 선행 2개와 해금 0개를 연구 그래프에 연결한다.,연구 분야 13의 선행·해금 그래프에서 진행 경계를 만든다.,requiredWork=60,research-field:13,"비교 후보(대체 가능성 미검증): ResearchProjectSO:research:pharmacology:advanced, ResearchProjectSO:research:pharmacology:antiseptic, ResearchProjectSO:research:pharmacology:distillation, ResearchProjectSO:research:pharmacology:herbalism, ResearchProjectSO:research:pharmacology:stimulants","직접 참조 17건에 영향: CropDefinitionSO:crop:dreamleaf, ProductionRecipeSO:recipe:ammo:tranquilizer-dart, ProductionRecipeSO:recipe:anesthetic, ProductionRecipeSO:recipe:dreamleaf-analgesic, ProductionRecipeSO:recipe:medical-vial, ResearchProjectSO:research:medical:reproductive-medicine, ResearchProjectSO:research:medical:surgery, ResearchProjectSO:research:pharmacology:stimulants, ResearchProjectSO:research:textile:dreamweave",research-topology-and-unlocks; niche=field+prerequisites+unlocks; cost=requiredWork,Assets/Resources/SO/Research/Projects/pharmacology_anesthesia.asset,5d24ff7a48d2e42439661cde8f81fdae,"{""fileID"":0}",0,ResearchBlueprintRule,None,explicit-serialized,몽엽으로 통증과 의식을 안전하게 조절한다.,진통·마취,[],0,"[{""capability"":0,""requiredCount"":1},{""capability"":4,""requiredCount"":1},{""capability"":5,""requiredCount"":1}]",3,13,ResearchField,Pharmacology,explicit-serialized,"{""fileID"":0}",7134,0,ResearchPrerequisiteKind,Theory,implicit-csharp-default,pharmacology_anesthesia,1,"[{""kind"":2,""prerequisite"":{""fileID"":11400000,""guid"":""fc08c2ecdc5e40b49a2513a1eb3385bf"",""type"":2},""prerequisiteId"":""research:pharmacology:distillation"",""reason"":""증류의 공학 원리이(가) 진통·마취 구현에 직접 필요하다.""}]",1,"[{""fileID"":11400000,""guid"":""fc08c2ecdc5e40b49a2513a1eb3385bf"",""type"":2}]",1,research:pharmacology:anesthesia,60,"{""items"":[]}"
research-effects,ResearchProjectSO,ResearchProjectSO|research:pharmacology:antiseptic,research:pharmacology:antiseptic,소독·붕대,섬유와 약초로 감염을 막는 치료재를 만든다.,분야 13; 작업 28; 선행 4; 해금 2; 시설 요구 2; 효과 0,prerequisite:research:pharmacology:herbalism; prerequisite:research:pharmacology:herbalism; prerequisite:research:pharmacology:herbalism; prerequisite:research:textile:fiber; prerequisite:research:textile:fiber; prerequisite:research:textile:fiber; unlocks-building:building:1090; unlocks-building:building:1624,진행 역할은 '섬유와 약초로 감염을 막는 치료재를 만든다'이다. 선행 4개와 해금 2개를 연구 그래프에 연결한다.,research-topology-and-unlocks,근거 확인,,active-authored,Assets/Resources/SO/Content/GameDomainContentCatalog.asset; Assets/Resources/SO/GameContentCatalog.asset,catalog-registered-static-consumer,Assets/Scripts/Services/Effects/Runtime/CharacterDerivedStatsSnapshot.cs; Assets/Scripts/Services/Infrastructure/BlueprintResearchContracts.cs; Assets/Scripts/Services/Infrastructure/BlueprintResearchProjectCoordinator.cs; Assets/Scripts/Services/Infrastructure/BlueprintResearchRuntime.cs; Assets/Scripts/Services/Infrastructure/BlueprintResearchRuntimeProvider.cs; Assets/Scripts/Services/Infrastructure/BlueprintResearchSaveSection.cs; Assets/Scripts/Services/Infrastructure/ResearchCraftingSummaryService.cs; Assets/Scripts/Services/Infrastructure/ResearchFacilityCapacityAdapter.cs; Assets/Scripts/Services/Infrastructure/ResearchGraphLayoutService.cs; Assets/Scripts/Services/Infrastructure/ResearchProjectCatalogAdapter.cs; Assets/Scripts/Services/Infrastructure/ResearchRewardCatalogAdapter.cs; Assets/Scripts/Services/Run/FirstRunObjectiveRuntime.cs,Assets/Scripts/Services/Infrastructure/BlueprintResearchContracts.cs; Assets/Scripts/Services/Infrastructure/BlueprintResearchRuntime.cs; Assets/Scripts/Services/Infrastructure/BlueprintResearchSaveSection.cs; Assets/Scripts/Services/Infrastructure/ResearchCraftingSummaryService.cs; Assets/Scripts/Services/Run/FirstRunObjectiveRuntime.cs; Assets/Scripts/Services/Run/V20MilestoneWorldSnapshotProjector.cs; Assets/Scripts/Views/UI/ResearchTreeWindow.cs,5,ProductionRecipeSO; ResearchProjectSO,진행 역할은 '섬유와 약초로 감염을 막는 치료재를 만든다'이다. 선행 4개와 해금 2개를 연구 그래프에 연결한다.,연구 분야 13의 선행·해금 그래프에서 진행 경계를 만든다.,requiredWork=28,research-field:13,"비교 후보(대체 가능성 미검증): ResearchProjectSO:research:pharmacology:advanced, ResearchProjectSO:research:pharmacology:anesthesia, ResearchProjectSO:research:pharmacology:distillation, ResearchProjectSO:research:pharmacology:herbalism, ResearchProjectSO:research:pharmacology:stimulants","직접 참조 5건에 영향: ProductionRecipeSO:recipe:antiseptic, ProductionRecipeSO:recipe:resin-balm, ResearchProjectSO:research:pharmacology:distillation",research-topology-and-unlocks; niche=field+prerequisites+unlocks; cost=requiredWork,Assets/Resources/SO/Research/Projects/pharmacology_antiseptic.asset,81003f66b70835f44b6e4ed6dd7bb783,"{""fileID"":0}",0,ResearchBlueprintRule,None,explicit-serialized,섬유와 약초로 감염을 막는 치료재를 만든다.,소독·붕대,[],0,"[{""capability"":0,""requiredCount"":1},{""capability"":4,""requiredCount"":1}]",2,13,ResearchField,Pharmacology,explicit-serialized,"{""fileID"":0}",7132,0,ResearchPrerequisiteKind,Theory,implicit-csharp-default,pharmacology_antiseptic,1,"[{""kind"":2,""prerequisite"":{""fileID"":11400000,""guid"":""fa1b0718630dd0244b3cfafb2e1cb805"",""type"":2},""prerequisiteId"":""research:pharmacology:herbalism"",""reason"":""약초학의 공학 원리이(가) 소독·붕대 구현에 직접 필요하다.""},{""kind"":1,""prerequisite"":{""fileID"":11400000,""guid"":""8f2a5bca31574f1478107e01d22cd5f2"",""type"":2},""prerequisiteId"":""research:textile:fiber"",""reason"":""섬유 가공의 제작 기법이(가) 소독·붕대 구현에 직접 필요하다.""}]",2,"[{""fileID"":11400000,""guid"":""fa1b0718630dd0244b3cfafb2e1cb805"",""type"":2},{""fileID"":11400000,""guid"":""8f2a5bca31574f1478107e01d22cd5f2"",""type"":2}]",2,research:pharmacology:antiseptic,28,"{""items"":[{""rid"":7737212199327498653},{""rid"":7737212199327498654}]}"
research-effects,ResearchProjectSO,ResearchProjectSO|research:pharmacology:distillation,research:pharmacology:distillation,증류,알코올과 연금 용매로 유효 성분을 농축한다.,분야 13; 작업 42; 선행 4; 해금 1; 시설 요구 2; 효과 0,prerequisite:research:arcane:alchemy; prerequisite:research:arcane:alchemy; prerequisite:research:arcane:alchemy; prerequisite:research:pharmacology:antiseptic; prerequisite:research:pharmacology:antiseptic; prerequisite:research:pharmacology:antiseptic; unlocks-building:building:1086,진행 역할은 '알코올과 연금 용매로 유효 성분을 농축한다'이다. 선행 4개와 해금 1개를 연구 그래프에 연결한다.,research-topology-and-unlocks,근거 확인,,active-authored,Assets/Resources/SO/Content/GameDomainContentCatalog.asset; Assets/Resources/SO/GameContentCatalog.asset,catalog-registered-static-consumer,Assets/Scripts/Services/Effects/Runtime/CharacterDerivedStatsSnapshot.cs; Assets/Scripts/Services/Infrastructure/BlueprintResearchContracts.cs; Assets/Scripts/Services/Infrastructure/BlueprintResearchProjectCoordinator.cs; Assets/Scripts/Services/Infrastructure/BlueprintResearchRuntime.cs; Assets/Scripts/Services/Infrastructure/BlueprintResearchRuntimeProvider.cs; Assets/Scripts/Services/Infrastructure/BlueprintResearchSaveSection.cs; Assets/Scripts/Services/Infrastructure/ResearchCraftingSummaryService.cs; Assets/Scripts/Services/Infrastructure/ResearchFacilityCapacityAdapter.cs; Assets/Scripts/Services/Infrastructure/ResearchGraphLayoutService.cs; Assets/Scripts/Services/Infrastructure/ResearchProjectCatalogAdapter.cs; Assets/Scripts/Services/Infrastructure/ResearchRewardCatalogAdapter.cs; Assets/Scripts/Services/Run/FirstRunObjectiveRuntime.cs,Assets/Scripts/Services/Infrastructure/BlueprintResearchContracts.cs; Assets/Scripts/Services/Infrastructure/BlueprintResearchRuntime.cs; Assets/Scripts/Services/Infrastructure/BlueprintResearchSaveSection.cs; Assets/Scripts/Services/Infrastructure/ResearchCraftingSummaryService.cs; Assets/Scripts/Services/Run/FirstRunObjectiveRuntime.cs; Assets/Scripts/Services/Run/V20MilestoneWorldSnapshotProjector.cs; Assets/Scripts/Views/UI/ResearchTreeWindow.cs,16,ProductionRecipeSO; ResearchProjectSO,진행 역할은 '알코올과 연금 용매로 유효 성분을 농축한다'이다. 선행 4개와 해금 1개를 연구 그래프에 연결한다.,연구 분야 13의 선행·해금 그래프에서 진행 경계를 만든다.,requiredWork=42,research-field:13,"비교 후보(대체 가능성 미검증): ResearchProjectSO:research:pharmacology:advanced, ResearchProjectSO:research:pharmacology:anesthesia, ResearchProjectSO:research:pharmacology:antiseptic, ResearchProjectSO:research:pharmacology:herbalism, ResearchProjectSO:research:pharmacology:stimulants","직접 참조 16건에 영향: ProductionRecipeSO:recipe:hallucinogenic-distillate, ProductionRecipeSO:recipe:solvent, ProductionRecipeSO:recipe:standard-medicine, ProductionRecipeSO:recipe:vitality-tonic, ResearchProjectSO:research:cuisine:distilling-aging, ResearchProjectSO:research:equipment:black-powder, ResearchProjectSO:research:pharmacology:anesthesia, ResearchProjectSO:research:plumbing:reuse",research-topology-and-unlocks; niche=field+prerequisites+unlocks; cost=requiredWork,Assets/Resources/SO/Research/Projects/pharmacology_distillation.asset,fc08c2ecdc5e40b49a2513a1eb3385bf,"{""fileID"":0}",0,ResearchBlueprintRule,None,explicit-serialized,알코올과 연금 용매로 유효 성분을 농축한다.,증류,[],0,"[{""capability"":0,""requiredCount"":1},{""capability"":4,""requiredCount"":1}]",2,13,ResearchField,Pharmacology,explicit-serialized,"{""fileID"":0}",7133,0,ResearchPrerequisiteKind,Theory,implicit-csharp-default,pharmacology_distillation,1,"[{""kind"":0,""prerequisite"":{""fileID"":11400000,""guid"":""1f0f04477ee507543893f06592b0442c"",""type"":2},""prerequisiteId"":""research:arcane:alchemy"",""reason"":""연금 가공의 이론이(가) 증류 구현에 직접 필요하다.""},{""kind"":2,""prerequisite"":{""fileID"":11400000,""guid"":""81003f66b70835f44b6e4ed6dd7bb783"",""type"":2},""prerequisiteId"":""research:pharmacology:antiseptic"",""reason"":""소독·붕대의 공학 원리이(가) 증류 구현에 직접 필요하다.""}]",2,"[{""fileID"":11400000,""guid"":""1f0f04477ee507543893f06592b0442c"",""type"":2},{""fileID"":11400000,""guid"":""81003f66b70835f44b6e4ed6dd7bb783"",""type"":2}]",2,research:pharmacology:distillation,42,"{""items"":[{""rid"":7737212199327498655}]}"
research-effects,ResearchProjectSO,ResearchProjectSO|research:pharmacology:herbalism,research:pharmacology:herbalism,약초학,약용 식물의 효능과 독성을 분류한다.,분야 13; 작업 17; 선행 0; 해금 1; 시설 요구 2; 효과 0,unlocks-building:building:1033,진행 역할은 '약용 식물의 효능과 독성을 분류한다'이다. 선행 0개와 해금 1개를 연구 그래프에 연결한다.,research-topology-and-unlocks,근거 확인,,active-authored,Assets/Resources/SO/Content/GameDomainContentCatalog.asset; Assets/Resources/SO/GameContentCatalog.asset,catalog-registered-static-consumer,Assets/Scripts/Services/Effects/Runtime/CharacterDerivedStatsSnapshot.cs; Assets/Scripts/Services/Infrastructure/BlueprintResearchContracts.cs; Assets/Scripts/Services/Infrastructure/BlueprintResearchProjectCoordinator.cs; Assets/Scripts/Services/Infrastructure/BlueprintResearchRuntime.cs; Assets/Scripts/Services/Infrastructure/BlueprintResearchRuntimeProvider.cs; Assets/Scripts/Services/Infrastructure/BlueprintResearchSaveSection.cs; Assets/Scripts/Services/Infrastructure/ResearchCraftingSummaryService.cs; Assets/Scripts/Services/Infrastructure/ResearchFacilityCapacityAdapter.cs; Assets/Scripts/Services/Infrastructure/ResearchGraphLayoutService.cs; Assets/Scripts/Services/Infrastructure/ResearchProjectCatalogAdapter.cs; Assets/Scripts/Services/Infrastructure/ResearchRewardCatalogAdapter.cs; Assets/Scripts/Services/Run/FirstRunObjectiveRuntime.cs,Assets/Scripts/Services/Infrastructure/BlueprintResearchContracts.cs; Assets/Scripts/Services/Infrastructure/BlueprintResearchRuntime.cs; Assets/Scripts/Services/Infrastructure/BlueprintResearchSaveSection.cs; Assets/Scripts/Services/Infrastructure/ResearchCraftingSummaryService.cs; Assets/Scripts/Services/Run/FirstRunObjectiveRuntime.cs; Assets/Scripts/Services/Run/V20MilestoneWorldSnapshotProjector.cs; Assets/Scripts/Views/UI/ResearchTreeWindow.cs,7,CropDefinitionSO; ProductionRecipeSO; ResearchProjectSO,진행 역할은 '약용 식물의 효능과 독성을 분류한다'이다. 선행 0개와 해금 1개를 연구 그래프에 연결한다.,연구 분야 13의 선행·해금 그래프에서 진행 경계를 만든다.,requiredWork=17,research-field:13,"비교 후보(대체 가능성 미검증): ResearchProjectSO:research:pharmacology:advanced, ResearchProjectSO:research:pharmacology:anesthesia, ResearchProjectSO:research:pharmacology:antiseptic, ResearchProjectSO:research:pharmacology:distillation, ResearchProjectSO:research:pharmacology:stimulants","직접 참조 7건에 영향: CropDefinitionSO:crop:bloodleaf, CropDefinitionSO:crop:moonflower, ProductionRecipeSO:recipe:herbal-poultice, ProductionRecipeSO:recipe:moonflower-tea, ResearchProjectSO:research:pharmacology:antiseptic",research-topology-and-unlocks; niche=field+prerequisites+unlocks; cost=requiredWork,Assets/Resources/SO/Research/Projects/pharmacology_herbalism.asset,fa1b0718630dd0244b3cfafb2e1cb805,"{""fileID"":0}",0,ResearchBlueprintRule,None,explicit-serialized,약용 식물의 효능과 독성을 분류한다.,약초학,[],0,"[{""capability"":0,""requiredCount"":1},{""capability"":4,""requiredCount"":1}]",2,13,ResearchField,Pharmacology,explicit-serialized,"{""fileID"":0}",7131,0,ResearchPrerequisiteKind,Theory,implicit-csharp-default,pharmacology_herbalism,1,[],0,[],0,research:pharmacology:herbalism,17,"{""items"":[{""rid"":7737212199327498656}]}"
research-effects,ResearchProjectSO,ResearchProjectSO|research:pharmacology:stimulants,research:pharmacology:stimulants,각성제,혈엽과 마나로 전투·작업 촉진제를 만든다.,분야 13; 작업 60; 선행 2; 해금 0; 시설 요구 3; 효과 0,prerequisite:research:pharmacology:anesthesia; prerequisite:research:pharmacology:anesthesia; prerequisite:research:pharmacology:anesthesia,진행 역할은 '혈엽과 마나로 전투·작업 촉진제를 만든다'이다. 선행 2개와 해금 0개를 연구 그래프에 연결한다.,research-topology-and-unlocks,근거 확인,,active-authored,Assets/Resources/SO/Content/GameDomainContentCatalog.asset; Assets/Resources/SO/GameContentCatalog.asset,catalog-registered-static-consumer,Assets/Scripts/Services/Effects/Runtime/CharacterDerivedStatsSnapshot.cs; Assets/Scripts/Services/Infrastructure/BlueprintResearchContracts.cs; Assets/Scripts/Services/Infrastructure/BlueprintResearchProjectCoordinator.cs; Assets/Scripts/Services/Infrastructure/BlueprintResearchRuntime.cs; Assets/Scripts/Services/Infrastructure/BlueprintResearchRuntimeProvider.cs; Assets/Scripts/Services/Infrastructure/BlueprintResearchSaveSection.cs; Assets/Scripts/Services/Infrastructure/ResearchCraftingSummaryService.cs; Assets/Scripts/Services/Infrastructure/ResearchFacilityCapacityAdapter.cs; Assets/Scripts/Services/Infrastructure/ResearchGraphLayoutService.cs; Assets/Scripts/Services/Infrastructure/ResearchProjectCatalogAdapter.cs; Assets/Scripts/Services/Infrastructure/ResearchRewardCatalogAdapter.cs; Assets/Scripts/Services/Run/FirstRunObjectiveRuntime.cs,Assets/Scripts/Services/Infrastructure/BlueprintResearchContracts.cs; Assets/Scripts/Services/Infrastructure/BlueprintResearchRuntime.cs; Assets/Scripts/Services/Infrastructure/BlueprintResearchSaveSection.cs; Assets/Scripts/Services/Infrastructure/ResearchCraftingSummaryService.cs; Assets/Scripts/Services/Run/FirstRunObjectiveRuntime.cs; Assets/Scripts/Services/Run/V20MilestoneWorldSnapshotProjector.cs; Assets/Scripts/Views/UI/ResearchTreeWindow.cs,5,ProductionRecipeSO; ResearchProjectSO,진행 역할은 '혈엽과 마나로 전투·작업 촉진제를 만든다'이다. 선행 2개와 해금 0개를 연구 그래프에 연결한다.,연구 분야 13의 선행·해금 그래프에서 진행 경계를 만든다.,requiredWork=60,research-field:13,"비교 후보(대체 가능성 미검증): ResearchProjectSO:research:pharmacology:advanced, ResearchProjectSO:research:pharmacology:anesthesia, ResearchProjectSO:research:pharmacology:antiseptic, ResearchProjectSO:research:pharmacology:distillation, ResearchProjectSO:research:pharmacology:herbalism","직접 참조 5건에 영향: ProductionRecipeSO:recipe:blood-stimulant, ProductionRecipeSO:recipe:mana-awakener, ResearchProjectSO:research:pharmacology:advanced",research-topology-and-unlocks; niche=field+prerequisites+unlocks; cost=requiredWork,Assets/Resources/SO/Research/Projects/pharmacology_stimulants.asset,1e00aa14d0b75ed47aca30ba5989c043,"{""fileID"":0}",0,ResearchBlueprintRule,None,explicit-serialized,혈엽과 마나로 전투·작업 촉진제를 만든다.,각성제,[],0,"[{""capability"":0,""requiredCount"":1},{""capability"":4,""requiredCount"":1},{""capability"":5,""requiredCount"":1}]",3,13,ResearchField,Pharmacology,explicit-serialized,"{""fileID"":0}",7135,0,ResearchPrerequisiteKind,Theory,implicit-csharp-default,pharmacology_stimulants,1,"[{""kind"":2,""prerequisite"":{""fileID"":11400000,""guid"":""5d24ff7a48d2e42439661cde8f81fdae"",""type"":2},""prerequisiteId"":""research:pharmacology:anesthesia"",""reason"":""진통·마취의 공학 원리이(가) 각성제 구현에 직접 필요하다.""}]",1,"[{""fileID"":11400000,""guid"":""5d24ff7a48d2e42439661cde8f81fdae"",""type"":2}]",1,research:pharmacology:stimulants,60,"{""items"":[]}"
research-effects,ResearchProjectSO,ResearchProjectSO|research:plumbing:basics,research:plumbing:basics,기초 배관과 펌프 급수,"기초 배관과 펌프 급수에 필요한 이론, 제작 절차, 안전 기준과 운용 보상을 하나의 완결된 연구 패키지로 통합한다.",분야 16; 작업 130; 선행 4; 해금 4; 시설 요구 3; 효과 0,prerequisite:research:industry:steam-power; prerequisite:research:industry:steam-power; prerequisite:research:industry:steam-power; prerequisite:research:survival:sanitation; prerequisite:research:survival:sanitation; prerequisite:research:survival:sanitation; unlocks-building:building:9802; unlocks-building:building:9816; unlocks-building:building:9817; unlocks-building:building:9819,"진행 역할은 '기초 배관과 펌프 급수에 필요한 이론, 제작 절차, 안전 기준과 운용 보상을 하나의 완결된 연구 패키지로 통합한다'이다. 선행 4개와 해금 4개를 연구 그래프에 연결한다.",research-topology-and-unlocks,근거 확인,,active-authored,Assets/Resources/SO/Content/GameDomainContentCatalog.asset; Assets/Resources/SO/GameContentCatalog.asset,catalog-registered-static-consumer,Assets/Scripts/Services/Effects/Runtime/CharacterDerivedStatsSnapshot.cs; Assets/Scripts/Services/Infrastructure/BlueprintResearchContracts.cs; Assets/Scripts/Services/Infrastructure/BlueprintResearchProjectCoordinator.cs; Assets/Scripts/Services/Infrastructure/BlueprintResearchRuntime.cs; Assets/Scripts/Services/Infrastructure/BlueprintResearchRuntimeProvider.cs; Assets/Scripts/Services/Infrastructure/BlueprintResearchSaveSection.cs; Assets/Scripts/Services/Infrastructure/ResearchCraftingSummaryService.cs; Assets/Scripts/Services/Infrastructure/ResearchFacilityCapacityAdapter.cs; Assets/Scripts/Services/Infrastructure/ResearchGraphLayoutService.cs; Assets/Scripts/Services/Infrastructure/ResearchProjectCatalogAdapter.cs; Assets/Scripts/Services/Infrastructure/ResearchRewardCatalogAdapter.cs; Assets/Scripts/Services/Run/FirstRunObjectiveRuntime.cs,Assets/Scripts/Services/Infrastructure/BlueprintResearchContracts.cs; Assets/Scripts/Services/Infrastructure/BlueprintResearchRuntime.cs; Assets/Scripts/Services/Infrastructure/BlueprintResearchSaveSection.cs; Assets/Scripts/Services/Infrastructure/ResearchCraftingSummaryService.cs; Assets/Scripts/Services/Run/FirstRunObjectiveRuntime.cs; Assets/Scripts/Services/Run/V20MilestoneWorldSnapshotProjector.cs; Assets/Scripts/Views/UI/ResearchTreeWindow.cs,6,ResearchProjectSO,"진행 역할은 '기초 배관과 펌프 급수에 필요한 이론, 제작 절차, 안전 기준과 운용 보상을 하나의 완결된 연구 패키지로 통합한다'이다. 선행 4개와 해금 4개를 연구 그래프에 연결한다.",연구 분야 16의 선행·해금 그래프에서 진행 경계를 만든다.,requiredWork=130,research-field:16,"비교 후보(대체 가능성 미검증): ResearchProjectSO:research:bath-business, ResearchProjectSO:research:plumbing:reuse, ResearchProjectSO:research:plumbing:rune-purification, ResearchProjectSO:research:plumbing:sewer","직접 참조 6건에 영향: ResearchProjectSO:research:agriculture:greenhouse-horticulture, ResearchProjectSO:research:plumbing:sewer",research-topology-and-unlocks; niche=field+prerequisites+unlocks; cost=requiredWork,Assets/Resources/SO/Research/Projects/plumbing_basics.asset,ced79e3bcdd00964f8eef3f30ff1946d,"{""fileID"":0}",0,ResearchBlueprintRule,None,explicit-serialized,"기초 배관과 펌프 급수에 필요한 이론, 제작 절차, 안전 기준과 운용 보상을 하나의 완결된 연구 패키지로 통합한다.",기초 배관과 펌프 급수,[],0,"[{""capability"":0,""requiredCount"":2},{""capability"":3,""requiredCount"":1},{""capability"":6,""requiredCount"":1}]",3,16,ResearchField,Water And Sanitation,explicit-serialized,"{""fileID"":0}",7191,0,ResearchPrerequisiteKind,Theory,implicit-csharp-default,plumbing_basics,1,"[{""kind"":2,""prerequisite"":{""fileID"":11400000,""guid"":""4ee2df589417d314295a42c252406053"",""type"":2},""prerequisiteId"":""research:industry:steam-power"",""reason"":""증기 동력과 배전의 공학 원리이(가) 기초 배관과 펌프 급수 구현에 직접 필요하다.""},{""kind"":2,""prerequisite"":{""fileID"":11400000,""guid"":""d75bc5c0a1a2a2e4aa3f082b164eadfa"",""type"":2},""prerequisiteId"":""research:survival:sanitation"",""reason"":""기초 위생의 공학 원리이(가) 기초 배관과 펌프 급수 구현에 직접 필요하다.""}]",2,"[{""fileID"":11400000,""guid"":""4ee2df589417d314295a42c252406053"",""type"":2},{""fileID"":11400000,""guid"":""d75bc5c0a1a2a2e4aa3f082b164eadfa"",""type"":2}]",2,research:plumbing:basics,130,"{""items"":[{""rid"":7737212199327498657},{""rid"":7737212199327498658},{""rid"":7737212199327498659},{""rid"":7737212199327498660}]}"
research-effects,ResearchProjectSO,ResearchProjectSO|research:plumbing:reuse,research:plumbing:reuse,정수와 재이용,침전수와 소독제를 사용해 깨끗한 물로 되돌린다.,분야 16; 작업 115; 선행 4; 해금 1; 시설 요구 3; 효과 0,prerequisite:research:pharmacology:distillation; prerequisite:research:pharmacology:distillation; prerequisite:research:pharmacology:distillation; prerequisite:research:plumbing:sewer; prerequisite:research:plumbing:sewer; prerequisite:research:plumbing:sewer; unlocks-building:building:9821,진행 역할은 '침전수와 소독제를 사용해 깨끗한 물로 되돌린다'이다. 선행 4개와 해금 1개를 연구 그래프에 연결한다.,research-topology-and-unlocks,근거 확인,,active-authored,Assets/Resources/SO/Content/GameDomainContentCatalog.asset; Assets/Resources/SO/GameContentCatalog.asset,catalog-registered-static-consumer,Assets/Scripts/Services/Effects/Runtime/CharacterDerivedStatsSnapshot.cs; Assets/Scripts/Services/Infrastructure/BlueprintResearchContracts.cs; Assets/Scripts/Services/Infrastructure/BlueprintResearchProjectCoordinator.cs; Assets/Scripts/Services/Infrastructure/BlueprintResearchRuntime.cs; Assets/Scripts/Services/Infrastructure/BlueprintResearchRuntimeProvider.cs; Assets/Scripts/Services/Infrastructure/BlueprintResearchSaveSection.cs; Assets/Scripts/Services/Infrastructure/ResearchCraftingSummaryService.cs; Assets/Scripts/Services/Infrastructure/ResearchFacilityCapacityAdapter.cs; Assets/Scripts/Services/Infrastructure/ResearchGraphLayoutService.cs; Assets/Scripts/Services/Infrastructure/ResearchProjectCatalogAdapter.cs; Assets/Scripts/Services/Infrastructure/ResearchRewardCatalogAdapter.cs; Assets/Scripts/Services/Run/FirstRunObjectiveRuntime.cs,Assets/Scripts/Services/Infrastructure/BlueprintResearchContracts.cs; Assets/Scripts/Services/Infrastructure/BlueprintResearchRuntime.cs; Assets/Scripts/Services/Infrastructure/BlueprintResearchSaveSection.cs; Assets/Scripts/Services/Infrastructure/ResearchCraftingSummaryService.cs; Assets/Scripts/Services/Run/FirstRunObjectiveRuntime.cs; Assets/Scripts/Services/Run/V20MilestoneWorldSnapshotProjector.cs; Assets/Scripts/Views/UI/ResearchTreeWindow.cs,7,ProductionRecipeSO; ResearchProjectSO,진행 역할은 '침전수와 소독제를 사용해 깨끗한 물로 되돌린다'이다. 선행 4개와 해금 1개를 연구 그래프에 연결한다.,연구 분야 16의 선행·해금 그래프에서 진행 경계를 만든다.,requiredWork=115,research-field:16,"비교 후보(대체 가능성 미검증): ResearchProjectSO:research:bath-business, ResearchProjectSO:research:plumbing:basics, ResearchProjectSO:research:plumbing:rune-purification, ResearchProjectSO:research:plumbing:sewer","직접 참조 7건에 영향: ProductionRecipeSO:recipe:component:reclaimed-water-filter, ResearchProjectSO:research:industry:electric-smelting, ResearchProjectSO:research:plumbing:rune-purification",research-topology-and-unlocks; niche=field+prerequisites+unlocks; cost=requiredWork,Assets/Resources/SO/Research/Projects/plumbing_reuse.asset,2b9e3ae10f111c442a6bc0906d3f5072,"{""fileID"":0}",0,ResearchBlueprintRule,None,explicit-serialized,침전수와 소독제를 사용해 깨끗한 물로 되돌린다.,정수와 재이용,[],0,"[{""capability"":0,""requiredCount"":2},{""capability"":3,""requiredCount"":1},{""capability"":6,""requiredCount"":1}]",3,16,ResearchField,Water And Sanitation,explicit-serialized,"{""fileID"":0}",7197,0,ResearchPrerequisiteKind,Theory,implicit-csharp-default,plumbing_reuse,1,"[{""kind"":2,""prerequisite"":{""fileID"":11400000,""guid"":""fc08c2ecdc5e40b49a2513a1eb3385bf"",""type"":2},""prerequisiteId"":""research:pharmacology:distillation"",""reason"":""증류의 공학 원리이(가) 정수와 재이용 구현에 직접 필요하다.""},{""kind"":2,""prerequisite"":{""fileID"":11400000,""guid"":""e8304218a91814b44bbdc6fb4d4705b2"",""type"":2},""prerequisiteId"":""research:plumbing:sewer"",""reason"":""하수 처리와 수세 위생의 공학 원리이(가) 정수와 재이용 구현에 직접 필요하다.""}]",2,"[{""fileID"":11400000,""guid"":""fc08c2ecdc5e40b49a2513a1eb3385bf"",""type"":2},{""fileID"":11400000,""guid"":""e8304218a91814b44bbdc6fb4d4705b2"",""type"":2}]",2,research:plumbing:reuse,115,"{""items"":[{""rid"":7737212199327498661}]}"
research-effects,ResearchProjectSO,ResearchProjectSO|research:plumbing:rune-purification,research:plumbing:rune-purification,룬 정화 순환,마나와 룬으로 폐수 손실을 줄인 고효율 순환망을 만든다.,분야 16; 작업 153; 선행 4; 해금 1; 시설 요구 3; 효과 0,prerequisite:research:industry:mana-power; prerequisite:research:industry:mana-power; prerequisite:research:industry:mana-power; prerequisite:research:plumbing:reuse; prerequisite:research:plumbing:reuse; prerequisite:research:plumbing:reuse; unlocks-building:building:9822,진행 역할은 '마나와 룬으로 폐수 손실을 줄인 고효율 순환망을 만든다'이다. 선행 4개와 해금 1개를 연구 그래프에 연결한다.,research-topology-and-unlocks,근거 확인,,active-authored,Assets/Resources/SO/Content/GameDomainContentCatalog.asset; Assets/Resources/SO/GameContentCatalog.asset,catalog-registered-static-consumer,Assets/Scripts/Services/Effects/Runtime/CharacterDerivedStatsSnapshot.cs; Assets/Scripts/Services/Infrastructure/BlueprintResearchContracts.cs; Assets/Scripts/Services/Infrastructure/BlueprintResearchProjectCoordinator.cs; Assets/Scripts/Services/Infrastructure/BlueprintResearchRuntime.cs; Assets/Scripts/Services/Infrastructure/BlueprintResearchRuntimeProvider.cs; Assets/Scripts/Services/Infrastructure/BlueprintResearchSaveSection.cs; Assets/Scripts/Services/Infrastructure/ResearchCraftingSummaryService.cs; Assets/Scripts/Services/Infrastructure/ResearchFacilityCapacityAdapter.cs; Assets/Scripts/Services/Infrastructure/ResearchGraphLayoutService.cs; Assets/Scripts/Services/Infrastructure/ResearchProjectCatalogAdapter.cs; Assets/Scripts/Services/Infrastructure/ResearchRewardCatalogAdapter.cs; Assets/Scripts/Services/Run/FirstRunObjectiveRuntime.cs,Assets/Scripts/Services/Infrastructure/BlueprintResearchContracts.cs; Assets/Scripts/Services/Infrastructure/BlueprintResearchRuntime.cs; Assets/Scripts/Services/Infrastructure/BlueprintResearchSaveSection.cs; Assets/Scripts/Services/Infrastructure/ResearchCraftingSummaryService.cs; Assets/Scripts/Services/Run/FirstRunObjectiveRuntime.cs; Assets/Scripts/Services/Run/V20MilestoneWorldSnapshotProjector.cs; Assets/Scripts/Views/UI/ResearchTreeWindow.cs,1,ProductionRecipeSO,진행 역할은 '마나와 룬으로 폐수 손실을 줄인 고효율 순환망을 만든다'이다. 선행 4개와 해금 1개를 연구 그래프에 연결한다.,연구 분야 16의 선행·해금 그래프에서 진행 경계를 만든다.,requiredWork=153,research-field:16,"비교 후보(대체 가능성 미검증): ResearchProjectSO:research:bath-business, ResearchProjectSO:research:plumbing:basics, ResearchProjectSO:research:plumbing:reuse, ResearchProjectSO:research:plumbing:sewer",직접 참조 1건에 영향: ProductionRecipeSO:recipe:component:rune-purification-crystal,research-topology-and-unlocks; niche=field+prerequisites+unlocks; cost=requiredWork,Assets/Resources/SO/Research/Projects/plumbing_rune_purification.asset,4c5bb648708e35746b90c496e58e4c60,"{""fileID"":0}",0,ResearchBlueprintRule,None,explicit-serialized,마나와 룬으로 폐수 손실을 줄인 고효율 순환망을 만든다.,룬 정화 순환,[],0,"[{""capability"":0,""requiredCount"":2},{""capability"":3,""requiredCount"":1},{""capability"":6,""requiredCount"":1}]",3,16,ResearchField,Water And Sanitation,explicit-serialized,"{""fileID"":0}",7198,0,ResearchPrerequisiteKind,Theory,implicit-csharp-default,plumbing_rune_purification,1,"[{""kind"":2,""prerequisite"":{""fileID"":11400000,""guid"":""4b3074860ed56d9429b554e903f0d8e7"",""type"":2},""prerequisiteId"":""research:industry:mana-power"",""reason"":""마나 동력과 룬 전력망의 공학 원리이(가) 룬 정화 순환 구현에 직접 필요하다.""},{""kind"":2,""prerequisite"":{""fileID"":11400000,""guid"":""2b9e3ae10f111c442a6bc0906d3f5072"",""type"":2},""prerequisiteId"":""research:plumbing:reuse"",""reason"":""정수와 재이용의 공학 원리이(가) 룬 정화 순환 구현에 직접 필요하다.""}]",2,"[{""fileID"":11400000,""guid"":""4b3074860ed56d9429b554e903f0d8e7"",""type"":2},{""fileID"":11400000,""guid"":""2b9e3ae10f111c442a6bc0906d3f5072"",""type"":2}]",2,research:plumbing:rune-purification,153,"{""items"":[{""rid"":7737212199327498662}]}"
research-effects,ResearchProjectSO,ResearchProjectSO|research:plumbing:sewer,research:plumbing:sewer,하수 처리와 수세 위생,"하수 처리와 수세 위생에 필요한 이론, 제작 절차, 안전 기준과 운용 보상을 하나의 완결된 연구 패키지로 통합한다.",분야 16; 작업 228; 선행 6; 해금 4; 시설 요구 3; 효과 0,prerequisite:research:agriculture:compost; prerequisite:research:agriculture:compost; prerequisite:research:agriculture:compost; prerequisite:research:plumbing:basics; prerequisite:research:plumbing:basics; prerequisite:research:plumbing:basics; prerequisite:research:survival:support; prerequisite:research:survival:support; prerequisite:research:survival:support; unlocks-building:building:9803; unlocks-building:building:9818; unlocks-building:building:9820; unlocks-building:building:9823,"진행 역할은 '하수 처리와 수세 위생에 필요한 이론, 제작 절차, 안전 기준과 운용 보상을 하나의 완결된 연구 패키지로 통합한다'이다. 선행 6개와 해금 4개를 연구 그래프에 연결한다.",research-topology-and-unlocks,근거 확인,,active-authored,Assets/Resources/SO/Content/GameDomainContentCatalog.asset; Assets/Resources/SO/GameContentCatalog.asset,catalog-registered-static-consumer,Assets/Scripts/Services/Effects/Runtime/CharacterDerivedStatsSnapshot.cs; Assets/Scripts/Services/Infrastructure/BlueprintResearchContracts.cs; Assets/Scripts/Services/Infrastructure/BlueprintResearchProjectCoordinator.cs; Assets/Scripts/Services/Infrastructure/BlueprintResearchRuntime.cs; Assets/Scripts/Services/Infrastructure/BlueprintResearchRuntimeProvider.cs; Assets/Scripts/Services/Infrastructure/BlueprintResearchSaveSection.cs; Assets/Scripts/Services/Infrastructure/ResearchCraftingSummaryService.cs; Assets/Scripts/Services/Infrastructure/ResearchFacilityCapacityAdapter.cs; Assets/Scripts/Services/Infrastructure/ResearchGraphLayoutService.cs; Assets/Scripts/Services/Infrastructure/ResearchProjectCatalogAdapter.cs; Assets/Scripts/Services/Infrastructure/ResearchRewardCatalogAdapter.cs; Assets/Scripts/Services/Run/FirstRunObjectiveRuntime.cs,Assets/Scripts/Services/Infrastructure/BlueprintResearchContracts.cs; Assets/Scripts/Services/Infrastructure/BlueprintResearchRuntime.cs; Assets/Scripts/Services/Infrastructure/BlueprintResearchSaveSection.cs; Assets/Scripts/Services/Infrastructure/ResearchCraftingSummaryService.cs; Assets/Scripts/Services/Run/FirstRunObjectiveRuntime.cs; Assets/Scripts/Services/Run/V20MilestoneWorldSnapshotProjector.cs; Assets/Scripts/Views/UI/ResearchTreeWindow.cs,18,ResearchProjectSO,"진행 역할은 '하수 처리와 수세 위생에 필요한 이론, 제작 절차, 안전 기준과 운용 보상을 하나의 완결된 연구 패키지로 통합한다'이다. 선행 6개와 해금 4개를 연구 그래프에 연결한다.",연구 분야 16의 선행·해금 그래프에서 진행 경계를 만든다.,requiredWork=228,research-field:16,"비교 후보(대체 가능성 미검증): ResearchProjectSO:research:bath-business, ResearchProjectSO:research:plumbing:basics, ResearchProjectSO:research:plumbing:reuse, ResearchProjectSO:research:plumbing:rune-purification","직접 참조 18건에 영향: ResearchProjectSO:research:cuisine:controlled-fermentation, ResearchProjectSO:research:cuisine:kitchen-hygiene, ResearchProjectSO:research:health:isolation-medicine, ResearchProjectSO:research:industry:automatic-sanitation, ResearchProjectSO:research:medical:geriatric-medicine, ResearchProjectSO:research:plumbing:reuse",research-topology-and-unlocks; niche=field+prerequisites+unlocks; cost=requiredWork,Assets/Resources/SO/Research/Projects/plumbing_sewer.asset,e8304218a91814b44bbdc6fb4d4705b2,"{""fileID"":0}",0,ResearchBlueprintRule,None,explicit-serialized,"하수 처리와 수세 위생에 필요한 이론, 제작 절차, 안전 기준과 운용 보상을 하나의 완결된 연구 패키지로 통합한다.",하수 처리와 수세 위생,[],0,"[{""capability"":0,""requiredCount"":2},{""capability"":3,""requiredCount"":1},{""capability"":6,""requiredCount"":1}]",3,16,ResearchField,Water And Sanitation,explicit-serialized,"{""fileID"":0}",7195,0,ResearchPrerequisiteKind,Theory,implicit-csharp-default,plumbing_sewer,1,"[{""kind"":2,""prerequisite"":{""fileID"":11400000,""guid"":""d7600d92baff8d94d95c73c967471b72"",""type"":2},""prerequisiteId"":""research:agriculture:compost"",""reason"":""퇴비·윤작의 공학 원리이(가) 하수 처리와 수세 위생 구현에 직접 필요하다.""},{""kind"":2,""prerequisite"":{""fileID"":11400000,""guid"":""ced79e3bcdd00964f8eef3f30ff1946d"",""type"":2},""prerequisiteId"":""research:plumbing:basics"",""reason"":""기초 배관과 펌프 급수의 공학 원리이(가) 하수 처리와 수세 위생 구현에 직접 필요하다.""},{""kind"":2,""prerequisite"":{""fileID"":11400000,""guid"":""c842252eac7214149b538f1308162eac"",""type"":2},""prerequisiteId"":""research:survival:support"",""reason"":""생활 지원의 공학 원리이(가) 하수 처리와 수세 위생 구현에 직접 필요하다.""}]",3,"[{""fileID"":11400000,""guid"":""d7600d92baff8d94d95c73c967471b72"",""type"":2},{""fileID"":11400000,""guid"":""ced79e3bcdd00964f8eef3f30ff1946d"",""type"":2},{""fileID"":11400000,""guid"":""c842252eac7214149b538f1308162eac"",""type"":2}]",3,research:plumbing:sewer,228,"{""items"":[{""rid"":7737212199327498663},{""rid"":7737212199327498664},{""rid"":7737212199327498665},{""rid"":7737212199327498666}]}"
research-effects,ResearchProjectSO,ResearchProjectSO|research:service-automation,research:service-automation,서비스 자동화,자동 계산·순번·보온·객실 배정 장치로 직원 부담을 줄인다.,분야 15; 작업 328; 선행 8; 해금 7; 시설 요구 3; 효과 0,prerequisite:research:bath-business; prerequisite:research:bath-business; prerequisite:research:bath-business; prerequisite:research:hospitality-operations; prerequisite:research:hospitality-operations; prerequisite:research:hospitality-operations; prerequisite:research:industry:steam-power; prerequisite:research:industry:steam-power; prerequisite:research:industry:steam-power; prerequisite:research:medical-reception; prerequisite:research:medical-reception; prerequisite:research:medical-reception; unlocks-building:building:1704; unlocks-building:building:1705; unlocks-building:building:1706; unlocks-building:building:1707; unlocks-building:building:1708; unlocks-building:building:1714; unlocks-building:building:1715,진행 역할은 '자동 계산·순번·보온·객실 배정 장치로 직원 부담을 줄인다'이다. 선행 8개와 해금 7개를 연구 그래프에 연결한다.,research-topology-and-unlocks,근거 확인,,active-authored,Assets/Resources/SO/Content/GameDomainContentCatalog.asset; Assets/Resources/SO/GameContentCatalog.asset,catalog-registered-static-consumer,Assets/Scripts/Models/CoreSession/ServiceSessionContracts.cs; Assets/Scripts/Services/Effects/Runtime/CharacterDerivedStatsSnapshot.cs; Assets/Scripts/Services/Infrastructure/BlueprintResearchContracts.cs; Assets/Scripts/Services/Infrastructure/BlueprintResearchProjectCoordinator.cs; Assets/Scripts/Services/Infrastructure/BlueprintResearchRuntime.cs; Assets/Scripts/Services/Infrastructure/BlueprintResearchRuntimeProvider.cs; Assets/Scripts/Services/Infrastructure/BlueprintResearchSaveSection.cs; Assets/Scripts/Services/Infrastructure/ResearchCraftingSummaryService.cs; Assets/Scripts/Services/Infrastructure/ResearchFacilityCapacityAdapter.cs; Assets/Scripts/Services/Infrastructure/ResearchGraphLayoutService.cs; Assets/Scripts/Services/Infrastructure/ResearchProjectCatalogAdapter.cs; Assets/Scripts/Services/Infrastructure/ResearchRewardCatalogAdapter.cs,Assets/Scripts/Services/Infrastructure/BlueprintResearchContracts.cs; Assets/Scripts/Services/Infrastructure/BlueprintResearchRuntime.cs; Assets/Scripts/Services/Infrastructure/BlueprintResearchSaveSection.cs; Assets/Scripts/Services/Infrastructure/ResearchCraftingSummaryService.cs; Assets/Scripts/Services/Run/FirstRunObjectiveRuntime.cs; Assets/Scripts/Services/Run/V20MilestoneWorldSnapshotProjector.cs; Assets/Scripts/Views/UI/ResearchTreeWindow.cs,0,,진행 역할은 '자동 계산·순번·보온·객실 배정 장치로 직원 부담을 줄인다'이다. 선행 8개와 해금 7개를 연구 그래프에 연결한다.,연구 분야 15의 선행·해금 그래프에서 진행 경계를 만든다.,requiredWork=328,research-field:15,"비교 후보(대체 가능성 미검증): ResearchProjectSO:research:climate:environment-control, ResearchProjectSO:research:equipment:black-powder, ResearchProjectSO:research:equipment:ignition-mechanisms, ResearchProjectSO:research:equipment:industrial-metrology, ResearchProjectSO:research:equipment:material-testing, ResearchProjectSO:research:equipment:modular-frames, ResearchProjectSO:research:equipment:powered-armor, ResearchProjectSO:research:equipment:precision-fitting, ResearchProjectSO:research:equipment:pressure-barrels, ResearchProjectSO:research:equipment:prototype-engineering, ResearchProjectSO:research:equipment:rune-module-tuning, ResearchProjectSO:research:equipment:standard-ammunition 외 18개",정적 콘텐츠 역참조는 확인되지 않음; 런타임 직접 조회와 설계상 공백은 별도 검증 필요,research-topology-and-unlocks; niche=field+prerequisites+unlocks; cost=requiredWork,Assets/Resources/SO/Research/Projects/service_automation.asset,c0d83d9b22695e647ae6539ae8984847,"{""fileID"":0}",0,ResearchBlueprintRule,None,explicit-serialized,자동 계산·순번·보온·객실 배정 장치로 직원 부담을 줄인다.,서비스 자동화,[],0,"[{""capability"":0,""requiredCount"":2},{""capability"":3,""requiredCount"":1},{""capability"":6,""requiredCount"":1}]",3,15,ResearchField,Industry And Automation,explicit-serialized,"{""fileID"":0}",7019,0,ResearchPrerequisiteKind,Theory,implicit-csharp-default,service_automation,1,"[{""kind"":2,""prerequisite"":{""fileID"":11400000,""guid"":""464827d49a6d4654f8c5bf76b8816dc9"",""type"":2},""prerequisiteId"":""research:bath-business"",""reason"":""목욕 영업의 공학 원리이(가) 서비스 자동화 구현에 직접 필요하다.""},{""kind"":2,""prerequisite"":{""fileID"":11400000,""guid"":""f115c236ee997ae4c849fb7b1fc8409b"",""type"":2},""prerequisiteId"":""research:hospitality-operations"",""reason"":""환대 운영의 공학 원리이(가) 서비스 자동화 구현에 직접 필요하다.""},{""kind"":2,""prerequisite"":{""fileID"":11400000,""guid"":""4ee2df589417d314295a42c252406053"",""type"":2},""prerequisiteId"":""research:industry:steam-power"",""reason"":""증기 동력과 배전의 공학 원리이(가) 서비스 자동화 구현에 직접 필요하다.""},{""kind"":2,""prerequisite"":{""fileID"":11400000,""guid"":""dd2109148e59a2244a05b77b4681c17b"",""type"":2},""prerequisiteId"":""research:medical-reception"",""reason"":""의료 접수의 공학 원리이(가) 서비스 자동화 구현에 직접 필요하다.""}]",4,"[{""fileID"":11400000,""guid"":""464827d49a6d4654f8c5bf76b8816dc9"",""type"":2},{""fileID"":11400000,""guid"":""f115c236ee997ae4c849fb7b1fc8409b"",""type"":2},{""fileID"":11400000,""guid"":""4ee2df589417d314295a42c252406053"",""type"":2},{""fileID"":11400000,""guid"":""dd2109148e59a2244a05b77b4681c17b"",""type"":2}]",4,research:service-automation,328,"{""items"":[{""rid"":7737212199327498667},{""rid"":7737212199327498668},{""rid"":7737212199327498669},{""rid"":7737212199327498670},{""rid"":7737212199327498671},{""rid"":7737212199327498672},{""rid"":7737212199327498673}]}"
research-effects,ResearchProjectSO,ResearchProjectSO|research:service-flow,research:service-flow,서비스 동선,간이 서비스를 접수·대기·이용·결제로 나누어 관리형으로 운영한다.,분야 1; 작업 28; 선행 2; 해금 3; 시설 요구 1; 효과 0,prerequisite:research:commerce:logistics; prerequisite:research:commerce:logistics; prerequisite:research:commerce:logistics; unlocks-building:building:1703; unlocks-building:building:1712; unlocks-building:building:1713,진행 역할은 '간이 서비스를 접수·대기·이용·결제로 나누어 관리형으로 운영한다'이다. 선행 2개와 해금 3개를 연구 그래프에 연결한다.,research-topology-and-unlocks,근거 확인,,active-authored,Assets/Resources/SO/Content/GameDomainContentCatalog.asset; Assets/Resources/SO/GameContentCatalog.asset,catalog-registered-static-consumer,Assets/Scripts/Models/CoreSession/ServiceSessionContracts.cs; Assets/Scripts/Services/Effects/Runtime/CharacterDerivedStatsSnapshot.cs; Assets/Scripts/Services/Infrastructure/BlueprintResearchContracts.cs; Assets/Scripts/Services/Infrastructure/BlueprintResearchProjectCoordinator.cs; Assets/Scripts/Services/Infrastructure/BlueprintResearchRuntime.cs; Assets/Scripts/Services/Infrastructure/BlueprintResearchRuntimeProvider.cs; Assets/Scripts/Services/Infrastructure/BlueprintResearchSaveSection.cs; Assets/Scripts/Services/Infrastructure/ResearchCraftingSummaryService.cs; Assets/Scripts/Services/Infrastructure/ResearchFacilityCapacityAdapter.cs; Assets/Scripts/Services/Infrastructure/ResearchGraphLayoutService.cs; Assets/Scripts/Services/Infrastructure/ResearchProjectCatalogAdapter.cs; Assets/Scripts/Services/Infrastructure/ResearchRewardCatalogAdapter.cs,Assets/Scripts/Services/Infrastructure/BlueprintResearchContracts.cs; Assets/Scripts/Services/Infrastructure/BlueprintResearchRuntime.cs; Assets/Scripts/Services/Infrastructure/BlueprintResearchSaveSection.cs; Assets/Scripts/Services/Infrastructure/ResearchCraftingSummaryService.cs; Assets/Scripts/Services/Run/FirstRunObjectiveRuntime.cs; Assets/Scripts/Services/Run/V20MilestoneWorldSnapshotProjector.cs; Assets/Scripts/Views/UI/ResearchTreeWindow.cs,12,ResearchProjectSO,진행 역할은 '간이 서비스를 접수·대기·이용·결제로 나누어 관리형으로 운영한다'이다. 선행 2개와 해금 3개를 연구 그래프에 연결한다.,연구 분야 1의 선행·해금 그래프에서 진행 경계를 만든다.,requiredWork=28,research-field:1,"비교 후보(대체 가능성 미검증): ResearchProjectSO:research:commerce:expansion, ResearchProjectSO:research:commerce:logistics, ResearchProjectSO:research:commerce:retail, ResearchProjectSO:research:commerce:secure-trade, ResearchProjectSO:research:equipment:bowyery, ResearchProjectSO:research:equipment:weapon-patterns, ResearchProjectSO:research:service:dining-operations","직접 참조 12건에 영향: ResearchProjectSO:research:bath-business, ResearchProjectSO:research:hospitality-operations, ResearchProjectSO:research:medical-reception, ResearchProjectSO:research:service:dining-operations",research-topology-and-unlocks; niche=field+prerequisites+unlocks; cost=requiredWork,Assets/Resources/SO/Research/Projects/service_flow.asset,95417a94ca080a740b183c0ab32898cc,"{""fileID"":0}",0,ResearchBlueprintRule,None,explicit-serialized,간이 서비스를 접수·대기·이용·결제로 나누어 관리형으로 운영한다.,서비스 동선,[],0,"[{""capability"":0,""requiredCount"":1}]",1,1,ResearchField,Commerce And Craft,explicit-serialized,"{""fileID"":0}",7015,0,ResearchPrerequisiteKind,Theory,implicit-csharp-default,service_flow,1,"[{""kind"":4,""prerequisite"":{""fileID"":11400000,""guid"":""b3b38e91925a91943b4303ee3edc9533"",""type"":2},""prerequisiteId"":""research:commerce:logistics"",""reason"":""창고 구획의 운용 절차이(가) 서비스 동선 구현에 직접 필요하다.""}]",1,"[{""fileID"":11400000,""guid"":""b3b38e91925a91943b4303ee3edc9533"",""type"":2}]",1,research:service-flow,28,"{""items"":[{""rid"":7737212199327498675},{""rid"":7737212199327498676},{""rid"":7737212199327498677}]}"
research-effects,ResearchProjectSO,ResearchProjectSO|research:service:dining-operations,research:service:dining-operations,식당 운영학,"배식과 좌석 회전, 위생 점검을 하나의 서비스 작업으로 표준화한다.",분야 1; 작업 84; 선행 4; 해금 1; 시설 요구 2; 효과 0,prerequisite:research:cuisine:livestock; prerequisite:research:cuisine:livestock; prerequisite:research:cuisine:livestock; prerequisite:research:service-flow; prerequisite:research:service-flow; prerequisite:research:service-flow; unlocks-building:building:8848,"진행 역할은 '배식과 좌석 회전, 위생 점검을 하나의 서비스 작업으로 표준화한다'이다. 선행 4개와 해금 1개를 연구 그래프에 연결한다.",research-topology-and-unlocks,근거 확인,,active-authored,Assets/Resources/SO/Content/GameDomainContentCatalog.asset; Assets/Resources/SO/GameContentCatalog.asset,catalog-registered-static-consumer,Assets/Scripts/Services/Effects/Runtime/CharacterDerivedStatsSnapshot.cs; Assets/Scripts/Services/Infrastructure/BlueprintResearchContracts.cs; Assets/Scripts/Services/Infrastructure/BlueprintResearchProjectCoordinator.cs; Assets/Scripts/Services/Infrastructure/BlueprintResearchRuntime.cs; Assets/Scripts/Services/Infrastructure/BlueprintResearchRuntimeProvider.cs; Assets/Scripts/Services/Infrastructure/BlueprintResearchSaveSection.cs; Assets/Scripts/Services/Infrastructure/ResearchCraftingSummaryService.cs; Assets/Scripts/Services/Infrastructure/ResearchFacilityCapacityAdapter.cs; Assets/Scripts/Services/Infrastructure/ResearchGraphLayoutService.cs; Assets/Scripts/Services/Infrastructure/ResearchProjectCatalogAdapter.cs; Assets/Scripts/Services/Infrastructure/ResearchRewardCatalogAdapter.cs; Assets/Scripts/Services/Run/FirstRunObjectiveRuntime.cs,Assets/Scripts/Services/Infrastructure/BlueprintResearchContracts.cs; Assets/Scripts/Services/Infrastructure/BlueprintResearchRuntime.cs; Assets/Scripts/Services/Infrastructure/BlueprintResearchSaveSection.cs; Assets/Scripts/Services/Infrastructure/ResearchCraftingSummaryService.cs; Assets/Scripts/Services/Run/FirstRunObjectiveRuntime.cs; Assets/Scripts/Services/Run/V20MilestoneWorldSnapshotProjector.cs; Assets/Scripts/Views/UI/ResearchTreeWindow.cs,1,ProductionRecipeSO,"진행 역할은 '배식과 좌석 회전, 위생 점검을 하나의 서비스 작업으로 표준화한다'이다. 선행 4개와 해금 1개를 연구 그래프에 연결한다.",연구 분야 1의 선행·해금 그래프에서 진행 경계를 만든다.,requiredWork=84,research-field:1,"비교 후보(대체 가능성 미검증): ResearchProjectSO:research:commerce:expansion, ResearchProjectSO:research:commerce:logistics, ResearchProjectSO:research:commerce:retail, ResearchProjectSO:research:commerce:secure-trade, ResearchProjectSO:research:equipment:bowyery, ResearchProjectSO:research:equipment:weapon-patterns, ResearchProjectSO:research:service-flow",직접 참조 1건에 영향: ProductionRecipeSO:recipe:tool:banquet-cart,research-topology-and-unlocks; niche=field+prerequisites+unlocks; cost=requiredWork,Assets/Resources/SO/Research/Projects/service_dining_operations.asset,73753b12f84700248be5a17b8fbb7a41,"{""fileID"":0}",0,ResearchBlueprintRule,None,explicit-serialized,"배식과 좌석 회전, 위생 점검을 하나의 서비스 작업으로 표준화한다.",식당 운영학,[],0,"[{""capability"":0,""requiredCount"":1},{""capability"":3,""requiredCount"":1}]",2,1,ResearchField,Commerce And Craft,explicit-serialized,"{""fileID"":0}",7221,0,ResearchPrerequisiteKind,Theory,implicit-csharp-default,service_dining_operations,1,"[{""kind"":1,""prerequisite"":{""fileID"":11400000,""guid"":""360e4db2acac324488cd14391e8378e1"",""type"":2},""prerequisiteId"":""research:cuisine:livestock"",""reason"":""축산 조리의 제작 기법이(가) 식당 운영학 구현에 직접 필요하다.""},{""kind"":4,""prerequisite"":{""fileID"":11400000,""guid"":""95417a94ca080a740b183c0ab32898cc"",""type"":2},""prerequisiteId"":""research:service-flow"",""reason"":""서비스 동선의 운용 절차이(가) 식당 운영학 구현에 직접 필요하다.""}]",2,"[{""fileID"":11400000,""guid"":""360e4db2acac324488cd14391e8378e1"",""type"":2},{""fileID"":11400000,""guid"":""95417a94ca080a740b183c0ab32898cc"",""type"":2}]",2,research:service:dining-operations,84,"{""items"":[{""rid"":7737212199327498674}]}"
research-effects,ResearchProjectSO,ResearchProjectSO|research:society:career-records,research:society:career-records,경력 기록,가구와 집무 기록으로 역할·등급·직위 변화를 보존한다.,분야 5; 작업 115; 선행 4; 해금 1; 시설 요구 2; 효과 0,prerequisite:research:authority:office; prerequisite:research:authority:office; prerequisite:research:authority:office; prerequisite:research:society:household-records; prerequisite:research:society:household-records; prerequisite:research:society:household-records; unlocks-building:building:8894,진행 역할은 '가구와 집무 기록으로 역할·등급·직위 변화를 보존한다'이다. 선행 4개와 해금 1개를 연구 그래프에 연결한다.,research-topology-and-unlocks,근거 확인,,active-authored,Assets/Resources/SO/Content/GameDomainContentCatalog.asset; Assets/Resources/SO/GameContentCatalog.asset,catalog-registered-static-consumer,Assets/Scripts/Services/Effects/Runtime/CharacterDerivedStatsSnapshot.cs; Assets/Scripts/Services/Infrastructure/BlueprintResearchContracts.cs; Assets/Scripts/Services/Infrastructure/BlueprintResearchProjectCoordinator.cs; Assets/Scripts/Services/Infrastructure/BlueprintResearchRuntime.cs; Assets/Scripts/Services/Infrastructure/BlueprintResearchRuntimeProvider.cs; Assets/Scripts/Services/Infrastructure/BlueprintResearchSaveSection.cs; Assets/Scripts/Services/Infrastructure/ResearchCraftingSummaryService.cs; Assets/Scripts/Services/Infrastructure/ResearchFacilityCapacityAdapter.cs; Assets/Scripts/Services/Infrastructure/ResearchGraphLayoutService.cs; Assets/Scripts/Services/Infrastructure/ResearchProjectCatalogAdapter.cs; Assets/Scripts/Services/Infrastructure/ResearchRewardCatalogAdapter.cs; Assets/Scripts/Services/Run/FirstRunObjectiveRuntime.cs,Assets/Scripts/Services/Infrastructure/BlueprintResearchContracts.cs; Assets/Scripts/Services/Infrastructure/BlueprintResearchRuntime.cs; Assets/Scripts/Services/Infrastructure/BlueprintResearchSaveSection.cs; Assets/Scripts/Services/Infrastructure/ResearchCraftingSummaryService.cs; Assets/Scripts/Services/Run/FirstRunObjectiveRuntime.cs; Assets/Scripts/Services/Run/V20MilestoneWorldSnapshotProjector.cs; Assets/Scripts/Views/UI/ResearchTreeWindow.cs,4,ProductionRecipeSO; ResearchProjectSO,진행 역할은 '가구와 집무 기록으로 역할·등급·직위 변화를 보존한다'이다. 선행 4개와 해금 1개를 연구 그래프에 연결한다.,연구 분야 5의 선행·해금 그래프에서 진행 경계를 만든다.,requiredWork=115,research-field:5,"비교 후보(대체 가능성 미검증): ResearchProjectSO:research:authority:office, ResearchProjectSO:research:authority:prestige, ResearchProjectSO:research:authority:quarters, ResearchProjectSO:research:authority:ritual, ResearchProjectSO:research:hospitality-operations, ResearchProjectSO:research:housing:room-assignment, ResearchProjectSO:research:society:child-education, ResearchProjectSO:research:society:generation-management, ResearchProjectSO:research:society:household-records, ResearchProjectSO:research:society:retirement","직접 참조 4건에 영향: ProductionRecipeSO:recipe:record:career-ledger, ResearchProjectSO:research:society:retirement",research-topology-and-unlocks; niche=field+prerequisites+unlocks; cost=requiredWork,Assets/Resources/SO/Research/Projects/society_career_records.asset,ede5bf7330f463c43a516178f7b01fc7,"{""fileID"":0}",0,ResearchBlueprintRule,None,explicit-serialized,가구와 집무 기록으로 역할·등급·직위 변화를 보존한다.,경력 기록,[],0,"[{""capability"":0,""requiredCount"":1},{""capability"":1,""requiredCount"":1}]",2,5,ResearchField,Authority And Housing,explicit-serialized,"{""fileID"":0}",7293,0,ResearchPrerequisiteKind,Theory,implicit-csharp-default,society_career_records,1,"[{""kind"":2,""prerequisite"":{""fileID"":11400000,""guid"":""88950de57b4caed4f96bf046b4a6798f"",""type"":2},""prerequisiteId"":""research:authority:office"",""reason"":""영주 집무의 공학 원리이(가) 경력 기록 구현에 직접 필요하다.""},{""kind"":0,""prerequisite"":{""fileID"":11400000,""guid"":""0e987e63f3ceb724aa404607804069ad"",""type"":2},""prerequisiteId"":""research:society:household-records"",""reason"":""가구 기록과 영아 돌봄의 이론이(가) 경력 기록 구현에 직접 필요하다.""}]",2,"[{""fileID"":11400000,""guid"":""88950de57b4caed4f96bf046b4a6798f"",""type"":2},{""fileID"":11400000,""guid"":""0e987e63f3ceb724aa404607804069ad"",""type"":2}]",2,research:society:career-records,115,"{""items"":[{""rid"":7737212199327498678}]}"
research-effects,ResearchProjectSO,ResearchProjectSO|research:society:child-education,research:society:child-education,아동 교육과 도제 제도,"아동 교육과 도제 제도에 필요한 이론, 제작 절차, 안전 기준과 운용 보상을 하나의 완결된 연구 패키지로 통합한다.",분야 5; 작업 408; 선행 4; 해금 2; 시설 요구 2; 효과 0,prerequisite:research:industry:powered-tools; prerequisite:research:industry:powered-tools; prerequisite:research:industry:powered-tools; prerequisite:research:society:household-records; prerequisite:research:society:household-records; prerequisite:research:society:household-records; unlocks-building:building:8860; unlocks-building:building:8861,"진행 역할은 '아동 교육과 도제 제도에 필요한 이론, 제작 절차, 안전 기준과 운용 보상을 하나의 완결된 연구 패키지로 통합한다'이다. 선행 4개와 해금 2개를 연구 그래프에 연결한다.",research-topology-and-unlocks,근거 확인,,active-authored,Assets/Resources/SO/Content/GameDomainContentCatalog.asset; Assets/Resources/SO/GameContentCatalog.asset,catalog-registered-static-consumer,Assets/Scripts/Services/Effects/Runtime/CharacterDerivedStatsSnapshot.cs; Assets/Scripts/Services/Infrastructure/BlueprintResearchContracts.cs; Assets/Scripts/Services/Infrastructure/BlueprintResearchProjectCoordinator.cs; Assets/Scripts/Services/Infrastructure/BlueprintResearchRuntime.cs; Assets/Scripts/Services/Infrastructure/BlueprintResearchRuntimeProvider.cs; Assets/Scripts/Services/Infrastructure/BlueprintResearchSaveSection.cs; Assets/Scripts/Services/Infrastructure/ResearchCraftingSummaryService.cs; Assets/Scripts/Services/Infrastructure/ResearchFacilityCapacityAdapter.cs; Assets/Scripts/Services/Infrastructure/ResearchGraphLayoutService.cs; Assets/Scripts/Services/Infrastructure/ResearchProjectCatalogAdapter.cs; Assets/Scripts/Services/Infrastructure/ResearchRewardCatalogAdapter.cs; Assets/Scripts/Services/Run/FirstRunObjectiveRuntime.cs,Assets/Scripts/Services/Infrastructure/BlueprintResearchContracts.cs; Assets/Scripts/Services/Infrastructure/BlueprintResearchRuntime.cs; Assets/Scripts/Services/Infrastructure/BlueprintResearchSaveSection.cs; Assets/Scripts/Services/Infrastructure/ResearchCraftingSummaryService.cs; Assets/Scripts/Services/Run/FirstRunObjectiveRuntime.cs; Assets/Scripts/Services/Run/V20MilestoneWorldSnapshotProjector.cs; Assets/Scripts/Views/UI/ResearchTreeWindow.cs,3,ResearchProjectSO,"진행 역할은 '아동 교육과 도제 제도에 필요한 이론, 제작 절차, 안전 기준과 운용 보상을 하나의 완결된 연구 패키지로 통합한다'이다. 선행 4개와 해금 2개를 연구 그래프에 연결한다.",연구 분야 5의 선행·해금 그래프에서 진행 경계를 만든다.,requiredWork=408,research-field:5,"비교 후보(대체 가능성 미검증): ResearchProjectSO:research:authority:office, ResearchProjectSO:research:authority:prestige, ResearchProjectSO:research:authority:quarters, ResearchProjectSO:research:authority:ritual, ResearchProjectSO:research:hospitality-operations, ResearchProjectSO:research:housing:room-assignment, ResearchProjectSO:research:society:career-records, ResearchProjectSO:research:society:generation-management, ResearchProjectSO:research:society:household-records, ResearchProjectSO:research:society:retirement",직접 참조 3건에 영향: ResearchProjectSO:research:society:generation-management,research-topology-and-unlocks; niche=field+prerequisites+unlocks; cost=requiredWork,Assets/Resources/SO/Research/Projects/society_child_education.asset,de7e3fd13a5a05348a3597a9fd2ba2d7,"{""fileID"":0}",0,ResearchBlueprintRule,None,explicit-serialized,"아동 교육과 도제 제도에 필요한 이론, 제작 절차, 안전 기준과 운용 보상을 하나의 완결된 연구 패키지로 통합한다.",아동 교육과 도제 제도,[],0,"[{""capability"":0,""requiredCount"":1},{""capability"":1,""requiredCount"":1}]",2,5,ResearchField,Authority And Housing,explicit-serialized,"{""fileID"":0}",7259,0,ResearchPrerequisiteKind,Theory,implicit-csharp-default,society_child_education,1,"[{""kind"":2,""prerequisite"":{""fileID"":11400000,""guid"":""267e6f558200e604ba61f34e665242b2"",""type"":2},""prerequisiteId"":""research:industry:powered-tools"",""reason"":""공장 공학의 공학 원리이(가) 아동 교육과 도제 제도 구현에 직접 필요하다.""},{""kind"":0,""prerequisite"":{""fileID"":11400000,""guid"":""0e987e63f3ceb724aa404607804069ad"",""type"":2},""prerequisiteId"":""research:society:household-records"",""reason"":""가구 기록과 영아 돌봄의 이론이(가) 아동 교육과 도제 제도 구현에 직접 필요하다.""}]",2,"[{""fileID"":11400000,""guid"":""267e6f558200e604ba61f34e665242b2"",""type"":2},{""fileID"":11400000,""guid"":""0e987e63f3ceb724aa404607804069ad"",""type"":2}]",2,research:society:child-education,408,"{""items"":[{""rid"":7737212199327498679},{""rid"":7737212199327498680}]}"
research-effects,ResearchProjectSO,ResearchProjectSO|research:society:corpse-care,research:society:corpse-care,시신 관리와 장례 의식,"시신 관리와 장례 의식에 필요한 이론, 제작 절차, 안전 기준과 운용 보상을 하나의 완결된 연구 패키지로 통합한다.",분야 0; 작업 306; 선행 4; 해금 2; 시설 요구 1; 효과 0,prerequisite:research:authority:ritual; prerequisite:research:authority:ritual; prerequisite:research:authority:ritual; prerequisite:research:society:household-records; prerequisite:research:society:household-records; prerequisite:research:society:household-records; unlocks-building:building:8886; unlocks-building:building:8887,"진행 역할은 '시신 관리와 장례 의식에 필요한 이론, 제작 절차, 안전 기준과 운용 보상을 하나의 완결된 연구 패키지로 통합한다'이다. 선행 4개와 해금 2개를 연구 그래프에 연결한다.",research-topology-and-unlocks,근거 확인,,active-authored,Assets/Resources/SO/Content/GameDomainContentCatalog.asset; Assets/Resources/SO/GameContentCatalog.asset,catalog-registered-static-consumer,Assets/Scripts/Services/Effects/Runtime/CharacterDerivedStatsSnapshot.cs; Assets/Scripts/Services/Infrastructure/BlueprintResearchContracts.cs; Assets/Scripts/Services/Infrastructure/BlueprintResearchProjectCoordinator.cs; Assets/Scripts/Services/Infrastructure/BlueprintResearchRuntime.cs; Assets/Scripts/Services/Infrastructure/BlueprintResearchRuntimeProvider.cs; Assets/Scripts/Services/Infrastructure/BlueprintResearchSaveSection.cs; Assets/Scripts/Services/Infrastructure/ResearchCraftingSummaryService.cs; Assets/Scripts/Services/Infrastructure/ResearchFacilityCapacityAdapter.cs; Assets/Scripts/Services/Infrastructure/ResearchGraphLayoutService.cs; Assets/Scripts/Services/Infrastructure/ResearchProjectCatalogAdapter.cs; Assets/Scripts/Services/Infrastructure/ResearchRewardCatalogAdapter.cs; Assets/Scripts/Services/Run/FirstRunObjectiveRuntime.cs,Assets/Scripts/Services/Infrastructure/BlueprintResearchContracts.cs; Assets/Scripts/Services/Infrastructure/BlueprintResearchRuntime.cs; Assets/Scripts/Services/Infrastructure/BlueprintResearchSaveSection.cs; Assets/Scripts/Services/Infrastructure/ResearchCraftingSummaryService.cs; Assets/Scripts/Services/Run/FirstRunObjectiveRuntime.cs; Assets/Scripts/Services/Run/V20MilestoneWorldSnapshotProjector.cs; Assets/Scripts/Views/UI/ResearchTreeWindow.cs,1,ProductionRecipeSO,"진행 역할은 '시신 관리와 장례 의식에 필요한 이론, 제작 절차, 안전 기준과 운용 보상을 하나의 완결된 연구 패키지로 통합한다'이다. 선행 4개와 해금 2개를 연구 그래프에 연결한다.",연구 분야 0의 선행·해금 그래프에서 진행 경계를 만든다.,requiredWork=306,research-field:0,"비교 후보(대체 가능성 미검증): ResearchProjectSO:research:environment:cold-work, ResearchProjectSO:research:environment:rune-insulation, ResearchProjectSO:research:survival:field-rations, ResearchProjectSO:research:survival:medical, ResearchProjectSO:research:survival:preservation, ResearchProjectSO:research:survival:sanitation, ResearchProjectSO:research:survival:seasonal-storage, ResearchProjectSO:research:survival:support",직접 참조 1건에 영향: ProductionRecipeSO:recipe:supply:funeral-preparation-kit,research-topology-and-unlocks; niche=field+prerequisites+unlocks; cost=requiredWork,Assets/Resources/SO/Research/Projects/society_corpse_care.asset,a9740647e988d9d488968a7017c56f85,"{""fileID"":0}",0,ResearchBlueprintRule,None,explicit-serialized,"시신 관리와 장례 의식에 필요한 이론, 제작 절차, 안전 기준과 운용 보상을 하나의 완결된 연구 패키지로 통합한다.",시신 관리와 장례 의식,[],0,"[{""capability"":0,""requiredCount"":1}]",1,0,ResearchField,Life And Survival,explicit-serialized,"{""fileID"":0}",7285,0,ResearchPrerequisiteKind,Theory,implicit-csharp-default,society_corpse_care,1,"[{""kind"":2,""prerequisite"":{""fileID"":11400000,""guid"":""1209b51361314de42b18a3c910690c82"",""type"":2},""prerequisiteId"":""research:authority:ritual"",""reason"":""의식 장식의 공학 원리이(가) 시신 관리와 장례 의식 구현에 직접 필요하다.""},{""kind"":0,""prerequisite"":{""fileID"":11400000,""guid"":""0e987e63f3ceb724aa404607804069ad"",""type"":2},""prerequisiteId"":""research:society:household-records"",""reason"":""가구 기록과 영아 돌봄의 이론이(가) 시신 관리와 장례 의식 구현에 직접 필요하다.""}]",2,"[{""fileID"":11400000,""guid"":""1209b51361314de42b18a3c910690c82"",""type"":2},{""fileID"":11400000,""guid"":""0e987e63f3ceb724aa404607804069ad"",""type"":2}]",2,research:society:corpse-care,306,"{""items"":[{""rid"":7737212199327498681},{""rid"":7737212199327498682}]}"
research-effects,ResearchProjectSO,ResearchProjectSO|research:society:generation-management,research:society:generation-management,세대 관리와 보호자 승계,"세대 관리와 보호자 승계에 필요한 이론, 제작 절차, 안전 기준과 운용 보상을 하나의 완결된 연구 패키지로 통합한다.",분야 5; 작업 691; 선행 6; 해금 2; 시설 요구 2; 효과 0,prerequisite:research:authority:office; prerequisite:research:authority:office; prerequisite:research:authority:office; prerequisite:research:housing:room-assignment; prerequisite:research:housing:room-assignment; prerequisite:research:housing:room-assignment; prerequisite:research:society:child-education; prerequisite:research:society:child-education; prerequisite:research:society:child-education; unlocks-building:building:8862; unlocks-building:building:8884,"진행 역할은 '세대 관리와 보호자 승계에 필요한 이론, 제작 절차, 안전 기준과 운용 보상을 하나의 완결된 연구 패키지로 통합한다'이다. 선행 6개와 해금 2개를 연구 그래프에 연결한다.",research-topology-and-unlocks,근거 확인,,active-authored,Assets/Resources/SO/Content/GameDomainContentCatalog.asset; Assets/Resources/SO/GameContentCatalog.asset,catalog-registered-static-consumer,Assets/Scripts/Services/Effects/Runtime/CharacterDerivedStatsSnapshot.cs; Assets/Scripts/Services/Infrastructure/BlueprintResearchContracts.cs; Assets/Scripts/Services/Infrastructure/BlueprintResearchProjectCoordinator.cs; Assets/Scripts/Services/Infrastructure/BlueprintResearchRuntime.cs; Assets/Scripts/Services/Infrastructure/BlueprintResearchRuntimeProvider.cs; Assets/Scripts/Services/Infrastructure/BlueprintResearchSaveSection.cs; Assets/Scripts/Services/Infrastructure/ResearchCraftingSummaryService.cs; Assets/Scripts/Services/Infrastructure/ResearchFacilityCapacityAdapter.cs; Assets/Scripts/Services/Infrastructure/ResearchGraphLayoutService.cs; Assets/Scripts/Services/Infrastructure/ResearchProjectCatalogAdapter.cs; Assets/Scripts/Services/Infrastructure/ResearchRewardCatalogAdapter.cs; Assets/Scripts/Services/Run/FirstRunObjectiveRuntime.cs,Assets/Scripts/Services/Infrastructure/BlueprintResearchContracts.cs; Assets/Scripts/Services/Infrastructure/BlueprintResearchRuntime.cs; Assets/Scripts/Services/Infrastructure/BlueprintResearchSaveSection.cs; Assets/Scripts/Services/Infrastructure/ResearchCraftingSummaryService.cs; Assets/Scripts/Services/Run/FirstRunObjectiveRuntime.cs; Assets/Scripts/Services/Run/V20MilestoneWorldSnapshotProjector.cs; Assets/Scripts/Views/UI/ResearchTreeWindow.cs,3,ResearchProjectSO,"진행 역할은 '세대 관리와 보호자 승계에 필요한 이론, 제작 절차, 안전 기준과 운용 보상을 하나의 완결된 연구 패키지로 통합한다'이다. 선행 6개와 해금 2개를 연구 그래프에 연결한다.",연구 분야 5의 선행·해금 그래프에서 진행 경계를 만든다.,requiredWork=691,research-field:5,"비교 후보(대체 가능성 미검증): ResearchProjectSO:research:authority:office, ResearchProjectSO:research:authority:prestige, ResearchProjectSO:research:authority:quarters, ResearchProjectSO:research:authority:ritual, ResearchProjectSO:research:hospitality-operations, ResearchProjectSO:research:housing:room-assignment, ResearchProjectSO:research:society:career-records, ResearchProjectSO:research:society:child-education, ResearchProjectSO:research:society:household-records, ResearchProjectSO:research:society:retirement",직접 참조 3건에 영향: ResearchProjectSO:research:society:retirement,research-topology-and-unlocks; niche=field+prerequisites+unlocks; cost=requiredWork,Assets/Resources/SO/Research/Projects/society_generation_management.asset,b628440602c1fa74686c7cef46ade579,"{""fileID"":0}",0,ResearchBlueprintRule,None,explicit-serialized,"세대 관리와 보호자 승계에 필요한 이론, 제작 절차, 안전 기준과 운용 보상을 하나의 완결된 연구 패키지로 통합한다.",세대 관리와 보호자 승계,[],0,"[{""capability"":0,""requiredCount"":1},{""capability"":1,""requiredCount"":1}]",2,5,ResearchField,Authority And Housing,explicit-serialized,"{""fileID"":0}",7261,0,ResearchPrerequisiteKind,Theory,implicit-csharp-default,society_generation_management,1,"[{""kind"":2,""prerequisite"":{""fileID"":11400000,""guid"":""88950de57b4caed4f96bf046b4a6798f"",""type"":2},""prerequisiteId"":""research:authority:office"",""reason"":""영주 집무의 공학 원리이(가) 세대 관리와 보호자 승계 구현에 직접 필요하다.""},{""kind"":2,""prerequisite"":{""fileID"":11400000,""guid"":""1515d275a38a57c4ab79890326217f8e"",""type"":2},""prerequisiteId"":""research:housing:room-assignment"",""reason"":""방 배정과 가족 생활구획의 공학 원리이(가) 세대 관리와 보호자 승계 구현에 직접 필요하다.""},{""kind"":2,""prerequisite"":{""fileID"":11400000,""guid"":""de7e3fd13a5a05348a3597a9fd2ba2d7"",""type"":2},""prerequisiteId"":""research:society:child-education"",""reason"":""아동 교육과 도제 제도의 공학 원리이(가) 세대 관리와 보호자 승계 구현에 직접 필요하다.""}]",3,"[{""fileID"":11400000,""guid"":""88950de57b4caed4f96bf046b4a6798f"",""type"":2},{""fileID"":11400000,""guid"":""1515d275a38a57c4ab79890326217f8e"",""type"":2},{""fileID"":11400000,""guid"":""de7e3fd13a5a05348a3597a9fd2ba2d7"",""type"":2}]",3,research:society:generation-management,691,"{""items"":[{""rid"":7737212199327498683},{""rid"":7737212199327498684}]}"
research-effects,ResearchProjectSO,ResearchProjectSO|research:society:household-records,research:society:household-records,가구 기록과 영아 돌봄,"가구 기록과 영아 돌봄에 필요한 이론, 제작 절차, 안전 기준과 운용 보상을 하나의 완결된 연구 패키지로 통합한다.",분야 5; 작업 199; 선행 4; 해금 2; 시설 요구 2; 효과 0,prerequisite:research:authority:quarters; prerequisite:research:authority:quarters; prerequisite:research:authority:quarters; prerequisite:research:survival:medical; prerequisite:research:survival:medical; prerequisite:research:survival:medical; unlocks-building:building:8857; unlocks-building:building:8858,"진행 역할은 '가구 기록과 영아 돌봄에 필요한 이론, 제작 절차, 안전 기준과 운용 보상을 하나의 완결된 연구 패키지로 통합한다'이다. 선행 4개와 해금 2개를 연구 그래프에 연결한다.",research-topology-and-unlocks,근거 확인,,active-authored,Assets/Resources/SO/Content/GameDomainContentCatalog.asset; Assets/Resources/SO/GameContentCatalog.asset,catalog-registered-static-consumer,Assets/Scripts/Services/Effects/Runtime/CharacterDerivedStatsSnapshot.cs; Assets/Scripts/Services/Infrastructure/BlueprintResearchContracts.cs; Assets/Scripts/Services/Infrastructure/BlueprintResearchProjectCoordinator.cs; Assets/Scripts/Services/Infrastructure/BlueprintResearchRuntime.cs; Assets/Scripts/Services/Infrastructure/BlueprintResearchRuntimeProvider.cs; Assets/Scripts/Services/Infrastructure/BlueprintResearchSaveSection.cs; Assets/Scripts/Services/Infrastructure/ResearchCraftingSummaryService.cs; Assets/Scripts/Services/Infrastructure/ResearchFacilityCapacityAdapter.cs; Assets/Scripts/Services/Infrastructure/ResearchGraphLayoutService.cs; Assets/Scripts/Services/Infrastructure/ResearchProjectCatalogAdapter.cs; Assets/Scripts/Services/Infrastructure/ResearchRewardCatalogAdapter.cs; Assets/Scripts/Services/Run/FirstRunObjectiveRuntime.cs,Assets/Scripts/Services/Infrastructure/BlueprintResearchContracts.cs; Assets/Scripts/Services/Infrastructure/BlueprintResearchRuntime.cs; Assets/Scripts/Services/Infrastructure/BlueprintResearchSaveSection.cs; Assets/Scripts/Services/Infrastructure/ResearchCraftingSummaryService.cs; Assets/Scripts/Services/Run/FirstRunObjectiveRuntime.cs; Assets/Scripts/Services/Run/V20MilestoneWorldSnapshotProjector.cs; Assets/Scripts/Views/UI/ResearchTreeWindow.cs,21,ResearchProjectSO,"진행 역할은 '가구 기록과 영아 돌봄에 필요한 이론, 제작 절차, 안전 기준과 운용 보상을 하나의 완결된 연구 패키지로 통합한다'이다. 선행 4개와 해금 2개를 연구 그래프에 연결한다.",연구 분야 5의 선행·해금 그래프에서 진행 경계를 만든다.,requiredWork=199,research-field:5,"비교 후보(대체 가능성 미검증): ResearchProjectSO:research:authority:office, ResearchProjectSO:research:authority:prestige, ResearchProjectSO:research:authority:quarters, ResearchProjectSO:research:authority:ritual, ResearchProjectSO:research:hospitality-operations, ResearchProjectSO:research:housing:room-assignment, ResearchProjectSO:research:society:career-records, ResearchProjectSO:research:society:child-education, ResearchProjectSO:research:society:generation-management, ResearchProjectSO:research:society:retirement","직접 참조 21건에 영향: ResearchProjectSO:research:housing:room-assignment, ResearchProjectSO:research:medical:gerontology, ResearchProjectSO:research:medical:reproductive-medicine, ResearchProjectSO:research:medical:trauma-medicine, ResearchProjectSO:research:society:career-records, ResearchProjectSO:research:society:child-education, ResearchProjectSO:research:society:corpse-care",research-topology-and-unlocks; niche=field+prerequisites+unlocks; cost=requiredWork,Assets/Resources/SO/Research/Projects/society_household_records.asset,0e987e63f3ceb724aa404607804069ad,"{""fileID"":0}",0,ResearchBlueprintRule,None,explicit-serialized,"가구 기록과 영아 돌봄에 필요한 이론, 제작 절차, 안전 기준과 운용 보상을 하나의 완결된 연구 패키지로 통합한다.",가구 기록과 영아 돌봄,[],0,"[{""capability"":0,""requiredCount"":1},{""capability"":1,""requiredCount"":1}]",2,5,ResearchField,Authority And Housing,explicit-serialized,"{""fileID"":0}",7256,0,ResearchPrerequisiteKind,Theory,implicit-csharp-default,society_household_records,1,"[{""kind"":2,""prerequisite"":{""fileID"":11400000,""guid"":""3b8bc1e2ec3aab249a39884f4356fe0d"",""type"":2},""prerequisiteId"":""research:authority:quarters"",""reason"":""기본 숙소의 공학 원리이(가) 가구 기록과 영아 돌봄 구현에 직접 필요하다.""},{""kind"":2,""prerequisite"":{""fileID"":11400000,""guid"":""3e92a60a5d0530d4abe6c67462148c11"",""type"":2},""prerequisiteId"":""research:survival:medical"",""reason"":""의료 회복의 공학 원리이(가) 가구 기록과 영아 돌봄 구현에 직접 필요하다.""}]",2,"[{""fileID"":11400000,""guid"":""3b8bc1e2ec3aab249a39884f4356fe0d"",""type"":2},{""fileID"":11400000,""guid"":""3e92a60a5d0530d4abe6c67462148c11"",""type"":2}]",2,research:society:household-records,199,"{""items"":[{""rid"":7737212199327498685},{""rid"":7737212199327498686}]}"
research-effects,ResearchProjectSO,ResearchProjectSO|research:society:retirement,research:society:retirement,은퇴와 멘토 제도,"은퇴와 멘토 제도에 필요한 이론, 제작 절차, 안전 기준과 운용 보상을 하나의 완결된 연구 패키지로 통합한다.",분야 5; 작업 628; 선행 6; 해금 2; 시설 요구 2; 효과 0,prerequisite:research:medical:gerontology; prerequisite:research:medical:gerontology; prerequisite:research:medical:gerontology; prerequisite:research:society:career-records; prerequisite:research:society:career-records; prerequisite:research:society:career-records; prerequisite:research:society:generation-management; prerequisite:research:society:generation-management; prerequisite:research:society:generation-management; unlocks-building:building:8895; unlocks-building:building:8896,"진행 역할은 '은퇴와 멘토 제도에 필요한 이론, 제작 절차, 안전 기준과 운용 보상을 하나의 완결된 연구 패키지로 통합한다'이다. 선행 6개와 해금 2개를 연구 그래프에 연결한다.",research-topology-and-unlocks,근거 확인,,active-authored,Assets/Resources/SO/Content/GameDomainContentCatalog.asset; Assets/Resources/SO/GameContentCatalog.asset,catalog-registered-static-consumer,Assets/Scripts/Services/Effects/Runtime/CharacterDerivedStatsSnapshot.cs; Assets/Scripts/Services/Infrastructure/BlueprintResearchContracts.cs; Assets/Scripts/Services/Infrastructure/BlueprintResearchProjectCoordinator.cs; Assets/Scripts/Services/Infrastructure/BlueprintResearchRuntime.cs; Assets/Scripts/Services/Infrastructure/BlueprintResearchRuntimeProvider.cs; Assets/Scripts/Services/Infrastructure/BlueprintResearchSaveSection.cs; Assets/Scripts/Services/Infrastructure/ResearchCraftingSummaryService.cs; Assets/Scripts/Services/Infrastructure/ResearchFacilityCapacityAdapter.cs; Assets/Scripts/Services/Infrastructure/ResearchGraphLayoutService.cs; Assets/Scripts/Services/Infrastructure/ResearchProjectCatalogAdapter.cs; Assets/Scripts/Services/Infrastructure/ResearchRewardCatalogAdapter.cs; Assets/Scripts/Services/Run/FirstRunObjectiveRuntime.cs,Assets/Scripts/Services/Infrastructure/BlueprintResearchContracts.cs; Assets/Scripts/Services/Infrastructure/BlueprintResearchRuntime.cs; Assets/Scripts/Services/Infrastructure/BlueprintResearchSaveSection.cs; Assets/Scripts/Services/Infrastructure/ResearchCraftingSummaryService.cs; Assets/Scripts/Services/Run/FirstRunObjectiveRuntime.cs; Assets/Scripts/Services/Run/V20MilestoneWorldSnapshotProjector.cs; Assets/Scripts/Views/UI/ResearchTreeWindow.cs,0,,"진행 역할은 '은퇴와 멘토 제도에 필요한 이론, 제작 절차, 안전 기준과 운용 보상을 하나의 완결된 연구 패키지로 통합한다'이다. 선행 6개와 해금 2개를 연구 그래프에 연결한다.",연구 분야 5의 선행·해금 그래프에서 진행 경계를 만든다.,requiredWork=628,research-field:5,"비교 후보(대체 가능성 미검증): ResearchProjectSO:research:authority:office, ResearchProjectSO:research:authority:prestige, ResearchProjectSO:research:authority:quarters, ResearchProjectSO:research:authority:ritual, ResearchProjectSO:research:hospitality-operations, ResearchProjectSO:research:housing:room-assignment, ResearchProjectSO:research:society:career-records, ResearchProjectSO:research:society:child-education, ResearchProjectSO:research:society:generation-management, ResearchProjectSO:research:society:household-records",정적 콘텐츠 역참조는 확인되지 않음; 런타임 직접 조회와 설계상 공백은 별도 검증 필요,research-topology-and-unlocks; niche=field+prerequisites+unlocks; cost=requiredWork,Assets/Resources/SO/Research/Projects/society_retirement.asset,aeb6e98556bff3b41b55faf3f0a53ce9,"{""fileID"":0}",0,ResearchBlueprintRule,None,explicit-serialized,"은퇴와 멘토 제도에 필요한 이론, 제작 절차, 안전 기준과 운용 보상을 하나의 완결된 연구 패키지로 통합한다.",은퇴와 멘토 제도,[],0,"[{""capability"":0,""requiredCount"":1},{""capability"":1,""requiredCount"":1}]",2,5,ResearchField,Authority And Housing,explicit-serialized,"{""fileID"":0}",7294,0,ResearchPrerequisiteKind,Theory,implicit-csharp-default,society_retirement,1,"[{""kind"":2,""prerequisite"":{""fileID"":11400000,""guid"":""75c38d39f76b2bc4da7e0ca9959e3a9a"",""type"":2},""prerequisiteId"":""research:medical:gerontology"",""reason"":""노인학과 생물학적 연령 계측의 공학 원리이(가) 은퇴와 멘토 제도 구현에 직접 필요하다.""},{""kind"":0,""prerequisite"":{""fileID"":11400000,""guid"":""ede5bf7330f463c43a516178f7b01fc7"",""type"":2},""prerequisiteId"":""research:society:career-records"",""reason"":""경력 기록의 이론이(가) 은퇴와 멘토 제도 구현에 직접 필요하다.""},{""kind"":2,""prerequisite"":{""fileID"":11400000,""guid"":""b628440602c1fa74686c7cef46ade579"",""type"":2},""prerequisiteId"":""research:society:generation-management"",""reason"":""세대 관리와 보호자 승계의 공학 원리이(가) 은퇴와 멘토 제도 구현에 직접 필요하다.""}]",3,"[{""fileID"":11400000,""guid"":""75c38d39f76b2bc4da7e0ca9959e3a9a"",""type"":2},{""fileID"":11400000,""guid"":""ede5bf7330f463c43a516178f7b01fc7"",""type"":2},{""fileID"":11400000,""guid"":""b628440602c1fa74686c7cef46ade579"",""type"":2}]",3,research:society:retirement,628,"{""items"":[{""rid"":7737212199327498687},{""rid"":7737212199327498688}]}"
research-effects,ResearchProjectSO,ResearchProjectSO|research:survival:field-rations,research:survival:field-rations,야전 식량학,원정 중에도 운반과 섭취가 쉬운 보존 식량 규격을 확립한다.,분야 0; 작업 60; 선행 4; 해금 0; 시설 요구 1; 효과 0,prerequisite:research:commerce:logistics; prerequisite:research:commerce:logistics; prerequisite:research:commerce:logistics; prerequisite:research:survival:preservation; prerequisite:research:survival:preservation; prerequisite:research:survival:preservation,진행 역할은 '원정 중에도 운반과 섭취가 쉬운 보존 식량 규격을 확립한다'이다. 선행 4개와 해금 0개를 연구 그래프에 연결한다.,research-topology-and-unlocks,근거 확인,,active-authored,Assets/Resources/SO/Content/GameDomainContentCatalog.asset; Assets/Resources/SO/GameContentCatalog.asset,catalog-registered-static-consumer,Assets/Scripts/Services/Effects/Runtime/CharacterDerivedStatsSnapshot.cs; Assets/Scripts/Services/Infrastructure/BlueprintResearchContracts.cs; Assets/Scripts/Services/Infrastructure/BlueprintResearchProjectCoordinator.cs; Assets/Scripts/Services/Infrastructure/BlueprintResearchRuntime.cs; Assets/Scripts/Services/Infrastructure/BlueprintResearchRuntimeProvider.cs; Assets/Scripts/Services/Infrastructure/BlueprintResearchSaveSection.cs; Assets/Scripts/Services/Infrastructure/ResearchCraftingSummaryService.cs; Assets/Scripts/Services/Infrastructure/ResearchFacilityCapacityAdapter.cs; Assets/Scripts/Services/Infrastructure/ResearchGraphLayoutService.cs; Assets/Scripts/Services/Infrastructure/ResearchProjectCatalogAdapter.cs; Assets/Scripts/Services/Infrastructure/ResearchRewardCatalogAdapter.cs; Assets/Scripts/Services/Offense/OffenseExpeditionAccessRules.cs,Assets/Scripts/Services/Infrastructure/BlueprintResearchContracts.cs; Assets/Scripts/Services/Infrastructure/BlueprintResearchRuntime.cs; Assets/Scripts/Services/Infrastructure/BlueprintResearchSaveSection.cs; Assets/Scripts/Services/Infrastructure/ResearchCraftingSummaryService.cs; Assets/Scripts/Services/Run/FirstRunObjectiveRuntime.cs; Assets/Scripts/Services/Run/V20MilestoneWorldSnapshotProjector.cs; Assets/Scripts/Views/UI/ResearchTreeWindow.cs,1,ProductionRecipeSO,진행 역할은 '원정 중에도 운반과 섭취가 쉬운 보존 식량 규격을 확립한다'이다. 선행 4개와 해금 0개를 연구 그래프에 연결한다.,연구 분야 0의 선행·해금 그래프에서 진행 경계를 만든다.,requiredWork=60,research-field:0,"비교 후보(대체 가능성 미검증): ResearchProjectSO:research:environment:cold-work, ResearchProjectSO:research:environment:rune-insulation, ResearchProjectSO:research:society:corpse-care, ResearchProjectSO:research:survival:medical, ResearchProjectSO:research:survival:preservation, ResearchProjectSO:research:survival:sanitation, ResearchProjectSO:research:survival:seasonal-storage, ResearchProjectSO:research:survival:support",직접 참조 1건에 영향: ProductionRecipeSO:recipe:expedition-ration-pack,research-topology-and-unlocks; niche=field+prerequisites+unlocks; cost=requiredWork,Assets/Resources/SO/Research/Projects/survival_field_rations.asset,7681fe1cfe9727242a20ce258f588d0b,"{""fileID"":0}",0,ResearchBlueprintRule,None,explicit-serialized,원정 중에도 운반과 섭취가 쉬운 보존 식량 규격을 확립한다.,야전 식량학,[],0,"[{""capability"":0,""requiredCount"":1}]",1,0,ResearchField,Life And Survival,explicit-serialized,"{""fileID"":0}",7222,0,ResearchPrerequisiteKind,Theory,implicit-csharp-default,survival_field_rations,1,"[{""kind"":4,""prerequisite"":{""fileID"":11400000,""guid"":""b3b38e91925a91943b4303ee3edc9533"",""type"":2},""prerequisiteId"":""research:commerce:logistics"",""reason"":""창고 구획의 운용 절차이(가) 야전 식량학 구현에 직접 필요하다.""},{""kind"":2,""prerequisite"":{""fileID"":11400000,""guid"":""969470a77353b3d45a9026b935c6c7bd"",""type"":2},""prerequisiteId"":""research:survival:preservation"",""reason"":""식량 보존의 공학 원리이(가) 야전 식량학 구현에 직접 필요하다.""}]",2,"[{""fileID"":11400000,""guid"":""b3b38e91925a91943b4303ee3edc9533"",""type"":2},{""fileID"":11400000,""guid"":""969470a77353b3d45a9026b935c6c7bd"",""type"":2}]",2,research:survival:field-rations,60,"{""items"":[]}"
research-effects,ResearchProjectSO,ResearchProjectSO|research:survival:medical,research:survival:medical,의료 회복,부상과 질병을 체계적으로 안정화하고 치료한다.,분야 0; 작업 60; 선행 4; 해금 1; 시설 요구 2; 효과 0,prerequisite:research:arcane:alchemy; prerequisite:research:arcane:alchemy; prerequisite:research:arcane:alchemy; prerequisite:research:survival:preservation; prerequisite:research:survival:preservation; prerequisite:research:survival:preservation; unlocks-building:building:9501,진행 역할은 '부상과 질병을 체계적으로 안정화하고 치료한다'이다. 선행 4개와 해금 1개를 연구 그래프에 연결한다.,research-topology-and-unlocks,근거 확인,,active-authored,Assets/Resources/SO/Content/GameDomainContentCatalog.asset; Assets/Resources/SO/GameContentCatalog.asset,catalog-registered-static-consumer,Assets/Scripts/Services/Effects/Runtime/CharacterDerivedStatsSnapshot.cs; Assets/Scripts/Services/Infrastructure/BlueprintResearchContracts.cs; Assets/Scripts/Services/Infrastructure/BlueprintResearchProjectCoordinator.cs; Assets/Scripts/Services/Infrastructure/BlueprintResearchRuntime.cs; Assets/Scripts/Services/Infrastructure/BlueprintResearchRuntimeProvider.cs; Assets/Scripts/Services/Infrastructure/BlueprintResearchSaveSection.cs; Assets/Scripts/Services/Infrastructure/ResearchCraftingSummaryService.cs; Assets/Scripts/Services/Infrastructure/ResearchFacilityCapacityAdapter.cs; Assets/Scripts/Services/Infrastructure/ResearchGraphLayoutService.cs; Assets/Scripts/Services/Infrastructure/ResearchProjectCatalogAdapter.cs; Assets/Scripts/Services/Infrastructure/ResearchRewardCatalogAdapter.cs; Assets/Scripts/Services/Run/FirstRunObjectiveRuntime.cs,Assets/Scripts/Services/Infrastructure/BlueprintResearchContracts.cs; Assets/Scripts/Services/Infrastructure/BlueprintResearchRuntime.cs; Assets/Scripts/Services/Infrastructure/BlueprintResearchSaveSection.cs; Assets/Scripts/Services/Infrastructure/ResearchCraftingSummaryService.cs; Assets/Scripts/Services/Run/FirstRunObjectiveRuntime.cs; Assets/Scripts/Services/Run/V20MilestoneWorldSnapshotProjector.cs; Assets/Scripts/Views/UI/ResearchTreeWindow.cs,15,ResearchProjectSO; SurgicalProcedureSO,진행 역할은 '부상과 질병을 체계적으로 안정화하고 치료한다'이다. 선행 4개와 해금 1개를 연구 그래프에 연결한다.,연구 분야 0의 선행·해금 그래프에서 진행 경계를 만든다.,requiredWork=60,research-field:0,"비교 후보(대체 가능성 미검증): ResearchProjectSO:research:environment:cold-work, ResearchProjectSO:research:environment:rune-insulation, ResearchProjectSO:research:society:corpse-care, ResearchProjectSO:research:survival:field-rations, ResearchProjectSO:research:survival:preservation, ResearchProjectSO:research:survival:sanitation, ResearchProjectSO:research:survival:seasonal-storage, ResearchProjectSO:research:survival:support","직접 참조 15건에 영향: ResearchProjectSO:research:medical-reception, ResearchProjectSO:research:medical:anatomy, ResearchProjectSO:research:pharmacology:advanced, ResearchProjectSO:research:society:household-records, SurgicalProcedureSO:procedure:blood-transfusion, SurgicalProcedureSO:procedure:emergency-suture, SurgicalProcedureSO:procedure:foreign-body-removal",research-topology-and-unlocks; niche=field+prerequisites+unlocks; cost=requiredWork,Assets/Resources/SO/Research/Projects/survival_medical.asset,3e92a60a5d0530d4abe6c67462148c11,"{""fileID"":0}",0,ResearchBlueprintRule,None,explicit-serialized,부상과 질병을 체계적으로 안정화하고 치료한다.,의료 회복,[],0,"[{""capability"":0,""requiredCount"":1},{""capability"":2,""requiredCount"":1}]",2,0,ResearchField,Life And Survival,explicit-serialized,"{""fileID"":0}",7004,0,ResearchPrerequisiteKind,Theory,implicit-csharp-default,survival_medical,1,"[{""kind"":0,""prerequisite"":{""fileID"":11400000,""guid"":""1f0f04477ee507543893f06592b0442c"",""type"":2},""prerequisiteId"":""research:arcane:alchemy"",""reason"":""연금 가공의 이론이(가) 의료 회복 구현에 직접 필요하다.""},{""kind"":2,""prerequisite"":{""fileID"":11400000,""guid"":""969470a77353b3d45a9026b935c6c7bd"",""type"":2},""prerequisiteId"":""research:survival:preservation"",""reason"":""식량 보존의 공학 원리이(가) 의료 회복 구현에 직접 필요하다.""}]",2,"[{""fileID"":11400000,""guid"":""1f0f04477ee507543893f06592b0442c"",""type"":2},{""fileID"":11400000,""guid"":""969470a77353b3d45a9026b935c6c7bd"",""type"":2}]",2,research:survival:medical,60,"{""items"":[{""rid"":7737212199327498689}]}"
research-effects,ResearchProjectSO,ResearchProjectSO|research:survival:preservation,research:survival:preservation,식량 보존,식량 부패를 늦추고 보존 조리법을 정리한다.,분야 0; 작업 42; 선행 2; 해금 3; 시설 요구 1; 효과 0,prerequisite:research:survival:support; prerequisite:research:survival:support; prerequisite:research:survival:support; unlocks-building:building:1088; unlocks-building:building:1613; unlocks-building:building:1617,진행 역할은 '식량 부패를 늦추고 보존 조리법을 정리한다'이다. 선행 2개와 해금 3개를 연구 그래프에 연결한다.,research-topology-and-unlocks,근거 확인,,active-authored,Assets/Resources/SO/Content/GameDomainContentCatalog.asset; Assets/Resources/SO/GameContentCatalog.asset,catalog-registered-static-consumer,Assets/Scripts/Services/Effects/Runtime/CharacterDerivedStatsSnapshot.cs; Assets/Scripts/Services/Infrastructure/BlueprintResearchContracts.cs; Assets/Scripts/Services/Infrastructure/BlueprintResearchProjectCoordinator.cs; Assets/Scripts/Services/Infrastructure/BlueprintResearchRuntime.cs; Assets/Scripts/Services/Infrastructure/BlueprintResearchRuntimeProvider.cs; Assets/Scripts/Services/Infrastructure/BlueprintResearchSaveSection.cs; Assets/Scripts/Services/Infrastructure/ResearchCraftingSummaryService.cs; Assets/Scripts/Services/Infrastructure/ResearchFacilityCapacityAdapter.cs; Assets/Scripts/Services/Infrastructure/ResearchGraphLayoutService.cs; Assets/Scripts/Services/Infrastructure/ResearchProjectCatalogAdapter.cs; Assets/Scripts/Services/Infrastructure/ResearchRewardCatalogAdapter.cs; Assets/Scripts/Services/Run/FirstRunObjectiveRuntime.cs,Assets/Scripts/Services/Infrastructure/BlueprintResearchContracts.cs; Assets/Scripts/Services/Infrastructure/BlueprintResearchRuntime.cs; Assets/Scripts/Services/Infrastructure/BlueprintResearchSaveSection.cs; Assets/Scripts/Services/Infrastructure/ResearchCraftingSummaryService.cs; Assets/Scripts/Services/Run/FirstRunObjectiveRuntime.cs; Assets/Scripts/Services/Run/V20MilestoneWorldSnapshotProjector.cs; Assets/Scripts/Views/UI/ResearchTreeWindow.cs,19,ProductionRecipeSO; ResearchProjectSO,진행 역할은 '식량 부패를 늦추고 보존 조리법을 정리한다'이다. 선행 2개와 해금 3개를 연구 그래프에 연결한다.,연구 분야 0의 선행·해금 그래프에서 진행 경계를 만든다.,requiredWork=42,research-field:0,"비교 후보(대체 가능성 미검증): ResearchProjectSO:research:environment:cold-work, ResearchProjectSO:research:environment:rune-insulation, ResearchProjectSO:research:society:corpse-care, ResearchProjectSO:research:survival:field-rations, ResearchProjectSO:research:survival:medical, ResearchProjectSO:research:survival:sanitation, ResearchProjectSO:research:survival:seasonal-storage, ResearchProjectSO:research:survival:support","직접 참조 19건에 영향: ProductionRecipeSO:recipe:brined-vegetable, ProductionRecipeSO:recipe:fermented-pickle, ProductionRecipeSO:recipe:jerky, ProductionRecipeSO:recipe:salted-meat, ResearchProjectSO:research:cuisine:lavish, ResearchProjectSO:research:environment:cold-work, ResearchProjectSO:research:survival:field-rations, ResearchProjectSO:research:survival:medical, ResearchProjectSO:research:survival:seasonal-storage",research-topology-and-unlocks; niche=field+prerequisites+unlocks; cost=requiredWork,Assets/Resources/SO/Research/Projects/survival_preservation.asset,969470a77353b3d45a9026b935c6c7bd,"{""fileID"":0}",0,ResearchBlueprintRule,None,explicit-serialized,식량 부패를 늦추고 보존 조리법을 정리한다.,식량 보존,[],0,"[{""capability"":0,""requiredCount"":1}]",1,0,ResearchField,Life And Survival,explicit-serialized,"{""fileID"":0}",7003,0,ResearchPrerequisiteKind,Theory,implicit-csharp-default,survival_preservation,1,"[{""kind"":2,""prerequisite"":{""fileID"":11400000,""guid"":""c842252eac7214149b538f1308162eac"",""type"":2},""prerequisiteId"":""research:survival:support"",""reason"":""생활 지원의 공학 원리이(가) 식량 보존 구현에 직접 필요하다.""}]",1,"[{""fileID"":11400000,""guid"":""c842252eac7214149b538f1308162eac"",""type"":2}]",1,research:survival:preservation,42,"{""items"":[{""rid"":7737212199327498690},{""rid"":7737212199327498691},{""rid"":7737212199327498692}]}"
research-effects,ResearchProjectSO,ResearchProjectSO|research:survival:sanitation,research:survival:sanitation,기초 위생,오염을 통제하고 기본 위생 설비를 운용한다.,분야 0; 작업 17; 선행 0; 해금 1; 시설 요구 1; 효과 0,unlocks-building:building:1097,진행 역할은 '오염을 통제하고 기본 위생 설비를 운용한다'이다. 선행 0개와 해금 1개를 연구 그래프에 연결한다.,research-topology-and-unlocks,근거 확인,,active-authored,Assets/Resources/SO/Content/GameDomainContentCatalog.asset; Assets/Resources/SO/GameContentCatalog.asset,catalog-registered-static-consumer,Assets/Scripts/Services/Effects/Runtime/CharacterDerivedStatsSnapshot.cs; Assets/Scripts/Services/Infrastructure/BlueprintResearchContracts.cs; Assets/Scripts/Services/Infrastructure/BlueprintResearchProjectCoordinator.cs; Assets/Scripts/Services/Infrastructure/BlueprintResearchRuntime.cs; Assets/Scripts/Services/Infrastructure/BlueprintResearchRuntimeProvider.cs; Assets/Scripts/Services/Infrastructure/BlueprintResearchSaveSection.cs; Assets/Scripts/Services/Infrastructure/ResearchCraftingSummaryService.cs; Assets/Scripts/Services/Infrastructure/ResearchFacilityCapacityAdapter.cs; Assets/Scripts/Services/Infrastructure/ResearchGraphLayoutService.cs; Assets/Scripts/Services/Infrastructure/ResearchProjectCatalogAdapter.cs; Assets/Scripts/Services/Infrastructure/ResearchRewardCatalogAdapter.cs; Assets/Scripts/Services/Run/FirstRunObjectiveRuntime.cs,Assets/Scripts/Services/Infrastructure/BlueprintResearchContracts.cs; Assets/Scripts/Services/Infrastructure/BlueprintResearchRuntime.cs; Assets/Scripts/Services/Infrastructure/BlueprintResearchSaveSection.cs; Assets/Scripts/Services/Infrastructure/ResearchCraftingSummaryService.cs; Assets/Scripts/Services/Run/FirstRunObjectiveRuntime.cs; Assets/Scripts/Services/Run/V20MilestoneWorldSnapshotProjector.cs; Assets/Scripts/Views/UI/ResearchTreeWindow.cs,17,ProductionRecipeSO; ResearchProjectSO,진행 역할은 '오염을 통제하고 기본 위생 설비를 운용한다'이다. 선행 0개와 해금 1개를 연구 그래프에 연결한다.,연구 분야 0의 선행·해금 그래프에서 진행 경계를 만든다.,requiredWork=17,research-field:0,"비교 후보(대체 가능성 미검증): ResearchProjectSO:research:environment:cold-work, ResearchProjectSO:research:environment:rune-insulation, ResearchProjectSO:research:society:corpse-care, ResearchProjectSO:research:survival:field-rations, ResearchProjectSO:research:survival:medical, ResearchProjectSO:research:survival:preservation, ResearchProjectSO:research:survival:seasonal-storage, ResearchProjectSO:research:survival:support","직접 참조 17건에 영향: ProductionRecipeSO:recipe:incinerate-animal, ProductionRecipeSO:recipe:incinerate-forbidden, ProductionRecipeSO:recipe:incinerate-mixed, ProductionRecipeSO:recipe:incinerate-plant, ProductionRecipeSO:recipe:soap, ResearchProjectSO:research:bath-business, ResearchProjectSO:research:husbandry:selective, ResearchProjectSO:research:plumbing:basics, ResearchProjectSO:research:survival:support",research-topology-and-unlocks; niche=field+prerequisites+unlocks; cost=requiredWork,Assets/Resources/SO/Research/Projects/survival_sanitation.asset,d75bc5c0a1a2a2e4aa3f082b164eadfa,"{""fileID"":0}",0,ResearchBlueprintRule,None,explicit-serialized,오염을 통제하고 기본 위생 설비를 운용한다.,기초 위생,[],0,"[{""capability"":0,""requiredCount"":1}]",1,0,ResearchField,Life And Survival,explicit-serialized,"{""fileID"":0}",7001,0,ResearchPrerequisiteKind,Theory,implicit-csharp-default,survival_sanitation,1,[],0,[],0,research:survival:sanitation,17,"{""items"":[{""rid"":7737212199327498693}]}"
research-effects,ResearchProjectSO,ResearchProjectSO|research:survival:seasonal-storage,research:survival:seasonal-storage,계절 저장,계절력에 맞춰 저장품의 입고와 소비 시기를 관리한다.,분야 0; 작업 153; 선행 4; 해금 1; 시설 요구 1; 효과 0,prerequisite:research:life:seasonal-calendar; prerequisite:research:life:seasonal-calendar; prerequisite:research:life:seasonal-calendar; prerequisite:research:survival:preservation; prerequisite:research:survival:preservation; prerequisite:research:survival:preservation; unlocks-building:building:8853,진행 역할은 '계절력에 맞춰 저장품의 입고와 소비 시기를 관리한다'이다. 선행 4개와 해금 1개를 연구 그래프에 연결한다.,research-topology-and-unlocks,근거 확인,,active-authored,Assets/Resources/SO/Content/GameDomainContentCatalog.asset; Assets/Resources/SO/GameContentCatalog.asset,catalog-registered-static-consumer,Assets/Scripts/Services/Effects/Runtime/CharacterDerivedStatsSnapshot.cs; Assets/Scripts/Services/Infrastructure/BlueprintResearchContracts.cs; Assets/Scripts/Services/Infrastructure/BlueprintResearchProjectCoordinator.cs; Assets/Scripts/Services/Infrastructure/BlueprintResearchRuntime.cs; Assets/Scripts/Services/Infrastructure/BlueprintResearchRuntimeProvider.cs; Assets/Scripts/Services/Infrastructure/BlueprintResearchSaveSection.cs; Assets/Scripts/Services/Infrastructure/ResearchCraftingSummaryService.cs; Assets/Scripts/Services/Infrastructure/ResearchFacilityCapacityAdapter.cs; Assets/Scripts/Services/Infrastructure/ResearchGraphLayoutService.cs; Assets/Scripts/Services/Infrastructure/ResearchProjectCatalogAdapter.cs; Assets/Scripts/Services/Infrastructure/ResearchRewardCatalogAdapter.cs; Assets/Scripts/Services/Run/FirstRunObjectiveRuntime.cs,Assets/Scripts/Services/Infrastructure/BlueprintResearchContracts.cs; Assets/Scripts/Services/Infrastructure/BlueprintResearchRuntime.cs; Assets/Scripts/Services/Infrastructure/BlueprintResearchSaveSection.cs; Assets/Scripts/Services/Infrastructure/ResearchCraftingSummaryService.cs; Assets/Scripts/Services/Run/FirstRunObjectiveRuntime.cs; Assets/Scripts/Services/Run/V20MilestoneWorldSnapshotProjector.cs; Assets/Scripts/Views/UI/ResearchTreeWindow.cs,1,ProductionRecipeSO,진행 역할은 '계절력에 맞춰 저장품의 입고와 소비 시기를 관리한다'이다. 선행 4개와 해금 1개를 연구 그래프에 연결한다.,연구 분야 0의 선행·해금 그래프에서 진행 경계를 만든다.,requiredWork=153,research-field:0,"비교 후보(대체 가능성 미검증): ResearchProjectSO:research:environment:cold-work, ResearchProjectSO:research:environment:rune-insulation, ResearchProjectSO:research:society:corpse-care, ResearchProjectSO:research:survival:field-rations, ResearchProjectSO:research:survival:medical, ResearchProjectSO:research:survival:preservation, ResearchProjectSO:research:survival:sanitation, ResearchProjectSO:research:survival:support",직접 참조 1건에 영향: ProductionRecipeSO:recipe:component:sealed-seasonal-container,research-topology-and-unlocks; niche=field+prerequisites+unlocks; cost=requiredWork,Assets/Resources/SO/Research/Projects/survival_seasonal_storage.asset,7275c6c4fb1c8cd49afbf93f5e592e7f,"{""fileID"":0}",0,ResearchBlueprintRule,None,explicit-serialized,계절력에 맞춰 저장품의 입고와 소비 시기를 관리한다.,계절 저장,[],0,"[{""capability"":0,""requiredCount"":1}]",1,0,ResearchField,Life And Survival,explicit-serialized,"{""fileID"":0}",7252,0,ResearchPrerequisiteKind,Theory,implicit-csharp-default,survival_seasonal_storage,1,"[{""kind"":2,""prerequisite"":{""fileID"":11400000,""guid"":""4db6f6908a9bba947908a1269f3845ef"",""type"":2},""prerequisiteId"":""research:life:seasonal-calendar"",""reason"":""계절 역법의 공학 원리이(가) 계절 저장 구현에 직접 필요하다.""},{""kind"":2,""prerequisite"":{""fileID"":11400000,""guid"":""969470a77353b3d45a9026b935c6c7bd"",""type"":2},""prerequisiteId"":""research:survival:preservation"",""reason"":""식량 보존의 공학 원리이(가) 계절 저장 구현에 직접 필요하다.""}]",2,"[{""fileID"":11400000,""guid"":""4db6f6908a9bba947908a1269f3845ef"",""type"":2},{""fileID"":11400000,""guid"":""969470a77353b3d45a9026b935c6c7bd"",""type"":2}]",2,research:survival:seasonal-storage,153,"{""items"":[{""rid"":7737212199327498694}]}"
research-effects,ResearchProjectSO,ResearchProjectSO|research:survival:support,research:survival:support,생활 지원,"식사와 휴식, 기본 생활 설비의 효율을 높인다.",분야 0; 작업 28; 선행 2; 해금 7; 시설 요구 1; 효과 0,prerequisite:research:survival:sanitation; prerequisite:research:survival:sanitation; prerequisite:research:survival:sanitation; references:facility-blueprint:6103; unlocks-building:building:1021; unlocks-building:building:1022; unlocks-building:building:1024; unlocks-building:building:1025; unlocks-building:building:1054; unlocks-building:building:1060; unlocks-building:building:1063,"진행 역할은 '식사와 휴식, 기본 생활 설비의 효율을 높인다'이다. 선행 2개와 해금 7개를 연구 그래프에 연결한다.",research-topology-and-unlocks,근거 확인,,active-authored,Assets/Resources/SO/Content/GameDomainContentCatalog.asset; Assets/Resources/SO/GameContentCatalog.asset,catalog-registered-static-consumer,Assets/Scripts/Services/Effects/Runtime/CharacterDerivedStatsSnapshot.cs; Assets/Scripts/Services/Infrastructure/BlueprintResearchContracts.cs; Assets/Scripts/Services/Infrastructure/BlueprintResearchProjectCoordinator.cs; Assets/Scripts/Services/Infrastructure/BlueprintResearchRuntime.cs; Assets/Scripts/Services/Infrastructure/BlueprintResearchRuntimeProvider.cs; Assets/Scripts/Services/Infrastructure/BlueprintResearchSaveSection.cs; Assets/Scripts/Services/Infrastructure/ResearchCraftingSummaryService.cs; Assets/Scripts/Services/Infrastructure/ResearchFacilityCapacityAdapter.cs; Assets/Scripts/Services/Infrastructure/ResearchGraphLayoutService.cs; Assets/Scripts/Services/Infrastructure/ResearchProjectCatalogAdapter.cs; Assets/Scripts/Services/Infrastructure/ResearchRewardCatalogAdapter.cs; Assets/Scripts/Services/Run/FirstRunObjectiveRuntime.cs,Assets/Scripts/Services/Infrastructure/BlueprintResearchContracts.cs; Assets/Scripts/Services/Infrastructure/BlueprintResearchRuntime.cs; Assets/Scripts/Services/Infrastructure/BlueprintResearchSaveSection.cs; Assets/Scripts/Services/Infrastructure/ResearchCraftingSummaryService.cs; Assets/Scripts/Services/Run/FirstRunObjectiveRuntime.cs; Assets/Scripts/Services/Run/V20MilestoneWorldSnapshotProjector.cs; Assets/Scripts/Views/UI/ResearchTreeWindow.cs,10,FacilityBlueprintSO; ResearchProjectSO,"진행 역할은 '식사와 휴식, 기본 생활 설비의 효율을 높인다'이다. 선행 2개와 해금 7개를 연구 그래프에 연결한다.",연구 분야 0의 선행·해금 그래프에서 진행 경계를 만든다.,requiredWork=28,research-field:0,"비교 후보(대체 가능성 미검증): ResearchProjectSO:research:environment:cold-work, ResearchProjectSO:research:environment:rune-insulation, ResearchProjectSO:research:society:corpse-care, ResearchProjectSO:research:survival:field-rations, ResearchProjectSO:research:survival:medical, ResearchProjectSO:research:survival:preservation, ResearchProjectSO:research:survival:sanitation, ResearchProjectSO:research:survival:seasonal-storage","직접 참조 10건에 영향: FacilityBlueprintSO:facility-blueprint:6103, ResearchProjectSO:research:agriculture:indoor, ResearchProjectSO:research:plumbing:sewer, ResearchProjectSO:research:survival:preservation",research-topology-and-unlocks; niche=field+prerequisites+unlocks; cost=requiredWork,Assets/Resources/SO/Research/Projects/survival_support.asset,c842252eac7214149b538f1308162eac,"{""fileID"":11400000,""guid"":""b791025255c3809d782186d5f1c52415"",""type"":2}",1,ResearchBlueprintRule,Required,explicit-serialized,"식사와 휴식, 기본 생활 설비의 효율을 높인다.",생활 지원,[],0,"[{""capability"":0,""requiredCount"":1}]",1,0,ResearchField,Life And Survival,explicit-serialized,"{""fileID"":0}",7002,0,ResearchPrerequisiteKind,Theory,implicit-csharp-default,survival_support,1,"[{""kind"":2,""prerequisite"":{""fileID"":11400000,""guid"":""d75bc5c0a1a2a2e4aa3f082b164eadfa"",""type"":2},""prerequisiteId"":""research:survival:sanitation"",""reason"":""기초 위생의 공학 원리이(가) 생활 지원 구현에 직접 필요하다.""}]",1,"[{""fileID"":11400000,""guid"":""d75bc5c0a1a2a2e4aa3f082b164eadfa"",""type"":2}]",1,research:survival:support,28,"{""items"":[{""rid"":7737212199327498695},{""rid"":7737212199327498696},{""rid"":7737212199327498697},{""rid"":7737212199327498698},{""rid"":7737212199327498699},{""rid"":7737212199327498700},{""rid"":7737212199327498701}]}"
research-effects,ResearchProjectSO,ResearchProjectSO|research:textile:dreamweave,research:textile:dreamweave,몽직물,몽엽과 섬유를 엮어 초경량 정신 저항 원단을 만든다.,분야 11; 작업 84; 선행 4; 해금 1; 시설 요구 2; 효과 0,prerequisite:research:pharmacology:anesthesia; prerequisite:research:pharmacology:anesthesia; prerequisite:research:pharmacology:anesthesia; prerequisite:research:textile:layered; prerequisite:research:textile:layered; prerequisite:research:textile:layered; unlocks-building:building:1092,진행 역할은 '몽엽과 섬유를 엮어 초경량 정신 저항 원단을 만든다'이다. 선행 4개와 해금 1개를 연구 그래프에 연결한다.,research-topology-and-unlocks,근거 확인,,active-authored,Assets/Resources/SO/Content/GameDomainContentCatalog.asset; Assets/Resources/SO/GameContentCatalog.asset,catalog-registered-static-consumer,Assets/Scripts/Services/Effects/Runtime/CharacterDerivedStatsSnapshot.cs; Assets/Scripts/Services/Infrastructure/BlueprintResearchContracts.cs; Assets/Scripts/Services/Infrastructure/BlueprintResearchProjectCoordinator.cs; Assets/Scripts/Services/Infrastructure/BlueprintResearchRuntime.cs; Assets/Scripts/Services/Infrastructure/BlueprintResearchRuntimeProvider.cs; Assets/Scripts/Services/Infrastructure/BlueprintResearchSaveSection.cs; Assets/Scripts/Services/Infrastructure/ResearchCraftingSummaryService.cs; Assets/Scripts/Services/Infrastructure/ResearchFacilityCapacityAdapter.cs; Assets/Scripts/Services/Infrastructure/ResearchGraphLayoutService.cs; Assets/Scripts/Services/Infrastructure/ResearchProjectCatalogAdapter.cs; Assets/Scripts/Services/Infrastructure/ResearchRewardCatalogAdapter.cs; Assets/Scripts/Services/Run/FirstRunObjectiveRuntime.cs,Assets/Scripts/Services/Infrastructure/BlueprintResearchContracts.cs; Assets/Scripts/Services/Infrastructure/BlueprintResearchRuntime.cs; Assets/Scripts/Services/Infrastructure/BlueprintResearchSaveSection.cs; Assets/Scripts/Services/Infrastructure/ResearchCraftingSummaryService.cs; Assets/Scripts/Services/Run/FirstRunObjectiveRuntime.cs; Assets/Scripts/Services/Run/V20MilestoneWorldSnapshotProjector.cs; Assets/Scripts/Views/UI/ResearchTreeWindow.cs,3,CraftMaterialDefinitionSO; ProductionRecipeSO,진행 역할은 '몽엽과 섬유를 엮어 초경량 정신 저항 원단을 만든다'이다. 선행 4개와 해금 1개를 연구 그래프에 연결한다.,연구 분야 11의 선행·해금 그래프에서 진행 경계를 만든다.,requiredWork=84,research-field:11,"비교 후보(대체 가능성 미검증): ResearchProjectSO:research:equipment:armor-tailoring, ResearchProjectSO:research:textile:fiber, ResearchProjectSO:research:textile:layered, ResearchProjectSO:research:textile:rune-leather, ResearchProjectSO:research:textile:tailoring, ResearchProjectSO:research:textile:tanning","직접 참조 3건에 영향: CraftMaterialDefinitionSO:material:dreamweave, ProductionRecipeSO:recipe:component:dreamweave-rune-lining, ProductionRecipeSO:recipe:dreamweave",research-topology-and-unlocks; niche=field+prerequisites+unlocks; cost=requiredWork,Assets/Resources/SO/Research/Projects/textile_dreamweave.asset,71c807e1b7aff89438bef5aa1ff83bf8,"{""fileID"":0}",0,ResearchBlueprintRule,None,explicit-serialized,몽엽과 섬유를 엮어 초경량 정신 저항 원단을 만든다.,몽직물,[],0,"[{""capability"":0,""requiredCount"":1},{""capability"":3,""requiredCount"":1}]",2,11,ResearchField,Textiles,explicit-serialized,"{""fileID"":0}",7116,0,ResearchPrerequisiteKind,Theory,implicit-csharp-default,textile_dreamweave,1,"[{""kind"":2,""prerequisite"":{""fileID"":11400000,""guid"":""5d24ff7a48d2e42439661cde8f81fdae"",""type"":2},""prerequisiteId"":""research:pharmacology:anesthesia"",""reason"":""진통·마취의 공학 원리이(가) 몽직물 구현에 직접 필요하다.""},{""kind"":1,""prerequisite"":{""fileID"":11400000,""guid"":""14cff071c7b50164e897a3bf13dde4ee"",""type"":2},""prerequisiteId"":""research:textile:layered"",""reason"":""층상 방어구의 제작 기법이(가) 몽직물 구현에 직접 필요하다.""}]",2,"[{""fileID"":11400000,""guid"":""5d24ff7a48d2e42439661cde8f81fdae"",""type"":2},{""fileID"":11400000,""guid"":""14cff071c7b50164e897a3bf13dde4ee"",""type"":2}]",2,research:textile:dreamweave,84,"{""items"":[{""rid"":7737212199327498702}]}"
research-effects,ResearchProjectSO,ResearchProjectSO|research:textile:fiber,research:textile:fiber,섬유 가공,"그늘섬유와 털을 천, 붕대와 활시위로 잣는다.",분야 11; 작업 17; 선행 0; 해금 23; 시설 요구 1; 효과 0,unlocks-building:building:1083; unlocks-building:building:1623; unlocks-building:building:9303; unlocks-building:building:9304; unlocks-building:building:9309; unlocks-building:building:9310; unlocks-building:building:9311; unlocks-recipe:recipe:v22:apparel:chest-wrap; unlocks-recipe:recipe:v22:apparel:footwraps; unlocks-recipe:recipe:v22:apparel:loincloth-underwear; unlocks-recipe:recipe:v22:apparel:long-underpants; unlocks-recipe:recipe:v22:apparel:lower-underwear; unlocks-recipe:recipe:v22:apparel:socks; unlocks-recipe:recipe:v22:apparel:undershirt; unlocks-recipe:recipe:v22:sewing-thread; unlocks-recipe:recipe:v22:spin:common-wool; unlocks-recipe:recipe:v22:spin:ember-cotton; unlocks-recipe:recipe:v22:spin:frost-linen; unlocks-recipe:recipe:v22:spin:shade-cloth; unlocks-recipe:recipe:v22:weave:common-wool; unlocks-recipe:recipe:v22:weave:ember-cotton; unlocks-recipe:recipe:v22:weave:frost-linen; unlocks-recipe:recipe:v22:weave:shade-cloth,"진행 역할은 '그늘섬유와 털을 천, 붕대와 활시위로 잣는다'이다. 선행 0개와 해금 23개를 연구 그래프에 연결한다.",research-topology-and-unlocks,근거 확인,,active-authored,Assets/Resources/SO/Content/GameDomainContentCatalog.asset; Assets/Resources/SO/GameContentCatalog.asset,catalog-registered-static-consumer,Assets/Scripts/Services/Effects/Runtime/CharacterDerivedStatsSnapshot.cs; Assets/Scripts/Services/Infrastructure/BlueprintResearchContracts.cs; Assets/Scripts/Services/Infrastructure/BlueprintResearchProjectCoordinator.cs; Assets/Scripts/Services/Infrastructure/BlueprintResearchRuntime.cs; Assets/Scripts/Services/Infrastructure/BlueprintResearchRuntimeProvider.cs; Assets/Scripts/Services/Infrastructure/BlueprintResearchSaveSection.cs; Assets/Scripts/Services/Infrastructure/ResearchCraftingSummaryService.cs; Assets/Scripts/Services/Infrastructure/ResearchFacilityCapacityAdapter.cs; Assets/Scripts/Services/Infrastructure/ResearchGraphLayoutService.cs; Assets/Scripts/Services/Infrastructure/ResearchProjectCatalogAdapter.cs; Assets/Scripts/Services/Infrastructure/ResearchRewardCatalogAdapter.cs; Assets/Scripts/Services/Run/FirstRunObjectiveRuntime.cs,Assets/Scripts/Services/Infrastructure/BlueprintResearchContracts.cs; Assets/Scripts/Services/Infrastructure/BlueprintResearchRuntime.cs; Assets/Scripts/Services/Infrastructure/BlueprintResearchSaveSection.cs; Assets/Scripts/Services/Infrastructure/ResearchCraftingSummaryService.cs; Assets/Scripts/Services/Run/FirstRunObjectiveRuntime.cs; Assets/Scripts/Services/Run/V20MilestoneWorldSnapshotProjector.cs; Assets/Scripts/Views/UI/ResearchTreeWindow.cs,49,ApparelDefinitionSO; CraftMaterialDefinitionSO; CropDefinitionSO; ProductionRecipeSO; ResearchProjectSO; TextileMaterialDefinitionSO,"진행 역할은 '그늘섬유와 털을 천, 붕대와 활시위로 잣는다'이다. 선행 0개와 해금 23개를 연구 그래프에 연결한다.",연구 분야 11의 선행·해금 그래프에서 진행 경계를 만든다.,requiredWork=17,research-field:11,"비교 후보(대체 가능성 미검증): ResearchProjectSO:research:equipment:armor-tailoring, ResearchProjectSO:research:textile:dreamweave, ResearchProjectSO:research:textile:layered, ResearchProjectSO:research:textile:rune-leather, ResearchProjectSO:research:textile:tailoring, ResearchProjectSO:research:textile:tanning","직접 참조 49건에 영향: ApparelDefinitionSO:apparel:23001, ApparelDefinitionSO:apparel:23002, ApparelDefinitionSO:apparel:23003, ApparelDefinitionSO:apparel:23004, ApparelDefinitionSO:apparel:23005, ApparelDefinitionSO:apparel:23006, ApparelDefinitionSO:apparel:23007, CraftMaterialDefinitionSO:material:cloth, CropDefinitionSO:crop:ember-cotton, CropDefinitionSO:crop:frost-flax 외",research-topology-and-unlocks; niche=field+prerequisites+unlocks; cost=requiredWork,Assets/Resources/SO/Research/Projects/textile_fiber.asset,8f2a5bca31574f1478107e01d22cd5f2,"{""fileID"":0}",0,ResearchBlueprintRule,None,explicit-serialized,"그늘섬유와 털을 천, 붕대와 활시위로 잣는다.",섬유 가공,[],0,"[{""capability"":0,""requiredCount"":1}]",1,11,ResearchField,Textiles,explicit-serialized,"{""fileID"":0}",7111,0,ResearchPrerequisiteKind,Theory,implicit-csharp-default,textile_fiber,1,[],0,[],0,research:textile:fiber,17,"{""items"":[{""rid"":7737212199327498703},{""rid"":7737212199327498704},{""rid"":7737212199327498705},{""rid"":7737212199327498706},{""rid"":7737212199327498707},{""rid"":7737212199327498708},{""rid"":7737212199327498709},{""rid"":7737212199327498710},{""rid"":7737212199327498711},{""rid"":7737212199327498712},{""rid"":7737212199327498713},{""rid"":7737212199327498714},{""rid"":7737212199327498715},{""rid"":7737212199327498716},{""rid"":7737212199327498717},{""rid"":7737212199327498718},{""rid"":7737212199327498719},{""rid"":7737212199327498720},{""rid"":7737212199327498721},{""rid"":7737212199327498722},{""rid"":7737212199327498723},{""rid"":7737212199327498724},{""rid"":7737212199327498725}]}"
research-effects,ResearchProjectSO,ResearchProjectSO|research:textile:layered,research:textile:layered,층상 방어구,여러 원단층으로 부위별 방어를 강화한다.,분야 11; 작업 60; 선행 2; 해금 18; 시설 요구 2; 효과 0,prerequisite:research:textile:tailoring; prerequisite:research:textile:tailoring; prerequisite:research:textile:tailoring; unlocks-building:building:9312; unlocks-recipe:recipe:v22:apparel:golem-functional-lining; unlocks-recipe:recipe:v22:apparel:heat-work-suit; unlocks-recipe:recipe:v22:apparel:miner-workwear; unlocks-recipe:recipe:v22:apparel:raincoat; unlocks-recipe:recipe:v22:apparel:smith-apron; unlocks-recipe:recipe:v22:apparel:smoke-protection-hood; unlocks-recipe:recipe:v22:apparel:spore-protection-hood; unlocks-recipe:recipe:v22:apparel:tail-guard; unlocks-recipe:recipe:v22:apparel:waterproof-work-suit; unlocks-recipe:recipe:v22:spin:deep-goat-wool; unlocks-recipe:recipe:v22:spin:frost-wool; unlocks-recipe:recipe:v22:spin:mire-canvas; unlocks-recipe:recipe:v22:spin:spore-hemp; unlocks-recipe:recipe:v22:weave:deep-goat-wool; unlocks-recipe:recipe:v22:weave:frost-wool; unlocks-recipe:recipe:v22:weave:mire-canvas; unlocks-recipe:recipe:v22:weave:spore-hemp,진행 역할은 '여러 원단층으로 부위별 방어를 강화한다'이다. 선행 2개와 해금 18개를 연구 그래프에 연결한다.,research-topology-and-unlocks,근거 확인,,active-authored,Assets/Resources/SO/Content/GameDomainContentCatalog.asset; Assets/Resources/SO/GameContentCatalog.asset,catalog-registered-static-consumer,Assets/Scripts/Services/Effects/Runtime/CharacterDerivedStatsSnapshot.cs; Assets/Scripts/Services/Infrastructure/BlueprintResearchContracts.cs; Assets/Scripts/Services/Infrastructure/BlueprintResearchProjectCoordinator.cs; Assets/Scripts/Services/Infrastructure/BlueprintResearchRuntime.cs; Assets/Scripts/Services/Infrastructure/BlueprintResearchRuntimeProvider.cs; Assets/Scripts/Services/Infrastructure/BlueprintResearchSaveSection.cs; Assets/Scripts/Services/Infrastructure/ResearchCraftingSummaryService.cs; Assets/Scripts/Services/Infrastructure/ResearchFacilityCapacityAdapter.cs; Assets/Scripts/Services/Infrastructure/ResearchGraphLayoutService.cs; Assets/Scripts/Services/Infrastructure/ResearchProjectCatalogAdapter.cs; Assets/Scripts/Services/Infrastructure/ResearchRewardCatalogAdapter.cs; Assets/Scripts/Services/Run/FirstRunObjectiveRuntime.cs,Assets/Scripts/Services/Infrastructure/BlueprintResearchContracts.cs; Assets/Scripts/Services/Infrastructure/BlueprintResearchRuntime.cs; Assets/Scripts/Services/Infrastructure/BlueprintResearchSaveSection.cs; Assets/Scripts/Services/Infrastructure/ResearchCraftingSummaryService.cs; Assets/Scripts/Services/Run/FirstRunObjectiveRuntime.cs; Assets/Scripts/Services/Run/V20MilestoneWorldSnapshotProjector.cs; Assets/Scripts/Views/UI/ResearchTreeWindow.cs,44,ApparelDefinitionSO; ProductionRecipeSO; ResearchProjectSO; TextileMaterialDefinitionSO,진행 역할은 '여러 원단층으로 부위별 방어를 강화한다'이다. 선행 2개와 해금 18개를 연구 그래프에 연결한다.,연구 분야 11의 선행·해금 그래프에서 진행 경계를 만든다.,requiredWork=60,research-field:11,"비교 후보(대체 가능성 미검증): ResearchProjectSO:research:equipment:armor-tailoring, ResearchProjectSO:research:textile:dreamweave, ResearchProjectSO:research:textile:fiber, ResearchProjectSO:research:textile:rune-leather, ResearchProjectSO:research:textile:tailoring, ResearchProjectSO:research:textile:tanning","직접 참조 44건에 영향: ApparelDefinitionSO:apparel:23010, ApparelDefinitionSO:apparel:23022, ApparelDefinitionSO:apparel:23027, ApparelDefinitionSO:apparel:23028, ApparelDefinitionSO:apparel:23029, ApparelDefinitionSO:apparel:23030, ApparelDefinitionSO:apparel:23033, ApparelDefinitionSO:apparel:23034, ApparelDefinitionSO:apparel:23053, ProductionRecipeSO:recipe:component:textile-hardener 외",research-topology-and-unlocks; niche=field+prerequisites+unlocks; cost=requiredWork,Assets/Resources/SO/Research/Projects/textile_layered.asset,14cff071c7b50164e897a3bf13dde4ee,"{""fileID"":0}",0,ResearchBlueprintRule,None,explicit-serialized,여러 원단층으로 부위별 방어를 강화한다.,층상 방어구,[],0,"[{""capability"":0,""requiredCount"":1},{""capability"":3,""requiredCount"":1}]",2,11,ResearchField,Textiles,explicit-serialized,"{""fileID"":0}",7114,0,ResearchPrerequisiteKind,Theory,implicit-csharp-default,textile_layered,1,"[{""kind"":1,""prerequisite"":{""fileID"":11400000,""guid"":""30bd82079e05a0d4ca9c1c9b7fb4133f"",""type"":2},""prerequisiteId"":""research:textile:tailoring"",""reason"":""재봉의 제작 기법이(가) 층상 방어구 구현에 직접 필요하다.""}]",1,"[{""fileID"":11400000,""guid"":""30bd82079e05a0d4ca9c1c9b7fb4133f"",""type"":2}]",1,research:textile:layered,60,"{""items"":[{""rid"":7737212199327498726},{""rid"":7737212199327498727},{""rid"":7737212199327498728},{""rid"":7737212199327498729},{""rid"":7737212199327498730},{""rid"":7737212199327498731},{""rid"":7737212199327498732},{""rid"":7737212199327498733},{""rid"":7737212199327498734},{""rid"":7737212199327498735},{""rid"":7737212199327498736},{""rid"":7737212199327498737},{""rid"":7737212199327498738},{""rid"":7737212199327498739},{""rid"":7737212199327498740},{""rid"":7737212199327498741},{""rid"":7737212199327498742},{""rid"":7737212199327498743}]}"
research-effects,ResearchProjectSO,ResearchProjectSO|research:textile:rune-leather,research:textile:rune-leather,룬가죽,가죽에 마나 문양을 새겨 방어와 마법 저항을 높인다.,분야 11; 작업 60; 선행 4; 해금 0; 시설 요구 2; 효과 0,prerequisite:research:arcane:advanced; prerequisite:research:arcane:advanced; prerequisite:research:arcane:advanced; prerequisite:research:textile:tanning; prerequisite:research:textile:tanning; prerequisite:research:textile:tanning,진행 역할은 '가죽에 마나 문양을 새겨 방어와 마법 저항을 높인다'이다. 선행 4개와 해금 0개를 연구 그래프에 연결한다.,research-topology-and-unlocks,근거 확인,,active-authored,Assets/Resources/SO/Content/GameDomainContentCatalog.asset; Assets/Resources/SO/GameContentCatalog.asset,catalog-registered-static-consumer,Assets/Scripts/Services/Effects/Runtime/CharacterDerivedStatsSnapshot.cs; Assets/Scripts/Services/Infrastructure/BlueprintResearchContracts.cs; Assets/Scripts/Services/Infrastructure/BlueprintResearchProjectCoordinator.cs; Assets/Scripts/Services/Infrastructure/BlueprintResearchRuntime.cs; Assets/Scripts/Services/Infrastructure/BlueprintResearchRuntimeProvider.cs; Assets/Scripts/Services/Infrastructure/BlueprintResearchSaveSection.cs; Assets/Scripts/Services/Infrastructure/ResearchCraftingSummaryService.cs; Assets/Scripts/Services/Infrastructure/ResearchFacilityCapacityAdapter.cs; Assets/Scripts/Services/Infrastructure/ResearchGraphLayoutService.cs; Assets/Scripts/Services/Infrastructure/ResearchProjectCatalogAdapter.cs; Assets/Scripts/Services/Infrastructure/ResearchRewardCatalogAdapter.cs; Assets/Scripts/Services/Run/FirstRunObjectiveRuntime.cs,Assets/Scripts/Services/Infrastructure/BlueprintResearchContracts.cs; Assets/Scripts/Services/Infrastructure/BlueprintResearchRuntime.cs; Assets/Scripts/Services/Infrastructure/BlueprintResearchSaveSection.cs; Assets/Scripts/Services/Infrastructure/ResearchCraftingSummaryService.cs; Assets/Scripts/Services/Run/FirstRunObjectiveRuntime.cs; Assets/Scripts/Services/Run/V20MilestoneWorldSnapshotProjector.cs; Assets/Scripts/Views/UI/ResearchTreeWindow.cs,6,CraftMaterialDefinitionSO; ProductionRecipeSO; ResearchProjectSO,진행 역할은 '가죽에 마나 문양을 새겨 방어와 마법 저항을 높인다'이다. 선행 4개와 해금 0개를 연구 그래프에 연결한다.,연구 분야 11의 선행·해금 그래프에서 진행 경계를 만든다.,requiredWork=60,research-field:11,"비교 후보(대체 가능성 미검증): ResearchProjectSO:research:equipment:armor-tailoring, ResearchProjectSO:research:textile:dreamweave, ResearchProjectSO:research:textile:fiber, ResearchProjectSO:research:textile:layered, ResearchProjectSO:research:textile:tailoring, ResearchProjectSO:research:textile:tanning","직접 참조 6건에 영향: CraftMaterialDefinitionSO:material:rune-leather, ProductionRecipeSO:recipe:component:rune-leather-lining, ProductionRecipeSO:recipe:rune-leather, ResearchProjectSO:research:environment:rune-insulation",research-topology-and-unlocks; niche=field+prerequisites+unlocks; cost=requiredWork,Assets/Resources/SO/Research/Projects/textile_rune_leather.asset,8ac67a646af7ea148bef357bd91c4bb7,"{""fileID"":0}",0,ResearchBlueprintRule,None,explicit-serialized,가죽에 마나 문양을 새겨 방어와 마법 저항을 높인다.,룬가죽,[],0,"[{""capability"":0,""requiredCount"":1},{""capability"":3,""requiredCount"":1}]",2,11,ResearchField,Textiles,explicit-serialized,"{""fileID"":0}",7115,0,ResearchPrerequisiteKind,Theory,implicit-csharp-default,textile_rune_leather,1,"[{""kind"":0,""prerequisite"":{""fileID"":11400000,""guid"":""e352d43e288d89f45b1bc8be3bf62967"",""type"":2},""prerequisiteId"":""research:arcane:advanced"",""reason"":""비전 연구의 이론이(가) 룬가죽 구현에 직접 필요하다.""},{""kind"":1,""prerequisite"":{""fileID"":11400000,""guid"":""94c250e80abfe814a9a2b60a972836f0"",""type"":2},""prerequisiteId"":""research:textile:tanning"",""reason"":""무두질의 제작 기법이(가) 룬가죽 구현에 직접 필요하다.""}]",2,"[{""fileID"":11400000,""guid"":""e352d43e288d89f45b1bc8be3bf62967"",""type"":2},{""fileID"":11400000,""guid"":""94c250e80abfe814a9a2b60a972836f0"",""type"":2}]",2,research:textile:rune-leather,60,"{""items"":[]}"
research-effects,ResearchProjectSO,ResearchProjectSO|research:textile:tailoring,research:textile:tailoring,재봉,직물과 가죽으로 의복과 연갑을 만든다.,분야 11; 작업 42; 선행 2; 해금 46; 시설 요구 2; 효과 0,prerequisite:research:textile:tanning; prerequisite:research:textile:tanning; prerequisite:research:textile:tanning; unlocks-building:building:9301; unlocks-building:building:9302; unlocks-building:building:9306; unlocks-building:building:9307; unlocks-recipe:recipe:v22:apparel:apron; unlocks-recipe:recipe:v22:apparel:belt; unlocks-recipe:recipe:v22:apparel:blouse; unlocks-recipe:recipe:v22:apparel:boots; unlocks-recipe:recipe:v22:apparel:ceremonial-dress; unlocks-recipe:recipe:v22:apparel:cloak; unlocks-recipe:recipe:v22:apparel:contract-sash; unlocks-recipe:recipe:v22:apparel:daily-robe; unlocks-recipe:recipe:v22:apparel:envoy-coat; unlocks-recipe:recipe:v22:apparel:farmer-workwear; unlocks-recipe:recipe:v22:apparel:festival-vest; unlocks-recipe:recipe:v22:apparel:formal-coat; unlocks-recipe:recipe:v22:apparel:gloves; unlocks-recipe:recipe:v22:apparel:hat; unlocks-recipe:recipe:v22:apparel:hooded-robe; unlocks-recipe:recipe:v22:apparel:horn-ring; unlocks-recipe:recipe:v22:apparel:keeper-coat; unlocks-recipe:recipe:v22:apparel:mourning-clothes; unlocks-recipe:recipe:v22:apparel:ritual-robe; unlocks-recipe:recipe:v22:apparel:scarf; unlocks-recipe:recipe:v22:apparel:shorts; unlocks-recipe:recipe:v22:apparel:skirt; unlocks-recipe:recipe:v22:apparel:sky-chorus-shawl; unlocks-recipe:recipe:v22:apparel:sleep-bottom; unlocks-recipe:recipe:v22:apparel:sleep-top; unlocks-recipe:recipe:v22:apparel:spore-garden-cloak; unlocks-recipe:recipe:v22:apparel:sterile-gown; unlocks-recipe:recipe:v22:apparel:surgical-apron; unlocks-recipe:recipe:v22:apparel:tail-ribbon; unlocks-recipe:recipe:v22:apparel:trousers; unlocks-recipe:recipe:v22:apparel:tunic; unlocks-recipe:recipe:v22:apparel:vest; unlocks-recipe:recipe:v22:apparel:weapon-vigil-cloak; unlocks-recipe:recipe:v22:apparel:wing-cloak; unlocks-recipe:recipe:v22:apparel:wing-harness; unlocks-recipe:recipe:v22:apparel:work-shirt; unlocks-recipe:recipe:v22:mending-scrap; unlocks-recipe:recipe:v22:sewing-kit; unlocks-recipe:recipe:v22:spin:cave-silk; unlocks-recipe:recipe:v22:spin:dreamweave; unlocks-recipe:recipe:v22:weave:cave-silk; unlocks-recipe:recipe:v22:weave:dreamweave,진행 역할은 '직물과 가죽으로 의복과 연갑을 만든다'이다. 선행 2개와 해금 46개를 연구 그래프에 연결한다.,research-topology-and-unlocks,근거 확인,,active-authored,Assets/Resources/SO/Content/GameDomainContentCatalog.asset; Assets/Resources/SO/GameContentCatalog.asset,catalog-registered-static-consumer,Assets/Scripts/Services/Economy/ResourceEconomyContentCatalog.cs; Assets/Scripts/Services/Effects/Runtime/CharacterDerivedStatsSnapshot.cs; Assets/Scripts/Services/Infrastructure/BlueprintResearchContracts.cs; Assets/Scripts/Services/Infrastructure/BlueprintResearchProjectCoordinator.cs; Assets/Scripts/Services/Infrastructure/BlueprintResearchRuntime.cs; Assets/Scripts/Services/Infrastructure/BlueprintResearchRuntimeProvider.cs; Assets/Scripts/Services/Infrastructure/BlueprintResearchSaveSection.cs; Assets/Scripts/Services/Infrastructure/ResearchCraftingSummaryService.cs; Assets/Scripts/Services/Infrastructure/ResearchFacilityCapacityAdapter.cs; Assets/Scripts/Services/Infrastructure/ResearchGraphLayoutService.cs; Assets/Scripts/Services/Infrastructure/ResearchProjectCatalogAdapter.cs; Assets/Scripts/Services/Infrastructure/ResearchRewardCatalogAdapter.cs,Assets/Scripts/Services/Infrastructure/BlueprintResearchContracts.cs; Assets/Scripts/Services/Infrastructure/BlueprintResearchRuntime.cs; Assets/Scripts/Services/Infrastructure/BlueprintResearchSaveSection.cs; Assets/Scripts/Services/Infrastructure/ResearchCraftingSummaryService.cs; Assets/Scripts/Services/Run/FirstRunObjectiveRuntime.cs; Assets/Scripts/Services/Run/V20MilestoneWorldSnapshotProjector.cs; Assets/Scripts/Views/UI/ResearchTreeWindow.cs,96,ApparelDefinitionSO; CombatArmorSO; ProductionRecipeSO; ResearchProjectSO; TextileMaterialDefinitionSO,진행 역할은 '직물과 가죽으로 의복과 연갑을 만든다'이다. 선행 2개와 해금 46개를 연구 그래프에 연결한다.,연구 분야 11의 선행·해금 그래프에서 진행 경계를 만든다.,requiredWork=42,research-field:11,"비교 후보(대체 가능성 미검증): ResearchProjectSO:research:equipment:armor-tailoring, ResearchProjectSO:research:textile:dreamweave, ResearchProjectSO:research:textile:fiber, ResearchProjectSO:research:textile:layered, ResearchProjectSO:research:textile:rune-leather, ResearchProjectSO:research:textile:tanning","직접 참조 96건에 영향: ApparelDefinitionSO:apparel:23008, ApparelDefinitionSO:apparel:23009, ApparelDefinitionSO:apparel:23011, ApparelDefinitionSO:apparel:23012, ApparelDefinitionSO:apparel:23013, ApparelDefinitionSO:apparel:23014, ApparelDefinitionSO:apparel:23015, ApparelDefinitionSO:apparel:23016, ApparelDefinitionSO:apparel:23017, ApparelDefinitionSO:apparel:23018 외",research-topology-and-unlocks; niche=field+prerequisites+unlocks; cost=requiredWork,Assets/Resources/SO/Research/Projects/textile_tailoring.asset,30bd82079e05a0d4ca9c1c9b7fb4133f,"{""fileID"":0}",0,ResearchBlueprintRule,None,explicit-serialized,직물과 가죽으로 의복과 연갑을 만든다.,재봉,[],0,"[{""capability"":0,""requiredCount"":1},{""capability"":3,""requiredCount"":1}]",2,11,ResearchField,Textiles,explicit-serialized,"{""fileID"":0}",7113,0,ResearchPrerequisiteKind,Theory,implicit-csharp-default,textile_tailoring,1,"[{""kind"":1,""prerequisite"":{""fileID"":11400000,""guid"":""94c250e80abfe814a9a2b60a972836f0"",""type"":2},""prerequisiteId"":""research:textile:tanning"",""reason"":""무두질의 제작 기법이(가) 재봉 구현에 직접 필요하다.""}]",1,"[{""fileID"":11400000,""guid"":""94c250e80abfe814a9a2b60a972836f0"",""type"":2}]",1,research:textile:tailoring,42,"{""items"":[{""rid"":7737212199327498744},{""rid"":7737212199327498745},{""rid"":7737212199327498746},{""rid"":7737212199327498747},{""rid"":7737212199327498748},{""rid"":7737212199327498749},{""rid"":7737212199327498750},{""rid"":7737212199327498751},{""rid"":7737212199327498752},{""rid"":7737212199327498753},{""rid"":7737212199327498754},{""rid"":7737212199327498755},{""rid"":7737212199327498756},{""rid"":7737212199327498757},{""rid"":7737212199327498758},{""rid"":7737212199327498759},{""rid"":7737212199327498760},{""rid"":7737212199327498761},{""rid"":7737212199327498762},{""rid"":7737212199327498763},{""rid"":7737212199327498764},{""rid"":7737212199327498765},{""rid"":7737212199327498766},{""rid"":7737212199327498767},{""rid"":7737212199327498768},{""rid"":7737212199327498769},{""rid"":7737212199327498770},{""rid"":7737212199327498771},{""rid"":7737212199327498772},{""rid"":7737212199327498773},{""rid"":7737212199327498774},{""rid"":7737212199327498775},{""rid"":7737212199327498776},{""rid"":7737212199327498777},{""rid"":7737212199327498778},{""rid"":7737212199327498779},{""rid"":7737212199327498780},{""rid"":7737212199327498781},{""rid"":7737212199327498782},{""rid"":7737212199327498783},{""rid"":7737212199327498784},{""rid"":7737212199327498785},{""rid"":7737212199327498786},{""rid"":7737212199327498787},{""rid"":7737212199327498788},{""rid"":7737212199327498789}]}"
research-effects,ResearchProjectSO,ResearchProjectSO|research:textile:tanning,research:textile:tanning,무두질,가죽과 소금석을 내구성 있는 원단으로 가공한다.,분야 11; 작업 28; 선행 2; 해금 1; 시설 요구 1; 효과 0,prerequisite:research:textile:fiber; prerequisite:research:textile:fiber; prerequisite:research:textile:fiber; unlocks-building:building:1084,진행 역할은 '가죽과 소금석을 내구성 있는 원단으로 가공한다'이다. 선행 2개와 해금 1개를 연구 그래프에 연결한다.,research-topology-and-unlocks,근거 확인,,active-authored,Assets/Resources/SO/Content/GameDomainContentCatalog.asset; Assets/Resources/SO/GameContentCatalog.asset,catalog-registered-static-consumer,Assets/Scripts/Services/Effects/Runtime/CharacterDerivedStatsSnapshot.cs; Assets/Scripts/Services/Infrastructure/BlueprintResearchContracts.cs; Assets/Scripts/Services/Infrastructure/BlueprintResearchProjectCoordinator.cs; Assets/Scripts/Services/Infrastructure/BlueprintResearchRuntime.cs; Assets/Scripts/Services/Infrastructure/BlueprintResearchRuntimeProvider.cs; Assets/Scripts/Services/Infrastructure/BlueprintResearchSaveSection.cs; Assets/Scripts/Services/Infrastructure/ResearchCraftingSummaryService.cs; Assets/Scripts/Services/Infrastructure/ResearchFacilityCapacityAdapter.cs; Assets/Scripts/Services/Infrastructure/ResearchGraphLayoutService.cs; Assets/Scripts/Services/Infrastructure/ResearchProjectCatalogAdapter.cs; Assets/Scripts/Services/Infrastructure/ResearchRewardCatalogAdapter.cs; Assets/Scripts/Services/Run/FirstRunObjectiveRuntime.cs,Assets/Scripts/Services/Infrastructure/BlueprintResearchContracts.cs; Assets/Scripts/Services/Infrastructure/BlueprintResearchRuntime.cs; Assets/Scripts/Services/Infrastructure/BlueprintResearchSaveSection.cs; Assets/Scripts/Services/Infrastructure/ResearchCraftingSummaryService.cs; Assets/Scripts/Services/Run/FirstRunObjectiveRuntime.cs; Assets/Scripts/Services/Run/V20MilestoneWorldSnapshotProjector.cs; Assets/Scripts/Views/UI/ResearchTreeWindow.cs,10,CombatArmorSO; CraftMaterialDefinitionSO; ProductionRecipeSO; ResearchProjectSO,진행 역할은 '가죽과 소금석을 내구성 있는 원단으로 가공한다'이다. 선행 2개와 해금 1개를 연구 그래프에 연결한다.,연구 분야 11의 선행·해금 그래프에서 진행 경계를 만든다.,requiredWork=28,research-field:11,"비교 후보(대체 가능성 미검증): ResearchProjectSO:research:equipment:armor-tailoring, ResearchProjectSO:research:textile:dreamweave, ResearchProjectSO:research:textile:fiber, ResearchProjectSO:research:textile:layered, ResearchProjectSO:research:textile:rune-leather, ResearchProjectSO:research:textile:tailoring","직접 참조 10건에 영향: CombatArmorSO:equipment-item:armor:hardened-leather-coat, CombatArmorSO:equipment-item:armor:leather, CraftMaterialDefinitionSO:material:leather, ProductionRecipeSO:recipe:leather, ResearchProjectSO:research:textile:rune-leather, ResearchProjectSO:research:textile:tailoring",research-topology-and-unlocks; niche=field+prerequisites+unlocks; cost=requiredWork,Assets/Resources/SO/Research/Projects/textile_tanning.asset,94c250e80abfe814a9a2b60a972836f0,"{""fileID"":0}",0,ResearchBlueprintRule,None,explicit-serialized,가죽과 소금석을 내구성 있는 원단으로 가공한다.,무두질,[],0,"[{""capability"":0,""requiredCount"":1}]",1,11,ResearchField,Textiles,explicit-serialized,"{""fileID"":0}",7112,0,ResearchPrerequisiteKind,Theory,implicit-csharp-default,textile_tanning,1,"[{""kind"":1,""prerequisite"":{""fileID"":11400000,""guid"":""8f2a5bca31574f1478107e01d22cd5f2"",""type"":2},""prerequisiteId"":""research:textile:fiber"",""reason"":""섬유 가공의 제작 기법이(가) 무두질 구현에 직접 필요하다.""}]",1,"[{""fileID"":11400000,""guid"":""8f2a5bca31574f1478107e01d22cd5f2"",""type"":2}]",1,research:textile:tanning,28,"{""items"":[{""rid"":7737212199327498790}]}"
