"stable_id","display_name","asset_classification","source_category","source_declared_function","portfolio_commitment","same_era_alternative_candidates","functional_recognition_contract","activation_receipt","repurpose_or_recovery","status"
"building:10","저가 음식점","player-composable-part","Shop (상점)","시설의 고유 역할은 내부 공정 재고이다. 건설에는 작업량 30, 재료 material:steel-ingot×1이 필요하다.","이 환대·교역 파츠에 객실·재고·서비스 인력을 배정해 주민 생활 공간과 다른 서비스 투자를 늦춘다","비교 후보(대체 가능성 미검증): BuildingSO:building:6, BuildingSO:building:9502, BuildingSO:building:9504, BuildingSO:building:12, BuildingSO:building:11, BuildingSO:building:18, BuildingSO:building:13, BuildingSO:building:5","접수·보관·동선·서비스 인력과 실제 손님 또는 거래 기록이 연결될 때 기능을 인정한다","이 파츠가 포함된 방 또는 운영 구역에서 실제 주문·서비스·생산·보안·연구·거래 중 하나가 완료된 기록","예약·물품·손님 동선을 정리하고 파츠를 해체·운반·청소해 다른 방 기능으로 전환한다","설계 확정; source comparison candidates는 정적 후보이므로 실제 대체성·BOM·처리량·저장 검증 OPEN"
"building:1000","간이화덕","player-composable-part","Shop (상점)","시설의 고유 역할은 공정 자동화, 물류 입출력, 조리, 연료 소비, 욕구 회복이다. 건설에는 작업량 261, 재료 material:stone-block×9, material:iron-ingot×3이 필요하다.","이 환대·교역 파츠에 객실·재고·서비스 인력을 배정해 주민 생활 공간과 다른 서비스 투자를 늦춘다","비교 후보(대체 가능성 미검증): BuildingSO:building:1001","접수·보관·동선·서비스 인력과 실제 손님 또는 거래 기록이 연결될 때 기능을 인정한다","이 파츠가 포함된 방 또는 운영 구역에서 실제 주문·서비스·생산·보안·연구·거래 중 하나가 완료된 기록","예약·물품·손님 동선을 정리하고 파츠를 해체·운반·청소해 다른 방 기능으로 전환한다","설계 확정; source comparison candidates는 정적 후보이므로 실제 대체성·BOM·처리량·저장 검증 OPEN"
"building:1001","고기그릴","player-composable-part","Shop (상점)","시설의 고유 역할은 공정 자동화, 물류 입출력, 조리, 연료 소비, 욕구 회복이다. 건설에는 작업량 364, 재료 material:stone-block×4, material:iron-ingot×5이 필요하다.","이 환대·교역 파츠에 객실·재고·서비스 인력을 배정해 주민 생활 공간과 다른 서비스 투자를 늦춘다","비교 후보(대체 가능성 미검증): BuildingSO:building:1000","접수·보관·동선·서비스 인력과 실제 손님 또는 거래 기록이 연결될 때 기능을 인정한다","이 파츠가 포함된 방 또는 운영 구역에서 실제 주문·서비스·생산·보안·연구·거래 중 하나가 완료된 기록","예약·물품·손님 동선을 정리하고 파츠를 해체·운반·청소해 다른 방 기능으로 전환한다","설계 확정; source comparison candidates는 정적 후보이므로 실제 대체성·BOM·처리량·저장 검증 OPEN"
"building:1002","조리손질대","player-composable-part","Shop (상점)","시설의 고유 역할은 공정 자동화, 물류 입출력, 조리, 전력 소비, 생산 작업대이다. 건설에는 작업량 312, 재료 material:treated-lumber×9, material:iron-ingot×3, material:stone-block×2이 필요하다.","이 환대·교역 파츠에 객실·재고·서비스 인력을 배정해 주민 생활 공간과 다른 서비스 투자를 늦춘다","동일 비교군 없음","접수·보관·동선·서비스 인력과 실제 손님 또는 거래 기록이 연결될 때 기능을 인정한다","이 파츠가 포함된 방 또는 운영 구역에서 실제 주문·서비스·생산·보안·연구·거래 중 하나가 완료된 기록","예약·물품·손님 동선을 정리하고 파츠를 해체·운반·청소해 다른 방 기능으로 전환한다","설계 확정; source comparison candidates는 정적 후보이므로 실제 대체성·BOM·처리량·저장 검증 OPEN"
"building:1003","배식카운터","player-composable-part","Shop (상점)","시설의 고유 역할은 욕구 회복, 손님 서비스이다. 건설에는 작업량 451, 재료 material:lumber×8, material:iron-ingot×2이 필요하다.","이 환대·교역 파츠에 객실·재고·서비스 인력을 배정해 주민 생활 공간과 다른 서비스 투자를 늦춘다","동일 비교군 없음","접수·보관·동선·서비스 인력과 실제 손님 또는 거래 기록이 연결될 때 기능을 인정한다","이 파츠가 포함된 방 또는 운영 구역에서 실제 주문·서비스·생산·보안·연구·거래 중 하나가 완료된 기록","예약·물품·손님 동선을 정리하고 파츠를 해체·운반·청소해 다른 방 기능으로 전환한다","설계 확정; source comparison candidates는 정적 후보이므로 실제 대체성·BOM·처리량·저장 검증 OPEN"
"building:1004","소형식탁","player-composable-part","Shop (상점)","시설 동작은 BuildingEconomyAbility, BuildingEvolutionAbility, BuildingFacilityPartAbility, BuildingTableAbility, BuildingWorkAmountAbility 모듈로 구성된다. 건설에는 작업량 463, 재료 material:lumber×9이 필요하다.","이 환대·교역 파츠에 객실·재고·서비스 인력을 배정해 주민 생활 공간과 다른 서비스 투자를 늦춘다","비교 후보(대체 가능성 미검증): BuildingSO:building:1202, BuildingSO:building:1204, BuildingSO:building:1005, BuildingSO:building:1010","접수·보관·동선·서비스 인력과 실제 손님 또는 거래 기록이 연결될 때 기능을 인정한다","이 파츠가 포함된 방 또는 운영 구역에서 실제 주문·서비스·생산·보안·연구·거래 중 하나가 완료된 기록","예약·물품·손님 동선을 정리하고 파츠를 해체·운반·청소해 다른 방 기능으로 전환한다","설계 확정; source comparison candidates는 정적 후보이므로 실제 대체성·BOM·처리량·저장 검증 OPEN"
"building:1005","대형연회식탁","player-composable-part","Shop (상점)","시설 동작은 BuildingEconomyAbility, BuildingEvolutionAbility, BuildingFacilityPartAbility, BuildingTableAbility, BuildingWorkAmountAbility 모듈로 구성된다. 건설에는 작업량 566, 재료 material:lumber×12이 필요하다.","이 환대·교역 파츠에 객실·재고·서비스 인력을 배정해 주민 생활 공간과 다른 서비스 투자를 늦춘다","비교 후보(대체 가능성 미검증): BuildingSO:building:1202, BuildingSO:building:1204, BuildingSO:building:1004, BuildingSO:building:1010","접수·보관·동선·서비스 인력과 실제 손님 또는 거래 기록이 연결될 때 기능을 인정한다","이 파츠가 포함된 방 또는 운영 구역에서 실제 주문·서비스·생산·보안·연구·거래 중 하나가 완료된 기록","예약·물품·손님 동선을 정리하고 파츠를 해체·운반·청소해 다른 방 기능으로 전환한다","설계 확정; source comparison candidates는 정적 후보이므로 실제 대체성·BOM·처리량·저장 검증 OPEN"
"building:1006","목제의자","player-composable-part","Shop (상점)","시설의 고유 역할은 서비스 보조이다. 건설에는 작업량 386, 재료 material:lumber×5이 필요하다.","이 환대·교역 파츠에 객실·재고·서비스 인력을 배정해 주민 생활 공간과 다른 서비스 투자를 늦춘다","비교 후보(대체 가능성 미검증): BuildingSO:building:1007, BuildingSO:building:1008, BuildingSO:building:1700, BuildingSO:building:1701, BuildingSO:building:1702, BuildingSO:building:1703, BuildingSO:building:1706, BuildingSO:building:1707, BuildingSO:building:1708, BuildingSO:building:1709, BuildingSO:building:1710, BuildingSO:building:1711 외 2개","접수·보관·동선·서비스 인력과 실제 손님 또는 거래 기록이 연결될 때 기능을 인정한다","이 파츠가 포함된 방 또는 운영 구역에서 실제 주문·서비스·생산·보안·연구·거래 중 하나가 완료된 기록","예약·물품·손님 동선을 정리하고 파츠를 해체·운반·청소해 다른 방 기능으로 전환한다","설계 확정; source comparison candidates는 정적 후보이므로 실제 대체성·BOM·처리량·저장 검증 OPEN"
"building:1007","푹신한의자","player-composable-part","Shop (상점)","시설의 고유 역할은 서비스 보조이다. 건설에는 작업량 368, 재료 material:lumber×5, material:cloth×3이 필요하다.","이 환대·교역 파츠에 객실·재고·서비스 인력을 배정해 주민 생활 공간과 다른 서비스 투자를 늦춘다","비교 후보(대체 가능성 미검증): BuildingSO:building:1006, BuildingSO:building:1008, BuildingSO:building:1700, BuildingSO:building:1701, BuildingSO:building:1702, BuildingSO:building:1703, BuildingSO:building:1706, BuildingSO:building:1707, BuildingSO:building:1708, BuildingSO:building:1709, BuildingSO:building:1710, BuildingSO:building:1711 외 2개","접수·보관·동선·서비스 인력과 실제 손님 또는 거래 기록이 연결될 때 기능을 인정한다","이 파츠가 포함된 방 또는 운영 구역에서 실제 주문·서비스·생산·보안·연구·거래 중 하나가 완료된 기록","예약·물품·손님 동선을 정리하고 파츠를 해체·운반·청소해 다른 방 기능으로 전환한다","설계 확정; source comparison candidates는 정적 후보이므로 실제 대체성·BOM·처리량·저장 검증 OPEN"
"building:1008","긴벤치","player-composable-part","Shop (상점)","시설의 고유 역할은 서비스 보조이다. 건설에는 작업량 499, 재료 material:lumber×8이 필요하다.","이 환대·교역 파츠에 객실·재고·서비스 인력을 배정해 주민 생활 공간과 다른 서비스 투자를 늦춘다","비교 후보(대체 가능성 미검증): BuildingSO:building:1006, BuildingSO:building:1007, BuildingSO:building:1700, BuildingSO:building:1701, BuildingSO:building:1702, BuildingSO:building:1703, BuildingSO:building:1706, BuildingSO:building:1707, BuildingSO:building:1708, BuildingSO:building:1709, BuildingSO:building:1710, BuildingSO:building:1711 외 2개","접수·보관·동선·서비스 인력과 실제 손님 또는 거래 기록이 연결될 때 기능을 인정한다","이 파츠가 포함된 방 또는 운영 구역에서 실제 주문·서비스·생산·보안·연구·거래 중 하나가 완료된 기록","예약·물품·손님 동선을 정리하고 파츠를 해체·운반·청소해 다른 방 기능으로 전환한다","설계 확정; source comparison candidates는 정적 후보이므로 실제 대체성·BOM·처리량·저장 검증 OPEN"
"building:1009","식재료선반","player-composable-part","Shop (상점)","시설의 고유 역할은 부패 억제와 보존, 재고 보관이다. 건설에는 작업량 125, 재료 material:lumber×6이 필요하다.","이 환대·교역 파츠에 객실·재고·서비스 인력을 배정해 주민 생활 공간과 다른 서비스 투자를 늦춘다","비교 후보(대체 가능성 미검증): BuildingSO:building:1054","접수·보관·동선·서비스 인력과 실제 손님 또는 거래 기록이 연결될 때 기능을 인정한다","이 파츠가 포함된 방 또는 운영 구역에서 실제 주문·서비스·생산·보안·연구·거래 중 하나가 완료된 기록","예약·물품·손님 동선을 정리하고 파츠를 해체·운반·청소해 다른 방 기능으로 전환한다","설계 확정; source comparison candidates는 정적 후보이므로 실제 대체성·BOM·처리량·저장 검증 OPEN"
"building:1010","고기걸이","player-composable-part","Shop (상점)","시설 동작은 BuildingEconomyAbility, BuildingEvolutionAbility, BuildingFacilityPartAbility, BuildingWorkAmountAbility 모듈로 구성된다. 건설에는 작업량 54, 재료 material:lumber×5, material:iron-ingot×1이 필요하다.","이 환대·교역 파츠에 객실·재고·서비스 인력을 배정해 주민 생활 공간과 다른 서비스 투자를 늦춘다","비교 후보(대체 가능성 미검증): BuildingSO:building:1202, BuildingSO:building:1204, BuildingSO:building:1004, BuildingSO:building:1005","접수·보관·동선·서비스 인력과 실제 손님 또는 거래 기록이 연결될 때 기능을 인정한다","이 파츠가 포함된 방 또는 운영 구역에서 실제 주문·서비스·생산·보안·연구·거래 중 하나가 완료된 기록","예약·물품·손님 동선을 정리하고 파츠를 해체·운반·청소해 다른 방 기능으로 전환한다","설계 확정; source comparison candidates는 정적 후보이므로 실제 대체성·BOM·처리량·저장 검증 OPEN"
"building:1011","술음료장","player-composable-part","Shop (상점)","시설의 고유 역할은 생산 작업대, 손님 서비스이다. 건설에는 작업량 241, 재료 material:treated-lumber×6, material:iron-ingot×2이 필요하다.","이 환대·교역 파츠에 객실·재고·서비스 인력을 배정해 주민 생활 공간과 다른 서비스 투자를 늦춘다","동일 비교군 없음","접수·보관·동선·서비스 인력과 실제 손님 또는 거래 기록이 연결될 때 기능을 인정한다","이 파츠가 포함된 방 또는 운영 구역에서 실제 주문·서비스·생산·보안·연구·거래 중 하나가 완료된 기록","예약·물품·손님 동선을 정리하고 파츠를 해체·운반·청소해 다른 방 기능으로 전환한다","설계 확정; source comparison candidates는 정적 후보이므로 실제 대체성·BOM·처리량·저장 검증 OPEN"
"building:1012","판매카운터","player-composable-part","Shop (상점)","시설의 고유 역할은 내부 공정 재고, 소매 거래이다. 건설에는 작업량 141, 재료 material:lumber×5, material:iron-ingot×2이 필요하다.","이 환대·교역 파츠에 객실·재고·서비스 인력을 배정해 주민 생활 공간과 다른 서비스 투자를 늦춘다","동일 비교군 없음","접수·보관·동선·서비스 인력과 실제 손님 또는 거래 기록이 연결될 때 기능을 인정한다","이 파츠가 포함된 방 또는 운영 구역에서 실제 주문·서비스·생산·보안·연구·거래 중 하나가 완료된 기록","예약·물품·손님 동선을 정리하고 파츠를 해체·운반·청소해 다른 방 기능으로 전환한다","설계 확정; source comparison candidates는 정적 후보이므로 실제 대체성·BOM·처리량·저장 검증 OPEN"
"building:1013","잡화진열선반","player-composable-part","Shop (상점)","시설의 고유 역할은 소매 거래, 손님 서비스, 서비스 보조이다. 건설에는 작업량 512, 재료 material:lumber×6이 필요하다.","이 환대·교역 파츠에 객실·재고·서비스 인력을 배정해 주민 생활 공간과 다른 서비스 투자를 늦춘다","동일 비교군 없음","접수·보관·동선·서비스 인력과 실제 손님 또는 거래 기록이 연결될 때 기능을 인정한다","이 파츠가 포함된 방 또는 운영 구역에서 실제 주문·서비스·생산·보안·연구·거래 중 하나가 완료된 기록","예약·물품·손님 동선을 정리하고 파츠를 해체·운반·청소해 다른 방 기능으로 전환한다","설계 확정; source comparison candidates는 정적 후보이므로 실제 대체성·BOM·처리량·저장 검증 OPEN"
"building:1014","잠금진열장","player-composable-part","Shop (상점)","시설의 고유 역할은 소매 거래, 손님 서비스이다. 건설에는 작업량 428, 재료 material:treated-lumber×6, material:iron-ingot×3이 필요하다.","이 환대·교역 파츠에 객실·재고·서비스 인력을 배정해 주민 생활 공간과 다른 서비스 투자를 늦춘다","동일 비교군 없음","접수·보관·동선·서비스 인력과 실제 손님 또는 거래 기록이 연결될 때 기능을 인정한다","이 파츠가 포함된 방 또는 운영 구역에서 실제 주문·서비스·생산·보안·연구·거래 중 하나가 완료된 기록","예약·물품·손님 동선을 정리하고 파츠를 해체·운반·청소해 다른 방 기능으로 전환한다","설계 확정; source comparison candidates는 정적 후보이므로 실제 대체성·BOM·처리량·저장 검증 OPEN"
"building:1015","잡화상자","player-composable-part","Shop (상점)","시설의 고유 역할은 소매 거래, 재고 보관이다. 건설에는 작업량 125, 재료 material:lumber×6이 필요하다.","이 환대·교역 파츠에 객실·재고·서비스 인력을 배정해 주민 생활 공간과 다른 서비스 투자를 늦춘다","비교 후보(대체 가능성 미검증): BuildingSO:building:1018","접수·보관·동선·서비스 인력과 실제 손님 또는 거래 기록이 연결될 때 기능을 인정한다","이 파츠가 포함된 방 또는 운영 구역에서 실제 주문·서비스·생산·보안·연구·거래 중 하나가 완료된 기록","예약·물품·손님 동선을 정리하고 파츠를 해체·운반·청소해 다른 방 기능으로 전환한다","설계 확정; source comparison candidates는 정적 후보이므로 실제 대체성·BOM·처리량·저장 검증 OPEN"
"building:1016","무기거치대","player-composable-part","Shop (상점)","시설의 고유 역할은 소매 거래이다. 건설에는 작업량 81, 재료 material:lumber×3, material:iron-ingot×2이 필요하다.","이 환대·교역 파츠에 객실·재고·서비스 인력을 배정해 주민 생활 공간과 다른 서비스 투자를 늦춘다","비교 후보(대체 가능성 미검증): BuildingSO:building:1017","접수·보관·동선·서비스 인력과 실제 손님 또는 거래 기록이 연결될 때 기능을 인정한다","이 파츠가 포함된 방 또는 운영 구역에서 실제 주문·서비스·생산·보안·연구·거래 중 하나가 완료된 기록","예약·물품·손님 동선을 정리하고 파츠를 해체·운반·청소해 다른 방 기능으로 전환한다","설계 확정; source comparison candidates는 정적 후보이므로 실제 대체성·BOM·처리량·저장 검증 OPEN"
"building:1017","갑옷거치대","player-composable-part","Shop (상점)","시설의 고유 역할은 소매 거래이다. 건설에는 작업량 81, 재료 material:lumber×3, material:iron-ingot×3이 필요하다.","이 환대·교역 파츠에 객실·재고·서비스 인력을 배정해 주민 생활 공간과 다른 서비스 투자를 늦춘다","비교 후보(대체 가능성 미검증): BuildingSO:building:1016","접수·보관·동선·서비스 인력과 실제 손님 또는 거래 기록이 연결될 때 기능을 인정한다","이 파츠가 포함된 방 또는 운영 구역에서 실제 주문·서비스·생산·보안·연구·거래 중 하나가 완료된 기록","예약·물품·손님 동선을 정리하고 파츠를 해체·운반·청소해 다른 방 기능으로 전환한다","설계 확정; source comparison candidates는 정적 후보이므로 실제 대체성·BOM·처리량·저장 검증 OPEN"
"building:1018","무기보관함","player-composable-part","Shop (상점)","시설의 고유 역할은 소매 거래, 재고 보관이다. 건설에는 작업량 153, 재료 material:treated-lumber×4, material:iron-ingot×2이 필요하다.","이 환대·교역 파츠에 객실·재고·서비스 인력을 배정해 주민 생활 공간과 다른 서비스 투자를 늦춘다","비교 후보(대체 가능성 미검증): BuildingSO:building:1015","접수·보관·동선·서비스 인력과 실제 손님 또는 거래 기록이 연결될 때 기능을 인정한다","이 파츠가 포함된 방 또는 운영 구역에서 실제 주문·서비스·생산·보안·연구·거래 중 하나가 완료된 기록","예약·물품·손님 동선을 정리하고 파츠를 해체·운반·청소해 다른 방 기능으로 전환한다","설계 확정; source comparison candidates는 정적 후보이므로 실제 대체성·BOM·처리량·저장 검증 OPEN"
"building:1019","대장작업대","player-composable-part","Shop (상점)","시설의 고유 역할은 공정 자동화, 물류 입출력, 장비 제작, 전력 소비, 생산 작업대이다. 건설에는 작업량 312, 재료 material:treated-lumber×9, material:iron-ingot×4, material:stone-block×2이 필요하다.","이 환대·교역 파츠에 객실·재고·서비스 인력을 배정해 주민 생활 공간과 다른 서비스 투자를 늦춘다","동일 비교군 없음","접수·보관·동선·서비스 인력과 실제 손님 또는 거래 기록이 연결될 때 기능을 인정한다","이 파츠가 포함된 방 또는 운영 구역에서 실제 주문·서비스·생산·보안·연구·거래 중 하나가 완료된 기록","예약·물품·손님 동선을 정리하고 파츠를 해체·운반·청소해 다른 방 기능으로 전환한다","설계 확정; source comparison candidates는 정적 후보이므로 실제 대체성·BOM·처리량·저장 검증 OPEN"
"building:1020","간이침대","player-composable-part","Special (특수)","시설의 고유 역할은 원정대 회복, 진료와 치료, 욕구 회복이다. 건설에는 작업량 751, 재료 material:lumber×8, material:cloth×5이 필요하다.","이 특수 기능 파츠에 공간·보안 또는 서비스 노동·유지 자원을 배정해 다른 방 기능의 확장을 늦춘다","비교 후보(대체 가능성 미검증): BuildingSO:building:1021, BuildingSO:building:1022","필요 구조·동선·대상·작업자와 실제 기능 실행 기록이 결속될 때 기능을 인정한다","이 파츠가 포함된 방 또는 운영 구역에서 실제 주문·서비스·생산·보안·연구·거래 중 하나가 완료된 기록","대상과 진행 작업을 안전하게 해제하고 파츠를 해체·운반·청소해 다른 기능으로 재구성한다","설계 확정; source comparison candidates는 정적 후보이므로 실제 대체성·BOM·처리량·저장 검증 OPEN"
"building:1021","정식침대","player-composable-part","Special (특수)","시설의 고유 역할은 원정대 회복, 진료와 치료, 욕구 회복이다. 건설에는 작업량 751, 재료 material:lumber×8, material:cloth×5이 필요하다.","이 특수 기능 파츠에 공간·보안 또는 서비스 노동·유지 자원을 배정해 다른 방 기능의 확장을 늦춘다","비교 후보(대체 가능성 미검증): BuildingSO:building:1020, BuildingSO:building:1022","필요 구조·동선·대상·작업자와 실제 기능 실행 기록이 결속될 때 기능을 인정한다","이 파츠가 포함된 방 또는 운영 구역에서 실제 주문·서비스·생산·보안·연구·거래 중 하나가 완료된 기록","대상과 진행 작업을 안전하게 해제하고 파츠를 해체·운반·청소해 다른 기능으로 재구성한다","설계 확정; source comparison candidates는 정적 후보이므로 실제 대체성·BOM·처리량·저장 검증 OPEN"
"building:1022","이층침대","player-composable-part","Special (특수)","시설의 고유 역할은 원정대 회복, 진료와 치료, 욕구 회복이다. 건설에는 작업량 672, 재료 material:lumber×12, material:cloth×8, material:iron-ingot×3이 필요하다.","이 특수 기능 파츠에 공간·보안 또는 서비스 노동·유지 자원을 배정해 다른 방 기능의 확장을 늦춘다","비교 후보(대체 가능성 미검증): BuildingSO:building:1020, BuildingSO:building:1021","필요 구조·동선·대상·작업자와 실제 기능 실행 기록이 결속될 때 기능을 인정한다","이 파츠가 포함된 방 또는 운영 구역에서 실제 주문·서비스·생산·보안·연구·거래 중 하나가 완료된 기록","대상과 진행 작업을 안전하게 해제하고 파츠를 해체·운반·청소해 다른 기능으로 재구성한다","설계 확정; source comparison candidates는 정적 후보이므로 실제 대체성·BOM·처리량·저장 검증 OPEN"
"building:1023","휴식용소파","player-composable-part","Special (특수)","시설의 고유 역할은 욕구 회복이다. 건설에는 작업량 445, 재료 material:lumber×8, material:cloth×8이 필요하다.","이 특수 기능 파츠에 공간·보안 또는 서비스 노동·유지 자원을 배정해 다른 방 기능의 확장을 늦춘다","비교 후보(대체 가능성 미검증): BuildingSO:building:9823, BuildingSO:building:1057","필요 구조·동선·대상·작업자와 실제 기능 실행 기록이 결속될 때 기능을 인정한다","이 파츠가 포함된 방 또는 운영 구역에서 실제 주문·서비스·생산·보안·연구·거래 중 하나가 완료된 기록","대상과 진행 작업을 안전하게 해제하고 파츠를 해체·운반·청소해 다른 기능으로 재구성한다","설계 확정; source comparison candidates는 정적 후보이므로 실제 대체성·BOM·처리량·저장 검증 OPEN"
"building:1024","협탁","player-composable-part","Special (특수)","시설 동작은 BuildingEconomyAbility, BuildingEvolutionAbility, BuildingFacilityPartAbility, BuildingWorkAmountAbility 모듈로 구성된다. 건설에는 작업량 54, 재료 material:lumber×6이 필요하다.","이 특수 기능 파츠에 공간·보안 또는 서비스 노동·유지 자원을 배정해 다른 방 기능의 확장을 늦춘다","비교 후보(대체 가능성 미검증): BuildingSO:building:1206, BuildingSO:building:1203, BuildingSO:building:1205, BuildingSO:building:1207, BuildingSO:building:1208, BuildingSO:building:1209, BuildingSO:building:1201, BuildingSO:building:9601, BuildingSO:building:9602, BuildingSO:building:9603, BuildingSO:building:1058, BuildingSO:building:1061 외 30개","필요 구조·동선·대상·작업자와 실제 기능 실행 기록이 결속될 때 기능을 인정한다","이 파츠가 포함된 방 또는 운영 구역에서 실제 주문·서비스·생산·보안·연구·거래 중 하나가 완료된 기록","대상과 진행 작업을 안전하게 해제하고 파츠를 해체·운반·청소해 다른 기능으로 재구성한다","설계 확정; source comparison candidates는 정적 후보이므로 실제 대체성·BOM·처리량·저장 검증 OPEN"
"building:1025","옷장","player-composable-part","Special (특수)","시설의 고유 역할은 재고 보관이다. 건설에는 작업량 111, 재료 material:treated-lumber×5, material:iron-ingot×1이 필요하다.","이 특수 기능 파츠에 공간·보안 또는 서비스 노동·유지 자원을 배정해 다른 방 기능의 확장을 늦춘다","비교 후보(대체 가능성 미검증): BuildingSO:building:1051, BuildingSO:building:1053, BuildingSO:building:1055, BuildingSO:building:1056, BuildingSO:building:1028","필요 구조·동선·대상·작업자와 실제 기능 실행 기록이 결속될 때 기능을 인정한다","이 파츠가 포함된 방 또는 운영 구역에서 실제 주문·서비스·생산·보안·연구·거래 중 하나가 완료된 기록","대상과 진행 작업을 안전하게 해제하고 파츠를 해체·운반·청소해 다른 기능으로 재구성한다","설계 확정; source comparison candidates는 정적 후보이므로 실제 대체성·BOM·처리량·저장 검증 OPEN"
"building:1026","영주집무책상","player-composable-part","Special (특수)","시설 동작은 BuildingEconomyAbility, BuildingEvolutionAbility, BuildingFacilityAbility, BuildingFacilityPartAbility, BuildingRoomRequirementAbility 모듈로 구성된다. 건설에는 작업량 117, 재료 material:treated-lumber×5, material:iron-ingot×1이 필요하다.","이 특수 기능 파츠에 공간·보안 또는 서비스 노동·유지 자원을 배정해 다른 방 기능의 확장을 늦춘다","비교 후보(대체 가능성 미검증): BuildingSO:building:1206, BuildingSO:building:1203, BuildingSO:building:1205, BuildingSO:building:1207, BuildingSO:building:1208, BuildingSO:building:1209, BuildingSO:building:1201, BuildingSO:building:9601, BuildingSO:building:9602, BuildingSO:building:9603, BuildingSO:building:1058, BuildingSO:building:1061 외 30개","필요 구조·동선·대상·작업자와 실제 기능 실행 기록이 결속될 때 기능을 인정한다","이 파츠가 포함된 방 또는 운영 구역에서 실제 주문·서비스·생산·보안·연구·거래 중 하나가 완료된 기록","대상과 진행 작업을 안전하게 해제하고 파츠를 해체·운반·청소해 다른 기능으로 재구성한다","설계 확정; source comparison candidates는 정적 후보이므로 실제 대체성·BOM·처리량·저장 검증 OPEN"
"building:1027","지휘의자","player-composable-part","Special (특수)","시설 동작은 BuildingEconomyAbility, BuildingEvolutionAbility, BuildingFacilityPartAbility, BuildingSeatingAbility, BuildingWorkAmountAbility 모듈로 구성된다. 건설에는 작업량 341, 재료 material:lumber×5, material:cloth×3이 필요하다.","이 특수 기능 파츠에 공간·보안 또는 서비스 노동·유지 자원을 배정해 다른 방 기능의 확장을 늦춘다","비교 후보(대체 가능성 미검증): BuildingSO:building:1206, BuildingSO:building:1203, BuildingSO:building:1205, BuildingSO:building:1207, BuildingSO:building:1208, BuildingSO:building:1209, BuildingSO:building:1201, BuildingSO:building:9601, BuildingSO:building:9602, BuildingSO:building:9603, BuildingSO:building:1058, BuildingSO:building:1061 외 30개","필요 구조·동선·대상·작업자와 실제 기능 실행 기록이 결속될 때 기능을 인정한다","이 파츠가 포함된 방 또는 운영 구역에서 실제 주문·서비스·생산·보안·연구·거래 중 하나가 완료된 기록","대상과 진행 작업을 안전하게 해제하고 파츠를 해체·운반·청소해 다른 기능으로 재구성한다","설계 확정; source comparison candidates는 정적 후보이므로 실제 대체성·BOM·처리량·저장 검증 OPEN"
"building:1028","개인보관함","player-composable-part","Special (특수)","시설의 고유 역할은 재고 보관이다. 건설에는 작업량 111, 재료 material:treated-lumber×5, material:iron-ingot×1이 필요하다.","이 특수 기능 파츠에 공간·보안 또는 서비스 노동·유지 자원을 배정해 다른 방 기능의 확장을 늦춘다","비교 후보(대체 가능성 미검증): BuildingSO:building:1051, BuildingSO:building:1053, BuildingSO:building:1055, BuildingSO:building:1056, BuildingSO:building:1025","필요 구조·동선·대상·작업자와 실제 기능 실행 기록이 결속될 때 기능을 인정한다","이 파츠가 포함된 방 또는 운영 구역에서 실제 주문·서비스·생산·보안·연구·거래 중 하나가 완료된 기록","대상과 진행 작업을 안전하게 해제하고 파츠를 해체·운반·청소해 다른 기능으로 재구성한다","설계 확정; source comparison candidates는 정적 후보이므로 실제 대체성·BOM·처리량·저장 검증 OPEN"
"building:1029","침실용책장","player-composable-part","Special (특수)","시설 동작은 BuildingEconomyAbility, BuildingEvolutionAbility, BuildingFacilityPartAbility, BuildingWorkAmountAbility 모듈로 구성된다. 건설에는 작업량 54, 재료 material:lumber×6이 필요하다.","이 특수 기능 파츠에 공간·보안 또는 서비스 노동·유지 자원을 배정해 다른 방 기능의 확장을 늦춘다","비교 후보(대체 가능성 미검증): BuildingSO:building:1206, BuildingSO:building:1203, BuildingSO:building:1205, BuildingSO:building:1207, BuildingSO:building:1208, BuildingSO:building:1209, BuildingSO:building:1201, BuildingSO:building:9601, BuildingSO:building:9602, BuildingSO:building:9603, BuildingSO:building:1058, BuildingSO:building:1061 외 30개","필요 구조·동선·대상·작업자와 실제 기능 실행 기록이 결속될 때 기능을 인정한다","이 파츠가 포함된 방 또는 운영 구역에서 실제 주문·서비스·생산·보안·연구·거래 중 하나가 완료된 기록","대상과 진행 작업을 안전하게 해제하고 파츠를 해체·운반·청소해 다른 기능으로 재구성한다","설계 확정; source comparison candidates는 정적 후보이므로 실제 대체성·BOM·처리량·저장 검증 OPEN"
"building:1030","연구책상","player-composable-part","Crafting (제작)","시설의 고유 역할은 욕구 회복, 연구 수용력이다. 건설에는 작업량 387, 재료 material:treated-lumber×8, material:iron-ingot×1, component:engineering-drawing×2이 필요하다.","이 파츠의 공정에 작업대·중간재·장인 시간을 묶어 다른 제작·수리 주문을 늦춘다","동일 비교군 없음","구조·동선·필요 재료·작업자와 연결되고 실제 주문이 배정될 때 기능을 인정한다","이 파츠가 포함된 방 또는 운영 구역에서 실제 주문·서비스·생산·보안·연구·거래 중 하나가 완료된 기록","주문을 중지하고 잔여 물자를 회수한 뒤 파츠를 해체·운반·청소·재조립한다","설계 확정; source comparison candidates는 정적 후보이므로 실제 대체성·BOM·처리량·저장 검증 OPEN"
"building:1031","연금술작업대","player-composable-part","Crafting (제작)","시설의 고유 역할은 욕구 회복, 생산 공정, 생산 작업대, 연구 수용력이다. 건설에는 작업량 312, 재료 material:treated-lumber×6, material:iron-ingot×2, material:stone-block×2, component:rune-conductor×2, 외 1개이 필요하다.","이 파츠의 공정에 작업대·중간재·장인 시간을 묶어 다른 제작·수리 주문을 늦춘다","동일 비교군 없음","구조·동선·필요 재료·작업자와 연결되고 실제 주문이 배정될 때 기능을 인정한다","이 파츠가 포함된 방 또는 운영 구역에서 실제 주문·서비스·생산·보안·연구·거래 중 하나가 완료된 기록","주문을 중지하고 잔여 물자를 회수한 뒤 파츠를 해체·운반·청소·재조립한다","설계 확정; source comparison candidates는 정적 후보이므로 실제 대체성·BOM·처리량·저장 검증 OPEN"
"building:1032","연구용책장","player-composable-part","Crafting (제작)","시설의 고유 역할은 연구 수용력, 재고 보관이다. 건설에는 작업량 125, 재료 material:lumber×6이 필요하다.","이 파츠의 공정에 작업대·중간재·장인 시간을 묶어 다른 제작·수리 주문을 늦춘다","비교 후보(대체 가능성 미검증): BuildingSO:building:1033, BuildingSO:building:1034","구조·동선·필요 재료·작업자와 연결되고 실제 주문이 배정될 때 기능을 인정한다","이 파츠가 포함된 방 또는 운영 구역에서 실제 주문·서비스·생산·보안·연구·거래 중 하나가 완료된 기록","주문을 중지하고 잔여 물자를 회수한 뒤 파츠를 해체·운반·청소·재조립한다","설계 확정; source comparison candidates는 정적 후보이므로 실제 대체성·BOM·처리량·저장 검증 OPEN"
"building:1033","시약선반","player-composable-part","Crafting (제작)","시설의 고유 역할은 연구 수용력, 재고 보관이다. 건설에는 작업량 134, 재료 material:lumber×6, component:rune-conductor×1이 필요하다.","이 파츠의 공정에 작업대·중간재·장인 시간을 묶어 다른 제작·수리 주문을 늦춘다","비교 후보(대체 가능성 미검증): BuildingSO:building:1032, BuildingSO:building:1034","구조·동선·필요 재료·작업자와 연결되고 실제 주문이 배정될 때 기능을 인정한다","이 파츠가 포함된 방 또는 운영 구역에서 실제 주문·서비스·생산·보안·연구·거래 중 하나가 완료된 기록","주문을 중지하고 잔여 물자를 회수한 뒤 파츠를 해체·운반·청소·재조립한다","설계 확정; source comparison candidates는 정적 후보이므로 실제 대체성·BOM·처리량·저장 검증 OPEN"
"building:1034","표본보관장","player-composable-part","Crafting (제작)","시설의 고유 역할은 연구 수용력, 재고 보관이다. 건설에는 작업량 102, 재료 material:treated-lumber×4, material:iron-ingot×2이 필요하다.","이 파츠의 공정에 작업대·중간재·장인 시간을 묶어 다른 제작·수리 주문을 늦춘다","비교 후보(대체 가능성 미검증): BuildingSO:building:1032, BuildingSO:building:1033","구조·동선·필요 재료·작업자와 연결되고 실제 주문이 배정될 때 기능을 인정한다","이 파츠가 포함된 방 또는 운영 구역에서 실제 주문·서비스·생산·보안·연구·거래 중 하나가 완료된 기록","주문을 중지하고 잔여 물자를 회수한 뒤 파츠를 해체·운반·청소·재조립한다","설계 확정; source comparison candidates는 정적 후보이므로 실제 대체성·BOM·처리량·저장 검증 OPEN"
"building:1035","설계판","player-composable-part","Crafting (제작)","시설의 고유 역할은 연구 수용력이다. 건설에는 작업량 81, 재료 material:treated-lumber×5, component:engineering-drawing×1이 필요하다.","이 파츠의 공정에 작업대·중간재·장인 시간을 묶어 다른 제작·수리 주문을 늦춘다","비교 후보(대체 가능성 미검증): BuildingSO:building:16","구조·동선·필요 재료·작업자와 연결되고 실제 주문이 배정될 때 기능을 인정한다","이 파츠가 포함된 방 또는 운영 구역에서 실제 주문·서비스·생산·보안·연구·거래 중 하나가 완료된 기록","주문을 중지하고 잔여 물자를 회수한 뒤 파츠를 해체·운반·청소·재조립한다","설계 확정; source comparison candidates는 정적 후보이므로 실제 대체성·BOM·처리량·저장 검증 OPEN"
"building:1040","훈련허수아비","player-composable-part","Special (특수)","시설의 고유 역할은 욕구 회복, 훈련이다. 건설에는 작업량 316, 재료 material:lumber×8, material:cloth×2, material:iron-ingot×2이 필요하다.","이 특수 기능 파츠에 공간·보안 또는 서비스 노동·유지 자원을 배정해 다른 방 기능의 확장을 늦춘다","비교 후보(대체 가능성 미검증): BuildingSO:building:1041, BuildingSO:building:1042","필요 구조·동선·대상·작업자와 실제 기능 실행 기록이 결속될 때 기능을 인정한다","이 파츠가 포함된 방 또는 운영 구역에서 실제 주문·서비스·생산·보안·연구·거래 중 하나가 완료된 기록","대상과 진행 작업을 안전하게 해제하고 파츠를 해체·운반·청소해 다른 기능으로 재구성한다","설계 확정; source comparison candidates는 정적 후보이므로 실제 대체성·BOM·처리량·저장 검증 OPEN"
"building:1041","사격과녁","player-composable-part","Special (특수)","시설의 고유 역할은 욕구 회복, 훈련이다. 건설에는 작업량 316, 재료 material:lumber×8, material:cloth×2, material:iron-ingot×2이 필요하다.","이 특수 기능 파츠에 공간·보안 또는 서비스 노동·유지 자원을 배정해 다른 방 기능의 확장을 늦춘다","비교 후보(대체 가능성 미검증): BuildingSO:building:1040, BuildingSO:building:1042","필요 구조·동선·대상·작업자와 실제 기능 실행 기록이 결속될 때 기능을 인정한다","이 파츠가 포함된 방 또는 운영 구역에서 실제 주문·서비스·생산·보안·연구·거래 중 하나가 완료된 기록","대상과 진행 작업을 안전하게 해제하고 파츠를 해체·운반·청소해 다른 기능으로 재구성한다","설계 확정; source comparison candidates는 정적 후보이므로 실제 대체성·BOM·처리량·저장 검증 OPEN"
"building:1042","중량훈련석","player-composable-part","Special (특수)","시설의 고유 역할은 욕구 회복, 훈련이다. 건설에는 작업량 324, 재료 material:stone-block×9, material:iron-ingot×2이 필요하다.","이 특수 기능 파츠에 공간·보안 또는 서비스 노동·유지 자원을 배정해 다른 방 기능의 확장을 늦춘다","비교 후보(대체 가능성 미검증): BuildingSO:building:1040, BuildingSO:building:1041","필요 구조·동선·대상·작업자와 실제 기능 실행 기록이 결속될 때 기능을 인정한다","이 파츠가 포함된 방 또는 운영 구역에서 실제 주문·서비스·생산·보안·연구·거래 중 하나가 완료된 기록","대상과 진행 작업을 안전하게 해제하고 파츠를 해체·운반·청소해 다른 기능으로 재구성한다","설계 확정; source comparison candidates는 정적 후보이므로 실제 대체성·BOM·처리량·저장 검증 OPEN"
"building:1043","대련매트","player-composable-part","Special (특수)","시설의 고유 역할은 훈련이다. 건설에는 작업량 393, 재료 material:cloth×8, material:iron-ingot×2이 필요하다.","이 특수 기능 파츠에 공간·보안 또는 서비스 노동·유지 자원을 배정해 다른 방 기능의 확장을 늦춘다","동일 비교군 없음","필요 구조·동선·대상·작업자와 실제 기능 실행 기록이 결속될 때 기능을 인정한다","이 파츠가 포함된 방 또는 운영 구역에서 실제 주문·서비스·생산·보안·연구·거래 중 하나가 완료된 기록","대상과 진행 작업을 안전하게 해제하고 파츠를 해체·운반·청소해 다른 기능으로 재구성한다","설계 확정; source comparison candidates는 정적 후보이므로 실제 대체성·BOM·처리량·저장 검증 OPEN"
"building:1044","경비초소책상","player-composable-part","Special (특수)","시설의 고유 역할은 치안과 보안이다. 건설에는 작업량 603, 재료 material:treated-lumber×8, material:iron-ingot×3이 필요하다.","이 특수 기능 파츠에 공간·보안 또는 서비스 노동·유지 자원을 배정해 다른 방 기능의 확장을 늦춘다","비교 후보(대체 가능성 미검증): BuildingSO:building:1045, BuildingSO:building:1046, BuildingSO:building:1047, BuildingSO:building:1048","필요 구조·동선·대상·작업자와 실제 기능 실행 기록이 결속될 때 기능을 인정한다","이 파츠가 포함된 방 또는 운영 구역에서 실제 주문·서비스·생산·보안·연구·거래 중 하나가 완료된 기록","대상과 진행 작업을 안전하게 해제하고 파츠를 해체·운반·청소해 다른 기능으로 재구성한다","설계 확정; source comparison candidates는 정적 후보이므로 실제 대체성·BOM·처리량·저장 검증 OPEN"
"building:1045","경보종","player-composable-part","Special (특수)","시설의 고유 역할은 치안과 보안이다. 건설에는 작업량 424, 재료 material:iron-ingot×8, material:lumber×1이 필요하다.","이 특수 기능 파츠에 공간·보안 또는 서비스 노동·유지 자원을 배정해 다른 방 기능의 확장을 늦춘다","비교 후보(대체 가능성 미검증): BuildingSO:building:1044, BuildingSO:building:1046, BuildingSO:building:1047, BuildingSO:building:1048","필요 구조·동선·대상·작업자와 실제 기능 실행 기록이 결속될 때 기능을 인정한다","이 파츠가 포함된 방 또는 운영 구역에서 실제 주문·서비스·생산·보안·연구·거래 중 하나가 완료된 기록","대상과 진행 작업을 안전하게 해제하고 파츠를 해체·운반·청소해 다른 기능으로 재구성한다","설계 확정; source comparison candidates는 정적 후보이므로 실제 대체성·BOM·처리량·저장 검증 OPEN"
"building:1046","순찰상황판","player-composable-part","Special (특수)","시설의 고유 역할은 치안과 보안이다. 건설에는 작업량 378, 재료 material:treated-lumber×8, component:engineering-drawing×2, material:iron-ingot×1이 필요하다.","이 특수 기능 파츠에 공간·보안 또는 서비스 노동·유지 자원을 배정해 다른 방 기능의 확장을 늦춘다","비교 후보(대체 가능성 미검증): BuildingSO:building:1044, BuildingSO:building:1045, BuildingSO:building:1047, BuildingSO:building:1048","필요 구조·동선·대상·작업자와 실제 기능 실행 기록이 결속될 때 기능을 인정한다","이 파츠가 포함된 방 또는 운영 구역에서 실제 주문·서비스·생산·보안·연구·거래 중 하나가 완료된 기록","대상과 진행 작업을 안전하게 해제하고 파츠를 해체·운반·청소해 다른 기능으로 재구성한다","설계 확정; source comparison candidates는 정적 후보이므로 실제 대체성·BOM·처리량·저장 검증 OPEN"
"building:1047","전술지도탁자","player-composable-part","Special (특수)","시설의 고유 역할은 치안과 보안이다. 건설에는 작업량 594, 재료 material:treated-lumber×8, component:engineering-drawing×2, material:iron-ingot×1이 필요하다.","이 특수 기능 파츠에 공간·보안 또는 서비스 노동·유지 자원을 배정해 다른 방 기능의 확장을 늦춘다","비교 후보(대체 가능성 미검증): BuildingSO:building:1044, BuildingSO:building:1045, BuildingSO:building:1046, BuildingSO:building:1048","필요 구조·동선·대상·작업자와 실제 기능 실행 기록이 결속될 때 기능을 인정한다","이 파츠가 포함된 방 또는 운영 구역에서 실제 주문·서비스·생산·보안·연구·거래 중 하나가 완료된 기록","대상과 진행 작업을 안전하게 해제하고 파츠를 해체·운반·청소해 다른 기능으로 재구성한다","설계 확정; source comparison candidates는 정적 후보이므로 실제 대체성·BOM·처리량·저장 검증 OPEN"
"building:1048","전투깃발","player-composable-part","Special (특수)","시설의 고유 역할은 치안과 보안이다. 건설에는 작업량 447, 재료 material:cloth×5, material:lumber×2, material:iron-ingot×2이 필요하다.","이 특수 기능 파츠에 공간·보안 또는 서비스 노동·유지 자원을 배정해 다른 방 기능의 확장을 늦춘다","비교 후보(대체 가능성 미검증): BuildingSO:building:1044, BuildingSO:building:1045, BuildingSO:building:1046, BuildingSO:building:1047","필요 구조·동선·대상·작업자와 실제 기능 실행 기록이 결속될 때 기능을 인정한다","이 파츠가 포함된 방 또는 운영 구역에서 실제 주문·서비스·생산·보안·연구·거래 중 하나가 완료된 기록","대상과 진행 작업을 안전하게 해제하고 파츠를 해체·운반·청소해 다른 기능으로 재구성한다","설계 확정; source comparison candidates는 정적 후보이므로 실제 대체성·BOM·처리량·저장 검증 OPEN"
"building:1049","전리품거치대","player-composable-part","Special (특수)","시설의 고유 역할은 공정 자동화, 물류 입출력, 전력 소비, 치안과 보안이다. 건설에는 작업량 501, 재료 material:lumber×5, material:iron-ingot×3이 필요하다.","이 특수 기능 파츠에 공간·보안 또는 서비스 노동·유지 자원을 배정해 다른 방 기능의 확장을 늦춘다","동일 비교군 없음","필요 구조·동선·대상·작업자와 실제 기능 실행 기록이 결속될 때 기능을 인정한다","이 파츠가 포함된 방 또는 운영 구역에서 실제 주문·서비스·생산·보안·연구·거래 중 하나가 완료된 기록","대상과 진행 작업을 안전하게 해제하고 파츠를 해체·운반·청소해 다른 기능으로 재구성한다","설계 확정; source comparison candidates는 정적 후보이므로 실제 대체성·BOM·처리량·저장 검증 OPEN"
"building:1050","대형보관선반","player-composable-part","Production (생산)","시설의 고유 역할은 내부 공정 재고, 재고 보관이다. 건설에는 작업량 141, 재료 material:lumber×4, material:iron-ingot×2이 필요하다.","이 생산·저장·물류 파츠에 공간·운반·필요 기반망을 집중해 다른 처리선의 확장을 늦춘다","동일 비교군 없음","입출력 경로·동선·필요 기반망과 실제 생산 또는 운반 주문이 연결될 때 기능을 인정한다","이 파츠가 포함된 방 또는 운영 구역에서 실제 주문·서비스·생산·보안·연구·거래 중 하나가 완료된 기록","진행 중인 입출력을 정리하고 파츠를 해체·운반·청소한 뒤 다른 생산선으로 재조립한다","설계 확정; source comparison candidates는 정적 후보이므로 실제 대체성·BOM·처리량·저장 검증 OPEN"
"building:1051","상자더미","player-composable-part","Production (생산)","시설의 고유 역할은 재고 보관이다. 건설에는 작업량 116, 재료 material:lumber×6이 필요하다.","이 생산·저장·물류 파츠에 공간·운반·필요 기반망을 집중해 다른 처리선의 확장을 늦춘다","비교 후보(대체 가능성 미검증): BuildingSO:building:1053, BuildingSO:building:1055, BuildingSO:building:1056, BuildingSO:building:1025, BuildingSO:building:1028","입출력 경로·동선·필요 기반망과 실제 생산 또는 운반 주문이 연결될 때 기능을 인정한다","이 파츠가 포함된 방 또는 운영 구역에서 실제 주문·서비스·생산·보안·연구·거래 중 하나가 완료된 기록","진행 중인 입출력을 정리하고 파츠를 해체·운반·청소한 뒤 다른 생산선으로 재조립한다","설계 확정; source comparison candidates는 정적 후보이므로 실제 대체성·BOM·처리량·저장 검증 OPEN"
"building:1052","통더미","player-composable-part","Production (생산)","시설의 고유 역할은 재고 보관, 용수 취수이다. 건설에는 작업량 102, 재료 material:treated-lumber×5, material:iron-ingot×2이 필요하다.","이 생산·저장·물류 파츠에 공간·운반·필요 기반망을 집중해 다른 처리선의 확장을 늦춘다","동일 비교군 없음","입출력 경로·동선·필요 기반망과 실제 생산 또는 운반 주문이 연결될 때 기능을 인정한다","이 파츠가 포함된 방 또는 운영 구역에서 실제 주문·서비스·생산·보안·연구·거래 중 하나가 완료된 기록","진행 중인 입출력을 정리하고 파츠를 해체·운반·청소한 뒤 다른 생산선으로 재조립한다","설계 확정; source comparison candidates는 정적 후보이므로 실제 대체성·BOM·처리량·저장 검증 OPEN"
"building:1053","자루더미","player-composable-part","Production (생산)","시설의 고유 역할은 재고 보관이다. 건설에는 작업량 107, 재료 material:cloth×6이 필요하다.","이 생산·저장·물류 파츠에 공간·운반·필요 기반망을 집중해 다른 처리선의 확장을 늦춘다","비교 후보(대체 가능성 미검증): BuildingSO:building:1051, BuildingSO:building:1055, BuildingSO:building:1056, BuildingSO:building:1025, BuildingSO:building:1028","입출력 경로·동선·필요 기반망과 실제 생산 또는 운반 주문이 연결될 때 기능을 인정한다","이 파츠가 포함된 방 또는 운영 구역에서 실제 주문·서비스·생산·보안·연구·거래 중 하나가 완료된 기록","진행 중인 입출력을 정리하고 파츠를 해체·운반·청소한 뒤 다른 생산선으로 재조립한다","설계 확정; source comparison candidates는 정적 후보이므로 실제 대체성·BOM·처리량·저장 검증 OPEN"
"building:1054","식재료저장함","player-composable-part","Production (생산)","시설의 고유 역할은 부패 억제와 보존, 재고 보관이다. 건설에는 작업량 125, 재료 material:lumber×6이 필요하다.","이 생산·저장·물류 파츠에 공간·운반·필요 기반망을 집중해 다른 처리선의 확장을 늦춘다","비교 후보(대체 가능성 미검증): BuildingSO:building:1009","입출력 경로·동선·필요 기반망과 실제 생산 또는 운반 주문이 연결될 때 기능을 인정한다","이 파츠가 포함된 방 또는 운영 구역에서 실제 주문·서비스·생산·보안·연구·거래 중 하나가 완료된 기록","진행 중인 입출력을 정리하고 파츠를 해체·운반·청소한 뒤 다른 생산선으로 재조립한다","설계 확정; source comparison candidates는 정적 후보이므로 실제 대체성·BOM·처리량·저장 검증 OPEN"
"building:1055","무기로커","player-composable-part","Production (생산)","시설의 고유 역할은 재고 보관이다. 건설에는 작업량 144, 재료 material:treated-lumber×4, material:iron-ingot×2이 필요하다.","이 생산·저장·물류 파츠에 공간·운반·필요 기반망을 집중해 다른 처리선의 확장을 늦춘다","비교 후보(대체 가능성 미검증): BuildingSO:building:1051, BuildingSO:building:1053, BuildingSO:building:1056, BuildingSO:building:1025, BuildingSO:building:1028","입출력 경로·동선·필요 기반망과 실제 생산 또는 운반 주문이 연결될 때 기능을 인정한다","이 파츠가 포함된 방 또는 운영 구역에서 실제 주문·서비스·생산·보안·연구·거래 중 하나가 완료된 기록","진행 중인 입출력을 정리하고 파츠를 해체·운반·청소한 뒤 다른 생산선으로 재조립한다","설계 확정; source comparison candidates는 정적 후보이므로 실제 대체성·BOM·처리량·저장 검증 OPEN"
"building:1056","마력보관함","player-composable-part","Production (생산)","시설의 고유 역할은 재고 보관이다. 건설에는 작업량 144, 재료 material:treated-lumber×4, material:iron-ingot×1, component:rune-conductor×1이 필요하다.","이 생산·저장·물류 파츠에 공간·운반·필요 기반망을 집중해 다른 처리선의 확장을 늦춘다","비교 후보(대체 가능성 미검증): BuildingSO:building:1051, BuildingSO:building:1053, BuildingSO:building:1055, BuildingSO:building:1025, BuildingSO:building:1028","입출력 경로·동선·필요 기반망과 실제 생산 또는 운반 주문이 연결될 때 기능을 인정한다","이 파츠가 포함된 방 또는 운영 구역에서 실제 주문·서비스·생산·보안·연구·거래 중 하나가 완료된 기록","진행 중인 입출력을 정리하고 파츠를 해체·운반·청소한 뒤 다른 생산선으로 재조립한다","설계 확정; source comparison candidates는 정적 후보이므로 실제 대체성·BOM·처리량·저장 검증 OPEN"
"building:1057","변기","player-composable-part","Special (특수)","시설의 고유 역할은 욕구 회복이다. 건설에는 작업량 440, 재료 material:stone-block×6, material:iron-ingot×3이 필요하다.","이 특수 기능 파츠에 공간·보안 또는 서비스 노동·유지 자원을 배정해 다른 방 기능의 확장을 늦춘다","비교 후보(대체 가능성 미검증): BuildingSO:building:9823, BuildingSO:building:1023","필요 구조·동선·대상·작업자와 실제 기능 실행 기록이 결속될 때 기능을 인정한다","이 파츠가 포함된 방 또는 운영 구역에서 실제 주문·서비스·생산·보안·연구·거래 중 하나가 완료된 기록","대상과 진행 작업을 안전하게 해제하고 파츠를 해체·운반·청소해 다른 기능으로 재구성한다","설계 확정; source comparison candidates는 정적 후보이므로 실제 대체성·BOM·처리량·저장 검증 OPEN"
"building:1058","화장실칸막이","player-composable-part","Special (특수)","시설 동작은 BuildingCleaningAbility, BuildingEconomyAbility, BuildingEvolutionAbility, BuildingFacilityPartAbility, BuildingWorkAmountAbility 모듈로 구성된다. 건설에는 작업량 54, 재료 material:lumber×6, material:cloth×2이 필요하다.","이 특수 기능 파츠에 공간·보안 또는 서비스 노동·유지 자원을 배정해 다른 방 기능의 확장을 늦춘다","비교 후보(대체 가능성 미검증): BuildingSO:building:1206, BuildingSO:building:1203, BuildingSO:building:1205, BuildingSO:building:1207, BuildingSO:building:1208, BuildingSO:building:1209, BuildingSO:building:1201, BuildingSO:building:9601, BuildingSO:building:9602, BuildingSO:building:9603, BuildingSO:building:1061, BuildingSO:building:1024 외 30개","필요 구조·동선·대상·작업자와 실제 기능 실행 기록이 결속될 때 기능을 인정한다","이 파츠가 포함된 방 또는 운영 구역에서 실제 주문·서비스·생산·보안·연구·거래 중 하나가 완료된 기록","대상과 진행 작업을 안전하게 해제하고 파츠를 해체·운반·청소해 다른 기능으로 재구성한다","설계 확정; source comparison candidates는 정적 후보이므로 실제 대체성·BOM·처리량·저장 검증 OPEN"
"building:1059","세면대","player-composable-part","Special (특수)","시설의 고유 역할은 욕구 회복, 환기, 용수 취수이다. 건설에는 작업량 368, 재료 material:stone-block×9, material:iron-ingot×5이 필요하다.","이 특수 기능 파츠에 공간·보안 또는 서비스 노동·유지 자원을 배정해 다른 방 기능의 확장을 늦춘다","동일 비교군 없음","필요 구조·동선·대상·작업자와 실제 기능 실행 기록이 결속될 때 기능을 인정한다","이 파츠가 포함된 방 또는 운영 구역에서 실제 주문·서비스·생산·보안·연구·거래 중 하나가 완료된 기록","대상과 진행 작업을 안전하게 해제하고 파츠를 해체·운반·청소해 다른 기능으로 재구성한다","설계 확정; source comparison candidates는 정적 후보이므로 실제 대체성·BOM·처리량·저장 검증 OPEN"
"building:1060","목욕통","player-composable-part","Special (특수)","시설의 고유 역할은 원정대 회복, 진료와 치료, 욕구 회복, 환기, 용수 취수이다. 건설에는 작업량 637, 재료 material:treated-lumber×9, material:iron-ingot×5, material:stone-block×2이 필요하다.","이 특수 기능 파츠에 공간·보안 또는 서비스 노동·유지 자원을 배정해 다른 방 기능의 확장을 늦춘다","동일 비교군 없음","필요 구조·동선·대상·작업자와 실제 기능 실행 기록이 결속될 때 기능을 인정한다","이 파츠가 포함된 방 또는 운영 구역에서 실제 주문·서비스·생산·보안·연구·거래 중 하나가 완료된 기록","대상과 진행 작업을 안전하게 해제하고 파츠를 해체·운반·청소해 다른 기능으로 재구성한다","설계 확정; source comparison candidates는 정적 후보이므로 실제 대체성·BOM·처리량·저장 검증 OPEN"
"building:1061","수건걸이","player-composable-part","Special (특수)","시설 동작은 BuildingCleaningAbility, BuildingEconomyAbility, BuildingEvolutionAbility, BuildingFacilityPartAbility, BuildingWorkAmountAbility 모듈로 구성된다. 건설에는 작업량 90, 재료 material:lumber×3, material:iron-ingot×2, material:stone-block×2이 필요하다.","이 특수 기능 파츠에 공간·보안 또는 서비스 노동·유지 자원을 배정해 다른 방 기능의 확장을 늦춘다","비교 후보(대체 가능성 미검증): BuildingSO:building:1206, BuildingSO:building:1203, BuildingSO:building:1205, BuildingSO:building:1207, BuildingSO:building:1208, BuildingSO:building:1209, BuildingSO:building:1201, BuildingSO:building:9601, BuildingSO:building:9602, BuildingSO:building:9603, BuildingSO:building:1058, BuildingSO:building:1024 외 30개","필요 구조·동선·대상·작업자와 실제 기능 실행 기록이 결속될 때 기능을 인정한다","이 파츠가 포함된 방 또는 운영 구역에서 실제 주문·서비스·생산·보안·연구·거래 중 하나가 완료된 기록","대상과 진행 작업을 안전하게 해제하고 파츠를 해체·운반·청소해 다른 기능으로 재구성한다","설계 확정; source comparison candidates는 정적 후보이므로 실제 대체성·BOM·처리량·저장 검증 OPEN"
"building:1062","청소도구함","player-composable-part","Special (특수)","시설의 고유 역할은 재고 보관, 환기이다. 건설에는 작업량 153, 재료 material:treated-lumber×4, material:iron-ingot×2, material:stone-block×2이 필요하다.","이 특수 기능 파츠에 공간·보안 또는 서비스 노동·유지 자원을 배정해 다른 방 기능의 확장을 늦춘다","동일 비교군 없음","필요 구조·동선·대상·작업자와 실제 기능 실행 기록이 결속될 때 기능을 인정한다","이 파츠가 포함된 방 또는 운영 구역에서 실제 주문·서비스·생산·보안·연구·거래 중 하나가 완료된 기록","대상과 진행 작업을 안전하게 해제하고 파츠를 해체·운반·청소해 다른 기능으로 재구성한다","설계 확정; source comparison candidates는 정적 후보이므로 실제 대체성·BOM·처리량·저장 검증 OPEN"
"building:1063","바닥배수구","player-composable-part","Special (특수)","시설의 고유 역할은 환기이다. 건설에는 작업량 368, 재료 material:stone-block×9, material:iron-ingot×5이 필요하다.","이 특수 기능 파츠에 공간·보안 또는 서비스 노동·유지 자원을 배정해 다른 방 기능의 확장을 늦춘다","비교 후보(대체 가능성 미검증): BuildingSO:building:1072","필요 구조·동선·대상·작업자와 실제 기능 실행 기록이 결속될 때 기능을 인정한다","이 파츠가 포함된 방 또는 운영 구역에서 실제 주문·서비스·생산·보안·연구·거래 중 하나가 완료된 기록","대상과 진행 작업을 안전하게 해제하고 파츠를 해체·운반·청소해 다른 기능으로 재구성한다","설계 확정; source comparison candidates는 정적 후보이므로 실제 대체성·BOM·처리량·저장 검증 OPEN"
"building:1073","제분소","player-composable-part","Production (생산)","시설의 고유 역할은 공정 자동화, 물류 입출력, 전력 소비, 생산 작업대이다. 건설에는 작업량 312, 재료 material:treated-lumber×6, material:iron-ingot×4, material:stone-block×2, component:machine-parts×2이 필요하다.","이 생산·저장·물류 파츠에 공간·운반·필요 기반망을 집중해 다른 처리선의 확장을 늦춘다","비교 후보(대체 가능성 미검증): BuildingSO:building:1074, BuildingSO:building:1075, BuildingSO:building:1076, BuildingSO:building:1077, BuildingSO:building:1078, BuildingSO:building:1079, BuildingSO:building:1080, BuildingSO:building:1081, BuildingSO:building:1082, BuildingSO:building:1083, BuildingSO:building:1084, BuildingSO:building:1085 외 7개","입출력 경로·동선·필요 기반망과 실제 생산 또는 운반 주문이 연결될 때 기능을 인정한다","이 파츠가 포함된 방 또는 운영 구역에서 실제 주문·서비스·생산·보안·연구·거래 중 하나가 완료된 기록","진행 중인 입출력을 정리하고 파츠를 해체·운반·청소한 뒤 다른 생산선으로 재조립한다","설계 확정; source comparison candidates는 정적 후보이므로 실제 대체성·BOM·처리량·저장 검증 OPEN"
"building:1074","양조장","player-composable-part","Production (생산)","시설의 고유 역할은 공정 자동화, 물류 입출력, 전력 소비, 생산 작업대이다. 건설에는 작업량 312, 재료 material:treated-lumber×5, material:iron-ingot×3, component:machine-parts×3이 필요하다.","이 생산·저장·물류 파츠에 공간·운반·필요 기반망을 집중해 다른 처리선의 확장을 늦춘다","비교 후보(대체 가능성 미검증): BuildingSO:building:1073, BuildingSO:building:1075, BuildingSO:building:1076, BuildingSO:building:1077, BuildingSO:building:1078, BuildingSO:building:1079, BuildingSO:building:1080, BuildingSO:building:1081, BuildingSO:building:1082, BuildingSO:building:1083, BuildingSO:building:1084, BuildingSO:building:1085 외 7개","입출력 경로·동선·필요 기반망과 실제 생산 또는 운반 주문이 연결될 때 기능을 인정한다","이 파츠가 포함된 방 또는 운영 구역에서 실제 주문·서비스·생산·보안·연구·거래 중 하나가 완료된 기록","진행 중인 입출력을 정리하고 파츠를 해체·운반·청소한 뒤 다른 생산선으로 재조립한다","설계 확정; source comparison candidates는 정적 후보이므로 실제 대체성·BOM·처리량·저장 검증 OPEN"
"building:1075","제재소","player-composable-part","Production (생산)","시설의 고유 역할은 공정 자동화, 물류 입출력, 전력 소비, 생산 작업대이다. 건설에는 작업량 384, 재료 material:treated-lumber×10, material:iron-ingot×6, material:stone-block×2, component:machine-parts×1이 필요하다.","이 생산·저장·물류 파츠에 공간·운반·필요 기반망을 집중해 다른 처리선의 확장을 늦춘다","비교 후보(대체 가능성 미검증): BuildingSO:building:1073, BuildingSO:building:1074, BuildingSO:building:1076, BuildingSO:building:1077, BuildingSO:building:1078, BuildingSO:building:1079, BuildingSO:building:1080, BuildingSO:building:1081, BuildingSO:building:1082, BuildingSO:building:1083, BuildingSO:building:1084, BuildingSO:building:1085 외 7개","입출력 경로·동선·필요 기반망과 실제 생산 또는 운반 주문이 연결될 때 기능을 인정한다","이 파츠가 포함된 방 또는 운영 구역에서 실제 주문·서비스·생산·보안·연구·거래 중 하나가 완료된 기록","진행 중인 입출력을 정리하고 파츠를 해체·운반·청소한 뒤 다른 생산선으로 재조립한다","설계 확정; source comparison candidates는 정적 후보이므로 실제 대체성·BOM·처리량·저장 검증 OPEN"
"building:1076","숯가마","player-composable-part","Production (생산)","시설의 고유 역할은 공정 자동화, 물류 입출력, 전력 소비, 생산 작업대이다. 건설에는 작업량 318, 재료 material:stone-block×6, material:iron-ingot×4, component:machine-parts×3이 필요하다.","이 생산·저장·물류 파츠에 공간·운반·필요 기반망을 집중해 다른 처리선의 확장을 늦춘다","비교 후보(대체 가능성 미검증): BuildingSO:building:1073, BuildingSO:building:1074, BuildingSO:building:1075, BuildingSO:building:1077, BuildingSO:building:1078, BuildingSO:building:1079, BuildingSO:building:1080, BuildingSO:building:1081, BuildingSO:building:1082, BuildingSO:building:1083, BuildingSO:building:1084, BuildingSO:building:1085 외 7개","입출력 경로·동선·필요 기반망과 실제 생산 또는 운반 주문이 연결될 때 기능을 인정한다","이 파츠가 포함된 방 또는 운영 구역에서 실제 주문·서비스·생산·보안·연구·거래 중 하나가 완료된 기록","진행 중인 입출력을 정리하고 파츠를 해체·운반·청소한 뒤 다른 생산선으로 재조립한다","설계 확정; source comparison candidates는 정적 후보이므로 실제 대체성·BOM·처리량·저장 검증 OPEN"
"building:1077","석재 절단대","player-composable-part","Production (생산)","시설의 고유 역할은 공정 자동화, 물류 입출력, 전력 소비, 생산 작업대이다. 건설에는 작업량 312, 재료 material:treated-lumber×6, material:iron-ingot×4, material:stone-block×2, component:machine-parts×2이 필요하다.","이 생산·저장·물류 파츠에 공간·운반·필요 기반망을 집중해 다른 처리선의 확장을 늦춘다","비교 후보(대체 가능성 미검증): BuildingSO:building:1073, BuildingSO:building:1074, BuildingSO:building:1075, BuildingSO:building:1076, BuildingSO:building:1078, BuildingSO:building:1079, BuildingSO:building:1080, BuildingSO:building:1081, BuildingSO:building:1082, BuildingSO:building:1083, BuildingSO:building:1084, BuildingSO:building:1085 외 7개","입출력 경로·동선·필요 기반망과 실제 생산 또는 운반 주문이 연결될 때 기능을 인정한다","이 파츠가 포함된 방 또는 운영 구역에서 실제 주문·서비스·생산·보안·연구·거래 중 하나가 완료된 기록","진행 중인 입출력을 정리하고 파츠를 해체·운반·청소한 뒤 다른 생산선으로 재조립한다","설계 확정; source comparison candidates는 정적 후보이므로 실제 대체성·BOM·처리량·저장 검증 OPEN"
"building:1078","광석 선별대","player-composable-part","Production (생산)","시설의 고유 역할은 공정 자동화, 물류 입출력, 전력 소비, 생산 작업대이다. 건설에는 작업량 312, 재료 material:lumber×6, material:iron-ingot×2, component:machine-parts×3이 필요하다.","이 생산·저장·물류 파츠에 공간·운반·필요 기반망을 집중해 다른 처리선의 확장을 늦춘다","비교 후보(대체 가능성 미검증): BuildingSO:building:1073, BuildingSO:building:1074, BuildingSO:building:1075, BuildingSO:building:1076, BuildingSO:building:1077, BuildingSO:building:1079, BuildingSO:building:1080, BuildingSO:building:1081, BuildingSO:building:1082, BuildingSO:building:1083, BuildingSO:building:1084, BuildingSO:building:1085 외 7개","입출력 경로·동선·필요 기반망과 실제 생산 또는 운반 주문이 연결될 때 기능을 인정한다","이 파츠가 포함된 방 또는 운영 구역에서 실제 주문·서비스·생산·보안·연구·거래 중 하나가 완료된 기록","진행 중인 입출력을 정리하고 파츠를 해체·운반·청소한 뒤 다른 생산선으로 재조립한다","설계 확정; source comparison candidates는 정적 후보이므로 실제 대체성·BOM·처리량·저장 검증 OPEN"
"building:1079","용광로","player-composable-part","Production (생산)","시설의 고유 역할은 공정 자동화, 물류 입출력, 전력 소비, 생산 작업대이다. 건설에는 작업량 318, 재료 material:stone-block×6, material:iron-ingot×4, component:machine-parts×3이 필요하다.","이 생산·저장·물류 파츠에 공간·운반·필요 기반망을 집중해 다른 처리선의 확장을 늦춘다","비교 후보(대체 가능성 미검증): BuildingSO:building:1073, BuildingSO:building:1074, BuildingSO:building:1075, BuildingSO:building:1076, BuildingSO:building:1077, BuildingSO:building:1078, BuildingSO:building:1080, BuildingSO:building:1081, BuildingSO:building:1082, BuildingSO:building:1083, BuildingSO:building:1084, BuildingSO:building:1085 외 7개","입출력 경로·동선·필요 기반망과 실제 생산 또는 운반 주문이 연결될 때 기능을 인정한다","이 파츠가 포함된 방 또는 운영 구역에서 실제 주문·서비스·생산·보안·연구·거래 중 하나가 완료된 기록","진행 중인 입출력을 정리하고 파츠를 해체·운반·청소한 뒤 다른 생산선으로 재조립한다","설계 확정; source comparison candidates는 정적 후보이므로 실제 대체성·BOM·처리량·저장 검증 OPEN"
"building:1080","제강로","player-composable-part","Production (생산)","시설의 고유 역할은 공정 자동화, 물류 입출력, 전력 소비, 생산 작업대이다. 건설에는 작업량 585, 재료 material:stone-block×6, material:iron-ingot×4, component:machine-parts×2, tool:alloy-crucible×1이 필요하다.","이 생산·저장·물류 파츠에 공간·운반·필요 기반망을 집중해 다른 처리선의 확장을 늦춘다","비교 후보(대체 가능성 미검증): BuildingSO:building:1073, BuildingSO:building:1074, BuildingSO:building:1075, BuildingSO:building:1076, BuildingSO:building:1077, BuildingSO:building:1078, BuildingSO:building:1079, BuildingSO:building:1081, BuildingSO:building:1082, BuildingSO:building:1083, BuildingSO:building:1084, BuildingSO:building:1085 외 7개","입출력 경로·동선·필요 기반망과 실제 생산 또는 운반 주문이 연결될 때 기능을 인정한다","이 파츠가 포함된 방 또는 운영 구역에서 실제 주문·서비스·생산·보안·연구·거래 중 하나가 완료된 기록","진행 중인 입출력을 정리하고 파츠를 해체·운반·청소한 뒤 다른 생산선으로 재조립한다","설계 확정; source comparison candidates는 정적 후보이므로 실제 대체성·BOM·처리량·저장 검증 OPEN"
"building:1081","귀금 세공대","player-composable-part","Crafting (제작)","시설의 고유 역할은 공정 자동화, 물류 입출력, 전력 소비, 생산 작업대이다. 건설에는 작업량 468, 재료 material:treated-lumber×6, material:iron-ingot×4, material:stone-block×2, component:machine-parts×2, 외 1개이 필요하다.","이 파츠의 공정에 작업대·중간재·장인 시간을 묶어 다른 제작·수리 주문을 늦춘다","비교 후보(대체 가능성 미검증): BuildingSO:building:1073, BuildingSO:building:1074, BuildingSO:building:1075, BuildingSO:building:1076, BuildingSO:building:1077, BuildingSO:building:1078, BuildingSO:building:1079, BuildingSO:building:1080, BuildingSO:building:1082, BuildingSO:building:1083, BuildingSO:building:1084, BuildingSO:building:1085 외 7개","구조·동선·필요 재료·작업자와 연결되고 실제 주문이 배정될 때 기능을 인정한다","이 파츠가 포함된 방 또는 운영 구역에서 실제 주문·서비스·생산·보안·연구·거래 중 하나가 완료된 기록","주문을 중지하고 잔여 물자를 회수한 뒤 파츠를 해체·운반·청소·재조립한다","설계 확정; source comparison candidates는 정적 후보이므로 실제 대체성·BOM·처리량·저장 검증 OPEN"
"building:1082","비전 단조대","player-composable-part","Crafting (제작)","시설의 고유 역할은 공정 자동화, 물류 입출력, 전력 소비, 생산 작업대이다. 건설에는 작업량 603, 재료 material:stone-block×6, component:rune-conductor×3, material:iron-ingot×2, component:machine-parts×2, 외 3개이 필요하다.","이 파츠의 공정에 작업대·중간재·장인 시간을 묶어 다른 제작·수리 주문을 늦춘다","비교 후보(대체 가능성 미검증): BuildingSO:building:1073, BuildingSO:building:1074, BuildingSO:building:1075, BuildingSO:building:1076, BuildingSO:building:1077, BuildingSO:building:1078, BuildingSO:building:1079, BuildingSO:building:1080, BuildingSO:building:1081, BuildingSO:building:1083, BuildingSO:building:1084, BuildingSO:building:1085 외 7개","구조·동선·필요 재료·작업자와 연결되고 실제 주문이 배정될 때 기능을 인정한다","이 파츠가 포함된 방 또는 운영 구역에서 실제 주문·서비스·생산·보안·연구·거래 중 하나가 완료된 기록","주문을 중지하고 잔여 물자를 회수한 뒤 파츠를 해체·운반·청소·재조립한다","설계 확정; source comparison candidates는 정적 후보이므로 실제 대체성·BOM·처리량·저장 검증 OPEN"
"building:1083","직조기","player-composable-part","Production (생산)","시설의 고유 역할은 공정 자동화, 물류 입출력, 전력 소비, 생산 작업대이다. 건설에는 작업량 312, 재료 material:treated-lumber×6, material:iron-ingot×4, material:stone-block×2, component:machine-parts×2이 필요하다.","이 생산·저장·물류 파츠에 공간·운반·필요 기반망을 집중해 다른 처리선의 확장을 늦춘다","비교 후보(대체 가능성 미검증): BuildingSO:building:1073, BuildingSO:building:1074, BuildingSO:building:1075, BuildingSO:building:1076, BuildingSO:building:1077, BuildingSO:building:1078, BuildingSO:building:1079, BuildingSO:building:1080, BuildingSO:building:1081, BuildingSO:building:1082, BuildingSO:building:1084, BuildingSO:building:1085 외 7개","입출력 경로·동선·필요 기반망과 실제 생산 또는 운반 주문이 연결될 때 기능을 인정한다","이 파츠가 포함된 방 또는 운영 구역에서 실제 주문·서비스·생산·보안·연구·거래 중 하나가 완료된 기록","진행 중인 입출력을 정리하고 파츠를 해체·운반·청소한 뒤 다른 생산선으로 재조립한다","설계 확정; source comparison candidates는 정적 후보이므로 실제 대체성·BOM·처리량·저장 검증 OPEN"
"building:1084","무두질대","player-composable-part","Production (생산)","시설의 고유 역할은 공정 자동화, 물류 입출력, 전력 소비, 생산 작업대이다. 건설에는 작업량 312, 재료 material:treated-lumber×6, material:iron-ingot×4, material:stone-block×2, component:machine-parts×2이 필요하다.","이 생산·저장·물류 파츠에 공간·운반·필요 기반망을 집중해 다른 처리선의 확장을 늦춘다","비교 후보(대체 가능성 미검증): BuildingSO:building:1073, BuildingSO:building:1074, BuildingSO:building:1075, BuildingSO:building:1076, BuildingSO:building:1077, BuildingSO:building:1078, BuildingSO:building:1079, BuildingSO:building:1080, BuildingSO:building:1081, BuildingSO:building:1082, BuildingSO:building:1083, BuildingSO:building:1085 외 7개","입출력 경로·동선·필요 기반망과 실제 생산 또는 운반 주문이 연결될 때 기능을 인정한다","이 파츠가 포함된 방 또는 운영 구역에서 실제 주문·서비스·생산·보안·연구·거래 중 하나가 완료된 기록","진행 중인 입출력을 정리하고 파츠를 해체·운반·청소한 뒤 다른 생산선으로 재조립한다","설계 확정; source comparison candidates는 정적 후보이므로 실제 대체성·BOM·처리량·저장 검증 OPEN"
"building:1085","퇴비장","player-composable-part","Production (생산)","시설의 고유 역할은 공정 자동화, 물류 입출력, 전력 소비, 생산 작업대이다. 건설에는 작업량 312, 재료 material:lumber×4, material:iron-ingot×3, component:machine-parts×2, material:stone-block×2이 필요하다.","이 생산·저장·물류 파츠에 공간·운반·필요 기반망을 집중해 다른 처리선의 확장을 늦춘다","비교 후보(대체 가능성 미검증): BuildingSO:building:1073, BuildingSO:building:1074, BuildingSO:building:1075, BuildingSO:building:1076, BuildingSO:building:1077, BuildingSO:building:1078, BuildingSO:building:1079, BuildingSO:building:1080, BuildingSO:building:1081, BuildingSO:building:1082, BuildingSO:building:1083, BuildingSO:building:1084 외 7개","입출력 경로·동선·필요 기반망과 실제 생산 또는 운반 주문이 연결될 때 기능을 인정한다","이 파츠가 포함된 방 또는 운영 구역에서 실제 주문·서비스·생산·보안·연구·거래 중 하나가 완료된 기록","진행 중인 입출력을 정리하고 파츠를 해체·운반·청소한 뒤 다른 생산선으로 재조립한다","설계 확정; source comparison candidates는 정적 후보이므로 실제 대체성·BOM·처리량·저장 검증 OPEN"
"building:1086","증류기","player-composable-part","Crafting (제작)","시설의 고유 역할은 공정 자동화, 물류 입출력, 전력 소비, 생산 작업대이다. 건설에는 작업량 486, 재료 material:stone-block×6, component:rune-conductor×2, material:iron-ingot×2, component:machine-parts×2이 필요하다.","이 파츠의 공정에 작업대·중간재·장인 시간을 묶어 다른 제작·수리 주문을 늦춘다","비교 후보(대체 가능성 미검증): BuildingSO:building:1073, BuildingSO:building:1074, BuildingSO:building:1075, BuildingSO:building:1076, BuildingSO:building:1077, BuildingSO:building:1078, BuildingSO:building:1079, BuildingSO:building:1080, BuildingSO:building:1081, BuildingSO:building:1082, BuildingSO:building:1083, BuildingSO:building:1084 외 7개","구조·동선·필요 재료·작업자와 연결되고 실제 주문이 배정될 때 기능을 인정한다","이 파츠가 포함된 방 또는 운영 구역에서 실제 주문·서비스·생산·보안·연구·거래 중 하나가 완료된 기록","주문을 중지하고 잔여 물자를 회수한 뒤 파츠를 해체·운반·청소·재조립한다","설계 확정; source comparison candidates는 정적 후보이므로 실제 대체성·BOM·처리량·저장 검증 OPEN"
"building:1087","조리대","player-composable-part","Production (생산)","시설의 고유 역할은 공정 자동화, 물류 입출력, 전력 소비, 생산 작업대이다. 건설에는 작업량 312, 재료 material:treated-lumber×6, material:iron-ingot×4, material:stone-block×2, component:machine-parts×2이 필요하다.","이 생산·저장·물류 파츠에 공간·운반·필요 기반망을 집중해 다른 처리선의 확장을 늦춘다","비교 후보(대체 가능성 미검증): BuildingSO:building:1073, BuildingSO:building:1074, BuildingSO:building:1075, BuildingSO:building:1076, BuildingSO:building:1077, BuildingSO:building:1078, BuildingSO:building:1079, BuildingSO:building:1080, BuildingSO:building:1081, BuildingSO:building:1082, BuildingSO:building:1083, BuildingSO:building:1084 외 7개","입출력 경로·동선·필요 기반망과 실제 생산 또는 운반 주문이 연결될 때 기능을 인정한다","이 파츠가 포함된 방 또는 운영 구역에서 실제 주문·서비스·생산·보안·연구·거래 중 하나가 완료된 기록","진행 중인 입출력을 정리하고 파츠를 해체·운반·청소한 뒤 다른 생산선으로 재조립한다","설계 확정; source comparison candidates는 정적 후보이므로 실제 대체성·BOM·처리량·저장 검증 OPEN"
"building:1088","훈연대","player-composable-part","Production (생산)","시설의 고유 역할은 공정 자동화, 물류 입출력, 전력 소비, 생산 작업대이다. 건설에는 작업량 318, 재료 material:stone-block×6, material:iron-ingot×4, component:machine-parts×3이 필요하다.","이 생산·저장·물류 파츠에 공간·운반·필요 기반망을 집중해 다른 처리선의 확장을 늦춘다","비교 후보(대체 가능성 미검증): BuildingSO:building:1073, BuildingSO:building:1074, BuildingSO:building:1075, BuildingSO:building:1076, BuildingSO:building:1077, BuildingSO:building:1078, BuildingSO:building:1079, BuildingSO:building:1080, BuildingSO:building:1081, BuildingSO:building:1082, BuildingSO:building:1083, BuildingSO:building:1084 외 7개","입출력 경로·동선·필요 기반망과 실제 생산 또는 운반 주문이 연결될 때 기능을 인정한다","이 파츠가 포함된 방 또는 운영 구역에서 실제 주문·서비스·생산·보안·연구·거래 중 하나가 완료된 기록","진행 중인 입출력을 정리하고 파츠를 해체·운반·청소한 뒤 다른 생산선으로 재조립한다","설계 확정; source comparison candidates는 정적 후보이므로 실제 대체성·BOM·처리량·저장 검증 OPEN"
"building:1089","사료 배합대","player-composable-part","Production (생산)","시설의 고유 역할은 공정 자동화, 물류 입출력, 전력 소비, 생산 작업대이다. 건설에는 작업량 312, 재료 material:treated-lumber×6, material:iron-ingot×4, material:stone-block×2, component:machine-parts×2이 필요하다.","이 생산·저장·물류 파츠에 공간·운반·필요 기반망을 집중해 다른 처리선의 확장을 늦춘다","비교 후보(대체 가능성 미검증): BuildingSO:building:1073, BuildingSO:building:1074, BuildingSO:building:1075, BuildingSO:building:1076, BuildingSO:building:1077, BuildingSO:building:1078, BuildingSO:building:1079, BuildingSO:building:1080, BuildingSO:building:1081, BuildingSO:building:1082, BuildingSO:building:1083, BuildingSO:building:1084 외 7개","입출력 경로·동선·필요 기반망과 실제 생산 또는 운반 주문이 연결될 때 기능을 인정한다","이 파츠가 포함된 방 또는 운영 구역에서 실제 주문·서비스·생산·보안·연구·거래 중 하나가 완료된 기록","진행 중인 입출력을 정리하고 파츠를 해체·운반·청소한 뒤 다른 생산선으로 재조립한다","설계 확정; source comparison candidates는 정적 후보이므로 실제 대체성·BOM·처리량·저장 검증 OPEN"
"building:1090","약제대","player-composable-part","Crafting (제작)","시설의 고유 역할은 공정 자동화, 물류 입출력, 전력 소비, 생산 작업대이다. 건설에는 작업량 312, 재료 material:treated-lumber×4, material:iron-ingot×3, component:machine-parts×3이 필요하다.","이 파츠의 공정에 작업대·중간재·장인 시간을 묶어 다른 제작·수리 주문을 늦춘다","비교 후보(대체 가능성 미검증): BuildingSO:building:1073, BuildingSO:building:1074, BuildingSO:building:1075, BuildingSO:building:1076, BuildingSO:building:1077, BuildingSO:building:1078, BuildingSO:building:1079, BuildingSO:building:1080, BuildingSO:building:1081, BuildingSO:building:1082, BuildingSO:building:1083, BuildingSO:building:1084 외 7개","구조·동선·필요 재료·작업자와 연결되고 실제 주문이 배정될 때 기능을 인정한다","이 파츠가 포함된 방 또는 운영 구역에서 실제 주문·서비스·생산·보안·연구·거래 중 하나가 완료된 기록","주문을 중지하고 잔여 물자를 회수한 뒤 파츠를 해체·운반·청소·재조립한다","설계 확정; source comparison candidates는 정적 후보이므로 실제 대체성·BOM·처리량·저장 검증 OPEN"
"building:1091","연금대","player-composable-part","Crafting (제작)","시설의 고유 역할은 공정 자동화, 물류 입출력, 전력 소비, 생산 작업대, 연구 수용력이다. 건설에는 작업량 486, 재료 material:stone-block×6, component:rune-conductor×3, material:iron-ingot×2, component:machine-parts×2, 외 1개이 필요하다.","이 파츠의 공정에 작업대·중간재·장인 시간을 묶어 다른 제작·수리 주문을 늦춘다","동일 비교군 없음","구조·동선·필요 재료·작업자와 연결되고 실제 주문이 배정될 때 기능을 인정한다","이 파츠가 포함된 방 또는 운영 구역에서 실제 주문·서비스·생산·보안·연구·거래 중 하나가 완료된 기록","주문을 중지하고 잔여 물자를 회수한 뒤 파츠를 해체·운반·청소·재조립한다","설계 확정; source comparison candidates는 정적 후보이므로 실제 대체성·BOM·처리량·저장 검증 OPEN"
"building:1092","몽직기","player-composable-part","Crafting (제작)","시설의 고유 역할은 공정 자동화, 물류 입출력, 전력 소비, 생산 작업대이다. 건설에는 작업량 495, 재료 material:stone-block×6, component:rune-conductor×3, material:iron-ingot×2, component:machine-parts×2, 외 2개이 필요하다.","이 파츠의 공정에 작업대·중간재·장인 시간을 묶어 다른 제작·수리 주문을 늦춘다","비교 후보(대체 가능성 미검증): BuildingSO:building:1073, BuildingSO:building:1074, BuildingSO:building:1075, BuildingSO:building:1076, BuildingSO:building:1077, BuildingSO:building:1078, BuildingSO:building:1079, BuildingSO:building:1080, BuildingSO:building:1081, BuildingSO:building:1082, BuildingSO:building:1083, BuildingSO:building:1084 외 7개","구조·동선·필요 재료·작업자와 연결되고 실제 주문이 배정될 때 기능을 인정한다","이 파츠가 포함된 방 또는 운영 구역에서 실제 주문·서비스·생산·보안·연구·거래 중 하나가 완료된 기록","주문을 중지하고 잔여 물자를 회수한 뒤 파츠를 해체·운반·청소·재조립한다","설계 확정; source comparison candidates는 정적 후보이므로 실제 대체성·BOM·처리량·저장 검증 OPEN"
"building:1093","대장간","player-composable-part","Crafting (제작)","시설의 고유 역할은 공정 자동화, 물류 입출력, 전력 소비, 생산 작업대이다. 건설에는 작업량 576, 재료 material:treated-lumber×7, material:iron-ingot×5, material:stone-block×2, component:machine-parts×1, 외 1개이 필요하다.","이 파츠의 공정에 작업대·중간재·장인 시간을 묶어 다른 제작·수리 주문을 늦춘다","비교 후보(대체 가능성 미검증): BuildingSO:building:1073, BuildingSO:building:1074, BuildingSO:building:1075, BuildingSO:building:1076, BuildingSO:building:1077, BuildingSO:building:1078, BuildingSO:building:1079, BuildingSO:building:1080, BuildingSO:building:1081, BuildingSO:building:1082, BuildingSO:building:1083, BuildingSO:building:1084 외 7개","구조·동선·필요 재료·작업자와 연결되고 실제 주문이 배정될 때 기능을 인정한다","이 파츠가 포함된 방 또는 운영 구역에서 실제 주문·서비스·생산·보안·연구·거래 중 하나가 완료된 기록","주문을 중지하고 잔여 물자를 회수한 뒤 파츠를 해체·운반·청소·재조립한다","설계 확정; source comparison candidates는 정적 후보이므로 실제 대체성·BOM·처리량·저장 검증 OPEN"
"building:1097","폐기 소각로","player-composable-part","Production (생산)","시설의 고유 역할은 공정 자동화, 물류 입출력, 전력 소비이다. 건설에는 작업량 895, 재료 material:stone-block×8, material:iron-ingot×8, component:machine-parts×2이 필요하다.","이 생산·저장·물류 파츠에 공간·운반·필요 기반망을 집중해 다른 처리선의 확장을 늦춘다","동일 비교군 없음","입출력 경로·동선·필요 기반망과 실제 생산 또는 운반 주문이 연결될 때 기능을 인정한다","이 파츠가 포함된 방 또는 운영 구역에서 실제 주문·서비스·생산·보안·연구·거래 중 하나가 완료된 기록","진행 중인 입출력을 정리하고 파츠를 해체·운반·청소한 뒤 다른 생산선으로 재조립한다","설계 확정; source comparison candidates는 정적 후보이므로 실제 대체성·BOM·처리량·저장 검증 OPEN"
"building:11","고기 식당","player-composable-part","Shop (상점)","시설의 고유 역할은 내부 공정 재고이다. 건설에는 작업량 36, 재료 material:steel-ingot×1이 필요하다.","이 환대·교역 파츠에 객실·재고·서비스 인력을 배정해 주민 생활 공간과 다른 서비스 투자를 늦춘다","비교 후보(대체 가능성 미검증): BuildingSO:building:6, BuildingSO:building:9502, BuildingSO:building:9504, BuildingSO:building:12, BuildingSO:building:10, BuildingSO:building:18, BuildingSO:building:13, BuildingSO:building:5","접수·보관·동선·서비스 인력과 실제 손님 또는 거래 기록이 연결될 때 기능을 인정한다","이 파츠가 포함된 방 또는 운영 구역에서 실제 주문·서비스·생산·보안·연구·거래 중 하나가 완료된 기록","예약·물품·손님 동선을 정리하고 파츠를 해체·운반·청소해 다른 방 기능으로 전환한다","설계 확정; source comparison candidates는 정적 후보이므로 실제 대체성·BOM·처리량·저장 검증 OPEN"
"building:12","잡화점","player-composable-part","Shop (상점)","시설의 고유 역할은 내부 공정 재고이다. 건설에는 작업량 30, 재료 material:steel-ingot×1이 필요하다.","이 환대·교역 파츠에 객실·재고·서비스 인력을 배정해 주민 생활 공간과 다른 서비스 투자를 늦춘다","비교 후보(대체 가능성 미검증): BuildingSO:building:6, BuildingSO:building:9502, BuildingSO:building:9504, BuildingSO:building:10, BuildingSO:building:11, BuildingSO:building:18, BuildingSO:building:13, BuildingSO:building:5","접수·보관·동선·서비스 인력과 실제 손님 또는 거래 기록이 연결될 때 기능을 인정한다","이 파츠가 포함된 방 또는 운영 구역에서 실제 주문·서비스·생산·보안·연구·거래 중 하나가 완료된 기록","예약·물품·손님 동선을 정리하고 파츠를 해체·운반·청소해 다른 방 기능으로 전환한다","설계 확정; source comparison candidates는 정적 후보이므로 실제 대체성·BOM·처리량·저장 검증 OPEN"
"building:1200","감방 구속대","player-composable-part","Special (특수)","시설의 고유 역할은 포로 수용이다. 건설에는 작업량 463, 재료 material:lumber×8이 필요하다.","이 특수 기능 파츠에 공간·보안 또는 서비스 노동·유지 자원을 배정해 다른 방 기능의 확장을 늦춘다","동일 비교군 없음","필요 구조·동선·대상·작업자와 실제 기능 실행 기록이 결속될 때 기능을 인정한다","이 파츠가 포함된 방 또는 운영 구역에서 실제 주문·서비스·생산·보안·연구·거래 중 하나가 완료된 기록","대상과 진행 작업을 안전하게 해제하고 파츠를 해체·운반·청소해 다른 기능으로 재구성한다","설계 확정; source comparison candidates는 정적 후보이므로 실제 대체성·BOM·처리량·저장 검증 OPEN"
"building:1201","중앙 무대","player-composable-part","Special (특수)","시설 동작은 BuildingCircusStageAbility, BuildingEconomyAbility, BuildingFacilityAbility, BuildingFacilityPartAbility, BuildingRoomRequirementAbility 모듈로 구성된다. 건설에는 작업량 372, 재료 material:iron-ingot×12이 필요하다.","이 특수 기능 파츠에 공간·보안 또는 서비스 노동·유지 자원을 배정해 다른 방 기능의 확장을 늦춘다","비교 후보(대체 가능성 미검증): BuildingSO:building:1206, BuildingSO:building:1203, BuildingSO:building:1205, BuildingSO:building:1207, BuildingSO:building:1208, BuildingSO:building:1209, BuildingSO:building:9601, BuildingSO:building:9602, BuildingSO:building:9603, BuildingSO:building:1058, BuildingSO:building:1061, BuildingSO:building:1024 외 30개","필요 구조·동선·대상·작업자와 실제 기능 실행 기록이 결속될 때 기능을 인정한다","이 파츠가 포함된 방 또는 운영 구역에서 실제 주문·서비스·생산·보안·연구·거래 중 하나가 완료된 기록","대상과 진행 작업을 안전하게 해제하고 파츠를 해체·운반·청소해 다른 기능으로 재구성한다","설계 확정; source comparison candidates는 정적 후보이므로 실제 대체성·BOM·처리량·저장 검증 OPEN"
"building:1202","서커스 관람석","player-composable-part","Shop (상점)","시설 동작은 BuildingAudienceSeatingAbility, BuildingEconomyAbility, BuildingFacilityAbility, BuildingFacilityPartAbility, BuildingRoomRequirementAbility 모듈로 구성된다. 건설에는 작업량 499, 재료 material:lumber×8이 필요하다.","이 환대·교역 파츠에 객실·재고·서비스 인력을 배정해 주민 생활 공간과 다른 서비스 투자를 늦춘다","비교 후보(대체 가능성 미검증): BuildingSO:building:1204, BuildingSO:building:1004, BuildingSO:building:1005, BuildingSO:building:1010","접수·보관·동선·서비스 인력과 실제 손님 또는 거래 기록이 연결될 때 기능을 인정한다","이 파츠가 포함된 방 또는 운영 구역에서 실제 주문·서비스·생산·보안·연구·거래 중 하나가 완료된 기록","예약·물품·손님 동선을 정리하고 파츠를 해체·운반·청소해 다른 방 기능으로 전환한다","설계 확정; source comparison candidates는 정적 후보이므로 실제 대체성·BOM·처리량·저장 검증 OPEN"
"building:1203","야수 우리","player-composable-part","Special (특수)","시설 동작은 BuildingBeastPenAbility, BuildingEconomyAbility, BuildingFacilityAbility, BuildingFacilityPartAbility, BuildingRoomRequirementAbility 모듈로 구성된다. 건설에는 작업량 373, 재료 material:lumber×8이 필요하다.","이 특수 기능 파츠에 공간·보안 또는 서비스 노동·유지 자원을 배정해 다른 방 기능의 확장을 늦춘다","비교 후보(대체 가능성 미검증): BuildingSO:building:1206, BuildingSO:building:1205, BuildingSO:building:1207, BuildingSO:building:1208, BuildingSO:building:1209, BuildingSO:building:1201, BuildingSO:building:9601, BuildingSO:building:9602, BuildingSO:building:9603, BuildingSO:building:1058, BuildingSO:building:1061, BuildingSO:building:1024 외 30개","필요 구조·동선·대상·작업자와 실제 기능 실행 기록이 결속될 때 기능을 인정한다","이 파츠가 포함된 방 또는 운영 구역에서 실제 주문·서비스·생산·보안·연구·거래 중 하나가 완료된 기록","대상과 진행 작업을 안전하게 해제하고 파츠를 해체·운반·청소해 다른 기능으로 재구성한다","설계 확정; source comparison candidates는 정적 후보이므로 실제 대체성·BOM·처리량·저장 검증 OPEN"
"building:1204","서커스 매표소","player-composable-part","Shop (상점)","시설 동작은 BuildingCircusTicketBoothAbility, BuildingEconomyAbility, BuildingFacilityAbility, BuildingFacilityPartAbility, BuildingRoomRequirementAbility 모듈로 구성된다. 건설에는 작업량 499, 재료 material:lumber×8이 필요하다.","이 환대·교역 파츠에 객실·재고·서비스 인력을 배정해 주민 생활 공간과 다른 서비스 투자를 늦춘다","비교 후보(대체 가능성 미검증): BuildingSO:building:1202, BuildingSO:building:1004, BuildingSO:building:1005, BuildingSO:building:1010","접수·보관·동선·서비스 인력과 실제 손님 또는 거래 기록이 연결될 때 기능을 인정한다","이 파츠가 포함된 방 또는 운영 구역에서 실제 주문·서비스·생산·보안·연구·거래 중 하나가 완료된 기록","예약·물품·손님 동선을 정리하고 파츠를 해체·운반·청소해 다른 방 기능으로 전환한다","설계 확정; source comparison candidates는 정적 후보이므로 실제 대체성·BOM·처리량·저장 검증 OPEN"
"building:1205","서커스 도박 창구","player-composable-part","Special (특수)","시설 동작은 BuildingCircusGamblingAbility, BuildingEconomyAbility, BuildingFacilityAbility, BuildingFacilityPartAbility, BuildingRoomRequirementAbility 모듈로 구성된다. 건설에는 작업량 499, 재료 material:lumber×8이 필요하다.","이 특수 기능 파츠에 공간·보안 또는 서비스 노동·유지 자원을 배정해 다른 방 기능의 확장을 늦춘다","비교 후보(대체 가능성 미검증): BuildingSO:building:1206, BuildingSO:building:1203, BuildingSO:building:1207, BuildingSO:building:1208, BuildingSO:building:1209, BuildingSO:building:1201, BuildingSO:building:9601, BuildingSO:building:9602, BuildingSO:building:9603, BuildingSO:building:1058, BuildingSO:building:1061, BuildingSO:building:1024 외 30개","필요 구조·동선·대상·작업자와 실제 기능 실행 기록이 결속될 때 기능을 인정한다","이 파츠가 포함된 방 또는 운영 구역에서 실제 주문·서비스·생산·보안·연구·거래 중 하나가 완료된 기록","대상과 진행 작업을 안전하게 해제하고 파츠를 해체·운반·청소해 다른 기능으로 재구성한다","설계 확정; source comparison candidates는 정적 후보이므로 실제 대체성·BOM·처리량·저장 검증 OPEN"
"building:1206","진행자 단상","player-composable-part","Special (특수)","시설 동작은 BuildingCircusAnnouncerAbility, BuildingEconomyAbility, BuildingFacilityAbility, BuildingFacilityPartAbility, BuildingRoomRequirementAbility 모듈로 구성된다. 건설에는 작업량 373, 재료 material:lumber×8이 필요하다.","이 특수 기능 파츠에 공간·보안 또는 서비스 노동·유지 자원을 배정해 다른 방 기능의 확장을 늦춘다","비교 후보(대체 가능성 미검증): BuildingSO:building:1203, BuildingSO:building:1205, BuildingSO:building:1207, BuildingSO:building:1208, BuildingSO:building:1209, BuildingSO:building:1201, BuildingSO:building:9601, BuildingSO:building:9602, BuildingSO:building:9603, BuildingSO:building:1058, BuildingSO:building:1061, BuildingSO:building:1024 외 30개","필요 구조·동선·대상·작업자와 실제 기능 실행 기록이 결속될 때 기능을 인정한다","이 파츠가 포함된 방 또는 운영 구역에서 실제 주문·서비스·생산·보안·연구·거래 중 하나가 완료된 기록","대상과 진행 작업을 안전하게 해제하고 파츠를 해체·운반·청소해 다른 기능으로 재구성한다","설계 확정; source comparison candidates는 정적 후보이므로 실제 대체성·BOM·처리량·저장 검증 OPEN"
"building:1207","공연 위험 장치","player-composable-part","Special (특수)","시설 동작은 BuildingCircusHazardAbility, BuildingEconomyAbility, BuildingFacilityAbility, BuildingFacilityPartAbility, BuildingRoomRequirementAbility 모듈로 구성된다. 건설에는 작업량 373, 재료 material:lumber×8이 필요하다.","이 특수 기능 파츠에 공간·보안 또는 서비스 노동·유지 자원을 배정해 다른 방 기능의 확장을 늦춘다","비교 후보(대체 가능성 미검증): BuildingSO:building:1206, BuildingSO:building:1203, BuildingSO:building:1205, BuildingSO:building:1208, BuildingSO:building:1209, BuildingSO:building:1201, BuildingSO:building:9601, BuildingSO:building:9602, BuildingSO:building:9603, BuildingSO:building:1058, BuildingSO:building:1061, BuildingSO:building:1024 외 30개","필요 구조·동선·대상·작업자와 실제 기능 실행 기록이 결속될 때 기능을 인정한다","이 파츠가 포함된 방 또는 운영 구역에서 실제 주문·서비스·생산·보안·연구·거래 중 하나가 완료된 기록","대상과 진행 작업을 안전하게 해제하고 파츠를 해체·운반·청소해 다른 기능으로 재구성한다","설계 확정; source comparison candidates는 정적 후보이므로 실제 대체성·BOM·처리량·저장 검증 OPEN"
"building:1208","공연 치료 구역","player-composable-part","Special (특수)","시설 동작은 BuildingCircusTreatmentZoneAbility, BuildingEconomyAbility, BuildingFacilityAbility, BuildingFacilityPartAbility, BuildingRoomRequirementAbility 모듈로 구성된다. 건설에는 작업량 78, 재료 material:lumber×8이 필요하다.","이 특수 기능 파츠에 공간·보안 또는 서비스 노동·유지 자원을 배정해 다른 방 기능의 확장을 늦춘다","비교 후보(대체 가능성 미검증): BuildingSO:building:1206, BuildingSO:building:1203, BuildingSO:building:1205, BuildingSO:building:1207, BuildingSO:building:1209, BuildingSO:building:1201, BuildingSO:building:9601, BuildingSO:building:9602, BuildingSO:building:9603, BuildingSO:building:1058, BuildingSO:building:1061, BuildingSO:building:1024 외 30개","필요 구조·동선·대상·작업자와 실제 기능 실행 기록이 결속될 때 기능을 인정한다","이 파츠가 포함된 방 또는 운영 구역에서 실제 주문·서비스·생산·보안·연구·거래 중 하나가 완료된 기록","대상과 진행 작업을 안전하게 해제하고 파츠를 해체·운반·청소해 다른 기능으로 재구성한다","설계 확정; source comparison candidates는 정적 후보이므로 실제 대체성·BOM·처리량·저장 검증 OPEN"
"building:1209","공개 형벌 장치","player-composable-part","Special (특수)","시설 동작은 BuildingEconomyAbility, BuildingFacilityAbility, BuildingFacilityPartAbility, BuildingPublicPunishmentAbility, BuildingRoomRequirementAbility 모듈로 구성된다. 건설에는 작업량 373, 재료 material:lumber×8이 필요하다.","이 특수 기능 파츠에 공간·보안 또는 서비스 노동·유지 자원을 배정해 다른 방 기능의 확장을 늦춘다","비교 후보(대체 가능성 미검증): BuildingSO:building:1206, BuildingSO:building:1203, BuildingSO:building:1205, BuildingSO:building:1207, BuildingSO:building:1208, BuildingSO:building:1201, BuildingSO:building:9601, BuildingSO:building:9602, BuildingSO:building:9603, BuildingSO:building:1058, BuildingSO:building:1061, BuildingSO:building:1024 외 30개","필요 구조·동선·대상·작업자와 실제 기능 실행 기록이 결속될 때 기능을 인정한다","이 파츠가 포함된 방 또는 운영 구역에서 실제 주문·서비스·생산·보안·연구·거래 중 하나가 완료된 기록","대상과 진행 작업을 안전하게 해제하고 파츠를 해체·운반·청소해 다른 기능으로 재구성한다","설계 확정; source comparison candidates는 정적 후보이므로 실제 대체성·BOM·처리량·저장 검증 OPEN"
"building:13","무기점","player-composable-part","Shop (상점)","시설의 고유 역할은 내부 공정 재고이다. 건설에는 작업량 30, 재료 material:steel-ingot×1이 필요하다.","이 환대·교역 파츠에 객실·재고·서비스 인력을 배정해 주민 생활 공간과 다른 서비스 투자를 늦춘다","비교 후보(대체 가능성 미검증): BuildingSO:building:6, BuildingSO:building:9502, BuildingSO:building:9504, BuildingSO:building:12, BuildingSO:building:10, BuildingSO:building:11, BuildingSO:building:18, BuildingSO:building:5","접수·보관·동선·서비스 인력과 실제 손님 또는 거래 기록이 연결될 때 기능을 인정한다","이 파츠가 포함된 방 또는 운영 구역에서 실제 주문·서비스·생산·보안·연구·거래 중 하나가 완료된 기록","예약·물품·손님 동선을 정리하고 파츠를 해체·운반·청소해 다른 방 기능으로 전환한다","설계 확정; source comparison candidates는 정적 후보이므로 실제 대체성·BOM·처리량·저장 검증 OPEN"
"building:14","휴식방","player-composable-part","Special (특수)","시설의 고유 역할은 원정대 회복이다. 건설에는 작업량 30, 재료 material:steel-ingot×1이 필요하다.","이 특수 기능 파츠에 공간·보안 또는 서비스 노동·유지 자원을 배정해 다른 방 기능의 확장을 늦춘다","비교 후보(대체 가능성 미검증): BuildingSO:building:61","필요 구조·동선·대상·작업자와 실제 기능 실행 기록이 결속될 때 기능을 인정한다","이 파츠가 포함된 방 또는 운영 구역에서 실제 주문·서비스·생산·보안·연구·거래 중 하나가 완료된 기록","대상과 진행 작업을 안전하게 해제하고 파츠를 해체·운반·청소해 다른 기능으로 재구성한다","설계 확정; source comparison candidates는 정적 후보이므로 실제 대체성·BOM·처리량·저장 검증 OPEN"
"building:15","훈련장","player-composable-part","Special (특수)","시설 동작은 BuildingEvolutionAbility, BuildingFacilityAbility, BuildingRoomRequirementAbility, BuildingSelfContainedRoomAbility, BuildingSpeciesAffinityAbility 모듈로 구성된다. 건설에는 작업량 36, 재료 material:steel-ingot×1이 필요하다.","이 특수 기능 파츠에 공간·보안 또는 서비스 노동·유지 자원을 배정해 다른 방 기능의 확장을 늦춘다","비교 후보(대체 가능성 미검증): BuildingSO:building:1206, BuildingSO:building:1203, BuildingSO:building:1205, BuildingSO:building:1207, BuildingSO:building:1208, BuildingSO:building:1209, BuildingSO:building:1201, BuildingSO:building:9601, BuildingSO:building:9602, BuildingSO:building:9603, BuildingSO:building:1058, BuildingSO:building:1061 외 30개","필요 구조·동선·대상·작업자와 실제 기능 실행 기록이 결속될 때 기능을 인정한다","이 파츠가 포함된 방 또는 운영 구역에서 실제 주문·서비스·생산·보안·연구·거래 중 하나가 완료된 기록","대상과 진행 작업을 안전하게 해제하고 파츠를 해체·운반·청소해 다른 기능으로 재구성한다","설계 확정; source comparison candidates는 정적 후보이므로 실제 대체성·BOM·처리량·저장 검증 OPEN"
"building:1500","보호장비보관함","player-composable-part","Production (생산)","시설 동작은 BuildingEconomyAbility, BuildingEvolutionAbility, BuildingFacilityPartAbility, BuildingProtectiveEquipmentLockerAbility, BuildingWorkAmountAbility 모듈로 구성된다. 건설에는 작업량 144, 재료 material:treated-lumber×4, material:iron-ingot×2이 필요하다.","이 생산·저장·물류 파츠에 공간·운반·필요 기반망을 집중해 다른 처리선의 확장을 늦춘다","동일 비교군 없음","입출력 경로·동선·필요 기반망과 실제 생산 또는 운반 주문이 연결될 때 기능을 인정한다","이 파츠가 포함된 방 또는 운영 구역에서 실제 주문·서비스·생산·보안·연구·거래 중 하나가 완료된 기록","진행 중인 입출력을 정리하고 파츠를 해체·운반·청소한 뒤 다른 생산선으로 재조립한다","설계 확정; source comparison candidates는 정적 후보이므로 실제 대체성·BOM·처리량·저장 검증 OPEN"
"building:16","연구실","player-composable-part","Crafting (제작)","시설의 고유 역할은 연구 수용력이다. 건설에는 작업량 36, 재료 material:steel-ingot×1이 필요하다.","이 파츠의 공정에 작업대·중간재·장인 시간을 묶어 다른 제작·수리 주문을 늦춘다","비교 후보(대체 가능성 미검증): BuildingSO:building:1035","구조·동선·필요 재료·작업자와 연결되고 실제 주문이 배정될 때 기능을 인정한다","이 파츠가 포함된 방 또는 운영 구역에서 실제 주문·서비스·생산·보안·연구·거래 중 하나가 완료된 기록","주문을 중지하고 잔여 물자를 회수한 뒤 파츠를 해체·운반·청소·재조립한다","설계 확정; source comparison candidates는 정적 후보이므로 실제 대체성·BOM·처리량·저장 검증 OPEN"
"building:1600","미세 체 선반","player-composable-part","Production (생산)","시설의 고유 역할은 생산 보조이다. 건설에는 작업량 67, 재료 material:lumber×3이 필요하다.","이 생산·저장·물류 파츠에 공간·운반·필요 기반망을 집중해 다른 처리선의 확장을 늦춘다","비교 후보(대체 가능성 미검증): BuildingSO:building:1601, BuildingSO:building:1602, BuildingSO:building:1603, BuildingSO:building:1604, BuildingSO:building:1605, BuildingSO:building:1606, BuildingSO:building:1609, BuildingSO:building:1610, BuildingSO:building:1611, BuildingSO:building:1612, BuildingSO:building:1613, BuildingSO:building:1614 외 13개","입출력 경로·동선·필요 기반망과 실제 생산 또는 운반 주문이 연결될 때 기능을 인정한다","이 파츠가 포함된 방 또는 운영 구역에서 실제 주문·서비스·생산·보안·연구·거래 중 하나가 완료된 기록","진행 중인 입출력을 정리하고 파츠를 해체·운반·청소한 뒤 다른 생산선으로 재조립한다","설계 확정; source comparison candidates는 정적 후보이므로 실제 대체성·BOM·처리량·저장 검증 OPEN"
"building:1601","담금·당화조","player-composable-part","Production (생산)","시설의 고유 역할은 생산 보조이다. 건설에는 작업량 67, 재료 material:lumber×3이 필요하다.","이 생산·저장·물류 파츠에 공간·운반·필요 기반망을 집중해 다른 처리선의 확장을 늦춘다","비교 후보(대체 가능성 미검증): BuildingSO:building:1600, BuildingSO:building:1602, BuildingSO:building:1603, BuildingSO:building:1604, BuildingSO:building:1605, BuildingSO:building:1606, BuildingSO:building:1609, BuildingSO:building:1610, BuildingSO:building:1611, BuildingSO:building:1612, BuildingSO:building:1613, BuildingSO:building:1614 외 13개","입출력 경로·동선·필요 기반망과 실제 생산 또는 운반 주문이 연결될 때 기능을 인정한다","이 파츠가 포함된 방 또는 운영 구역에서 실제 주문·서비스·생산·보안·연구·거래 중 하나가 완료된 기록","진행 중인 입출력을 정리하고 파츠를 해체·운반·청소한 뒤 다른 생산선으로 재조립한다","설계 확정; source comparison candidates는 정적 후보이므로 실제 대체성·BOM·처리량·저장 검증 OPEN"
"building:1602","수동 발효조","player-composable-part","Production (생산)","시설의 고유 역할은 생산 보조이다. 건설에는 작업량 67, 재료 material:lumber×3이 필요하다.","이 생산·저장·물류 파츠에 공간·운반·필요 기반망을 집중해 다른 처리선의 확장을 늦춘다","비교 후보(대체 가능성 미검증): BuildingSO:building:1600, BuildingSO:building:1601, BuildingSO:building:1603, BuildingSO:building:1604, BuildingSO:building:1605, BuildingSO:building:1606, BuildingSO:building:1609, BuildingSO:building:1610, BuildingSO:building:1611, BuildingSO:building:1612, BuildingSO:building:1613, BuildingSO:building:1614 외 13개","입출력 경로·동선·필요 기반망과 실제 생산 또는 운반 주문이 연결될 때 기능을 인정한다","이 파츠가 포함된 방 또는 운영 구역에서 실제 주문·서비스·생산·보안·연구·거래 중 하나가 완료된 기록","진행 중인 입출력을 정리하고 파츠를 해체·운반·청소한 뒤 다른 생산선으로 재조립한다","설계 확정; source comparison candidates는 정적 후보이므로 실제 대체성·BOM·처리량·저장 검증 OPEN"
"building:1603","온도 제어 발효조","player-composable-part","Production (생산)","시설의 고유 역할은 생산 보조이다. 건설에는 작업량 90, 재료 component:machine-parts×3이 필요하다.","이 생산·저장·물류 파츠에 공간·운반·필요 기반망을 집중해 다른 처리선의 확장을 늦춘다","비교 후보(대체 가능성 미검증): BuildingSO:building:1600, BuildingSO:building:1601, BuildingSO:building:1602, BuildingSO:building:1604, BuildingSO:building:1605, BuildingSO:building:1606, BuildingSO:building:1609, BuildingSO:building:1610, BuildingSO:building:1611, BuildingSO:building:1612, BuildingSO:building:1613, BuildingSO:building:1614 외 13개","입출력 경로·동선·필요 기반망과 실제 생산 또는 운반 주문이 연결될 때 기능을 인정한다","이 파츠가 포함된 방 또는 운영 구역에서 실제 주문·서비스·생산·보안·연구·거래 중 하나가 완료된 기록","진행 중인 입출력을 정리하고 파츠를 해체·운반·청소한 뒤 다른 생산선으로 재조립한다","설계 확정; source comparison candidates는 정적 후보이므로 실제 대체성·BOM·처리량·저장 검증 OPEN"
"building:1604","숙성 오크통","player-composable-part","Production (생산)","시설의 고유 역할은 생산 보조이다. 건설에는 작업량 67, 재료 material:lumber×3이 필요하다.","이 생산·저장·물류 파츠에 공간·운반·필요 기반망을 집중해 다른 처리선의 확장을 늦춘다","비교 후보(대체 가능성 미검증): BuildingSO:building:1600, BuildingSO:building:1601, BuildingSO:building:1602, BuildingSO:building:1603, BuildingSO:building:1605, BuildingSO:building:1606, BuildingSO:building:1609, BuildingSO:building:1610, BuildingSO:building:1611, BuildingSO:building:1612, BuildingSO:building:1613, BuildingSO:building:1614 외 13개","입출력 경로·동선·필요 기반망과 실제 생산 또는 운반 주문이 연결될 때 기능을 인정한다","이 파츠가 포함된 방 또는 운영 구역에서 실제 주문·서비스·생산·보안·연구·거래 중 하나가 완료된 기록","진행 중인 입출력을 정리하고 파츠를 해체·운반·청소한 뒤 다른 생산선으로 재조립한다","설계 확정; source comparison candidates는 정적 후보이므로 실제 대체성·BOM·처리량·저장 검증 OPEN"
"building:1605","세척·병입대","player-composable-part","Production (생산)","시설의 고유 역할은 생산 보조이다. 건설에는 작업량 90, 재료 component:machine-parts×3이 필요하다.","이 생산·저장·물류 파츠에 공간·운반·필요 기반망을 집중해 다른 처리선의 확장을 늦춘다","비교 후보(대체 가능성 미검증): BuildingSO:building:1600, BuildingSO:building:1601, BuildingSO:building:1602, BuildingSO:building:1603, BuildingSO:building:1604, BuildingSO:building:1606, BuildingSO:building:1609, BuildingSO:building:1610, BuildingSO:building:1611, BuildingSO:building:1612, BuildingSO:building:1613, BuildingSO:building:1614 외 13개","입출력 경로·동선·필요 기반망과 실제 생산 또는 운반 주문이 연결될 때 기능을 인정한다","이 파츠가 포함된 방 또는 운영 구역에서 실제 주문·서비스·생산·보안·연구·거래 중 하나가 완료된 기록","진행 중인 입출력을 정리하고 파츠를 해체·운반·청소한 뒤 다른 생산선으로 재조립한다","설계 확정; source comparison candidates는 정적 후보이므로 실제 대체성·BOM·처리량·저장 검증 OPEN"
"building:1606","분별 증류탑","player-composable-part","Production (생산)","시설의 고유 역할은 생산 보조이다. 건설에는 작업량 90, 재료 component:machine-parts×3이 필요하다.","이 생산·저장·물류 파츠에 공간·운반·필요 기반망을 집중해 다른 처리선의 확장을 늦춘다","비교 후보(대체 가능성 미검증): BuildingSO:building:1600, BuildingSO:building:1601, BuildingSO:building:1602, BuildingSO:building:1603, BuildingSO:building:1604, BuildingSO:building:1605, BuildingSO:building:1609, BuildingSO:building:1610, BuildingSO:building:1611, BuildingSO:building:1612, BuildingSO:building:1613, BuildingSO:building:1614 외 13개","입출력 경로·동선·필요 기반망과 실제 생산 또는 운반 주문이 연결될 때 기능을 인정한다","이 파츠가 포함된 방 또는 운영 구역에서 실제 주문·서비스·생산·보안·연구·거래 중 하나가 완료된 기록","진행 중인 입출력을 정리하고 파츠를 해체·운반·청소한 뒤 다른 생산선으로 재조립한다","설계 확정; source comparison candidates는 정적 후보이므로 실제 대체성·BOM·처리량·저장 검증 OPEN"
"building:1607","화덕·가마솥","player-composable-part","Production (생산)","시설의 고유 역할은 연료 소비, 생산 보조이다. 건설에는 작업량 76, 재료 material:lumber×3이 필요하다.","이 생산·저장·물류 파츠에 공간·운반·필요 기반망을 집중해 다른 처리선의 확장을 늦춘다","비교 후보(대체 가능성 미검증): BuildingSO:building:1608","입출력 경로·동선·필요 기반망과 실제 생산 또는 운반 주문이 연결될 때 기능을 인정한다","이 파츠가 포함된 방 또는 운영 구역에서 실제 주문·서비스·생산·보안·연구·거래 중 하나가 완료된 기록","진행 중인 입출력을 정리하고 파츠를 해체·운반·청소한 뒤 다른 생산선으로 재조립한다","설계 확정; source comparison candidates는 정적 후보이므로 실제 대체성·BOM·처리량·저장 검증 OPEN"
"building:1608","벽돌 오븐","player-composable-part","Production (생산)","시설의 고유 역할은 연료 소비, 생산 보조이다. 건설에는 작업량 76, 재료 material:lumber×3이 필요하다.","이 생산·저장·물류 파츠에 공간·운반·필요 기반망을 집중해 다른 처리선의 확장을 늦춘다","비교 후보(대체 가능성 미검증): BuildingSO:building:1607","입출력 경로·동선·필요 기반망과 실제 생산 또는 운반 주문이 연결될 때 기능을 인정한다","이 파츠가 포함된 방 또는 운영 구역에서 실제 주문·서비스·생산·보안·연구·거래 중 하나가 완료된 기록","진행 중인 입출력을 정리하고 파츠를 해체·운반·청소한 뒤 다른 생산선으로 재조립한다","설계 확정; source comparison candidates는 정적 후보이므로 실제 대체성·BOM·처리량·저장 검증 OPEN"
"building:1609","전기 오븐","player-composable-part","Production (생산)","시설의 고유 역할은 생산 보조이다. 건설에는 작업량 90, 재료 component:machine-parts×3이 필요하다.","이 생산·저장·물류 파츠에 공간·운반·필요 기반망을 집중해 다른 처리선의 확장을 늦춘다","비교 후보(대체 가능성 미검증): BuildingSO:building:1600, BuildingSO:building:1601, BuildingSO:building:1602, BuildingSO:building:1603, BuildingSO:building:1604, BuildingSO:building:1605, BuildingSO:building:1606, BuildingSO:building:1610, BuildingSO:building:1611, BuildingSO:building:1612, BuildingSO:building:1613, BuildingSO:building:1614 외 13개","입출력 경로·동선·필요 기반망과 실제 생산 또는 운반 주문이 연결될 때 기능을 인정한다","이 파츠가 포함된 방 또는 운영 구역에서 실제 주문·서비스·생산·보안·연구·거래 중 하나가 완료된 기록","진행 중인 입출력을 정리하고 파츠를 해체·운반·청소한 뒤 다른 생산선으로 재조립한다","설계 확정; source comparison candidates는 정적 후보이므로 실제 대체성·BOM·처리량·저장 검증 OPEN"
"building:1610","세척·전처리 싱크","player-composable-part","Production (생산)","시설의 고유 역할은 생산 보조이다. 건설에는 작업량 67, 재료 material:lumber×3이 필요하다.","이 생산·저장·물류 파츠에 공간·운반·필요 기반망을 집중해 다른 처리선의 확장을 늦춘다","비교 후보(대체 가능성 미검증): BuildingSO:building:1600, BuildingSO:building:1601, BuildingSO:building:1602, BuildingSO:building:1603, BuildingSO:building:1604, BuildingSO:building:1605, BuildingSO:building:1606, BuildingSO:building:1609, BuildingSO:building:1611, BuildingSO:building:1612, BuildingSO:building:1613, BuildingSO:building:1614 외 13개","입출력 경로·동선·필요 기반망과 실제 생산 또는 운반 주문이 연결될 때 기능을 인정한다","이 파츠가 포함된 방 또는 운영 구역에서 실제 주문·서비스·생산·보안·연구·거래 중 하나가 완료된 기록","진행 중인 입출력을 정리하고 파츠를 해체·운반·청소한 뒤 다른 생산선으로 재조립한다","설계 확정; source comparison candidates는 정적 후보이므로 실제 대체성·BOM·처리량·저장 검증 OPEN"
"building:1611","냉장 준비대","player-composable-part","Production (생산)","시설의 고유 역할은 생산 보조이다. 건설에는 작업량 90, 재료 component:machine-parts×3이 필요하다.","이 생산·저장·물류 파츠에 공간·운반·필요 기반망을 집중해 다른 처리선의 확장을 늦춘다","비교 후보(대체 가능성 미검증): BuildingSO:building:1600, BuildingSO:building:1601, BuildingSO:building:1602, BuildingSO:building:1603, BuildingSO:building:1604, BuildingSO:building:1605, BuildingSO:building:1606, BuildingSO:building:1609, BuildingSO:building:1610, BuildingSO:building:1612, BuildingSO:building:1613, BuildingSO:building:1614 외 13개","입출력 경로·동선·필요 기반망과 실제 생산 또는 운반 주문이 연결될 때 기능을 인정한다","이 파츠가 포함된 방 또는 운영 구역에서 실제 주문·서비스·생산·보안·연구·거래 중 하나가 완료된 기록","진행 중인 입출력을 정리하고 파츠를 해체·운반·청소한 뒤 다른 생산선으로 재조립한다","설계 확정; source comparison candidates는 정적 후보이므로 실제 대체성·BOM·처리량·저장 검증 OPEN"
"building:1612","향신료 선반","player-composable-part","Production (생산)","시설의 고유 역할은 생산 보조이다. 건설에는 작업량 67, 재료 material:lumber×3이 필요하다.","이 생산·저장·물류 파츠에 공간·운반·필요 기반망을 집중해 다른 처리선의 확장을 늦춘다","비교 후보(대체 가능성 미검증): BuildingSO:building:1600, BuildingSO:building:1601, BuildingSO:building:1602, BuildingSO:building:1603, BuildingSO:building:1604, BuildingSO:building:1605, BuildingSO:building:1606, BuildingSO:building:1609, BuildingSO:building:1610, BuildingSO:building:1611, BuildingSO:building:1613, BuildingSO:building:1614 외 13개","입출력 경로·동선·필요 기반망과 실제 생산 또는 운반 주문이 연결될 때 기능을 인정한다","이 파츠가 포함된 방 또는 운영 구역에서 실제 주문·서비스·생산·보안·연구·거래 중 하나가 완료된 기록","진행 중인 입출력을 정리하고 파츠를 해체·운반·청소한 뒤 다른 생산선으로 재조립한다","설계 확정; source comparison candidates는 정적 후보이므로 실제 대체성·BOM·처리량·저장 검증 OPEN"
"building:1613","염장·절임조","player-composable-part","Production (생산)","시설의 고유 역할은 생산 보조이다. 건설에는 작업량 67, 재료 material:lumber×3이 필요하다.","이 생산·저장·물류 파츠에 공간·운반·필요 기반망을 집중해 다른 처리선의 확장을 늦춘다","비교 후보(대체 가능성 미검증): BuildingSO:building:1600, BuildingSO:building:1601, BuildingSO:building:1602, BuildingSO:building:1603, BuildingSO:building:1604, BuildingSO:building:1605, BuildingSO:building:1606, BuildingSO:building:1609, BuildingSO:building:1610, BuildingSO:building:1611, BuildingSO:building:1612, BuildingSO:building:1614 외 13개","입출력 경로·동선·필요 기반망과 실제 생산 또는 운반 주문이 연결될 때 기능을 인정한다","이 파츠가 포함된 방 또는 운영 구역에서 실제 주문·서비스·생산·보안·연구·거래 중 하나가 완료된 기록","진행 중인 입출력을 정리하고 파츠를 해체·운반·청소한 뒤 다른 생산선으로 재조립한다","설계 확정; source comparison candidates는 정적 후보이므로 실제 대체성·BOM·처리량·저장 검증 OPEN"
"building:1614","치즈 응고조","player-composable-part","Production (생산)","시설의 고유 역할은 생산 보조이다. 건설에는 작업량 67, 재료 material:lumber×3이 필요하다.","이 생산·저장·물류 파츠에 공간·운반·필요 기반망을 집중해 다른 처리선의 확장을 늦춘다","비교 후보(대체 가능성 미검증): BuildingSO:building:1600, BuildingSO:building:1601, BuildingSO:building:1602, BuildingSO:building:1603, BuildingSO:building:1604, BuildingSO:building:1605, BuildingSO:building:1606, BuildingSO:building:1609, BuildingSO:building:1610, BuildingSO:building:1611, BuildingSO:building:1612, BuildingSO:building:1613 외 13개","입출력 경로·동선·필요 기반망과 실제 생산 또는 운반 주문이 연결될 때 기능을 인정한다","이 파츠가 포함된 방 또는 운영 구역에서 실제 주문·서비스·생산·보안·연구·거래 중 하나가 완료된 기록","진행 중인 입출력을 정리하고 파츠를 해체·운반·청소한 뒤 다른 생산선으로 재조립한다","설계 확정; source comparison candidates는 정적 후보이므로 실제 대체성·BOM·처리량·저장 검증 OPEN"
"building:1615","치즈 숙성 선반","player-composable-part","Production (생산)","시설의 고유 역할은 생산 보조이다. 건설에는 작업량 67, 재료 material:lumber×3이 필요하다.","이 생산·저장·물류 파츠에 공간·운반·필요 기반망을 집중해 다른 처리선의 확장을 늦춘다","비교 후보(대체 가능성 미검증): BuildingSO:building:1600, BuildingSO:building:1601, BuildingSO:building:1602, BuildingSO:building:1603, BuildingSO:building:1604, BuildingSO:building:1605, BuildingSO:building:1606, BuildingSO:building:1609, BuildingSO:building:1610, BuildingSO:building:1611, BuildingSO:building:1612, BuildingSO:building:1613 외 13개","입출력 경로·동선·필요 기반망과 실제 생산 또는 운반 주문이 연결될 때 기능을 인정한다","이 파츠가 포함된 방 또는 운영 구역에서 실제 주문·서비스·생산·보안·연구·거래 중 하나가 완료된 기록","진행 중인 입출력을 정리하고 파츠를 해체·운반·청소한 뒤 다른 생산선으로 재조립한다","설계 확정; source comparison candidates는 정적 후보이므로 실제 대체성·BOM·처리량·저장 검증 OPEN"
"building:1616","영양 배합 저울","player-composable-part","Production (생산)","시설의 고유 역할은 생산 보조이다. 건설에는 작업량 67, 재료 material:lumber×3이 필요하다.","이 생산·저장·물류 파츠에 공간·운반·필요 기반망을 집중해 다른 처리선의 확장을 늦춘다","비교 후보(대체 가능성 미검증): BuildingSO:building:1600, BuildingSO:building:1601, BuildingSO:building:1602, BuildingSO:building:1603, BuildingSO:building:1604, BuildingSO:building:1605, BuildingSO:building:1606, BuildingSO:building:1609, BuildingSO:building:1610, BuildingSO:building:1611, BuildingSO:building:1612, BuildingSO:building:1613 외 13개","입출력 경로·동선·필요 기반망과 실제 생산 또는 운반 주문이 연결될 때 기능을 인정한다","이 파츠가 포함된 방 또는 운영 구역에서 실제 주문·서비스·생산·보안·연구·거래 중 하나가 완료된 기록","진행 중인 입출력을 정리하고 파츠를 해체·운반·청소한 뒤 다른 생산선으로 재조립한다","설계 확정; source comparison candidates는 정적 후보이므로 실제 대체성·BOM·처리량·저장 검증 OPEN"
"building:1617","연기 포집 후드","player-composable-part","Production (생산)","시설의 고유 역할은 생산 보조이다. 건설에는 작업량 90, 재료 component:machine-parts×3이 필요하다.","이 생산·저장·물류 파츠에 공간·운반·필요 기반망을 집중해 다른 처리선의 확장을 늦춘다","비교 후보(대체 가능성 미검증): BuildingSO:building:1600, BuildingSO:building:1601, BuildingSO:building:1602, BuildingSO:building:1603, BuildingSO:building:1604, BuildingSO:building:1605, BuildingSO:building:1606, BuildingSO:building:1609, BuildingSO:building:1610, BuildingSO:building:1611, BuildingSO:building:1612, BuildingSO:building:1613 외 13개","입출력 경로·동선·필요 기반망과 실제 생산 또는 운반 주문이 연결될 때 기능을 인정한다","이 파츠가 포함된 방 또는 운영 구역에서 실제 주문·서비스·생산·보안·연구·거래 중 하나가 완료된 기록","진행 중인 입출력을 정리하고 파츠를 해체·운반·청소한 뒤 다른 생산선으로 재조립한다","설계 확정; source comparison candidates는 정적 후보이므로 실제 대체성·BOM·처리량·저장 검증 OPEN"
"building:1618","목재 처리조","player-composable-part","Production (생산)","시설의 고유 역할은 생산 보조이다. 건설에는 작업량 67, 재료 material:lumber×3이 필요하다.","이 생산·저장·물류 파츠에 공간·운반·필요 기반망을 집중해 다른 처리선의 확장을 늦춘다","비교 후보(대체 가능성 미검증): BuildingSO:building:1600, BuildingSO:building:1601, BuildingSO:building:1602, BuildingSO:building:1603, BuildingSO:building:1604, BuildingSO:building:1605, BuildingSO:building:1606, BuildingSO:building:1609, BuildingSO:building:1610, BuildingSO:building:1611, BuildingSO:building:1612, BuildingSO:building:1613 외 13개","입출력 경로·동선·필요 기반망과 실제 생산 또는 운반 주문이 연결될 때 기능을 인정한다","이 파츠가 포함된 방 또는 운영 구역에서 실제 주문·서비스·생산·보안·연구·거래 중 하나가 완료된 기록","진행 중인 입출력을 정리하고 파츠를 해체·운반·청소한 뒤 다른 생산선으로 재조립한다","설계 확정; source comparison candidates는 정적 후보이므로 실제 대체성·BOM·처리량·저장 검증 OPEN"
"building:1619","정밀 연마기","player-composable-part","Production (생산)","시설의 고유 역할은 생산 보조이다. 건설에는 작업량 90, 재료 component:machine-parts×3이 필요하다.","이 생산·저장·물류 파츠에 공간·운반·필요 기반망을 집중해 다른 처리선의 확장을 늦춘다","비교 후보(대체 가능성 미검증): BuildingSO:building:1600, BuildingSO:building:1601, BuildingSO:building:1602, BuildingSO:building:1603, BuildingSO:building:1604, BuildingSO:building:1605, BuildingSO:building:1606, BuildingSO:building:1609, BuildingSO:building:1610, BuildingSO:building:1611, BuildingSO:building:1612, BuildingSO:building:1613 외 13개","입출력 경로·동선·필요 기반망과 실제 생산 또는 운반 주문이 연결될 때 기능을 인정한다","이 파츠가 포함된 방 또는 운영 구역에서 실제 주문·서비스·생산·보안·연구·거래 중 하나가 완료된 기록","진행 중인 입출력을 정리하고 파츠를 해체·운반·청소한 뒤 다른 생산선으로 재조립한다","설계 확정; source comparison candidates는 정적 후보이므로 실제 대체성·BOM·처리량·저장 검증 OPEN"
"building:1620","도가니 선반","player-composable-part","Production (생산)","시설의 고유 역할은 생산 보조이다. 건설에는 작업량 67, 재료 material:lumber×3이 필요하다.","이 생산·저장·물류 파츠에 공간·운반·필요 기반망을 집중해 다른 처리선의 확장을 늦춘다","비교 후보(대체 가능성 미검증): BuildingSO:building:1600, BuildingSO:building:1601, BuildingSO:building:1602, BuildingSO:building:1603, BuildingSO:building:1604, BuildingSO:building:1605, BuildingSO:building:1606, BuildingSO:building:1609, BuildingSO:building:1610, BuildingSO:building:1611, BuildingSO:building:1612, BuildingSO:building:1613 외 13개","입출력 경로·동선·필요 기반망과 실제 생산 또는 운반 주문이 연결될 때 기능을 인정한다","이 파츠가 포함된 방 또는 운영 구역에서 실제 주문·서비스·생산·보안·연구·거래 중 하나가 완료된 기록","진행 중인 입출력을 정리하고 파츠를 해체·운반·청소한 뒤 다른 생산선으로 재조립한다","설계 확정; source comparison candidates는 정적 후보이므로 실제 대체성·BOM·처리량·저장 검증 OPEN"
"building:1621","세공 도구함","player-composable-part","Production (생산)","시설의 고유 역할은 생산 보조이다. 건설에는 작업량 67, 재료 material:lumber×3이 필요하다.","이 생산·저장·물류 파츠에 공간·운반·필요 기반망을 집중해 다른 처리선의 확장을 늦춘다","비교 후보(대체 가능성 미검증): BuildingSO:building:1600, BuildingSO:building:1601, BuildingSO:building:1602, BuildingSO:building:1603, BuildingSO:building:1604, BuildingSO:building:1605, BuildingSO:building:1606, BuildingSO:building:1609, BuildingSO:building:1610, BuildingSO:building:1611, BuildingSO:building:1612, BuildingSO:building:1613 외 13개","입출력 경로·동선·필요 기반망과 실제 생산 또는 운반 주문이 연결될 때 기능을 인정한다","이 파츠가 포함된 방 또는 운영 구역에서 실제 주문·서비스·생산·보안·연구·거래 중 하나가 완료된 기록","진행 중인 입출력을 정리하고 파츠를 해체·운반·청소한 뒤 다른 생산선으로 재조립한다","설계 확정; source comparison candidates는 정적 후보이므로 실제 대체성·BOM·처리량·저장 검증 OPEN"
"building:1622","마나 안정기","player-composable-part","Production (생산)","시설의 고유 역할은 생산 보조이다. 건설에는 작업량 90, 재료 component:machine-parts×3이 필요하다.","이 생산·저장·물류 파츠에 공간·운반·필요 기반망을 집중해 다른 처리선의 확장을 늦춘다","비교 후보(대체 가능성 미검증): BuildingSO:building:1600, BuildingSO:building:1601, BuildingSO:building:1602, BuildingSO:building:1603, BuildingSO:building:1604, BuildingSO:building:1605, BuildingSO:building:1606, BuildingSO:building:1609, BuildingSO:building:1610, BuildingSO:building:1611, BuildingSO:building:1612, BuildingSO:building:1613 외 13개","입출력 경로·동선·필요 기반망과 실제 생산 또는 운반 주문이 연결될 때 기능을 인정한다","이 파츠가 포함된 방 또는 운영 구역에서 실제 주문·서비스·생산·보안·연구·거래 중 하나가 완료된 기록","진행 중인 입출력을 정리하고 파츠를 해체·운반·청소한 뒤 다른 생산선으로 재조립한다","설계 확정; source comparison candidates는 정적 후보이므로 실제 대체성·BOM·처리량·저장 검증 OPEN"
"building:1623","직조 보조 선반","player-composable-part","Production (생산)","시설의 고유 역할은 생산 보조이다. 건설에는 작업량 67, 재료 material:lumber×3이 필요하다.","이 생산·저장·물류 파츠에 공간·운반·필요 기반망을 집중해 다른 처리선의 확장을 늦춘다","비교 후보(대체 가능성 미검증): BuildingSO:building:1600, BuildingSO:building:1601, BuildingSO:building:1602, BuildingSO:building:1603, BuildingSO:building:1604, BuildingSO:building:1605, BuildingSO:building:1606, BuildingSO:building:1609, BuildingSO:building:1610, BuildingSO:building:1611, BuildingSO:building:1612, BuildingSO:building:1613 외 13개","입출력 경로·동선·필요 기반망과 실제 생산 또는 운반 주문이 연결될 때 기능을 인정한다","이 파츠가 포함된 방 또는 운영 구역에서 실제 주문·서비스·생산·보안·연구·거래 중 하나가 완료된 기록","진행 중인 입출력을 정리하고 파츠를 해체·운반·청소한 뒤 다른 생산선으로 재조립한다","설계 확정; source comparison candidates는 정적 후보이므로 실제 대체성·BOM·처리량·저장 검증 OPEN"
"building:1624","무균 약품 보관함","player-composable-part","Production (생산)","시설의 고유 역할은 생산 보조이다. 건설에는 작업량 90, 재료 component:machine-parts×3이 필요하다.","이 생산·저장·물류 파츠에 공간·운반·필요 기반망을 집중해 다른 처리선의 확장을 늦춘다","비교 후보(대체 가능성 미검증): BuildingSO:building:1600, BuildingSO:building:1601, BuildingSO:building:1602, BuildingSO:building:1603, BuildingSO:building:1604, BuildingSO:building:1605, BuildingSO:building:1606, BuildingSO:building:1609, BuildingSO:building:1610, BuildingSO:building:1611, BuildingSO:building:1612, BuildingSO:building:1613 외 13개","입출력 경로·동선·필요 기반망과 실제 생산 또는 운반 주문이 연결될 때 기능을 인정한다","이 파츠가 포함된 방 또는 운영 구역에서 실제 주문·서비스·생산·보안·연구·거래 중 하나가 완료된 기록","진행 중인 입출력을 정리하고 파츠를 해체·운반·청소한 뒤 다른 생산선으로 재조립한다","설계 확정; source comparison candidates는 정적 후보이므로 실제 대체성·BOM·처리량·저장 검증 OPEN"
"building:1625","마나 응축기","player-composable-part","Production (생산)","시설의 고유 역할은 생산 보조이다. 건설에는 작업량 90, 재료 component:machine-parts×3이 필요하다.","이 생산·저장·물류 파츠에 공간·운반·필요 기반망을 집중해 다른 처리선의 확장을 늦춘다","비교 후보(대체 가능성 미검증): BuildingSO:building:1600, BuildingSO:building:1601, BuildingSO:building:1602, BuildingSO:building:1603, BuildingSO:building:1604, BuildingSO:building:1605, BuildingSO:building:1606, BuildingSO:building:1609, BuildingSO:building:1610, BuildingSO:building:1611, BuildingSO:building:1612, BuildingSO:building:1613 외 13개","입출력 경로·동선·필요 기반망과 실제 생산 또는 운반 주문이 연결될 때 기능을 인정한다","이 파츠가 포함된 방 또는 운영 구역에서 실제 주문·서비스·생산·보안·연구·거래 중 하나가 완료된 기록","진행 중인 입출력을 정리하고 파츠를 해체·운반·청소한 뒤 다른 생산선으로 재조립한다","설계 확정; source comparison candidates는 정적 후보이므로 실제 대체성·BOM·처리량·저장 검증 OPEN"
"building:1626","대장 도구함","player-composable-part","Production (생산)","시설의 고유 역할은 생산 보조이다. 건설에는 작업량 67, 재료 material:lumber×3이 필요하다.","이 생산·저장·물류 파츠에 공간·운반·필요 기반망을 집중해 다른 처리선의 확장을 늦춘다","비교 후보(대체 가능성 미검증): BuildingSO:building:1600, BuildingSO:building:1601, BuildingSO:building:1602, BuildingSO:building:1603, BuildingSO:building:1604, BuildingSO:building:1605, BuildingSO:building:1606, BuildingSO:building:1609, BuildingSO:building:1610, BuildingSO:building:1611, BuildingSO:building:1612, BuildingSO:building:1613 외 13개","입출력 경로·동선·필요 기반망과 실제 생산 또는 운반 주문이 연결될 때 기능을 인정한다","이 파츠가 포함된 방 또는 운영 구역에서 실제 주문·서비스·생산·보안·연구·거래 중 하나가 완료된 기록","진행 중인 입출력을 정리하고 파츠를 해체·운반·청소한 뒤 다른 생산선으로 재조립한다","설계 확정; source comparison candidates는 정적 후보이므로 실제 대체성·BOM·처리량·저장 검증 OPEN"
"building:1627","실내 생장 제어기","player-composable-part","Production (생산)","시설의 고유 역할은 생산 보조이다. 건설에는 작업량 90, 재료 component:machine-parts×3이 필요하다.","이 생산·저장·물류 파츠에 공간·운반·필요 기반망을 집중해 다른 처리선의 확장을 늦춘다","비교 후보(대체 가능성 미검증): BuildingSO:building:1600, BuildingSO:building:1601, BuildingSO:building:1602, BuildingSO:building:1603, BuildingSO:building:1604, BuildingSO:building:1605, BuildingSO:building:1606, BuildingSO:building:1609, BuildingSO:building:1610, BuildingSO:building:1611, BuildingSO:building:1612, BuildingSO:building:1613 외 13개","입출력 경로·동선·필요 기반망과 실제 생산 또는 운반 주문이 연결될 때 기능을 인정한다","이 파츠가 포함된 방 또는 운영 구역에서 실제 주문·서비스·생산·보안·연구·거래 중 하나가 완료된 기록","진행 중인 입출력을 정리하고 파츠를 해체·운반·청소한 뒤 다른 생산선으로 재조립한다","설계 확정; source comparison candidates는 정적 후보이므로 실제 대체성·BOM·처리량·저장 검증 OPEN"
"building:1700","숙박 접수대","player-composable-part","Special (특수)","시설의 고유 역할은 서비스 보조이다. 건설에는 작업량 89, 재료 material:lumber×6, material:iron-ingot×1이 필요하다.","이 특수 기능 파츠에 공간·보안 또는 서비스 노동·유지 자원을 배정해 다른 방 기능의 확장을 늦춘다","비교 후보(대체 가능성 미검증): BuildingSO:building:1006, BuildingSO:building:1007, BuildingSO:building:1008, BuildingSO:building:1701, BuildingSO:building:1702, BuildingSO:building:1703, BuildingSO:building:1706, BuildingSO:building:1707, BuildingSO:building:1708, BuildingSO:building:1709, BuildingSO:building:1710, BuildingSO:building:1711 외 2개","필요 구조·동선·대상·작업자와 실제 기능 실행 기록이 결속될 때 기능을 인정한다","이 파츠가 포함된 방 또는 운영 구역에서 실제 주문·서비스·생산·보안·연구·거래 중 하나가 완료된 기록","대상과 진행 작업을 안전하게 해제하고 파츠를 해체·운반·청소해 다른 기능으로 재구성한다","설계 확정; source comparison candidates는 정적 후보이므로 실제 대체성·BOM·처리량·저장 검증 OPEN"
"building:1701","목욕 접수대","player-composable-part","Special (특수)","시설의 고유 역할은 서비스 보조이다. 건설에는 작업량 89, 재료 material:lumber×6, material:iron-ingot×1이 필요하다.","이 특수 기능 파츠에 공간·보안 또는 서비스 노동·유지 자원을 배정해 다른 방 기능의 확장을 늦춘다","비교 후보(대체 가능성 미검증): BuildingSO:building:1006, BuildingSO:building:1007, BuildingSO:building:1008, BuildingSO:building:1700, BuildingSO:building:1702, BuildingSO:building:1703, BuildingSO:building:1706, BuildingSO:building:1707, BuildingSO:building:1708, BuildingSO:building:1709, BuildingSO:building:1710, BuildingSO:building:1711 외 2개","필요 구조·동선·대상·작업자와 실제 기능 실행 기록이 결속될 때 기능을 인정한다","이 파츠가 포함된 방 또는 운영 구역에서 실제 주문·서비스·생산·보안·연구·거래 중 하나가 완료된 기록","대상과 진행 작업을 안전하게 해제하고 파츠를 해체·운반·청소해 다른 기능으로 재구성한다","설계 확정; source comparison candidates는 정적 후보이므로 실제 대체성·BOM·처리량·저장 검증 OPEN"
"building:1702","의료 분류대","player-composable-part","Special (특수)","시설의 고유 역할은 서비스 보조이다. 건설에는 작업량 89, 재료 material:lumber×6, material:iron-ingot×1이 필요하다.","이 특수 기능 파츠에 공간·보안 또는 서비스 노동·유지 자원을 배정해 다른 방 기능의 확장을 늦춘다","비교 후보(대체 가능성 미검증): BuildingSO:building:1006, BuildingSO:building:1007, BuildingSO:building:1008, BuildingSO:building:1700, BuildingSO:building:1701, BuildingSO:building:1703, BuildingSO:building:1706, BuildingSO:building:1707, BuildingSO:building:1708, BuildingSO:building:1709, BuildingSO:building:1710, BuildingSO:building:1711 외 2개","필요 구조·동선·대상·작업자와 실제 기능 실행 기록이 결속될 때 기능을 인정한다","이 파츠가 포함된 방 또는 운영 구역에서 실제 주문·서비스·생산·보안·연구·거래 중 하나가 완료된 기록","대상과 진행 작업을 안전하게 해제하고 파츠를 해체·운반·청소해 다른 기능으로 재구성한다","설계 확정; source comparison candidates는 정적 후보이므로 실제 대체성·BOM·처리량·저장 검증 OPEN"
"building:1703","순번판","player-composable-part","Special (특수)","시설의 고유 역할은 서비스 보조이다. 건설에는 작업량 60, 재료 material:lumber×6, material:iron-ingot×1이 필요하다.","이 특수 기능 파츠에 공간·보안 또는 서비스 노동·유지 자원을 배정해 다른 방 기능의 확장을 늦춘다","비교 후보(대체 가능성 미검증): BuildingSO:building:1006, BuildingSO:building:1007, BuildingSO:building:1008, BuildingSO:building:1700, BuildingSO:building:1701, BuildingSO:building:1702, BuildingSO:building:1706, BuildingSO:building:1707, BuildingSO:building:1708, BuildingSO:building:1709, BuildingSO:building:1710, BuildingSO:building:1711 외 2개","필요 구조·동선·대상·작업자와 실제 기능 실행 기록이 결속될 때 기능을 인정한다","이 파츠가 포함된 방 또는 운영 구역에서 실제 주문·서비스·생산·보안·연구·거래 중 하나가 완료된 기록","대상과 진행 작업을 안전하게 해제하고 파츠를 해체·운반·청소해 다른 기능으로 재구성한다","설계 확정; source comparison candidates는 정적 후보이므로 실제 대체성·BOM·처리량·저장 검증 OPEN"
"building:1704","보온 배식대","player-composable-part","Special (특수)","시설의 고유 역할은 전력 소비, 서비스 보조이다. 건설에는 작업량 684, 재료 material:treated-lumber×4, material:steel-ingot×3, component:machine-parts×2, component:precision-parts×1이 필요하다.","이 특수 기능 파츠에 공간·보안 또는 서비스 노동·유지 자원을 배정해 다른 방 기능의 확장을 늦춘다","비교 후보(대체 가능성 미검증): BuildingSO:building:1705, BuildingSO:building:1714, BuildingSO:building:1715","필요 구조·동선·대상·작업자와 실제 기능 실행 기록이 결속될 때 기능을 인정한다","이 파츠가 포함된 방 또는 운영 구역에서 실제 주문·서비스·생산·보안·연구·거래 중 하나가 완료된 기록","대상과 진행 작업을 안전하게 해제하고 파츠를 해체·운반·청소해 다른 기능으로 재구성한다","설계 확정; source comparison candidates는 정적 후보이므로 실제 대체성·BOM·처리량·저장 검증 OPEN"
"building:1705","자동 계산대","player-composable-part","Special (특수)","시설의 고유 역할은 전력 소비, 서비스 보조이다. 건설에는 작업량 684, 재료 material:treated-lumber×4, material:steel-ingot×3, component:machine-parts×2, component:precision-parts×1이 필요하다.","이 특수 기능 파츠에 공간·보안 또는 서비스 노동·유지 자원을 배정해 다른 방 기능의 확장을 늦춘다","비교 후보(대체 가능성 미검증): BuildingSO:building:1704, BuildingSO:building:1714, BuildingSO:building:1715","필요 구조·동선·대상·작업자와 실제 기능 실행 기록이 결속될 때 기능을 인정한다","이 파츠가 포함된 방 또는 운영 구역에서 실제 주문·서비스·생산·보안·연구·거래 중 하나가 완료된 기록","대상과 진행 작업을 안전하게 해제하고 파츠를 해체·운반·청소해 다른 기능으로 재구성한다","설계 확정; source comparison candidates는 정적 후보이므로 실제 대체성·BOM·처리량·저장 검증 OPEN"
"building:1706","슬라임 전용 좌석","player-composable-part","Special (특수)","시설의 고유 역할은 서비스 보조이다. 건설에는 작업량 60, 재료 material:lumber×6, material:iron-ingot×1이 필요하다.","이 특수 기능 파츠에 공간·보안 또는 서비스 노동·유지 자원을 배정해 다른 방 기능의 확장을 늦춘다","비교 후보(대체 가능성 미검증): BuildingSO:building:1006, BuildingSO:building:1007, BuildingSO:building:1008, BuildingSO:building:1700, BuildingSO:building:1701, BuildingSO:building:1702, BuildingSO:building:1703, BuildingSO:building:1707, BuildingSO:building:1708, BuildingSO:building:1709, BuildingSO:building:1710, BuildingSO:building:1711 외 2개","필요 구조·동선·대상·작업자와 실제 기능 실행 기록이 결속될 때 기능을 인정한다","이 파츠가 포함된 방 또는 운영 구역에서 실제 주문·서비스·생산·보안·연구·거래 중 하나가 완료된 기록","대상과 진행 작업을 안전하게 해제하고 파츠를 해체·운반·청소해 다른 기능으로 재구성한다","설계 확정; source comparison candidates는 정적 후보이므로 실제 대체성·BOM·처리량·저장 검증 OPEN"
"building:1707","오크 전용 좌석","player-composable-part","Special (특수)","시설의 고유 역할은 서비스 보조이다. 건설에는 작업량 60, 재료 material:lumber×6, material:iron-ingot×1이 필요하다.","이 특수 기능 파츠에 공간·보안 또는 서비스 노동·유지 자원을 배정해 다른 방 기능의 확장을 늦춘다","비교 후보(대체 가능성 미검증): BuildingSO:building:1006, BuildingSO:building:1007, BuildingSO:building:1008, BuildingSO:building:1700, BuildingSO:building:1701, BuildingSO:building:1702, BuildingSO:building:1703, BuildingSO:building:1706, BuildingSO:building:1708, BuildingSO:building:1709, BuildingSO:building:1710, BuildingSO:building:1711 외 2개","필요 구조·동선·대상·작업자와 실제 기능 실행 기록이 결속될 때 기능을 인정한다","이 파츠가 포함된 방 또는 운영 구역에서 실제 주문·서비스·생산·보안·연구·거래 중 하나가 완료된 기록","대상과 진행 작업을 안전하게 해제하고 파츠를 해체·운반·청소해 다른 기능으로 재구성한다","설계 확정; source comparison candidates는 정적 후보이므로 실제 대체성·BOM·처리량·저장 검증 OPEN"
"building:1708","뱀파이어 전용 좌석","player-composable-part","Special (특수)","시설의 고유 역할은 서비스 보조이다. 건설에는 작업량 60, 재료 material:lumber×6, material:iron-ingot×1이 필요하다.","이 특수 기능 파츠에 공간·보안 또는 서비스 노동·유지 자원을 배정해 다른 방 기능의 확장을 늦춘다","비교 후보(대체 가능성 미검증): BuildingSO:building:1006, BuildingSO:building:1007, BuildingSO:building:1008, BuildingSO:building:1700, BuildingSO:building:1701, BuildingSO:building:1702, BuildingSO:building:1703, BuildingSO:building:1706, BuildingSO:building:1707, BuildingSO:building:1709, BuildingSO:building:1710, BuildingSO:building:1711 외 2개","필요 구조·동선·대상·작업자와 실제 기능 실행 기록이 결속될 때 기능을 인정한다","이 파츠가 포함된 방 또는 운영 구역에서 실제 주문·서비스·생산·보안·연구·거래 중 하나가 완료된 기록","대상과 진행 작업을 안전하게 해제하고 파츠를 해체·운반·청소해 다른 기능으로 재구성한다","설계 확정; source comparison candidates는 정적 후보이므로 실제 대체성·BOM·처리량·저장 검증 OPEN"
"building:1709","객실 정리함","player-composable-part","Special (특수)","시설의 고유 역할은 서비스 보조이다. 건설에는 작업량 60, 재료 material:lumber×6, material:iron-ingot×1이 필요하다.","이 특수 기능 파츠에 공간·보안 또는 서비스 노동·유지 자원을 배정해 다른 방 기능의 확장을 늦춘다","비교 후보(대체 가능성 미검증): BuildingSO:building:1006, BuildingSO:building:1007, BuildingSO:building:1008, BuildingSO:building:1700, BuildingSO:building:1701, BuildingSO:building:1702, BuildingSO:building:1703, BuildingSO:building:1706, BuildingSO:building:1707, BuildingSO:building:1708, BuildingSO:building:1710, BuildingSO:building:1711 외 2개","필요 구조·동선·대상·작업자와 실제 기능 실행 기록이 결속될 때 기능을 인정한다","이 파츠가 포함된 방 또는 운영 구역에서 실제 주문·서비스·생산·보안·연구·거래 중 하나가 완료된 기록","대상과 진행 작업을 안전하게 해제하고 파츠를 해체·운반·청소해 다른 기능으로 재구성한다","설계 확정; source comparison candidates는 정적 후보이므로 실제 대체성·BOM·처리량·저장 검증 OPEN"
"building:1710","목욕 위생대","player-composable-part","Special (특수)","시설의 고유 역할은 서비스 보조이다. 건설에는 작업량 60, 재료 material:lumber×6, material:iron-ingot×1이 필요하다.","이 특수 기능 파츠에 공간·보안 또는 서비스 노동·유지 자원을 배정해 다른 방 기능의 확장을 늦춘다","비교 후보(대체 가능성 미검증): BuildingSO:building:1006, BuildingSO:building:1007, BuildingSO:building:1008, BuildingSO:building:1700, BuildingSO:building:1701, BuildingSO:building:1702, BuildingSO:building:1703, BuildingSO:building:1706, BuildingSO:building:1707, BuildingSO:building:1708, BuildingSO:building:1709, BuildingSO:building:1711 외 2개","필요 구조·동선·대상·작업자와 실제 기능 실행 기록이 결속될 때 기능을 인정한다","이 파츠가 포함된 방 또는 운영 구역에서 실제 주문·서비스·생산·보안·연구·거래 중 하나가 완료된 기록","대상과 진행 작업을 안전하게 해제하고 파츠를 해체·운반·청소해 다른 기능으로 재구성한다","설계 확정; source comparison candidates는 정적 후보이므로 실제 대체성·BOM·처리량·저장 검증 OPEN"
"building:1711","의료 호출판","player-composable-part","Special (특수)","시설의 고유 역할은 서비스 보조이다. 건설에는 작업량 60, 재료 material:lumber×6, material:iron-ingot×1이 필요하다.","이 특수 기능 파츠에 공간·보안 또는 서비스 노동·유지 자원을 배정해 다른 방 기능의 확장을 늦춘다","비교 후보(대체 가능성 미검증): BuildingSO:building:1006, BuildingSO:building:1007, BuildingSO:building:1008, BuildingSO:building:1700, BuildingSO:building:1701, BuildingSO:building:1702, BuildingSO:building:1703, BuildingSO:building:1706, BuildingSO:building:1707, BuildingSO:building:1708, BuildingSO:building:1709, BuildingSO:building:1710 외 2개","필요 구조·동선·대상·작업자와 실제 기능 실행 기록이 결속될 때 기능을 인정한다","이 파츠가 포함된 방 또는 운영 구역에서 실제 주문·서비스·생산·보안·연구·거래 중 하나가 완료된 기록","대상과 진행 작업을 안전하게 해제하고 파츠를 해체·운반·청소해 다른 기능으로 재구성한다","설계 확정; source comparison candidates는 정적 후보이므로 실제 대체성·BOM·처리량·저장 검증 OPEN"
"building:1712","주문 접수대","player-composable-part","Special (특수)","시설의 고유 역할은 서비스 보조이다. 건설에는 작업량 89, 재료 material:lumber×6, material:iron-ingot×1이 필요하다.","이 특수 기능 파츠에 공간·보안 또는 서비스 노동·유지 자원을 배정해 다른 방 기능의 확장을 늦춘다","비교 후보(대체 가능성 미검증): BuildingSO:building:1006, BuildingSO:building:1007, BuildingSO:building:1008, BuildingSO:building:1700, BuildingSO:building:1701, BuildingSO:building:1702, BuildingSO:building:1703, BuildingSO:building:1706, BuildingSO:building:1707, BuildingSO:building:1708, BuildingSO:building:1709, BuildingSO:building:1710 외 2개","필요 구조·동선·대상·작업자와 실제 기능 실행 기록이 결속될 때 기능을 인정한다","이 파츠가 포함된 방 또는 운영 구역에서 실제 주문·서비스·생산·보안·연구·거래 중 하나가 완료된 기록","대상과 진행 작업을 안전하게 해제하고 파츠를 해체·운반·청소해 다른 기능으로 재구성한다","설계 확정; source comparison candidates는 정적 후보이므로 실제 대체성·BOM·처리량·저장 검증 OPEN"
"building:1713","분리 계산대","player-composable-part","Special (특수)","시설의 고유 역할은 서비스 보조이다. 건설에는 작업량 89, 재료 material:lumber×6, material:iron-ingot×1이 필요하다.","이 특수 기능 파츠에 공간·보안 또는 서비스 노동·유지 자원을 배정해 다른 방 기능의 확장을 늦춘다","비교 후보(대체 가능성 미검증): BuildingSO:building:1006, BuildingSO:building:1007, BuildingSO:building:1008, BuildingSO:building:1700, BuildingSO:building:1701, BuildingSO:building:1702, BuildingSO:building:1703, BuildingSO:building:1706, BuildingSO:building:1707, BuildingSO:building:1708, BuildingSO:building:1709, BuildingSO:building:1710 외 2개","필요 구조·동선·대상·작업자와 실제 기능 실행 기록이 결속될 때 기능을 인정한다","이 파츠가 포함된 방 또는 운영 구역에서 실제 주문·서비스·생산·보안·연구·거래 중 하나가 완료된 기록","대상과 진행 작업을 안전하게 해제하고 파츠를 해체·운반·청소해 다른 기능으로 재구성한다","설계 확정; source comparison candidates는 정적 후보이므로 실제 대체성·BOM·처리량·저장 검증 OPEN"
"building:1714","자동 객실 배정판","player-composable-part","Special (특수)","시설의 고유 역할은 전력 소비, 서비스 보조이다. 건설에는 작업량 522, 재료 material:treated-lumber×4, material:steel-ingot×3, component:machine-parts×2, component:precision-parts×1이 필요하다.","이 특수 기능 파츠에 공간·보안 또는 서비스 노동·유지 자원을 배정해 다른 방 기능의 확장을 늦춘다","비교 후보(대체 가능성 미검증): BuildingSO:building:1704, BuildingSO:building:1705, BuildingSO:building:1715","필요 구조·동선·대상·작업자와 실제 기능 실행 기록이 결속될 때 기능을 인정한다","이 파츠가 포함된 방 또는 운영 구역에서 실제 주문·서비스·생산·보안·연구·거래 중 하나가 완료된 기록","대상과 진행 작업을 안전하게 해제하고 파츠를 해체·운반·청소해 다른 기능으로 재구성한다","설계 확정; source comparison candidates는 정적 후보이므로 실제 대체성·BOM·처리량·저장 검증 OPEN"
"building:1715","자동 급배수 제어기","player-composable-part","Special (특수)","시설의 고유 역할은 전력 소비, 서비스 보조이다. 건설에는 작업량 522, 재료 material:treated-lumber×4, material:steel-ingot×3, component:machine-parts×2, component:precision-parts×1이 필요하다.","이 특수 기능 파츠에 공간·보안 또는 서비스 노동·유지 자원을 배정해 다른 방 기능의 확장을 늦춘다","비교 후보(대체 가능성 미검증): BuildingSO:building:1704, BuildingSO:building:1705, BuildingSO:building:1714","필요 구조·동선·대상·작업자와 실제 기능 실행 기록이 결속될 때 기능을 인정한다","이 파츠가 포함된 방 또는 운영 구역에서 실제 주문·서비스·생산·보안·연구·거래 중 하나가 완료된 기록","대상과 진행 작업을 안전하게 해제하고 파츠를 해체·운반·청소해 다른 기능으로 재구성한다","설계 확정; source comparison candidates는 정적 후보이므로 실제 대체성·BOM·처리량·저장 검증 OPEN"
"building:18","창고","player-composable-part","Production (생산)","시설의 고유 역할은 내부 공정 재고이다. 건설에는 작업량 36, 재료 material:steel-ingot×1이 필요하다.","이 생산·저장·물류 파츠에 공간·운반·필요 기반망을 집중해 다른 처리선의 확장을 늦춘다","비교 후보(대체 가능성 미검증): BuildingSO:building:6, BuildingSO:building:9502, BuildingSO:building:9504, BuildingSO:building:12, BuildingSO:building:10, BuildingSO:building:11, BuildingSO:building:13, BuildingSO:building:5","입출력 경로·동선·필요 기반망과 실제 생산 또는 운반 주문이 연결될 때 기능을 인정한다","이 파츠가 포함된 방 또는 운영 구역에서 실제 주문·서비스·생산·보안·연구·거래 중 하나가 완료된 기록","진행 중인 입출력을 정리하고 파츠를 해체·운반·청소한 뒤 다른 생산선으로 재조립한다","설계 확정; source comparison candidates는 정적 후보이므로 실제 대체성·BOM·처리량·저장 검증 OPEN"
"building:1800","복도 침입 감지기","player-composable-part","Special (특수)","시설의 고유 역할은 방어 전투이다. 건설에는 작업량 366, 재료 material:treated-lumber×8, material:stone-block×4, material:iron-ingot×5이 필요하다.","이 특수 기능 파츠에 공간·보안 또는 서비스 노동·유지 자원을 배정해 다른 방 기능의 확장을 늦춘다","비교 후보(대체 가능성 미검증): BuildingSO:building:1801, BuildingSO:building:1804, BuildingSO:building:1805, BuildingSO:building:53, BuildingSO:building:54, BuildingSO:building:57, BuildingSO:building:32, BuildingSO:building:35, BuildingSO:building:34, BuildingSO:building:33, BuildingSO:building:31, BuildingSO:building:30 외 4개","필요 구조·동선·대상·작업자와 실제 기능 실행 기록이 결속될 때 기능을 인정한다","이 파츠가 포함된 방 또는 운영 구역에서 실제 주문·서비스·생산·보안·연구·거래 중 하나가 완료된 기록","대상과 진행 작업을 안전하게 해제하고 파츠를 해체·운반·청소해 다른 기능으로 재구성한다","설계 확정; source comparison candidates는 정적 후보이므로 실제 대체성·BOM·처리량·저장 검증 OPEN"
"building:1801","방어 통제대","player-composable-part","Special (특수)","시설의 고유 역할은 방어 전투이다. 건설에는 작업량 474, 재료 material:treated-lumber×11, material:stone-block×5, material:iron-ingot×5이 필요하다.","이 특수 기능 파츠에 공간·보안 또는 서비스 노동·유지 자원을 배정해 다른 방 기능의 확장을 늦춘다","비교 후보(대체 가능성 미검증): BuildingSO:building:1800, BuildingSO:building:1804, BuildingSO:building:1805, BuildingSO:building:53, BuildingSO:building:54, BuildingSO:building:57, BuildingSO:building:32, BuildingSO:building:35, BuildingSO:building:34, BuildingSO:building:33, BuildingSO:building:31, BuildingSO:building:30 외 4개","필요 구조·동선·대상·작업자와 실제 기능 실행 기록이 결속될 때 기능을 인정한다","이 파츠가 포함된 방 또는 운영 구역에서 실제 주문·서비스·생산·보안·연구·거래 중 하나가 완료된 기록","대상과 진행 작업을 안전하게 해제하고 파츠를 해체·운반·청소해 다른 기능으로 재구성한다","설계 확정; source comparison candidates는 정적 후보이므로 실제 대체성·BOM·처리량·저장 검증 OPEN"
"building:1802","탄약·촉매 보급고","player-composable-part","Special (특수)","시설의 고유 역할은 방어 전투, 재고 보관이다. 건설에는 작업량 510, 재료 material:treated-lumber×11, material:stone-block×5, material:iron-ingot×5이 필요하다.","이 특수 기능 파츠에 공간·보안 또는 서비스 노동·유지 자원을 배정해 다른 방 기능의 확장을 늦춘다","비교 후보(대체 가능성 미검증): BuildingSO:building:1803","필요 구조·동선·대상·작업자와 실제 기능 실행 기록이 결속될 때 기능을 인정한다","이 파츠가 포함된 방 또는 운영 구역에서 실제 주문·서비스·생산·보안·연구·거래 중 하나가 완료된 기록","대상과 진행 작업을 안전하게 해제하고 파츠를 해체·운반·청소해 다른 기능으로 재구성한다","설계 확정; source comparison candidates는 정적 후보이므로 실제 대체성·BOM·처리량·저장 검증 OPEN"
"building:1803","함정 정비대","player-composable-part","Special (특수)","시설의 고유 역할은 방어 전투, 재고 보관이다. 건설에는 작업량 510, 재료 material:treated-lumber×11, material:stone-block×5, material:iron-ingot×5이 필요하다.","이 특수 기능 파츠에 공간·보안 또는 서비스 노동·유지 자원을 배정해 다른 방 기능의 확장을 늦춘다","비교 후보(대체 가능성 미검증): BuildingSO:building:1802","필요 구조·동선·대상·작업자와 실제 기능 실행 기록이 결속될 때 기능을 인정한다","이 파츠가 포함된 방 또는 운영 구역에서 실제 주문·서비스·생산·보안·연구·거래 중 하나가 완료된 기록","대상과 진행 작업을 안전하게 해제하고 파츠를 해체·운반·청소해 다른 기능으로 재구성한다","설계 확정; source comparison candidates는 정적 후보이므로 실제 대체성·BOM·처리량·저장 검증 OPEN"
"building:1805","벽면 발사구","player-composable-part","Special (특수)","시설의 고유 역할은 방어 전투이다. 건설에는 작업량 558, 재료 material:stone-block×5, material:steel-ingot×5, component:machine-parts×1, component:siege-reinforcement-kit×1이 필요하다.","이 특수 기능 파츠에 공간·보안 또는 서비스 노동·유지 자원을 배정해 다른 방 기능의 확장을 늦춘다","비교 후보(대체 가능성 미검증): BuildingSO:building:1801, BuildingSO:building:1800, BuildingSO:building:1804, BuildingSO:building:53, BuildingSO:building:54, BuildingSO:building:57, BuildingSO:building:32, BuildingSO:building:35, BuildingSO:building:34, BuildingSO:building:33, BuildingSO:building:31, BuildingSO:building:30 외 4개","필요 구조·동선·대상·작업자와 실제 기능 실행 기록이 결속될 때 기능을 인정한다","이 파츠가 포함된 방 또는 운영 구역에서 실제 주문·서비스·생산·보안·연구·거래 중 하나가 완료된 기록","대상과 진행 작업을 안전하게 해제하고 파츠를 해체·운반·청소해 다른 기능으로 재구성한다","설계 확정; source comparison candidates는 정적 후보이므로 실제 대체성·BOM·처리량·저장 검증 OPEN"
"building:30","1성 산탄 가시 함정","player-composable-part","Special (특수)","시설의 고유 역할은 방어 전투이다. 건설에는 작업량 675, 재료 material:stone-block×6, material:steel-ingot×7, component:machine-parts×1이 필요하다.","이 특수 기능 파츠에 공간·보안 또는 서비스 노동·유지 자원을 배정해 다른 방 기능의 확장을 늦춘다","비교 후보(대체 가능성 미검증): BuildingSO:building:1801, BuildingSO:building:1800, BuildingSO:building:1804, BuildingSO:building:1805, BuildingSO:building:53, BuildingSO:building:54, BuildingSO:building:57, BuildingSO:building:32, BuildingSO:building:35, BuildingSO:building:34, BuildingSO:building:33, BuildingSO:building:31 외 4개","필요 구조·동선·대상·작업자와 실제 기능 실행 기록이 결속될 때 기능을 인정한다","이 파츠가 포함된 방 또는 운영 구역에서 실제 주문·서비스·생산·보안·연구·거래 중 하나가 완료된 기록","대상과 진행 작업을 안전하게 해제하고 파츠를 해체·운반·청소해 다른 기능으로 재구성한다","설계 확정; source comparison candidates는 정적 후보이므로 실제 대체성·BOM·처리량·저장 검증 OPEN"
"building:31","1성 독 웅덩이","player-composable-part","Special (특수)","시설의 고유 역할은 방어 전투이다. 건설에는 작업량 675, 재료 material:stone-block×8, material:steel-ingot×5, component:machine-parts×2, material:treated-lumber×2이 필요하다.","이 특수 기능 파츠에 공간·보안 또는 서비스 노동·유지 자원을 배정해 다른 방 기능의 확장을 늦춘다","비교 후보(대체 가능성 미검증): BuildingSO:building:1801, BuildingSO:building:1800, BuildingSO:building:1804, BuildingSO:building:1805, BuildingSO:building:53, BuildingSO:building:54, BuildingSO:building:57, BuildingSO:building:32, BuildingSO:building:35, BuildingSO:building:34, BuildingSO:building:33, BuildingSO:building:30 외 4개","필요 구조·동선·대상·작업자와 실제 기능 실행 기록이 결속될 때 기능을 인정한다","이 파츠가 포함된 방 또는 운영 구역에서 실제 주문·서비스·생산·보안·연구·거래 중 하나가 완료된 기록","대상과 진행 작업을 안전하게 해제하고 파츠를 해체·운반·청소해 다른 기능으로 재구성한다","설계 확정; source comparison candidates는 정적 후보이므로 실제 대체성·BOM·처리량·저장 검증 OPEN"
"building:32","1성 화염 분사구","player-composable-part","Special (특수)","시설의 고유 역할은 방어 전투이다. 건설에는 작업량 675, 재료 material:stone-block×9, material:steel-ingot×6, component:machine-parts×2이 필요하다.","이 특수 기능 파츠에 공간·보안 또는 서비스 노동·유지 자원을 배정해 다른 방 기능의 확장을 늦춘다","비교 후보(대체 가능성 미검증): BuildingSO:building:1801, BuildingSO:building:1800, BuildingSO:building:1804, BuildingSO:building:1805, BuildingSO:building:53, BuildingSO:building:54, BuildingSO:building:57, BuildingSO:building:35, BuildingSO:building:34, BuildingSO:building:33, BuildingSO:building:31, BuildingSO:building:30 외 4개","필요 구조·동선·대상·작업자와 실제 기능 실행 기록이 결속될 때 기능을 인정한다","이 파츠가 포함된 방 또는 운영 구역에서 실제 주문·서비스·생산·보안·연구·거래 중 하나가 완료된 기록","대상과 진행 작업을 안전하게 해제하고 파츠를 해체·운반·청소해 다른 기능으로 재구성한다","설계 확정; source comparison candidates는 정적 후보이므로 실제 대체성·BOM·처리량·저장 검증 OPEN"
"building:33","1성 번개 기둥","player-composable-part","Special (특수)","시설의 고유 역할은 방어 전투이다. 건설에는 작업량 684, 재료 material:stone-block×7, material:steel-ingot×5, component:machine-parts×2, component:rune-conductor×2이 필요하다.","이 특수 기능 파츠에 공간·보안 또는 서비스 노동·유지 자원을 배정해 다른 방 기능의 확장을 늦춘다","비교 후보(대체 가능성 미검증): BuildingSO:building:1801, BuildingSO:building:1800, BuildingSO:building:1804, BuildingSO:building:1805, BuildingSO:building:53, BuildingSO:building:54, BuildingSO:building:57, BuildingSO:building:32, BuildingSO:building:35, BuildingSO:building:34, BuildingSO:building:31, BuildingSO:building:30 외 4개","필요 구조·동선·대상·작업자와 실제 기능 실행 기록이 결속될 때 기능을 인정한다","이 파츠가 포함된 방 또는 운영 구역에서 실제 주문·서비스·생산·보안·연구·거래 중 하나가 완료된 기록","대상과 진행 작업을 안전하게 해제하고 파츠를 해체·운반·청소해 다른 기능으로 재구성한다","설계 확정; source comparison candidates는 정적 후보이므로 실제 대체성·BOM·처리량·저장 검증 OPEN"
"building:34","1성 냉기 분사구","player-composable-part","Special (특수)","시설의 고유 역할은 방어 전투이다. 건설에는 작업량 675, 재료 material:stone-block×7, material:steel-ingot×5, component:machine-parts×2, material:treated-lumber×2이 필요하다.","이 특수 기능 파츠에 공간·보안 또는 서비스 노동·유지 자원을 배정해 다른 방 기능의 확장을 늦춘다","비교 후보(대체 가능성 미검증): BuildingSO:building:1801, BuildingSO:building:1800, BuildingSO:building:1804, BuildingSO:building:1805, BuildingSO:building:53, BuildingSO:building:54, BuildingSO:building:57, BuildingSO:building:32, BuildingSO:building:35, BuildingSO:building:33, BuildingSO:building:31, BuildingSO:building:30 외 4개","필요 구조·동선·대상·작업자와 실제 기능 실행 기록이 결속될 때 기능을 인정한다","이 파츠가 포함된 방 또는 운영 구역에서 실제 주문·서비스·생산·보안·연구·거래 중 하나가 완료된 기록","대상과 진행 작업을 안전하게 해제하고 파츠를 해체·운반·청소해 다른 기능으로 재구성한다","설계 확정; source comparison candidates는 정적 후보이므로 실제 대체성·BOM·처리량·저장 검증 OPEN"
"building:35","1성 경비실","player-composable-part","Special (특수)","시설의 고유 역할은 방어 전투이다. 건설에는 작업량 316, 재료 material:treated-lumber×8, material:stone-block×6, material:iron-ingot×3, component:machine-parts×1이 필요하다.","이 특수 기능 파츠에 공간·보안 또는 서비스 노동·유지 자원을 배정해 다른 방 기능의 확장을 늦춘다","비교 후보(대체 가능성 미검증): BuildingSO:building:1801, BuildingSO:building:1800, BuildingSO:building:1804, BuildingSO:building:1805, BuildingSO:building:53, BuildingSO:building:54, BuildingSO:building:57, BuildingSO:building:32, BuildingSO:building:34, BuildingSO:building:33, BuildingSO:building:31, BuildingSO:building:30 외 4개","필요 구조·동선·대상·작업자와 실제 기능 실행 기록이 결속될 때 기능을 인정한다","이 파츠가 포함된 방 또는 운영 구역에서 실제 주문·서비스·생산·보안·연구·거래 중 하나가 완료된 기록","대상과 진행 작업을 안전하게 해제하고 파츠를 해체·운반·청소해 다른 기능으로 재구성한다","설계 확정; source comparison candidates는 정적 후보이므로 실제 대체성·BOM·처리량·저장 검증 OPEN"
"building:5","무기상점","player-composable-part","Shop (상점)","시설의 고유 역할은 내부 공정 재고이다. 건설에는 작업량 48, 재료 material:lumber×4이 필요하다.","이 환대·교역 파츠에 객실·재고·서비스 인력을 배정해 주민 생활 공간과 다른 서비스 투자를 늦춘다","비교 후보(대체 가능성 미검증): BuildingSO:building:6, BuildingSO:building:9502, BuildingSO:building:9504, BuildingSO:building:12, BuildingSO:building:10, BuildingSO:building:11, BuildingSO:building:18, BuildingSO:building:13","접수·보관·동선·서비스 인력과 실제 손님 또는 거래 기록이 연결될 때 기능을 인정한다","이 파츠가 포함된 방 또는 운영 구역에서 실제 주문·서비스·생산·보안·연구·거래 중 하나가 완료된 기록","예약·물품·손님 동선을 정리하고 파츠를 해체·운반·청소해 다른 방 기능으로 전환한다","설계 확정; source comparison candidates는 정적 후보이므로 실제 대체성·BOM·처리량·저장 검증 OPEN"
"building:50","2성 전투 식당","player-composable-part","Shop (상점)","시설의 고유 역할은 방어 전투, 내부 공정 재고이다. 건설에는 작업량 36, 재료 material:steel-ingot×1이 필요하다.","이 환대·교역 파츠에 객실·재고·서비스 인력을 배정해 주민 생활 공간과 다른 서비스 투자를 늦춘다","비교 후보(대체 가능성 미검증): BuildingSO:building:55, BuildingSO:building:56, BuildingSO:building:51","접수·보관·동선·서비스 인력과 실제 손님 또는 거래 기록이 연결될 때 기능을 인정한다","이 파츠가 포함된 방 또는 운영 구역에서 실제 주문·서비스·생산·보안·연구·거래 중 하나가 완료된 기록","예약·물품·손님 동선을 정리하고 파츠를 해체·운반·청소해 다른 방 기능으로 전환한다","설계 확정; source comparison candidates는 정적 후보이므로 실제 대체성·BOM·처리량·저장 검증 OPEN"
"building:51","2성 고급 고기 식당","player-composable-part","Shop (상점)","시설의 고유 역할은 방어 전투, 내부 공정 재고이다. 건설에는 작업량 36, 재료 material:steel-ingot×1이 필요하다.","이 환대·교역 파츠에 객실·재고·서비스 인력을 배정해 주민 생활 공간과 다른 서비스 투자를 늦춘다","비교 후보(대체 가능성 미검증): BuildingSO:building:50, BuildingSO:building:55, BuildingSO:building:56","접수·보관·동선·서비스 인력과 실제 손님 또는 거래 기록이 연결될 때 기능을 인정한다","이 파츠가 포함된 방 또는 운영 구역에서 실제 주문·서비스·생산·보안·연구·거래 중 하나가 완료된 기록","예약·물품·손님 동선을 정리하고 파츠를 해체·운반·청소해 다른 방 기능으로 전환한다","설계 확정; source comparison candidates는 정적 후보이므로 실제 대체성·BOM·처리량·저장 검증 OPEN"
"building:52","2성 맹독 가시 함정","player-composable-part","Special (특수)","시설의 고유 역할은 방어 전투이다. 건설에는 작업량 828, 재료 material:stone-block×9, material:steel-ingot×6, component:machine-parts×2, material:treated-lumber×2이 필요하다.","이 특수 기능 파츠에 공간·보안 또는 서비스 노동·유지 자원을 배정해 다른 방 기능의 확장을 늦춘다","비교 후보(대체 가능성 미검증): BuildingSO:building:1801, BuildingSO:building:1800, BuildingSO:building:1804, BuildingSO:building:1805, BuildingSO:building:53, BuildingSO:building:54, BuildingSO:building:57, BuildingSO:building:32, BuildingSO:building:35, BuildingSO:building:34, BuildingSO:building:33, BuildingSO:building:31 외 4개","필요 구조·동선·대상·작업자와 실제 기능 실행 기록이 결속될 때 기능을 인정한다","이 파츠가 포함된 방 또는 운영 구역에서 실제 주문·서비스·생산·보안·연구·거래 중 하나가 완료된 기록","대상과 진행 작업을 안전하게 해제하고 파츠를 해체·운반·청소해 다른 기능으로 재구성한다","설계 확정; source comparison candidates는 정적 후보이므로 실제 대체성·BOM·처리량·저장 검증 OPEN"
"building:53","2성 경보 코일","player-composable-part","Special (특수)","시설의 고유 역할은 방어 전투이다. 건설에는 작업량 837, 재료 material:stone-block×8, material:steel-ingot×6, component:machine-parts×2, component:rune-conductor×2, 외 1개이 필요하다.","이 특수 기능 파츠에 공간·보안 또는 서비스 노동·유지 자원을 배정해 다른 방 기능의 확장을 늦춘다","비교 후보(대체 가능성 미검증): BuildingSO:building:1801, BuildingSO:building:1800, BuildingSO:building:1804, BuildingSO:building:1805, BuildingSO:building:54, BuildingSO:building:57, BuildingSO:building:32, BuildingSO:building:35, BuildingSO:building:34, BuildingSO:building:33, BuildingSO:building:31, BuildingSO:building:30 외 4개","필요 구조·동선·대상·작업자와 실제 기능 실행 기록이 결속될 때 기능을 인정한다","이 파츠가 포함된 방 또는 운영 구역에서 실제 주문·서비스·생산·보안·연구·거래 중 하나가 완료된 기록","대상과 진행 작업을 안전하게 해제하고 파츠를 해체·운반·청소해 다른 기능으로 재구성한다","설계 확정; source comparison candidates는 정적 후보이므로 실제 대체성·BOM·처리량·저장 검증 OPEN"
"building:54","2성 병영","player-composable-part","Special (특수)","시설의 고유 역할은 방어 전투이다. 건설에는 작업량 376, 재료 material:treated-lumber×9, material:stone-block×7, material:iron-ingot×3, component:machine-parts×1이 필요하다.","이 특수 기능 파츠에 공간·보안 또는 서비스 노동·유지 자원을 배정해 다른 방 기능의 확장을 늦춘다","비교 후보(대체 가능성 미검증): BuildingSO:building:1801, BuildingSO:building:1800, BuildingSO:building:1804, BuildingSO:building:1805, BuildingSO:building:53, BuildingSO:building:57, BuildingSO:building:32, BuildingSO:building:35, BuildingSO:building:34, BuildingSO:building:33, BuildingSO:building:31, BuildingSO:building:30 외 4개","필요 구조·동선·대상·작업자와 실제 기능 실행 기록이 결속될 때 기능을 인정한다","이 파츠가 포함된 방 또는 운영 구역에서 실제 주문·서비스·생산·보안·연구·거래 중 하나가 완료된 기록","대상과 진행 작업을 안전하게 해제하고 파츠를 해체·운반·청소해 다른 기능으로 재구성한다","설계 확정; source comparison candidates는 정적 후보이므로 실제 대체성·BOM·처리량·저장 검증 OPEN"
"building:55","3성 전장의 식당","player-composable-part","Shop (상점)","시설의 고유 역할은 방어 전투, 내부 공정 재고이다. 건설에는 작업량 36, 재료 material:steel-ingot×1이 필요하다.","이 환대·교역 파츠에 객실·재고·서비스 인력을 배정해 주민 생활 공간과 다른 서비스 투자를 늦춘다","비교 후보(대체 가능성 미검증): BuildingSO:building:50, BuildingSO:building:56, BuildingSO:building:51","접수·보관·동선·서비스 인력과 실제 손님 또는 거래 기록이 연결될 때 기능을 인정한다","이 파츠가 포함된 방 또는 운영 구역에서 실제 주문·서비스·생산·보안·연구·거래 중 하나가 완료된 기록","예약·물품·손님 동선을 정리하고 파츠를 해체·운반·청소해 다른 방 기능으로 전환한다","설계 확정; source comparison candidates는 정적 후보이므로 실제 대체성·BOM·처리량·저장 검증 OPEN"
"building:56","3성 귀족의 식당","player-composable-part","Shop (상점)","시설의 고유 역할은 방어 전투, 내부 공정 재고이다. 건설에는 작업량 36, 재료 material:steel-ingot×1이 필요하다.","이 환대·교역 파츠에 객실·재고·서비스 인력을 배정해 주민 생활 공간과 다른 서비스 투자를 늦춘다","비교 후보(대체 가능성 미검증): BuildingSO:building:50, BuildingSO:building:55, BuildingSO:building:51","접수·보관·동선·서비스 인력과 실제 손님 또는 거래 기록이 연결될 때 기능을 인정한다","이 파츠가 포함된 방 또는 운영 구역에서 실제 주문·서비스·생산·보안·연구·거래 중 하나가 완료된 기록","예약·물품·손님 동선을 정리하고 파츠를 해체·운반·청소해 다른 방 기능으로 전환한다","설계 확정; source comparison candidates는 정적 후보이므로 실제 대체성·BOM·처리량·저장 검증 OPEN"
"building:57","3성 부식 냉각 함정","player-composable-part","Special (특수)","시설의 고유 역할은 방어 전투이다. 건설에는 작업량 828, 재료 material:stone-block×8, material:steel-ingot×6, component:machine-parts×2, material:treated-lumber×2, 외 1개이 필요하다.","이 특수 기능 파츠에 공간·보안 또는 서비스 노동·유지 자원을 배정해 다른 방 기능의 확장을 늦춘다","비교 후보(대체 가능성 미검증): BuildingSO:building:1801, BuildingSO:building:1800, BuildingSO:building:1804, BuildingSO:building:1805, BuildingSO:building:53, BuildingSO:building:54, BuildingSO:building:32, BuildingSO:building:35, BuildingSO:building:34, BuildingSO:building:33, BuildingSO:building:31, BuildingSO:building:30 외 4개","필요 구조·동선·대상·작업자와 실제 기능 실행 기록이 결속될 때 기능을 인정한다","이 파츠가 포함된 방 또는 운영 구역에서 실제 주문·서비스·생산·보안·연구·거래 중 하나가 완료된 기록","대상과 진행 작업을 안전하게 해제하고 파츠를 해체·운반·청소해 다른 기능으로 재구성한다","설계 확정; source comparison candidates는 정적 후보이므로 실제 대체성·BOM·처리량·저장 검증 OPEN"
"building:58","3성 폭뢰 분사구","player-composable-part","Special (특수)","시설의 고유 역할은 방어 전투이다. 건설에는 작업량 837, 재료 material:stone-block×8, material:steel-ingot×6, component:machine-parts×2, component:rune-conductor×2이 필요하다.","이 특수 기능 파츠에 공간·보안 또는 서비스 노동·유지 자원을 배정해 다른 방 기능의 확장을 늦춘다","비교 후보(대체 가능성 미검증): BuildingSO:building:1801, BuildingSO:building:1800, BuildingSO:building:1804, BuildingSO:building:1805, BuildingSO:building:53, BuildingSO:building:54, BuildingSO:building:57, BuildingSO:building:32, BuildingSO:building:35, BuildingSO:building:34, BuildingSO:building:33, BuildingSO:building:31 외 4개","필요 구조·동선·대상·작업자와 실제 기능 실행 기록이 결속될 때 기능을 인정한다","이 파츠가 포함된 방 또는 운영 구역에서 실제 주문·서비스·생산·보안·연구·거래 중 하나가 완료된 기록","대상과 진행 작업을 안전하게 해제하고 파츠를 해체·운반·청소해 다른 기능으로 재구성한다","설계 확정; source comparison candidates는 정적 후보이므로 실제 대체성·BOM·처리량·저장 검증 OPEN"
"building:59","3성 전투 병영","player-composable-part","Special (특수)","시설의 고유 역할은 방어 전투이다. 건설에는 작업량 376, 재료 material:treated-lumber×9, material:stone-block×7, material:iron-ingot×3, component:machine-parts×1이 필요하다.","이 특수 기능 파츠에 공간·보안 또는 서비스 노동·유지 자원을 배정해 다른 방 기능의 확장을 늦춘다","비교 후보(대체 가능성 미검증): BuildingSO:building:1801, BuildingSO:building:1800, BuildingSO:building:1804, BuildingSO:building:1805, BuildingSO:building:53, BuildingSO:building:54, BuildingSO:building:57, BuildingSO:building:32, BuildingSO:building:35, BuildingSO:building:34, BuildingSO:building:33, BuildingSO:building:31 외 4개","필요 구조·동선·대상·작업자와 실제 기능 실행 기록이 결속될 때 기능을 인정한다","이 파츠가 포함된 방 또는 운영 구역에서 실제 주문·서비스·생산·보안·연구·거래 중 하나가 완료된 기록","대상과 진행 작업을 안전하게 해제하고 파츠를 해체·운반·청소해 다른 기능으로 재구성한다","설계 확정; source comparison candidates는 정적 후보이므로 실제 대체성·BOM·처리량·저장 검증 OPEN"
"building:6","패스트푸드점","player-composable-part","Shop (상점)","시설의 고유 역할은 내부 공정 재고이다. 건설에는 작업량 36, 재료 material:lumber×3이 필요하다.","이 환대·교역 파츠에 객실·재고·서비스 인력을 배정해 주민 생활 공간과 다른 서비스 투자를 늦춘다","비교 후보(대체 가능성 미검증): BuildingSO:building:9502, BuildingSO:building:9504, BuildingSO:building:12, BuildingSO:building:10, BuildingSO:building:11, BuildingSO:building:18, BuildingSO:building:13, BuildingSO:building:5","접수·보관·동선·서비스 인력과 실제 손님 또는 거래 기록이 연결될 때 기능을 인정한다","이 파츠가 포함된 방 또는 운영 구역에서 실제 주문·서비스·생산·보안·연구·거래 중 하나가 완료된 기록","예약·물품·손님 동선을 정리하고 파츠를 해체·운반·청소해 다른 방 기능으로 전환한다","설계 확정; source comparison candidates는 정적 후보이므로 실제 대체성·BOM·처리량·저장 검증 OPEN"
"building:60","화장실","player-composable-part","Special (특수)","시설 동작은 BuildingFacilityAbility, BuildingRoomRequirementAbility, BuildingSelfContainedRoomAbility, BuildingWorkAmountAbility 모듈로 구성된다. 건설에는 작업량 24, 재료 material:steel-ingot×1이 필요하다.","이 특수 기능 파츠에 공간·보안 또는 서비스 노동·유지 자원을 배정해 다른 방 기능의 확장을 늦춘다","비교 후보(대체 가능성 미검증): BuildingSO:building:1206, BuildingSO:building:1203, BuildingSO:building:1205, BuildingSO:building:1207, BuildingSO:building:1208, BuildingSO:building:1209, BuildingSO:building:1201, BuildingSO:building:9601, BuildingSO:building:9602, BuildingSO:building:9603, BuildingSO:building:1058, BuildingSO:building:1061 외 30개","필요 구조·동선·대상·작업자와 실제 기능 실행 기록이 결속될 때 기능을 인정한다","이 파츠가 포함된 방 또는 운영 구역에서 실제 주문·서비스·생산·보안·연구·거래 중 하나가 완료된 기록","대상과 진행 작업을 안전하게 해제하고 파츠를 해체·운반·청소해 다른 기능으로 재구성한다","설계 확정; source comparison candidates는 정적 후보이므로 실제 대체성·BOM·처리량·저장 검증 OPEN"
"building:61","세면장","player-composable-part","Special (특수)","시설의 고유 역할은 원정대 회복이다. 건설에는 작업량 24, 재료 material:steel-ingot×1이 필요하다.","이 특수 기능 파츠에 공간·보안 또는 서비스 노동·유지 자원을 배정해 다른 방 기능의 확장을 늦춘다","비교 후보(대체 가능성 미검증): BuildingSO:building:14","필요 구조·동선·대상·작업자와 실제 기능 실행 기록이 결속될 때 기능을 인정한다","이 파츠가 포함된 방 또는 운영 구역에서 실제 주문·서비스·생산·보안·연구·거래 중 하나가 완료된 기록","대상과 진행 작업을 안전하게 해제하고 파츠를 해체·운반·청소해 다른 기능으로 재구성한다","설계 확정; source comparison candidates는 정적 후보이므로 실제 대체성·BOM·처리량·저장 검증 OPEN"
"building:8801","채집 바구니 작업대","player-composable-part","Crafting (제작)","시설의 고유 역할은 생산 작업대이다. 건설에는 작업량 719, 재료 material:lumber×9, material:treated-lumber×5, material:iron-ingot×3, material:rope×3, 외 1개이 필요하다.","이 파츠의 공정에 작업대·중간재·장인 시간을 묶어 다른 제작·수리 주문을 늦춘다","비교 후보(대체 가능성 미검증): BuildingSO:building:9827, BuildingSO:building:1094, BuildingSO:building:8802, BuildingSO:building:8803, BuildingSO:building:8804, BuildingSO:building:8805, BuildingSO:building:8806, BuildingSO:building:8807, BuildingSO:building:8808, BuildingSO:building:8809, BuildingSO:building:8900, BuildingSO:building:8901 외 101개","구조·동선·필요 재료·작업자와 연결되고 실제 주문이 배정될 때 기능을 인정한다","이 파츠가 포함된 방 또는 운영 구역에서 실제 주문·서비스·생산·보안·연구·거래 중 하나가 완료된 기록","주문을 중지하고 잔여 물자를 회수한 뒤 파츠를 해체·운반·청소·재조립한다","설계 확정; source comparison candidates는 정적 후보이므로 실제 대체성·BOM·처리량·저장 검증 OPEN"
"building:8802","중력식 수문","player-composable-part","Crafting (제작)","시설의 고유 역할은 생산 작업대이다. 건설에는 작업량 234, 재료 material:stone-block×8, material:treated-lumber×4, material:iron-ingot×6, resource:clean-water×4이 필요하다.","이 파츠의 공정에 작업대·중간재·장인 시간을 묶어 다른 제작·수리 주문을 늦춘다","비교 후보(대체 가능성 미검증): BuildingSO:building:9827, BuildingSO:building:1094, BuildingSO:building:8801, BuildingSO:building:8803, BuildingSO:building:8804, BuildingSO:building:8805, BuildingSO:building:8806, BuildingSO:building:8807, BuildingSO:building:8808, BuildingSO:building:8809, BuildingSO:building:8900, BuildingSO:building:8901 외 101개","구조·동선·필요 재료·작업자와 연결되고 실제 주문이 배정될 때 기능을 인정한다","이 파츠가 포함된 방 또는 운영 구역에서 실제 주문·서비스·생산·보안·연구·거래 중 하나가 완료된 기록","주문을 중지하고 잔여 물자를 회수한 뒤 파츠를 해체·운반·청소·재조립한다","설계 확정; source comparison candidates는 정적 후보이므로 실제 대체성·BOM·처리량·저장 검증 OPEN"
"building:8803","동굴 재배 선반","player-composable-part","Crafting (제작)","시설의 고유 역할은 생산 작업대이다. 건설에는 작업량 351, 재료 material:treated-lumber×12, material:stone-block×8, material:iron-ingot×6, resource:clean-water×12, 외 2개이 필요하다.","이 파츠의 공정에 작업대·중간재·장인 시간을 묶어 다른 제작·수리 주문을 늦춘다","비교 후보(대체 가능성 미검증): BuildingSO:building:9827, BuildingSO:building:1094, BuildingSO:building:8801, BuildingSO:building:8802, BuildingSO:building:8804, BuildingSO:building:8805, BuildingSO:building:8806, BuildingSO:building:8807, BuildingSO:building:8808, BuildingSO:building:8809, BuildingSO:building:8900, BuildingSO:building:8901 외 101개","구조·동선·필요 재료·작업자와 연결되고 실제 주문이 배정될 때 기능을 인정한다","이 파츠가 포함된 방 또는 운영 구역에서 실제 주문·서비스·생산·보안·연구·거래 중 하나가 완료된 기록","주문을 중지하고 잔여 물자를 회수한 뒤 파츠를 해체·운반·청소·재조립한다","설계 확정; source comparison candidates는 정적 후보이므로 실제 대체성·BOM·처리량·저장 검증 OPEN"
"building:8804","문장 깃발 제작대","player-composable-part","Crafting (제작)","시설의 고유 역할은 생산 작업대이다. 건설에는 작업량 360, 재료 material:stone-block×8, material:treated-lumber×6, material:iron-ingot×4, component:machine-parts×2, 외 1개이 필요하다.","이 파츠의 공정에 작업대·중간재·장인 시간을 묶어 다른 제작·수리 주문을 늦춘다","비교 후보(대체 가능성 미검증): BuildingSO:building:9827, BuildingSO:building:1094, BuildingSO:building:8801, BuildingSO:building:8802, BuildingSO:building:8803, BuildingSO:building:8805, BuildingSO:building:8806, BuildingSO:building:8807, BuildingSO:building:8808, BuildingSO:building:8809, BuildingSO:building:8900, BuildingSO:building:8901 외 101개","구조·동선·필요 재료·작업자와 연결되고 실제 주문이 배정될 때 기능을 인정한다","이 파츠가 포함된 방 또는 운영 구역에서 실제 주문·서비스·생산·보안·연구·거래 중 하나가 완료된 기록","주문을 중지하고 잔여 물자를 회수한 뒤 파츠를 해체·운반·청소·재조립한다","설계 확정; source comparison candidates는 정적 후보이므로 실제 대체성·BOM·처리량·저장 검증 OPEN"
"building:8805","의식 화로","player-composable-part","Crafting (제작)","시설의 고유 역할은 생산 작업대이다. 건설에는 작업량 360, 재료 material:stone-block×8, material:treated-lumber×6, material:iron-ingot×4, component:machine-parts×2, 외 1개이 필요하다.","이 파츠의 공정에 작업대·중간재·장인 시간을 묶어 다른 제작·수리 주문을 늦춘다","비교 후보(대체 가능성 미검증): BuildingSO:building:9827, BuildingSO:building:1094, BuildingSO:building:8801, BuildingSO:building:8802, BuildingSO:building:8803, BuildingSO:building:8804, BuildingSO:building:8806, BuildingSO:building:8807, BuildingSO:building:8808, BuildingSO:building:8809, BuildingSO:building:8900, BuildingSO:building:8901 외 101개","구조·동선·필요 재료·작업자와 연결되고 실제 주문이 배정될 때 기능을 인정한다","이 파츠가 포함된 방 또는 운영 구역에서 실제 주문·서비스·생산·보안·연구·거래 중 하나가 완료된 기록","주문을 중지하고 잔여 물자를 회수한 뒤 파츠를 해체·운반·청소·재조립한다","설계 확정; source comparison candidates는 정적 후보이므로 실제 대체성·BOM·처리량·저장 검증 OPEN"
"building:8806","운반 멜빵 걸이","player-composable-part","Crafting (제작)","시설의 고유 역할은 생산 작업대이다. 건설에는 작업량 360, 재료 material:stone-block×8, material:treated-lumber×6, material:iron-ingot×4, component:machine-parts×2, 외 1개이 필요하다.","이 파츠의 공정에 작업대·중간재·장인 시간을 묶어 다른 제작·수리 주문을 늦춘다","비교 후보(대체 가능성 미검증): BuildingSO:building:9827, BuildingSO:building:1094, BuildingSO:building:8801, BuildingSO:building:8802, BuildingSO:building:8803, BuildingSO:building:8804, BuildingSO:building:8805, BuildingSO:building:8807, BuildingSO:building:8808, BuildingSO:building:8809, BuildingSO:building:8900, BuildingSO:building:8901 외 101개","구조·동선·필요 재료·작업자와 연결되고 실제 주문이 배정될 때 기능을 인정한다","이 파츠가 포함된 방 또는 운영 구역에서 실제 주문·서비스·생산·보안·연구·거래 중 하나가 완료된 기록","주문을 중지하고 잔여 물자를 회수한 뒤 파츠를 해체·운반·청소·재조립한다","설계 확정; source comparison candidates는 정적 후보이므로 실제 대체성·BOM·처리량·저장 검증 OPEN"
"building:8807","가격표 게시판","player-composable-part","Crafting (제작)","시설의 고유 역할은 생산 작업대이다. 건설에는 작업량 240, 재료 material:lumber×6, material:treated-lumber×2, material:iron-ingot×2, material:paper×6, 외 1개이 필요하다.","이 파츠의 공정에 작업대·중간재·장인 시간을 묶어 다른 제작·수리 주문을 늦춘다","비교 후보(대체 가능성 미검증): BuildingSO:building:9827, BuildingSO:building:1094, BuildingSO:building:8801, BuildingSO:building:8802, BuildingSO:building:8803, BuildingSO:building:8804, BuildingSO:building:8805, BuildingSO:building:8806, BuildingSO:building:8808, BuildingSO:building:8809, BuildingSO:building:8900, BuildingSO:building:8901 외 101개","구조·동선·필요 재료·작업자와 연결되고 실제 주문이 배정될 때 기능을 인정한다","이 파츠가 포함된 방 또는 운영 구역에서 실제 주문·서비스·생산·보안·연구·거래 중 하나가 완료된 기록","주문을 중지하고 잔여 물자를 회수한 뒤 파츠를 해체·운반·청소·재조립한다","설계 확정; source comparison candidates는 정적 후보이므로 실제 대체성·BOM·처리량·저장 검증 OPEN"
"building:8808","피의 무대 배수구","player-composable-part","Crafting (제작)","시설의 고유 역할은 생산 작업대이다. 건설에는 작업량 276, 재료 material:stone-block×10, material:treated-lumber×4, material:iron-ingot×6, resource:clean-water×4이 필요하다.","이 파츠의 공정에 작업대·중간재·장인 시간을 묶어 다른 제작·수리 주문을 늦춘다","비교 후보(대체 가능성 미검증): BuildingSO:building:9827, BuildingSO:building:1094, BuildingSO:building:8801, BuildingSO:building:8802, BuildingSO:building:8803, BuildingSO:building:8804, BuildingSO:building:8805, BuildingSO:building:8806, BuildingSO:building:8807, BuildingSO:building:8809, BuildingSO:building:8900, BuildingSO:building:8901 외 101개","구조·동선·필요 재료·작업자와 연결되고 실제 주문이 배정될 때 기능을 인정한다","이 파츠가 포함된 방 또는 운영 구역에서 실제 주문·서비스·생산·보안·연구·거래 중 하나가 완료된 기록","주문을 중지하고 잔여 물자를 회수한 뒤 파츠를 해체·운반·청소·재조립한다","설계 확정; source comparison candidates는 정적 후보이므로 실제 대체성·BOM·처리량·저장 검증 OPEN"
"building:8809","포로 작업 도구함","player-composable-part","Crafting (제작)","시설의 고유 역할은 생산 작업대이다. 건설에는 작업량 360, 재료 material:treated-lumber×5, material:iron-ingot×4, material:hardened-leather×2, material:chain-mesh×1이 필요하다.","이 파츠의 공정에 작업대·중간재·장인 시간을 묶어 다른 제작·수리 주문을 늦춘다","비교 후보(대체 가능성 미검증): BuildingSO:building:9827, BuildingSO:building:1094, BuildingSO:building:8801, BuildingSO:building:8802, BuildingSO:building:8803, BuildingSO:building:8804, BuildingSO:building:8805, BuildingSO:building:8806, BuildingSO:building:8807, BuildingSO:building:8808, BuildingSO:building:8900, BuildingSO:building:8901 외 101개","구조·동선·필요 재료·작업자와 연결되고 실제 주문이 배정될 때 기능을 인정한다","이 파츠가 포함된 방 또는 운영 구역에서 실제 주문·서비스·생산·보안·연구·거래 중 하나가 완료된 기록","주문을 중지하고 잔여 물자를 회수한 뒤 파츠를 해체·운반·청소·재조립한다","설계 확정; source comparison candidates는 정적 후보이므로 실제 대체성·BOM·처리량·저장 검증 OPEN"
"building:8810","강화 구속구 선반","player-composable-part","Crafting (제작)","시설의 고유 역할은 생산 작업대이다. 건설에는 작업량 360, 재료 material:treated-lumber×5, material:iron-ingot×4, material:hardened-leather×2, material:chain-mesh×1이 필요하다.","이 파츠의 공정에 작업대·중간재·장인 시간을 묶어 다른 제작·수리 주문을 늦춘다","비교 후보(대체 가능성 미검증): BuildingSO:building:9827, BuildingSO:building:1094, BuildingSO:building:8801, BuildingSO:building:8802, BuildingSO:building:8803, BuildingSO:building:8804, BuildingSO:building:8805, BuildingSO:building:8806, BuildingSO:building:8807, BuildingSO:building:8808, BuildingSO:building:8809, BuildingSO:building:8900 외 101개","구조·동선·필요 재료·작업자와 연결되고 실제 주문이 배정될 때 기능을 인정한다","이 파츠가 포함된 방 또는 운영 구역에서 실제 주문·서비스·생산·보안·연구·거래 중 하나가 완료된 기록","주문을 중지하고 잔여 물자를 회수한 뒤 파츠를 해체·운반·청소·재조립한다","설계 확정; source comparison candidates는 정적 후보이므로 실제 대체성·BOM·처리량·저장 검증 OPEN"
"building:8811","공연 소품 보관대","player-composable-part","Crafting (제작)","시설의 고유 역할은 생산 작업대이다. 건설에는 작업량 234, 재료 material:treated-lumber×9, material:iron-ingot×2, material:cloth×2, material:paper×3이 필요하다.","이 파츠의 공정에 작업대·중간재·장인 시간을 묶어 다른 제작·수리 주문을 늦춘다","비교 후보(대체 가능성 미검증): BuildingSO:building:9827, BuildingSO:building:1094, BuildingSO:building:8801, BuildingSO:building:8802, BuildingSO:building:8803, BuildingSO:building:8804, BuildingSO:building:8805, BuildingSO:building:8806, BuildingSO:building:8807, BuildingSO:building:8808, BuildingSO:building:8809, BuildingSO:building:8900 외 101개","구조·동선·필요 재료·작업자와 연결되고 실제 주문이 배정될 때 기능을 인정한다","이 파츠가 포함된 방 또는 운영 구역에서 실제 주문·서비스·생산·보안·연구·거래 중 하나가 완료된 기록","주문을 중지하고 잔여 물자를 회수한 뒤 파츠를 해체·운반·청소·재조립한다","설계 확정; source comparison candidates는 정적 후보이므로 실제 대체성·BOM·처리량·저장 검증 OPEN"
"building:8812","동맹 신호기","player-composable-part","Crafting (제작)","시설의 고유 역할은 생산 작업대이다. 건설에는 작업량 360, 재료 material:stone-block×8, material:steel-ingot×6, component:machine-parts×3, material:cloth×2이 필요하다.","이 파츠의 공정에 작업대·중간재·장인 시간을 묶어 다른 제작·수리 주문을 늦춘다","비교 후보(대체 가능성 미검증): BuildingSO:building:9827, BuildingSO:building:1094, BuildingSO:building:8801, BuildingSO:building:8802, BuildingSO:building:8803, BuildingSO:building:8804, BuildingSO:building:8805, BuildingSO:building:8806, BuildingSO:building:8807, BuildingSO:building:8808, BuildingSO:building:8809, BuildingSO:building:8900 외 101개","구조·동선·필요 재료·작업자와 연결되고 실제 주문이 배정될 때 기능을 인정한다","이 파츠가 포함된 방 또는 운영 구역에서 실제 주문·서비스·생산·보안·연구·거래 중 하나가 완료된 기록","주문을 중지하고 잔여 물자를 회수한 뒤 파츠를 해체·운반·청소·재조립한다","설계 확정; source comparison candidates는 정적 후보이므로 실제 대체성·BOM·처리량·저장 검증 OPEN"
"building:8813","균사 재배 선반","player-composable-part","Crafting (제작)","시설의 고유 역할은 작물 재배, 생산 작업대이다. 건설에는 작업량 351, 재료 material:treated-lumber×12, material:stone-block×8, material:iron-ingot×6, resource:clean-water×12, 외 2개이 필요하다.","이 파츠의 공정에 작업대·중간재·장인 시간을 묶어 다른 제작·수리 주문을 늦춘다","비교 후보(대체 가능성 미검증): BuildingSO:building:1095, BuildingSO:building:1096, BuildingSO:building:8854","구조·동선·필요 재료·작업자와 연결되고 실제 주문이 배정될 때 기능을 인정한다","이 파츠가 포함된 방 또는 운영 구역에서 실제 주문·서비스·생산·보안·연구·거래 중 하나가 완료된 기록","주문을 중지하고 잔여 물자를 회수한 뒤 파츠를 해체·운반·청소·재조립한다","설계 확정; source comparison candidates는 정적 후보이므로 실제 대체성·BOM·처리량·저장 검증 OPEN"
"building:8814","벌목 키트 걸이","player-composable-part","Crafting (제작)","시설의 고유 역할은 생산 작업대이다. 건설에는 작업량 719, 재료 material:lumber×9, material:treated-lumber×5, material:iron-ingot×3, material:rope×3, 외 1개이 필요하다.","이 파츠의 공정에 작업대·중간재·장인 시간을 묶어 다른 제작·수리 주문을 늦춘다","비교 후보(대체 가능성 미검증): BuildingSO:building:9827, BuildingSO:building:1094, BuildingSO:building:8801, BuildingSO:building:8802, BuildingSO:building:8803, BuildingSO:building:8804, BuildingSO:building:8805, BuildingSO:building:8806, BuildingSO:building:8807, BuildingSO:building:8808, BuildingSO:building:8809, BuildingSO:building:8900 외 101개","구조·동선·필요 재료·작업자와 연결되고 실제 주문이 배정될 때 기능을 인정한다","이 파츠가 포함된 방 또는 운영 구역에서 실제 주문·서비스·생산·보안·연구·거래 중 하나가 완료된 기록","주문을 중지하고 잔여 물자를 회수한 뒤 파츠를 해체·운반·청소·재조립한다","설계 확정; source comparison candidates는 정적 후보이므로 실제 대체성·BOM·처리량·저장 검증 OPEN"
"building:8815","쐐기 도끼 작업대","player-composable-part","Crafting (제작)","시설의 고유 역할은 생산 작업대이다. 건설에는 작업량 612, 재료 material:stone-block×12, material:treated-lumber×6, material:iron-ingot×6, component:machine-parts×3, 외 1개이 필요하다.","이 파츠의 공정에 작업대·중간재·장인 시간을 묶어 다른 제작·수리 주문을 늦춘다","비교 후보(대체 가능성 미검증): BuildingSO:building:9827, BuildingSO:building:1094, BuildingSO:building:8801, BuildingSO:building:8802, BuildingSO:building:8803, BuildingSO:building:8804, BuildingSO:building:8805, BuildingSO:building:8806, BuildingSO:building:8807, BuildingSO:building:8808, BuildingSO:building:8809, BuildingSO:building:8900 외 101개","구조·동선·필요 재료·작업자와 연결되고 실제 주문이 배정될 때 기능을 인정한다","이 파츠가 포함된 방 또는 운영 구역에서 실제 주문·서비스·생산·보안·연구·거래 중 하나가 완료된 기록","주문을 중지하고 잔여 물자를 회수한 뒤 파츠를 해체·운반·청소·재조립한다","설계 확정; source comparison candidates는 정적 후보이므로 실제 대체성·BOM·처리량·저장 검증 OPEN"
"building:8816","방부 처리 목재대","player-composable-part","Crafting (제작)","시설의 고유 역할은 생산 작업대이다. 건설에는 작업량 360, 재료 material:stone-block×8, material:treated-lumber×6, material:iron-ingot×4, component:machine-parts×2, 외 1개이 필요하다.","이 파츠의 공정에 작업대·중간재·장인 시간을 묶어 다른 제작·수리 주문을 늦춘다","비교 후보(대체 가능성 미검증): BuildingSO:building:9827, BuildingSO:building:1094, BuildingSO:building:8801, BuildingSO:building:8802, BuildingSO:building:8803, BuildingSO:building:8804, BuildingSO:building:8805, BuildingSO:building:8806, BuildingSO:building:8807, BuildingSO:building:8808, BuildingSO:building:8809, BuildingSO:building:8900 외 101개","구조·동선·필요 재료·작업자와 연결되고 실제 주문이 배정될 때 기능을 인정한다","이 파츠가 포함된 방 또는 운영 구역에서 실제 주문·서비스·생산·보안·연구·거래 중 하나가 완료된 기록","주문을 중지하고 잔여 물자를 회수한 뒤 파츠를 해체·운반·청소·재조립한다","설계 확정; source comparison candidates는 정적 후보이므로 실제 대체성·BOM·처리량·저장 검증 OPEN"
"building:8817","번식 장부대","player-composable-part","Crafting (제작)","시설의 고유 역할은 생산 작업대이다. 건설에는 작업량 234, 재료 material:lumber×6, material:treated-lumber×2, material:iron-ingot×3, material:paper×6이 필요하다.","이 파츠의 공정에 작업대·중간재·장인 시간을 묶어 다른 제작·수리 주문을 늦춘다","비교 후보(대체 가능성 미검증): BuildingSO:building:9827, BuildingSO:building:1094, BuildingSO:building:8801, BuildingSO:building:8802, BuildingSO:building:8803, BuildingSO:building:8804, BuildingSO:building:8805, BuildingSO:building:8806, BuildingSO:building:8807, BuildingSO:building:8808, BuildingSO:building:8809, BuildingSO:building:8900 외 101개","구조·동선·필요 재료·작업자와 연결되고 실제 주문이 배정될 때 기능을 인정한다","이 파츠가 포함된 방 또는 운영 구역에서 실제 주문·서비스·생산·보안·연구·거래 중 하나가 완료된 기록","주문을 중지하고 잔여 물자를 회수한 뒤 파츠를 해체·운반·청소·재조립한다","설계 확정; source comparison candidates는 정적 후보이므로 실제 대체성·BOM·처리량·저장 검증 OPEN"
"building:8818","혈통 촉진제 선반","player-composable-part","Crafting (제작)","시설의 고유 역할은 생산 작업대이다. 건설에는 작업량 504, 재료 material:stone-block×8, material:treated-lumber×6, material:iron-ingot×6, component:machine-parts×3, 외 1개이 필요하다.","이 파츠의 공정에 작업대·중간재·장인 시간을 묶어 다른 제작·수리 주문을 늦춘다","비교 후보(대체 가능성 미검증): BuildingSO:building:9827, BuildingSO:building:1094, BuildingSO:building:8801, BuildingSO:building:8802, BuildingSO:building:8803, BuildingSO:building:8804, BuildingSO:building:8805, BuildingSO:building:8806, BuildingSO:building:8807, BuildingSO:building:8808, BuildingSO:building:8809, BuildingSO:building:8900 외 101개","구조·동선·필요 재료·작업자와 연결되고 실제 주문이 배정될 때 기능을 인정한다","이 파츠가 포함된 방 또는 운영 구역에서 실제 주문·서비스·생산·보안·연구·거래 중 하나가 완료된 기록","주문을 중지하고 잔여 물자를 회수한 뒤 파츠를 해체·운반·청소·재조립한다","설계 확정; source comparison candidates는 정적 후보이므로 실제 대체성·BOM·처리량·저장 검증 OPEN"
"building:8819","마구 선반","player-composable-part","Crafting (제작)","시설의 고유 역할은 생산 작업대이다. 건설에는 작업량 719, 재료 material:lumber×9, material:treated-lumber×5, material:iron-ingot×3, material:rope×3, 외 1개이 필요하다.","이 파츠의 공정에 작업대·중간재·장인 시간을 묶어 다른 제작·수리 주문을 늦춘다","비교 후보(대체 가능성 미검증): BuildingSO:building:9827, BuildingSO:building:1094, BuildingSO:building:8801, BuildingSO:building:8802, BuildingSO:building:8803, BuildingSO:building:8804, BuildingSO:building:8805, BuildingSO:building:8806, BuildingSO:building:8807, BuildingSO:building:8808, BuildingSO:building:8809, BuildingSO:building:8900 외 101개","구조·동선·필요 재료·작업자와 연결되고 실제 주문이 배정될 때 기능을 인정한다","이 파츠가 포함된 방 또는 운영 구역에서 실제 주문·서비스·생산·보안·연구·거래 중 하나가 완료된 기록","주문을 중지하고 잔여 물자를 회수한 뒤 파츠를 해체·운반·청소·재조립한다","설계 확정; source comparison candidates는 정적 후보이므로 실제 대체성·BOM·처리량·저장 검증 OPEN"
"building:8820","조련용 고삐 걸이","player-composable-part","Crafting (제작)","시설의 고유 역할은 생산 작업대이다. 건설에는 작업량 719, 재료 material:lumber×9, material:treated-lumber×5, material:iron-ingot×3, material:rope×3, 외 1개이 필요하다.","이 파츠의 공정에 작업대·중간재·장인 시간을 묶어 다른 제작·수리 주문을 늦춘다","비교 후보(대체 가능성 미검증): BuildingSO:building:9827, BuildingSO:building:1094, BuildingSO:building:8801, BuildingSO:building:8802, BuildingSO:building:8803, BuildingSO:building:8804, BuildingSO:building:8805, BuildingSO:building:8806, BuildingSO:building:8807, BuildingSO:building:8808, BuildingSO:building:8809, BuildingSO:building:8900 외 101개","구조·동선·필요 재료·작업자와 연결되고 실제 주문이 배정될 때 기능을 인정한다","이 파츠가 포함된 방 또는 운영 구역에서 실제 주문·서비스·생산·보안·연구·거래 중 하나가 완료된 기록","주문을 중지하고 잔여 물자를 회수한 뒤 파츠를 해체·운반·청소·재조립한다","설계 확정; source comparison candidates는 정적 후보이므로 실제 대체성·BOM·처리량·저장 검증 OPEN"
"building:8821","동력 공구날 연마대","player-composable-part","Crafting (제작)","시설의 고유 역할은 생산 작업대이다. 건설에는 작업량 369, 재료 material:stone-block×10, material:steel-ingot×6, component:machine-parts×4, component:precision-parts×1, 외 1개이 필요하다.","이 파츠의 공정에 작업대·중간재·장인 시간을 묶어 다른 제작·수리 주문을 늦춘다","비교 후보(대체 가능성 미검증): BuildingSO:building:9827, BuildingSO:building:1094, BuildingSO:building:8801, BuildingSO:building:8802, BuildingSO:building:8803, BuildingSO:building:8804, BuildingSO:building:8805, BuildingSO:building:8806, BuildingSO:building:8807, BuildingSO:building:8808, BuildingSO:building:8809, BuildingSO:building:8900 외 101개","구조·동선·필요 재료·작업자와 연결되고 실제 주문이 배정될 때 기능을 인정한다","이 파츠가 포함된 방 또는 운영 구역에서 실제 주문·서비스·생산·보안·연구·거래 중 하나가 완료된 기록","주문을 중지하고 잔여 물자를 회수한 뒤 파츠를 해체·운반·청소·재조립한다","설계 확정; source comparison candidates는 정적 후보이므로 실제 대체성·BOM·처리량·저장 검증 OPEN"
"building:8822","자동 세척기","player-composable-part","Crafting (제작)","시설의 고유 역할은 생산 작업대이다. 건설에는 작업량 369, 재료 material:stone-block×10, material:steel-ingot×6, component:machine-parts×4, component:precision-parts×1, 외 1개이 필요하다.","이 파츠의 공정에 작업대·중간재·장인 시간을 묶어 다른 제작·수리 주문을 늦춘다","비교 후보(대체 가능성 미검증): BuildingSO:building:9827, BuildingSO:building:1094, BuildingSO:building:8801, BuildingSO:building:8802, BuildingSO:building:8803, BuildingSO:building:8804, BuildingSO:building:8805, BuildingSO:building:8806, BuildingSO:building:8807, BuildingSO:building:8808, BuildingSO:building:8809, BuildingSO:building:8900 외 101개","구조·동선·필요 재료·작업자와 연결되고 실제 주문이 배정될 때 기능을 인정한다","이 파츠가 포함된 방 또는 운영 구역에서 실제 주문·서비스·생산·보안·연구·거래 중 하나가 완료된 기록","주문을 중지하고 잔여 물자를 회수한 뒤 파츠를 해체·운반·청소·재조립한다","설계 확정; source comparison candidates는 정적 후보이므로 실제 대체성·BOM·처리량·저장 검증 OPEN"
"building:8823","룬 버스 결합기","player-composable-part","Crafting (제작)","시설의 고유 역할은 생산 작업대이다. 건설에는 작업량 369, 재료 material:stone-block×16, material:steel-ingot×10, component:precision-parts×6, component:rune-conductor×4, 외 4개이 필요하다.","이 파츠의 공정에 작업대·중간재·장인 시간을 묶어 다른 제작·수리 주문을 늦춘다","비교 후보(대체 가능성 미검증): BuildingSO:building:9827, BuildingSO:building:1094, BuildingSO:building:8801, BuildingSO:building:8802, BuildingSO:building:8803, BuildingSO:building:8804, BuildingSO:building:8805, BuildingSO:building:8806, BuildingSO:building:8807, BuildingSO:building:8808, BuildingSO:building:8809, BuildingSO:building:8900 외 101개","구조·동선·필요 재료·작업자와 연결되고 실제 주문이 배정될 때 기능을 인정한다","이 파츠가 포함된 방 또는 운영 구역에서 실제 주문·서비스·생산·보안·연구·거래 중 하나가 완료된 기록","주문을 중지하고 잔여 물자를 회수한 뒤 파츠를 해체·운반·청소·재조립한다","설계 확정; source comparison candidates는 정적 후보이므로 실제 대체성·BOM·처리량·저장 검증 OPEN"
"building:8824","방어시설 장전기","player-composable-part","Crafting (제작)","시설의 고유 역할은 생산 작업대이다. 건설에는 작업량 360, 재료 material:stone-block×8, material:steel-ingot×6, component:machine-parts×3, material:cloth×2이 필요하다.","이 파츠의 공정에 작업대·중간재·장인 시간을 묶어 다른 제작·수리 주문을 늦춘다","비교 후보(대체 가능성 미검증): BuildingSO:building:9827, BuildingSO:building:1094, BuildingSO:building:8801, BuildingSO:building:8802, BuildingSO:building:8803, BuildingSO:building:8804, BuildingSO:building:8805, BuildingSO:building:8806, BuildingSO:building:8807, BuildingSO:building:8808, BuildingSO:building:8809, BuildingSO:building:8900 외 101개","구조·동선·필요 재료·작업자와 연결되고 실제 주문이 배정될 때 기능을 인정한다","이 파츠가 포함된 방 또는 운영 구역에서 실제 주문·서비스·생산·보안·연구·거래 중 하나가 완료된 기록","주문을 중지하고 잔여 물자를 회수한 뒤 파츠를 해체·운반·청소·재조립한다","설계 확정; source comparison candidates는 정적 후보이므로 실제 대체성·BOM·처리량·저장 검증 OPEN"
"building:8825","시제품 연구실","player-composable-part","Crafting (제작)","시설의 고유 역할은 생산 작업대이다. 건설에는 작업량 360, 재료 material:stone-block×6, material:treated-lumber×4, material:steel-ingot×4, component:precision-parts×3, 외 1개이 필요하다.","이 파츠의 공정에 작업대·중간재·장인 시간을 묶어 다른 제작·수리 주문을 늦춘다","비교 후보(대체 가능성 미검증): BuildingSO:building:9827, BuildingSO:building:1094, BuildingSO:building:8801, BuildingSO:building:8802, BuildingSO:building:8803, BuildingSO:building:8804, BuildingSO:building:8805, BuildingSO:building:8806, BuildingSO:building:8807, BuildingSO:building:8808, BuildingSO:building:8809, BuildingSO:building:8900 외 101개","구조·동선·필요 재료·작업자와 연결되고 실제 주문이 배정될 때 기능을 인정한다","이 파츠가 포함된 방 또는 운영 구역에서 실제 주문·서비스·생산·보안·연구·거래 중 하나가 완료된 기록","주문을 중지하고 잔여 물자를 회수한 뒤 파츠를 해체·운반·청소·재조립한다","설계 확정; source comparison candidates는 정적 후보이므로 실제 대체성·BOM·처리량·저장 검증 OPEN"
"building:8826","재료 시험기","player-composable-part","Crafting (제작)","시설의 고유 역할은 생산 작업대이다. 건설에는 작업량 360, 재료 material:stone-block×6, material:treated-lumber×4, material:steel-ingot×4, component:precision-parts×3, 외 1개이 필요하다.","이 파츠의 공정에 작업대·중간재·장인 시간을 묶어 다른 제작·수리 주문을 늦춘다","비교 후보(대체 가능성 미검증): BuildingSO:building:9827, BuildingSO:building:1094, BuildingSO:building:8801, BuildingSO:building:8802, BuildingSO:building:8803, BuildingSO:building:8804, BuildingSO:building:8805, BuildingSO:building:8806, BuildingSO:building:8807, BuildingSO:building:8808, BuildingSO:building:8809, BuildingSO:building:8900 외 101개","구조·동선·필요 재료·작업자와 연결되고 실제 주문이 배정될 때 기능을 인정한다","이 파츠가 포함된 방 또는 운영 구역에서 실제 주문·서비스·생산·보안·연구·거래 중 하나가 완료된 기록","주문을 중지하고 잔여 물자를 회수한 뒤 파츠를 해체·운반·청소·재조립한다","설계 확정; source comparison candidates는 정적 후보이므로 실제 대체성·BOM·처리량·저장 검증 OPEN"
"building:8827","기계 기초대","player-composable-part","Crafting (제작)","시설의 고유 역할은 생산 작업대이다. 건설에는 작업량 369, 재료 material:stone-block×10, material:steel-ingot×6, component:machine-parts×4, component:precision-parts×1, 외 2개이 필요하다.","이 파츠의 공정에 작업대·중간재·장인 시간을 묶어 다른 제작·수리 주문을 늦춘다","비교 후보(대체 가능성 미검증): BuildingSO:building:9827, BuildingSO:building:1094, BuildingSO:building:8801, BuildingSO:building:8802, BuildingSO:building:8803, BuildingSO:building:8804, BuildingSO:building:8805, BuildingSO:building:8806, BuildingSO:building:8807, BuildingSO:building:8808, BuildingSO:building:8809, BuildingSO:building:8900 외 101개","구조·동선·필요 재료·작업자와 연결되고 실제 주문이 배정될 때 기능을 인정한다","이 파츠가 포함된 방 또는 운영 구역에서 실제 주문·서비스·생산·보안·연구·거래 중 하나가 완료된 기록","주문을 중지하고 잔여 물자를 회수한 뒤 파츠를 해체·운반·청소·재조립한다","설계 확정; source comparison candidates는 정적 후보이므로 실제 대체성·BOM·처리량·저장 검증 OPEN"
"building:8828","냉각 매니폴드","player-composable-part","Crafting (제작)","시설의 고유 역할은 생산 작업대이다. 건설에는 작업량 369, 재료 material:stone-block×10, material:steel-ingot×6, component:machine-parts×4, component:precision-parts×1, 외 1개이 필요하다.","이 파츠의 공정에 작업대·중간재·장인 시간을 묶어 다른 제작·수리 주문을 늦춘다","비교 후보(대체 가능성 미검증): BuildingSO:building:9827, BuildingSO:building:1094, BuildingSO:building:8801, BuildingSO:building:8802, BuildingSO:building:8803, BuildingSO:building:8804, BuildingSO:building:8805, BuildingSO:building:8806, BuildingSO:building:8807, BuildingSO:building:8808, BuildingSO:building:8809, BuildingSO:building:8900 외 101개","구조·동선·필요 재료·작업자와 연결되고 실제 주문이 배정될 때 기능을 인정한다","이 파츠가 포함된 방 또는 운영 구역에서 실제 주문·서비스·생산·보안·연구·거래 중 하나가 완료된 기록","주문을 중지하고 잔여 물자를 회수한 뒤 파츠를 해체·운반·청소·재조립한다","설계 확정; source comparison candidates는 정적 후보이므로 실제 대체성·BOM·처리량·저장 검증 OPEN"
"building:8829","유량계","player-composable-part","Crafting (제작)","시설의 고유 역할은 생산 작업대이다. 건설에는 작업량 531, 재료 material:stone-block×6, material:treated-lumber×4, material:steel-ingot×4, component:precision-parts×3, 외 1개이 필요하다.","이 파츠의 공정에 작업대·중간재·장인 시간을 묶어 다른 제작·수리 주문을 늦춘다","비교 후보(대체 가능성 미검증): BuildingSO:building:9827, BuildingSO:building:1094, BuildingSO:building:8801, BuildingSO:building:8802, BuildingSO:building:8803, BuildingSO:building:8804, BuildingSO:building:8805, BuildingSO:building:8806, BuildingSO:building:8807, BuildingSO:building:8808, BuildingSO:building:8809, BuildingSO:building:8900 외 101개","구조·동선·필요 재료·작업자와 연결되고 실제 주문이 배정될 때 기능을 인정한다","이 파츠가 포함된 방 또는 운영 구역에서 실제 주문·서비스·생산·보안·연구·거래 중 하나가 완료된 기록","주문을 중지하고 잔여 물자를 회수한 뒤 파츠를 해체·운반·청소·재조립한다","설계 확정; source comparison candidates는 정적 후보이므로 실제 대체성·BOM·처리량·저장 검증 OPEN"
"building:8830","정비 부품함","player-composable-part","Crafting (제작)","시설의 고유 역할은 장비 정비, 생산 작업대이다. 건설에는 작업량 369, 재료 material:stone-block×10, material:steel-ingot×6, component:machine-parts×4, component:precision-parts×1, 외 1개이 필요하다.","이 파츠의 공정에 작업대·중간재·장인 시간을 묶어 다른 제작·수리 주문을 늦춘다","동일 비교군 없음","구조·동선·필요 재료·작업자와 연결되고 실제 주문이 배정될 때 기능을 인정한다","이 파츠가 포함된 방 또는 운영 구역에서 실제 주문·서비스·생산·보안·연구·거래 중 하나가 완료된 기록","주문을 중지하고 잔여 물자를 회수한 뒤 파츠를 해체·운반·청소·재조립한다","설계 확정; source comparison candidates는 정적 후보이므로 실제 대체성·BOM·처리량·저장 검증 OPEN"
"building:8831","전동 선반","player-composable-part","Crafting (제작)","시설의 고유 역할은 생산 작업대이다. 건설에는 작업량 369, 재료 material:stone-block×10, material:steel-ingot×6, component:machine-parts×4, component:precision-parts×1, 외 1개이 필요하다.","이 파츠의 공정에 작업대·중간재·장인 시간을 묶어 다른 제작·수리 주문을 늦춘다","비교 후보(대체 가능성 미검증): BuildingSO:building:9827, BuildingSO:building:1094, BuildingSO:building:8801, BuildingSO:building:8802, BuildingSO:building:8803, BuildingSO:building:8804, BuildingSO:building:8805, BuildingSO:building:8806, BuildingSO:building:8807, BuildingSO:building:8808, BuildingSO:building:8809, BuildingSO:building:8900 외 101개","구조·동선·필요 재료·작업자와 연결되고 실제 주문이 배정될 때 기능을 인정한다","이 파츠가 포함된 방 또는 운영 구역에서 실제 주문·서비스·생산·보안·연구·거래 중 하나가 완료된 기록","주문을 중지하고 잔여 물자를 회수한 뒤 파츠를 해체·운반·청소·재조립한다","설계 확정; source comparison candidates는 정적 후보이므로 실제 대체성·BOM·처리량·저장 검증 OPEN"
"building:8832","정밀 게이지","player-composable-part","Crafting (제작)","시설의 고유 역할은 생산 작업대이다. 건설에는 작업량 360, 재료 material:stone-block×6, material:treated-lumber×4, material:steel-ingot×4, component:precision-parts×3, 외 1개이 필요하다.","이 파츠의 공정에 작업대·중간재·장인 시간을 묶어 다른 제작·수리 주문을 늦춘다","비교 후보(대체 가능성 미검증): BuildingSO:building:9827, BuildingSO:building:1094, BuildingSO:building:8801, BuildingSO:building:8802, BuildingSO:building:8803, BuildingSO:building:8804, BuildingSO:building:8805, BuildingSO:building:8806, BuildingSO:building:8807, BuildingSO:building:8808, BuildingSO:building:8809, BuildingSO:building:8900 외 101개","구조·동선·필요 재료·작업자와 연결되고 실제 주문이 배정될 때 기능을 인정한다","이 파츠가 포함된 방 또는 운영 구역에서 실제 주문·서비스·생산·보안·연구·거래 중 하나가 완료된 기록","주문을 중지하고 잔여 물자를 회수한 뒤 파츠를 해체·운반·청소·재조립한다","설계 확정; source comparison candidates는 정적 후보이므로 실제 대체성·BOM·처리량·저장 검증 OPEN"
"building:8833","룬 제어반","player-composable-part","Crafting (제작)","시설의 고유 역할은 생산 작업대이다. 건설에는 작업량 369, 재료 material:stone-block×16, material:steel-ingot×10, component:precision-parts×6, component:rune-conductor×4, 외 3개이 필요하다.","이 파츠의 공정에 작업대·중간재·장인 시간을 묶어 다른 제작·수리 주문을 늦춘다","비교 후보(대체 가능성 미검증): BuildingSO:building:9827, BuildingSO:building:1094, BuildingSO:building:8801, BuildingSO:building:8802, BuildingSO:building:8803, BuildingSO:building:8804, BuildingSO:building:8805, BuildingSO:building:8806, BuildingSO:building:8807, BuildingSO:building:8808, BuildingSO:building:8809, BuildingSO:building:8900 외 101개","구조·동선·필요 재료·작업자와 연결되고 실제 주문이 배정될 때 기능을 인정한다","이 파츠가 포함된 방 또는 운영 구역에서 실제 주문·서비스·생산·보안·연구·거래 중 하나가 완료된 기록","주문을 중지하고 잔여 물자를 회수한 뒤 파츠를 해체·운반·청소·재조립한다","설계 확정; source comparison candidates는 정적 후보이므로 실제 대체성·BOM·처리량·저장 검증 OPEN"
"building:8834","무기 도면걸이","player-composable-part","Crafting (제작)","시설의 고유 역할은 생산 작업대이다. 건설에는 작업량 558, 재료 material:lumber×9, material:treated-lumber×3, material:iron-ingot×3, material:paper×6이 필요하다.","이 파츠의 공정에 작업대·중간재·장인 시간을 묶어 다른 제작·수리 주문을 늦춘다","비교 후보(대체 가능성 미검증): BuildingSO:building:9827, BuildingSO:building:1094, BuildingSO:building:8801, BuildingSO:building:8802, BuildingSO:building:8803, BuildingSO:building:8804, BuildingSO:building:8805, BuildingSO:building:8806, BuildingSO:building:8807, BuildingSO:building:8808, BuildingSO:building:8809, BuildingSO:building:8900 외 101개","구조·동선·필요 재료·작업자와 연결되고 실제 주문이 배정될 때 기능을 인정한다","이 파츠가 포함된 방 또는 운영 구역에서 실제 주문·서비스·생산·보안·연구·거래 중 하나가 완료된 기록","주문을 중지하고 잔여 물자를 회수한 뒤 파츠를 해체·운반·청소·재조립한다","설계 확정; source comparison candidates는 정적 후보이므로 실제 대체성·BOM·처리량·저장 검증 OPEN"
"building:8835","방어구 맞춤대","player-composable-part","Crafting (제작)","시설의 고유 역할은 생산 작업대이다. 건설에는 작업량 360, 재료 material:stone-block×8, material:treated-lumber×6, material:iron-ingot×4, component:machine-parts×2, 외 1개이 필요하다.","이 파츠의 공정에 작업대·중간재·장인 시간을 묶어 다른 제작·수리 주문을 늦춘다","비교 후보(대체 가능성 미검증): BuildingSO:building:9827, BuildingSO:building:1094, BuildingSO:building:8801, BuildingSO:building:8802, BuildingSO:building:8803, BuildingSO:building:8804, BuildingSO:building:8805, BuildingSO:building:8806, BuildingSO:building:8807, BuildingSO:building:8808, BuildingSO:building:8809, BuildingSO:building:8900 외 101개","구조·동선·필요 재료·작업자와 연결되고 실제 주문이 배정될 때 기능을 인정한다","이 파츠가 포함된 방 또는 운영 구역에서 실제 주문·서비스·생산·보안·연구·거래 중 하나가 완료된 기록","주문을 중지하고 잔여 물자를 회수한 뒤 파츠를 해체·운반·청소·재조립한다","설계 확정; source comparison candidates는 정적 후보이므로 실제 대체성·BOM·처리량·저장 검증 OPEN"
"building:8836","궁시 지그","player-composable-part","Crafting (제작)","시설의 고유 역할은 생산 작업대이다. 건설에는 작업량 360, 재료 material:stone-block×8, material:treated-lumber×6, material:iron-ingot×4, component:machine-parts×2, 외 1개이 필요하다.","이 파츠의 공정에 작업대·중간재·장인 시간을 묶어 다른 제작·수리 주문을 늦춘다","비교 후보(대체 가능성 미검증): BuildingSO:building:9827, BuildingSO:building:1094, BuildingSO:building:8801, BuildingSO:building:8802, BuildingSO:building:8803, BuildingSO:building:8804, BuildingSO:building:8805, BuildingSO:building:8806, BuildingSO:building:8807, BuildingSO:building:8808, BuildingSO:building:8809, BuildingSO:building:8900 외 101개","구조·동선·필요 재료·작업자와 연결되고 실제 주문이 배정될 때 기능을 인정한다","이 파츠가 포함된 방 또는 운영 구역에서 실제 주문·서비스·생산·보안·연구·거래 중 하나가 완료된 기록","주문을 중지하고 잔여 물자를 회수한 뒤 파츠를 해체·운반·청소·재조립한다","설계 확정; source comparison candidates는 정적 후보이므로 실제 대체성·BOM·처리량·저장 검증 OPEN"
"building:8837","권양 작업대","player-composable-part","Crafting (제작)","시설의 고유 역할은 생산 작업대이다. 건설에는 작업량 369, 재료 material:stone-block×10, material:steel-ingot×6, component:machine-parts×4, component:precision-parts×1, 외 1개이 필요하다.","이 파츠의 공정에 작업대·중간재·장인 시간을 묶어 다른 제작·수리 주문을 늦춘다","비교 후보(대체 가능성 미검증): BuildingSO:building:9827, BuildingSO:building:1094, BuildingSO:building:8801, BuildingSO:building:8802, BuildingSO:building:8803, BuildingSO:building:8804, BuildingSO:building:8805, BuildingSO:building:8806, BuildingSO:building:8807, BuildingSO:building:8808, BuildingSO:building:8809, BuildingSO:building:8900 외 101개","구조·동선·필요 재료·작업자와 연결되고 실제 주문이 배정될 때 기능을 인정한다","이 파츠가 포함된 방 또는 운영 구역에서 실제 주문·서비스·생산·보안·연구·거래 중 하나가 완료된 기록","주문을 중지하고 잔여 물자를 회수한 뒤 파츠를 해체·운반·청소·재조립한다","설계 확정; source comparison candidates는 정적 후보이므로 실제 대체성·BOM·처리량·저장 검증 OPEN"
"building:8838","사슬 조립틀","player-composable-part","Crafting (제작)","시설의 고유 역할은 생산 작업대이다. 건설에는 작업량 369, 재료 material:stone-block×10, material:steel-ingot×6, component:machine-parts×4, component:precision-parts×1, 외 1개이 필요하다.","이 파츠의 공정에 작업대·중간재·장인 시간을 묶어 다른 제작·수리 주문을 늦춘다","비교 후보(대체 가능성 미검증): BuildingSO:building:9827, BuildingSO:building:1094, BuildingSO:building:8801, BuildingSO:building:8802, BuildingSO:building:8803, BuildingSO:building:8804, BuildingSO:building:8805, BuildingSO:building:8806, BuildingSO:building:8807, BuildingSO:building:8808, BuildingSO:building:8809, BuildingSO:building:8900 외 101개","구조·동선·필요 재료·작업자와 연결되고 실제 주문이 배정될 때 기능을 인정한다","이 파츠가 포함된 방 또는 운영 구역에서 실제 주문·서비스·생산·보안·연구·거래 중 하나가 완료된 기록","주문을 중지하고 잔여 물자를 회수한 뒤 파츠를 해체·운반·청소·재조립한다","설계 확정; source comparison candidates는 정적 후보이므로 실제 대체성·BOM·처리량·저장 검증 OPEN"
"building:8839","관절 지그","player-composable-part","Crafting (제작)","시설의 고유 역할은 생산 작업대이다. 건설에는 작업량 369, 재료 material:stone-block×10, material:steel-ingot×6, component:machine-parts×4, component:precision-parts×1, 외 1개이 필요하다.","이 파츠의 공정에 작업대·중간재·장인 시간을 묶어 다른 제작·수리 주문을 늦춘다","비교 후보(대체 가능성 미검증): BuildingSO:building:9827, BuildingSO:building:1094, BuildingSO:building:8801, BuildingSO:building:8802, BuildingSO:building:8803, BuildingSO:building:8804, BuildingSO:building:8805, BuildingSO:building:8806, BuildingSO:building:8807, BuildingSO:building:8808, BuildingSO:building:8809, BuildingSO:building:8900 외 101개","구조·동선·필요 재료·작업자와 연결되고 실제 주문이 배정될 때 기능을 인정한다","이 파츠가 포함된 방 또는 운영 구역에서 실제 주문·서비스·생산·보안·연구·거래 중 하나가 완료된 기록","주문을 중지하고 잔여 물자를 회수한 뒤 파츠를 해체·운반·청소·재조립한다","설계 확정; source comparison candidates는 정적 후보이므로 실제 대체성·BOM·처리량·저장 검증 OPEN"
"building:8840","화약 분쇄소","player-composable-part","Crafting (제작)","시설의 고유 역할은 생산 작업대이다. 건설에는 작업량 360, 재료 material:stone-block×10, material:iron-ingot×4, material:treated-lumber×2, component:machine-parts×2, 외 1개이 필요하다.","이 파츠의 공정에 작업대·중간재·장인 시간을 묶어 다른 제작·수리 주문을 늦춘다","비교 후보(대체 가능성 미검증): BuildingSO:building:9827, BuildingSO:building:1094, BuildingSO:building:8801, BuildingSO:building:8802, BuildingSO:building:8803, BuildingSO:building:8804, BuildingSO:building:8805, BuildingSO:building:8806, BuildingSO:building:8807, BuildingSO:building:8808, BuildingSO:building:8809, BuildingSO:building:8900 외 101개","구조·동선·필요 재료·작업자와 연결되고 실제 주문이 배정될 때 기능을 인정한다","이 파츠가 포함된 방 또는 운영 구역에서 실제 주문·서비스·생산·보안·연구·거래 중 하나가 완료된 기록","주문을 중지하고 잔여 물자를 회수한 뒤 파츠를 해체·운반·청소·재조립한다","설계 확정; source comparison candidates는 정적 후보이므로 실제 대체성·BOM·처리량·저장 검증 OPEN"
"building:8841","탄약 압착기","player-composable-part","Crafting (제작)","시설의 고유 역할은 생산 작업대이다. 건설에는 작업량 369, 재료 material:stone-block×10, material:steel-ingot×6, component:machine-parts×4, component:precision-parts×1, 외 1개이 필요하다.","이 파츠의 공정에 작업대·중간재·장인 시간을 묶어 다른 제작·수리 주문을 늦춘다","비교 후보(대체 가능성 미검증): BuildingSO:building:9827, BuildingSO:building:1094, BuildingSO:building:8801, BuildingSO:building:8802, BuildingSO:building:8803, BuildingSO:building:8804, BuildingSO:building:8805, BuildingSO:building:8806, BuildingSO:building:8807, BuildingSO:building:8808, BuildingSO:building:8809, BuildingSO:building:8900 외 101개","구조·동선·필요 재료·작업자와 연결되고 실제 주문이 배정될 때 기능을 인정한다","이 파츠가 포함된 방 또는 운영 구역에서 실제 주문·서비스·생산·보안·연구·거래 중 하나가 완료된 기록","주문을 중지하고 잔여 물자를 회수한 뒤 파츠를 해체·운반·청소·재조립한다","설계 확정; source comparison candidates는 정적 후보이므로 실제 대체성·BOM·처리량·저장 검증 OPEN"
"building:8842","부품 감정대","player-composable-part","Crafting (제작)","시설의 고유 역할은 생산 작업대이다. 건설에는 작업량 360, 재료 material:stone-block×6, material:treated-lumber×4, material:steel-ingot×4, component:precision-parts×3, 외 1개이 필요하다.","이 파츠의 공정에 작업대·중간재·장인 시간을 묶어 다른 제작·수리 주문을 늦춘다","비교 후보(대체 가능성 미검증): BuildingSO:building:9827, BuildingSO:building:1094, BuildingSO:building:8801, BuildingSO:building:8802, BuildingSO:building:8803, BuildingSO:building:8804, BuildingSO:building:8805, BuildingSO:building:8806, BuildingSO:building:8807, BuildingSO:building:8808, BuildingSO:building:8809, BuildingSO:building:8900 외 101개","구조·동선·필요 재료·작업자와 연결되고 실제 주문이 배정될 때 기능을 인정한다","이 파츠가 포함된 방 또는 운영 구역에서 실제 주문·서비스·생산·보안·연구·거래 중 하나가 완료된 기록","주문을 중지하고 잔여 물자를 회수한 뒤 파츠를 해체·운반·청소·재조립한다","설계 확정; source comparison candidates는 정적 후보이므로 실제 대체성·BOM·처리량·저장 검증 OPEN"
"building:8843","부품 복원 작업대","player-composable-part","Crafting (제작)","시설의 고유 역할은 생산 작업대이다. 건설에는 작업량 360, 재료 material:stone-block×6, material:treated-lumber×4, material:steel-ingot×4, component:precision-parts×3, 외 1개이 필요하다.","이 파츠의 공정에 작업대·중간재·장인 시간을 묶어 다른 제작·수리 주문을 늦춘다","비교 후보(대체 가능성 미검증): BuildingSO:building:9827, BuildingSO:building:1094, BuildingSO:building:8801, BuildingSO:building:8802, BuildingSO:building:8803, BuildingSO:building:8804, BuildingSO:building:8805, BuildingSO:building:8806, BuildingSO:building:8807, BuildingSO:building:8808, BuildingSO:building:8809, BuildingSO:building:8900 외 101개","구조·동선·필요 재료·작업자와 연결되고 실제 주문이 배정될 때 기능을 인정한다","이 파츠가 포함된 방 또는 운영 구역에서 실제 주문·서비스·생산·보안·연구·거래 중 하나가 완료된 기록","주문을 중지하고 잔여 물자를 회수한 뒤 파츠를 해체·운반·청소·재조립한다","설계 확정; source comparison candidates는 정적 후보이므로 실제 대체성·BOM·처리량·저장 검증 OPEN"
"building:8844","정밀 장착대","player-composable-part","Crafting (제작)","시설의 고유 역할은 생산 작업대이다. 건설에는 작업량 360, 재료 material:stone-block×6, material:treated-lumber×4, material:steel-ingot×4, component:precision-parts×3, 외 1개이 필요하다.","이 파츠의 공정에 작업대·중간재·장인 시간을 묶어 다른 제작·수리 주문을 늦춘다","비교 후보(대체 가능성 미검증): BuildingSO:building:9827, BuildingSO:building:1094, BuildingSO:building:8801, BuildingSO:building:8802, BuildingSO:building:8803, BuildingSO:building:8804, BuildingSO:building:8805, BuildingSO:building:8806, BuildingSO:building:8807, BuildingSO:building:8808, BuildingSO:building:8809, BuildingSO:building:8900 외 101개","구조·동선·필요 재료·작업자와 연결되고 실제 주문이 배정될 때 기능을 인정한다","이 파츠가 포함된 방 또는 운영 구역에서 실제 주문·서비스·생산·보안·연구·거래 중 하나가 완료된 기록","주문을 중지하고 잔여 물자를 회수한 뒤 파츠를 해체·운반·청소·재조립한다","설계 확정; source comparison candidates는 정적 후보이므로 실제 대체성·BOM·처리량·저장 검증 OPEN"
"building:8845","성장형 골격 지그","player-composable-part","Crafting (제작)","시설의 고유 역할은 생산 작업대이다. 건설에는 작업량 369, 재료 material:stone-block×10, material:steel-ingot×6, component:machine-parts×4, component:precision-parts×1, 외 1개이 필요하다.","이 파츠의 공정에 작업대·중간재·장인 시간을 묶어 다른 제작·수리 주문을 늦춘다","비교 후보(대체 가능성 미검증): BuildingSO:building:9827, BuildingSO:building:1094, BuildingSO:building:8801, BuildingSO:building:8802, BuildingSO:building:8803, BuildingSO:building:8804, BuildingSO:building:8805, BuildingSO:building:8806, BuildingSO:building:8807, BuildingSO:building:8808, BuildingSO:building:8809, BuildingSO:building:8900 외 101개","구조·동선·필요 재료·작업자와 연결되고 실제 주문이 배정될 때 기능을 인정한다","이 파츠가 포함된 방 또는 운영 구역에서 실제 주문·서비스·생산·보안·연구·거래 중 하나가 완료된 기록","주문을 중지하고 잔여 물자를 회수한 뒤 파츠를 해체·운반·청소·재조립한다","설계 확정; source comparison candidates는 정적 후보이므로 실제 대체성·BOM·처리량·저장 검증 OPEN"
"building:8846","계측 작업대","player-composable-part","Crafting (제작)","시설의 고유 역할은 생산 작업대이다. 건설에는 작업량 360, 재료 material:stone-block×6, material:treated-lumber×4, material:steel-ingot×4, component:precision-parts×3, 외 2개이 필요하다.","이 파츠의 공정에 작업대·중간재·장인 시간을 묶어 다른 제작·수리 주문을 늦춘다","비교 후보(대체 가능성 미검증): BuildingSO:building:9827, BuildingSO:building:1094, BuildingSO:building:8801, BuildingSO:building:8802, BuildingSO:building:8803, BuildingSO:building:8804, BuildingSO:building:8805, BuildingSO:building:8806, BuildingSO:building:8807, BuildingSO:building:8808, BuildingSO:building:8809, BuildingSO:building:8900 외 101개","구조·동선·필요 재료·작업자와 연결되고 실제 주문이 배정될 때 기능을 인정한다","이 파츠가 포함된 방 또는 운영 구역에서 실제 주문·서비스·생산·보안·연구·거래 중 하나가 완료된 기록","주문을 중지하고 잔여 물자를 회수한 뒤 파츠를 해체·운반·청소·재조립한다","설계 확정; source comparison candidates는 정적 후보이므로 실제 대체성·BOM·처리량·저장 검증 OPEN"
"building:8847","구성체 핵 공학대","player-composable-part","Crafting (제작)","시설의 고유 역할은 생산 작업대이다. 건설에는 작업량 369, 재료 material:stone-block×16, material:steel-ingot×10, component:precision-parts×6, component:rune-conductor×4, 외 4개이 필요하다.","이 파츠의 공정에 작업대·중간재·장인 시간을 묶어 다른 제작·수리 주문을 늦춘다","비교 후보(대체 가능성 미검증): BuildingSO:building:9827, BuildingSO:building:1094, BuildingSO:building:8801, BuildingSO:building:8802, BuildingSO:building:8803, BuildingSO:building:8804, BuildingSO:building:8805, BuildingSO:building:8806, BuildingSO:building:8807, BuildingSO:building:8808, BuildingSO:building:8809, BuildingSO:building:8900 외 101개","구조·동선·필요 재료·작업자와 연결되고 실제 주문이 배정될 때 기능을 인정한다","이 파츠가 포함된 방 또는 운영 구역에서 실제 주문·서비스·생산·보안·연구·거래 중 하나가 완료된 기록","주문을 중지하고 잔여 물자를 회수한 뒤 파츠를 해체·운반·청소·재조립한다","설계 확정; source comparison candidates는 정적 후보이므로 실제 대체성·BOM·처리량·저장 검증 OPEN"
"building:8848","배식 운영판","player-composable-part","Crafting (제작)","시설의 고유 역할은 생산 작업대이다. 건설에는 작업량 234, 재료 material:treated-lumber×9, material:iron-ingot×2, material:cloth×2, material:paper×3이 필요하다.","이 파츠의 공정에 작업대·중간재·장인 시간을 묶어 다른 제작·수리 주문을 늦춘다","비교 후보(대체 가능성 미검증): BuildingSO:building:9827, BuildingSO:building:1094, BuildingSO:building:8801, BuildingSO:building:8802, BuildingSO:building:8803, BuildingSO:building:8804, BuildingSO:building:8805, BuildingSO:building:8806, BuildingSO:building:8807, BuildingSO:building:8808, BuildingSO:building:8809, BuildingSO:building:8900 외 101개","구조·동선·필요 재료·작업자와 연결되고 실제 주문이 배정될 때 기능을 인정한다","이 파츠가 포함된 방 또는 운영 구역에서 실제 주문·서비스·생산·보안·연구·거래 중 하나가 완료된 기록","주문을 중지하고 잔여 물자를 회수한 뒤 파츠를 해체·운반·청소·재조립한다","설계 확정; source comparison candidates는 정적 후보이므로 실제 대체성·BOM·처리량·저장 검증 OPEN"
"building:8849","계절력 기록대","player-composable-part","Crafting (제작)","시설의 고유 역할은 생산 작업대이다. 건설에는 작업량 234, 재료 material:lumber×6, material:treated-lumber×2, material:iron-ingot×3, material:paper×6이 필요하다.","이 파츠의 공정에 작업대·중간재·장인 시간을 묶어 다른 제작·수리 주문을 늦춘다","비교 후보(대체 가능성 미검증): BuildingSO:building:9827, BuildingSO:building:1094, BuildingSO:building:8801, BuildingSO:building:8802, BuildingSO:building:8803, BuildingSO:building:8804, BuildingSO:building:8805, BuildingSO:building:8806, BuildingSO:building:8807, BuildingSO:building:8808, BuildingSO:building:8809, BuildingSO:building:8900 외 101개","구조·동선·필요 재료·작업자와 연결되고 실제 주문이 배정될 때 기능을 인정한다","이 파츠가 포함된 방 또는 운영 구역에서 실제 주문·서비스·생산·보안·연구·거래 중 하나가 완료된 기록","주문을 중지하고 잔여 물자를 회수한 뒤 파츠를 해체·운반·청소·재조립한다","설계 확정; source comparison candidates는 정적 후보이므로 실제 대체성·BOM·처리량·저장 검증 OPEN"
"building:8850","작물 달력대","player-composable-part","Crafting (제작)","시설의 고유 역할은 생산 작업대이다. 건설에는 작업량 364, 재료 material:lumber×9, material:treated-lumber×2, material:iron-ingot×3, material:paper×6이 필요하다.","이 파츠의 공정에 작업대·중간재·장인 시간을 묶어 다른 제작·수리 주문을 늦춘다","비교 후보(대체 가능성 미검증): BuildingSO:building:9827, BuildingSO:building:1094, BuildingSO:building:8801, BuildingSO:building:8802, BuildingSO:building:8803, BuildingSO:building:8804, BuildingSO:building:8805, BuildingSO:building:8806, BuildingSO:building:8807, BuildingSO:building:8808, BuildingSO:building:8809, BuildingSO:building:8900 외 101개","구조·동선·필요 재료·작업자와 연결되고 실제 주문이 배정될 때 기능을 인정한다","이 파츠가 포함된 방 또는 운영 구역에서 실제 주문·서비스·생산·보안·연구·거래 중 하나가 완료된 기록","주문을 중지하고 잔여 물자를 회수한 뒤 파츠를 해체·운반·청소·재조립한다","설계 확정; source comparison candidates는 정적 후보이므로 실제 대체성·BOM·처리량·저장 검증 OPEN"
"building:8851","기상 관측탑","player-composable-part","Crafting (제작)","시설의 고유 역할은 생산 작업대이다. 건설에는 작업량 360, 재료 material:treated-lumber×8, material:stone-block×4, material:iron-ingot×6, material:cloth×2, 외 1개이 필요하다.","이 파츠의 공정에 작업대·중간재·장인 시간을 묶어 다른 제작·수리 주문을 늦춘다","비교 후보(대체 가능성 미검증): BuildingSO:building:9827, BuildingSO:building:1094, BuildingSO:building:8801, BuildingSO:building:8802, BuildingSO:building:8803, BuildingSO:building:8804, BuildingSO:building:8805, BuildingSO:building:8806, BuildingSO:building:8807, BuildingSO:building:8808, BuildingSO:building:8809, BuildingSO:building:8900 외 101개","구조·동선·필요 재료·작업자와 연결되고 실제 주문이 배정될 때 기능을 인정한다","이 파츠가 포함된 방 또는 운영 구역에서 실제 주문·서비스·생산·보안·연구·거래 중 하나가 완료된 기록","주문을 중지하고 잔여 물자를 회수한 뒤 파츠를 해체·운반·청소·재조립한다","설계 확정; source comparison candidates는 정적 후보이므로 실제 대체성·BOM·처리량·저장 검증 OPEN"
"building:8852","토양 검사대","player-composable-part","Crafting (제작)","시설의 고유 역할은 생산 작업대이다. 건설에는 작업량 522, 재료 material:stone-block×8, material:treated-lumber×6, material:iron-ingot×4, component:machine-parts×2, 외 1개이 필요하다.","이 파츠의 공정에 작업대·중간재·장인 시간을 묶어 다른 제작·수리 주문을 늦춘다","비교 후보(대체 가능성 미검증): BuildingSO:building:9827, BuildingSO:building:1094, BuildingSO:building:8801, BuildingSO:building:8802, BuildingSO:building:8803, BuildingSO:building:8804, BuildingSO:building:8805, BuildingSO:building:8806, BuildingSO:building:8807, BuildingSO:building:8808, BuildingSO:building:8809, BuildingSO:building:8900 외 101개","구조·동선·필요 재료·작업자와 연결되고 실제 주문이 배정될 때 기능을 인정한다","이 파츠가 포함된 방 또는 운영 구역에서 실제 주문·서비스·생산·보안·연구·거래 중 하나가 완료된 기록","주문을 중지하고 잔여 물자를 회수한 뒤 파츠를 해체·운반·청소·재조립한다","설계 확정; source comparison candidates는 정적 후보이므로 실제 대체성·BOM·처리량·저장 검증 OPEN"
"building:8853","계절 저장 선반","player-composable-part","Crafting (제작)","시설의 고유 역할은 생산 작업대이다. 건설에는 작업량 351, 재료 material:lumber×10, material:treated-lumber×4, material:cloth×6, material:stone-block×4, 외 1개이 필요하다.","이 파츠의 공정에 작업대·중간재·장인 시간을 묶어 다른 제작·수리 주문을 늦춘다","비교 후보(대체 가능성 미검증): BuildingSO:building:9827, BuildingSO:building:1094, BuildingSO:building:8801, BuildingSO:building:8802, BuildingSO:building:8803, BuildingSO:building:8804, BuildingSO:building:8805, BuildingSO:building:8806, BuildingSO:building:8807, BuildingSO:building:8808, BuildingSO:building:8809, BuildingSO:building:8900 외 101개","구조·동선·필요 재료·작업자와 연결되고 실제 주문이 배정될 때 기능을 인정한다","이 파츠가 포함된 방 또는 운영 구역에서 실제 주문·서비스·생산·보안·연구·거래 중 하나가 완료된 기록","주문을 중지하고 잔여 물자를 회수한 뒤 파츠를 해체·운반·청소·재조립한다","설계 확정; source comparison candidates는 정적 후보이므로 실제 대체성·BOM·처리량·저장 검증 OPEN"
"building:8854","재배 온실","player-composable-part","Crafting (제작)","시설의 고유 역할은 작물 재배, 생산 작업대이다. 건설에는 작업량 351, 재료 material:treated-lumber×12, material:stone-block×8, material:iron-ingot×6, resource:clean-water×12, 외 2개이 필요하다.","이 파츠의 공정에 작업대·중간재·장인 시간을 묶어 다른 제작·수리 주문을 늦춘다","비교 후보(대체 가능성 미검증): BuildingSO:building:1095, BuildingSO:building:1096, BuildingSO:building:8813","구조·동선·필요 재료·작업자와 연결되고 실제 주문이 배정될 때 기능을 인정한다","이 파츠가 포함된 방 또는 운영 구역에서 실제 주문·서비스·생산·보안·연구·거래 중 하나가 완료된 기록","주문을 중지하고 잔여 물자를 회수한 뒤 파츠를 해체·운반·청소·재조립한다","설계 확정; source comparison candidates는 정적 후보이므로 실제 대체성·BOM·처리량·저장 검증 OPEN"
"building:8855","번식 일정 축사","player-composable-part","Crafting (제작)","시설의 고유 역할은 생산 작업대이다. 건설에는 작업량 552, 재료 material:lumber×15, material:treated-lumber×6, material:cloth×9, material:stone-block×4이 필요하다.","이 파츠의 공정에 작업대·중간재·장인 시간을 묶어 다른 제작·수리 주문을 늦춘다","비교 후보(대체 가능성 미검증): BuildingSO:building:9827, BuildingSO:building:1094, BuildingSO:building:8801, BuildingSO:building:8802, BuildingSO:building:8803, BuildingSO:building:8804, BuildingSO:building:8805, BuildingSO:building:8806, BuildingSO:building:8807, BuildingSO:building:8808, BuildingSO:building:8809, BuildingSO:building:8900 외 101개","구조·동선·필요 재료·작업자와 연결되고 실제 주문이 배정될 때 기능을 인정한다","이 파츠가 포함된 방 또는 운영 구역에서 실제 주문·서비스·생산·보안·연구·거래 중 하나가 완료된 기록","주문을 중지하고 잔여 물자를 회수한 뒤 파츠를 해체·운반·청소·재조립한다","설계 확정; source comparison candidates는 정적 후보이므로 실제 대체성·BOM·처리량·저장 검증 OPEN"
"building:8856","기후 제어실","player-composable-part","Crafting (제작)","시설의 고유 역할은 생산 작업대이다. 건설에는 작업량 531, 재료 material:stone-block×12, material:steel-ingot×8, component:machine-parts×4, component:precision-parts×4, 외 2개이 필요하다.","이 파츠의 공정에 작업대·중간재·장인 시간을 묶어 다른 제작·수리 주문을 늦춘다","비교 후보(대체 가능성 미검증): BuildingSO:building:9827, BuildingSO:building:1094, BuildingSO:building:8801, BuildingSO:building:8802, BuildingSO:building:8803, BuildingSO:building:8804, BuildingSO:building:8805, BuildingSO:building:8806, BuildingSO:building:8807, BuildingSO:building:8808, BuildingSO:building:8809, BuildingSO:building:8900 외 101개","구조·동선·필요 재료·작업자와 연결되고 실제 주문이 배정될 때 기능을 인정한다","이 파츠가 포함된 방 또는 운영 구역에서 실제 주문·서비스·생산·보안·연구·거래 중 하나가 완료된 기록","주문을 중지하고 잔여 물자를 회수한 뒤 파츠를 해체·운반·청소·재조립한다","설계 확정; source comparison candidates는 정적 후보이므로 실제 대체성·BOM·처리량·저장 검증 OPEN"
"building:8857","가구 등록대","player-composable-part","Crafting (제작)","시설의 고유 역할은 생산 작업대이다. 건설에는 작업량 558, 재료 material:lumber×9, material:treated-lumber×3, material:iron-ingot×3, material:paper×6이 필요하다.","이 파츠의 공정에 작업대·중간재·장인 시간을 묶어 다른 제작·수리 주문을 늦춘다","비교 후보(대체 가능성 미검증): BuildingSO:building:9827, BuildingSO:building:1094, BuildingSO:building:8801, BuildingSO:building:8802, BuildingSO:building:8803, BuildingSO:building:8804, BuildingSO:building:8805, BuildingSO:building:8806, BuildingSO:building:8807, BuildingSO:building:8808, BuildingSO:building:8809, BuildingSO:building:8900 외 101개","구조·동선·필요 재료·작업자와 연결되고 실제 주문이 배정될 때 기능을 인정한다","이 파츠가 포함된 방 또는 운영 구역에서 실제 주문·서비스·생산·보안·연구·거래 중 하나가 완료된 기록","주문을 중지하고 잔여 물자를 회수한 뒤 파츠를 해체·운반·청소·재조립한다","설계 확정; source comparison candidates는 정적 후보이므로 실제 대체성·BOM·처리량·저장 검증 OPEN"
"building:8858","보육실","player-composable-part","Crafting (제작)","시설의 고유 역할은 생산 작업대이다. 건설에는 작업량 276, 재료 material:lumber×15, material:treated-lumber×6, material:cloth×6, material:stone-block×4이 필요하다.","이 파츠의 공정에 작업대·중간재·장인 시간을 묶어 다른 제작·수리 주문을 늦춘다","비교 후보(대체 가능성 미검증): BuildingSO:building:9827, BuildingSO:building:1094, BuildingSO:building:8801, BuildingSO:building:8802, BuildingSO:building:8803, BuildingSO:building:8804, BuildingSO:building:8805, BuildingSO:building:8806, BuildingSO:building:8807, BuildingSO:building:8808, BuildingSO:building:8809, BuildingSO:building:8900 외 101개","구조·동선·필요 재료·작업자와 연결되고 실제 주문이 배정될 때 기능을 인정한다","이 파츠가 포함된 방 또는 운영 구역에서 실제 주문·서비스·생산·보안·연구·거래 중 하나가 완료된 기록","주문을 중지하고 잔여 물자를 회수한 뒤 파츠를 해체·운반·청소·재조립한다","설계 확정; source comparison candidates는 정적 후보이므로 실제 대체성·BOM·처리량·저장 검증 OPEN"
"building:8859","산과실","player-composable-part","Crafting (제작)","시설의 고유 역할은 생산 작업대이다. 건설에는 작업량 351, 재료 material:stone-block×10, material:treated-lumber×6, material:steel-ingot×4, textile:sterile-cloth×4, 외 2개이 필요하다.","이 파츠의 공정에 작업대·중간재·장인 시간을 묶어 다른 제작·수리 주문을 늦춘다","비교 후보(대체 가능성 미검증): BuildingSO:building:9827, BuildingSO:building:1094, BuildingSO:building:8801, BuildingSO:building:8802, BuildingSO:building:8803, BuildingSO:building:8804, BuildingSO:building:8805, BuildingSO:building:8806, BuildingSO:building:8807, BuildingSO:building:8808, BuildingSO:building:8809, BuildingSO:building:8900 외 101개","구조·동선·필요 재료·작업자와 연결되고 실제 주문이 배정될 때 기능을 인정한다","이 파츠가 포함된 방 또는 운영 구역에서 실제 주문·서비스·생산·보안·연구·거래 중 하나가 완료된 기록","주문을 중지하고 잔여 물자를 회수한 뒤 파츠를 해체·운반·청소·재조립한다","설계 확정; source comparison candidates는 정적 후보이므로 실제 대체성·BOM·처리량·저장 검증 OPEN"
"building:8860","교실","player-composable-part","Crafting (제작)","시설의 고유 역할은 생산 작업대이다. 건설에는 작업량 552, 재료 material:lumber×15, material:treated-lumber×6, material:cloth×9, material:stone-block×4이 필요하다.","이 파츠의 공정에 작업대·중간재·장인 시간을 묶어 다른 제작·수리 주문을 늦춘다","비교 후보(대체 가능성 미검증): BuildingSO:building:9827, BuildingSO:building:1094, BuildingSO:building:8801, BuildingSO:building:8802, BuildingSO:building:8803, BuildingSO:building:8804, BuildingSO:building:8805, BuildingSO:building:8806, BuildingSO:building:8807, BuildingSO:building:8808, BuildingSO:building:8809, BuildingSO:building:8900 외 101개","구조·동선·필요 재료·작업자와 연결되고 실제 주문이 배정될 때 기능을 인정한다","이 파츠가 포함된 방 또는 운영 구역에서 실제 주문·서비스·생산·보안·연구·거래 중 하나가 완료된 기록","주문을 중지하고 잔여 물자를 회수한 뒤 파츠를 해체·운반·청소·재조립한다","설계 확정; source comparison candidates는 정적 후보이므로 실제 대체성·BOM·처리량·저장 검증 OPEN"
"building:8861","도제 작업대","player-composable-part","Crafting (제작)","시설의 고유 역할은 생산 작업대이다. 건설에는 작업량 504, 재료 material:stone-block×8, material:treated-lumber×6, material:iron-ingot×6, component:machine-parts×3, 외 1개이 필요하다.","이 파츠의 공정에 작업대·중간재·장인 시간을 묶어 다른 제작·수리 주문을 늦춘다","비교 후보(대체 가능성 미검증): BuildingSO:building:9827, BuildingSO:building:1094, BuildingSO:building:8801, BuildingSO:building:8802, BuildingSO:building:8803, BuildingSO:building:8804, BuildingSO:building:8805, BuildingSO:building:8806, BuildingSO:building:8807, BuildingSO:building:8808, BuildingSO:building:8809, BuildingSO:building:8900 외 101개","구조·동선·필요 재료·작업자와 연결되고 실제 주문이 배정될 때 기능을 인정한다","이 파츠가 포함된 방 또는 운영 구역에서 실제 주문·서비스·생산·보안·연구·거래 중 하나가 완료된 기록","주문을 중지하고 잔여 물자를 회수한 뒤 파츠를 해체·운반·청소·재조립한다","설계 확정; source comparison candidates는 정적 후보이므로 실제 대체성·BOM·처리량·저장 검증 OPEN"
"building:8862","계보 관리실","player-composable-part","Crafting (제작)","시설의 고유 역할은 생산 작업대이다. 건설에는 작업량 558, 재료 material:lumber×9, material:treated-lumber×3, material:iron-ingot×3, material:paper×6이 필요하다.","이 파츠의 공정에 작업대·중간재·장인 시간을 묶어 다른 제작·수리 주문을 늦춘다","비교 후보(대체 가능성 미검증): BuildingSO:building:9827, BuildingSO:building:1094, BuildingSO:building:8801, BuildingSO:building:8802, BuildingSO:building:8803, BuildingSO:building:8804, BuildingSO:building:8805, BuildingSO:building:8806, BuildingSO:building:8807, BuildingSO:building:8808, BuildingSO:building:8809, BuildingSO:building:8900 외 101개","구조·동선·필요 재료·작업자와 연결되고 실제 주문이 배정될 때 기능을 인정한다","이 파츠가 포함된 방 또는 운영 구역에서 실제 주문·서비스·생산·보안·연구·거래 중 하나가 완료된 기록","주문을 중지하고 잔여 물자를 회수한 뒤 파츠를 해체·운반·청소·재조립한다","설계 확정; source comparison candidates는 정적 후보이므로 실제 대체성·BOM·처리량·저장 검증 OPEN"
"building:8863","노화 평가대","player-composable-part","Crafting (제작)","시설의 고유 역할은 생산 작업대이다. 건설에는 작업량 639, 재료 material:stone-block×10, material:treated-lumber×6, material:steel-ingot×4, textile:sterile-cloth×4, 외 2개이 필요하다.","이 파츠의 공정에 작업대·중간재·장인 시간을 묶어 다른 제작·수리 주문을 늦춘다","비교 후보(대체 가능성 미검증): BuildingSO:building:9827, BuildingSO:building:1094, BuildingSO:building:8801, BuildingSO:building:8802, BuildingSO:building:8803, BuildingSO:building:8804, BuildingSO:building:8805, BuildingSO:building:8806, BuildingSO:building:8807, BuildingSO:building:8808, BuildingSO:building:8809, BuildingSO:building:8900 외 101개","구조·동선·필요 재료·작업자와 연결되고 실제 주문이 배정될 때 기능을 인정한다","이 파츠가 포함된 방 또는 운영 구역에서 실제 주문·서비스·생산·보안·연구·거래 중 하나가 완료된 기록","주문을 중지하고 잔여 물자를 회수한 뒤 파츠를 해체·운반·청소·재조립한다","설계 확정; source comparison candidates는 정적 후보이므로 실제 대체성·BOM·처리량·저장 검증 OPEN"
"building:8864","연령 계측기","player-composable-part","Crafting (제작)","시설의 고유 역할은 생산 작업대이다. 건설에는 작업량 666, 재료 material:stone-block×12, material:steel-ingot×8, component:machine-parts×4, component:precision-parts×4, 외 1개이 필요하다.","이 파츠의 공정에 작업대·중간재·장인 시간을 묶어 다른 제작·수리 주문을 늦춘다","비교 후보(대체 가능성 미검증): BuildingSO:building:9827, BuildingSO:building:1094, BuildingSO:building:8801, BuildingSO:building:8802, BuildingSO:building:8803, BuildingSO:building:8804, BuildingSO:building:8805, BuildingSO:building:8806, BuildingSO:building:8807, BuildingSO:building:8808, BuildingSO:building:8809, BuildingSO:building:8900 외 101개","구조·동선·필요 재료·작업자와 연결되고 실제 주문이 배정될 때 기능을 인정한다","이 파츠가 포함된 방 또는 운영 구역에서 실제 주문·서비스·생산·보안·연구·거래 중 하나가 완료된 기록","주문을 중지하고 잔여 물자를 회수한 뒤 파츠를 해체·운반·청소·재조립한다","설계 확정; source comparison candidates는 정적 후보이므로 실제 대체성·BOM·처리량·저장 검증 OPEN"
"building:8865","노인 병상","player-composable-part","Crafting (제작)","시설의 고유 역할은 생산 작업대이다. 건설에는 작업량 639, 재료 material:stone-block×10, material:treated-lumber×6, material:steel-ingot×4, textile:sterile-cloth×4, 외 2개이 필요하다.","이 파츠의 공정에 작업대·중간재·장인 시간을 묶어 다른 제작·수리 주문을 늦춘다","비교 후보(대체 가능성 미검증): BuildingSO:building:9827, BuildingSO:building:1094, BuildingSO:building:8801, BuildingSO:building:8802, BuildingSO:building:8803, BuildingSO:building:8804, BuildingSO:building:8805, BuildingSO:building:8806, BuildingSO:building:8807, BuildingSO:building:8808, BuildingSO:building:8809, BuildingSO:building:8900 외 101개","구조·동선·필요 재료·작업자와 연결되고 실제 주문이 배정될 때 기능을 인정한다","이 파츠가 포함된 방 또는 운영 구역에서 실제 주문·서비스·생산·보안·연구·거래 중 하나가 완료된 기록","주문을 중지하고 잔여 물자를 회수한 뒤 파츠를 해체·운반·청소·재조립한다","설계 확정; source comparison candidates는 정적 후보이므로 실제 대체성·BOM·처리량·저장 검증 OPEN"
"building:8866","만성 관리실","player-composable-part","Crafting (제작)","시설의 고유 역할은 생산 작업대이다. 건설에는 작업량 639, 재료 material:stone-block×10, material:treated-lumber×6, material:steel-ingot×4, textile:sterile-cloth×4, 외 2개이 필요하다.","이 파츠의 공정에 작업대·중간재·장인 시간을 묶어 다른 제작·수리 주문을 늦춘다","비교 후보(대체 가능성 미검증): BuildingSO:building:9827, BuildingSO:building:1094, BuildingSO:building:8801, BuildingSO:building:8802, BuildingSO:building:8803, BuildingSO:building:8804, BuildingSO:building:8805, BuildingSO:building:8806, BuildingSO:building:8807, BuildingSO:building:8808, BuildingSO:building:8809, BuildingSO:building:8900 외 101개","구조·동선·필요 재료·작업자와 연결되고 실제 주문이 배정될 때 기능을 인정한다","이 파츠가 포함된 방 또는 운영 구역에서 실제 주문·서비스·생산·보안·연구·거래 중 하나가 완료된 기록","주문을 중지하고 잔여 물자를 회수한 뒤 파츠를 해체·운반·청소·재조립한다","설계 확정; source comparison candidates는 정적 후보이므로 실제 대체성·BOM·처리량·저장 검증 OPEN"
"building:8867","재생 배양조","player-composable-part","Crafting (제작)","시설의 고유 역할은 생산 작업대이다. 건설에는 작업량 369, 재료 material:stone-block×16, material:steel-ingot×10, component:precision-parts×6, component:rune-conductor×4, 외 3개이 필요하다.","이 파츠의 공정에 작업대·중간재·장인 시간을 묶어 다른 제작·수리 주문을 늦춘다","비교 후보(대체 가능성 미검증): BuildingSO:building:9827, BuildingSO:building:1094, BuildingSO:building:8801, BuildingSO:building:8802, BuildingSO:building:8803, BuildingSO:building:8804, BuildingSO:building:8805, BuildingSO:building:8806, BuildingSO:building:8807, BuildingSO:building:8808, BuildingSO:building:8809, BuildingSO:building:8900 외 101개","구조·동선·필요 재료·작업자와 연결되고 실제 주문이 배정될 때 기능을 인정한다","이 파츠가 포함된 방 또는 운영 구역에서 실제 주문·서비스·생산·보안·연구·거래 중 하나가 완료된 기록","주문을 중지하고 잔여 물자를 회수한 뒤 파츠를 해체·운반·청소·재조립한다","설계 확정; source comparison candidates는 정적 후보이므로 실제 대체성·BOM·처리량·저장 검증 OPEN"
"building:8868","장기 재생 수술실","player-composable-part","Crafting (제작)","시설의 고유 역할은 생산 작업대이다. 건설에는 작업량 675, 재료 material:stone-block×16, material:steel-ingot×10, component:precision-parts×6, component:rune-conductor×4, 외 3개이 필요하다.","이 파츠의 공정에 작업대·중간재·장인 시간을 묶어 다른 제작·수리 주문을 늦춘다","비교 후보(대체 가능성 미검증): BuildingSO:building:9827, BuildingSO:building:1094, BuildingSO:building:8801, BuildingSO:building:8802, BuildingSO:building:8803, BuildingSO:building:8804, BuildingSO:building:8805, BuildingSO:building:8806, BuildingSO:building:8807, BuildingSO:building:8808, BuildingSO:building:8809, BuildingSO:building:8900 외 101개","구조·동선·필요 재료·작업자와 연결되고 실제 주문이 배정될 때 기능을 인정한다","이 파츠가 포함된 방 또는 운영 구역에서 실제 주문·서비스·생산·보안·연구·거래 중 하나가 완료된 기록","주문을 중지하고 잔여 물자를 회수한 뒤 파츠를 해체·운반·청소·재조립한다","설계 확정; source comparison candidates는 정적 후보이므로 실제 대체성·BOM·처리량·저장 검증 OPEN"
"building:8869","회춘 수혈실","player-composable-part","Crafting (제작)","시설의 고유 역할은 생산 작업대이다. 건설에는 작업량 675, 재료 material:stone-block×16, material:steel-ingot×10, component:precision-parts×6, component:rune-conductor×4, 외 3개이 필요하다.","이 파츠의 공정에 작업대·중간재·장인 시간을 묶어 다른 제작·수리 주문을 늦춘다","비교 후보(대체 가능성 미검증): BuildingSO:building:9827, BuildingSO:building:1094, BuildingSO:building:8801, BuildingSO:building:8802, BuildingSO:building:8803, BuildingSO:building:8804, BuildingSO:building:8805, BuildingSO:building:8806, BuildingSO:building:8807, BuildingSO:building:8808, BuildingSO:building:8809, BuildingSO:building:8900 외 101개","구조·동선·필요 재료·작업자와 연결되고 실제 주문이 배정될 때 기능을 인정한다","이 파츠가 포함된 방 또는 운영 구역에서 실제 주문·서비스·생산·보안·연구·거래 중 하나가 완료된 기록","주문을 중지하고 잔여 물자를 회수한 뒤 파츠를 해체·운반·청소·재조립한다","설계 확정; source comparison candidates는 정적 후보이므로 실제 대체성·BOM·처리량·저장 검증 OPEN"
"building:8870","룬 동면실","player-composable-part","Crafting (제작)","시설의 고유 역할은 생산 작업대이다. 건설에는 작업량 675, 재료 material:stone-block×16, material:steel-ingot×10, component:precision-parts×6, component:rune-conductor×4, 외 3개이 필요하다.","이 파츠의 공정에 작업대·중간재·장인 시간을 묶어 다른 제작·수리 주문을 늦춘다","비교 후보(대체 가능성 미검증): BuildingSO:building:9827, BuildingSO:building:1094, BuildingSO:building:8801, BuildingSO:building:8802, BuildingSO:building:8803, BuildingSO:building:8804, BuildingSO:building:8805, BuildingSO:building:8806, BuildingSO:building:8807, BuildingSO:building:8808, BuildingSO:building:8809, BuildingSO:building:8900 외 101개","구조·동선·필요 재료·작업자와 연결되고 실제 주문이 배정될 때 기능을 인정한다","이 파츠가 포함된 방 또는 운영 구역에서 실제 주문·서비스·생산·보안·연구·거래 중 하나가 완료된 기록","주문을 중지하고 잔여 물자를 회수한 뒤 파츠를 해체·운반·청소·재조립한다","설계 확정; source comparison candidates는 정적 후보이므로 실제 대체성·BOM·처리량·저장 검증 OPEN"
"building:8871","전신 재생조","player-composable-part","Crafting (제작)","시설의 고유 역할은 생산 작업대이다. 건설에는 작업량 675, 재료 material:stone-block×16, material:steel-ingot×10, component:precision-parts×6, component:rune-conductor×4, 외 3개이 필요하다.","이 파츠의 공정에 작업대·중간재·장인 시간을 묶어 다른 제작·수리 주문을 늦춘다","비교 후보(대체 가능성 미검증): BuildingSO:building:9827, BuildingSO:building:1094, BuildingSO:building:8801, BuildingSO:building:8802, BuildingSO:building:8803, BuildingSO:building:8804, BuildingSO:building:8805, BuildingSO:building:8806, BuildingSO:building:8807, BuildingSO:building:8808, BuildingSO:building:8809, BuildingSO:building:8900 외 101개","구조·동선·필요 재료·작업자와 연결되고 실제 주문이 배정될 때 기능을 인정한다","이 파츠가 포함된 방 또는 운영 구역에서 실제 주문·서비스·생산·보안·연구·거래 중 하나가 완료된 기록","주문을 중지하고 잔여 물자를 회수한 뒤 파츠를 해체·운반·청소·재조립한다","설계 확정; source comparison candidates는 정적 후보이므로 실제 대체성·BOM·처리량·저장 검증 OPEN"
"building:8872","시간 고정실","player-composable-part","Crafting (제작)","시설의 고유 역할은 생산 작업대이다. 건설에는 작업량 675, 재료 material:stone-block×16, material:steel-ingot×10, component:precision-parts×6, component:rune-conductor×4, 외 3개이 필요하다.","이 파츠의 공정에 작업대·중간재·장인 시간을 묶어 다른 제작·수리 주문을 늦춘다","비교 후보(대체 가능성 미검증): BuildingSO:building:9827, BuildingSO:building:1094, BuildingSO:building:8801, BuildingSO:building:8802, BuildingSO:building:8803, BuildingSO:building:8804, BuildingSO:building:8805, BuildingSO:building:8806, BuildingSO:building:8807, BuildingSO:building:8808, BuildingSO:building:8809, BuildingSO:building:8900 외 101개","구조·동선·필요 재료·작업자와 연결되고 실제 주문이 배정될 때 기능을 인정한다","이 파츠가 포함된 방 또는 운영 구역에서 실제 주문·서비스·생산·보안·연구·거래 중 하나가 완료된 기록","주문을 중지하고 잔여 물자를 회수한 뒤 파츠를 해체·운반·청소·재조립한다","설계 확정; source comparison candidates는 정적 후보이므로 실제 대체성·BOM·처리량·저장 검증 OPEN"
"building:8873","감염 진단대","player-composable-part","Crafting (제작)","시설의 고유 역할은 생산 작업대이다. 건설에는 작업량 639, 재료 material:stone-block×10, material:treated-lumber×6, material:steel-ingot×4, textile:sterile-cloth×4, 외 2개이 필요하다.","이 파츠의 공정에 작업대·중간재·장인 시간을 묶어 다른 제작·수리 주문을 늦춘다","비교 후보(대체 가능성 미검증): BuildingSO:building:9827, BuildingSO:building:1094, BuildingSO:building:8801, BuildingSO:building:8802, BuildingSO:building:8803, BuildingSO:building:8804, BuildingSO:building:8805, BuildingSO:building:8806, BuildingSO:building:8807, BuildingSO:building:8808, BuildingSO:building:8809, BuildingSO:building:8900 외 101개","구조·동선·필요 재료·작업자와 연결되고 실제 주문이 배정될 때 기능을 인정한다","이 파츠가 포함된 방 또는 운영 구역에서 실제 주문·서비스·생산·보안·연구·거래 중 하나가 완료된 기록","주문을 중지하고 잔여 물자를 회수한 뒤 파츠를 해체·운반·청소·재조립한다","설계 확정; source comparison candidates는 정적 후보이므로 실제 대체성·BOM·처리량·저장 검증 OPEN"
"building:8874","격리 병동","player-composable-part","Crafting (제작)","시설의 고유 역할은 생산 작업대이다. 건설에는 작업량 351, 재료 material:stone-block×10, material:treated-lumber×6, material:steel-ingot×4, textile:sterile-cloth×4, 외 2개이 필요하다.","이 파츠의 공정에 작업대·중간재·장인 시간을 묶어 다른 제작·수리 주문을 늦춘다","비교 후보(대체 가능성 미검증): BuildingSO:building:9827, BuildingSO:building:1094, BuildingSO:building:8801, BuildingSO:building:8802, BuildingSO:building:8803, BuildingSO:building:8804, BuildingSO:building:8805, BuildingSO:building:8806, BuildingSO:building:8807, BuildingSO:building:8808, BuildingSO:building:8809, BuildingSO:building:8900 외 101개","구조·동선·필요 재료·작업자와 연결되고 실제 주문이 배정될 때 기능을 인정한다","이 파츠가 포함된 방 또는 운영 구역에서 실제 주문·서비스·생산·보안·연구·거래 중 하나가 완료된 기록","주문을 중지하고 잔여 물자를 회수한 뒤 파츠를 해체·운반·청소·재조립한다","설계 확정; source comparison candidates는 정적 후보이므로 실제 대체성·BOM·처리량·저장 검증 OPEN"
"building:8875","혈청 검사대","player-composable-part","Crafting (제작)","시설의 고유 역할은 생산 작업대이다. 건설에는 작업량 666, 재료 material:stone-block×12, material:steel-ingot×8, component:machine-parts×4, component:precision-parts×4, 외 1개이 필요하다.","이 파츠의 공정에 작업대·중간재·장인 시간을 묶어 다른 제작·수리 주문을 늦춘다","비교 후보(대체 가능성 미검증): BuildingSO:building:9827, BuildingSO:building:1094, BuildingSO:building:8801, BuildingSO:building:8802, BuildingSO:building:8803, BuildingSO:building:8804, BuildingSO:building:8805, BuildingSO:building:8806, BuildingSO:building:8807, BuildingSO:building:8808, BuildingSO:building:8809, BuildingSO:building:8900 외 101개","구조·동선·필요 재료·작업자와 연결되고 실제 주문이 배정될 때 기능을 인정한다","이 파츠가 포함된 방 또는 운영 구역에서 실제 주문·서비스·생산·보안·연구·거래 중 하나가 완료된 기록","주문을 중지하고 잔여 물자를 회수한 뒤 파츠를 해체·운반·청소·재조립한다","설계 확정; source comparison candidates는 정적 후보이므로 실제 대체성·BOM·처리량·저장 검증 OPEN"
"building:8876","백신 연구실","player-composable-part","Crafting (제작)","시설의 고유 역할은 생산 작업대이다. 건설에는 작업량 369, 재료 material:stone-block×12, material:steel-ingot×8, component:machine-parts×4, component:precision-parts×4, 외 1개이 필요하다.","이 파츠의 공정에 작업대·중간재·장인 시간을 묶어 다른 제작·수리 주문을 늦춘다","비교 후보(대체 가능성 미검증): BuildingSO:building:9827, BuildingSO:building:1094, BuildingSO:building:8801, BuildingSO:building:8802, BuildingSO:building:8803, BuildingSO:building:8804, BuildingSO:building:8805, BuildingSO:building:8806, BuildingSO:building:8807, BuildingSO:building:8808, BuildingSO:building:8809, BuildingSO:building:8900 외 101개","구조·동선·필요 재료·작업자와 연결되고 실제 주문이 배정될 때 기능을 인정한다","이 파츠가 포함된 방 또는 운영 구역에서 실제 주문·서비스·생산·보안·연구·거래 중 하나가 완료된 기록","주문을 중지하고 잔여 물자를 회수한 뒤 파츠를 해체·운반·청소·재조립한다","설계 확정; source comparison candidates는 정적 후보이므로 실제 대체성·BOM·처리량·저장 검증 OPEN"
"building:8877","역학 상황판","player-composable-part","Crafting (제작)","시설의 고유 역할은 생산 작업대이다. 건설에는 작업량 558, 재료 material:lumber×9, material:treated-lumber×3, material:iron-ingot×3, material:paper×6이 필요하다.","이 파츠의 공정에 작업대·중간재·장인 시간을 묶어 다른 제작·수리 주문을 늦춘다","비교 후보(대체 가능성 미검증): BuildingSO:building:9827, BuildingSO:building:1094, BuildingSO:building:8801, BuildingSO:building:8802, BuildingSO:building:8803, BuildingSO:building:8804, BuildingSO:building:8805, BuildingSO:building:8806, BuildingSO:building:8807, BuildingSO:building:8808, BuildingSO:building:8809, BuildingSO:building:8900 외 101개","구조·동선·필요 재료·작업자와 연결되고 실제 주문이 배정될 때 기능을 인정한다","이 파츠가 포함된 방 또는 운영 구역에서 실제 주문·서비스·생산·보안·연구·거래 중 하나가 완료된 기록","주문을 중지하고 잔여 물자를 회수한 뒤 파츠를 해체·운반·청소·재조립한다","설계 확정; source comparison candidates는 정적 후보이므로 실제 대체성·BOM·처리량·저장 검증 OPEN"
"building:8878","유전 기록고","player-composable-part","Crafting (제작)","시설의 고유 역할은 생산 작업대이다. 건설에는 작업량 558, 재료 material:lumber×9, material:treated-lumber×3, material:iron-ingot×3, material:paper×6이 필요하다.","이 파츠의 공정에 작업대·중간재·장인 시간을 묶어 다른 제작·수리 주문을 늦춘다","비교 후보(대체 가능성 미검증): BuildingSO:building:9827, BuildingSO:building:1094, BuildingSO:building:8801, BuildingSO:building:8802, BuildingSO:building:8803, BuildingSO:building:8804, BuildingSO:building:8805, BuildingSO:building:8806, BuildingSO:building:8807, BuildingSO:building:8808, BuildingSO:building:8809, BuildingSO:building:8900 외 101개","구조·동선·필요 재료·작업자와 연결되고 실제 주문이 배정될 때 기능을 인정한다","이 파츠가 포함된 방 또는 운영 구역에서 실제 주문·서비스·생산·보안·연구·거래 중 하나가 완료된 기록","주문을 중지하고 잔여 물자를 회수한 뒤 파츠를 해체·운반·청소·재조립한다","설계 확정; source comparison candidates는 정적 후보이므로 실제 대체성·BOM·처리량·저장 검증 OPEN"
"building:8879","형질 분석기","player-composable-part","Crafting (제작)","시설의 고유 역할은 생산 작업대이다. 건설에는 작업량 369, 재료 material:stone-block×16, material:steel-ingot×10, component:precision-parts×6, component:rune-conductor×4, 외 3개이 필요하다.","이 파츠의 공정에 작업대·중간재·장인 시간을 묶어 다른 제작·수리 주문을 늦춘다","비교 후보(대체 가능성 미검증): BuildingSO:building:9827, BuildingSO:building:1094, BuildingSO:building:8801, BuildingSO:building:8802, BuildingSO:building:8803, BuildingSO:building:8804, BuildingSO:building:8805, BuildingSO:building:8806, BuildingSO:building:8807, BuildingSO:building:8808, BuildingSO:building:8809, BuildingSO:building:8900 외 101개","구조·동선·필요 재료·작업자와 연결되고 실제 주문이 배정될 때 기능을 인정한다","이 파츠가 포함된 방 또는 운영 구역에서 실제 주문·서비스·생산·보안·연구·거래 중 하나가 완료된 기록","주문을 중지하고 잔여 물자를 회수한 뒤 파츠를 해체·운반·청소·재조립한다","설계 확정; source comparison candidates는 정적 후보이므로 실제 대체성·BOM·처리량·저장 검증 OPEN"
"building:8880","유전 상담실","player-composable-part","Crafting (제작)","시설의 고유 역할은 생산 작업대이다. 건설에는 작업량 738, 재료 material:stone-block×10, material:treated-lumber×6, material:steel-ingot×4, textile:sterile-cloth×4, 외 2개이 필요하다.","이 파츠의 공정에 작업대·중간재·장인 시간을 묶어 다른 제작·수리 주문을 늦춘다","비교 후보(대체 가능성 미검증): BuildingSO:building:9827, BuildingSO:building:1094, BuildingSO:building:8801, BuildingSO:building:8802, BuildingSO:building:8803, BuildingSO:building:8804, BuildingSO:building:8805, BuildingSO:building:8806, BuildingSO:building:8807, BuildingSO:building:8808, BuildingSO:building:8809, BuildingSO:building:8900 외 101개","구조·동선·필요 재료·작업자와 연결되고 실제 주문이 배정될 때 기능을 인정한다","이 파츠가 포함된 방 또는 운영 구역에서 실제 주문·서비스·생산·보안·연구·거래 중 하나가 완료된 기록","주문을 중지하고 잔여 물자를 회수한 뒤 파츠를 해체·운반·청소·재조립한다","설계 확정; source comparison candidates는 정적 후보이므로 실제 대체성·BOM·처리량·저장 검증 OPEN"
"building:8881","교차계통 배양기","player-composable-part","Crafting (제작)","시설의 고유 역할은 생산 작업대이다. 건설에는 작업량 369, 재료 material:stone-block×16, material:steel-ingot×10, component:precision-parts×6, component:rune-conductor×4, 외 3개이 필요하다.","이 파츠의 공정에 작업대·중간재·장인 시간을 묶어 다른 제작·수리 주문을 늦춘다","비교 후보(대체 가능성 미검증): BuildingSO:building:9827, BuildingSO:building:1094, BuildingSO:building:8801, BuildingSO:building:8802, BuildingSO:building:8803, BuildingSO:building:8804, BuildingSO:building:8805, BuildingSO:building:8806, BuildingSO:building:8807, BuildingSO:building:8808, BuildingSO:building:8809, BuildingSO:building:8900 외 101개","구조·동선·필요 재료·작업자와 연결되고 실제 주문이 배정될 때 기능을 인정한다","이 파츠가 포함된 방 또는 운영 구역에서 실제 주문·서비스·생산·보안·연구·거래 중 하나가 완료된 기록","주문을 중지하고 잔여 물자를 회수한 뒤 파츠를 해체·운반·청소·재조립한다","설계 확정; source comparison candidates는 정적 후보이므로 실제 대체성·BOM·처리량·저장 검증 OPEN"
"building:8882","방 배정대","player-composable-part","Crafting (제작)","시설의 고유 역할은 생산 작업대이다. 건설에는 작업량 240, 재료 material:lumber×6, material:treated-lumber×2, material:iron-ingot×3, material:paper×6, 외 1개이 필요하다.","이 파츠의 공정에 작업대·중간재·장인 시간을 묶어 다른 제작·수리 주문을 늦춘다","비교 후보(대체 가능성 미검증): BuildingSO:building:9827, BuildingSO:building:1094, BuildingSO:building:8801, BuildingSO:building:8802, BuildingSO:building:8803, BuildingSO:building:8804, BuildingSO:building:8805, BuildingSO:building:8806, BuildingSO:building:8807, BuildingSO:building:8808, BuildingSO:building:8809, BuildingSO:building:8900 외 101개","구조·동선·필요 재료·작업자와 연결되고 실제 주문이 배정될 때 기능을 인정한다","이 파츠가 포함된 방 또는 운영 구역에서 실제 주문·서비스·생산·보안·연구·거래 중 하나가 완료된 기록","주문을 중지하고 잔여 물자를 회수한 뒤 파츠를 해체·운반·청소·재조립한다","설계 확정; source comparison candidates는 정적 후보이므로 실제 대체성·BOM·처리량·저장 검증 OPEN"
"building:8883","가족실 칸막이","player-composable-part","Crafting (제작)","시설의 고유 역할은 생산 작업대이다. 건설에는 작업량 63, 재료 material:lumber×10, material:treated-lumber×4, material:cloth×6, material:stone-block×4, 외 1개이 필요하다.","이 파츠의 공정에 작업대·중간재·장인 시간을 묶어 다른 제작·수리 주문을 늦춘다","비교 후보(대체 가능성 미검증): BuildingSO:building:9827, BuildingSO:building:1094, BuildingSO:building:8801, BuildingSO:building:8802, BuildingSO:building:8803, BuildingSO:building:8804, BuildingSO:building:8805, BuildingSO:building:8806, BuildingSO:building:8807, BuildingSO:building:8808, BuildingSO:building:8809, BuildingSO:building:8900 외 101개","구조·동선·필요 재료·작업자와 연결되고 실제 주문이 배정될 때 기능을 인정한다","이 파츠가 포함된 방 또는 운영 구역에서 실제 주문·서비스·생산·보안·연구·거래 중 하나가 완료된 기록","주문을 중지하고 잔여 물자를 회수한 뒤 파츠를 해체·운반·청소·재조립한다","설계 확정; source comparison candidates는 정적 후보이므로 실제 대체성·BOM·처리량·저장 검증 OPEN"
"building:8884","보호자 등록소","player-composable-part","Crafting (제작)","시설의 고유 역할은 생산 작업대이다. 건설에는 작업량 558, 재료 material:lumber×9, material:treated-lumber×3, material:iron-ingot×3, material:paper×6이 필요하다.","이 파츠의 공정에 작업대·중간재·장인 시간을 묶어 다른 제작·수리 주문을 늦춘다","비교 후보(대체 가능성 미검증): BuildingSO:building:9827, BuildingSO:building:1094, BuildingSO:building:8801, BuildingSO:building:8802, BuildingSO:building:8803, BuildingSO:building:8804, BuildingSO:building:8805, BuildingSO:building:8806, BuildingSO:building:8807, BuildingSO:building:8808, BuildingSO:building:8809, BuildingSO:building:8900 외 101개","구조·동선·필요 재료·작업자와 연결되고 실제 주문이 배정될 때 기능을 인정한다","이 파츠가 포함된 방 또는 운영 구역에서 실제 주문·서비스·생산·보안·연구·거래 중 하나가 완료된 기록","주문을 중지하고 잔여 물자를 회수한 뒤 파츠를 해체·운반·청소·재조립한다","설계 확정; source comparison candidates는 정적 후보이므로 실제 대체성·BOM·처리량·저장 검증 OPEN"
"building:8885","상담실","player-composable-part","Crafting (제작)","시설의 고유 역할은 생산 작업대이다. 건설에는 작업량 234, 재료 material:lumber×15, material:treated-lumber×6, material:cloth×6, material:stone-block×4이 필요하다.","이 파츠의 공정에 작업대·중간재·장인 시간을 묶어 다른 제작·수리 주문을 늦춘다","비교 후보(대체 가능성 미검증): BuildingSO:building:9827, BuildingSO:building:1094, BuildingSO:building:8801, BuildingSO:building:8802, BuildingSO:building:8803, BuildingSO:building:8804, BuildingSO:building:8805, BuildingSO:building:8806, BuildingSO:building:8807, BuildingSO:building:8808, BuildingSO:building:8809, BuildingSO:building:8900 외 101개","구조·동선·필요 재료·작업자와 연결되고 실제 주문이 배정될 때 기능을 인정한다","이 파츠가 포함된 방 또는 운영 구역에서 실제 주문·서비스·생산·보안·연구·거래 중 하나가 완료된 기록","주문을 중지하고 잔여 물자를 회수한 뒤 파츠를 해체·운반·청소·재조립한다","설계 확정; source comparison candidates는 정적 후보이므로 실제 대체성·BOM·처리량·저장 검증 OPEN"
"building:8886","시신 처리대","player-composable-part","Crafting (제작)","시설의 고유 역할은 생산 작업대이다. 건설에는 작업량 414, 재료 material:stone-block×10, material:treated-lumber×6, material:steel-ingot×4, textile:sterile-cloth×4, 외 2개이 필요하다.","이 파츠의 공정에 작업대·중간재·장인 시간을 묶어 다른 제작·수리 주문을 늦춘다","비교 후보(대체 가능성 미검증): BuildingSO:building:9827, BuildingSO:building:1094, BuildingSO:building:8801, BuildingSO:building:8802, BuildingSO:building:8803, BuildingSO:building:8804, BuildingSO:building:8805, BuildingSO:building:8806, BuildingSO:building:8807, BuildingSO:building:8808, BuildingSO:building:8809, BuildingSO:building:8900 외 101개","구조·동선·필요 재료·작업자와 연결되고 실제 주문이 배정될 때 기능을 인정한다","이 파츠가 포함된 방 또는 운영 구역에서 실제 주문·서비스·생산·보안·연구·거래 중 하나가 완료된 기록","주문을 중지하고 잔여 물자를 회수한 뒤 파츠를 해체·운반·청소·재조립한다","설계 확정; source comparison candidates는 정적 후보이므로 실제 대체성·BOM·처리량·저장 검증 OPEN"
"building:8887","추모실","player-composable-part","Crafting (제작)","시설의 고유 역할은 생산 작업대이다. 건설에는 작업량 234, 재료 material:lumber×15, material:treated-lumber×6, material:cloth×6, material:stone-block×4이 필요하다.","이 파츠의 공정에 작업대·중간재·장인 시간을 묶어 다른 제작·수리 주문을 늦춘다","비교 후보(대체 가능성 미검증): BuildingSO:building:9827, BuildingSO:building:1094, BuildingSO:building:8801, BuildingSO:building:8802, BuildingSO:building:8803, BuildingSO:building:8804, BuildingSO:building:8805, BuildingSO:building:8806, BuildingSO:building:8807, BuildingSO:building:8808, BuildingSO:building:8809, BuildingSO:building:8900 외 101개","구조·동선·필요 재료·작업자와 연결되고 실제 주문이 배정될 때 기능을 인정한다","이 파츠가 포함된 방 또는 운영 구역에서 실제 주문·서비스·생산·보안·연구·거래 중 하나가 완료된 기록","주문을 중지하고 잔여 물자를 회수한 뒤 파츠를 해체·운반·청소·재조립한다","설계 확정; source comparison candidates는 정적 후보이므로 실제 대체성·BOM·처리량·저장 검증 OPEN"
"building:8888","기후 지도실","player-composable-part","Crafting (제작)","시설의 고유 역할은 생산 작업대이다. 건설에는 작업량 531, 재료 material:stone-block×12, material:steel-ingot×8, component:machine-parts×4, component:precision-parts×4, 외 1개이 필요하다.","이 파츠의 공정에 작업대·중간재·장인 시간을 묶어 다른 제작·수리 주문을 늦춘다","비교 후보(대체 가능성 미검증): BuildingSO:building:9827, BuildingSO:building:1094, BuildingSO:building:8801, BuildingSO:building:8802, BuildingSO:building:8803, BuildingSO:building:8804, BuildingSO:building:8805, BuildingSO:building:8806, BuildingSO:building:8807, BuildingSO:building:8808, BuildingSO:building:8809, BuildingSO:building:8900 외 101개","구조·동선·필요 재료·작업자와 연결되고 실제 주문이 배정될 때 기능을 인정한다","이 파츠가 포함된 방 또는 운영 구역에서 실제 주문·서비스·생산·보안·연구·거래 중 하나가 완료된 기록","주문을 중지하고 잔여 물자를 회수한 뒤 파츠를 해체·운반·청소·재조립한다","설계 확정; source comparison candidates는 정적 후보이므로 실제 대체성·BOM·처리량·저장 검증 OPEN"
"building:8889","원정 천문시계실","player-composable-part","Crafting (제작)","시설의 고유 역할은 생산 작업대이다. 건설에는 작업량 540, 재료 material:stone-block×16, material:steel-ingot×10, component:precision-parts×6, component:rune-conductor×4, 외 3개이 필요하다.","이 파츠의 공정에 작업대·중간재·장인 시간을 묶어 다른 제작·수리 주문을 늦춘다","비교 후보(대체 가능성 미검증): BuildingSO:building:9827, BuildingSO:building:1094, BuildingSO:building:8801, BuildingSO:building:8802, BuildingSO:building:8803, BuildingSO:building:8804, BuildingSO:building:8805, BuildingSO:building:8806, BuildingSO:building:8807, BuildingSO:building:8808, BuildingSO:building:8809, BuildingSO:building:8900 외 101개","구조·동선·필요 재료·작업자와 연결되고 실제 주문이 배정될 때 기능을 인정한다","이 파츠가 포함된 방 또는 운영 구역에서 실제 주문·서비스·생산·보안·연구·거래 중 하나가 완료된 기록","주문을 중지하고 잔여 물자를 회수한 뒤 파츠를 해체·운반·청소·재조립한다","설계 확정; source comparison candidates는 정적 후보이므로 실제 대체성·BOM·처리량·저장 검증 OPEN"
"building:8890","종자 선별대","player-composable-part","Crafting (제작)","시설의 고유 역할은 생산 작업대이다. 건설에는 작업량 504, 재료 material:stone-block×8, material:treated-lumber×6, material:iron-ingot×6, component:machine-parts×3, 외 1개이 필요하다.","이 파츠의 공정에 작업대·중간재·장인 시간을 묶어 다른 제작·수리 주문을 늦춘다","비교 후보(대체 가능성 미검증): BuildingSO:building:9827, BuildingSO:building:1094, BuildingSO:building:8801, BuildingSO:building:8802, BuildingSO:building:8803, BuildingSO:building:8804, BuildingSO:building:8805, BuildingSO:building:8806, BuildingSO:building:8807, BuildingSO:building:8808, BuildingSO:building:8809, BuildingSO:building:8900 외 101개","구조·동선·필요 재료·작업자와 연결되고 실제 주문이 배정될 때 기능을 인정한다","이 파츠가 포함된 방 또는 운영 구역에서 실제 주문·서비스·생산·보안·연구·거래 중 하나가 완료된 기록","주문을 중지하고 잔여 물자를 회수한 뒤 파츠를 해체·운반·청소·재조립한다","설계 확정; source comparison candidates는 정적 후보이므로 실제 대체성·BOM·처리량·저장 검증 OPEN"
"building:8891","방제 조제대","player-composable-part","Crafting (제작)","시설의 고유 역할은 생산 작업대이다. 건설에는 작업량 360, 재료 material:stone-block×8, material:treated-lumber×6, material:iron-ingot×4, component:machine-parts×2, 외 1개이 필요하다.","이 파츠의 공정에 작업대·중간재·장인 시간을 묶어 다른 제작·수리 주문을 늦춘다","비교 후보(대체 가능성 미검증): BuildingSO:building:9827, BuildingSO:building:1094, BuildingSO:building:8801, BuildingSO:building:8802, BuildingSO:building:8803, BuildingSO:building:8804, BuildingSO:building:8805, BuildingSO:building:8806, BuildingSO:building:8807, BuildingSO:building:8808, BuildingSO:building:8809, BuildingSO:building:8900 외 101개","구조·동선·필요 재료·작업자와 연결되고 실제 주문이 배정될 때 기능을 인정한다","이 파츠가 포함된 방 또는 운영 구역에서 실제 주문·서비스·생산·보안·연구·거래 중 하나가 완료된 기록","주문을 중지하고 잔여 물자를 회수한 뒤 파츠를 해체·운반·청소·재조립한다","설계 확정; source comparison candidates는 정적 후보이므로 실제 대체성·BOM·처리량·저장 검증 OPEN"
"building:8892","작물 병리실","player-composable-part","Crafting (제작)","시설의 고유 역할은 생산 작업대이다. 건설에는 작업량 351, 재료 material:stone-block×10, material:treated-lumber×6, material:steel-ingot×4, textile:sterile-cloth×4, 외 2개이 필요하다.","이 파츠의 공정에 작업대·중간재·장인 시간을 묶어 다른 제작·수리 주문을 늦춘다","비교 후보(대체 가능성 미검증): BuildingSO:building:9827, BuildingSO:building:1094, BuildingSO:building:8801, BuildingSO:building:8802, BuildingSO:building:8803, BuildingSO:building:8804, BuildingSO:building:8805, BuildingSO:building:8806, BuildingSO:building:8807, BuildingSO:building:8808, BuildingSO:building:8809, BuildingSO:building:8900 외 101개","구조·동선·필요 재료·작업자와 연결되고 실제 주문이 배정될 때 기능을 인정한다","이 파츠가 포함된 방 또는 운영 구역에서 실제 주문·서비스·생산·보안·연구·거래 중 하나가 완료된 기록","주문을 중지하고 잔여 물자를 회수한 뒤 파츠를 해체·운반·청소·재조립한다","설계 확정; source comparison candidates는 정적 후보이므로 실제 대체성·BOM·처리량·저장 검증 OPEN"
"building:8893","육종 온실","player-composable-part","Crafting (제작)","시설의 고유 역할은 생산 작업대이다. 건설에는 작업량 351, 재료 material:treated-lumber×12, material:stone-block×8, material:iron-ingot×6, resource:clean-water×12, 외 2개이 필요하다.","이 파츠의 공정에 작업대·중간재·장인 시간을 묶어 다른 제작·수리 주문을 늦춘다","비교 후보(대체 가능성 미검증): BuildingSO:building:9827, BuildingSO:building:1094, BuildingSO:building:8801, BuildingSO:building:8802, BuildingSO:building:8803, BuildingSO:building:8804, BuildingSO:building:8805, BuildingSO:building:8806, BuildingSO:building:8807, BuildingSO:building:8808, BuildingSO:building:8809, BuildingSO:building:8900 외 101개","구조·동선·필요 재료·작업자와 연결되고 실제 주문이 배정될 때 기능을 인정한다","이 파츠가 포함된 방 또는 운영 구역에서 실제 주문·서비스·생산·보안·연구·거래 중 하나가 완료된 기록","주문을 중지하고 잔여 물자를 회수한 뒤 파츠를 해체·운반·청소·재조립한다","설계 확정; source comparison candidates는 정적 후보이므로 실제 대체성·BOM·처리량·저장 검증 OPEN"
"building:8894","경력 기록대","player-composable-part","Crafting (제작)","시설의 고유 역할은 생산 작업대이다. 건설에는 작업량 234, 재료 material:lumber×6, material:treated-lumber×2, material:iron-ingot×3, material:paper×6이 필요하다.","이 파츠의 공정에 작업대·중간재·장인 시간을 묶어 다른 제작·수리 주문을 늦춘다","비교 후보(대체 가능성 미검증): BuildingSO:building:9827, BuildingSO:building:1094, BuildingSO:building:8801, BuildingSO:building:8802, BuildingSO:building:8803, BuildingSO:building:8804, BuildingSO:building:8805, BuildingSO:building:8806, BuildingSO:building:8807, BuildingSO:building:8808, BuildingSO:building:8809, BuildingSO:building:8900 외 101개","구조·동선·필요 재료·작업자와 연결되고 실제 주문이 배정될 때 기능을 인정한다","이 파츠가 포함된 방 또는 운영 구역에서 실제 주문·서비스·생산·보안·연구·거래 중 하나가 완료된 기록","주문을 중지하고 잔여 물자를 회수한 뒤 파츠를 해체·운반·청소·재조립한다","설계 확정; source comparison candidates는 정적 후보이므로 실제 대체성·BOM·처리량·저장 검증 OPEN"
"building:8895","은퇴자 휴게실","player-composable-part","Crafting (제작)","시설의 고유 역할은 생산 작업대이다. 건설에는 작업량 276, 재료 material:lumber×15, material:treated-lumber×6, material:cloth×6, material:stone-block×4이 필요하다.","이 파츠의 공정에 작업대·중간재·장인 시간을 묶어 다른 제작·수리 주문을 늦춘다","비교 후보(대체 가능성 미검증): BuildingSO:building:9827, BuildingSO:building:1094, BuildingSO:building:8801, BuildingSO:building:8802, BuildingSO:building:8803, BuildingSO:building:8804, BuildingSO:building:8805, BuildingSO:building:8806, BuildingSO:building:8807, BuildingSO:building:8808, BuildingSO:building:8809, BuildingSO:building:8900 외 101개","구조·동선·필요 재료·작업자와 연결되고 실제 주문이 배정될 때 기능을 인정한다","이 파츠가 포함된 방 또는 운영 구역에서 실제 주문·서비스·생산·보안·연구·거래 중 하나가 완료된 기록","주문을 중지하고 잔여 물자를 회수한 뒤 파츠를 해체·운반·청소·재조립한다","설계 확정; source comparison candidates는 정적 후보이므로 실제 대체성·BOM·처리량·저장 검증 OPEN"
"building:8896","멘토 학원","player-composable-part","Crafting (제작)","시설의 고유 역할은 생산 작업대이다. 건설에는 작업량 552, 재료 material:lumber×15, material:treated-lumber×6, material:cloth×9, material:stone-block×4이 필요하다.","이 파츠의 공정에 작업대·중간재·장인 시간을 묶어 다른 제작·수리 주문을 늦춘다","비교 후보(대체 가능성 미검증): BuildingSO:building:9827, BuildingSO:building:1094, BuildingSO:building:8801, BuildingSO:building:8802, BuildingSO:building:8803, BuildingSO:building:8804, BuildingSO:building:8805, BuildingSO:building:8806, BuildingSO:building:8807, BuildingSO:building:8808, BuildingSO:building:8809, BuildingSO:building:8900 외 101개","구조·동선·필요 재료·작업자와 연결되고 실제 주문이 배정될 때 기능을 인정한다","이 파츠가 포함된 방 또는 운영 구역에서 실제 주문·서비스·생산·보안·연구·거래 중 하나가 완료된 기록","주문을 중지하고 잔여 물자를 회수한 뒤 파츠를 해체·운반·청소·재조립한다","설계 확정; source comparison candidates는 정적 후보이므로 실제 대체성·BOM·처리량·저장 검증 OPEN"
"building:8897","공명 조율실","player-composable-part","Crafting (제작)","시설의 고유 역할은 생산 작업대이다. 건설에는 작업량 1215, 재료 material:stone-block×16, material:steel-ingot×10, component:precision-parts×6, component:rune-conductor×4, 외 3개이 필요하다.","이 파츠의 공정에 작업대·중간재·장인 시간을 묶어 다른 제작·수리 주문을 늦춘다","비교 후보(대체 가능성 미검증): BuildingSO:building:9827, BuildingSO:building:1094, BuildingSO:building:8801, BuildingSO:building:8802, BuildingSO:building:8803, BuildingSO:building:8804, BuildingSO:building:8805, BuildingSO:building:8806, BuildingSO:building:8807, BuildingSO:building:8808, BuildingSO:building:8809, BuildingSO:building:8900 외 101개","구조·동선·필요 재료·작업자와 연결되고 실제 주문이 배정될 때 기능을 인정한다","이 파츠가 포함된 방 또는 운영 구역에서 실제 주문·서비스·생산·보안·연구·거래 중 하나가 완료된 기록","주문을 중지하고 잔여 물자를 회수한 뒤 파츠를 해체·운반·청소·재조립한다","설계 확정; source comparison candidates는 정적 후보이므로 실제 대체성·BOM·처리량·저장 검증 OPEN"
"building:8898","보안 거래 금고","player-composable-part","Crafting (제작)","시설의 고유 역할은 생산 작업대이다. 건설에는 작업량 432, 재료 material:stone-block×12, material:steel-ingot×8, component:machine-parts×4, component:precision-parts×4, 외 1개이 필요하다.","이 파츠의 공정에 작업대·중간재·장인 시간을 묶어 다른 제작·수리 주문을 늦춘다","비교 후보(대체 가능성 미검증): BuildingSO:building:9827, BuildingSO:building:1094, BuildingSO:building:8801, BuildingSO:building:8802, BuildingSO:building:8803, BuildingSO:building:8804, BuildingSO:building:8805, BuildingSO:building:8806, BuildingSO:building:8807, BuildingSO:building:8808, BuildingSO:building:8809, BuildingSO:building:8900 외 101개","구조·동선·필요 재료·작업자와 연결되고 실제 주문이 배정될 때 기능을 인정한다","이 파츠가 포함된 방 또는 운영 구역에서 실제 주문·서비스·생산·보안·연구·거래 중 하나가 완료된 기록","주문을 중지하고 잔여 물자를 회수한 뒤 파츠를 해체·운반·청소·재조립한다","설계 확정; source comparison candidates는 정적 후보이므로 실제 대체성·BOM·처리량·저장 검증 OPEN"
"building:8899","방어 제어반","player-composable-part","Crafting (제작)","시설의 고유 역할은 생산 작업대이다. 건설에는 작업량 594, 재료 material:stone-block×12, material:steel-ingot×8, component:machine-parts×4, component:precision-parts×4, 외 1개이 필요하다.","이 파츠의 공정에 작업대·중간재·장인 시간을 묶어 다른 제작·수리 주문을 늦춘다","비교 후보(대체 가능성 미검증): BuildingSO:building:9827, BuildingSO:building:1094, BuildingSO:building:8801, BuildingSO:building:8802, BuildingSO:building:8803, BuildingSO:building:8804, BuildingSO:building:8805, BuildingSO:building:8806, BuildingSO:building:8807, BuildingSO:building:8808, BuildingSO:building:8809, BuildingSO:building:8900 외 101개","구조·동선·필요 재료·작업자와 연결되고 실제 주문이 배정될 때 기능을 인정한다","이 파츠가 포함된 방 또는 운영 구역에서 실제 주문·서비스·생산·보안·연구·거래 중 하나가 완료된 기록","주문을 중지하고 잔여 물자를 회수한 뒤 파츠를 해체·운반·청소·재조립한다","설계 확정; source comparison candidates는 정적 후보이므로 실제 대체성·BOM·처리량·저장 검증 OPEN"
"building:8900","탄도 시험장","player-composable-part","Crafting (제작)","시설의 고유 역할은 생산 작업대이다. 건설에는 작업량 369, 재료 material:stone-block×12, material:steel-ingot×8, component:machine-parts×4, component:precision-parts×4, 외 1개이 필요하다.","이 파츠의 공정에 작업대·중간재·장인 시간을 묶어 다른 제작·수리 주문을 늦춘다","비교 후보(대체 가능성 미검증): BuildingSO:building:9827, BuildingSO:building:1094, BuildingSO:building:8801, BuildingSO:building:8802, BuildingSO:building:8803, BuildingSO:building:8804, BuildingSO:building:8805, BuildingSO:building:8806, BuildingSO:building:8807, BuildingSO:building:8808, BuildingSO:building:8809, BuildingSO:building:8901 외 101개","구조·동선·필요 재료·작업자와 연결되고 실제 주문이 배정될 때 기능을 인정한다","이 파츠가 포함된 방 또는 운영 구역에서 실제 주문·서비스·생산·보안·연구·거래 중 하나가 완료된 기록","주문을 중지하고 잔여 물자를 회수한 뒤 파츠를 해체·운반·청소·재조립한다","설계 확정; source comparison candidates는 정적 후보이므로 실제 대체성·BOM·처리량·저장 검증 OPEN"
"building:8901","흑강 주조 보조로","player-composable-part","Crafting (제작)","시설의 고유 역할은 생산 작업대이다. 건설에는 작업량 369, 재료 material:stone-block×12, material:steel-ingot×8, component:machine-parts×4, component:precision-parts×4, 외 1개이 필요하다.","이 파츠의 공정에 작업대·중간재·장인 시간을 묶어 다른 제작·수리 주문을 늦춘다","비교 후보(대체 가능성 미검증): BuildingSO:building:9827, BuildingSO:building:1094, BuildingSO:building:8801, BuildingSO:building:8802, BuildingSO:building:8803, BuildingSO:building:8804, BuildingSO:building:8805, BuildingSO:building:8806, BuildingSO:building:8807, BuildingSO:building:8808, BuildingSO:building:8809, BuildingSO:building:8900 외 101개","구조·동선·필요 재료·작업자와 연결되고 실제 주문이 배정될 때 기능을 인정한다","이 파츠가 포함된 방 또는 운영 구역에서 실제 주문·서비스·생산·보안·연구·거래 중 하나가 완료된 기록","주문을 중지하고 잔여 물자를 회수한 뒤 파츠를 해체·운반·청소·재조립한다","설계 확정; source comparison candidates는 정적 후보이므로 실제 대체성·BOM·처리량·저장 검증 OPEN"
"building:9301","재단·재봉 작업대","player-composable-part","Crafting (제작)","시설의 고유 역할은 생산 작업대이다. 건설에는 작업량 249, 재료 material:lumber×6, material:iron-ingot×3이 필요하다.","이 파츠의 공정에 작업대·중간재·장인 시간을 묶어 다른 제작·수리 주문을 늦춘다","비교 후보(대체 가능성 미검증): BuildingSO:building:9827, BuildingSO:building:1094, BuildingSO:building:8801, BuildingSO:building:8802, BuildingSO:building:8803, BuildingSO:building:8804, BuildingSO:building:8805, BuildingSO:building:8806, BuildingSO:building:8807, BuildingSO:building:8808, BuildingSO:building:8809, BuildingSO:building:8900 외 101개","구조·동선·필요 재료·작업자와 연결되고 실제 주문이 배정될 때 기능을 인정한다","이 파츠가 포함된 방 또는 운영 구역에서 실제 주문·서비스·생산·보안·연구·거래 중 하나가 완료된 기록","주문을 중지하고 잔여 물자를 회수한 뒤 파츠를 해체·운반·청소·재조립한다","설계 확정; source comparison candidates는 정적 후보이므로 실제 대체성·BOM·처리량·저장 검증 OPEN"
"building:9302","문양·장식 작업대","player-composable-part","Crafting (제작)","시설의 고유 역할은 생산 작업대이다. 건설에는 작업량 249, 재료 material:lumber×6, material:iron-ingot×3이 필요하다.","이 파츠의 공정에 작업대·중간재·장인 시간을 묶어 다른 제작·수리 주문을 늦춘다","비교 후보(대체 가능성 미검증): BuildingSO:building:9827, BuildingSO:building:1094, BuildingSO:building:8801, BuildingSO:building:8802, BuildingSO:building:8803, BuildingSO:building:8804, BuildingSO:building:8805, BuildingSO:building:8806, BuildingSO:building:8807, BuildingSO:building:8808, BuildingSO:building:8809, BuildingSO:building:8900 외 101개","구조·동선·필요 재료·작업자와 연결되고 실제 주문이 배정될 때 기능을 인정한다","이 파츠가 포함된 방 또는 운영 구역에서 실제 주문·서비스·생산·보안·연구·거래 중 하나가 완료된 기록","주문을 중지하고 잔여 물자를 회수한 뒤 파츠를 해체·운반·청소·재조립한다","설계 확정; source comparison candidates는 정적 후보이므로 실제 대체성·BOM·처리량·저장 검증 OPEN"
"building:9303","손세탁 수조","player-composable-part","Crafting (제작)","시설의 고유 역할은 생산 작업대이다. 건설에는 작업량 653, 재료 material:stone-block×6, material:lumber×3이 필요하다.","이 파츠의 공정에 작업대·중간재·장인 시간을 묶어 다른 제작·수리 주문을 늦춘다","비교 후보(대체 가능성 미검증): BuildingSO:building:9827, BuildingSO:building:1094, BuildingSO:building:8801, BuildingSO:building:8802, BuildingSO:building:8803, BuildingSO:building:8804, BuildingSO:building:8805, BuildingSO:building:8806, BuildingSO:building:8807, BuildingSO:building:8808, BuildingSO:building:8809, BuildingSO:building:8900 외 101개","구조·동선·필요 재료·작업자와 연결되고 실제 주문이 배정될 때 기능을 인정한다","이 파츠가 포함된 방 또는 운영 구역에서 실제 주문·서비스·생산·보안·연구·거래 중 하나가 완료된 기록","주문을 중지하고 잔여 물자를 회수한 뒤 파츠를 해체·운반·청소·재조립한다","설계 확정; source comparison candidates는 정적 후보이므로 실제 대체성·BOM·처리량·저장 검증 OPEN"
"building:9304","실내 건조대","player-composable-part","Crafting (제작)","시설의 고유 역할은 생산 작업대이다. 건설에는 작업량 609, 재료 material:lumber×6, material:iron-ingot×3이 필요하다.","이 파츠의 공정에 작업대·중간재·장인 시간을 묶어 다른 제작·수리 주문을 늦춘다","비교 후보(대체 가능성 미검증): BuildingSO:building:9827, BuildingSO:building:1094, BuildingSO:building:8801, BuildingSO:building:8802, BuildingSO:building:8803, BuildingSO:building:8804, BuildingSO:building:8805, BuildingSO:building:8806, BuildingSO:building:8807, BuildingSO:building:8808, BuildingSO:building:8809, BuildingSO:building:8900 외 101개","구조·동선·필요 재료·작업자와 연결되고 실제 주문이 배정될 때 기능을 인정한다","이 파츠가 포함된 방 또는 운영 구역에서 실제 주문·서비스·생산·보안·연구·거래 중 하나가 완료된 기록","주문을 중지하고 잔여 물자를 회수한 뒤 파츠를 해체·운반·청소·재조립한다","설계 확정; source comparison candidates는 정적 후보이므로 실제 대체성·BOM·처리량·저장 검증 OPEN"
"building:9305","동력 세탁·건조기","player-composable-part","Crafting (제작)","시설의 고유 역할은 생산 작업대이다. 건설에는 작업량 711, 재료 material:steel-ingot×4, component:machine-parts×3, material:lumber×2이 필요하다.","이 파츠의 공정에 작업대·중간재·장인 시간을 묶어 다른 제작·수리 주문을 늦춘다","비교 후보(대체 가능성 미검증): BuildingSO:building:9827, BuildingSO:building:1094, BuildingSO:building:8801, BuildingSO:building:8802, BuildingSO:building:8803, BuildingSO:building:8804, BuildingSO:building:8805, BuildingSO:building:8806, BuildingSO:building:8807, BuildingSO:building:8808, BuildingSO:building:8809, BuildingSO:building:8900 외 101개","구조·동선·필요 재료·작업자와 연결되고 실제 주문이 배정될 때 기능을 인정한다","이 파츠가 포함된 방 또는 운영 구역에서 실제 주문·서비스·생산·보안·연구·거래 중 하나가 완료된 기록","주문을 중지하고 잔여 물자를 회수한 뒤 파츠를 해체·운반·청소·재조립한다","설계 확정; source comparison candidates는 정적 후보이므로 실제 대체성·BOM·처리량·저장 검증 OPEN"
"building:9306","의복 진열대","player-composable-part","Crafting (제작)","시설의 고유 역할은 생산 작업대이다. 건설에는 작업량 116, 재료 material:lumber×6, material:iron-ingot×2이 필요하다.","이 파츠의 공정에 작업대·중간재·장인 시간을 묶어 다른 제작·수리 주문을 늦춘다","비교 후보(대체 가능성 미검증): BuildingSO:building:9827, BuildingSO:building:1094, BuildingSO:building:8801, BuildingSO:building:8802, BuildingSO:building:8803, BuildingSO:building:8804, BuildingSO:building:8805, BuildingSO:building:8806, BuildingSO:building:8807, BuildingSO:building:8808, BuildingSO:building:8809, BuildingSO:building:8900 외 101개","구조·동선·필요 재료·작업자와 연결되고 실제 주문이 배정될 때 기능을 인정한다","이 파츠가 포함된 방 또는 운영 구역에서 실제 주문·서비스·생산·보안·연구·거래 중 하나가 완료된 기록","주문을 중지하고 잔여 물자를 회수한 뒤 파츠를 해체·운반·청소·재조립한다","설계 확정; source comparison candidates는 정적 후보이므로 실제 대체성·BOM·처리량·저장 검증 OPEN"
"building:9307","탈의 칸막이","player-composable-part","Crafting (제작)","시설의 고유 역할은 생산 작업대이다. 건설에는 작업량 609, 재료 material:lumber×6, material:iron-ingot×3이 필요하다.","이 파츠의 공정에 작업대·중간재·장인 시간을 묶어 다른 제작·수리 주문을 늦춘다","비교 후보(대체 가능성 미검증): BuildingSO:building:9827, BuildingSO:building:1094, BuildingSO:building:8801, BuildingSO:building:8802, BuildingSO:building:8803, BuildingSO:building:8804, BuildingSO:building:8805, BuildingSO:building:8806, BuildingSO:building:8807, BuildingSO:building:8808, BuildingSO:building:8809, BuildingSO:building:8900 외 101개","구조·동선·필요 재료·작업자와 연결되고 실제 주문이 배정될 때 기능을 인정한다","이 파츠가 포함된 방 또는 운영 구역에서 실제 주문·서비스·생산·보안·연구·거래 중 하나가 완료된 기록","주문을 중지하고 잔여 물자를 회수한 뒤 파츠를 해체·운반·청소·재조립한다","설계 확정; source comparison candidates는 정적 후보이므로 실제 대체성·BOM·처리량·저장 검증 OPEN"
"building:9308","수선 접수대","player-composable-part","Crafting (제작)","시설의 고유 역할은 생산 작업대이다. 건설에는 작업량 609, 재료 material:lumber×6, material:iron-ingot×3이 필요하다.","이 파츠의 공정에 작업대·중간재·장인 시간을 묶어 다른 제작·수리 주문을 늦춘다","비교 후보(대체 가능성 미검증): BuildingSO:building:9827, BuildingSO:building:1094, BuildingSO:building:8801, BuildingSO:building:8802, BuildingSO:building:8803, BuildingSO:building:8804, BuildingSO:building:8805, BuildingSO:building:8806, BuildingSO:building:8807, BuildingSO:building:8808, BuildingSO:building:8809, BuildingSO:building:8900 외 101개","구조·동선·필요 재료·작업자와 연결되고 실제 주문이 배정될 때 기능을 인정한다","이 파츠가 포함된 방 또는 운영 구역에서 실제 주문·서비스·생산·보안·연구·거래 중 하나가 완료된 기록","주문을 중지하고 잔여 물자를 회수한 뒤 파츠를 해체·운반·청소·재조립한다","설계 확정; source comparison candidates는 정적 후보이므로 실제 대체성·BOM·처리량·저장 검증 OPEN"
"building:9309","섬유 선별대","player-composable-part","Crafting (제작)","시설의 고유 역할은 생산 작업대이다. 건설에는 작업량 249, 재료 material:lumber×6, material:iron-ingot×3이 필요하다.","이 파츠의 공정에 작업대·중간재·장인 시간을 묶어 다른 제작·수리 주문을 늦춘다","비교 후보(대체 가능성 미검증): BuildingSO:building:9827, BuildingSO:building:1094, BuildingSO:building:8801, BuildingSO:building:8802, BuildingSO:building:8803, BuildingSO:building:8804, BuildingSO:building:8805, BuildingSO:building:8806, BuildingSO:building:8807, BuildingSO:building:8808, BuildingSO:building:8809, BuildingSO:building:8900 외 101개","구조·동선·필요 재료·작업자와 연결되고 실제 주문이 배정될 때 기능을 인정한다","이 파츠가 포함된 방 또는 운영 구역에서 실제 주문·서비스·생산·보안·연구·거래 중 하나가 완료된 기록","주문을 중지하고 잔여 물자를 회수한 뒤 파츠를 해체·운반·청소·재조립한다","설계 확정; source comparison candidates는 정적 후보이므로 실제 대체성·BOM·처리량·저장 검증 OPEN"
"building:9310","침지·정련조","player-composable-part","Crafting (제작)","시설의 고유 역할은 생산 작업대이다. 건설에는 작업량 307, 재료 material:stone-block×6, material:lumber×2이 필요하다.","이 파츠의 공정에 작업대·중간재·장인 시간을 묶어 다른 제작·수리 주문을 늦춘다","비교 후보(대체 가능성 미검증): BuildingSO:building:9827, BuildingSO:building:1094, BuildingSO:building:8801, BuildingSO:building:8802, BuildingSO:building:8803, BuildingSO:building:8804, BuildingSO:building:8805, BuildingSO:building:8806, BuildingSO:building:8807, BuildingSO:building:8808, BuildingSO:building:8809, BuildingSO:building:8900 외 101개","구조·동선·필요 재료·작업자와 연결되고 실제 주문이 배정될 때 기능을 인정한다","이 파츠가 포함된 방 또는 운영 구역에서 실제 주문·서비스·생산·보안·연구·거래 중 하나가 완료된 기록","주문을 중지하고 잔여 물자를 회수한 뒤 파츠를 해체·운반·청소·재조립한다","설계 확정; source comparison candidates는 정적 후보이므로 실제 대체성·BOM·처리량·저장 검증 OPEN"
"building:9311","수동 방적기","player-composable-part","Crafting (제작)","시설의 고유 역할은 생산 작업대이다. 건설에는 작업량 249, 재료 material:lumber×6, material:iron-ingot×3이 필요하다.","이 파츠의 공정에 작업대·중간재·장인 시간을 묶어 다른 제작·수리 주문을 늦춘다","비교 후보(대체 가능성 미검증): BuildingSO:building:9827, BuildingSO:building:1094, BuildingSO:building:8801, BuildingSO:building:8802, BuildingSO:building:8803, BuildingSO:building:8804, BuildingSO:building:8805, BuildingSO:building:8806, BuildingSO:building:8807, BuildingSO:building:8808, BuildingSO:building:8809, BuildingSO:building:8900 외 101개","구조·동선·필요 재료·작업자와 연결되고 실제 주문이 배정될 때 기능을 인정한다","이 파츠가 포함된 방 또는 운영 구역에서 실제 주문·서비스·생산·보안·연구·거래 중 하나가 완료된 기록","주문을 중지하고 잔여 물자를 회수한 뒤 파츠를 해체·운반·청소·재조립한다","설계 확정; source comparison candidates는 정적 후보이므로 실제 대체성·BOM·처리량·저장 검증 OPEN"
"building:9312","축융·마감대","player-composable-part","Crafting (제작)","시설의 고유 역할은 생산 작업대이다. 건설에는 작업량 249, 재료 material:lumber×6, material:iron-ingot×3이 필요하다.","이 파츠의 공정에 작업대·중간재·장인 시간을 묶어 다른 제작·수리 주문을 늦춘다","비교 후보(대체 가능성 미검증): BuildingSO:building:9827, BuildingSO:building:1094, BuildingSO:building:8801, BuildingSO:building:8802, BuildingSO:building:8803, BuildingSO:building:8804, BuildingSO:building:8805, BuildingSO:building:8806, BuildingSO:building:8807, BuildingSO:building:8808, BuildingSO:building:8809, BuildingSO:building:8900 외 101개","구조·동선·필요 재료·작업자와 연결되고 실제 주문이 배정될 때 기능을 인정한다","이 파츠가 포함된 방 또는 운영 구역에서 실제 주문·서비스·생산·보안·연구·거래 중 하나가 완료된 기록","주문을 중지하고 잔여 물자를 회수한 뒤 파츠를 해체·운반·청소·재조립한다","설계 확정; source comparison candidates는 정적 후보이므로 실제 대체성·BOM·처리량·저장 검증 OPEN"
"building:9313","동력 방적기","player-composable-part","Crafting (제작)","시설의 고유 역할은 생산 작업대이다. 건설에는 작업량 342, 재료 material:steel-ingot×4, component:machine-parts×3, material:lumber×2이 필요하다.","이 파츠의 공정에 작업대·중간재·장인 시간을 묶어 다른 제작·수리 주문을 늦춘다","비교 후보(대체 가능성 미검증): BuildingSO:building:9827, BuildingSO:building:1094, BuildingSO:building:8801, BuildingSO:building:8802, BuildingSO:building:8803, BuildingSO:building:8804, BuildingSO:building:8805, BuildingSO:building:8806, BuildingSO:building:8807, BuildingSO:building:8808, BuildingSO:building:8809, BuildingSO:building:8900 외 101개","구조·동선·필요 재료·작업자와 연결되고 실제 주문이 배정될 때 기능을 인정한다","이 파츠가 포함된 방 또는 운영 구역에서 실제 주문·서비스·생산·보안·연구·거래 중 하나가 완료된 기록","주문을 중지하고 잔여 물자를 회수한 뒤 파츠를 해체·운반·청소·재조립한다","설계 확정; source comparison candidates는 정적 후보이므로 실제 대체성·BOM·처리량·저장 검증 OPEN"
"building:9314","동력 직조기","player-composable-part","Crafting (제작)","시설의 고유 역할은 생산 작업대이다. 건설에는 작업량 342, 재료 material:steel-ingot×4, component:machine-parts×3, material:lumber×2이 필요하다.","이 파츠의 공정에 작업대·중간재·장인 시간을 묶어 다른 제작·수리 주문을 늦춘다","비교 후보(대체 가능성 미검증): BuildingSO:building:9827, BuildingSO:building:1094, BuildingSO:building:8801, BuildingSO:building:8802, BuildingSO:building:8803, BuildingSO:building:8804, BuildingSO:building:8805, BuildingSO:building:8806, BuildingSO:building:8807, BuildingSO:building:8808, BuildingSO:building:8809, BuildingSO:building:8900 외 101개","구조·동선·필요 재료·작업자와 연결되고 실제 주문이 배정될 때 기능을 인정한다","이 파츠가 포함된 방 또는 운영 구역에서 실제 주문·서비스·생산·보안·연구·거래 중 하나가 완료된 기록","주문을 중지하고 잔여 물자를 회수한 뒤 파츠를 해체·운반·청소·재조립한다","설계 확정; source comparison candidates는 정적 후보이므로 실제 대체성·BOM·처리량·저장 검증 OPEN"
"building:9501","응급 처치대","player-composable-part","Crafting (제작)","시설의 고유 역할은 내부 공정 재고, 진료와 치료이다. 건설에는 작업량 809, 재료 material:lumber×5이 필요하다.","이 파츠의 공정에 작업대·중간재·장인 시간을 묶어 다른 제작·수리 주문을 늦춘다","비교 후보(대체 가능성 미검증): BuildingSO:building:9503, BuildingSO:building:9507, BuildingSO:building:9509, BuildingSO:building:9511","구조·동선·필요 재료·작업자와 연결되고 실제 주문이 배정될 때 기능을 인정한다","이 파츠가 포함된 방 또는 운영 구역에서 실제 주문·서비스·생산·보안·연구·거래 중 하나가 완료된 기록","주문을 중지하고 잔여 물자를 회수한 뒤 파츠를 해체·운반·청소·재조립한다","설계 확정; source comparison candidates는 정적 후보이므로 실제 대체성·BOM·처리량·저장 검증 OPEN"
"building:9502","해부대","player-composable-part","Crafting (제작)","시설의 고유 역할은 내부 공정 재고이다. 건설에는 작업량 809, 재료 material:lumber×6이 필요하다.","이 파츠의 공정에 작업대·중간재·장인 시간을 묶어 다른 제작·수리 주문을 늦춘다","비교 후보(대체 가능성 미검증): BuildingSO:building:6, BuildingSO:building:9504, BuildingSO:building:12, BuildingSO:building:10, BuildingSO:building:11, BuildingSO:building:18, BuildingSO:building:13, BuildingSO:building:5","구조·동선·필요 재료·작업자와 연결되고 실제 주문이 배정될 때 기능을 인정한다","이 파츠가 포함된 방 또는 운영 구역에서 실제 주문·서비스·생산·보안·연구·거래 중 하나가 완료된 기록","주문을 중지하고 잔여 물자를 회수한 뒤 파츠를 해체·운반·청소·재조립한다","설계 확정; source comparison candidates는 정적 후보이므로 실제 대체성·BOM·처리량·저장 검증 OPEN"
"building:9503","외과 수술대","player-composable-part","Crafting (제작)","시설의 고유 역할은 내부 공정 재고, 진료와 치료이다. 건설에는 작업량 971, 재료 material:lumber×11이 필요하다.","이 파츠의 공정에 작업대·중간재·장인 시간을 묶어 다른 제작·수리 주문을 늦춘다","비교 후보(대체 가능성 미검증): BuildingSO:building:9501, BuildingSO:building:9507, BuildingSO:building:9509, BuildingSO:building:9511","구조·동선·필요 재료·작업자와 연결되고 실제 주문이 배정될 때 기능을 인정한다","이 파츠가 포함된 방 또는 운영 구역에서 실제 주문·서비스·생산·보안·연구·거래 중 하나가 완료된 기록","주문을 중지하고 잔여 물자를 회수한 뒤 파츠를 해체·운반·청소·재조립한다","설계 확정; source comparison candidates는 정적 후보이므로 실제 대체성·BOM·처리량·저장 검증 OPEN"
"building:9504","세정대","player-composable-part","Crafting (제작)","시설의 고유 역할은 내부 공정 재고이다. 건설에는 작업량 620, 재료 material:lumber×5이 필요하다.","이 파츠의 공정에 작업대·중간재·장인 시간을 묶어 다른 제작·수리 주문을 늦춘다","비교 후보(대체 가능성 미검증): BuildingSO:building:6, BuildingSO:building:9502, BuildingSO:building:12, BuildingSO:building:10, BuildingSO:building:11, BuildingSO:building:18, BuildingSO:building:13, BuildingSO:building:5","구조·동선·필요 재료·작업자와 연결되고 실제 주문이 배정될 때 기능을 인정한다","이 파츠가 포함된 방 또는 운영 구역에서 실제 주문·서비스·생산·보안·연구·거래 중 하나가 완료된 기록","주문을 중지하고 잔여 물자를 회수한 뒤 파츠를 해체·운반·청소·재조립한다","설계 확정; source comparison candidates는 정적 후보이므로 실제 대체성·BOM·처리량·저장 검증 OPEN"
"building:9505","마취 장치","player-composable-part","Crafting (제작)","시설의 고유 역할은 연료 소비, 내부 공정 재고이다. 건설에는 작업량 657, 재료 material:steel-ingot×5이 필요하다.","이 파츠의 공정에 작업대·중간재·장인 시간을 묶어 다른 제작·수리 주문을 늦춘다","비교 후보(대체 가능성 미검증): BuildingSO:building:9510, BuildingSO:building:9513","구조·동선·필요 재료·작업자와 연결되고 실제 주문이 배정될 때 기능을 인정한다","이 파츠가 포함된 방 또는 운영 구역에서 실제 주문·서비스·생산·보안·연구·거래 중 하나가 완료된 기록","주문을 중지하고 잔여 물자를 회수한 뒤 파츠를 해체·운반·청소·재조립한다","설계 확정; source comparison candidates는 정적 후보이므로 실제 대체성·BOM·처리량·저장 검증 OPEN"
"building:9506","보철 조립대","player-composable-part","Crafting (제작)","시설의 고유 역할은 내부 공정 재고, 생산 작업대이다. 건설에는 작업량 855, 재료 material:steel-ingot×6이 필요하다.","이 파츠의 공정에 작업대·중간재·장인 시간을 묶어 다른 제작·수리 주문을 늦춘다","동일 비교군 없음","구조·동선·필요 재료·작업자와 연결되고 실제 주문이 배정될 때 기능을 인정한다","이 파츠가 포함된 방 또는 운영 구역에서 실제 주문·서비스·생산·보안·연구·거래 중 하나가 완료된 기록","주문을 중지하고 잔여 물자를 회수한 뒤 파츠를 해체·운반·청소·재조립한다","설계 확정; source comparison candidates는 정적 후보이므로 실제 대체성·BOM·처리량·저장 검증 OPEN"
"building:9507","재활 보조대","player-composable-part","Crafting (제작)","시설의 고유 역할은 내부 공정 재고, 진료와 치료이다. 건설에는 작업량 637, 재료 material:steel-ingot×6이 필요하다.","이 파츠의 공정에 작업대·중간재·장인 시간을 묶어 다른 제작·수리 주문을 늦춘다","비교 후보(대체 가능성 미검증): BuildingSO:building:9501, BuildingSO:building:9503, BuildingSO:building:9509, BuildingSO:building:9511","구조·동선·필요 재료·작업자와 연결되고 실제 주문이 배정될 때 기능을 인정한다","이 파츠가 포함된 방 또는 운영 구역에서 실제 주문·서비스·생산·보안·연구·거래 중 하나가 완료된 기록","주문을 중지하고 잔여 물자를 회수한 뒤 파츠를 해체·운반·청소·재조립한다","설계 확정; source comparison candidates는 정적 후보이므로 실제 대체성·BOM·처리량·저장 검증 OPEN"
"building:9508","장기 보관함","player-composable-part","Crafting (제작)","시설의 고유 역할은 연료 소비, 내부 공정 재고, 재고 보관이다. 건설에는 작업량 657, 재료 material:steel-ingot×7이 필요하다.","이 파츠의 공정에 작업대·중간재·장인 시간을 묶어 다른 제작·수리 주문을 늦춘다","동일 비교군 없음","구조·동선·필요 재료·작업자와 연결되고 실제 주문이 배정될 때 기능을 인정한다","이 파츠가 포함된 방 또는 운영 구역에서 실제 주문·서비스·생산·보안·연구·거래 중 하나가 완료된 기록","주문을 중지하고 잔여 물자를 회수한 뒤 파츠를 해체·운반·청소·재조립한다","설계 확정; source comparison candidates는 정적 후보이므로 실제 대체성·BOM·처리량·저장 검증 OPEN"
"building:9509","순환 이식대","player-composable-part","Crafting (제작)","시설의 고유 역할은 내부 공정 재고, 진료와 치료이다. 건설에는 작업량 1053, 재료 material:steel-ingot×11이 필요하다.","이 파츠의 공정에 작업대·중간재·장인 시간을 묶어 다른 제작·수리 주문을 늦춘다","비교 후보(대체 가능성 미검증): BuildingSO:building:9501, BuildingSO:building:9503, BuildingSO:building:9507, BuildingSO:building:9511","구조·동선·필요 재료·작업자와 연결되고 실제 주문이 배정될 때 기능을 인정한다","이 파츠가 포함된 방 또는 운영 구역에서 실제 주문·서비스·생산·보안·연구·거래 중 하나가 완료된 기록","주문을 중지하고 잔여 물자를 회수한 뒤 파츠를 해체·운반·청소·재조립한다","설계 확정; source comparison candidates는 정적 후보이므로 실제 대체성·BOM·처리량·저장 검증 OPEN"
"building:9510","면역 조절기","player-composable-part","Crafting (제작)","시설의 고유 역할은 연료 소비, 내부 공정 재고이다. 건설에는 작업량 657, 재료 material:steel-ingot×9이 필요하다.","이 파츠의 공정에 작업대·중간재·장인 시간을 묶어 다른 제작·수리 주문을 늦춘다","비교 후보(대체 가능성 미검증): BuildingSO:building:9505, BuildingSO:building:9513","구조·동선·필요 재료·작업자와 연결되고 실제 주문이 배정될 때 기능을 인정한다","이 파츠가 포함된 방 또는 운영 구역에서 실제 주문·서비스·생산·보안·연구·거래 중 하나가 완료된 기록","주문을 중지하고 잔여 물자를 회수한 뒤 파츠를 해체·운반·청소·재조립한다","설계 확정; source comparison candidates는 정적 후보이므로 실제 대체성·BOM·처리량·저장 검증 OPEN"
"building:9511","격리 회복 침상","player-composable-part","Crafting (제작)","시설의 고유 역할은 내부 공정 재고, 진료와 치료이다. 건설에는 작업량 855, 재료 material:steel-ingot×8이 필요하다.","이 파츠의 공정에 작업대·중간재·장인 시간을 묶어 다른 제작·수리 주문을 늦춘다","비교 후보(대체 가능성 미검증): BuildingSO:building:9501, BuildingSO:building:9503, BuildingSO:building:9507, BuildingSO:building:9509","구조·동선·필요 재료·작업자와 연결되고 실제 주문이 배정될 때 기능을 인정한다","이 파츠가 포함된 방 또는 운영 구역에서 실제 주문·서비스·생산·보안·연구·거래 중 하나가 완료된 기록","주문을 중지하고 잔여 물자를 회수한 뒤 파츠를 해체·운반·청소·재조립한다","설계 확정; source comparison candidates는 정적 후보이므로 실제 대체성·BOM·처리량·저장 검증 OPEN"
"building:9512","비전 개조대","player-composable-part","Crafting (제작)","시설의 고유 역할은 연료 소비, 내부 공정 재고, 진료와 치료이다. 건설에는 작업량 1422, 재료 component:rune-conductor×20이 필요하다.","이 파츠의 공정에 작업대·중간재·장인 시간을 묶어 다른 제작·수리 주문을 늦춘다","동일 비교군 없음","구조·동선·필요 재료·작업자와 연결되고 실제 주문이 배정될 때 기능을 인정한다","이 파츠가 포함된 방 또는 운영 구역에서 실제 주문·서비스·생산·보안·연구·거래 중 하나가 완료된 기록","주문을 중지하고 잔여 물자를 회수한 뒤 파츠를 해체·운반·청소·재조립한다","설계 확정; source comparison candidates는 정적 후보이므로 실제 대체성·BOM·처리량·저장 검증 OPEN"
"building:9513","룬 봉합기","player-composable-part","Crafting (제작)","시설의 고유 역할은 연료 소비, 내부 공정 재고이다. 건설에는 작업량 738, 재료 component:rune-conductor×11이 필요하다.","이 파츠의 공정에 작업대·중간재·장인 시간을 묶어 다른 제작·수리 주문을 늦춘다","비교 후보(대체 가능성 미검증): BuildingSO:building:9505, BuildingSO:building:9510","구조·동선·필요 재료·작업자와 연결되고 실제 주문이 배정될 때 기능을 인정한다","이 파츠가 포함된 방 또는 운영 구역에서 실제 주문·서비스·생산·보안·연구·거래 중 하나가 완료된 기록","주문을 중지하고 잔여 물자를 회수한 뒤 파츠를 해체·운반·청소·재조립한다","설계 확정; source comparison candidates는 정적 후보이므로 실제 대체성·BOM·처리량·저장 검증 OPEN"
"building:9601","목재 바리케이드","player-composable-part","Special (특수)","시설 동작은 BuildingCoverAbility, BuildingEconomyAbility, BuildingFacilityAbility, BuildingWorkAmountAbility 모듈로 구성된다. 건설에는 작업량 476, 재료 material:lumber×5이 필요하다.","이 특수 기능 파츠에 공간·보안 또는 서비스 노동·유지 자원을 배정해 다른 방 기능의 확장을 늦춘다","비교 후보(대체 가능성 미검증): BuildingSO:building:1206, BuildingSO:building:1203, BuildingSO:building:1205, BuildingSO:building:1207, BuildingSO:building:1208, BuildingSO:building:1209, BuildingSO:building:1201, BuildingSO:building:9602, BuildingSO:building:9603, BuildingSO:building:1058, BuildingSO:building:1061, BuildingSO:building:1024 외 30개","필요 구조·동선·대상·작업자와 실제 기능 실행 기록이 결속될 때 기능을 인정한다","이 파츠가 포함된 방 또는 운영 구역에서 실제 주문·서비스·생산·보안·연구·거래 중 하나가 완료된 기록","대상과 진행 작업을 안전하게 해제하고 파츠를 해체·운반·청소해 다른 기능으로 재구성한다","설계 확정; source comparison candidates는 정적 후보이므로 실제 대체성·BOM·처리량·저장 검증 OPEN"
"building:9602","자루 방책","player-composable-part","Special (특수)","시설 동작은 BuildingCoverAbility, BuildingEconomyAbility, BuildingFacilityAbility, BuildingWorkAmountAbility 모듈로 구성된다. 건설에는 작업량 458, 재료 material:cloth×6이 필요하다.","이 특수 기능 파츠에 공간·보안 또는 서비스 노동·유지 자원을 배정해 다른 방 기능의 확장을 늦춘다","비교 후보(대체 가능성 미검증): BuildingSO:building:1206, BuildingSO:building:1203, BuildingSO:building:1205, BuildingSO:building:1207, BuildingSO:building:1208, BuildingSO:building:1209, BuildingSO:building:1201, BuildingSO:building:9601, BuildingSO:building:9603, BuildingSO:building:1058, BuildingSO:building:1061, BuildingSO:building:1024 외 30개","필요 구조·동선·대상·작업자와 실제 기능 실행 기록이 결속될 때 기능을 인정한다","이 파츠가 포함된 방 또는 운영 구역에서 실제 주문·서비스·생산·보안·연구·거래 중 하나가 완료된 기록","대상과 진행 작업을 안전하게 해제하고 파츠를 해체·운반·청소해 다른 기능으로 재구성한다","설계 확정; source comparison candidates는 정적 후보이므로 실제 대체성·BOM·처리량·저장 검증 OPEN"
"building:9603","화살막이","player-composable-part","Special (특수)","시설 동작은 BuildingCoverAbility, BuildingEconomyAbility, BuildingFacilityAbility, BuildingWorkAmountAbility 모듈로 구성된다. 건설에는 작업량 463, 재료 material:lumber×8이 필요하다.","이 특수 기능 파츠에 공간·보안 또는 서비스 노동·유지 자원을 배정해 다른 방 기능의 확장을 늦춘다","비교 후보(대체 가능성 미검증): BuildingSO:building:1206, BuildingSO:building:1203, BuildingSO:building:1205, BuildingSO:building:1207, BuildingSO:building:1208, BuildingSO:building:1209, BuildingSO:building:1201, BuildingSO:building:9601, BuildingSO:building:9602, BuildingSO:building:1058, BuildingSO:building:1061, BuildingSO:building:1024 외 30개","필요 구조·동선·대상·작업자와 실제 기능 실행 기록이 결속될 때 기능을 인정한다","이 파츠가 포함된 방 또는 운영 구역에서 실제 주문·서비스·생산·보안·연구·거래 중 하나가 완료된 기록","대상과 진행 작업을 안전하게 해제하고 파츠를 해체·운반·청소해 다른 기능으로 재구성한다","설계 확정; source comparison candidates는 정적 후보이므로 실제 대체성·BOM·처리량·저장 검증 OPEN"
"building:9823","샤워 시설","player-composable-part","Special (특수)","시설의 고유 역할은 욕구 회복이다. 건설에는 작업량 389, 재료 material:stone-block×3, material:iron-ingot×2, component:machine-parts×2이 필요하다.","이 특수 기능 파츠에 공간·보안 또는 서비스 노동·유지 자원을 배정해 다른 방 기능의 확장을 늦춘다","비교 후보(대체 가능성 미검증): BuildingSO:building:1057, BuildingSO:building:1023","필요 구조·동선·대상·작업자와 실제 기능 실행 기록이 결속될 때 기능을 인정한다","이 파츠가 포함된 방 또는 운영 구역에서 실제 주문·서비스·생산·보안·연구·거래 중 하나가 완료된 기록","대상과 진행 작업을 안전하게 해제하고 파츠를 해체·운반·청소해 다른 기능으로 재구성한다","설계 확정; source comparison candidates는 정적 후보이므로 실제 대체성·BOM·처리량·저장 검증 OPEN"
"building:9840","컨베이어 우향","player-composable-part","Production (생산)","시설의 고유 역할은 컨베이어 운송, 전력 소비이다. 건설에는 작업량 618, 재료 material:steel-ingot×4, material:iron-ingot×3, component:machine-parts×1이 필요하다.","이 생산·저장·물류 파츠에 공간·운반·필요 기반망을 집중해 다른 처리선의 확장을 늦춘다","비교 후보(대체 가능성 미검증): BuildingSO:building:9843, BuildingSO:building:9841, BuildingSO:building:9842, BuildingSO:building:9846, BuildingSO:building:9847, BuildingSO:building:9848, BuildingSO:building:9849, BuildingSO:building:9850, BuildingSO:building:9851, BuildingSO:building:9852","입출력 경로·동선·필요 기반망과 실제 생산 또는 운반 주문이 연결될 때 기능을 인정한다","이 파츠가 포함된 방 또는 운영 구역에서 실제 주문·서비스·생산·보안·연구·거래 중 하나가 완료된 기록","진행 중인 입출력을 정리하고 파츠를 해체·운반·청소한 뒤 다른 생산선으로 재조립한다","설계 확정; source comparison candidates는 정적 후보이므로 실제 대체성·BOM·처리량·저장 검증 OPEN"
"building:9841","컨베이어 좌향","player-composable-part","Production (생산)","시설의 고유 역할은 컨베이어 운송, 전력 소비이다. 건설에는 작업량 618, 재료 material:steel-ingot×4, material:iron-ingot×3, component:machine-parts×1이 필요하다.","이 생산·저장·물류 파츠에 공간·운반·필요 기반망을 집중해 다른 처리선의 확장을 늦춘다","비교 후보(대체 가능성 미검증): BuildingSO:building:9843, BuildingSO:building:9840, BuildingSO:building:9842, BuildingSO:building:9846, BuildingSO:building:9847, BuildingSO:building:9848, BuildingSO:building:9849, BuildingSO:building:9850, BuildingSO:building:9851, BuildingSO:building:9852","입출력 경로·동선·필요 기반망과 실제 생산 또는 운반 주문이 연결될 때 기능을 인정한다","이 파츠가 포함된 방 또는 운영 구역에서 실제 주문·서비스·생산·보안·연구·거래 중 하나가 완료된 기록","진행 중인 입출력을 정리하고 파츠를 해체·운반·청소한 뒤 다른 생산선으로 재조립한다","설계 확정; source comparison candidates는 정적 후보이므로 실제 대체성·BOM·처리량·저장 검증 OPEN"
"building:9842","컨베이어 상향","player-composable-part","Production (생산)","시설의 고유 역할은 컨베이어 운송, 전력 소비이다. 건설에는 작업량 618, 재료 material:steel-ingot×4, material:iron-ingot×3, component:machine-parts×1이 필요하다.","이 생산·저장·물류 파츠에 공간·운반·필요 기반망을 집중해 다른 처리선의 확장을 늦춘다","비교 후보(대체 가능성 미검증): BuildingSO:building:9843, BuildingSO:building:9841, BuildingSO:building:9840, BuildingSO:building:9846, BuildingSO:building:9847, BuildingSO:building:9848, BuildingSO:building:9849, BuildingSO:building:9850, BuildingSO:building:9851, BuildingSO:building:9852","입출력 경로·동선·필요 기반망과 실제 생산 또는 운반 주문이 연결될 때 기능을 인정한다","이 파츠가 포함된 방 또는 운영 구역에서 실제 주문·서비스·생산·보안·연구·거래 중 하나가 완료된 기록","진행 중인 입출력을 정리하고 파츠를 해체·운반·청소한 뒤 다른 생산선으로 재조립한다","설계 확정; source comparison candidates는 정적 후보이므로 실제 대체성·BOM·처리량·저장 검증 OPEN"
"building:9843","컨베이어 하향","player-composable-part","Production (생산)","시설의 고유 역할은 컨베이어 운송, 전력 소비이다. 건설에는 작업량 618, 재료 material:steel-ingot×4, material:iron-ingot×3, component:machine-parts×1이 필요하다.","이 생산·저장·물류 파츠에 공간·운반·필요 기반망을 집중해 다른 처리선의 확장을 늦춘다","비교 후보(대체 가능성 미검증): BuildingSO:building:9841, BuildingSO:building:9840, BuildingSO:building:9842, BuildingSO:building:9846, BuildingSO:building:9847, BuildingSO:building:9848, BuildingSO:building:9849, BuildingSO:building:9850, BuildingSO:building:9851, BuildingSO:building:9852","입출력 경로·동선·필요 기반망과 실제 생산 또는 운반 주문이 연결될 때 기능을 인정한다","이 파츠가 포함된 방 또는 운영 구역에서 실제 주문·서비스·생산·보안·연구·거래 중 하나가 완료된 기록","진행 중인 입출력을 정리하고 파츠를 해체·운반·청소한 뒤 다른 생산선으로 재조립한다","설계 확정; source comparison candidates는 정적 후보이므로 실제 대체성·BOM·처리량·저장 검증 OPEN"
"building:9844","컨베이어 입력기","player-composable-part","Production (생산)","시설의 고유 역할은 물류 입출력, 컨베이어 운송, 전력 소비이다. 건설에는 작업량 618, 재료 material:steel-ingot×4, material:iron-ingot×3, component:machine-parts×1이 필요하다.","이 생산·저장·물류 파츠에 공간·운반·필요 기반망을 집중해 다른 처리선의 확장을 늦춘다","비교 후보(대체 가능성 미검증): BuildingSO:building:9845","입출력 경로·동선·필요 기반망과 실제 생산 또는 운반 주문이 연결될 때 기능을 인정한다","이 파츠가 포함된 방 또는 운영 구역에서 실제 주문·서비스·생산·보안·연구·거래 중 하나가 완료된 기록","진행 중인 입출력을 정리하고 파츠를 해체·운반·청소한 뒤 다른 생산선으로 재조립한다","설계 확정; source comparison candidates는 정적 후보이므로 실제 대체성·BOM·처리량·저장 검증 OPEN"
"building:9845","컨베이어 출력기","player-composable-part","Production (생산)","시설의 고유 역할은 물류 입출력, 컨베이어 운송, 전력 소비이다. 건설에는 작업량 618, 재료 material:steel-ingot×4, material:iron-ingot×3, component:machine-parts×1이 필요하다.","이 생산·저장·물류 파츠에 공간·운반·필요 기반망을 집중해 다른 처리선의 확장을 늦춘다","비교 후보(대체 가능성 미검증): BuildingSO:building:9844","입출력 경로·동선·필요 기반망과 실제 생산 또는 운반 주문이 연결될 때 기능을 인정한다","이 파츠가 포함된 방 또는 운영 구역에서 실제 주문·서비스·생산·보안·연구·거래 중 하나가 완료된 기록","진행 중인 입출력을 정리하고 파츠를 해체·운반·청소한 뒤 다른 생산선으로 재조립한다","설계 확정; source comparison candidates는 정적 후보이므로 실제 대체성·BOM·처리량·저장 검증 OPEN"
"building:9846","컨베이어 분배기","player-composable-part","Production (생산)","시설의 고유 역할은 컨베이어 운송, 전력 소비이다. 건설에는 작업량 618, 재료 material:steel-ingot×4, material:iron-ingot×3, component:machine-parts×1이 필요하다.","이 생산·저장·물류 파츠에 공간·운반·필요 기반망을 집중해 다른 처리선의 확장을 늦춘다","비교 후보(대체 가능성 미검증): BuildingSO:building:9843, BuildingSO:building:9841, BuildingSO:building:9840, BuildingSO:building:9842, BuildingSO:building:9847, BuildingSO:building:9848, BuildingSO:building:9849, BuildingSO:building:9850, BuildingSO:building:9851, BuildingSO:building:9852","입출력 경로·동선·필요 기반망과 실제 생산 또는 운반 주문이 연결될 때 기능을 인정한다","이 파츠가 포함된 방 또는 운영 구역에서 실제 주문·서비스·생산·보안·연구·거래 중 하나가 완료된 기록","진행 중인 입출력을 정리하고 파츠를 해체·운반·청소한 뒤 다른 생산선으로 재조립한다","설계 확정; source comparison candidates는 정적 후보이므로 실제 대체성·BOM·처리량·저장 검증 OPEN"
"building:9847","컨베이어 합류기","player-composable-part","Production (생산)","시설의 고유 역할은 컨베이어 운송, 전력 소비이다. 건설에는 작업량 618, 재료 material:steel-ingot×4, material:iron-ingot×3, component:machine-parts×1이 필요하다.","이 생산·저장·물류 파츠에 공간·운반·필요 기반망을 집중해 다른 처리선의 확장을 늦춘다","비교 후보(대체 가능성 미검증): BuildingSO:building:9843, BuildingSO:building:9841, BuildingSO:building:9840, BuildingSO:building:9842, BuildingSO:building:9846, BuildingSO:building:9848, BuildingSO:building:9849, BuildingSO:building:9850, BuildingSO:building:9851, BuildingSO:building:9852","입출력 경로·동선·필요 기반망과 실제 생산 또는 운반 주문이 연결될 때 기능을 인정한다","이 파츠가 포함된 방 또는 운영 구역에서 실제 주문·서비스·생산·보안·연구·거래 중 하나가 완료된 기록","진행 중인 입출력을 정리하고 파츠를 해체·운반·청소한 뒤 다른 생산선으로 재조립한다","설계 확정; source comparison candidates는 정적 후보이므로 실제 대체성·BOM·처리량·저장 검증 OPEN"
"building:9848","컨베이어 필터","player-composable-part","Production (생산)","시설의 고유 역할은 컨베이어 운송, 전력 소비이다. 건설에는 작업량 618, 재료 material:steel-ingot×4, material:iron-ingot×3, component:machine-parts×1이 필요하다.","이 생산·저장·물류 파츠에 공간·운반·필요 기반망을 집중해 다른 처리선의 확장을 늦춘다","비교 후보(대체 가능성 미검증): BuildingSO:building:9843, BuildingSO:building:9841, BuildingSO:building:9840, BuildingSO:building:9842, BuildingSO:building:9846, BuildingSO:building:9847, BuildingSO:building:9849, BuildingSO:building:9850, BuildingSO:building:9851, BuildingSO:building:9852","입출력 경로·동선·필요 기반망과 실제 생산 또는 운반 주문이 연결될 때 기능을 인정한다","이 파츠가 포함된 방 또는 운영 구역에서 실제 주문·서비스·생산·보안·연구·거래 중 하나가 완료된 기록","진행 중인 입출력을 정리하고 파츠를 해체·운반·청소한 뒤 다른 생산선으로 재조립한다","설계 확정; source comparison candidates는 정적 후보이므로 실제 대체성·BOM·처리량·저장 검증 OPEN"
"building:9849","우선순위 게이트","player-composable-part","Production (생산)","시설의 고유 역할은 컨베이어 운송, 전력 소비이다. 건설에는 작업량 618, 재료 material:steel-ingot×4, material:iron-ingot×3, component:machine-parts×1이 필요하다.","이 생산·저장·물류 파츠에 공간·운반·필요 기반망을 집중해 다른 처리선의 확장을 늦춘다","비교 후보(대체 가능성 미검증): BuildingSO:building:9843, BuildingSO:building:9841, BuildingSO:building:9840, BuildingSO:building:9842, BuildingSO:building:9846, BuildingSO:building:9847, BuildingSO:building:9848, BuildingSO:building:9850, BuildingSO:building:9851, BuildingSO:building:9852","입출력 경로·동선·필요 기반망과 실제 생산 또는 운반 주문이 연결될 때 기능을 인정한다","이 파츠가 포함된 방 또는 운영 구역에서 실제 주문·서비스·생산·보안·연구·거래 중 하나가 완료된 기록","진행 중인 입출력을 정리하고 파츠를 해체·운반·청소한 뒤 다른 생산선으로 재조립한다","설계 확정; source comparison candidates는 정적 후보이므로 실제 대체성·BOM·처리량·저장 검증 OPEN"
"building:9850","층간 물류 리프트","player-composable-part","Production (생산)","시설의 고유 역할은 컨베이어 운송, 전력 소비이다. 건설에는 작업량 618, 재료 material:steel-ingot×4, material:iron-ingot×3, component:machine-parts×1이 필요하다.","이 생산·저장·물류 파츠에 공간·운반·필요 기반망을 집중해 다른 처리선의 확장을 늦춘다","비교 후보(대체 가능성 미검증): BuildingSO:building:9843, BuildingSO:building:9841, BuildingSO:building:9840, BuildingSO:building:9842, BuildingSO:building:9846, BuildingSO:building:9847, BuildingSO:building:9848, BuildingSO:building:9849, BuildingSO:building:9851, BuildingSO:building:9852","입출력 경로·동선·필요 기반망과 실제 생산 또는 운반 주문이 연결될 때 기능을 인정한다","이 파츠가 포함된 방 또는 운영 구역에서 실제 주문·서비스·생산·보안·연구·거래 중 하나가 완료된 기록","진행 중인 입출력을 정리하고 파츠를 해체·운반·청소한 뒤 다른 생산선으로 재조립한다","설계 확정; source comparison candidates는 정적 후보이므로 실제 대체성·BOM·처리량·저장 검증 OPEN"
"building:9851","오버플로 배출 게이트","player-composable-part","Production (생산)","시설의 고유 역할은 컨베이어 운송, 전력 소비이다. 건설에는 작업량 927, 재료 material:steel-ingot×3, material:iron-ingot×2, component:machine-parts×1, component:precision-parts×1이 필요하다.","이 생산·저장·물류 파츠에 공간·운반·필요 기반망을 집중해 다른 처리선의 확장을 늦춘다","비교 후보(대체 가능성 미검증): BuildingSO:building:9843, BuildingSO:building:9841, BuildingSO:building:9840, BuildingSO:building:9842, BuildingSO:building:9846, BuildingSO:building:9847, BuildingSO:building:9848, BuildingSO:building:9849, BuildingSO:building:9850, BuildingSO:building:9852","입출력 경로·동선·필요 기반망과 실제 생산 또는 운반 주문이 연결될 때 기능을 인정한다","이 파츠가 포함된 방 또는 운영 구역에서 실제 주문·서비스·생산·보안·연구·거래 중 하나가 완료된 기록","진행 중인 입출력을 정리하고 파츠를 해체·운반·청소한 뒤 다른 생산선으로 재조립한다","설계 확정; source comparison candidates는 정적 후보이므로 실제 대체성·BOM·처리량·저장 검증 OPEN"
"building:9852","고속 컨베이어","player-composable-part","Production (생산)","시설의 고유 역할은 컨베이어 운송, 전력 소비이다. 건설에는 작업량 618, 재료 material:steel-ingot×4, material:iron-ingot×3, component:machine-parts×1이 필요하다.","이 생산·저장·물류 파츠에 공간·운반·필요 기반망을 집중해 다른 처리선의 확장을 늦춘다","비교 후보(대체 가능성 미검증): BuildingSO:building:9843, BuildingSO:building:9841, BuildingSO:building:9840, BuildingSO:building:9842, BuildingSO:building:9846, BuildingSO:building:9847, BuildingSO:building:9848, BuildingSO:building:9849, BuildingSO:building:9850, BuildingSO:building:9851","입출력 경로·동선·필요 기반망과 실제 생산 또는 운반 주문이 연결될 때 기능을 인정한다","이 파츠가 포함된 방 또는 운영 구역에서 실제 주문·서비스·생산·보안·연구·거래 중 하나가 완료된 기록","진행 중인 입출력을 정리하고 파츠를 해체·운반·청소한 뒤 다른 생산선으로 재조립한다","설계 확정; source comparison candidates는 정적 후보이므로 실제 대체성·BOM·처리량·저장 검증 OPEN"
"building:9961","금고각인 쇠뇌대","player-composable-part","Special (특수)","시설의 고유 역할은 방어 전투이다. 건설에는 작업량 792, 재료 material:stone-block×7, material:steel-ingot×5, component:machine-parts×2, component:rune-conductor×2, 외 1개이 필요하다.","이 특수 기능 파츠에 공간·보안 또는 서비스 노동·유지 자원을 배정해 다른 방 기능의 확장을 늦춘다","비교 후보(대체 가능성 미검증): BuildingSO:building:1801, BuildingSO:building:1800, BuildingSO:building:1804, BuildingSO:building:1805, BuildingSO:building:53, BuildingSO:building:54, BuildingSO:building:57, BuildingSO:building:32, BuildingSO:building:35, BuildingSO:building:34, BuildingSO:building:33, BuildingSO:building:31 외 4개","필요 구조·동선·대상·작업자와 실제 기능 실행 기록이 결속될 때 기능을 인정한다","이 파츠가 포함된 방 또는 운영 구역에서 실제 주문·서비스·생산·보안·연구·거래 중 하나가 완료된 기록","대상과 진행 작업을 안전하게 해제하고 파츠를 해체·운반·청소해 다른 기능으로 재구성한다","설계 확정; source comparison candidates는 정적 후보이므로 실제 대체성·BOM·처리량·저장 검증 OPEN"
"building:landmark:accord-hall","대협약 회당","player-landmark","Special (특수)","시설 동작은 BuildingStructuralIntegrityAbility, BuildingWorkAmountAbility 모듈로 구성된다. 건설에는 작업량 4121, 재료 material:treated-lumber×36, material:stone-block×18, material:steel-ingot×12, material:paper×12이 필요하다. V20 hand-authored milestone landmark.","이정표가 요구하는 장기 목표와 주변 운영을 선택하고, 같은 공간·재료·노동을 다른 시설군에 쓰는 선택을 늦춘다","비교 후보(대체 가능성 미검증): BuildingSO:building:1206, BuildingSO:building:1203, BuildingSO:building:1205, BuildingSO:building:1207, BuildingSO:building:1208, BuildingSO:building:1209, BuildingSO:building:1201, BuildingSO:building:9601, BuildingSO:building:9602, BuildingSO:building:9603, BuildingSO:building:1058, BuildingSO:building:1061 외 30개","이정표 조건·주변 접근·사용 이력을 만족할 때만 기능을 유지한다","이 파츠가 포함된 방 또는 운영 구역에서 실제 주문·서비스·생산·보안·연구·거래 중 하나가 완료된 기록","이정표는 일반 방으로 즉시 전환하지 않는다. 해체·운반·공간 복구와 이력 보존 규칙을 거친다","설계 확정; source comparison candidates는 정적 후보이므로 실제 대체성·BOM·처리량·저장 검증 OPEN"
"building:landmark:arcane-spire","비전 승천탑","player-landmark","Special (특수)","시설 동작은 BuildingStructuralIntegrityAbility, BuildingWorkAmountAbility 모듈로 구성된다. 건설에는 작업량 3714, 재료 material:stone-block×36, material:steel-ingot×27, component:rune-conductor×12, resource:mana-crystal×16, 외 1개이 필요하다. V20 hand-authored milestone landmark.","이정표가 요구하는 장기 목표와 주변 운영을 선택하고, 같은 공간·재료·노동을 다른 시설군에 쓰는 선택을 늦춘다","비교 후보(대체 가능성 미검증): BuildingSO:building:1206, BuildingSO:building:1203, BuildingSO:building:1205, BuildingSO:building:1207, BuildingSO:building:1208, BuildingSO:building:1209, BuildingSO:building:1201, BuildingSO:building:9601, BuildingSO:building:9602, BuildingSO:building:9603, BuildingSO:building:1058, BuildingSO:building:1061 외 30개","이정표 조건·주변 접근·사용 이력을 만족할 때만 기능을 유지한다","이 파츠가 포함된 방 또는 운영 구역에서 실제 주문·서비스·생산·보안·연구·거래 중 하나가 완료된 기록","이정표는 일반 방으로 즉시 전환하지 않는다. 해체·운반·공간 복구와 이력 보존 규칙을 거친다","설계 확정; source comparison candidates는 정적 후보이므로 실제 대체성·BOM·처리량·저장 검증 OPEN"
"building:landmark:lineage-vault","영원 계보전","player-landmark","Special (특수)","시설 동작은 BuildingStructuralIntegrityAbility, BuildingWorkAmountAbility 모듈로 구성된다. 건설에는 작업량 5526, 재료 material:stone-block×30, material:steel-ingot×16, component:precision-parts×8, component:rune-conductor×4이 필요하다. V20 hand-authored milestone landmark.","이정표가 요구하는 장기 목표와 주변 운영을 선택하고, 같은 공간·재료·노동을 다른 시설군에 쓰는 선택을 늦춘다","비교 후보(대체 가능성 미검증): BuildingSO:building:1206, BuildingSO:building:1203, BuildingSO:building:1205, BuildingSO:building:1207, BuildingSO:building:1208, BuildingSO:building:1209, BuildingSO:building:1201, BuildingSO:building:9601, BuildingSO:building:9602, BuildingSO:building:9603, BuildingSO:building:1058, BuildingSO:building:1061 외 30개","이정표 조건·주변 접근·사용 이력을 만족할 때만 기능을 유지한다","이 파츠가 포함된 방 또는 운영 구역에서 실제 주문·서비스·생산·보안·연구·거래 중 하나가 완료된 기록","이정표는 일반 방으로 즉시 전환하지 않는다. 해체·운반·공간 복구와 이력 보존 규칙을 거친다","설계 확정; source comparison candidates는 정적 후보이므로 실제 대체성·BOM·처리량·저장 검증 OPEN"
"building:landmark:sealed-garden","봉인 생태정원","player-landmark","Special (특수)","시설 동작은 BuildingStructuralIntegrityAbility, BuildingWorkAmountAbility 모듈로 구성된다. 건설에는 작업량 4155, 재료 material:treated-lumber×45, material:stone-block×27, resource:clean-water×24, component:machine-parts×9이 필요하다. V20 hand-authored milestone landmark.","이정표가 요구하는 장기 목표와 주변 운영을 선택하고, 같은 공간·재료·노동을 다른 시설군에 쓰는 선택을 늦춘다","비교 후보(대체 가능성 미검증): BuildingSO:building:1206, BuildingSO:building:1203, BuildingSO:building:1205, BuildingSO:building:1207, BuildingSO:building:1208, BuildingSO:building:1209, BuildingSO:building:1201, BuildingSO:building:9601, BuildingSO:building:9602, BuildingSO:building:9603, BuildingSO:building:1058, BuildingSO:building:1061 외 30개","이정표 조건·주변 접근·사용 이력을 만족할 때만 기능을 유지한다","이 파츠가 포함된 방 또는 운영 구역에서 실제 주문·서비스·생산·보안·연구·거래 중 하나가 완료된 기록","이정표는 일반 방으로 즉시 전환하지 않는다. 해체·운반·공간 복구와 이력 보존 규칙을 거친다","설계 확정; source comparison candidates는 정적 후보이므로 실제 대체성·BOM·처리량·저장 검증 OPEN"
"building:landmark:sovereign-citadel","주권 성채","player-landmark","Special (특수)","시설 동작은 BuildingStructuralIntegrityAbility, BuildingWorkAmountAbility 모듈로 구성된다. 건설에는 작업량 3654, 재료 material:stone-block×36, material:steel-ingot×27, component:machine-parts×8, component:prototype-package×4이 필요하다. V20 hand-authored milestone landmark.","이정표가 요구하는 장기 목표와 주변 운영을 선택하고, 같은 공간·재료·노동을 다른 시설군에 쓰는 선택을 늦춘다","비교 후보(대체 가능성 미검증): BuildingSO:building:1206, BuildingSO:building:1203, BuildingSO:building:1205, BuildingSO:building:1207, BuildingSO:building:1208, BuildingSO:building:1209, BuildingSO:building:1201, BuildingSO:building:9601, BuildingSO:building:9602, BuildingSO:building:9603, BuildingSO:building:1058, BuildingSO:building:1061 외 30개","이정표 조건·주변 접근·사용 이력을 만족할 때만 기능을 유지한다","이 파츠가 포함된 방 또는 운영 구역에서 실제 주문·서비스·생산·보안·연구·거래 중 하나가 완료된 기록","이정표는 일반 방으로 즉시 전환하지 않는다. 해체·운반·공간 복구와 이력 보존 규칙을 거친다","설계 확정; source comparison candidates는 정적 후보이므로 실제 대체성·BOM·처리량·저장 검증 OPEN"
"building:landmark:steel-colossus","강철 신격상","player-landmark","Special (특수)","시설 동작은 BuildingStructuralIntegrityAbility, BuildingWorkAmountAbility 모듈로 구성된다. 건설에는 작업량 5553, 재료 material:stone-block×32, material:steel-ingot×30, material:blacksteel-ingot×12, component:machine-parts×12, 외 1개이 필요하다. V20 hand-authored milestone landmark.","이정표가 요구하는 장기 목표와 주변 운영을 선택하고, 같은 공간·재료·노동을 다른 시설군에 쓰는 선택을 늦춘다","비교 후보(대체 가능성 미검증): BuildingSO:building:1206, BuildingSO:building:1203, BuildingSO:building:1205, BuildingSO:building:1207, BuildingSO:building:1208, BuildingSO:building:1209, BuildingSO:building:1201, BuildingSO:building:9601, BuildingSO:building:9602, BuildingSO:building:9603, BuildingSO:building:1058, BuildingSO:building:1061 외 30개","이정표 조건·주변 접근·사용 이력을 만족할 때만 기능을 유지한다","이 파츠가 포함된 방 또는 운영 구역에서 실제 주문·서비스·생산·보안·연구·거래 중 하나가 완료된 기록","이정표는 일반 방으로 즉시 전환하지 않는다. 해체·운반·공간 복구와 이력 보존 규칙을 거친다","설계 확정; source comparison candidates는 정적 후보이므로 실제 대체성·BOM·처리량·저장 검증 OPEN"
"building:landmark:surface-gate","지상 패권문","player-landmark","Special (특수)","시설 동작은 BuildingStructuralIntegrityAbility, BuildingWorkAmountAbility 모듈로 구성된다. 건설에는 작업량 3690, 재료 material:stone-block×30, material:steel-ingot×24, material:blacksteel-ingot×6, component:machine-parts×6이 필요하다. V20 hand-authored milestone landmark.","이정표가 요구하는 장기 목표와 주변 운영을 선택하고, 같은 공간·재료·노동을 다른 시설군에 쓰는 선택을 늦춘다","비교 후보(대체 가능성 미검증): BuildingSO:building:1206, BuildingSO:building:1203, BuildingSO:building:1205, BuildingSO:building:1207, BuildingSO:building:1208, BuildingSO:building:1209, BuildingSO:building:1201, BuildingSO:building:9601, BuildingSO:building:9602, BuildingSO:building:9603, BuildingSO:building:1058, BuildingSO:building:1061 외 30개","이정표 조건·주변 접근·사용 이력을 만족할 때만 기능을 유지한다","이 파츠가 포함된 방 또는 운영 구역에서 실제 주문·서비스·생산·보안·연구·거래 중 하나가 완료된 기록","이정표는 일반 방으로 즉시 전환하지 않는다. 해체·운반·공간 복구와 이력 보존 규칙을 거친다","설계 확정; source comparison candidates는 정적 후보이므로 실제 대체성·BOM·처리량·저장 검증 OPEN"
"building:landmark:temporal-sanctum","시간 고정 성소","player-landmark","Special (특수)","시설 동작은 BuildingStructuralIntegrityAbility, BuildingWorkAmountAbility 모듈로 구성된다. 건설에는 작업량 5553, 재료 material:stone-block×40, material:steel-ingot×20, component:precision-parts×10, component:rune-conductor×10, 외 1개이 필요하다. V20 hand-authored milestone landmark.","이정표가 요구하는 장기 목표와 주변 운영을 선택하고, 같은 공간·재료·노동을 다른 시설군에 쓰는 선택을 늦춘다","비교 후보(대체 가능성 미검증): BuildingSO:building:1206, BuildingSO:building:1203, BuildingSO:building:1205, BuildingSO:building:1207, BuildingSO:building:1208, BuildingSO:building:1209, BuildingSO:building:1201, BuildingSO:building:9601, BuildingSO:building:9602, BuildingSO:building:9603, BuildingSO:building:1058, BuildingSO:building:1061 외 30개","이정표 조건·주변 접근·사용 이력을 만족할 때만 기능을 유지한다","이 파츠가 포함된 방 또는 운영 구역에서 실제 주문·서비스·생산·보안·연구·거래 중 하나가 완료된 기록","이정표는 일반 방으로 즉시 전환하지 않는다. 해체·운반·공간 복구와 이력 보존 규칙을 거친다","설계 확정; source comparison candidates는 정적 후보이므로 실제 대체성·BOM·처리량·저장 검증 OPEN"
"building:landmark:truth-observatory","진실 관측소","player-landmark","Special (특수)","시설 동작은 BuildingStructuralIntegrityAbility, BuildingWorkAmountAbility 모듈로 구성된다. 건설에는 작업량 3660, 재료 material:stone-block×24, material:steel-ingot×12, component:precision-parts×9, component:prototype-package×4이 필요하다. V20 hand-authored milestone landmark.","이정표가 요구하는 장기 목표와 주변 운영을 선택하고, 같은 공간·재료·노동을 다른 시설군에 쓰는 선택을 늦춘다","비교 후보(대체 가능성 미검증): BuildingSO:building:1206, BuildingSO:building:1203, BuildingSO:building:1205, BuildingSO:building:1207, BuildingSO:building:1208, BuildingSO:building:1209, BuildingSO:building:1201, BuildingSO:building:9601, BuildingSO:building:9602, BuildingSO:building:9603, BuildingSO:building:1058, BuildingSO:building:1061 외 30개","이정표 조건·주변 접근·사용 이력을 만족할 때만 기능을 유지한다","이 파츠가 포함된 방 또는 운영 구역에서 실제 주문·서비스·생산·보안·연구·거래 중 하나가 완료된 기록","이정표는 일반 방으로 즉시 전환하지 않는다. 해체·운반·공간 복구와 이력 보존 규칙을 거친다","설계 확정; source comparison candidates는 정적 후보이므로 실제 대체성·BOM·처리량·저장 검증 OPEN"
