record_key,stable_id,field_path,raw_value,enum_type,enum_label,value_origin
AnatomyProfileSO|anatomy:avian,anatomy:avian,m_Name,anatomy_avian,,,explicit-serialized
AnatomyProfileSO|anatomy:avian,anatomy:avian,profileId,anatomy:avian,,,explicit-serialized
AnatomyProfileSO|anatomy:avian,anatomy:avian,displayName,조류형,,,explicit-serialized
AnatomyProfileSO|anatomy:avian,anatomy:avian,anatomyFamily,avian,,,explicit-serialized
AnatomyProfileSO|anatomy:avian,anatomy:avian,speciesIds.0,Harpy,,,explicit-serialized
AnatomyProfileSO|anatomy:avian,anatomy:avian,nodes.0.nodeId,head,,,explicit-serialized
AnatomyProfileSO|anatomy:avian,anatomy:avian,nodes.0.displayName,머리,,,explicit-serialized
AnatomyProfileSO|anatomy:avian,anatomy:avian,nodes.0.parentNodeId,,,,explicit-serialized
AnatomyProfileSO|anatomy:avian,anatomy:avian,nodes.0.kind,0,,,explicit-serialized
AnatomyProfileSO|anatomy:avian,anatomy:avian,nodes.0.functions,6,,,explicit-serialized
AnatomyProfileSO|anatomy:avian,anatomy:avian,nodes.0.maxHealth,15,,,explicit-serialized
AnatomyProfileSO|anatomy:avian,anatomy:avian,nodes.0.capacityWeight,0.35,,,explicit-serialized
AnatomyProfileSO|anatomy:avian,anatomy:avian,nodes.0.vital,1,,,explicit-serialized
AnatomyProfileSO|anatomy:avian,anatomy:avian,nodes.0.removable,0,,,explicit-serialized
AnatomyProfileSO|anatomy:avian,anatomy:avian,nodes.0.pairedGroupId,,,,explicit-serialized
AnatomyProfileSO|anatomy:avian,anatomy:avian,nodes.0.legacyBodyPart,0,,,explicit-serialized
AnatomyProfileSO|anatomy:avian,anatomy:avian,nodes.0.mapsToLegacyBodyPart,1,,,explicit-serialized
AnatomyProfileSO|anatomy:avian,anatomy:avian,nodes.1.nodeId,brain,,,explicit-serialized
AnatomyProfileSO|anatomy:avian,anatomy:avian,nodes.1.displayName,뇌,,,explicit-serialized
AnatomyProfileSO|anatomy:avian,anatomy:avian,nodes.1.parentNodeId,head,,,explicit-serialized
AnatomyProfileSO|anatomy:avian,anatomy:avian,nodes.1.kind,1,,,explicit-serialized
AnatomyProfileSO|anatomy:avian,anatomy:avian,nodes.1.functions,2,,,explicit-serialized
AnatomyProfileSO|anatomy:avian,anatomy:avian,nodes.1.maxHealth,10,,,explicit-serialized
AnatomyProfileSO|anatomy:avian,anatomy:avian,nodes.1.capacityWeight,0.7,,,explicit-serialized
AnatomyProfileSO|anatomy:avian,anatomy:avian,nodes.1.vital,1,,,explicit-serialized
AnatomyProfileSO|anatomy:avian,anatomy:avian,nodes.1.removable,0,,,explicit-serialized
AnatomyProfileSO|anatomy:avian,anatomy:avian,nodes.1.pairedGroupId,,,,explicit-serialized
AnatomyProfileSO|anatomy:avian,anatomy:avian,nodes.1.legacyBodyPart,0,,,explicit-serialized
AnatomyProfileSO|anatomy:avian,anatomy:avian,nodes.1.mapsToLegacyBodyPart,0,,,explicit-serialized
AnatomyProfileSO|anatomy:avian,anatomy:avian,nodes.2.nodeId,eye:left,,,explicit-serialized
AnatomyProfileSO|anatomy:avian,anatomy:avian,nodes.2.displayName,왼쪽 눈,,,explicit-serialized
AnatomyProfileSO|anatomy:avian,anatomy:avian,nodes.2.parentNodeId,head,,,explicit-serialized
AnatomyProfileSO|anatomy:avian,anatomy:avian,nodes.2.kind,2,,,explicit-serialized
AnatomyProfileSO|anatomy:avian,anatomy:avian,nodes.2.functions,4,,,explicit-serialized
AnatomyProfileSO|anatomy:avian,anatomy:avian,nodes.2.maxHealth,6,,,explicit-serialized
AnatomyProfileSO|anatomy:avian,anatomy:avian,nodes.2.capacityWeight,0.5,,,explicit-serialized
AnatomyProfileSO|anatomy:avian,anatomy:avian,nodes.2.vital,0,,,explicit-serialized
AnatomyProfileSO|anatomy:avian,anatomy:avian,nodes.2.removable,1,,,explicit-serialized
AnatomyProfileSO|anatomy:avian,anatomy:avian,nodes.2.pairedGroupId,eyes,,,explicit-serialized
AnatomyProfileSO|anatomy:avian,anatomy:avian,nodes.2.legacyBodyPart,0,,,explicit-serialized
AnatomyProfileSO|anatomy:avian,anatomy:avian,nodes.2.mapsToLegacyBodyPart,0,,,explicit-serialized
AnatomyProfileSO|anatomy:avian,anatomy:avian,nodes.3.nodeId,eye:right,,,explicit-serialized
AnatomyProfileSO|anatomy:avian,anatomy:avian,nodes.3.displayName,오른쪽 눈,,,explicit-serialized
AnatomyProfileSO|anatomy:avian,anatomy:avian,nodes.3.parentNodeId,head,,,explicit-serialized
AnatomyProfileSO|anatomy:avian,anatomy:avian,nodes.3.kind,2,,,explicit-serialized
AnatomyProfileSO|anatomy:avian,anatomy:avian,nodes.3.functions,4,,,explicit-serialized
AnatomyProfileSO|anatomy:avian,anatomy:avian,nodes.3.maxHealth,6,,,explicit-serialized
AnatomyProfileSO|anatomy:avian,anatomy:avian,nodes.3.capacityWeight,0.5,,,explicit-serialized
AnatomyProfileSO|anatomy:avian,anatomy:avian,nodes.3.vital,0,,,explicit-serialized
AnatomyProfileSO|anatomy:avian,anatomy:avian,nodes.3.removable,1,,,explicit-serialized
AnatomyProfileSO|anatomy:avian,anatomy:avian,nodes.3.pairedGroupId,eyes,,,explicit-serialized
AnatomyProfileSO|anatomy:avian,anatomy:avian,nodes.3.legacyBodyPart,0,,,explicit-serialized
AnatomyProfileSO|anatomy:avian,anatomy:avian,nodes.3.mapsToLegacyBodyPart,0,,,explicit-serialized
AnatomyProfileSO|anatomy:avian,anatomy:avian,nodes.4.nodeId,torso,,,explicit-serialized
AnatomyProfileSO|anatomy:avian,anatomy:avian,nodes.4.displayName,몸통,,,explicit-serialized
AnatomyProfileSO|anatomy:avian,anatomy:avian,nodes.4.parentNodeId,,,,explicit-serialized
AnatomyProfileSO|anatomy:avian,anatomy:avian,nodes.4.kind,4,,,explicit-serialized
AnatomyProfileSO|anatomy:avian,anatomy:avian,nodes.4.functions,9265,,,explicit-serialized
AnatomyProfileSO|anatomy:avian,anatomy:avian,nodes.4.maxHealth,38,,,explicit-serialized
AnatomyProfileSO|anatomy:avian,anatomy:avian,nodes.4.capacityWeight,1,,,explicit-serialized
AnatomyProfileSO|anatomy:avian,anatomy:avian,nodes.4.vital,1,,,explicit-serialized
AnatomyProfileSO|anatomy:avian,anatomy:avian,nodes.4.removable,0,,,explicit-serialized
AnatomyProfileSO|anatomy:avian,anatomy:avian,nodes.4.pairedGroupId,,,,explicit-serialized
AnatomyProfileSO|anatomy:avian,anatomy:avian,nodes.4.legacyBodyPart,1,,,explicit-serialized
AnatomyProfileSO|anatomy:avian,anatomy:avian,nodes.4.mapsToLegacyBodyPart,1,,,explicit-serialized
AnatomyProfileSO|anatomy:avian,anatomy:avian,nodes.5.nodeId,heart,,,explicit-serialized
AnatomyProfileSO|anatomy:avian,anatomy:avian,nodes.5.displayName,심장,,,explicit-serialized
AnatomyProfileSO|anatomy:avian,anatomy:avian,nodes.5.parentNodeId,torso,,,explicit-serialized
AnatomyProfileSO|anatomy:avian,anatomy:avian,nodes.5.kind,1,,,explicit-serialized
AnatomyProfileSO|anatomy:avian,anatomy:avian,nodes.5.functions,1,,,explicit-serialized
AnatomyProfileSO|anatomy:avian,anatomy:avian,nodes.5.maxHealth,12,,,explicit-serialized
AnatomyProfileSO|anatomy:avian,anatomy:avian,nodes.5.capacityWeight,1,,,explicit-serialized
AnatomyProfileSO|anatomy:avian,anatomy:avian,nodes.5.vital,1,,,explicit-serialized
AnatomyProfileSO|anatomy:avian,anatomy:avian,nodes.5.removable,1,,,explicit-serialized
AnatomyProfileSO|anatomy:avian,anatomy:avian,nodes.5.pairedGroupId,,,,explicit-serialized
AnatomyProfileSO|anatomy:avian,anatomy:avian,nodes.5.legacyBodyPart,0,,,explicit-serialized
AnatomyProfileSO|anatomy:avian,anatomy:avian,nodes.5.mapsToLegacyBodyPart,0,,,explicit-serialized
AnatomyProfileSO|anatomy:avian,anatomy:avian,nodes.6.nodeId,air-sacs,,,explicit-serialized
AnatomyProfileSO|anatomy:avian,anatomy:avian,nodes.6.displayName,기낭,,,explicit-serialized
AnatomyProfileSO|anatomy:avian,anatomy:avian,nodes.6.parentNodeId,torso,,,explicit-serialized
AnatomyProfileSO|anatomy:avian,anatomy:avian,nodes.6.kind,1,,,explicit-serialized
AnatomyProfileSO|anatomy:avian,anatomy:avian,nodes.6.functions,8,,,explicit-serialized
AnatomyProfileSO|anatomy:avian,anatomy:avian,nodes.6.maxHealth,13,,,explicit-serialized
AnatomyProfileSO|anatomy:avian,anatomy:avian,nodes.6.capacityWeight,1,,,explicit-serialized
AnatomyProfileSO|anatomy:avian,anatomy:avian,nodes.6.vital,0,,,explicit-serialized
AnatomyProfileSO|anatomy:avian,anatomy:avian,nodes.6.removable,1,,,explicit-serialized
AnatomyProfileSO|anatomy:avian,anatomy:avian,nodes.6.pairedGroupId,,,,explicit-serialized
AnatomyProfileSO|anatomy:avian,anatomy:avian,nodes.6.legacyBodyPart,0,,,explicit-serialized
AnatomyProfileSO|anatomy:avian,anatomy:avian,nodes.6.mapsToLegacyBodyPart,0,,,explicit-serialized
AnatomyProfileSO|anatomy:avian,anatomy:avian,nodes.7.nodeId,wing:left,,,explicit-serialized
AnatomyProfileSO|anatomy:avian,anatomy:avian,nodes.7.displayName,왼날개,,,explicit-serialized
AnatomyProfileSO|anatomy:avian,anatomy:avian,nodes.7.parentNodeId,torso,,,explicit-serialized
AnatomyProfileSO|anatomy:avian,anatomy:avian,nodes.7.kind,3,,,explicit-serialized
AnatomyProfileSO|anatomy:avian,anatomy:avian,nodes.7.functions,192,,,explicit-serialized
AnatomyProfileSO|anatomy:avian,anatomy:avian,nodes.7.maxHealth,24,,,explicit-serialized
AnatomyProfileSO|anatomy:avian,anatomy:avian,nodes.7.capacityWeight,0.5,,,explicit-serialized
AnatomyProfileSO|anatomy:avian,anatomy:avian,nodes.7.vital,0,,,explicit-serialized
AnatomyProfileSO|anatomy:avian,anatomy:avian,nodes.7.removable,1,,,explicit-serialized
AnatomyProfileSO|anatomy:avian,anatomy:avian,nodes.7.pairedGroupId,wings,,,explicit-serialized
AnatomyProfileSO|anatomy:avian,anatomy:avian,nodes.7.legacyBodyPart,2,,,explicit-serialized
AnatomyProfileSO|anatomy:avian,anatomy:avian,nodes.7.mapsToLegacyBodyPart,0,,,explicit-serialized
AnatomyProfileSO|anatomy:avian,anatomy:avian,nodes.8.nodeId,wing:right,,,explicit-serialized
AnatomyProfileSO|anatomy:avian,anatomy:avian,nodes.8.displayName,오른날개,,,explicit-serialized
AnatomyProfileSO|anatomy:avian,anatomy:avian,nodes.8.parentNodeId,torso,,,explicit-serialized
AnatomyProfileSO|anatomy:avian,anatomy:avian,nodes.8.kind,3,,,explicit-serialized
AnatomyProfileSO|anatomy:avian,anatomy:avian,nodes.8.functions,192,,,explicit-serialized
AnatomyProfileSO|anatomy:avian,anatomy:avian,nodes.8.maxHealth,24,,,explicit-serialized
AnatomyProfileSO|anatomy:avian,anatomy:avian,nodes.8.capacityWeight,0.5,,,explicit-serialized
AnatomyProfileSO|anatomy:avian,anatomy:avian,nodes.8.vital,0,,,explicit-serialized
AnatomyProfileSO|anatomy:avian,anatomy:avian,nodes.8.removable,1,,,explicit-serialized
AnatomyProfileSO|anatomy:avian,anatomy:avian,nodes.8.pairedGroupId,wings,,,explicit-serialized
AnatomyProfileSO|anatomy:avian,anatomy:avian,nodes.8.legacyBodyPart,3,,,explicit-serialized
AnatomyProfileSO|anatomy:avian,anatomy:avian,nodes.8.mapsToLegacyBodyPart,0,,,explicit-serialized
AnatomyProfileSO|anatomy:avian,anatomy:avian,nodes.9.nodeId,leg:left,,,explicit-serialized
AnatomyProfileSO|anatomy:avian,anatomy:avian,nodes.9.displayName,왼다리,,,explicit-serialized
AnatomyProfileSO|anatomy:avian,anatomy:avian,nodes.9.parentNodeId,torso,,,explicit-serialized
AnatomyProfileSO|anatomy:avian,anatomy:avian,nodes.9.kind,3,,,explicit-serialized
AnatomyProfileSO|anatomy:avian,anatomy:avian,nodes.9.functions,128,,,explicit-serialized
AnatomyProfileSO|anatomy:avian,anatomy:avian,nodes.9.maxHealth,20,,,explicit-serialized
AnatomyProfileSO|anatomy:avian,anatomy:avian,nodes.9.capacityWeight,0.5,,,explicit-serialized
AnatomyProfileSO|anatomy:avian,anatomy:avian,nodes.9.vital,0,,,explicit-serialized
AnatomyProfileSO|anatomy:avian,anatomy:avian,nodes.9.removable,1,,,explicit-serialized
AnatomyProfileSO|anatomy:avian,anatomy:avian,nodes.9.pairedGroupId,legs,,,explicit-serialized
AnatomyProfileSO|anatomy:avian,anatomy:avian,nodes.9.legacyBodyPart,4,,,explicit-serialized
AnatomyProfileSO|anatomy:avian,anatomy:avian,nodes.9.mapsToLegacyBodyPart,1,,,explicit-serialized
AnatomyProfileSO|anatomy:avian,anatomy:avian,nodes.10.nodeId,leg:right,,,explicit-serialized
AnatomyProfileSO|anatomy:avian,anatomy:avian,nodes.10.displayName,오른다리,,,explicit-serialized
AnatomyProfileSO|anatomy:avian,anatomy:avian,nodes.10.parentNodeId,torso,,,explicit-serialized
AnatomyProfileSO|anatomy:avian,anatomy:avian,nodes.10.kind,3,,,explicit-serialized
AnatomyProfileSO|anatomy:avian,anatomy:avian,nodes.10.functions,128,,,explicit-serialized
AnatomyProfileSO|anatomy:avian,anatomy:avian,nodes.10.maxHealth,20,,,explicit-serialized
AnatomyProfileSO|anatomy:avian,anatomy:avian,nodes.10.capacityWeight,0.5,,,explicit-serialized
AnatomyProfileSO|anatomy:avian,anatomy:avian,nodes.10.vital,0,,,explicit-serialized
AnatomyProfileSO|anatomy:avian,anatomy:avian,nodes.10.removable,1,,,explicit-serialized
AnatomyProfileSO|anatomy:avian,anatomy:avian,nodes.10.pairedGroupId,legs,,,explicit-serialized
AnatomyProfileSO|anatomy:avian,anatomy:avian,nodes.10.legacyBodyPart,5,,,explicit-serialized
AnatomyProfileSO|anatomy:avian,anatomy:avian,nodes.10.mapsToLegacyBodyPart,1,,,explicit-serialized
AnatomyProfileSO|anatomy:avian,anatomy:avian,notApplicableCapacities,[],,,explicit-serialized
AnatomyProfileSO|anatomy:avian,anatomy:avian,CapacityId,0,CharacterFunctionalCapacityId,Mental Maintenance,implicit-csharp-default
AnatomyProfileSO|anatomy:avian,anatomy:avian,capacityId,0,CharacterFunctionalCapacityId,Mental Maintenance,implicit-csharp-default
AnatomyProfileSO|anatomy:beastkin,anatomy:beastkin,m_Name,anatomy_beastkin,,,explicit-serialized
AnatomyProfileSO|anatomy:beastkin,anatomy:beastkin,profileId,anatomy:beastkin,,,explicit-serialized
AnatomyProfileSO|anatomy:beastkin,anatomy:beastkin,displayName,수인 해부 구조,,,explicit-serialized
AnatomyProfileSO|anatomy:beastkin,anatomy:beastkin,anatomyFamily,humanoid,,,explicit-serialized
AnatomyProfileSO|anatomy:beastkin,anatomy:beastkin,speciesIds.0,Beastkin,,,explicit-serialized
AnatomyProfileSO|anatomy:beastkin,anatomy:beastkin,nodes.0.nodeId,head,,,explicit-serialized
AnatomyProfileSO|anatomy:beastkin,anatomy:beastkin,nodes.0.displayName,머리,,,explicit-serialized
AnatomyProfileSO|anatomy:beastkin,anatomy:beastkin,nodes.0.parentNodeId,,,,explicit-serialized
AnatomyProfileSO|anatomy:beastkin,anatomy:beastkin,nodes.0.kind,0,,,explicit-serialized
AnatomyProfileSO|anatomy:beastkin,anatomy:beastkin,nodes.0.functions,6,,,explicit-serialized
AnatomyProfileSO|anatomy:beastkin,anatomy:beastkin,nodes.0.maxHealth,19,,,explicit-serialized
AnatomyProfileSO|anatomy:beastkin,anatomy:beastkin,nodes.0.capacityWeight,0.25,,,explicit-serialized
AnatomyProfileSO|anatomy:beastkin,anatomy:beastkin,nodes.0.vital,1,,,explicit-serialized
AnatomyProfileSO|anatomy:beastkin,anatomy:beastkin,nodes.0.removable,0,,,explicit-serialized
AnatomyProfileSO|anatomy:beastkin,anatomy:beastkin,nodes.0.pairedGroupId,,,,explicit-serialized
AnatomyProfileSO|anatomy:beastkin,anatomy:beastkin,nodes.0.legacyBodyPart,0,,,explicit-serialized
AnatomyProfileSO|anatomy:beastkin,anatomy:beastkin,nodes.0.mapsToLegacyBodyPart,1,,,explicit-serialized
AnatomyProfileSO|anatomy:beastkin,anatomy:beastkin,nodes.1.nodeId,brain,,,explicit-serialized
AnatomyProfileSO|anatomy:beastkin,anatomy:beastkin,nodes.1.displayName,뇌,,,explicit-serialized
AnatomyProfileSO|anatomy:beastkin,anatomy:beastkin,nodes.1.parentNodeId,head,,,explicit-serialized
AnatomyProfileSO|anatomy:beastkin,anatomy:beastkin,nodes.1.kind,1,,,explicit-serialized
AnatomyProfileSO|anatomy:beastkin,anatomy:beastkin,nodes.1.functions,2,,,explicit-serialized
AnatomyProfileSO|anatomy:beastkin,anatomy:beastkin,nodes.1.maxHealth,12,,,explicit-serialized
AnatomyProfileSO|anatomy:beastkin,anatomy:beastkin,nodes.1.capacityWeight,0.55,,,explicit-serialized
AnatomyProfileSO|anatomy:beastkin,anatomy:beastkin,nodes.1.vital,1,,,explicit-serialized
AnatomyProfileSO|anatomy:beastkin,anatomy:beastkin,nodes.1.removable,0,,,explicit-serialized
AnatomyProfileSO|anatomy:beastkin,anatomy:beastkin,nodes.1.pairedGroupId,,,,explicit-serialized
AnatomyProfileSO|anatomy:beastkin,anatomy:beastkin,nodes.1.legacyBodyPart,0,,,explicit-serialized
AnatomyProfileSO|anatomy:beastkin,anatomy:beastkin,nodes.1.mapsToLegacyBodyPart,0,,,explicit-serialized
AnatomyProfileSO|anatomy:beastkin,anatomy:beastkin,nodes.2.nodeId,eyes,,,explicit-serialized
AnatomyProfileSO|anatomy:beastkin,anatomy:beastkin,nodes.2.displayName,두 눈,,,explicit-serialized
AnatomyProfileSO|anatomy:beastkin,anatomy:beastkin,nodes.2.parentNodeId,head,,,explicit-serialized
AnatomyProfileSO|anatomy:beastkin,anatomy:beastkin,nodes.2.kind,2,,,explicit-serialized
AnatomyProfileSO|anatomy:beastkin,anatomy:beastkin,nodes.2.functions,4,,,explicit-serialized
AnatomyProfileSO|anatomy:beastkin,anatomy:beastkin,nodes.2.maxHealth,10,,,explicit-serialized
AnatomyProfileSO|anatomy:beastkin,anatomy:beastkin,nodes.2.capacityWeight,0.45,,,explicit-serialized
AnatomyProfileSO|anatomy:beastkin,anatomy:beastkin,nodes.2.vital,0,,,explicit-serialized
AnatomyProfileSO|anatomy:beastkin,anatomy:beastkin,nodes.2.removable,1,,,explicit-serialized
AnatomyProfileSO|anatomy:beastkin,anatomy:beastkin,nodes.2.pairedGroupId,,,,explicit-serialized
AnatomyProfileSO|anatomy:beastkin,anatomy:beastkin,nodes.2.legacyBodyPart,0,,,explicit-serialized
AnatomyProfileSO|anatomy:beastkin,anatomy:beastkin,nodes.2.mapsToLegacyBodyPart,0,,,explicit-serialized
AnatomyProfileSO|anatomy:beastkin,anatomy:beastkin,nodes.3.nodeId,ears,,,explicit-serialized
AnatomyProfileSO|anatomy:beastkin,anatomy:beastkin,nodes.3.displayName,감각 귀,,,explicit-serialized
AnatomyProfileSO|anatomy:beastkin,anatomy:beastkin,nodes.3.parentNodeId,head,,,explicit-serialized
AnatomyProfileSO|anatomy:beastkin,anatomy:beastkin,nodes.3.kind,2,,,explicit-serialized
AnatomyProfileSO|anatomy:beastkin,anatomy:beastkin,nodes.3.functions,4,,,explicit-serialized
AnatomyProfileSO|anatomy:beastkin,anatomy:beastkin,nodes.3.maxHealth,12,,,explicit-serialized
AnatomyProfileSO|anatomy:beastkin,anatomy:beastkin,nodes.3.capacityWeight,0.3,,,explicit-serialized
AnatomyProfileSO|anatomy:beastkin,anatomy:beastkin,nodes.3.vital,0,,,explicit-serialized
AnatomyProfileSO|anatomy:beastkin,anatomy:beastkin,nodes.3.removable,1,,,explicit-serialized
AnatomyProfileSO|anatomy:beastkin,anatomy:beastkin,nodes.3.pairedGroupId,,,,explicit-serialized
AnatomyProfileSO|anatomy:beastkin,anatomy:beastkin,nodes.3.legacyBodyPart,0,,,explicit-serialized
AnatomyProfileSO|anatomy:beastkin,anatomy:beastkin,nodes.3.mapsToLegacyBodyPart,0,,,explicit-serialized
AnatomyProfileSO|anatomy:beastkin,anatomy:beastkin,nodes.4.nodeId,muzzle,,,explicit-serialized
AnatomyProfileSO|anatomy:beastkin,anatomy:beastkin,nodes.4.displayName,주둥이,,,explicit-serialized
AnatomyProfileSO|anatomy:beastkin,anatomy:beastkin,nodes.4.parentNodeId,head,,,explicit-serialized
AnatomyProfileSO|anatomy:beastkin,anatomy:beastkin,nodes.4.kind,0,,,explicit-serialized
AnatomyProfileSO|anatomy:beastkin,anatomy:beastkin,nodes.4.functions,16,,,explicit-serialized
AnatomyProfileSO|anatomy:beastkin,anatomy:beastkin,nodes.4.maxHealth,15,,,explicit-serialized
AnatomyProfileSO|anatomy:beastkin,anatomy:beastkin,nodes.4.capacityWeight,0.25,,,explicit-serialized
AnatomyProfileSO|anatomy:beastkin,anatomy:beastkin,nodes.4.vital,0,,,explicit-serialized
AnatomyProfileSO|anatomy:beastkin,anatomy:beastkin,nodes.4.removable,1,,,explicit-serialized
AnatomyProfileSO|anatomy:beastkin,anatomy:beastkin,nodes.4.pairedGroupId,,,,explicit-serialized
AnatomyProfileSO|anatomy:beastkin,anatomy:beastkin,nodes.4.legacyBodyPart,0,,,explicit-serialized
AnatomyProfileSO|anatomy:beastkin,anatomy:beastkin,nodes.4.mapsToLegacyBodyPart,0,,,explicit-serialized
AnatomyProfileSO|anatomy:beastkin,anatomy:beastkin,nodes.5.nodeId,torso,,,explicit-serialized
AnatomyProfileSO|anatomy:beastkin,anatomy:beastkin,nodes.5.displayName,몸통,,,explicit-serialized
AnatomyProfileSO|anatomy:beastkin,anatomy:beastkin,nodes.5.parentNodeId,,,,explicit-serialized
AnatomyProfileSO|anatomy:beastkin,anatomy:beastkin,nodes.5.kind,4,,,explicit-serialized
AnatomyProfileSO|anatomy:beastkin,anatomy:beastkin,nodes.5.functions,9249,,,explicit-serialized
AnatomyProfileSO|anatomy:beastkin,anatomy:beastkin,nodes.5.maxHealth,48,,,explicit-serialized
AnatomyProfileSO|anatomy:beastkin,anatomy:beastkin,nodes.5.capacityWeight,0.55,,,explicit-serialized
AnatomyProfileSO|anatomy:beastkin,anatomy:beastkin,nodes.5.vital,1,,,explicit-serialized
AnatomyProfileSO|anatomy:beastkin,anatomy:beastkin,nodes.5.removable,0,,,explicit-serialized
AnatomyProfileSO|anatomy:beastkin,anatomy:beastkin,nodes.5.pairedGroupId,,,,explicit-serialized
AnatomyProfileSO|anatomy:beastkin,anatomy:beastkin,nodes.5.legacyBodyPart,1,,,explicit-serialized
AnatomyProfileSO|anatomy:beastkin,anatomy:beastkin,nodes.5.mapsToLegacyBodyPart,1,,,explicit-serialized
AnatomyProfileSO|anatomy:beastkin,anatomy:beastkin,nodes.6.nodeId,heart,,,explicit-serialized
AnatomyProfileSO|anatomy:beastkin,anatomy:beastkin,nodes.6.displayName,심장,,,explicit-serialized
AnatomyProfileSO|anatomy:beastkin,anatomy:beastkin,nodes.6.parentNodeId,torso,,,explicit-serialized
AnatomyProfileSO|anatomy:beastkin,anatomy:beastkin,nodes.6.kind,1,,,explicit-serialized
AnatomyProfileSO|anatomy:beastkin,anatomy:beastkin,nodes.6.functions,1,,,explicit-serialized
AnatomyProfileSO|anatomy:beastkin,anatomy:beastkin,nodes.6.maxHealth,16,,,explicit-serialized
AnatomyProfileSO|anatomy:beastkin,anatomy:beastkin,nodes.6.capacityWeight,0.45,,,explicit-serialized
AnatomyProfileSO|anatomy:beastkin,anatomy:beastkin,nodes.6.vital,1,,,explicit-serialized
AnatomyProfileSO|anatomy:beastkin,anatomy:beastkin,nodes.6.removable,1,,,explicit-serialized
AnatomyProfileSO|anatomy:beastkin,anatomy:beastkin,nodes.6.pairedGroupId,,,,explicit-serialized
AnatomyProfileSO|anatomy:beastkin,anatomy:beastkin,nodes.6.legacyBodyPart,0,,,explicit-serialized
AnatomyProfileSO|anatomy:beastkin,anatomy:beastkin,nodes.6.mapsToLegacyBodyPart,0,,,explicit-serialized
AnatomyProfileSO|anatomy:beastkin,anatomy:beastkin,nodes.7.nodeId,lungs,,,explicit-serialized
AnatomyProfileSO|anatomy:beastkin,anatomy:beastkin,nodes.7.displayName,폐,,,explicit-serialized
AnatomyProfileSO|anatomy:beastkin,anatomy:beastkin,nodes.7.parentNodeId,torso,,,explicit-serialized
AnatomyProfileSO|anatomy:beastkin,anatomy:beastkin,nodes.7.kind,1,,,explicit-serialized
AnatomyProfileSO|anatomy:beastkin,anatomy:beastkin,nodes.7.functions,8,,,explicit-serialized
AnatomyProfileSO|anatomy:beastkin,anatomy:beastkin,nodes.7.maxHealth,22,,,explicit-serialized
AnatomyProfileSO|anatomy:beastkin,anatomy:beastkin,nodes.7.capacityWeight,1,,,explicit-serialized
AnatomyProfileSO|anatomy:beastkin,anatomy:beastkin,nodes.7.vital,0,,,explicit-serialized
AnatomyProfileSO|anatomy:beastkin,anatomy:beastkin,nodes.7.removable,1,,,explicit-serialized
AnatomyProfileSO|anatomy:beastkin,anatomy:beastkin,nodes.7.pairedGroupId,,,,explicit-serialized
AnatomyProfileSO|anatomy:beastkin,anatomy:beastkin,nodes.7.legacyBodyPart,0,,,explicit-serialized
AnatomyProfileSO|anatomy:beastkin,anatomy:beastkin,nodes.7.mapsToLegacyBodyPart,0,,,explicit-serialized
AnatomyProfileSO|anatomy:beastkin,anatomy:beastkin,nodes.8.nodeId,arm:left,,,explicit-serialized
AnatomyProfileSO|anatomy:beastkin,anatomy:beastkin,nodes.8.displayName,왼팔,,,explicit-serialized
AnatomyProfileSO|anatomy:beastkin,anatomy:beastkin,nodes.8.parentNodeId,torso,,,explicit-serialized
AnatomyProfileSO|anatomy:beastkin,anatomy:beastkin,nodes.8.kind,3,,,explicit-serialized
AnatomyProfileSO|anatomy:beastkin,anatomy:beastkin,nodes.8.functions,64,,,explicit-serialized
AnatomyProfileSO|anatomy:beastkin,anatomy:beastkin,nodes.8.maxHealth,25,,,explicit-serialized
AnatomyProfileSO|anatomy:beastkin,anatomy:beastkin,nodes.8.capacityWeight,0.5,,,explicit-serialized
AnatomyProfileSO|anatomy:beastkin,anatomy:beastkin,nodes.8.vital,0,,,explicit-serialized
AnatomyProfileSO|anatomy:beastkin,anatomy:beastkin,nodes.8.removable,1,,,explicit-serialized
AnatomyProfileSO|anatomy:beastkin,anatomy:beastkin,nodes.8.pairedGroupId,arms,,,explicit-serialized
AnatomyProfileSO|anatomy:beastkin,anatomy:beastkin,nodes.8.legacyBodyPart,2,,,explicit-serialized
AnatomyProfileSO|anatomy:beastkin,anatomy:beastkin,nodes.8.mapsToLegacyBodyPart,1,,,explicit-serialized
AnatomyProfileSO|anatomy:beastkin,anatomy:beastkin,nodes.9.nodeId,arm:right,,,explicit-serialized
AnatomyProfileSO|anatomy:beastkin,anatomy:beastkin,nodes.9.displayName,오른팔,,,explicit-serialized
AnatomyProfileSO|anatomy:beastkin,anatomy:beastkin,nodes.9.parentNodeId,torso,,,explicit-serialized
AnatomyProfileSO|anatomy:beastkin,anatomy:beastkin,nodes.9.kind,3,,,explicit-serialized
AnatomyProfileSO|anatomy:beastkin,anatomy:beastkin,nodes.9.functions,64,,,explicit-serialized
AnatomyProfileSO|anatomy:beastkin,anatomy:beastkin,nodes.9.maxHealth,25,,,explicit-serialized
AnatomyProfileSO|anatomy:beastkin,anatomy:beastkin,nodes.9.capacityWeight,0.5,,,explicit-serialized
AnatomyProfileSO|anatomy:beastkin,anatomy:beastkin,nodes.9.vital,0,,,explicit-serialized
AnatomyProfileSO|anatomy:beastkin,anatomy:beastkin,nodes.9.removable,1,,,explicit-serialized
AnatomyProfileSO|anatomy:beastkin,anatomy:beastkin,nodes.9.pairedGroupId,arms,,,explicit-serialized
AnatomyProfileSO|anatomy:beastkin,anatomy:beastkin,nodes.9.legacyBodyPart,3,,,explicit-serialized
AnatomyProfileSO|anatomy:beastkin,anatomy:beastkin,nodes.9.mapsToLegacyBodyPart,1,,,explicit-serialized
AnatomyProfileSO|anatomy:beastkin,anatomy:beastkin,nodes.10.nodeId,leg:left,,,explicit-serialized
AnatomyProfileSO|anatomy:beastkin,anatomy:beastkin,nodes.10.displayName,왼다리,,,explicit-serialized
AnatomyProfileSO|anatomy:beastkin,anatomy:beastkin,nodes.10.parentNodeId,torso,,,explicit-serialized
AnatomyProfileSO|anatomy:beastkin,anatomy:beastkin,nodes.10.kind,3,,,explicit-serialized
AnatomyProfileSO|anatomy:beastkin,anatomy:beastkin,nodes.10.functions,128,,,explicit-serialized
AnatomyProfileSO|anatomy:beastkin,anatomy:beastkin,nodes.10.maxHealth,31,,,explicit-serialized
AnatomyProfileSO|anatomy:beastkin,anatomy:beastkin,nodes.10.capacityWeight,0.4,,,explicit-serialized
AnatomyProfileSO|anatomy:beastkin,anatomy:beastkin,nodes.10.vital,0,,,explicit-serialized
AnatomyProfileSO|anatomy:beastkin,anatomy:beastkin,nodes.10.removable,1,,,explicit-serialized
AnatomyProfileSO|anatomy:beastkin,anatomy:beastkin,nodes.10.pairedGroupId,legs,,,explicit-serialized
AnatomyProfileSO|anatomy:beastkin,anatomy:beastkin,nodes.10.legacyBodyPart,4,,,explicit-serialized
AnatomyProfileSO|anatomy:beastkin,anatomy:beastkin,nodes.10.mapsToLegacyBodyPart,1,,,explicit-serialized
AnatomyProfileSO|anatomy:beastkin,anatomy:beastkin,nodes.11.nodeId,leg:right,,,explicit-serialized
AnatomyProfileSO|anatomy:beastkin,anatomy:beastkin,nodes.11.displayName,오른다리,,,explicit-serialized
AnatomyProfileSO|anatomy:beastkin,anatomy:beastkin,nodes.11.parentNodeId,torso,,,explicit-serialized
AnatomyProfileSO|anatomy:beastkin,anatomy:beastkin,nodes.11.kind,3,,,explicit-serialized
AnatomyProfileSO|anatomy:beastkin,anatomy:beastkin,nodes.11.functions,128,,,explicit-serialized
AnatomyProfileSO|anatomy:beastkin,anatomy:beastkin,nodes.11.maxHealth,31,,,explicit-serialized
AnatomyProfileSO|anatomy:beastkin,anatomy:beastkin,nodes.11.capacityWeight,0.4,,,explicit-serialized
AnatomyProfileSO|anatomy:beastkin,anatomy:beastkin,nodes.11.vital,0,,,explicit-serialized
AnatomyProfileSO|anatomy:beastkin,anatomy:beastkin,nodes.11.removable,1,,,explicit-serialized
AnatomyProfileSO|anatomy:beastkin,anatomy:beastkin,nodes.11.pairedGroupId,legs,,,explicit-serialized
AnatomyProfileSO|anatomy:beastkin,anatomy:beastkin,nodes.11.legacyBodyPart,5,,,explicit-serialized
AnatomyProfileSO|anatomy:beastkin,anatomy:beastkin,nodes.11.mapsToLegacyBodyPart,1,,,explicit-serialized
AnatomyProfileSO|anatomy:beastkin,anatomy:beastkin,nodes.12.nodeId,balance-tail,,,explicit-serialized
AnatomyProfileSO|anatomy:beastkin,anatomy:beastkin,nodes.12.displayName,균형 꼬리,,,explicit-serialized
AnatomyProfileSO|anatomy:beastkin,anatomy:beastkin,nodes.12.parentNodeId,torso,,,explicit-serialized
AnatomyProfileSO|anatomy:beastkin,anatomy:beastkin,nodes.12.kind,3,,,explicit-serialized
AnatomyProfileSO|anatomy:beastkin,anatomy:beastkin,nodes.12.functions,128,,,explicit-serialized
AnatomyProfileSO|anatomy:beastkin,anatomy:beastkin,nodes.12.maxHealth,23,,,explicit-serialized
AnatomyProfileSO|anatomy:beastkin,anatomy:beastkin,nodes.12.capacityWeight,0.2,,,explicit-serialized
AnatomyProfileSO|anatomy:beastkin,anatomy:beastkin,nodes.12.vital,0,,,explicit-serialized
AnatomyProfileSO|anatomy:beastkin,anatomy:beastkin,nodes.12.removable,1,,,explicit-serialized
AnatomyProfileSO|anatomy:beastkin,anatomy:beastkin,nodes.12.pairedGroupId,,,,explicit-serialized
AnatomyProfileSO|anatomy:beastkin,anatomy:beastkin,nodes.12.legacyBodyPart,0,,,explicit-serialized
AnatomyProfileSO|anatomy:beastkin,anatomy:beastkin,nodes.12.mapsToLegacyBodyPart,0,,,explicit-serialized
AnatomyProfileSO|anatomy:beastkin,anatomy:beastkin,notApplicableCapacities,[],,,explicit-serialized
AnatomyProfileSO|anatomy:beastkin,anatomy:beastkin,CapacityId,0,CharacterFunctionalCapacityId,Mental Maintenance,implicit-csharp-default
AnatomyProfileSO|anatomy:beastkin,anatomy:beastkin,capacityId,0,CharacterFunctionalCapacityId,Mental Maintenance,implicit-csharp-default
AnatomyProfileSO|anatomy:construct,anatomy:construct,m_Name,anatomy_construct,,,explicit-serialized
AnatomyProfileSO|anatomy:construct,anatomy:construct,profileId,anatomy:construct,,,explicit-serialized
AnatomyProfileSO|anatomy:construct,anatomy:construct,displayName,골렘 기계 구조,,,explicit-serialized
AnatomyProfileSO|anatomy:construct,anatomy:construct,anatomyFamily,construct,,,explicit-serialized
AnatomyProfileSO|anatomy:construct,anatomy:construct,speciesIds.0,Golem,,,explicit-serialized
AnatomyProfileSO|anatomy:construct,anatomy:construct,nodes.0.nodeId,head,,,explicit-serialized
AnatomyProfileSO|anatomy:construct,anatomy:construct,nodes.0.displayName,감응석 머리,,,explicit-serialized
AnatomyProfileSO|anatomy:construct,anatomy:construct,nodes.0.parentNodeId,,,,explicit-serialized
AnatomyProfileSO|anatomy:construct,anatomy:construct,nodes.0.kind,0,,,explicit-serialized
AnatomyProfileSO|anatomy:construct,anatomy:construct,nodes.0.functions,4,,,explicit-serialized
AnatomyProfileSO|anatomy:construct,anatomy:construct,nodes.0.maxHealth,28,,,explicit-serialized
AnatomyProfileSO|anatomy:construct,anatomy:construct,nodes.0.capacityWeight,1,,,explicit-serialized
AnatomyProfileSO|anatomy:construct,anatomy:construct,nodes.0.vital,0,,,explicit-serialized
AnatomyProfileSO|anatomy:construct,anatomy:construct,nodes.0.removable,1,,,explicit-serialized
AnatomyProfileSO|anatomy:construct,anatomy:construct,nodes.0.pairedGroupId,,,,explicit-serialized
AnatomyProfileSO|anatomy:construct,anatomy:construct,nodes.0.legacyBodyPart,0,,,explicit-serialized
AnatomyProfileSO|anatomy:construct,anatomy:construct,nodes.0.mapsToLegacyBodyPart,1,,,explicit-serialized
AnatomyProfileSO|anatomy:construct,anatomy:construct,nodes.1.nodeId,sensor-core,,,explicit-serialized
AnatomyProfileSO|anatomy:construct,anatomy:construct,nodes.1.displayName,감응 핵,,,explicit-serialized
AnatomyProfileSO|anatomy:construct,anatomy:construct,nodes.1.parentNodeId,head,,,explicit-serialized
AnatomyProfileSO|anatomy:construct,anatomy:construct,nodes.1.kind,2,,,explicit-serialized
AnatomyProfileSO|anatomy:construct,anatomy:construct,nodes.1.functions,4,,,explicit-serialized
AnatomyProfileSO|anatomy:construct,anatomy:construct,nodes.1.maxHealth,18,,,explicit-serialized
AnatomyProfileSO|anatomy:construct,anatomy:construct,nodes.1.capacityWeight,1,,,explicit-serialized
AnatomyProfileSO|anatomy:construct,anatomy:construct,nodes.1.vital,0,,,explicit-serialized
AnatomyProfileSO|anatomy:construct,anatomy:construct,nodes.1.removable,1,,,explicit-serialized
AnatomyProfileSO|anatomy:construct,anatomy:construct,nodes.1.pairedGroupId,,,,explicit-serialized
AnatomyProfileSO|anatomy:construct,anatomy:construct,nodes.1.legacyBodyPart,0,,,explicit-serialized
AnatomyProfileSO|anatomy:construct,anatomy:construct,nodes.1.mapsToLegacyBodyPart,0,,,explicit-serialized
AnatomyProfileSO|anatomy:construct,anatomy:construct,nodes.2.nodeId,torso,,,explicit-serialized
AnatomyProfileSO|anatomy:construct,anatomy:construct,nodes.2.displayName,주조 몸체,,,explicit-serialized
AnatomyProfileSO|anatomy:construct,anatomy:construct,nodes.2.parentNodeId,,,,explicit-serialized
AnatomyProfileSO|anatomy:construct,anatomy:construct,nodes.2.kind,4,,,explicit-serialized
AnatomyProfileSO|anatomy:construct,anatomy:construct,nodes.2.functions,9275,,,explicit-serialized
AnatomyProfileSO|anatomy:construct,anatomy:construct,nodes.2.maxHealth,70,,,explicit-serialized
AnatomyProfileSO|anatomy:construct,anatomy:construct,nodes.2.capacityWeight,1,,,explicit-serialized
AnatomyProfileSO|anatomy:construct,anatomy:construct,nodes.2.vital,1,,,explicit-serialized
AnatomyProfileSO|anatomy:construct,anatomy:construct,nodes.2.removable,0,,,explicit-serialized
AnatomyProfileSO|anatomy:construct,anatomy:construct,nodes.2.pairedGroupId,,,,explicit-serialized
AnatomyProfileSO|anatomy:construct,anatomy:construct,nodes.2.legacyBodyPart,1,,,explicit-serialized
AnatomyProfileSO|anatomy:construct,anatomy:construct,nodes.2.mapsToLegacyBodyPart,1,,,explicit-serialized
AnatomyProfileSO|anatomy:construct,anatomy:construct,nodes.3.nodeId,power-core,,,explicit-serialized
AnatomyProfileSO|anatomy:construct,anatomy:construct,nodes.3.displayName,동력핵,,,explicit-serialized
AnatomyProfileSO|anatomy:construct,anatomy:construct,nodes.3.parentNodeId,torso,,,explicit-serialized
AnatomyProfileSO|anatomy:construct,anatomy:construct,nodes.3.kind,4,,,explicit-serialized
AnatomyProfileSO|anatomy:construct,anatomy:construct,nodes.3.functions,3,,,explicit-serialized
AnatomyProfileSO|anatomy:construct,anatomy:construct,nodes.3.maxHealth,24,,,explicit-serialized
AnatomyProfileSO|anatomy:construct,anatomy:construct,nodes.3.capacityWeight,1,,,explicit-serialized
AnatomyProfileSO|anatomy:construct,anatomy:construct,nodes.3.vital,1,,,explicit-serialized
AnatomyProfileSO|anatomy:construct,anatomy:construct,nodes.3.removable,0,,,explicit-serialized
AnatomyProfileSO|anatomy:construct,anatomy:construct,nodes.3.pairedGroupId,,,,explicit-serialized
AnatomyProfileSO|anatomy:construct,anatomy:construct,nodes.3.legacyBodyPart,0,,,explicit-serialized
AnatomyProfileSO|anatomy:construct,anatomy:construct,nodes.3.mapsToLegacyBodyPart,0,,,explicit-serialized
AnatomyProfileSO|anatomy:construct,anatomy:construct,nodes.4.nodeId,arm:left,,,explicit-serialized
AnatomyProfileSO|anatomy:construct,anatomy:construct,nodes.4.displayName,왼쪽 작업팔,,,explicit-serialized
AnatomyProfileSO|anatomy:construct,anatomy:construct,nodes.4.parentNodeId,torso,,,explicit-serialized
AnatomyProfileSO|anatomy:construct,anatomy:construct,nodes.4.kind,3,,,explicit-serialized
AnatomyProfileSO|anatomy:construct,anatomy:construct,nodes.4.functions,64,,,explicit-serialized
AnatomyProfileSO|anatomy:construct,anatomy:construct,nodes.4.maxHealth,38,,,explicit-serialized
AnatomyProfileSO|anatomy:construct,anatomy:construct,nodes.4.capacityWeight,0.5,,,explicit-serialized
AnatomyProfileSO|anatomy:construct,anatomy:construct,nodes.4.vital,0,,,explicit-serialized
AnatomyProfileSO|anatomy:construct,anatomy:construct,nodes.4.removable,1,,,explicit-serialized
AnatomyProfileSO|anatomy:construct,anatomy:construct,nodes.4.pairedGroupId,arms,,,explicit-serialized
AnatomyProfileSO|anatomy:construct,anatomy:construct,nodes.4.legacyBodyPart,2,,,explicit-serialized
AnatomyProfileSO|anatomy:construct,anatomy:construct,nodes.4.mapsToLegacyBodyPart,1,,,explicit-serialized
AnatomyProfileSO|anatomy:construct,anatomy:construct,nodes.5.nodeId,arm:right,,,explicit-serialized
AnatomyProfileSO|anatomy:construct,anatomy:construct,nodes.5.displayName,오른쪽 작업팔,,,explicit-serialized
AnatomyProfileSO|anatomy:construct,anatomy:construct,nodes.5.parentNodeId,torso,,,explicit-serialized
AnatomyProfileSO|anatomy:construct,anatomy:construct,nodes.5.kind,3,,,explicit-serialized
AnatomyProfileSO|anatomy:construct,anatomy:construct,nodes.5.functions,64,,,explicit-serialized
AnatomyProfileSO|anatomy:construct,anatomy:construct,nodes.5.maxHealth,38,,,explicit-serialized
AnatomyProfileSO|anatomy:construct,anatomy:construct,nodes.5.capacityWeight,0.5,,,explicit-serialized
AnatomyProfileSO|anatomy:construct,anatomy:construct,nodes.5.vital,0,,,explicit-serialized
AnatomyProfileSO|anatomy:construct,anatomy:construct,nodes.5.removable,1,,,explicit-serialized
AnatomyProfileSO|anatomy:construct,anatomy:construct,nodes.5.pairedGroupId,arms,,,explicit-serialized
AnatomyProfileSO|anatomy:construct,anatomy:construct,nodes.5.legacyBodyPart,3,,,explicit-serialized
AnatomyProfileSO|anatomy:construct,anatomy:construct,nodes.5.mapsToLegacyBodyPart,1,,,explicit-serialized
AnatomyProfileSO|anatomy:construct,anatomy:construct,nodes.6.nodeId,leg:left,,,explicit-serialized
AnatomyProfileSO|anatomy:construct,anatomy:construct,nodes.6.displayName,왼쪽 지지각,,,explicit-serialized
AnatomyProfileSO|anatomy:construct,anatomy:construct,nodes.6.parentNodeId,torso,,,explicit-serialized
AnatomyProfileSO|anatomy:construct,anatomy:construct,nodes.6.kind,3,,,explicit-serialized
AnatomyProfileSO|anatomy:construct,anatomy:construct,nodes.6.functions,128,,,explicit-serialized
AnatomyProfileSO|anatomy:construct,anatomy:construct,nodes.6.maxHealth,44,,,explicit-serialized
AnatomyProfileSO|anatomy:construct,anatomy:construct,nodes.6.capacityWeight,0.5,,,explicit-serialized
AnatomyProfileSO|anatomy:construct,anatomy:construct,nodes.6.vital,0,,,explicit-serialized
AnatomyProfileSO|anatomy:construct,anatomy:construct,nodes.6.removable,1,,,explicit-serialized
AnatomyProfileSO|anatomy:construct,anatomy:construct,nodes.6.pairedGroupId,legs,,,explicit-serialized
AnatomyProfileSO|anatomy:construct,anatomy:construct,nodes.6.legacyBodyPart,4,,,explicit-serialized
AnatomyProfileSO|anatomy:construct,anatomy:construct,nodes.6.mapsToLegacyBodyPart,1,,,explicit-serialized
AnatomyProfileSO|anatomy:construct,anatomy:construct,nodes.7.nodeId,leg:right,,,explicit-serialized
AnatomyProfileSO|anatomy:construct,anatomy:construct,nodes.7.displayName,오른쪽 지지각,,,explicit-serialized
AnatomyProfileSO|anatomy:construct,anatomy:construct,nodes.7.parentNodeId,torso,,,explicit-serialized
AnatomyProfileSO|anatomy:construct,anatomy:construct,nodes.7.kind,3,,,explicit-serialized
AnatomyProfileSO|anatomy:construct,anatomy:construct,nodes.7.functions,128,,,explicit-serialized
AnatomyProfileSO|anatomy:construct,anatomy:construct,nodes.7.maxHealth,44,,,explicit-serialized
AnatomyProfileSO|anatomy:construct,anatomy:construct,nodes.7.capacityWeight,0.5,,,explicit-serialized
AnatomyProfileSO|anatomy:construct,anatomy:construct,nodes.7.vital,0,,,explicit-serialized
AnatomyProfileSO|anatomy:construct,anatomy:construct,nodes.7.removable,1,,,explicit-serialized
AnatomyProfileSO|anatomy:construct,anatomy:construct,nodes.7.pairedGroupId,legs,,,explicit-serialized
AnatomyProfileSO|anatomy:construct,anatomy:construct,nodes.7.legacyBodyPart,5,,,explicit-serialized
AnatomyProfileSO|anatomy:construct,anatomy:construct,nodes.7.mapsToLegacyBodyPart,1,,,explicit-serialized
AnatomyProfileSO|anatomy:construct,anatomy:construct,notApplicableCapacities,[],,,explicit-serialized
AnatomyProfileSO|anatomy:construct,anatomy:construct,CapacityId,0,CharacterFunctionalCapacityId,Mental Maintenance,implicit-csharp-default
AnatomyProfileSO|anatomy:construct,anatomy:construct,capacityId,0,CharacterFunctionalCapacityId,Mental Maintenance,implicit-csharp-default
AnatomyProfileSO|anatomy:demon,anatomy:demon,m_Name,anatomy_demon,,,explicit-serialized
AnatomyProfileSO|anatomy:demon,anatomy:demon,profileId,anatomy:demon,,,explicit-serialized
AnatomyProfileSO|anatomy:demon,anatomy:demon,displayName,데몬 해부 구조,,,explicit-serialized
AnatomyProfileSO|anatomy:demon,anatomy:demon,anatomyFamily,humanoid,,,explicit-serialized
AnatomyProfileSO|anatomy:demon,anatomy:demon,speciesIds.0,Demon,,,explicit-serialized
AnatomyProfileSO|anatomy:demon,anatomy:demon,nodes.0.nodeId,head,,,explicit-serialized
AnatomyProfileSO|anatomy:demon,anatomy:demon,nodes.0.displayName,머리,,,explicit-serialized
AnatomyProfileSO|anatomy:demon,anatomy:demon,nodes.0.parentNodeId,,,,explicit-serialized
AnatomyProfileSO|anatomy:demon,anatomy:demon,nodes.0.kind,0,,,explicit-serialized
AnatomyProfileSO|anatomy:demon,anatomy:demon,nodes.0.functions,6,,,explicit-serialized
AnatomyProfileSO|anatomy:demon,anatomy:demon,nodes.0.maxHealth,21,,,explicit-serialized
AnatomyProfileSO|anatomy:demon,anatomy:demon,nodes.0.capacityWeight,0.3,,,explicit-serialized
AnatomyProfileSO|anatomy:demon,anatomy:demon,nodes.0.vital,1,,,explicit-serialized
AnatomyProfileSO|anatomy:demon,anatomy:demon,nodes.0.removable,0,,,explicit-serialized
AnatomyProfileSO|anatomy:demon,anatomy:demon,nodes.0.pairedGroupId,,,,explicit-serialized
AnatomyProfileSO|anatomy:demon,anatomy:demon,nodes.0.legacyBodyPart,0,,,explicit-serialized
AnatomyProfileSO|anatomy:demon,anatomy:demon,nodes.0.mapsToLegacyBodyPart,1,,,explicit-serialized
AnatomyProfileSO|anatomy:demon,anatomy:demon,nodes.1.nodeId,brain,,,explicit-serialized
AnatomyProfileSO|anatomy:demon,anatomy:demon,nodes.1.displayName,뇌,,,explicit-serialized
AnatomyProfileSO|anatomy:demon,anatomy:demon,nodes.1.parentNodeId,head,,,explicit-serialized
AnatomyProfileSO|anatomy:demon,anatomy:demon,nodes.1.kind,1,,,explicit-serialized
AnatomyProfileSO|anatomy:demon,anatomy:demon,nodes.1.functions,2,,,explicit-serialized
AnatomyProfileSO|anatomy:demon,anatomy:demon,nodes.1.maxHealth,13,,,explicit-serialized
AnatomyProfileSO|anatomy:demon,anatomy:demon,nodes.1.capacityWeight,0.7,,,explicit-serialized
AnatomyProfileSO|anatomy:demon,anatomy:demon,nodes.1.vital,1,,,explicit-serialized
AnatomyProfileSO|anatomy:demon,anatomy:demon,nodes.1.removable,0,,,explicit-serialized
AnatomyProfileSO|anatomy:demon,anatomy:demon,nodes.1.pairedGroupId,,,,explicit-serialized
AnatomyProfileSO|anatomy:demon,anatomy:demon,nodes.1.legacyBodyPart,0,,,explicit-serialized
AnatomyProfileSO|anatomy:demon,anatomy:demon,nodes.1.mapsToLegacyBodyPart,0,,,explicit-serialized
AnatomyProfileSO|anatomy:demon,anatomy:demon,nodes.2.nodeId,eyes,,,explicit-serialized
AnatomyProfileSO|anatomy:demon,anatomy:demon,nodes.2.displayName,두 눈,,,explicit-serialized
AnatomyProfileSO|anatomy:demon,anatomy:demon,nodes.2.parentNodeId,head,,,explicit-serialized
AnatomyProfileSO|anatomy:demon,anatomy:demon,nodes.2.kind,2,,,explicit-serialized
AnatomyProfileSO|anatomy:demon,anatomy:demon,nodes.2.functions,4,,,explicit-serialized
AnatomyProfileSO|anatomy:demon,anatomy:demon,nodes.2.maxHealth,11,,,explicit-serialized
AnatomyProfileSO|anatomy:demon,anatomy:demon,nodes.2.capacityWeight,1,,,explicit-serialized
AnatomyProfileSO|anatomy:demon,anatomy:demon,nodes.2.vital,0,,,explicit-serialized
AnatomyProfileSO|anatomy:demon,anatomy:demon,nodes.2.removable,1,,,explicit-serialized
AnatomyProfileSO|anatomy:demon,anatomy:demon,nodes.2.pairedGroupId,,,,explicit-serialized
AnatomyProfileSO|anatomy:demon,anatomy:demon,nodes.2.legacyBodyPart,0,,,explicit-serialized
AnatomyProfileSO|anatomy:demon,anatomy:demon,nodes.2.mapsToLegacyBodyPart,0,,,explicit-serialized
AnatomyProfileSO|anatomy:demon,anatomy:demon,nodes.3.nodeId,horn:left,,,explicit-serialized
AnatomyProfileSO|anatomy:demon,anatomy:demon,nodes.3.displayName,왼쪽 뿔,,,explicit-serialized
AnatomyProfileSO|anatomy:demon,anatomy:demon,nodes.3.parentNodeId,head,,,explicit-serialized
AnatomyProfileSO|anatomy:demon,anatomy:demon,nodes.3.kind,0,,,explicit-serialized
AnatomyProfileSO|anatomy:demon,anatomy:demon,nodes.3.functions,1,,,explicit-serialized
AnatomyProfileSO|anatomy:demon,anatomy:demon,nodes.3.maxHealth,17,,,explicit-serialized
AnatomyProfileSO|anatomy:demon,anatomy:demon,nodes.3.capacityWeight,0.1,,,explicit-serialized
AnatomyProfileSO|anatomy:demon,anatomy:demon,nodes.3.vital,0,,,explicit-serialized
AnatomyProfileSO|anatomy:demon,anatomy:demon,nodes.3.removable,1,,,explicit-serialized
AnatomyProfileSO|anatomy:demon,anatomy:demon,nodes.3.pairedGroupId,horns,,,explicit-serialized
AnatomyProfileSO|anatomy:demon,anatomy:demon,nodes.3.legacyBodyPart,0,,,explicit-serialized
AnatomyProfileSO|anatomy:demon,anatomy:demon,nodes.3.mapsToLegacyBodyPart,0,,,explicit-serialized
AnatomyProfileSO|anatomy:demon,anatomy:demon,nodes.4.nodeId,horn:right,,,explicit-serialized
AnatomyProfileSO|anatomy:demon,anatomy:demon,nodes.4.displayName,오른쪽 뿔,,,explicit-serialized
AnatomyProfileSO|anatomy:demon,anatomy:demon,nodes.4.parentNodeId,head,,,explicit-serialized
AnatomyProfileSO|anatomy:demon,anatomy:demon,nodes.4.kind,0,,,explicit-serialized
AnatomyProfileSO|anatomy:demon,anatomy:demon,nodes.4.functions,1,,,explicit-serialized
AnatomyProfileSO|anatomy:demon,anatomy:demon,nodes.4.maxHealth,17,,,explicit-serialized
AnatomyProfileSO|anatomy:demon,anatomy:demon,nodes.4.capacityWeight,0.1,,,explicit-serialized
AnatomyProfileSO|anatomy:demon,anatomy:demon,nodes.4.vital,0,,,explicit-serialized
AnatomyProfileSO|anatomy:demon,anatomy:demon,nodes.4.removable,1,,,explicit-serialized
AnatomyProfileSO|anatomy:demon,anatomy:demon,nodes.4.pairedGroupId,horns,,,explicit-serialized
AnatomyProfileSO|anatomy:demon,anatomy:demon,nodes.4.legacyBodyPart,0,,,explicit-serialized
AnatomyProfileSO|anatomy:demon,anatomy:demon,nodes.4.mapsToLegacyBodyPart,0,,,explicit-serialized
AnatomyProfileSO|anatomy:demon,anatomy:demon,nodes.5.nodeId,torso,,,explicit-serialized
AnatomyProfileSO|anatomy:demon,anatomy:demon,nodes.5.displayName,몸통,,,explicit-serialized
AnatomyProfileSO|anatomy:demon,anatomy:demon,nodes.5.parentNodeId,,,,explicit-serialized
AnatomyProfileSO|anatomy:demon,anatomy:demon,nodes.5.kind,4,,,explicit-serialized
AnatomyProfileSO|anatomy:demon,anatomy:demon,nodes.5.functions,1,,,explicit-serialized
AnatomyProfileSO|anatomy:demon,anatomy:demon,nodes.5.maxHealth,50,,,explicit-serialized
AnatomyProfileSO|anatomy:demon,anatomy:demon,nodes.5.capacityWeight,0.35,,,explicit-serialized
AnatomyProfileSO|anatomy:demon,anatomy:demon,nodes.5.vital,1,,,explicit-serialized
AnatomyProfileSO|anatomy:demon,anatomy:demon,nodes.5.removable,0,,,explicit-serialized
AnatomyProfileSO|anatomy:demon,anatomy:demon,nodes.5.pairedGroupId,,,,explicit-serialized
AnatomyProfileSO|anatomy:demon,anatomy:demon,nodes.5.legacyBodyPart,1,,,explicit-serialized
AnatomyProfileSO|anatomy:demon,anatomy:demon,nodes.5.mapsToLegacyBodyPart,1,,,explicit-serialized
AnatomyProfileSO|anatomy:demon,anatomy:demon,nodes.6.nodeId,mana-core,,,explicit-serialized
AnatomyProfileSO|anatomy:demon,anatomy:demon,nodes.6.displayName,마핵,,,explicit-serialized
AnatomyProfileSO|anatomy:demon,anatomy:demon,nodes.6.parentNodeId,torso,,,explicit-serialized
AnatomyProfileSO|anatomy:demon,anatomy:demon,nodes.6.kind,4,,,explicit-serialized
AnatomyProfileSO|anatomy:demon,anatomy:demon,nodes.6.functions,8211,,,explicit-serialized
AnatomyProfileSO|anatomy:demon,anatomy:demon,nodes.6.maxHealth,24,,,explicit-serialized
AnatomyProfileSO|anatomy:demon,anatomy:demon,nodes.6.capacityWeight,0.45,,,explicit-serialized
AnatomyProfileSO|anatomy:demon,anatomy:demon,nodes.6.vital,1,,,explicit-serialized
AnatomyProfileSO|anatomy:demon,anatomy:demon,nodes.6.removable,1,,,explicit-serialized
AnatomyProfileSO|anatomy:demon,anatomy:demon,nodes.6.pairedGroupId,,,,explicit-serialized
AnatomyProfileSO|anatomy:demon,anatomy:demon,nodes.6.legacyBodyPart,0,,,explicit-serialized
AnatomyProfileSO|anatomy:demon,anatomy:demon,nodes.6.mapsToLegacyBodyPart,0,,,explicit-serialized
AnatomyProfileSO|anatomy:demon,anatomy:demon,nodes.7.nodeId,heat-sac,,,explicit-serialized
AnatomyProfileSO|anatomy:demon,anatomy:demon,nodes.7.displayName,열낭,,,explicit-serialized
AnatomyProfileSO|anatomy:demon,anatomy:demon,nodes.7.parentNodeId,torso,,,explicit-serialized
AnatomyProfileSO|anatomy:demon,anatomy:demon,nodes.7.kind,1,,,explicit-serialized
AnatomyProfileSO|anatomy:demon,anatomy:demon,nodes.7.functions,40,,,explicit-serialized
AnatomyProfileSO|anatomy:demon,anatomy:demon,nodes.7.maxHealth,21,,,explicit-serialized
AnatomyProfileSO|anatomy:demon,anatomy:demon,nodes.7.capacityWeight,0.2,,,explicit-serialized
AnatomyProfileSO|anatomy:demon,anatomy:demon,nodes.7.vital,0,,,explicit-serialized
AnatomyProfileSO|anatomy:demon,anatomy:demon,nodes.7.removable,1,,,explicit-serialized
AnatomyProfileSO|anatomy:demon,anatomy:demon,nodes.7.pairedGroupId,,,,explicit-serialized
AnatomyProfileSO|anatomy:demon,anatomy:demon,nodes.7.legacyBodyPart,0,,,explicit-serialized
AnatomyProfileSO|anatomy:demon,anatomy:demon,nodes.7.mapsToLegacyBodyPart,0,,,explicit-serialized
AnatomyProfileSO|anatomy:demon,anatomy:demon,nodes.8.nodeId,arm:left,,,explicit-serialized
AnatomyProfileSO|anatomy:demon,anatomy:demon,nodes.8.displayName,왼팔,,,explicit-serialized
AnatomyProfileSO|anatomy:demon,anatomy:demon,nodes.8.parentNodeId,torso,,,explicit-serialized
AnatomyProfileSO|anatomy:demon,anatomy:demon,nodes.8.kind,3,,,explicit-serialized
AnatomyProfileSO|anatomy:demon,anatomy:demon,nodes.8.functions,1088,,,explicit-serialized
AnatomyProfileSO|anatomy:demon,anatomy:demon,nodes.8.maxHealth,27,,,explicit-serialized
AnatomyProfileSO|anatomy:demon,anatomy:demon,nodes.8.capacityWeight,0.5,,,explicit-serialized
AnatomyProfileSO|anatomy:demon,anatomy:demon,nodes.8.vital,0,,,explicit-serialized
AnatomyProfileSO|anatomy:demon,anatomy:demon,nodes.8.removable,1,,,explicit-serialized
AnatomyProfileSO|anatomy:demon,anatomy:demon,nodes.8.pairedGroupId,arms,,,explicit-serialized
AnatomyProfileSO|anatomy:demon,anatomy:demon,nodes.8.legacyBodyPart,2,,,explicit-serialized
AnatomyProfileSO|anatomy:demon,anatomy:demon,nodes.8.mapsToLegacyBodyPart,1,,,explicit-serialized
AnatomyProfileSO|anatomy:demon,anatomy:demon,nodes.9.nodeId,arm:right,,,explicit-serialized
AnatomyProfileSO|anatomy:demon,anatomy:demon,nodes.9.displayName,오른팔,,,explicit-serialized
AnatomyProfileSO|anatomy:demon,anatomy:demon,nodes.9.parentNodeId,torso,,,explicit-serialized
AnatomyProfileSO|anatomy:demon,anatomy:demon,nodes.9.kind,3,,,explicit-serialized
AnatomyProfileSO|anatomy:demon,anatomy:demon,nodes.9.functions,64,,,explicit-serialized
AnatomyProfileSO|anatomy:demon,anatomy:demon,nodes.9.maxHealth,27,,,explicit-serialized
AnatomyProfileSO|anatomy:demon,anatomy:demon,nodes.9.capacityWeight,0.5,,,explicit-serialized
AnatomyProfileSO|anatomy:demon,anatomy:demon,nodes.9.vital,0,,,explicit-serialized
AnatomyProfileSO|anatomy:demon,anatomy:demon,nodes.9.removable,1,,,explicit-serialized
AnatomyProfileSO|anatomy:demon,anatomy:demon,nodes.9.pairedGroupId,arms,,,explicit-serialized
AnatomyProfileSO|anatomy:demon,anatomy:demon,nodes.9.legacyBodyPart,3,,,explicit-serialized
AnatomyProfileSO|anatomy:demon,anatomy:demon,nodes.9.mapsToLegacyBodyPart,1,,,explicit-serialized
AnatomyProfileSO|anatomy:demon,anatomy:demon,nodes.10.nodeId,leg:left,,,explicit-serialized
AnatomyProfileSO|anatomy:demon,anatomy:demon,nodes.10.displayName,왼다리,,,explicit-serialized
AnatomyProfileSO|anatomy:demon,anatomy:demon,nodes.10.parentNodeId,torso,,,explicit-serialized
AnatomyProfileSO|anatomy:demon,anatomy:demon,nodes.10.kind,3,,,explicit-serialized
AnatomyProfileSO|anatomy:demon,anatomy:demon,nodes.10.functions,128,,,explicit-serialized
AnatomyProfileSO|anatomy:demon,anatomy:demon,nodes.10.maxHealth,29,,,explicit-serialized
AnatomyProfileSO|anatomy:demon,anatomy:demon,nodes.10.capacityWeight,0.45,,,explicit-serialized
AnatomyProfileSO|anatomy:demon,anatomy:demon,nodes.10.vital,0,,,explicit-serialized
AnatomyProfileSO|anatomy:demon,anatomy:demon,nodes.10.removable,1,,,explicit-serialized
AnatomyProfileSO|anatomy:demon,anatomy:demon,nodes.10.pairedGroupId,legs,,,explicit-serialized
AnatomyProfileSO|anatomy:demon,anatomy:demon,nodes.10.legacyBodyPart,4,,,explicit-serialized
AnatomyProfileSO|anatomy:demon,anatomy:demon,nodes.10.mapsToLegacyBodyPart,1,,,explicit-serialized
AnatomyProfileSO|anatomy:demon,anatomy:demon,nodes.11.nodeId,leg:right,,,explicit-serialized
AnatomyProfileSO|anatomy:demon,anatomy:demon,nodes.11.displayName,오른다리,,,explicit-serialized
AnatomyProfileSO|anatomy:demon,anatomy:demon,nodes.11.parentNodeId,torso,,,explicit-serialized
AnatomyProfileSO|anatomy:demon,anatomy:demon,nodes.11.kind,3,,,explicit-serialized
AnatomyProfileSO|anatomy:demon,anatomy:demon,nodes.11.functions,128,,,explicit-serialized
AnatomyProfileSO|anatomy:demon,anatomy:demon,nodes.11.maxHealth,29,,,explicit-serialized
AnatomyProfileSO|anatomy:demon,anatomy:demon,nodes.11.capacityWeight,0.45,,,explicit-serialized
AnatomyProfileSO|anatomy:demon,anatomy:demon,nodes.11.vital,0,,,explicit-serialized
AnatomyProfileSO|anatomy:demon,anatomy:demon,nodes.11.removable,1,,,explicit-serialized
AnatomyProfileSO|anatomy:demon,anatomy:demon,nodes.11.pairedGroupId,legs,,,explicit-serialized
AnatomyProfileSO|anatomy:demon,anatomy:demon,nodes.11.legacyBodyPart,5,,,explicit-serialized
AnatomyProfileSO|anatomy:demon,anatomy:demon,nodes.11.mapsToLegacyBodyPart,1,,,explicit-serialized
AnatomyProfileSO|anatomy:demon,anatomy:demon,nodes.12.nodeId,tail,,,explicit-serialized
AnatomyProfileSO|anatomy:demon,anatomy:demon,nodes.12.displayName,꼬리,,,explicit-serialized
AnatomyProfileSO|anatomy:demon,anatomy:demon,nodes.12.parentNodeId,torso,,,explicit-serialized
AnatomyProfileSO|anatomy:demon,anatomy:demon,nodes.12.kind,3,,,explicit-serialized
AnatomyProfileSO|anatomy:demon,anatomy:demon,nodes.12.functions,128,,,explicit-serialized
AnatomyProfileSO|anatomy:demon,anatomy:demon,nodes.12.maxHealth,24,,,explicit-serialized
AnatomyProfileSO|anatomy:demon,anatomy:demon,nodes.12.capacityWeight,0.1,,,explicit-serialized
AnatomyProfileSO|anatomy:demon,anatomy:demon,nodes.12.vital,0,,,explicit-serialized
AnatomyProfileSO|anatomy:demon,anatomy:demon,nodes.12.removable,1,,,explicit-serialized
AnatomyProfileSO|anatomy:demon,anatomy:demon,nodes.12.pairedGroupId,,,,explicit-serialized
AnatomyProfileSO|anatomy:demon,anatomy:demon,nodes.12.legacyBodyPart,0,,,explicit-serialized
AnatomyProfileSO|anatomy:demon,anatomy:demon,nodes.12.mapsToLegacyBodyPart,0,,,explicit-serialized
AnatomyProfileSO|anatomy:demon,anatomy:demon,notApplicableCapacities,[],,,explicit-serialized
AnatomyProfileSO|anatomy:demon,anatomy:demon,CapacityId,0,CharacterFunctionalCapacityId,Mental Maintenance,implicit-csharp-default
AnatomyProfileSO|anatomy:demon,anatomy:demon,capacityId,0,CharacterFunctionalCapacityId,Mental Maintenance,implicit-csharp-default
AnatomyProfileSO|anatomy:fungal,anatomy:fungal,m_Name,anatomy_fungal,,,explicit-serialized
AnatomyProfileSO|anatomy:fungal,anatomy:fungal,profileId,anatomy:fungal,,,explicit-serialized
AnatomyProfileSO|anatomy:fungal,anatomy:fungal,displayName,균사 군체 구조,,,explicit-serialized
AnatomyProfileSO|anatomy:fungal,anatomy:fungal,anatomyFamily,fungal,,,explicit-serialized
AnatomyProfileSO|anatomy:fungal,anatomy:fungal,speciesIds.0,Myconid,,,explicit-serialized
AnatomyProfileSO|anatomy:fungal,anatomy:fungal,nodes.0.nodeId,head,,,explicit-serialized
AnatomyProfileSO|anatomy:fungal,anatomy:fungal,nodes.0.displayName,균모,,,explicit-serialized
AnatomyProfileSO|anatomy:fungal,anatomy:fungal,nodes.0.parentNodeId,,,,explicit-serialized
AnatomyProfileSO|anatomy:fungal,anatomy:fungal,nodes.0.kind,0,,,explicit-serialized
AnatomyProfileSO|anatomy:fungal,anatomy:fungal,nodes.0.functions,36,,,explicit-serialized
AnatomyProfileSO|anatomy:fungal,anatomy:fungal,nodes.0.maxHealth,24,,,explicit-serialized
AnatomyProfileSO|anatomy:fungal,anatomy:fungal,nodes.0.capacityWeight,0.5,,,explicit-serialized
AnatomyProfileSO|anatomy:fungal,anatomy:fungal,nodes.0.vital,0,,,explicit-serialized
AnatomyProfileSO|anatomy:fungal,anatomy:fungal,nodes.0.removable,1,,,explicit-serialized
AnatomyProfileSO|anatomy:fungal,anatomy:fungal,nodes.0.pairedGroupId,,,,explicit-serialized
AnatomyProfileSO|anatomy:fungal,anatomy:fungal,nodes.0.legacyBodyPart,0,,,explicit-serialized
AnatomyProfileSO|anatomy:fungal,anatomy:fungal,nodes.0.mapsToLegacyBodyPart,1,,,explicit-serialized
AnatomyProfileSO|anatomy:fungal,anatomy:fungal,nodes.1.nodeId,spore-sac,,,explicit-serialized
AnatomyProfileSO|anatomy:fungal,anatomy:fungal,nodes.1.displayName,포자낭,,,explicit-serialized
AnatomyProfileSO|anatomy:fungal,anatomy:fungal,nodes.1.parentNodeId,head,,,explicit-serialized
AnatomyProfileSO|anatomy:fungal,anatomy:fungal,nodes.1.kind,1,,,explicit-serialized
AnatomyProfileSO|anatomy:fungal,anatomy:fungal,nodes.1.functions,40,,,explicit-serialized
AnatomyProfileSO|anatomy:fungal,anatomy:fungal,nodes.1.maxHealth,16,,,explicit-serialized
AnatomyProfileSO|anatomy:fungal,anatomy:fungal,nodes.1.capacityWeight,0.8,,,explicit-serialized
AnatomyProfileSO|anatomy:fungal,anatomy:fungal,nodes.1.vital,0,,,explicit-serialized
AnatomyProfileSO|anatomy:fungal,anatomy:fungal,nodes.1.removable,1,,,explicit-serialized
AnatomyProfileSO|anatomy:fungal,anatomy:fungal,nodes.1.pairedGroupId,,,,explicit-serialized
AnatomyProfileSO|anatomy:fungal,anatomy:fungal,nodes.1.legacyBodyPart,0,,,explicit-serialized
AnatomyProfileSO|anatomy:fungal,anatomy:fungal,nodes.1.mapsToLegacyBodyPart,0,,,explicit-serialized
AnatomyProfileSO|anatomy:fungal,anatomy:fungal,nodes.2.nodeId,torso,,,explicit-serialized
AnatomyProfileSO|anatomy:fungal,anatomy:fungal,nodes.2.displayName,균사 몸통,,,explicit-serialized
AnatomyProfileSO|anatomy:fungal,anatomy:fungal,nodes.2.parentNodeId,,,,explicit-serialized
AnatomyProfileSO|anatomy:fungal,anatomy:fungal,nodes.2.kind,4,,,explicit-serialized
AnatomyProfileSO|anatomy:fungal,anatomy:fungal,nodes.2.functions,9235,,,explicit-serialized
AnatomyProfileSO|anatomy:fungal,anatomy:fungal,nodes.2.maxHealth,48,,,explicit-serialized
AnatomyProfileSO|anatomy:fungal,anatomy:fungal,nodes.2.capacityWeight,1,,,explicit-serialized
AnatomyProfileSO|anatomy:fungal,anatomy:fungal,nodes.2.vital,1,,,explicit-serialized
AnatomyProfileSO|anatomy:fungal,anatomy:fungal,nodes.2.removable,0,,,explicit-serialized
AnatomyProfileSO|anatomy:fungal,anatomy:fungal,nodes.2.pairedGroupId,,,,explicit-serialized
AnatomyProfileSO|anatomy:fungal,anatomy:fungal,nodes.2.legacyBodyPart,1,,,explicit-serialized
AnatomyProfileSO|anatomy:fungal,anatomy:fungal,nodes.2.mapsToLegacyBodyPart,1,,,explicit-serialized
AnatomyProfileSO|anatomy:fungal,anatomy:fungal,nodes.3.nodeId,hypha-core,,,explicit-serialized
AnatomyProfileSO|anatomy:fungal,anatomy:fungal,nodes.3.displayName,중심 균핵,,,explicit-serialized
AnatomyProfileSO|anatomy:fungal,anatomy:fungal,nodes.3.parentNodeId,torso,,,explicit-serialized
AnatomyProfileSO|anatomy:fungal,anatomy:fungal,nodes.3.kind,4,,,explicit-serialized
AnatomyProfileSO|anatomy:fungal,anatomy:fungal,nodes.3.functions,3,,,explicit-serialized
AnatomyProfileSO|anatomy:fungal,anatomy:fungal,nodes.3.maxHealth,18,,,explicit-serialized
AnatomyProfileSO|anatomy:fungal,anatomy:fungal,nodes.3.capacityWeight,1,,,explicit-serialized
AnatomyProfileSO|anatomy:fungal,anatomy:fungal,nodes.3.vital,1,,,explicit-serialized
AnatomyProfileSO|anatomy:fungal,anatomy:fungal,nodes.3.removable,0,,,explicit-serialized
AnatomyProfileSO|anatomy:fungal,anatomy:fungal,nodes.3.pairedGroupId,,,,explicit-serialized
AnatomyProfileSO|anatomy:fungal,anatomy:fungal,nodes.3.legacyBodyPart,0,,,explicit-serialized
AnatomyProfileSO|anatomy:fungal,anatomy:fungal,nodes.3.mapsToLegacyBodyPart,0,,,explicit-serialized
AnatomyProfileSO|anatomy:fungal,anatomy:fungal,nodes.4.nodeId,arm:left,,,explicit-serialized
AnatomyProfileSO|anatomy:fungal,anatomy:fungal,nodes.4.displayName,왼쪽 균사팔,,,explicit-serialized
AnatomyProfileSO|anatomy:fungal,anatomy:fungal,nodes.4.parentNodeId,torso,,,explicit-serialized
AnatomyProfileSO|anatomy:fungal,anatomy:fungal,nodes.4.kind,3,,,explicit-serialized
AnatomyProfileSO|anatomy:fungal,anatomy:fungal,nodes.4.functions,64,,,explicit-serialized
AnatomyProfileSO|anatomy:fungal,anatomy:fungal,nodes.4.maxHealth,20,,,explicit-serialized
AnatomyProfileSO|anatomy:fungal,anatomy:fungal,nodes.4.capacityWeight,0.5,,,explicit-serialized
AnatomyProfileSO|anatomy:fungal,anatomy:fungal,nodes.4.vital,0,,,explicit-serialized
AnatomyProfileSO|anatomy:fungal,anatomy:fungal,nodes.4.removable,1,,,explicit-serialized
AnatomyProfileSO|anatomy:fungal,anatomy:fungal,nodes.4.pairedGroupId,arms,,,explicit-serialized
AnatomyProfileSO|anatomy:fungal,anatomy:fungal,nodes.4.legacyBodyPart,2,,,explicit-serialized
AnatomyProfileSO|anatomy:fungal,anatomy:fungal,nodes.4.mapsToLegacyBodyPart,1,,,explicit-serialized
AnatomyProfileSO|anatomy:fungal,anatomy:fungal,nodes.5.nodeId,arm:right,,,explicit-serialized
AnatomyProfileSO|anatomy:fungal,anatomy:fungal,nodes.5.displayName,오른쪽 균사팔,,,explicit-serialized
AnatomyProfileSO|anatomy:fungal,anatomy:fungal,nodes.5.parentNodeId,torso,,,explicit-serialized
AnatomyProfileSO|anatomy:fungal,anatomy:fungal,nodes.5.kind,3,,,explicit-serialized
AnatomyProfileSO|anatomy:fungal,anatomy:fungal,nodes.5.functions,64,,,explicit-serialized
AnatomyProfileSO|anatomy:fungal,anatomy:fungal,nodes.5.maxHealth,20,,,explicit-serialized
AnatomyProfileSO|anatomy:fungal,anatomy:fungal,nodes.5.capacityWeight,0.5,,,explicit-serialized
AnatomyProfileSO|anatomy:fungal,anatomy:fungal,nodes.5.vital,0,,,explicit-serialized
AnatomyProfileSO|anatomy:fungal,anatomy:fungal,nodes.5.removable,1,,,explicit-serialized
AnatomyProfileSO|anatomy:fungal,anatomy:fungal,nodes.5.pairedGroupId,arms,,,explicit-serialized
AnatomyProfileSO|anatomy:fungal,anatomy:fungal,nodes.5.legacyBodyPart,3,,,explicit-serialized
AnatomyProfileSO|anatomy:fungal,anatomy:fungal,nodes.5.mapsToLegacyBodyPart,1,,,explicit-serialized
AnatomyProfileSO|anatomy:fungal,anatomy:fungal,nodes.6.nodeId,leg:left,,,explicit-serialized
AnatomyProfileSO|anatomy:fungal,anatomy:fungal,nodes.6.displayName,왼쪽 균사다리,,,explicit-serialized
AnatomyProfileSO|anatomy:fungal,anatomy:fungal,nodes.6.parentNodeId,torso,,,explicit-serialized
AnatomyProfileSO|anatomy:fungal,anatomy:fungal,nodes.6.kind,3,,,explicit-serialized
AnatomyProfileSO|anatomy:fungal,anatomy:fungal,nodes.6.functions,128,,,explicit-serialized
AnatomyProfileSO|anatomy:fungal,anatomy:fungal,nodes.6.maxHealth,22,,,explicit-serialized
AnatomyProfileSO|anatomy:fungal,anatomy:fungal,nodes.6.capacityWeight,0.5,,,explicit-serialized
AnatomyProfileSO|anatomy:fungal,anatomy:fungal,nodes.6.vital,0,,,explicit-serialized
AnatomyProfileSO|anatomy:fungal,anatomy:fungal,nodes.6.removable,1,,,explicit-serialized
AnatomyProfileSO|anatomy:fungal,anatomy:fungal,nodes.6.pairedGroupId,legs,,,explicit-serialized
AnatomyProfileSO|anatomy:fungal,anatomy:fungal,nodes.6.legacyBodyPart,4,,,explicit-serialized
AnatomyProfileSO|anatomy:fungal,anatomy:fungal,nodes.6.mapsToLegacyBodyPart,1,,,explicit-serialized
AnatomyProfileSO|anatomy:fungal,anatomy:fungal,nodes.7.nodeId,leg:right,,,explicit-serialized
AnatomyProfileSO|anatomy:fungal,anatomy:fungal,nodes.7.displayName,오른쪽 균사다리,,,explicit-serialized
AnatomyProfileSO|anatomy:fungal,anatomy:fungal,nodes.7.parentNodeId,torso,,,explicit-serialized
AnatomyProfileSO|anatomy:fungal,anatomy:fungal,nodes.7.kind,3,,,explicit-serialized
AnatomyProfileSO|anatomy:fungal,anatomy:fungal,nodes.7.functions,128,,,explicit-serialized
AnatomyProfileSO|anatomy:fungal,anatomy:fungal,nodes.7.maxHealth,22,,,explicit-serialized
AnatomyProfileSO|anatomy:fungal,anatomy:fungal,nodes.7.capacityWeight,0.5,,,explicit-serialized
AnatomyProfileSO|anatomy:fungal,anatomy:fungal,nodes.7.vital,0,,,explicit-serialized
AnatomyProfileSO|anatomy:fungal,anatomy:fungal,nodes.7.removable,1,,,explicit-serialized
AnatomyProfileSO|anatomy:fungal,anatomy:fungal,nodes.7.pairedGroupId,legs,,,explicit-serialized
AnatomyProfileSO|anatomy:fungal,anatomy:fungal,nodes.7.legacyBodyPart,5,,,explicit-serialized
AnatomyProfileSO|anatomy:fungal,anatomy:fungal,nodes.7.mapsToLegacyBodyPart,1,,,explicit-serialized
AnatomyProfileSO|anatomy:fungal,anatomy:fungal,notApplicableCapacities,[],,,explicit-serialized
AnatomyProfileSO|anatomy:fungal,anatomy:fungal,CapacityId,0,CharacterFunctionalCapacityId,Mental Maintenance,implicit-csharp-default
AnatomyProfileSO|anatomy:fungal,anatomy:fungal,capacityId,0,CharacterFunctionalCapacityId,Mental Maintenance,implicit-csharp-default
AnatomyProfileSO|anatomy:human,anatomy:human,m_Name,anatomy_human,,,explicit-serialized
AnatomyProfileSO|anatomy:human,anatomy:human,profileId,anatomy:human,,,explicit-serialized
AnatomyProfileSO|anatomy:human,anatomy:human,displayName,인간 해부 구조,,,explicit-serialized
AnatomyProfileSO|anatomy:human,anatomy:human,anatomyFamily,humanoid,,,explicit-serialized
AnatomyProfileSO|anatomy:human,anatomy:human,speciesIds.0,Human,,,explicit-serialized
AnatomyProfileSO|anatomy:human,anatomy:human,nodes.0.nodeId,head,,,explicit-serialized
AnatomyProfileSO|anatomy:human,anatomy:human,nodes.0.displayName,머리,,,explicit-serialized
AnatomyProfileSO|anatomy:human,anatomy:human,nodes.0.parentNodeId,,,,explicit-serialized
AnatomyProfileSO|anatomy:human,anatomy:human,nodes.0.kind,0,,,explicit-serialized
AnatomyProfileSO|anatomy:human,anatomy:human,nodes.0.functions,6,,,explicit-serialized
AnatomyProfileSO|anatomy:human,anatomy:human,nodes.0.maxHealth,18,,,explicit-serialized
AnatomyProfileSO|anatomy:human,anatomy:human,nodes.0.capacityWeight,0.35,,,explicit-serialized
AnatomyProfileSO|anatomy:human,anatomy:human,nodes.0.vital,1,,,explicit-serialized
AnatomyProfileSO|anatomy:human,anatomy:human,nodes.0.removable,0,,,explicit-serialized
AnatomyProfileSO|anatomy:human,anatomy:human,nodes.0.pairedGroupId,,,,explicit-serialized
AnatomyProfileSO|anatomy:human,anatomy:human,nodes.0.legacyBodyPart,0,,,explicit-serialized
AnatomyProfileSO|anatomy:human,anatomy:human,nodes.0.mapsToLegacyBodyPart,1,,,explicit-serialized
AnatomyProfileSO|anatomy:human,anatomy:human,nodes.1.nodeId,brain,,,explicit-serialized
AnatomyProfileSO|anatomy:human,anatomy:human,nodes.1.displayName,뇌,,,explicit-serialized
AnatomyProfileSO|anatomy:human,anatomy:human,nodes.1.parentNodeId,head,,,explicit-serialized
AnatomyProfileSO|anatomy:human,anatomy:human,nodes.1.kind,1,,,explicit-serialized
AnatomyProfileSO|anatomy:human,anatomy:human,nodes.1.functions,2,,,explicit-serialized
AnatomyProfileSO|anatomy:human,anatomy:human,nodes.1.maxHealth,12,,,explicit-serialized
AnatomyProfileSO|anatomy:human,anatomy:human,nodes.1.capacityWeight,0.65,,,explicit-serialized
AnatomyProfileSO|anatomy:human,anatomy:human,nodes.1.vital,1,,,explicit-serialized
AnatomyProfileSO|anatomy:human,anatomy:human,nodes.1.removable,0,,,explicit-serialized
AnatomyProfileSO|anatomy:human,anatomy:human,nodes.1.pairedGroupId,,,,explicit-serialized
AnatomyProfileSO|anatomy:human,anatomy:human,nodes.1.legacyBodyPart,0,,,explicit-serialized
AnatomyProfileSO|anatomy:human,anatomy:human,nodes.1.mapsToLegacyBodyPart,0,,,explicit-serialized
AnatomyProfileSO|anatomy:human,anatomy:human,nodes.2.nodeId,eye:left,,,explicit-serialized
AnatomyProfileSO|anatomy:human,anatomy:human,nodes.2.displayName,왼쪽 눈,,,explicit-serialized
AnatomyProfileSO|anatomy:human,anatomy:human,nodes.2.parentNodeId,head,,,explicit-serialized
AnatomyProfileSO|anatomy:human,anatomy:human,nodes.2.kind,2,,,explicit-serialized
AnatomyProfileSO|anatomy:human,anatomy:human,nodes.2.functions,4,,,explicit-serialized
AnatomyProfileSO|anatomy:human,anatomy:human,nodes.2.maxHealth,6,,,explicit-serialized
AnatomyProfileSO|anatomy:human,anatomy:human,nodes.2.capacityWeight,0.5,,,explicit-serialized
AnatomyProfileSO|anatomy:human,anatomy:human,nodes.2.vital,0,,,explicit-serialized
AnatomyProfileSO|anatomy:human,anatomy:human,nodes.2.removable,1,,,explicit-serialized
AnatomyProfileSO|anatomy:human,anatomy:human,nodes.2.pairedGroupId,eyes,,,explicit-serialized
AnatomyProfileSO|anatomy:human,anatomy:human,nodes.2.legacyBodyPart,0,,,explicit-serialized
AnatomyProfileSO|anatomy:human,anatomy:human,nodes.2.mapsToLegacyBodyPart,0,,,explicit-serialized
AnatomyProfileSO|anatomy:human,anatomy:human,nodes.3.nodeId,eye:right,,,explicit-serialized
AnatomyProfileSO|anatomy:human,anatomy:human,nodes.3.displayName,오른쪽 눈,,,explicit-serialized
AnatomyProfileSO|anatomy:human,anatomy:human,nodes.3.parentNodeId,head,,,explicit-serialized
AnatomyProfileSO|anatomy:human,anatomy:human,nodes.3.kind,2,,,explicit-serialized
AnatomyProfileSO|anatomy:human,anatomy:human,nodes.3.functions,4,,,explicit-serialized
AnatomyProfileSO|anatomy:human,anatomy:human,nodes.3.maxHealth,6,,,explicit-serialized
AnatomyProfileSO|anatomy:human,anatomy:human,nodes.3.capacityWeight,0.5,,,explicit-serialized
AnatomyProfileSO|anatomy:human,anatomy:human,nodes.3.vital,0,,,explicit-serialized
AnatomyProfileSO|anatomy:human,anatomy:human,nodes.3.removable,1,,,explicit-serialized
AnatomyProfileSO|anatomy:human,anatomy:human,nodes.3.pairedGroupId,eyes,,,explicit-serialized
AnatomyProfileSO|anatomy:human,anatomy:human,nodes.3.legacyBodyPart,0,,,explicit-serialized
AnatomyProfileSO|anatomy:human,anatomy:human,nodes.3.mapsToLegacyBodyPart,0,,,explicit-serialized
AnatomyProfileSO|anatomy:human,anatomy:human,nodes.4.nodeId,torso,,,explicit-serialized
AnatomyProfileSO|anatomy:human,anatomy:human,nodes.4.displayName,몸통,,,explicit-serialized
AnatomyProfileSO|anatomy:human,anatomy:human,nodes.4.parentNodeId,,,,explicit-serialized
AnatomyProfileSO|anatomy:human,anatomy:human,nodes.4.kind,4,,,explicit-serialized
AnatomyProfileSO|anatomy:human,anatomy:human,nodes.4.functions,9217,,,explicit-serialized
AnatomyProfileSO|anatomy:human,anatomy:human,nodes.4.maxHealth,45,,,explicit-serialized
AnatomyProfileSO|anatomy:human,anatomy:human,nodes.4.capacityWeight,1,,,explicit-serialized
AnatomyProfileSO|anatomy:human,anatomy:human,nodes.4.vital,1,,,explicit-serialized
AnatomyProfileSO|anatomy:human,anatomy:human,nodes.4.removable,0,,,explicit-serialized
AnatomyProfileSO|anatomy:human,anatomy:human,nodes.4.pairedGroupId,,,,explicit-serialized
AnatomyProfileSO|anatomy:human,anatomy:human,nodes.4.legacyBodyPart,1,,,explicit-serialized
AnatomyProfileSO|anatomy:human,anatomy:human,nodes.4.mapsToLegacyBodyPart,1,,,explicit-serialized
AnatomyProfileSO|anatomy:human,anatomy:human,nodes.5.nodeId,heart,,,explicit-serialized
AnatomyProfileSO|anatomy:human,anatomy:human,nodes.5.displayName,심장,,,explicit-serialized
AnatomyProfileSO|anatomy:human,anatomy:human,nodes.5.parentNodeId,torso,,,explicit-serialized
AnatomyProfileSO|anatomy:human,anatomy:human,nodes.5.kind,1,,,explicit-serialized
AnatomyProfileSO|anatomy:human,anatomy:human,nodes.5.functions,1,,,explicit-serialized
AnatomyProfileSO|anatomy:human,anatomy:human,nodes.5.maxHealth,14,,,explicit-serialized
AnatomyProfileSO|anatomy:human,anatomy:human,nodes.5.capacityWeight,1,,,explicit-serialized
AnatomyProfileSO|anatomy:human,anatomy:human,nodes.5.vital,1,,,explicit-serialized
AnatomyProfileSO|anatomy:human,anatomy:human,nodes.5.removable,1,,,explicit-serialized
AnatomyProfileSO|anatomy:human,anatomy:human,nodes.5.pairedGroupId,,,,explicit-serialized
AnatomyProfileSO|anatomy:human,anatomy:human,nodes.5.legacyBodyPart,0,,,explicit-serialized
AnatomyProfileSO|anatomy:human,anatomy:human,nodes.5.mapsToLegacyBodyPart,0,,,explicit-serialized
AnatomyProfileSO|anatomy:human,anatomy:human,nodes.6.nodeId,lung:left,,,explicit-serialized
AnatomyProfileSO|anatomy:human,anatomy:human,nodes.6.displayName,왼쪽 폐,,,explicit-serialized
AnatomyProfileSO|anatomy:human,anatomy:human,nodes.6.parentNodeId,torso,,,explicit-serialized
AnatomyProfileSO|anatomy:human,anatomy:human,nodes.6.kind,1,,,explicit-serialized
AnatomyProfileSO|anatomy:human,anatomy:human,nodes.6.functions,8,,,explicit-serialized
AnatomyProfileSO|anatomy:human,anatomy:human,nodes.6.maxHealth,12,,,explicit-serialized
AnatomyProfileSO|anatomy:human,anatomy:human,nodes.6.capacityWeight,0.5,,,explicit-serialized
AnatomyProfileSO|anatomy:human,anatomy:human,nodes.6.vital,0,,,explicit-serialized
AnatomyProfileSO|anatomy:human,anatomy:human,nodes.6.removable,1,,,explicit-serialized
AnatomyProfileSO|anatomy:human,anatomy:human,nodes.6.pairedGroupId,lungs,,,explicit-serialized
AnatomyProfileSO|anatomy:human,anatomy:human,nodes.6.legacyBodyPart,0,,,explicit-serialized
AnatomyProfileSO|anatomy:human,anatomy:human,nodes.6.mapsToLegacyBodyPart,0,,,explicit-serialized
AnatomyProfileSO|anatomy:human,anatomy:human,nodes.7.nodeId,lung:right,,,explicit-serialized
AnatomyProfileSO|anatomy:human,anatomy:human,nodes.7.displayName,오른쪽 폐,,,explicit-serialized
AnatomyProfileSO|anatomy:human,anatomy:human,nodes.7.parentNodeId,torso,,,explicit-serialized
AnatomyProfileSO|anatomy:human,anatomy:human,nodes.7.kind,1,,,explicit-serialized
AnatomyProfileSO|anatomy:human,anatomy:human,nodes.7.functions,8,,,explicit-serialized
AnatomyProfileSO|anatomy:human,anatomy:human,nodes.7.maxHealth,12,,,explicit-serialized
AnatomyProfileSO|anatomy:human,anatomy:human,nodes.7.capacityWeight,0.5,,,explicit-serialized
AnatomyProfileSO|anatomy:human,anatomy:human,nodes.7.vital,0,,,explicit-serialized
AnatomyProfileSO|anatomy:human,anatomy:human,nodes.7.removable,1,,,explicit-serialized
AnatomyProfileSO|anatomy:human,anatomy:human,nodes.7.pairedGroupId,lungs,,,explicit-serialized
AnatomyProfileSO|anatomy:human,anatomy:human,nodes.7.legacyBodyPart,0,,,explicit-serialized
AnatomyProfileSO|anatomy:human,anatomy:human,nodes.7.mapsToLegacyBodyPart,0,,,explicit-serialized
AnatomyProfileSO|anatomy:human,anatomy:human,nodes.8.nodeId,liver,,,explicit-serialized
AnatomyProfileSO|anatomy:human,anatomy:human,nodes.8.displayName,간,,,explicit-serialized
AnatomyProfileSO|anatomy:human,anatomy:human,nodes.8.parentNodeId,torso,,,explicit-serialized
AnatomyProfileSO|anatomy:human,anatomy:human,nodes.8.kind,1,,,explicit-serialized
AnatomyProfileSO|anatomy:human,anatomy:human,nodes.8.functions,48,,,explicit-serialized
AnatomyProfileSO|anatomy:human,anatomy:human,nodes.8.maxHealth,16,,,explicit-serialized
AnatomyProfileSO|anatomy:human,anatomy:human,nodes.8.capacityWeight,0.6,,,explicit-serialized
AnatomyProfileSO|anatomy:human,anatomy:human,nodes.8.vital,0,,,explicit-serialized
AnatomyProfileSO|anatomy:human,anatomy:human,nodes.8.removable,1,,,explicit-serialized
AnatomyProfileSO|anatomy:human,anatomy:human,nodes.8.pairedGroupId,,,,explicit-serialized
AnatomyProfileSO|anatomy:human,anatomy:human,nodes.8.legacyBodyPart,0,,,explicit-serialized
AnatomyProfileSO|anatomy:human,anatomy:human,nodes.8.mapsToLegacyBodyPart,0,,,explicit-serialized
AnatomyProfileSO|anatomy:human,anatomy:human,nodes.9.nodeId,kidney:left,,,explicit-serialized
AnatomyProfileSO|anatomy:human,anatomy:human,nodes.9.displayName,왼쪽 신장,,,explicit-serialized
AnatomyProfileSO|anatomy:human,anatomy:human,nodes.9.parentNodeId,torso,,,explicit-serialized
AnatomyProfileSO|anatomy:human,anatomy:human,nodes.9.kind,1,,,explicit-serialized
AnatomyProfileSO|anatomy:human,anatomy:human,nodes.9.functions,32,,,explicit-serialized
AnatomyProfileSO|anatomy:human,anatomy:human,nodes.9.maxHealth,10,,,explicit-serialized
AnatomyProfileSO|anatomy:human,anatomy:human,nodes.9.capacityWeight,0.5,,,explicit-serialized
AnatomyProfileSO|anatomy:human,anatomy:human,nodes.9.vital,0,,,explicit-serialized
AnatomyProfileSO|anatomy:human,anatomy:human,nodes.9.removable,1,,,explicit-serialized
AnatomyProfileSO|anatomy:human,anatomy:human,nodes.9.pairedGroupId,kidneys,,,explicit-serialized
AnatomyProfileSO|anatomy:human,anatomy:human,nodes.9.legacyBodyPart,0,,,explicit-serialized
AnatomyProfileSO|anatomy:human,anatomy:human,nodes.9.mapsToLegacyBodyPart,0,,,explicit-serialized
AnatomyProfileSO|anatomy:human,anatomy:human,nodes.10.nodeId,kidney:right,,,explicit-serialized
AnatomyProfileSO|anatomy:human,anatomy:human,nodes.10.displayName,오른쪽 신장,,,explicit-serialized
AnatomyProfileSO|anatomy:human,anatomy:human,nodes.10.parentNodeId,torso,,,explicit-serialized
AnatomyProfileSO|anatomy:human,anatomy:human,nodes.10.kind,1,,,explicit-serialized
AnatomyProfileSO|anatomy:human,anatomy:human,nodes.10.functions,32,,,explicit-serialized
AnatomyProfileSO|anatomy:human,anatomy:human,nodes.10.maxHealth,10,,,explicit-serialized
AnatomyProfileSO|anatomy:human,anatomy:human,nodes.10.capacityWeight,0.5,,,explicit-serialized
AnatomyProfileSO|anatomy:human,anatomy:human,nodes.10.vital,0,,,explicit-serialized
AnatomyProfileSO|anatomy:human,anatomy:human,nodes.10.removable,1,,,explicit-serialized
AnatomyProfileSO|anatomy:human,anatomy:human,nodes.10.pairedGroupId,kidneys,,,explicit-serialized
AnatomyProfileSO|anatomy:human,anatomy:human,nodes.10.legacyBodyPart,0,,,explicit-serialized
AnatomyProfileSO|anatomy:human,anatomy:human,nodes.10.mapsToLegacyBodyPart,0,,,explicit-serialized
AnatomyProfileSO|anatomy:human,anatomy:human,nodes.11.nodeId,stomach,,,explicit-serialized
AnatomyProfileSO|anatomy:human,anatomy:human,nodes.11.displayName,위,,,explicit-serialized
AnatomyProfileSO|anatomy:human,anatomy:human,nodes.11.parentNodeId,torso,,,explicit-serialized
AnatomyProfileSO|anatomy:human,anatomy:human,nodes.11.kind,1,,,explicit-serialized
AnatomyProfileSO|anatomy:human,anatomy:human,nodes.11.functions,16,,,explicit-serialized
AnatomyProfileSO|anatomy:human,anatomy:human,nodes.11.maxHealth,14,,,explicit-serialized
AnatomyProfileSO|anatomy:human,anatomy:human,nodes.11.capacityWeight,0.4,,,explicit-serialized
AnatomyProfileSO|anatomy:human,anatomy:human,nodes.11.vital,0,,,explicit-serialized
AnatomyProfileSO|anatomy:human,anatomy:human,nodes.11.removable,1,,,explicit-serialized
AnatomyProfileSO|anatomy:human,anatomy:human,nodes.11.pairedGroupId,,,,explicit-serialized
AnatomyProfileSO|anatomy:human,anatomy:human,nodes.11.legacyBodyPart,0,,,explicit-serialized
AnatomyProfileSO|anatomy:human,anatomy:human,nodes.11.mapsToLegacyBodyPart,0,,,explicit-serialized
AnatomyProfileSO|anatomy:human,anatomy:human,nodes.12.nodeId,arm:left,,,explicit-serialized
AnatomyProfileSO|anatomy:human,anatomy:human,nodes.12.displayName,왼팔,,,explicit-serialized
AnatomyProfileSO|anatomy:human,anatomy:human,nodes.12.parentNodeId,torso,,,explicit-serialized
AnatomyProfileSO|anatomy:human,anatomy:human,nodes.12.kind,3,,,explicit-serialized
AnatomyProfileSO|anatomy:human,anatomy:human,nodes.12.functions,64,,,explicit-serialized
AnatomyProfileSO|anatomy:human,anatomy:human,nodes.12.maxHealth,22,,,explicit-serialized
AnatomyProfileSO|anatomy:human,anatomy:human,nodes.12.capacityWeight,0.5,,,explicit-serialized
AnatomyProfileSO|anatomy:human,anatomy:human,nodes.12.vital,0,,,explicit-serialized
AnatomyProfileSO|anatomy:human,anatomy:human,nodes.12.removable,1,,,explicit-serialized
AnatomyProfileSO|anatomy:human,anatomy:human,nodes.12.pairedGroupId,arms,,,explicit-serialized
AnatomyProfileSO|anatomy:human,anatomy:human,nodes.12.legacyBodyPart,2,,,explicit-serialized
AnatomyProfileSO|anatomy:human,anatomy:human,nodes.12.mapsToLegacyBodyPart,1,,,explicit-serialized
AnatomyProfileSO|anatomy:human,anatomy:human,nodes.13.nodeId,arm:right,,,explicit-serialized
AnatomyProfileSO|anatomy:human,anatomy:human,nodes.13.displayName,오른팔,,,explicit-serialized
AnatomyProfileSO|anatomy:human,anatomy:human,nodes.13.parentNodeId,torso,,,explicit-serialized
AnatomyProfileSO|anatomy:human,anatomy:human,nodes.13.kind,3,,,explicit-serialized
AnatomyProfileSO|anatomy:human,anatomy:human,nodes.13.functions,64,,,explicit-serialized
AnatomyProfileSO|anatomy:human,anatomy:human,nodes.13.maxHealth,22,,,explicit-serialized
AnatomyProfileSO|anatomy:human,anatomy:human,nodes.13.capacityWeight,0.5,,,explicit-serialized
AnatomyProfileSO|anatomy:human,anatomy:human,nodes.13.vital,0,,,explicit-serialized
AnatomyProfileSO|anatomy:human,anatomy:human,nodes.13.removable,1,,,explicit-serialized
AnatomyProfileSO|anatomy:human,anatomy:human,nodes.13.pairedGroupId,arms,,,explicit-serialized
AnatomyProfileSO|anatomy:human,anatomy:human,nodes.13.legacyBodyPart,3,,,explicit-serialized
AnatomyProfileSO|anatomy:human,anatomy:human,nodes.13.mapsToLegacyBodyPart,1,,,explicit-serialized
AnatomyProfileSO|anatomy:human,anatomy:human,nodes.14.nodeId,leg:left,,,explicit-serialized
AnatomyProfileSO|anatomy:human,anatomy:human,nodes.14.displayName,왼다리,,,explicit-serialized
AnatomyProfileSO|anatomy:human,anatomy:human,nodes.14.parentNodeId,torso,,,explicit-serialized
AnatomyProfileSO|anatomy:human,anatomy:human,nodes.14.kind,3,,,explicit-serialized
AnatomyProfileSO|anatomy:human,anatomy:human,nodes.14.functions,128,,,explicit-serialized
AnatomyProfileSO|anatomy:human,anatomy:human,nodes.14.maxHealth,26,,,explicit-serialized
AnatomyProfileSO|anatomy:human,anatomy:human,nodes.14.capacityWeight,0.5,,,explicit-serialized
AnatomyProfileSO|anatomy:human,anatomy:human,nodes.14.vital,0,,,explicit-serialized
AnatomyProfileSO|anatomy:human,anatomy:human,nodes.14.removable,1,,,explicit-serialized
AnatomyProfileSO|anatomy:human,anatomy:human,nodes.14.pairedGroupId,legs,,,explicit-serialized
AnatomyProfileSO|anatomy:human,anatomy:human,nodes.14.legacyBodyPart,4,,,explicit-serialized
AnatomyProfileSO|anatomy:human,anatomy:human,nodes.14.mapsToLegacyBodyPart,1,,,explicit-serialized
AnatomyProfileSO|anatomy:human,anatomy:human,nodes.15.nodeId,leg:right,,,explicit-serialized
AnatomyProfileSO|anatomy:human,anatomy:human,nodes.15.displayName,오른다리,,,explicit-serialized
AnatomyProfileSO|anatomy:human,anatomy:human,nodes.15.parentNodeId,torso,,,explicit-serialized
AnatomyProfileSO|anatomy:human,anatomy:human,nodes.15.kind,3,,,explicit-serialized
AnatomyProfileSO|anatomy:human,anatomy:human,nodes.15.functions,128,,,explicit-serialized
AnatomyProfileSO|anatomy:human,anatomy:human,nodes.15.maxHealth,26,,,explicit-serialized
AnatomyProfileSO|anatomy:human,anatomy:human,nodes.15.capacityWeight,0.5,,,explicit-serialized
AnatomyProfileSO|anatomy:human,anatomy:human,nodes.15.vital,0,,,explicit-serialized
AnatomyProfileSO|anatomy:human,anatomy:human,nodes.15.removable,1,,,explicit-serialized
AnatomyProfileSO|anatomy:human,anatomy:human,nodes.15.pairedGroupId,legs,,,explicit-serialized
AnatomyProfileSO|anatomy:human,anatomy:human,nodes.15.legacyBodyPart,5,,,explicit-serialized
AnatomyProfileSO|anatomy:human,anatomy:human,nodes.15.mapsToLegacyBodyPart,1,,,explicit-serialized
AnatomyProfileSO|anatomy:human,anatomy:human,notApplicableCapacities,[],,,explicit-serialized
AnatomyProfileSO|anatomy:human,anatomy:human,CapacityId,0,CharacterFunctionalCapacityId,Mental Maintenance,implicit-csharp-default
AnatomyProfileSO|anatomy:human,anatomy:human,capacityId,0,CharacterFunctionalCapacityId,Mental Maintenance,implicit-csharp-default
AnatomyProfileSO|anatomy:humanoid,anatomy:humanoid,m_Name,anatomy_humanoid,,,explicit-serialized
AnatomyProfileSO|anatomy:humanoid,anatomy:humanoid,profileId,anatomy:humanoid,,,explicit-serialized
AnatomyProfileSO|anatomy:humanoid,anatomy:humanoid,displayName,인간형,,,explicit-serialized
AnatomyProfileSO|anatomy:humanoid,anatomy:humanoid,anatomyFamily,humanoid,,,explicit-serialized
AnatomyProfileSO|anatomy:humanoid,anatomy:humanoid,speciesIds.0,Goblin,,,explicit-serialized
AnatomyProfileSO|anatomy:humanoid,anatomy:humanoid,speciesIds.1,LegacyHumanoid,,,explicit-serialized
AnatomyProfileSO|anatomy:humanoid,anatomy:humanoid,nodes.0.nodeId,head,,,explicit-serialized
AnatomyProfileSO|anatomy:humanoid,anatomy:humanoid,nodes.0.displayName,머리,,,explicit-serialized
AnatomyProfileSO|anatomy:humanoid,anatomy:humanoid,nodes.0.parentNodeId,,,,explicit-serialized
AnatomyProfileSO|anatomy:humanoid,anatomy:humanoid,nodes.0.kind,0,,,explicit-serialized
AnatomyProfileSO|anatomy:humanoid,anatomy:humanoid,nodes.0.functions,6,,,explicit-serialized
AnatomyProfileSO|anatomy:humanoid,anatomy:humanoid,nodes.0.maxHealth,18,,,explicit-serialized
AnatomyProfileSO|anatomy:humanoid,anatomy:humanoid,nodes.0.capacityWeight,0.35,,,explicit-serialized
AnatomyProfileSO|anatomy:humanoid,anatomy:humanoid,nodes.0.vital,1,,,explicit-serialized
AnatomyProfileSO|anatomy:humanoid,anatomy:humanoid,nodes.0.removable,0,,,explicit-serialized
AnatomyProfileSO|anatomy:humanoid,anatomy:humanoid,nodes.0.pairedGroupId,,,,explicit-serialized
AnatomyProfileSO|anatomy:humanoid,anatomy:humanoid,nodes.0.legacyBodyPart,0,,,explicit-serialized
AnatomyProfileSO|anatomy:humanoid,anatomy:humanoid,nodes.0.mapsToLegacyBodyPart,1,,,explicit-serialized
AnatomyProfileSO|anatomy:humanoid,anatomy:humanoid,nodes.1.nodeId,brain,,,explicit-serialized
AnatomyProfileSO|anatomy:humanoid,anatomy:humanoid,nodes.1.displayName,뇌,,,explicit-serialized
AnatomyProfileSO|anatomy:humanoid,anatomy:humanoid,nodes.1.parentNodeId,head,,,explicit-serialized
AnatomyProfileSO|anatomy:humanoid,anatomy:humanoid,nodes.1.kind,1,,,explicit-serialized
AnatomyProfileSO|anatomy:humanoid,anatomy:humanoid,nodes.1.functions,2,,,explicit-serialized
AnatomyProfileSO|anatomy:humanoid,anatomy:humanoid,nodes.1.maxHealth,12,,,explicit-serialized
AnatomyProfileSO|anatomy:humanoid,anatomy:humanoid,nodes.1.capacityWeight,0.65,,,explicit-serialized
AnatomyProfileSO|anatomy:humanoid,anatomy:humanoid,nodes.1.vital,1,,,explicit-serialized
AnatomyProfileSO|anatomy:humanoid,anatomy:humanoid,nodes.1.removable,0,,,explicit-serialized
AnatomyProfileSO|anatomy:humanoid,anatomy:humanoid,nodes.1.pairedGroupId,,,,explicit-serialized
AnatomyProfileSO|anatomy:humanoid,anatomy:humanoid,nodes.1.legacyBodyPart,0,,,explicit-serialized
AnatomyProfileSO|anatomy:humanoid,anatomy:humanoid,nodes.1.mapsToLegacyBodyPart,0,,,explicit-serialized
AnatomyProfileSO|anatomy:humanoid,anatomy:humanoid,nodes.2.nodeId,eye:left,,,explicit-serialized
AnatomyProfileSO|anatomy:humanoid,anatomy:humanoid,nodes.2.displayName,왼쪽 눈,,,explicit-serialized
AnatomyProfileSO|anatomy:humanoid,anatomy:humanoid,nodes.2.parentNodeId,head,,,explicit-serialized
AnatomyProfileSO|anatomy:humanoid,anatomy:humanoid,nodes.2.kind,2,,,explicit-serialized
AnatomyProfileSO|anatomy:humanoid,anatomy:humanoid,nodes.2.functions,4,,,explicit-serialized
AnatomyProfileSO|anatomy:humanoid,anatomy:humanoid,nodes.2.maxHealth,6,,,explicit-serialized
AnatomyProfileSO|anatomy:humanoid,anatomy:humanoid,nodes.2.capacityWeight,0.5,,,explicit-serialized
AnatomyProfileSO|anatomy:humanoid,anatomy:humanoid,nodes.2.vital,0,,,explicit-serialized
AnatomyProfileSO|anatomy:humanoid,anatomy:humanoid,nodes.2.removable,1,,,explicit-serialized
AnatomyProfileSO|anatomy:humanoid,anatomy:humanoid,nodes.2.pairedGroupId,eyes,,,explicit-serialized
AnatomyProfileSO|anatomy:humanoid,anatomy:humanoid,nodes.2.legacyBodyPart,0,,,explicit-serialized
AnatomyProfileSO|anatomy:humanoid,anatomy:humanoid,nodes.2.mapsToLegacyBodyPart,0,,,explicit-serialized
AnatomyProfileSO|anatomy:humanoid,anatomy:humanoid,nodes.3.nodeId,eye:right,,,explicit-serialized
AnatomyProfileSO|anatomy:humanoid,anatomy:humanoid,nodes.3.displayName,오른쪽 눈,,,explicit-serialized
AnatomyProfileSO|anatomy:humanoid,anatomy:humanoid,nodes.3.parentNodeId,head,,,explicit-serialized
AnatomyProfileSO|anatomy:humanoid,anatomy:humanoid,nodes.3.kind,2,,,explicit-serialized
AnatomyProfileSO|anatomy:humanoid,anatomy:humanoid,nodes.3.functions,4,,,explicit-serialized
AnatomyProfileSO|anatomy:humanoid,anatomy:humanoid,nodes.3.maxHealth,6,,,explicit-serialized
AnatomyProfileSO|anatomy:humanoid,anatomy:humanoid,nodes.3.capacityWeight,0.5,,,explicit-serialized
AnatomyProfileSO|anatomy:humanoid,anatomy:humanoid,nodes.3.vital,0,,,explicit-serialized
AnatomyProfileSO|anatomy:humanoid,anatomy:humanoid,nodes.3.removable,1,,,explicit-serialized
AnatomyProfileSO|anatomy:humanoid,anatomy:humanoid,nodes.3.pairedGroupId,eyes,,,explicit-serialized
AnatomyProfileSO|anatomy:humanoid,anatomy:humanoid,nodes.3.legacyBodyPart,0,,,explicit-serialized
AnatomyProfileSO|anatomy:humanoid,anatomy:humanoid,nodes.3.mapsToLegacyBodyPart,0,,,explicit-serialized
AnatomyProfileSO|anatomy:humanoid,anatomy:humanoid,nodes.4.nodeId,torso,,,explicit-serialized
AnatomyProfileSO|anatomy:humanoid,anatomy:humanoid,nodes.4.displayName,몸통,,,explicit-serialized
AnatomyProfileSO|anatomy:humanoid,anatomy:humanoid,nodes.4.parentNodeId,,,,explicit-serialized
AnatomyProfileSO|anatomy:humanoid,anatomy:humanoid,nodes.4.kind,4,,,explicit-serialized
AnatomyProfileSO|anatomy:humanoid,anatomy:humanoid,nodes.4.functions,9217,,,explicit-serialized
AnatomyProfileSO|anatomy:humanoid,anatomy:humanoid,nodes.4.maxHealth,45,,,explicit-serialized
AnatomyProfileSO|anatomy:humanoid,anatomy:humanoid,nodes.4.capacityWeight,1,,,explicit-serialized
AnatomyProfileSO|anatomy:humanoid,anatomy:humanoid,nodes.4.vital,1,,,explicit-serialized
AnatomyProfileSO|anatomy:humanoid,anatomy:humanoid,nodes.4.removable,0,,,explicit-serialized
AnatomyProfileSO|anatomy:humanoid,anatomy:humanoid,nodes.4.pairedGroupId,,,,explicit-serialized
AnatomyProfileSO|anatomy:humanoid,anatomy:humanoid,nodes.4.legacyBodyPart,1,,,explicit-serialized
AnatomyProfileSO|anatomy:humanoid,anatomy:humanoid,nodes.4.mapsToLegacyBodyPart,1,,,explicit-serialized
AnatomyProfileSO|anatomy:humanoid,anatomy:humanoid,nodes.5.nodeId,heart,,,explicit-serialized
AnatomyProfileSO|anatomy:humanoid,anatomy:humanoid,nodes.5.displayName,심장,,,explicit-serialized
AnatomyProfileSO|anatomy:humanoid,anatomy:humanoid,nodes.5.parentNodeId,torso,,,explicit-serialized
AnatomyProfileSO|anatomy:humanoid,anatomy:humanoid,nodes.5.kind,1,,,explicit-serialized
AnatomyProfileSO|anatomy:humanoid,anatomy:humanoid,nodes.5.functions,1,,,explicit-serialized
AnatomyProfileSO|anatomy:humanoid,anatomy:humanoid,nodes.5.maxHealth,14,,,explicit-serialized
AnatomyProfileSO|anatomy:humanoid,anatomy:humanoid,nodes.5.capacityWeight,1,,,explicit-serialized
AnatomyProfileSO|anatomy:humanoid,anatomy:humanoid,nodes.5.vital,1,,,explicit-serialized
AnatomyProfileSO|anatomy:humanoid,anatomy:humanoid,nodes.5.removable,1,,,explicit-serialized
AnatomyProfileSO|anatomy:humanoid,anatomy:humanoid,nodes.5.pairedGroupId,,,,explicit-serialized
AnatomyProfileSO|anatomy:humanoid,anatomy:humanoid,nodes.5.legacyBodyPart,0,,,explicit-serialized
AnatomyProfileSO|anatomy:humanoid,anatomy:humanoid,nodes.5.mapsToLegacyBodyPart,0,,,explicit-serialized
AnatomyProfileSO|anatomy:humanoid,anatomy:humanoid,nodes.6.nodeId,lung:left,,,explicit-serialized
AnatomyProfileSO|anatomy:humanoid,anatomy:humanoid,nodes.6.displayName,왼쪽 폐,,,explicit-serialized
AnatomyProfileSO|anatomy:humanoid,anatomy:humanoid,nodes.6.parentNodeId,torso,,,explicit-serialized
AnatomyProfileSO|anatomy:humanoid,anatomy:humanoid,nodes.6.kind,1,,,explicit-serialized
AnatomyProfileSO|anatomy:humanoid,anatomy:humanoid,nodes.6.functions,8,,,explicit-serialized
AnatomyProfileSO|anatomy:humanoid,anatomy:humanoid,nodes.6.maxHealth,12,,,explicit-serialized
AnatomyProfileSO|anatomy:humanoid,anatomy:humanoid,nodes.6.capacityWeight,0.5,,,explicit-serialized
AnatomyProfileSO|anatomy:humanoid,anatomy:humanoid,nodes.6.vital,0,,,explicit-serialized
AnatomyProfileSO|anatomy:humanoid,anatomy:humanoid,nodes.6.removable,1,,,explicit-serialized
AnatomyProfileSO|anatomy:humanoid,anatomy:humanoid,nodes.6.pairedGroupId,lungs,,,explicit-serialized
AnatomyProfileSO|anatomy:humanoid,anatomy:humanoid,nodes.6.legacyBodyPart,0,,,explicit-serialized
AnatomyProfileSO|anatomy:humanoid,anatomy:humanoid,nodes.6.mapsToLegacyBodyPart,0,,,explicit-serialized
AnatomyProfileSO|anatomy:humanoid,anatomy:humanoid,nodes.7.nodeId,lung:right,,,explicit-serialized
AnatomyProfileSO|anatomy:humanoid,anatomy:humanoid,nodes.7.displayName,오른쪽 폐,,,explicit-serialized
AnatomyProfileSO|anatomy:humanoid,anatomy:humanoid,nodes.7.parentNodeId,torso,,,explicit-serialized
AnatomyProfileSO|anatomy:humanoid,anatomy:humanoid,nodes.7.kind,1,,,explicit-serialized
AnatomyProfileSO|anatomy:humanoid,anatomy:humanoid,nodes.7.functions,8,,,explicit-serialized
AnatomyProfileSO|anatomy:humanoid,anatomy:humanoid,nodes.7.maxHealth,12,,,explicit-serialized
AnatomyProfileSO|anatomy:humanoid,anatomy:humanoid,nodes.7.capacityWeight,0.5,,,explicit-serialized
AnatomyProfileSO|anatomy:humanoid,anatomy:humanoid,nodes.7.vital,0,,,explicit-serialized
AnatomyProfileSO|anatomy:humanoid,anatomy:humanoid,nodes.7.removable,1,,,explicit-serialized
AnatomyProfileSO|anatomy:humanoid,anatomy:humanoid,nodes.7.pairedGroupId,lungs,,,explicit-serialized
AnatomyProfileSO|anatomy:humanoid,anatomy:humanoid,nodes.7.legacyBodyPart,0,,,explicit-serialized
AnatomyProfileSO|anatomy:humanoid,anatomy:humanoid,nodes.7.mapsToLegacyBodyPart,0,,,explicit-serialized
AnatomyProfileSO|anatomy:humanoid,anatomy:humanoid,nodes.8.nodeId,liver,,,explicit-serialized
AnatomyProfileSO|anatomy:humanoid,anatomy:humanoid,nodes.8.displayName,간,,,explicit-serialized
AnatomyProfileSO|anatomy:humanoid,anatomy:humanoid,nodes.8.parentNodeId,torso,,,explicit-serialized
AnatomyProfileSO|anatomy:humanoid,anatomy:humanoid,nodes.8.kind,1,,,explicit-serialized
AnatomyProfileSO|anatomy:humanoid,anatomy:humanoid,nodes.8.functions,48,,,explicit-serialized
AnatomyProfileSO|anatomy:humanoid,anatomy:humanoid,nodes.8.maxHealth,16,,,explicit-serialized
AnatomyProfileSO|anatomy:humanoid,anatomy:humanoid,nodes.8.capacityWeight,0.6,,,explicit-serialized
AnatomyProfileSO|anatomy:humanoid,anatomy:humanoid,nodes.8.vital,0,,,explicit-serialized
AnatomyProfileSO|anatomy:humanoid,anatomy:humanoid,nodes.8.removable,1,,,explicit-serialized
AnatomyProfileSO|anatomy:humanoid,anatomy:humanoid,nodes.8.pairedGroupId,,,,explicit-serialized
AnatomyProfileSO|anatomy:humanoid,anatomy:humanoid,nodes.8.legacyBodyPart,0,,,explicit-serialized
AnatomyProfileSO|anatomy:humanoid,anatomy:humanoid,nodes.8.mapsToLegacyBodyPart,0,,,explicit-serialized
AnatomyProfileSO|anatomy:humanoid,anatomy:humanoid,nodes.9.nodeId,kidney:left,,,explicit-serialized
AnatomyProfileSO|anatomy:humanoid,anatomy:humanoid,nodes.9.displayName,왼쪽 신장,,,explicit-serialized
AnatomyProfileSO|anatomy:humanoid,anatomy:humanoid,nodes.9.parentNodeId,torso,,,explicit-serialized
AnatomyProfileSO|anatomy:humanoid,anatomy:humanoid,nodes.9.kind,1,,,explicit-serialized
AnatomyProfileSO|anatomy:humanoid,anatomy:humanoid,nodes.9.functions,32,,,explicit-serialized
AnatomyProfileSO|anatomy:humanoid,anatomy:humanoid,nodes.9.maxHealth,10,,,explicit-serialized
AnatomyProfileSO|anatomy:humanoid,anatomy:humanoid,nodes.9.capacityWeight,0.5,,,explicit-serialized
AnatomyProfileSO|anatomy:humanoid,anatomy:humanoid,nodes.9.vital,0,,,explicit-serialized
AnatomyProfileSO|anatomy:humanoid,anatomy:humanoid,nodes.9.removable,1,,,explicit-serialized
AnatomyProfileSO|anatomy:humanoid,anatomy:humanoid,nodes.9.pairedGroupId,kidneys,,,explicit-serialized
AnatomyProfileSO|anatomy:humanoid,anatomy:humanoid,nodes.9.legacyBodyPart,0,,,explicit-serialized
AnatomyProfileSO|anatomy:humanoid,anatomy:humanoid,nodes.9.mapsToLegacyBodyPart,0,,,explicit-serialized
AnatomyProfileSO|anatomy:humanoid,anatomy:humanoid,nodes.10.nodeId,kidney:right,,,explicit-serialized
AnatomyProfileSO|anatomy:humanoid,anatomy:humanoid,nodes.10.displayName,오른쪽 신장,,,explicit-serialized
AnatomyProfileSO|anatomy:humanoid,anatomy:humanoid,nodes.10.parentNodeId,torso,,,explicit-serialized
AnatomyProfileSO|anatomy:humanoid,anatomy:humanoid,nodes.10.kind,1,,,explicit-serialized
AnatomyProfileSO|anatomy:humanoid,anatomy:humanoid,nodes.10.functions,32,,,explicit-serialized
AnatomyProfileSO|anatomy:humanoid,anatomy:humanoid,nodes.10.maxHealth,10,,,explicit-serialized
AnatomyProfileSO|anatomy:humanoid,anatomy:humanoid,nodes.10.capacityWeight,0.5,,,explicit-serialized
AnatomyProfileSO|anatomy:humanoid,anatomy:humanoid,nodes.10.vital,0,,,explicit-serialized
AnatomyProfileSO|anatomy:humanoid,anatomy:humanoid,nodes.10.removable,1,,,explicit-serialized
AnatomyProfileSO|anatomy:humanoid,anatomy:humanoid,nodes.10.pairedGroupId,kidneys,,,explicit-serialized
AnatomyProfileSO|anatomy:humanoid,anatomy:humanoid,nodes.10.legacyBodyPart,0,,,explicit-serialized
AnatomyProfileSO|anatomy:humanoid,anatomy:humanoid,nodes.10.mapsToLegacyBodyPart,0,,,explicit-serialized
AnatomyProfileSO|anatomy:humanoid,anatomy:humanoid,nodes.11.nodeId,stomach,,,explicit-serialized
AnatomyProfileSO|anatomy:humanoid,anatomy:humanoid,nodes.11.displayName,위,,,explicit-serialized
AnatomyProfileSO|anatomy:humanoid,anatomy:humanoid,nodes.11.parentNodeId,torso,,,explicit-serialized
AnatomyProfileSO|anatomy:humanoid,anatomy:humanoid,nodes.11.kind,1,,,explicit-serialized
AnatomyProfileSO|anatomy:humanoid,anatomy:humanoid,nodes.11.functions,16,,,explicit-serialized
AnatomyProfileSO|anatomy:humanoid,anatomy:humanoid,nodes.11.maxHealth,14,,,explicit-serialized
AnatomyProfileSO|anatomy:humanoid,anatomy:humanoid,nodes.11.capacityWeight,0.4,,,explicit-serialized
AnatomyProfileSO|anatomy:humanoid,anatomy:humanoid,nodes.11.vital,0,,,explicit-serialized
AnatomyProfileSO|anatomy:humanoid,anatomy:humanoid,nodes.11.removable,1,,,explicit-serialized
AnatomyProfileSO|anatomy:humanoid,anatomy:humanoid,nodes.11.pairedGroupId,,,,explicit-serialized
AnatomyProfileSO|anatomy:humanoid,anatomy:humanoid,nodes.11.legacyBodyPart,0,,,explicit-serialized
AnatomyProfileSO|anatomy:humanoid,anatomy:humanoid,nodes.11.mapsToLegacyBodyPart,0,,,explicit-serialized
AnatomyProfileSO|anatomy:humanoid,anatomy:humanoid,nodes.12.nodeId,arm:left,,,explicit-serialized
AnatomyProfileSO|anatomy:humanoid,anatomy:humanoid,nodes.12.displayName,왼팔,,,explicit-serialized
AnatomyProfileSO|anatomy:humanoid,anatomy:humanoid,nodes.12.parentNodeId,torso,,,explicit-serialized
AnatomyProfileSO|anatomy:humanoid,anatomy:humanoid,nodes.12.kind,3,,,explicit-serialized
AnatomyProfileSO|anatomy:humanoid,anatomy:humanoid,nodes.12.functions,64,,,explicit-serialized
AnatomyProfileSO|anatomy:humanoid,anatomy:humanoid,nodes.12.maxHealth,22,,,explicit-serialized
AnatomyProfileSO|anatomy:humanoid,anatomy:humanoid,nodes.12.capacityWeight,0.5,,,explicit-serialized
AnatomyProfileSO|anatomy:humanoid,anatomy:humanoid,nodes.12.vital,0,,,explicit-serialized
AnatomyProfileSO|anatomy:humanoid,anatomy:humanoid,nodes.12.removable,1,,,explicit-serialized
AnatomyProfileSO|anatomy:humanoid,anatomy:humanoid,nodes.12.pairedGroupId,arms,,,explicit-serialized
AnatomyProfileSO|anatomy:humanoid,anatomy:humanoid,nodes.12.legacyBodyPart,2,,,explicit-serialized
AnatomyProfileSO|anatomy:humanoid,anatomy:humanoid,nodes.12.mapsToLegacyBodyPart,1,,,explicit-serialized
AnatomyProfileSO|anatomy:humanoid,anatomy:humanoid,nodes.13.nodeId,arm:right,,,explicit-serialized
AnatomyProfileSO|anatomy:humanoid,anatomy:humanoid,nodes.13.displayName,오른팔,,,explicit-serialized
AnatomyProfileSO|anatomy:humanoid,anatomy:humanoid,nodes.13.parentNodeId,torso,,,explicit-serialized
AnatomyProfileSO|anatomy:humanoid,anatomy:humanoid,nodes.13.kind,3,,,explicit-serialized
AnatomyProfileSO|anatomy:humanoid,anatomy:humanoid,nodes.13.functions,64,,,explicit-serialized
AnatomyProfileSO|anatomy:humanoid,anatomy:humanoid,nodes.13.maxHealth,22,,,explicit-serialized
AnatomyProfileSO|anatomy:humanoid,anatomy:humanoid,nodes.13.capacityWeight,0.5,,,explicit-serialized
AnatomyProfileSO|anatomy:humanoid,anatomy:humanoid,nodes.13.vital,0,,,explicit-serialized
AnatomyProfileSO|anatomy:humanoid,anatomy:humanoid,nodes.13.removable,1,,,explicit-serialized
AnatomyProfileSO|anatomy:humanoid,anatomy:humanoid,nodes.13.pairedGroupId,arms,,,explicit-serialized
AnatomyProfileSO|anatomy:humanoid,anatomy:humanoid,nodes.13.legacyBodyPart,3,,,explicit-serialized
AnatomyProfileSO|anatomy:humanoid,anatomy:humanoid,nodes.13.mapsToLegacyBodyPart,1,,,explicit-serialized
AnatomyProfileSO|anatomy:humanoid,anatomy:humanoid,nodes.14.nodeId,leg:left,,,explicit-serialized
AnatomyProfileSO|anatomy:humanoid,anatomy:humanoid,nodes.14.displayName,왼다리,,,explicit-serialized
AnatomyProfileSO|anatomy:humanoid,anatomy:humanoid,nodes.14.parentNodeId,torso,,,explicit-serialized
AnatomyProfileSO|anatomy:humanoid,anatomy:humanoid,nodes.14.kind,3,,,explicit-serialized
AnatomyProfileSO|anatomy:humanoid,anatomy:humanoid,nodes.14.functions,128,,,explicit-serialized
AnatomyProfileSO|anatomy:humanoid,anatomy:humanoid,nodes.14.maxHealth,26,,,explicit-serialized
AnatomyProfileSO|anatomy:humanoid,anatomy:humanoid,nodes.14.capacityWeight,0.5,,,explicit-serialized
AnatomyProfileSO|anatomy:humanoid,anatomy:humanoid,nodes.14.vital,0,,,explicit-serialized
AnatomyProfileSO|anatomy:humanoid,anatomy:humanoid,nodes.14.removable,1,,,explicit-serialized
AnatomyProfileSO|anatomy:humanoid,anatomy:humanoid,nodes.14.pairedGroupId,legs,,,explicit-serialized
AnatomyProfileSO|anatomy:humanoid,anatomy:humanoid,nodes.14.legacyBodyPart,4,,,explicit-serialized
AnatomyProfileSO|anatomy:humanoid,anatomy:humanoid,nodes.14.mapsToLegacyBodyPart,1,,,explicit-serialized
AnatomyProfileSO|anatomy:humanoid,anatomy:humanoid,nodes.15.nodeId,leg:right,,,explicit-serialized
AnatomyProfileSO|anatomy:humanoid,anatomy:humanoid,nodes.15.displayName,오른다리,,,explicit-serialized
AnatomyProfileSO|anatomy:humanoid,anatomy:humanoid,nodes.15.parentNodeId,torso,,,explicit-serialized
AnatomyProfileSO|anatomy:humanoid,anatomy:humanoid,nodes.15.kind,3,,,explicit-serialized
AnatomyProfileSO|anatomy:humanoid,anatomy:humanoid,nodes.15.functions,128,,,explicit-serialized
AnatomyProfileSO|anatomy:humanoid,anatomy:humanoid,nodes.15.maxHealth,26,,,explicit-serialized
AnatomyProfileSO|anatomy:humanoid,anatomy:humanoid,nodes.15.capacityWeight,0.5,,,explicit-serialized
AnatomyProfileSO|anatomy:humanoid,anatomy:humanoid,nodes.15.vital,0,,,explicit-serialized
AnatomyProfileSO|anatomy:humanoid,anatomy:humanoid,nodes.15.removable,1,,,explicit-serialized
AnatomyProfileSO|anatomy:humanoid,anatomy:humanoid,nodes.15.pairedGroupId,legs,,,explicit-serialized
AnatomyProfileSO|anatomy:humanoid,anatomy:humanoid,nodes.15.legacyBodyPart,5,,,explicit-serialized
AnatomyProfileSO|anatomy:humanoid,anatomy:humanoid,nodes.15.mapsToLegacyBodyPart,1,,,explicit-serialized
AnatomyProfileSO|anatomy:humanoid,anatomy:humanoid,notApplicableCapacities,[],,,explicit-serialized
AnatomyProfileSO|anatomy:humanoid,anatomy:humanoid,CapacityId,0,CharacterFunctionalCapacityId,Mental Maintenance,implicit-csharp-default
AnatomyProfileSO|anatomy:humanoid,anatomy:humanoid,capacityId,0,CharacterFunctionalCapacityId,Mental Maintenance,implicit-csharp-default
AnatomyProfileSO|anatomy:kobold,anatomy:kobold,m_Name,anatomy_kobold,,,explicit-serialized
AnatomyProfileSO|anatomy:kobold,anatomy:kobold,profileId,anatomy:kobold,,,explicit-serialized
AnatomyProfileSO|anatomy:kobold,anatomy:kobold,displayName,코볼트 해부 구조,,,explicit-serialized
AnatomyProfileSO|anatomy:kobold,anatomy:kobold,anatomyFamily,humanoid,,,explicit-serialized
AnatomyProfileSO|anatomy:kobold,anatomy:kobold,speciesIds.0,Kobold,,,explicit-serialized
AnatomyProfileSO|anatomy:kobold,anatomy:kobold,nodes.0.nodeId,head,,,explicit-serialized
AnatomyProfileSO|anatomy:kobold,anatomy:kobold,nodes.0.displayName,머리,,,explicit-serialized
AnatomyProfileSO|anatomy:kobold,anatomy:kobold,nodes.0.parentNodeId,,,,explicit-serialized
AnatomyProfileSO|anatomy:kobold,anatomy:kobold,nodes.0.kind,0,,,explicit-serialized
AnatomyProfileSO|anatomy:kobold,anatomy:kobold,nodes.0.functions,6,,,explicit-serialized
AnatomyProfileSO|anatomy:kobold,anatomy:kobold,nodes.0.maxHealth,14,,,explicit-serialized
AnatomyProfileSO|anatomy:kobold,anatomy:kobold,nodes.0.capacityWeight,0.25,,,explicit-serialized
AnatomyProfileSO|anatomy:kobold,anatomy:kobold,nodes.0.vital,1,,,explicit-serialized
AnatomyProfileSO|anatomy:kobold,anatomy:kobold,nodes.0.removable,0,,,explicit-serialized
AnatomyProfileSO|anatomy:kobold,anatomy:kobold,nodes.0.pairedGroupId,,,,explicit-serialized
AnatomyProfileSO|anatomy:kobold,anatomy:kobold,nodes.0.legacyBodyPart,0,,,explicit-serialized
AnatomyProfileSO|anatomy:kobold,anatomy:kobold,nodes.0.mapsToLegacyBodyPart,1,,,explicit-serialized
AnatomyProfileSO|anatomy:kobold,anatomy:kobold,nodes.1.nodeId,brain,,,explicit-serialized
AnatomyProfileSO|anatomy:kobold,anatomy:kobold,nodes.1.displayName,뇌,,,explicit-serialized
AnatomyProfileSO|anatomy:kobold,anatomy:kobold,nodes.1.parentNodeId,head,,,explicit-serialized
AnatomyProfileSO|anatomy:kobold,anatomy:kobold,nodes.1.kind,1,,,explicit-serialized
AnatomyProfileSO|anatomy:kobold,anatomy:kobold,nodes.1.functions,2,,,explicit-serialized
AnatomyProfileSO|anatomy:kobold,anatomy:kobold,nodes.1.maxHealth,9,,,explicit-serialized
AnatomyProfileSO|anatomy:kobold,anatomy:kobold,nodes.1.capacityWeight,0.55,,,explicit-serialized
AnatomyProfileSO|anatomy:kobold,anatomy:kobold,nodes.1.vital,1,,,explicit-serialized
AnatomyProfileSO|anatomy:kobold,anatomy:kobold,nodes.1.removable,0,,,explicit-serialized
AnatomyProfileSO|anatomy:kobold,anatomy:kobold,nodes.1.pairedGroupId,,,,explicit-serialized
AnatomyProfileSO|anatomy:kobold,anatomy:kobold,nodes.1.legacyBodyPart,0,,,explicit-serialized
AnatomyProfileSO|anatomy:kobold,anatomy:kobold,nodes.1.mapsToLegacyBodyPart,0,,,explicit-serialized
AnatomyProfileSO|anatomy:kobold,anatomy:kobold,nodes.2.nodeId,eyes,,,explicit-serialized
AnatomyProfileSO|anatomy:kobold,anatomy:kobold,nodes.2.displayName,두 눈,,,explicit-serialized
AnatomyProfileSO|anatomy:kobold,anatomy:kobold,nodes.2.parentNodeId,head,,,explicit-serialized
AnatomyProfileSO|anatomy:kobold,anatomy:kobold,nodes.2.kind,2,,,explicit-serialized
AnatomyProfileSO|anatomy:kobold,anatomy:kobold,nodes.2.functions,4,,,explicit-serialized
AnatomyProfileSO|anatomy:kobold,anatomy:kobold,nodes.2.maxHealth,9,,,explicit-serialized
AnatomyProfileSO|anatomy:kobold,anatomy:kobold,nodes.2.capacityWeight,0.45,,,explicit-serialized
AnatomyProfileSO|anatomy:kobold,anatomy:kobold,nodes.2.vital,0,,,explicit-serialized
AnatomyProfileSO|anatomy:kobold,anatomy:kobold,nodes.2.removable,1,,,explicit-serialized
AnatomyProfileSO|anatomy:kobold,anatomy:kobold,nodes.2.pairedGroupId,,,,explicit-serialized
AnatomyProfileSO|anatomy:kobold,anatomy:kobold,nodes.2.legacyBodyPart,0,,,explicit-serialized
AnatomyProfileSO|anatomy:kobold,anatomy:kobold,nodes.2.mapsToLegacyBodyPart,0,,,explicit-serialized
AnatomyProfileSO|anatomy:kobold,anatomy:kobold,nodes.3.nodeId,muzzle,,,explicit-serialized
AnatomyProfileSO|anatomy:kobold,anatomy:kobold,nodes.3.displayName,주둥이,,,explicit-serialized
AnatomyProfileSO|anatomy:kobold,anatomy:kobold,nodes.3.parentNodeId,head,,,explicit-serialized
AnatomyProfileSO|anatomy:kobold,anatomy:kobold,nodes.3.kind,0,,,explicit-serialized
AnatomyProfileSO|anatomy:kobold,anatomy:kobold,nodes.3.functions,16,,,explicit-serialized
AnatomyProfileSO|anatomy:kobold,anatomy:kobold,nodes.3.maxHealth,11,,,explicit-serialized
AnatomyProfileSO|anatomy:kobold,anatomy:kobold,nodes.3.capacityWeight,0.2,,,explicit-serialized
AnatomyProfileSO|anatomy:kobold,anatomy:kobold,nodes.3.vital,0,,,explicit-serialized
AnatomyProfileSO|anatomy:kobold,anatomy:kobold,nodes.3.removable,1,,,explicit-serialized
AnatomyProfileSO|anatomy:kobold,anatomy:kobold,nodes.3.pairedGroupId,,,,explicit-serialized
AnatomyProfileSO|anatomy:kobold,anatomy:kobold,nodes.3.legacyBodyPart,0,,,explicit-serialized
AnatomyProfileSO|anatomy:kobold,anatomy:kobold,nodes.3.mapsToLegacyBodyPart,0,,,explicit-serialized
AnatomyProfileSO|anatomy:kobold,anatomy:kobold,nodes.4.nodeId,torso,,,explicit-serialized
AnatomyProfileSO|anatomy:kobold,anatomy:kobold,nodes.4.displayName,몸통,,,explicit-serialized
AnatomyProfileSO|anatomy:kobold,anatomy:kobold,nodes.4.parentNodeId,,,,explicit-serialized
AnatomyProfileSO|anatomy:kobold,anatomy:kobold,nodes.4.kind,4,,,explicit-serialized
AnatomyProfileSO|anatomy:kobold,anatomy:kobold,nodes.4.functions,9249,,,explicit-serialized
AnatomyProfileSO|anatomy:kobold,anatomy:kobold,nodes.4.maxHealth,34,,,explicit-serialized
AnatomyProfileSO|anatomy:kobold,anatomy:kobold,nodes.4.capacityWeight,0.55,,,explicit-serialized
AnatomyProfileSO|anatomy:kobold,anatomy:kobold,nodes.4.vital,1,,,explicit-serialized
AnatomyProfileSO|anatomy:kobold,anatomy:kobold,nodes.4.removable,0,,,explicit-serialized
AnatomyProfileSO|anatomy:kobold,anatomy:kobold,nodes.4.pairedGroupId,,,,explicit-serialized
AnatomyProfileSO|anatomy:kobold,anatomy:kobold,nodes.4.legacyBodyPart,1,,,explicit-serialized
AnatomyProfileSO|anatomy:kobold,anatomy:kobold,nodes.4.mapsToLegacyBodyPart,1,,,explicit-serialized
AnatomyProfileSO|anatomy:kobold,anatomy:kobold,nodes.5.nodeId,heart,,,explicit-serialized
AnatomyProfileSO|anatomy:kobold,anatomy:kobold,nodes.5.displayName,심장,,,explicit-serialized
AnatomyProfileSO|anatomy:kobold,anatomy:kobold,nodes.5.parentNodeId,torso,,,explicit-serialized
AnatomyProfileSO|anatomy:kobold,anatomy:kobold,nodes.5.kind,1,,,explicit-serialized
AnatomyProfileSO|anatomy:kobold,anatomy:kobold,nodes.5.functions,1,,,explicit-serialized
AnatomyProfileSO|anatomy:kobold,anatomy:kobold,nodes.5.maxHealth,11,,,explicit-serialized
AnatomyProfileSO|anatomy:kobold,anatomy:kobold,nodes.5.capacityWeight,0.45,,,explicit-serialized
AnatomyProfileSO|anatomy:kobold,anatomy:kobold,nodes.5.vital,1,,,explicit-serialized
AnatomyProfileSO|anatomy:kobold,anatomy:kobold,nodes.5.removable,1,,,explicit-serialized
AnatomyProfileSO|anatomy:kobold,anatomy:kobold,nodes.5.pairedGroupId,,,,explicit-serialized
AnatomyProfileSO|anatomy:kobold,anatomy:kobold,nodes.5.legacyBodyPart,0,,,explicit-serialized
AnatomyProfileSO|anatomy:kobold,anatomy:kobold,nodes.5.mapsToLegacyBodyPart,0,,,explicit-serialized
AnatomyProfileSO|anatomy:kobold,anatomy:kobold,nodes.6.nodeId,lungs,,,explicit-serialized
AnatomyProfileSO|anatomy:kobold,anatomy:kobold,nodes.6.displayName,폐,,,explicit-serialized
AnatomyProfileSO|anatomy:kobold,anatomy:kobold,nodes.6.parentNodeId,torso,,,explicit-serialized
AnatomyProfileSO|anatomy:kobold,anatomy:kobold,nodes.6.kind,1,,,explicit-serialized
AnatomyProfileSO|anatomy:kobold,anatomy:kobold,nodes.6.functions,8,,,explicit-serialized
AnatomyProfileSO|anatomy:kobold,anatomy:kobold,nodes.6.maxHealth,16,,,explicit-serialized
AnatomyProfileSO|anatomy:kobold,anatomy:kobold,nodes.6.capacityWeight,1,,,explicit-serialized
AnatomyProfileSO|anatomy:kobold,anatomy:kobold,nodes.6.vital,0,,,explicit-serialized
AnatomyProfileSO|anatomy:kobold,anatomy:kobold,nodes.6.removable,1,,,explicit-serialized
AnatomyProfileSO|anatomy:kobold,anatomy:kobold,nodes.6.pairedGroupId,,,,explicit-serialized
AnatomyProfileSO|anatomy:kobold,anatomy:kobold,nodes.6.legacyBodyPart,0,,,explicit-serialized
AnatomyProfileSO|anatomy:kobold,anatomy:kobold,nodes.6.mapsToLegacyBodyPart,0,,,explicit-serialized
AnatomyProfileSO|anatomy:kobold,anatomy:kobold,nodes.7.nodeId,hand:left,,,explicit-serialized
AnatomyProfileSO|anatomy:kobold,anatomy:kobold,nodes.7.displayName,왼손,,,explicit-serialized
AnatomyProfileSO|anatomy:kobold,anatomy:kobold,nodes.7.parentNodeId,torso,,,explicit-serialized
AnatomyProfileSO|anatomy:kobold,anatomy:kobold,nodes.7.kind,3,,,explicit-serialized
AnatomyProfileSO|anatomy:kobold,anatomy:kobold,nodes.7.functions,64,,,explicit-serialized
AnatomyProfileSO|anatomy:kobold,anatomy:kobold,nodes.7.maxHealth,18,,,explicit-serialized
AnatomyProfileSO|anatomy:kobold,anatomy:kobold,nodes.7.capacityWeight,0.5,,,explicit-serialized
AnatomyProfileSO|anatomy:kobold,anatomy:kobold,nodes.7.vital,0,,,explicit-serialized
AnatomyProfileSO|anatomy:kobold,anatomy:kobold,nodes.7.removable,1,,,explicit-serialized
AnatomyProfileSO|anatomy:kobold,anatomy:kobold,nodes.7.pairedGroupId,hands,,,explicit-serialized
AnatomyProfileSO|anatomy:kobold,anatomy:kobold,nodes.7.legacyBodyPart,2,,,explicit-serialized
AnatomyProfileSO|anatomy:kobold,anatomy:kobold,nodes.7.mapsToLegacyBodyPart,0,,,explicit-serialized
AnatomyProfileSO|anatomy:kobold,anatomy:kobold,nodes.8.nodeId,hand:right,,,explicit-serialized
AnatomyProfileSO|anatomy:kobold,anatomy:kobold,nodes.8.displayName,오른손,,,explicit-serialized
AnatomyProfileSO|anatomy:kobold,anatomy:kobold,nodes.8.parentNodeId,torso,,,explicit-serialized
AnatomyProfileSO|anatomy:kobold,anatomy:kobold,nodes.8.kind,3,,,explicit-serialized
AnatomyProfileSO|anatomy:kobold,anatomy:kobold,nodes.8.functions,64,,,explicit-serialized
AnatomyProfileSO|anatomy:kobold,anatomy:kobold,nodes.8.maxHealth,18,,,explicit-serialized
AnatomyProfileSO|anatomy:kobold,anatomy:kobold,nodes.8.capacityWeight,0.5,,,explicit-serialized
AnatomyProfileSO|anatomy:kobold,anatomy:kobold,nodes.8.vital,0,,,explicit-serialized
AnatomyProfileSO|anatomy:kobold,anatomy:kobold,nodes.8.removable,1,,,explicit-serialized
AnatomyProfileSO|anatomy:kobold,anatomy:kobold,nodes.8.pairedGroupId,hands,,,explicit-serialized
AnatomyProfileSO|anatomy:kobold,anatomy:kobold,nodes.8.legacyBodyPart,3,,,explicit-serialized
AnatomyProfileSO|anatomy:kobold,anatomy:kobold,nodes.8.mapsToLegacyBodyPart,0,,,explicit-serialized
AnatomyProfileSO|anatomy:kobold,anatomy:kobold,nodes.9.nodeId,leg:left,,,explicit-serialized
AnatomyProfileSO|anatomy:kobold,anatomy:kobold,nodes.9.displayName,왼다리,,,explicit-serialized
AnatomyProfileSO|anatomy:kobold,anatomy:kobold,nodes.9.parentNodeId,torso,,,explicit-serialized
AnatomyProfileSO|anatomy:kobold,anatomy:kobold,nodes.9.kind,3,,,explicit-serialized
AnatomyProfileSO|anatomy:kobold,anatomy:kobold,nodes.9.functions,128,,,explicit-serialized
AnatomyProfileSO|anatomy:kobold,anatomy:kobold,nodes.9.maxHealth,20,,,explicit-serialized
AnatomyProfileSO|anatomy:kobold,anatomy:kobold,nodes.9.capacityWeight,0.4,,,explicit-serialized
AnatomyProfileSO|anatomy:kobold,anatomy:kobold,nodes.9.vital,0,,,explicit-serialized
AnatomyProfileSO|anatomy:kobold,anatomy:kobold,nodes.9.removable,1,,,explicit-serialized
AnatomyProfileSO|anatomy:kobold,anatomy:kobold,nodes.9.pairedGroupId,legs,,,explicit-serialized
AnatomyProfileSO|anatomy:kobold,anatomy:kobold,nodes.9.legacyBodyPart,4,,,explicit-serialized
AnatomyProfileSO|anatomy:kobold,anatomy:kobold,nodes.9.mapsToLegacyBodyPart,1,,,explicit-serialized
AnatomyProfileSO|anatomy:kobold,anatomy:kobold,nodes.10.nodeId,leg:right,,,explicit-serialized
AnatomyProfileSO|anatomy:kobold,anatomy:kobold,nodes.10.displayName,오른다리,,,explicit-serialized
AnatomyProfileSO|anatomy:kobold,anatomy:kobold,nodes.10.parentNodeId,torso,,,explicit-serialized
AnatomyProfileSO|anatomy:kobold,anatomy:kobold,nodes.10.kind,3,,,explicit-serialized
AnatomyProfileSO|anatomy:kobold,anatomy:kobold,nodes.10.functions,128,,,explicit-serialized
AnatomyProfileSO|anatomy:kobold,anatomy:kobold,nodes.10.maxHealth,20,,,explicit-serialized
AnatomyProfileSO|anatomy:kobold,anatomy:kobold,nodes.10.capacityWeight,0.4,,,explicit-serialized
AnatomyProfileSO|anatomy:kobold,anatomy:kobold,nodes.10.vital,0,,,explicit-serialized
AnatomyProfileSO|anatomy:kobold,anatomy:kobold,nodes.10.removable,1,,,explicit-serialized
AnatomyProfileSO|anatomy:kobold,anatomy:kobold,nodes.10.pairedGroupId,legs,,,explicit-serialized
AnatomyProfileSO|anatomy:kobold,anatomy:kobold,nodes.10.legacyBodyPart,5,,,explicit-serialized
AnatomyProfileSO|anatomy:kobold,anatomy:kobold,nodes.10.mapsToLegacyBodyPart,1,,,explicit-serialized
AnatomyProfileSO|anatomy:kobold,anatomy:kobold,nodes.11.nodeId,balance-tail,,,explicit-serialized
AnatomyProfileSO|anatomy:kobold,anatomy:kobold,nodes.11.displayName,균형 꼬리,,,explicit-serialized
AnatomyProfileSO|anatomy:kobold,anatomy:kobold,nodes.11.parentNodeId,torso,,,explicit-serialized
AnatomyProfileSO|anatomy:kobold,anatomy:kobold,nodes.11.kind,3,,,explicit-serialized
AnatomyProfileSO|anatomy:kobold,anatomy:kobold,nodes.11.functions,128,,,explicit-serialized
AnatomyProfileSO|anatomy:kobold,anatomy:kobold,nodes.11.maxHealth,18,,,explicit-serialized
AnatomyProfileSO|anatomy:kobold,anatomy:kobold,nodes.11.capacityWeight,0.2,,,explicit-serialized
AnatomyProfileSO|anatomy:kobold,anatomy:kobold,nodes.11.vital,0,,,explicit-serialized
AnatomyProfileSO|anatomy:kobold,anatomy:kobold,nodes.11.removable,1,,,explicit-serialized
AnatomyProfileSO|anatomy:kobold,anatomy:kobold,nodes.11.pairedGroupId,,,,explicit-serialized
AnatomyProfileSO|anatomy:kobold,anatomy:kobold,nodes.11.legacyBodyPart,0,,,explicit-serialized
AnatomyProfileSO|anatomy:kobold,anatomy:kobold,nodes.11.mapsToLegacyBodyPart,0,,,explicit-serialized
AnatomyProfileSO|anatomy:kobold,anatomy:kobold,notApplicableCapacities,[],,,explicit-serialized
AnatomyProfileSO|anatomy:kobold,anatomy:kobold,CapacityId,0,CharacterFunctionalCapacityId,Mental Maintenance,implicit-csharp-default
AnatomyProfileSO|anatomy:kobold,anatomy:kobold,capacityId,0,CharacterFunctionalCapacityId,Mental Maintenance,implicit-csharp-default
AnatomyProfileSO|anatomy:orc,anatomy:orc,m_Name,anatomy_orc,,,explicit-serialized
AnatomyProfileSO|anatomy:orc,anatomy:orc,profileId,anatomy:orc,,,explicit-serialized
AnatomyProfileSO|anatomy:orc,anatomy:orc,displayName,오크 해부 구조,,,explicit-serialized
AnatomyProfileSO|anatomy:orc,anatomy:orc,anatomyFamily,humanoid,,,explicit-serialized
AnatomyProfileSO|anatomy:orc,anatomy:orc,speciesIds.0,Orc,,,explicit-serialized
AnatomyProfileSO|anatomy:orc,anatomy:orc,nodes.0.nodeId,head,,,explicit-serialized
AnatomyProfileSO|anatomy:orc,anatomy:orc,nodes.0.displayName,머리,,,explicit-serialized
AnatomyProfileSO|anatomy:orc,anatomy:orc,nodes.0.parentNodeId,,,,explicit-serialized
AnatomyProfileSO|anatomy:orc,anatomy:orc,nodes.0.kind,0,,,explicit-serialized
AnatomyProfileSO|anatomy:orc,anatomy:orc,nodes.0.functions,6,,,explicit-serialized
AnatomyProfileSO|anatomy:orc,anatomy:orc,nodes.0.maxHealth,22,,,explicit-serialized
AnatomyProfileSO|anatomy:orc,anatomy:orc,nodes.0.capacityWeight,0.3,,,explicit-serialized
AnatomyProfileSO|anatomy:orc,anatomy:orc,nodes.0.vital,1,,,explicit-serialized
AnatomyProfileSO|anatomy:orc,anatomy:orc,nodes.0.removable,0,,,explicit-serialized
AnatomyProfileSO|anatomy:orc,anatomy:orc,nodes.0.pairedGroupId,,,,explicit-serialized
AnatomyProfileSO|anatomy:orc,anatomy:orc,nodes.0.legacyBodyPart,0,,,explicit-serialized
AnatomyProfileSO|anatomy:orc,anatomy:orc,nodes.0.mapsToLegacyBodyPart,1,,,explicit-serialized
AnatomyProfileSO|anatomy:orc,anatomy:orc,nodes.1.nodeId,brain,,,explicit-serialized
AnatomyProfileSO|anatomy:orc,anatomy:orc,nodes.1.displayName,뇌,,,explicit-serialized
AnatomyProfileSO|anatomy:orc,anatomy:orc,nodes.1.parentNodeId,head,,,explicit-serialized
AnatomyProfileSO|anatomy:orc,anatomy:orc,nodes.1.kind,1,,,explicit-serialized
AnatomyProfileSO|anatomy:orc,anatomy:orc,nodes.1.functions,2,,,explicit-serialized
AnatomyProfileSO|anatomy:orc,anatomy:orc,nodes.1.maxHealth,15,,,explicit-serialized
AnatomyProfileSO|anatomy:orc,anatomy:orc,nodes.1.capacityWeight,0.7,,,explicit-serialized
AnatomyProfileSO|anatomy:orc,anatomy:orc,nodes.1.vital,1,,,explicit-serialized
AnatomyProfileSO|anatomy:orc,anatomy:orc,nodes.1.removable,0,,,explicit-serialized
AnatomyProfileSO|anatomy:orc,anatomy:orc,nodes.1.pairedGroupId,,,,explicit-serialized
AnatomyProfileSO|anatomy:orc,anatomy:orc,nodes.1.legacyBodyPart,0,,,explicit-serialized
AnatomyProfileSO|anatomy:orc,anatomy:orc,nodes.1.mapsToLegacyBodyPart,0,,,explicit-serialized
AnatomyProfileSO|anatomy:orc,anatomy:orc,nodes.2.nodeId,eye:left,,,explicit-serialized
AnatomyProfileSO|anatomy:orc,anatomy:orc,nodes.2.displayName,왼쪽 눈,,,explicit-serialized
AnatomyProfileSO|anatomy:orc,anatomy:orc,nodes.2.parentNodeId,head,,,explicit-serialized
AnatomyProfileSO|anatomy:orc,anatomy:orc,nodes.2.kind,2,,,explicit-serialized
AnatomyProfileSO|anatomy:orc,anatomy:orc,nodes.2.functions,4,,,explicit-serialized
AnatomyProfileSO|anatomy:orc,anatomy:orc,nodes.2.maxHealth,7,,,explicit-serialized
AnatomyProfileSO|anatomy:orc,anatomy:orc,nodes.2.capacityWeight,0.5,,,explicit-serialized
AnatomyProfileSO|anatomy:orc,anatomy:orc,nodes.2.vital,0,,,explicit-serialized
AnatomyProfileSO|anatomy:orc,anatomy:orc,nodes.2.removable,1,,,explicit-serialized
AnatomyProfileSO|anatomy:orc,anatomy:orc,nodes.2.pairedGroupId,eyes,,,explicit-serialized
AnatomyProfileSO|anatomy:orc,anatomy:orc,nodes.2.legacyBodyPart,0,,,explicit-serialized
AnatomyProfileSO|anatomy:orc,anatomy:orc,nodes.2.mapsToLegacyBodyPart,0,,,explicit-serialized
AnatomyProfileSO|anatomy:orc,anatomy:orc,nodes.3.nodeId,eye:right,,,explicit-serialized
AnatomyProfileSO|anatomy:orc,anatomy:orc,nodes.3.displayName,오른쪽 눈,,,explicit-serialized
AnatomyProfileSO|anatomy:orc,anatomy:orc,nodes.3.parentNodeId,head,,,explicit-serialized
AnatomyProfileSO|anatomy:orc,anatomy:orc,nodes.3.kind,2,,,explicit-serialized
AnatomyProfileSO|anatomy:orc,anatomy:orc,nodes.3.functions,4,,,explicit-serialized
AnatomyProfileSO|anatomy:orc,anatomy:orc,nodes.3.maxHealth,7,,,explicit-serialized
AnatomyProfileSO|anatomy:orc,anatomy:orc,nodes.3.capacityWeight,0.5,,,explicit-serialized
AnatomyProfileSO|anatomy:orc,anatomy:orc,nodes.3.vital,0,,,explicit-serialized
AnatomyProfileSO|anatomy:orc,anatomy:orc,nodes.3.removable,1,,,explicit-serialized
AnatomyProfileSO|anatomy:orc,anatomy:orc,nodes.3.pairedGroupId,eyes,,,explicit-serialized
AnatomyProfileSO|anatomy:orc,anatomy:orc,nodes.3.legacyBodyPart,0,,,explicit-serialized
AnatomyProfileSO|anatomy:orc,anatomy:orc,nodes.3.mapsToLegacyBodyPart,0,,,explicit-serialized
AnatomyProfileSO|anatomy:orc,anatomy:orc,nodes.4.nodeId,tusk:left,,,explicit-serialized
AnatomyProfileSO|anatomy:orc,anatomy:orc,nodes.4.displayName,왼쪽 엄니,,,explicit-serialized
AnatomyProfileSO|anatomy:orc,anatomy:orc,nodes.4.parentNodeId,head,,,explicit-serialized
AnatomyProfileSO|anatomy:orc,anatomy:orc,nodes.4.kind,0,,,explicit-serialized
AnatomyProfileSO|anatomy:orc,anatomy:orc,nodes.4.functions,64,,,explicit-serialized
AnatomyProfileSO|anatomy:orc,anatomy:orc,nodes.4.maxHealth,12,,,explicit-serialized
AnatomyProfileSO|anatomy:orc,anatomy:orc,nodes.4.capacityWeight,0.15,,,explicit-serialized
AnatomyProfileSO|anatomy:orc,anatomy:orc,nodes.4.vital,0,,,explicit-serialized
AnatomyProfileSO|anatomy:orc,anatomy:orc,nodes.4.removable,1,,,explicit-serialized
AnatomyProfileSO|anatomy:orc,anatomy:orc,nodes.4.pairedGroupId,tusks,,,explicit-serialized
AnatomyProfileSO|anatomy:orc,anatomy:orc,nodes.4.legacyBodyPart,0,,,explicit-serialized
AnatomyProfileSO|anatomy:orc,anatomy:orc,nodes.4.mapsToLegacyBodyPart,0,,,explicit-serialized
AnatomyProfileSO|anatomy:orc,anatomy:orc,nodes.5.nodeId,tusk:right,,,explicit-serialized
AnatomyProfileSO|anatomy:orc,anatomy:orc,nodes.5.displayName,오른쪽 엄니,,,explicit-serialized
AnatomyProfileSO|anatomy:orc,anatomy:orc,nodes.5.parentNodeId,head,,,explicit-serialized
AnatomyProfileSO|anatomy:orc,anatomy:orc,nodes.5.kind,0,,,explicit-serialized
AnatomyProfileSO|anatomy:orc,anatomy:orc,nodes.5.functions,64,,,explicit-serialized
AnatomyProfileSO|anatomy:orc,anatomy:orc,nodes.5.maxHealth,12,,,explicit-serialized
AnatomyProfileSO|anatomy:orc,anatomy:orc,nodes.5.capacityWeight,0.15,,,explicit-serialized
AnatomyProfileSO|anatomy:orc,anatomy:orc,nodes.5.vital,0,,,explicit-serialized
AnatomyProfileSO|anatomy:orc,anatomy:orc,nodes.5.removable,1,,,explicit-serialized
AnatomyProfileSO|anatomy:orc,anatomy:orc,nodes.5.pairedGroupId,tusks,,,explicit-serialized
AnatomyProfileSO|anatomy:orc,anatomy:orc,nodes.5.legacyBodyPart,0,,,explicit-serialized
AnatomyProfileSO|anatomy:orc,anatomy:orc,nodes.5.mapsToLegacyBodyPart,0,,,explicit-serialized
AnatomyProfileSO|anatomy:orc,anatomy:orc,nodes.6.nodeId,torso,,,explicit-serialized
AnatomyProfileSO|anatomy:orc,anatomy:orc,nodes.6.displayName,몸통,,,explicit-serialized
AnatomyProfileSO|anatomy:orc,anatomy:orc,nodes.6.parentNodeId,,,,explicit-serialized
AnatomyProfileSO|anatomy:orc,anatomy:orc,nodes.6.kind,4,,,explicit-serialized
AnatomyProfileSO|anatomy:orc,anatomy:orc,nodes.6.functions,9217,,,explicit-serialized
AnatomyProfileSO|anatomy:orc,anatomy:orc,nodes.6.maxHealth,58,,,explicit-serialized
AnatomyProfileSO|anatomy:orc,anatomy:orc,nodes.6.capacityWeight,0.55,,,explicit-serialized
AnatomyProfileSO|anatomy:orc,anatomy:orc,nodes.6.vital,1,,,explicit-serialized
AnatomyProfileSO|anatomy:orc,anatomy:orc,nodes.6.removable,0,,,explicit-serialized
AnatomyProfileSO|anatomy:orc,anatomy:orc,nodes.6.pairedGroupId,,,,explicit-serialized
AnatomyProfileSO|anatomy:orc,anatomy:orc,nodes.6.legacyBodyPart,1,,,explicit-serialized
AnatomyProfileSO|anatomy:orc,anatomy:orc,nodes.6.mapsToLegacyBodyPart,1,,,explicit-serialized
AnatomyProfileSO|anatomy:orc,anatomy:orc,nodes.7.nodeId,heart,,,explicit-serialized
AnatomyProfileSO|anatomy:orc,anatomy:orc,nodes.7.displayName,전투 심장,,,explicit-serialized
AnatomyProfileSO|anatomy:orc,anatomy:orc,nodes.7.parentNodeId,torso,,,explicit-serialized
AnatomyProfileSO|anatomy:orc,anatomy:orc,nodes.7.kind,1,,,explicit-serialized
AnatomyProfileSO|anatomy:orc,anatomy:orc,nodes.7.functions,1,,,explicit-serialized
AnatomyProfileSO|anatomy:orc,anatomy:orc,nodes.7.maxHealth,20,,,explicit-serialized
AnatomyProfileSO|anatomy:orc,anatomy:orc,nodes.7.capacityWeight,0.45,,,explicit-serialized
AnatomyProfileSO|anatomy:orc,anatomy:orc,nodes.7.vital,1,,,explicit-serialized
AnatomyProfileSO|anatomy:orc,anatomy:orc,nodes.7.removable,1,,,explicit-serialized
AnatomyProfileSO|anatomy:orc,anatomy:orc,nodes.7.pairedGroupId,,,,explicit-serialized
AnatomyProfileSO|anatomy:orc,anatomy:orc,nodes.7.legacyBodyPart,0,,,explicit-serialized
AnatomyProfileSO|anatomy:orc,anatomy:orc,nodes.7.mapsToLegacyBodyPart,0,,,explicit-serialized
AnatomyProfileSO|anatomy:orc,anatomy:orc,nodes.8.nodeId,lung:left,,,explicit-serialized
AnatomyProfileSO|anatomy:orc,anatomy:orc,nodes.8.displayName,왼쪽 폐,,,explicit-serialized
AnatomyProfileSO|anatomy:orc,anatomy:orc,nodes.8.parentNodeId,torso,,,explicit-serialized
AnatomyProfileSO|anatomy:orc,anatomy:orc,nodes.8.kind,1,,,explicit-serialized
AnatomyProfileSO|anatomy:orc,anatomy:orc,nodes.8.functions,8,,,explicit-serialized
AnatomyProfileSO|anatomy:orc,anatomy:orc,nodes.8.maxHealth,16,,,explicit-serialized
AnatomyProfileSO|anatomy:orc,anatomy:orc,nodes.8.capacityWeight,0.5,,,explicit-serialized
AnatomyProfileSO|anatomy:orc,anatomy:orc,nodes.8.vital,0,,,explicit-serialized
AnatomyProfileSO|anatomy:orc,anatomy:orc,nodes.8.removable,1,,,explicit-serialized
AnatomyProfileSO|anatomy:orc,anatomy:orc,nodes.8.pairedGroupId,lungs,,,explicit-serialized
AnatomyProfileSO|anatomy:orc,anatomy:orc,nodes.8.legacyBodyPart,0,,,explicit-serialized
AnatomyProfileSO|anatomy:orc,anatomy:orc,nodes.8.mapsToLegacyBodyPart,0,,,explicit-serialized
AnatomyProfileSO|anatomy:orc,anatomy:orc,nodes.9.nodeId,lung:right,,,explicit-serialized
AnatomyProfileSO|anatomy:orc,anatomy:orc,nodes.9.displayName,오른쪽 폐,,,explicit-serialized
AnatomyProfileSO|anatomy:orc,anatomy:orc,nodes.9.parentNodeId,torso,,,explicit-serialized
AnatomyProfileSO|anatomy:orc,anatomy:orc,nodes.9.kind,1,,,explicit-serialized
AnatomyProfileSO|anatomy:orc,anatomy:orc,nodes.9.functions,8,,,explicit-serialized
AnatomyProfileSO|anatomy:orc,anatomy:orc,nodes.9.maxHealth,16,,,explicit-serialized
AnatomyProfileSO|anatomy:orc,anatomy:orc,nodes.9.capacityWeight,0.5,,,explicit-serialized
AnatomyProfileSO|anatomy:orc,anatomy:orc,nodes.9.vital,0,,,explicit-serialized
AnatomyProfileSO|anatomy:orc,anatomy:orc,nodes.9.removable,1,,,explicit-serialized
AnatomyProfileSO|anatomy:orc,anatomy:orc,nodes.9.pairedGroupId,lungs,,,explicit-serialized
AnatomyProfileSO|anatomy:orc,anatomy:orc,nodes.9.legacyBodyPart,0,,,explicit-serialized
AnatomyProfileSO|anatomy:orc,anatomy:orc,nodes.9.mapsToLegacyBodyPart,0,,,explicit-serialized
AnatomyProfileSO|anatomy:orc,anatomy:orc,nodes.10.nodeId,liver,,,explicit-serialized
AnatomyProfileSO|anatomy:orc,anatomy:orc,nodes.10.displayName,간,,,explicit-serialized
AnatomyProfileSO|anatomy:orc,anatomy:orc,nodes.10.parentNodeId,torso,,,explicit-serialized
AnatomyProfileSO|anatomy:orc,anatomy:orc,nodes.10.kind,1,,,explicit-serialized
AnatomyProfileSO|anatomy:orc,anatomy:orc,nodes.10.functions,48,,,explicit-serialized
AnatomyProfileSO|anatomy:orc,anatomy:orc,nodes.10.maxHealth,20,,,explicit-serialized
AnatomyProfileSO|anatomy:orc,anatomy:orc,nodes.10.capacityWeight,0.55,,,explicit-serialized
AnatomyProfileSO|anatomy:orc,anatomy:orc,nodes.10.vital,0,,,explicit-serialized
AnatomyProfileSO|anatomy:orc,anatomy:orc,nodes.10.removable,1,,,explicit-serialized
AnatomyProfileSO|anatomy:orc,anatomy:orc,nodes.10.pairedGroupId,,,,explicit-serialized
AnatomyProfileSO|anatomy:orc,anatomy:orc,nodes.10.legacyBodyPart,0,,,explicit-serialized
AnatomyProfileSO|anatomy:orc,anatomy:orc,nodes.10.mapsToLegacyBodyPart,0,,,explicit-serialized
AnatomyProfileSO|anatomy:orc,anatomy:orc,nodes.11.nodeId,stomach,,,explicit-serialized
AnatomyProfileSO|anatomy:orc,anatomy:orc,nodes.11.displayName,위,,,explicit-serialized
AnatomyProfileSO|anatomy:orc,anatomy:orc,nodes.11.parentNodeId,torso,,,explicit-serialized
AnatomyProfileSO|anatomy:orc,anatomy:orc,nodes.11.kind,1,,,explicit-serialized
AnatomyProfileSO|anatomy:orc,anatomy:orc,nodes.11.functions,16,,,explicit-serialized
AnatomyProfileSO|anatomy:orc,anatomy:orc,nodes.11.maxHealth,18,,,explicit-serialized
AnatomyProfileSO|anatomy:orc,anatomy:orc,nodes.11.capacityWeight,0.45,,,explicit-serialized
AnatomyProfileSO|anatomy:orc,anatomy:orc,nodes.11.vital,0,,,explicit-serialized
AnatomyProfileSO|anatomy:orc,anatomy:orc,nodes.11.removable,1,,,explicit-serialized
AnatomyProfileSO|anatomy:orc,anatomy:orc,nodes.11.pairedGroupId,,,,explicit-serialized
AnatomyProfileSO|anatomy:orc,anatomy:orc,nodes.11.legacyBodyPart,0,,,explicit-serialized
AnatomyProfileSO|anatomy:orc,anatomy:orc,nodes.11.mapsToLegacyBodyPart,0,,,explicit-serialized
AnatomyProfileSO|anatomy:orc,anatomy:orc,nodes.12.nodeId,arm:left,,,explicit-serialized
AnatomyProfileSO|anatomy:orc,anatomy:orc,nodes.12.displayName,왼팔,,,explicit-serialized
AnatomyProfileSO|anatomy:orc,anatomy:orc,nodes.12.parentNodeId,torso,,,explicit-serialized
AnatomyProfileSO|anatomy:orc,anatomy:orc,nodes.12.kind,3,,,explicit-serialized
AnatomyProfileSO|anatomy:orc,anatomy:orc,nodes.12.functions,64,,,explicit-serialized
AnatomyProfileSO|anatomy:orc,anatomy:orc,nodes.12.maxHealth,32,,,explicit-serialized
AnatomyProfileSO|anatomy:orc,anatomy:orc,nodes.12.capacityWeight,0.5,,,explicit-serialized
AnatomyProfileSO|anatomy:orc,anatomy:orc,nodes.12.vital,0,,,explicit-serialized
AnatomyProfileSO|anatomy:orc,anatomy:orc,nodes.12.removable,1,,,explicit-serialized
AnatomyProfileSO|anatomy:orc,anatomy:orc,nodes.12.pairedGroupId,arms,,,explicit-serialized
AnatomyProfileSO|anatomy:orc,anatomy:orc,nodes.12.legacyBodyPart,2,,,explicit-serialized
AnatomyProfileSO|anatomy:orc,anatomy:orc,nodes.12.mapsToLegacyBodyPart,1,,,explicit-serialized
AnatomyProfileSO|anatomy:orc,anatomy:orc,nodes.13.nodeId,arm:right,,,explicit-serialized
AnatomyProfileSO|anatomy:orc,anatomy:orc,nodes.13.displayName,오른팔,,,explicit-serialized
AnatomyProfileSO|anatomy:orc,anatomy:orc,nodes.13.parentNodeId,torso,,,explicit-serialized
AnatomyProfileSO|anatomy:orc,anatomy:orc,nodes.13.kind,3,,,explicit-serialized
AnatomyProfileSO|anatomy:orc,anatomy:orc,nodes.13.functions,64,,,explicit-serialized
AnatomyProfileSO|anatomy:orc,anatomy:orc,nodes.13.maxHealth,32,,,explicit-serialized
AnatomyProfileSO|anatomy:orc,anatomy:orc,nodes.13.capacityWeight,0.5,,,explicit-serialized
AnatomyProfileSO|anatomy:orc,anatomy:orc,nodes.13.vital,0,,,explicit-serialized
AnatomyProfileSO|anatomy:orc,anatomy:orc,nodes.13.removable,1,,,explicit-serialized
AnatomyProfileSO|anatomy:orc,anatomy:orc,nodes.13.pairedGroupId,arms,,,explicit-serialized
AnatomyProfileSO|anatomy:orc,anatomy:orc,nodes.13.legacyBodyPart,3,,,explicit-serialized
AnatomyProfileSO|anatomy:orc,anatomy:orc,nodes.13.mapsToLegacyBodyPart,1,,,explicit-serialized
AnatomyProfileSO|anatomy:orc,anatomy:orc,nodes.14.nodeId,leg:left,,,explicit-serialized
AnatomyProfileSO|anatomy:orc,anatomy:orc,nodes.14.displayName,왼다리,,,explicit-serialized
AnatomyProfileSO|anatomy:orc,anatomy:orc,nodes.14.parentNodeId,torso,,,explicit-serialized
AnatomyProfileSO|anatomy:orc,anatomy:orc,nodes.14.kind,3,,,explicit-serialized
AnatomyProfileSO|anatomy:orc,anatomy:orc,nodes.14.functions,128,,,explicit-serialized
AnatomyProfileSO|anatomy:orc,anatomy:orc,nodes.14.maxHealth,36,,,explicit-serialized
AnatomyProfileSO|anatomy:orc,anatomy:orc,nodes.14.capacityWeight,0.5,,,explicit-serialized
AnatomyProfileSO|anatomy:orc,anatomy:orc,nodes.14.vital,0,,,explicit-serialized
AnatomyProfileSO|anatomy:orc,anatomy:orc,nodes.14.removable,1,,,explicit-serialized
AnatomyProfileSO|anatomy:orc,anatomy:orc,nodes.14.pairedGroupId,legs,,,explicit-serialized
AnatomyProfileSO|anatomy:orc,anatomy:orc,nodes.14.legacyBodyPart,4,,,explicit-serialized
AnatomyProfileSO|anatomy:orc,anatomy:orc,nodes.14.mapsToLegacyBodyPart,1,,,explicit-serialized
AnatomyProfileSO|anatomy:orc,anatomy:orc,nodes.15.nodeId,leg:right,,,explicit-serialized
AnatomyProfileSO|anatomy:orc,anatomy:orc,nodes.15.displayName,오른다리,,,explicit-serialized
AnatomyProfileSO|anatomy:orc,anatomy:orc,nodes.15.parentNodeId,torso,,,explicit-serialized
AnatomyProfileSO|anatomy:orc,anatomy:orc,nodes.15.kind,3,,,explicit-serialized
AnatomyProfileSO|anatomy:orc,anatomy:orc,nodes.15.functions,128,,,explicit-serialized
AnatomyProfileSO|anatomy:orc,anatomy:orc,nodes.15.maxHealth,36,,,explicit-serialized
AnatomyProfileSO|anatomy:orc,anatomy:orc,nodes.15.capacityWeight,0.5,,,explicit-serialized
AnatomyProfileSO|anatomy:orc,anatomy:orc,nodes.15.vital,0,,,explicit-serialized
AnatomyProfileSO|anatomy:orc,anatomy:orc,nodes.15.removable,1,,,explicit-serialized
AnatomyProfileSO|anatomy:orc,anatomy:orc,nodes.15.pairedGroupId,legs,,,explicit-serialized
AnatomyProfileSO|anatomy:orc,anatomy:orc,nodes.15.legacyBodyPart,5,,,explicit-serialized
AnatomyProfileSO|anatomy:orc,anatomy:orc,nodes.15.mapsToLegacyBodyPart,1,,,explicit-serialized
AnatomyProfileSO|anatomy:orc,anatomy:orc,notApplicableCapacities,[],,,explicit-serialized
AnatomyProfileSO|anatomy:orc,anatomy:orc,CapacityId,0,CharacterFunctionalCapacityId,Mental Maintenance,implicit-csharp-default
AnatomyProfileSO|anatomy:orc,anatomy:orc,capacityId,0,CharacterFunctionalCapacityId,Mental Maintenance,implicit-csharp-default
AnatomyProfileSO|anatomy:quadruped,anatomy:quadruped,m_Name,anatomy_quadruped,,,explicit-serialized
AnatomyProfileSO|anatomy:quadruped,anatomy:quadruped,profileId,anatomy:quadruped,,,explicit-serialized
AnatomyProfileSO|anatomy:quadruped,anatomy:quadruped,displayName,사족 동물,,,explicit-serialized
AnatomyProfileSO|anatomy:quadruped,anatomy:quadruped,anatomyFamily,quadruped,,,explicit-serialized
AnatomyProfileSO|anatomy:quadruped,anatomy:quadruped,speciesIds.0,cave_rat,,,explicit-serialized
AnatomyProfileSO|anatomy:quadruped,anatomy:quadruped,speciesIds.1,shadow_hare,,,explicit-serialized
AnatomyProfileSO|anatomy:quadruped,anatomy:quadruped,speciesIds.2,moss_boar,,,explicit-serialized
AnatomyProfileSO|anatomy:quadruped,anatomy:quadruped,speciesIds.3,rune_deer,,,explicit-serialized
AnatomyProfileSO|anatomy:quadruped,anatomy:quadruped,speciesIds.4,shadow_wolf,,,explicit-serialized
AnatomyProfileSO|anatomy:quadruped,anatomy:quadruped,speciesIds.5,ash_goat,,,explicit-serialized
AnatomyProfileSO|anatomy:quadruped,anatomy:quadruped,nodes.0.nodeId,head,,,explicit-serialized
AnatomyProfileSO|anatomy:quadruped,anatomy:quadruped,nodes.0.displayName,머리,,,explicit-serialized
AnatomyProfileSO|anatomy:quadruped,anatomy:quadruped,nodes.0.parentNodeId,,,,explicit-serialized
AnatomyProfileSO|anatomy:quadruped,anatomy:quadruped,nodes.0.kind,0,,,explicit-serialized
AnatomyProfileSO|anatomy:quadruped,anatomy:quadruped,nodes.0.functions,6,,,explicit-serialized
AnatomyProfileSO|anatomy:quadruped,anatomy:quadruped,nodes.0.maxHealth,15,,,explicit-serialized
AnatomyProfileSO|anatomy:quadruped,anatomy:quadruped,nodes.0.capacityWeight,0.35,,,explicit-serialized
AnatomyProfileSO|anatomy:quadruped,anatomy:quadruped,nodes.0.vital,1,,,explicit-serialized
AnatomyProfileSO|anatomy:quadruped,anatomy:quadruped,nodes.0.removable,0,,,explicit-serialized
AnatomyProfileSO|anatomy:quadruped,anatomy:quadruped,nodes.0.pairedGroupId,,,,explicit-serialized
AnatomyProfileSO|anatomy:quadruped,anatomy:quadruped,nodes.0.legacyBodyPart,0,,,explicit-serialized
AnatomyProfileSO|anatomy:quadruped,anatomy:quadruped,nodes.0.mapsToLegacyBodyPart,1,,,explicit-serialized
AnatomyProfileSO|anatomy:quadruped,anatomy:quadruped,nodes.1.nodeId,brain,,,explicit-serialized
AnatomyProfileSO|anatomy:quadruped,anatomy:quadruped,nodes.1.displayName,뇌,,,explicit-serialized
AnatomyProfileSO|anatomy:quadruped,anatomy:quadruped,nodes.1.parentNodeId,head,,,explicit-serialized
AnatomyProfileSO|anatomy:quadruped,anatomy:quadruped,nodes.1.kind,1,,,explicit-serialized
AnatomyProfileSO|anatomy:quadruped,anatomy:quadruped,nodes.1.functions,2,,,explicit-serialized
AnatomyProfileSO|anatomy:quadruped,anatomy:quadruped,nodes.1.maxHealth,9,,,explicit-serialized
AnatomyProfileSO|anatomy:quadruped,anatomy:quadruped,nodes.1.capacityWeight,0.65,,,explicit-serialized
AnatomyProfileSO|anatomy:quadruped,anatomy:quadruped,nodes.1.vital,1,,,explicit-serialized
AnatomyProfileSO|anatomy:quadruped,anatomy:quadruped,nodes.1.removable,0,,,explicit-serialized
AnatomyProfileSO|anatomy:quadruped,anatomy:quadruped,nodes.1.pairedGroupId,,,,explicit-serialized
AnatomyProfileSO|anatomy:quadruped,anatomy:quadruped,nodes.1.legacyBodyPart,0,,,explicit-serialized
AnatomyProfileSO|anatomy:quadruped,anatomy:quadruped,nodes.1.mapsToLegacyBodyPart,0,,,explicit-serialized
AnatomyProfileSO|anatomy:quadruped,anatomy:quadruped,nodes.2.nodeId,eye:left,,,explicit-serialized
AnatomyProfileSO|anatomy:quadruped,anatomy:quadruped,nodes.2.displayName,왼쪽 눈,,,explicit-serialized
AnatomyProfileSO|anatomy:quadruped,anatomy:quadruped,nodes.2.parentNodeId,head,,,explicit-serialized
AnatomyProfileSO|anatomy:quadruped,anatomy:quadruped,nodes.2.kind,2,,,explicit-serialized
AnatomyProfileSO|anatomy:quadruped,anatomy:quadruped,nodes.2.functions,4,,,explicit-serialized
AnatomyProfileSO|anatomy:quadruped,anatomy:quadruped,nodes.2.maxHealth,5,,,explicit-serialized
AnatomyProfileSO|anatomy:quadruped,anatomy:quadruped,nodes.2.capacityWeight,0.5,,,explicit-serialized
AnatomyProfileSO|anatomy:quadruped,anatomy:quadruped,nodes.2.vital,0,,,explicit-serialized
AnatomyProfileSO|anatomy:quadruped,anatomy:quadruped,nodes.2.removable,1,,,explicit-serialized
AnatomyProfileSO|anatomy:quadruped,anatomy:quadruped,nodes.2.pairedGroupId,eyes,,,explicit-serialized
AnatomyProfileSO|anatomy:quadruped,anatomy:quadruped,nodes.2.legacyBodyPart,0,,,explicit-serialized
AnatomyProfileSO|anatomy:quadruped,anatomy:quadruped,nodes.2.mapsToLegacyBodyPart,0,,,explicit-serialized
AnatomyProfileSO|anatomy:quadruped,anatomy:quadruped,nodes.3.nodeId,eye:right,,,explicit-serialized
AnatomyProfileSO|anatomy:quadruped,anatomy:quadruped,nodes.3.displayName,오른쪽 눈,,,explicit-serialized
AnatomyProfileSO|anatomy:quadruped,anatomy:quadruped,nodes.3.parentNodeId,head,,,explicit-serialized
AnatomyProfileSO|anatomy:quadruped,anatomy:quadruped,nodes.3.kind,2,,,explicit-serialized
AnatomyProfileSO|anatomy:quadruped,anatomy:quadruped,nodes.3.functions,4,,,explicit-serialized
AnatomyProfileSO|anatomy:quadruped,anatomy:quadruped,nodes.3.maxHealth,5,,,explicit-serialized
AnatomyProfileSO|anatomy:quadruped,anatomy:quadruped,nodes.3.capacityWeight,0.5,,,explicit-serialized
AnatomyProfileSO|anatomy:quadruped,anatomy:quadruped,nodes.3.vital,0,,,explicit-serialized
AnatomyProfileSO|anatomy:quadruped,anatomy:quadruped,nodes.3.removable,1,,,explicit-serialized
AnatomyProfileSO|anatomy:quadruped,anatomy:quadruped,nodes.3.pairedGroupId,eyes,,,explicit-serialized
AnatomyProfileSO|anatomy:quadruped,anatomy:quadruped,nodes.3.legacyBodyPart,0,,,explicit-serialized
AnatomyProfileSO|anatomy:quadruped,anatomy:quadruped,nodes.3.mapsToLegacyBodyPart,0,,,explicit-serialized
AnatomyProfileSO|anatomy:quadruped,anatomy:quadruped,nodes.4.nodeId,torso,,,explicit-serialized
AnatomyProfileSO|anatomy:quadruped,anatomy:quadruped,nodes.4.displayName,몸통,,,explicit-serialized
AnatomyProfileSO|anatomy:quadruped,anatomy:quadruped,nodes.4.parentNodeId,,,,explicit-serialized
AnatomyProfileSO|anatomy:quadruped,anatomy:quadruped,nodes.4.kind,4,,,explicit-serialized
AnatomyProfileSO|anatomy:quadruped,anatomy:quadruped,nodes.4.functions,9281,,,explicit-serialized
AnatomyProfileSO|anatomy:quadruped,anatomy:quadruped,nodes.4.maxHealth,38,,,explicit-serialized
AnatomyProfileSO|anatomy:quadruped,anatomy:quadruped,nodes.4.capacityWeight,1,,,explicit-serialized
AnatomyProfileSO|anatomy:quadruped,anatomy:quadruped,nodes.4.vital,1,,,explicit-serialized
AnatomyProfileSO|anatomy:quadruped,anatomy:quadruped,nodes.4.removable,0,,,explicit-serialized
AnatomyProfileSO|anatomy:quadruped,anatomy:quadruped,nodes.4.pairedGroupId,,,,explicit-serialized
AnatomyProfileSO|anatomy:quadruped,anatomy:quadruped,nodes.4.legacyBodyPart,1,,,explicit-serialized
AnatomyProfileSO|anatomy:quadruped,anatomy:quadruped,nodes.4.mapsToLegacyBodyPart,1,,,explicit-serialized
AnatomyProfileSO|anatomy:quadruped,anatomy:quadruped,nodes.5.nodeId,heart,,,explicit-serialized
AnatomyProfileSO|anatomy:quadruped,anatomy:quadruped,nodes.5.displayName,심장,,,explicit-serialized
AnatomyProfileSO|anatomy:quadruped,anatomy:quadruped,nodes.5.parentNodeId,torso,,,explicit-serialized
AnatomyProfileSO|anatomy:quadruped,anatomy:quadruped,nodes.5.kind,1,,,explicit-serialized
AnatomyProfileSO|anatomy:quadruped,anatomy:quadruped,nodes.5.functions,1,,,explicit-serialized
AnatomyProfileSO|anatomy:quadruped,anatomy:quadruped,nodes.5.maxHealth,12,,,explicit-serialized
AnatomyProfileSO|anatomy:quadruped,anatomy:quadruped,nodes.5.capacityWeight,1,,,explicit-serialized
AnatomyProfileSO|anatomy:quadruped,anatomy:quadruped,nodes.5.vital,1,,,explicit-serialized
AnatomyProfileSO|anatomy:quadruped,anatomy:quadruped,nodes.5.removable,1,,,explicit-serialized
AnatomyProfileSO|anatomy:quadruped,anatomy:quadruped,nodes.5.pairedGroupId,,,,explicit-serialized
AnatomyProfileSO|anatomy:quadruped,anatomy:quadruped,nodes.5.legacyBodyPart,0,,,explicit-serialized
AnatomyProfileSO|anatomy:quadruped,anatomy:quadruped,nodes.5.mapsToLegacyBodyPart,0,,,explicit-serialized
AnatomyProfileSO|anatomy:quadruped,anatomy:quadruped,nodes.6.nodeId,lung:left,,,explicit-serialized
AnatomyProfileSO|anatomy:quadruped,anatomy:quadruped,nodes.6.displayName,왼쪽 폐,,,explicit-serialized
AnatomyProfileSO|anatomy:quadruped,anatomy:quadruped,nodes.6.parentNodeId,torso,,,explicit-serialized
AnatomyProfileSO|anatomy:quadruped,anatomy:quadruped,nodes.6.kind,1,,,explicit-serialized
AnatomyProfileSO|anatomy:quadruped,anatomy:quadruped,nodes.6.functions,8,,,explicit-serialized
AnatomyProfileSO|anatomy:quadruped,anatomy:quadruped,nodes.6.maxHealth,10,,,explicit-serialized
AnatomyProfileSO|anatomy:quadruped,anatomy:quadruped,nodes.6.capacityWeight,0.5,,,explicit-serialized
AnatomyProfileSO|anatomy:quadruped,anatomy:quadruped,nodes.6.vital,0,,,explicit-serialized
AnatomyProfileSO|anatomy:quadruped,anatomy:quadruped,nodes.6.removable,1,,,explicit-serialized
AnatomyProfileSO|anatomy:quadruped,anatomy:quadruped,nodes.6.pairedGroupId,lungs,,,explicit-serialized
AnatomyProfileSO|anatomy:quadruped,anatomy:quadruped,nodes.6.legacyBodyPart,0,,,explicit-serialized
AnatomyProfileSO|anatomy:quadruped,anatomy:quadruped,nodes.6.mapsToLegacyBodyPart,0,,,explicit-serialized
AnatomyProfileSO|anatomy:quadruped,anatomy:quadruped,nodes.7.nodeId,lung:right,,,explicit-serialized
AnatomyProfileSO|anatomy:quadruped,anatomy:quadruped,nodes.7.displayName,오른쪽 폐,,,explicit-serialized
AnatomyProfileSO|anatomy:quadruped,anatomy:quadruped,nodes.7.parentNodeId,torso,,,explicit-serialized
AnatomyProfileSO|anatomy:quadruped,anatomy:quadruped,nodes.7.kind,1,,,explicit-serialized
AnatomyProfileSO|anatomy:quadruped,anatomy:quadruped,nodes.7.functions,8,,,explicit-serialized
AnatomyProfileSO|anatomy:quadruped,anatomy:quadruped,nodes.7.maxHealth,10,,,explicit-serialized
AnatomyProfileSO|anatomy:quadruped,anatomy:quadruped,nodes.7.capacityWeight,0.5,,,explicit-serialized
AnatomyProfileSO|anatomy:quadruped,anatomy:quadruped,nodes.7.vital,0,,,explicit-serialized
AnatomyProfileSO|anatomy:quadruped,anatomy:quadruped,nodes.7.removable,1,,,explicit-serialized
AnatomyProfileSO|anatomy:quadruped,anatomy:quadruped,nodes.7.pairedGroupId,lungs,,,explicit-serialized
AnatomyProfileSO|anatomy:quadruped,anatomy:quadruped,nodes.7.legacyBodyPart,0,,,explicit-serialized
AnatomyProfileSO|anatomy:quadruped,anatomy:quadruped,nodes.7.mapsToLegacyBodyPart,0,,,explicit-serialized
AnatomyProfileSO|anatomy:quadruped,anatomy:quadruped,nodes.8.nodeId,liver,,,explicit-serialized
AnatomyProfileSO|anatomy:quadruped,anatomy:quadruped,nodes.8.displayName,간,,,explicit-serialized
AnatomyProfileSO|anatomy:quadruped,anatomy:quadruped,nodes.8.parentNodeId,torso,,,explicit-serialized
AnatomyProfileSO|anatomy:quadruped,anatomy:quadruped,nodes.8.kind,1,,,explicit-serialized
AnatomyProfileSO|anatomy:quadruped,anatomy:quadruped,nodes.8.functions,48,,,explicit-serialized
AnatomyProfileSO|anatomy:quadruped,anatomy:quadruped,nodes.8.maxHealth,13,,,explicit-serialized
AnatomyProfileSO|anatomy:quadruped,anatomy:quadruped,nodes.8.capacityWeight,0.6,,,explicit-serialized
AnatomyProfileSO|anatomy:quadruped,anatomy:quadruped,nodes.8.vital,0,,,explicit-serialized
AnatomyProfileSO|anatomy:quadruped,anatomy:quadruped,nodes.8.removable,1,,,explicit-serialized
AnatomyProfileSO|anatomy:quadruped,anatomy:quadruped,nodes.8.pairedGroupId,,,,explicit-serialized
AnatomyProfileSO|anatomy:quadruped,anatomy:quadruped,nodes.8.legacyBodyPart,0,,,explicit-serialized
AnatomyProfileSO|anatomy:quadruped,anatomy:quadruped,nodes.8.mapsToLegacyBodyPart,0,,,explicit-serialized
AnatomyProfileSO|anatomy:quadruped,anatomy:quadruped,nodes.9.nodeId,kidney:left,,,explicit-serialized
AnatomyProfileSO|anatomy:quadruped,anatomy:quadruped,nodes.9.displayName,왼쪽 신장,,,explicit-serialized
AnatomyProfileSO|anatomy:quadruped,anatomy:quadruped,nodes.9.parentNodeId,torso,,,explicit-serialized
AnatomyProfileSO|anatomy:quadruped,anatomy:quadruped,nodes.9.kind,1,,,explicit-serialized
AnatomyProfileSO|anatomy:quadruped,anatomy:quadruped,nodes.9.functions,32,,,explicit-serialized
AnatomyProfileSO|anatomy:quadruped,anatomy:quadruped,nodes.9.maxHealth,8,,,explicit-serialized
AnatomyProfileSO|anatomy:quadruped,anatomy:quadruped,nodes.9.capacityWeight,0.5,,,explicit-serialized
AnatomyProfileSO|anatomy:quadruped,anatomy:quadruped,nodes.9.vital,0,,,explicit-serialized
AnatomyProfileSO|anatomy:quadruped,anatomy:quadruped,nodes.9.removable,1,,,explicit-serialized
AnatomyProfileSO|anatomy:quadruped,anatomy:quadruped,nodes.9.pairedGroupId,kidneys,,,explicit-serialized
AnatomyProfileSO|anatomy:quadruped,anatomy:quadruped,nodes.9.legacyBodyPart,0,,,explicit-serialized
AnatomyProfileSO|anatomy:quadruped,anatomy:quadruped,nodes.9.mapsToLegacyBodyPart,0,,,explicit-serialized
AnatomyProfileSO|anatomy:quadruped,anatomy:quadruped,nodes.10.nodeId,kidney:right,,,explicit-serialized
AnatomyProfileSO|anatomy:quadruped,anatomy:quadruped,nodes.10.displayName,오른쪽 신장,,,explicit-serialized
AnatomyProfileSO|anatomy:quadruped,anatomy:quadruped,nodes.10.parentNodeId,torso,,,explicit-serialized
AnatomyProfileSO|anatomy:quadruped,anatomy:quadruped,nodes.10.kind,1,,,explicit-serialized
AnatomyProfileSO|anatomy:quadruped,anatomy:quadruped,nodes.10.functions,32,,,explicit-serialized
AnatomyProfileSO|anatomy:quadruped,anatomy:quadruped,nodes.10.maxHealth,8,,,explicit-serialized
AnatomyProfileSO|anatomy:quadruped,anatomy:quadruped,nodes.10.capacityWeight,0.5,,,explicit-serialized
AnatomyProfileSO|anatomy:quadruped,anatomy:quadruped,nodes.10.vital,0,,,explicit-serialized
AnatomyProfileSO|anatomy:quadruped,anatomy:quadruped,nodes.10.removable,1,,,explicit-serialized
AnatomyProfileSO|anatomy:quadruped,anatomy:quadruped,nodes.10.pairedGroupId,kidneys,,,explicit-serialized
AnatomyProfileSO|anatomy:quadruped,anatomy:quadruped,nodes.10.legacyBodyPart,0,,,explicit-serialized
AnatomyProfileSO|anatomy:quadruped,anatomy:quadruped,nodes.10.mapsToLegacyBodyPart,0,,,explicit-serialized
AnatomyProfileSO|anatomy:quadruped,anatomy:quadruped,nodes.11.nodeId,stomach,,,explicit-serialized
AnatomyProfileSO|anatomy:quadruped,anatomy:quadruped,nodes.11.displayName,위,,,explicit-serialized
AnatomyProfileSO|anatomy:quadruped,anatomy:quadruped,nodes.11.parentNodeId,torso,,,explicit-serialized
AnatomyProfileSO|anatomy:quadruped,anatomy:quadruped,nodes.11.kind,1,,,explicit-serialized
AnatomyProfileSO|anatomy:quadruped,anatomy:quadruped,nodes.11.functions,16,,,explicit-serialized
AnatomyProfileSO|anatomy:quadruped,anatomy:quadruped,nodes.11.maxHealth,12,,,explicit-serialized
AnatomyProfileSO|anatomy:quadruped,anatomy:quadruped,nodes.11.capacityWeight,0.4,,,explicit-serialized
AnatomyProfileSO|anatomy:quadruped,anatomy:quadruped,nodes.11.vital,0,,,explicit-serialized
AnatomyProfileSO|anatomy:quadruped,anatomy:quadruped,nodes.11.removable,1,,,explicit-serialized
AnatomyProfileSO|anatomy:quadruped,anatomy:quadruped,nodes.11.pairedGroupId,,,,explicit-serialized
AnatomyProfileSO|anatomy:quadruped,anatomy:quadruped,nodes.11.legacyBodyPart,0,,,explicit-serialized
AnatomyProfileSO|anatomy:quadruped,anatomy:quadruped,nodes.11.mapsToLegacyBodyPart,0,,,explicit-serialized
AnatomyProfileSO|anatomy:quadruped,anatomy:quadruped,nodes.12.nodeId,forelegs,,,explicit-serialized
AnatomyProfileSO|anatomy:quadruped,anatomy:quadruped,nodes.12.displayName,앞다리,,,explicit-serialized
AnatomyProfileSO|anatomy:quadruped,anatomy:quadruped,nodes.12.parentNodeId,torso,,,explicit-serialized
AnatomyProfileSO|anatomy:quadruped,anatomy:quadruped,nodes.12.kind,3,,,explicit-serialized
AnatomyProfileSO|anatomy:quadruped,anatomy:quadruped,nodes.12.functions,128,,,explicit-serialized
AnatomyProfileSO|anatomy:quadruped,anatomy:quadruped,nodes.12.maxHealth,20,,,explicit-serialized
AnatomyProfileSO|anatomy:quadruped,anatomy:quadruped,nodes.12.capacityWeight,0.5,,,explicit-serialized
AnatomyProfileSO|anatomy:quadruped,anatomy:quadruped,nodes.12.vital,0,,,explicit-serialized
AnatomyProfileSO|anatomy:quadruped,anatomy:quadruped,nodes.12.removable,1,,,explicit-serialized
AnatomyProfileSO|anatomy:quadruped,anatomy:quadruped,nodes.12.pairedGroupId,legs,,,explicit-serialized
AnatomyProfileSO|anatomy:quadruped,anatomy:quadruped,nodes.12.legacyBodyPart,4,,,explicit-serialized
AnatomyProfileSO|anatomy:quadruped,anatomy:quadruped,nodes.12.mapsToLegacyBodyPart,1,,,explicit-serialized
AnatomyProfileSO|anatomy:quadruped,anatomy:quadruped,nodes.13.nodeId,hindlegs,,,explicit-serialized
AnatomyProfileSO|anatomy:quadruped,anatomy:quadruped,nodes.13.displayName,뒷다리,,,explicit-serialized
AnatomyProfileSO|anatomy:quadruped,anatomy:quadruped,nodes.13.parentNodeId,torso,,,explicit-serialized
AnatomyProfileSO|anatomy:quadruped,anatomy:quadruped,nodes.13.kind,3,,,explicit-serialized
AnatomyProfileSO|anatomy:quadruped,anatomy:quadruped,nodes.13.functions,128,,,explicit-serialized
AnatomyProfileSO|anatomy:quadruped,anatomy:quadruped,nodes.13.maxHealth,22,,,explicit-serialized
AnatomyProfileSO|anatomy:quadruped,anatomy:quadruped,nodes.13.capacityWeight,0.5,,,explicit-serialized
AnatomyProfileSO|anatomy:quadruped,anatomy:quadruped,nodes.13.vital,0,,,explicit-serialized
AnatomyProfileSO|anatomy:quadruped,anatomy:quadruped,nodes.13.removable,1,,,explicit-serialized
AnatomyProfileSO|anatomy:quadruped,anatomy:quadruped,nodes.13.pairedGroupId,legs,,,explicit-serialized
AnatomyProfileSO|anatomy:quadruped,anatomy:quadruped,nodes.13.legacyBodyPart,5,,,explicit-serialized
AnatomyProfileSO|anatomy:quadruped,anatomy:quadruped,nodes.13.mapsToLegacyBodyPart,1,,,explicit-serialized
AnatomyProfileSO|anatomy:quadruped,anatomy:quadruped,notApplicableCapacities,[],,,explicit-serialized
AnatomyProfileSO|anatomy:quadruped,anatomy:quadruped,CapacityId,0,CharacterFunctionalCapacityId,Mental Maintenance,implicit-csharp-default
AnatomyProfileSO|anatomy:quadruped,anatomy:quadruped,capacityId,0,CharacterFunctionalCapacityId,Mental Maintenance,implicit-csharp-default
AnatomyProfileSO|anatomy:slime,anatomy:slime,m_Name,anatomy_slime,,,explicit-serialized
AnatomyProfileSO|anatomy:slime,anatomy:slime,profileId,anatomy:slime,,,explicit-serialized
AnatomyProfileSO|anatomy:slime,anatomy:slime,displayName,슬라임 핵 구조,,,explicit-serialized
AnatomyProfileSO|anatomy:slime,anatomy:slime,anatomyFamily,aberrant,,,explicit-serialized
AnatomyProfileSO|anatomy:slime,anatomy:slime,speciesIds.0,Slime,,,explicit-serialized
AnatomyProfileSO|anatomy:slime,anatomy:slime,nodes.0.nodeId,membrane,,,explicit-serialized
AnatomyProfileSO|anatomy:slime,anatomy:slime,nodes.0.displayName,외막,,,explicit-serialized
AnatomyProfileSO|anatomy:slime,anatomy:slime,nodes.0.parentNodeId,,,,explicit-serialized
AnatomyProfileSO|anatomy:slime,anatomy:slime,nodes.0.kind,0,,,explicit-serialized
AnatomyProfileSO|anatomy:slime,anatomy:slime,nodes.0.functions,129,,,explicit-serialized
AnatomyProfileSO|anatomy:slime,anatomy:slime,nodes.0.maxHealth,55,,,explicit-serialized
AnatomyProfileSO|anatomy:slime,anatomy:slime,nodes.0.capacityWeight,0.7,,,explicit-serialized
AnatomyProfileSO|anatomy:slime,anatomy:slime,nodes.0.vital,1,,,explicit-serialized
AnatomyProfileSO|anatomy:slime,anatomy:slime,nodes.0.removable,0,,,explicit-serialized
AnatomyProfileSO|anatomy:slime,anatomy:slime,nodes.0.pairedGroupId,,,,explicit-serialized
AnatomyProfileSO|anatomy:slime,anatomy:slime,nodes.0.legacyBodyPart,1,,,explicit-serialized
AnatomyProfileSO|anatomy:slime,anatomy:slime,nodes.0.mapsToLegacyBodyPart,1,,,explicit-serialized
AnatomyProfileSO|anatomy:slime,anatomy:slime,nodes.1.nodeId,core,,,explicit-serialized
AnatomyProfileSO|anatomy:slime,anatomy:slime,nodes.1.displayName,핵,,,explicit-serialized
AnatomyProfileSO|anatomy:slime,anatomy:slime,nodes.1.parentNodeId,membrane,,,explicit-serialized
AnatomyProfileSO|anatomy:slime,anatomy:slime,nodes.1.kind,4,,,explicit-serialized
AnatomyProfileSO|anatomy:slime,anatomy:slime,nodes.1.functions,9275,,,explicit-serialized
AnatomyProfileSO|anatomy:slime,anatomy:slime,nodes.1.maxHealth,20,,,explicit-serialized
AnatomyProfileSO|anatomy:slime,anatomy:slime,nodes.1.capacityWeight,1,,,explicit-serialized
AnatomyProfileSO|anatomy:slime,anatomy:slime,nodes.1.vital,1,,,explicit-serialized
AnatomyProfileSO|anatomy:slime,anatomy:slime,nodes.1.removable,0,,,explicit-serialized
AnatomyProfileSO|anatomy:slime,anatomy:slime,nodes.1.pairedGroupId,,,,explicit-serialized
AnatomyProfileSO|anatomy:slime,anatomy:slime,nodes.1.legacyBodyPart,0,,,explicit-serialized
AnatomyProfileSO|anatomy:slime,anatomy:slime,nodes.1.mapsToLegacyBodyPart,0,,,explicit-serialized
AnatomyProfileSO|anatomy:slime,anatomy:slime,nodes.2.nodeId,sensory-gel,,,explicit-serialized
AnatomyProfileSO|anatomy:slime,anatomy:slime,nodes.2.displayName,감각 젤,,,explicit-serialized
AnatomyProfileSO|anatomy:slime,anatomy:slime,nodes.2.parentNodeId,membrane,,,explicit-serialized
AnatomyProfileSO|anatomy:slime,anatomy:slime,nodes.2.kind,2,,,explicit-serialized
AnatomyProfileSO|anatomy:slime,anatomy:slime,nodes.2.functions,4,,,explicit-serialized
AnatomyProfileSO|anatomy:slime,anatomy:slime,nodes.2.maxHealth,16,,,explicit-serialized
AnatomyProfileSO|anatomy:slime,anatomy:slime,nodes.2.capacityWeight,1,,,explicit-serialized
AnatomyProfileSO|anatomy:slime,anatomy:slime,nodes.2.vital,0,,,explicit-serialized
AnatomyProfileSO|anatomy:slime,anatomy:slime,nodes.2.removable,1,,,explicit-serialized
AnatomyProfileSO|anatomy:slime,anatomy:slime,nodes.2.pairedGroupId,,,,explicit-serialized
AnatomyProfileSO|anatomy:slime,anatomy:slime,nodes.2.legacyBodyPart,0,,,explicit-serialized
AnatomyProfileSO|anatomy:slime,anatomy:slime,nodes.2.mapsToLegacyBodyPart,0,,,explicit-serialized
AnatomyProfileSO|anatomy:slime,anatomy:slime,nodes.3.nodeId,pseudopods,,,explicit-serialized
AnatomyProfileSO|anatomy:slime,anatomy:slime,nodes.3.displayName,위족,,,explicit-serialized
AnatomyProfileSO|anatomy:slime,anatomy:slime,nodes.3.parentNodeId,membrane,,,explicit-serialized
AnatomyProfileSO|anatomy:slime,anatomy:slime,nodes.3.kind,3,,,explicit-serialized
AnatomyProfileSO|anatomy:slime,anatomy:slime,nodes.3.functions,192,,,explicit-serialized
AnatomyProfileSO|anatomy:slime,anatomy:slime,nodes.3.maxHealth,30,,,explicit-serialized
AnatomyProfileSO|anatomy:slime,anatomy:slime,nodes.3.capacityWeight,1,,,explicit-serialized
AnatomyProfileSO|anatomy:slime,anatomy:slime,nodes.3.vital,0,,,explicit-serialized
AnatomyProfileSO|anatomy:slime,anatomy:slime,nodes.3.removable,1,,,explicit-serialized
AnatomyProfileSO|anatomy:slime,anatomy:slime,nodes.3.pairedGroupId,,,,explicit-serialized
AnatomyProfileSO|anatomy:slime,anatomy:slime,nodes.3.legacyBodyPart,0,,,explicit-serialized
AnatomyProfileSO|anatomy:slime,anatomy:slime,nodes.3.mapsToLegacyBodyPart,0,,,explicit-serialized
AnatomyProfileSO|anatomy:slime,anatomy:slime,notApplicableCapacities,[],,,explicit-serialized
AnatomyProfileSO|anatomy:slime,anatomy:slime,CapacityId,0,CharacterFunctionalCapacityId,Mental Maintenance,implicit-csharp-default
AnatomyProfileSO|anatomy:slime,anatomy:slime,capacityId,0,CharacterFunctionalCapacityId,Mental Maintenance,implicit-csharp-default
AnatomyProfileSO|anatomy:vampire,anatomy:vampire,m_Name,anatomy_vampire,,,explicit-serialized
AnatomyProfileSO|anatomy:vampire,anatomy:vampire,profileId,anatomy:vampire,,,explicit-serialized
AnatomyProfileSO|anatomy:vampire,anatomy:vampire,displayName,뱀파이어 해부 구조,,,explicit-serialized
AnatomyProfileSO|anatomy:vampire,anatomy:vampire,anatomyFamily,humanoid,,,explicit-serialized
AnatomyProfileSO|anatomy:vampire,anatomy:vampire,speciesIds.0,Vampire,,,explicit-serialized
AnatomyProfileSO|anatomy:vampire,anatomy:vampire,nodes.0.nodeId,head,,,explicit-serialized
AnatomyProfileSO|anatomy:vampire,anatomy:vampire,nodes.0.displayName,머리,,,explicit-serialized
AnatomyProfileSO|anatomy:vampire,anatomy:vampire,nodes.0.parentNodeId,,,,explicit-serialized
AnatomyProfileSO|anatomy:vampire,anatomy:vampire,nodes.0.kind,0,,,explicit-serialized
AnatomyProfileSO|anatomy:vampire,anatomy:vampire,nodes.0.functions,6,,,explicit-serialized
AnatomyProfileSO|anatomy:vampire,anatomy:vampire,nodes.0.maxHealth,17,,,explicit-serialized
AnatomyProfileSO|anatomy:vampire,anatomy:vampire,nodes.0.capacityWeight,0.3,,,explicit-serialized
AnatomyProfileSO|anatomy:vampire,anatomy:vampire,nodes.0.vital,1,,,explicit-serialized
AnatomyProfileSO|anatomy:vampire,anatomy:vampire,nodes.0.removable,0,,,explicit-serialized
AnatomyProfileSO|anatomy:vampire,anatomy:vampire,nodes.0.pairedGroupId,,,,explicit-serialized
AnatomyProfileSO|anatomy:vampire,anatomy:vampire,nodes.0.legacyBodyPart,0,,,explicit-serialized
AnatomyProfileSO|anatomy:vampire,anatomy:vampire,nodes.0.mapsToLegacyBodyPart,1,,,explicit-serialized
AnatomyProfileSO|anatomy:vampire,anatomy:vampire,nodes.1.nodeId,brain,,,explicit-serialized
AnatomyProfileSO|anatomy:vampire,anatomy:vampire,nodes.1.displayName,뇌,,,explicit-serialized
AnatomyProfileSO|anatomy:vampire,anatomy:vampire,nodes.1.parentNodeId,head,,,explicit-serialized
AnatomyProfileSO|anatomy:vampire,anatomy:vampire,nodes.1.kind,1,,,explicit-serialized
AnatomyProfileSO|anatomy:vampire,anatomy:vampire,nodes.1.functions,2,,,explicit-serialized
AnatomyProfileSO|anatomy:vampire,anatomy:vampire,nodes.1.maxHealth,12,,,explicit-serialized
AnatomyProfileSO|anatomy:vampire,anatomy:vampire,nodes.1.capacityWeight,0.7,,,explicit-serialized
AnatomyProfileSO|anatomy:vampire,anatomy:vampire,nodes.1.vital,1,,,explicit-serialized
AnatomyProfileSO|anatomy:vampire,anatomy:vampire,nodes.1.removable,0,,,explicit-serialized
AnatomyProfileSO|anatomy:vampire,anatomy:vampire,nodes.1.pairedGroupId,,,,explicit-serialized
AnatomyProfileSO|anatomy:vampire,anatomy:vampire,nodes.1.legacyBodyPart,0,,,explicit-serialized
AnatomyProfileSO|anatomy:vampire,anatomy:vampire,nodes.1.mapsToLegacyBodyPart,0,,,explicit-serialized
AnatomyProfileSO|anatomy:vampire,anatomy:vampire,nodes.2.nodeId,night-eye:left,,,explicit-serialized
AnatomyProfileSO|anatomy:vampire,anatomy:vampire,nodes.2.displayName,왼쪽 야간안,,,explicit-serialized
AnatomyProfileSO|anatomy:vampire,anatomy:vampire,nodes.2.parentNodeId,head,,,explicit-serialized
AnatomyProfileSO|anatomy:vampire,anatomy:vampire,nodes.2.kind,2,,,explicit-serialized
AnatomyProfileSO|anatomy:vampire,anatomy:vampire,nodes.2.functions,4,,,explicit-serialized
AnatomyProfileSO|anatomy:vampire,anatomy:vampire,nodes.2.maxHealth,7,,,explicit-serialized
AnatomyProfileSO|anatomy:vampire,anatomy:vampire,nodes.2.capacityWeight,0.5,,,explicit-serialized
AnatomyProfileSO|anatomy:vampire,anatomy:vampire,nodes.2.vital,0,,,explicit-serialized
AnatomyProfileSO|anatomy:vampire,anatomy:vampire,nodes.2.removable,1,,,explicit-serialized
AnatomyProfileSO|anatomy:vampire,anatomy:vampire,nodes.2.pairedGroupId,night-eyes,,,explicit-serialized
AnatomyProfileSO|anatomy:vampire,anatomy:vampire,nodes.2.legacyBodyPart,0,,,explicit-serialized
AnatomyProfileSO|anatomy:vampire,anatomy:vampire,nodes.2.mapsToLegacyBodyPart,0,,,explicit-serialized
AnatomyProfileSO|anatomy:vampire,anatomy:vampire,nodes.3.nodeId,night-eye:right,,,explicit-serialized
AnatomyProfileSO|anatomy:vampire,anatomy:vampire,nodes.3.displayName,오른쪽 야간안,,,explicit-serialized
AnatomyProfileSO|anatomy:vampire,anatomy:vampire,nodes.3.parentNodeId,head,,,explicit-serialized
AnatomyProfileSO|anatomy:vampire,anatomy:vampire,nodes.3.kind,2,,,explicit-serialized
AnatomyProfileSO|anatomy:vampire,anatomy:vampire,nodes.3.functions,4,,,explicit-serialized
AnatomyProfileSO|anatomy:vampire,anatomy:vampire,nodes.3.maxHealth,7,,,explicit-serialized
AnatomyProfileSO|anatomy:vampire,anatomy:vampire,nodes.3.capacityWeight,0.5,,,explicit-serialized
AnatomyProfileSO|anatomy:vampire,anatomy:vampire,nodes.3.vital,0,,,explicit-serialized
AnatomyProfileSO|anatomy:vampire,anatomy:vampire,nodes.3.removable,1,,,explicit-serialized
AnatomyProfileSO|anatomy:vampire,anatomy:vampire,nodes.3.pairedGroupId,night-eyes,,,explicit-serialized
AnatomyProfileSO|anatomy:vampire,anatomy:vampire,nodes.3.legacyBodyPart,0,,,explicit-serialized
AnatomyProfileSO|anatomy:vampire,anatomy:vampire,nodes.3.mapsToLegacyBodyPart,0,,,explicit-serialized
AnatomyProfileSO|anatomy:vampire,anatomy:vampire,nodes.4.nodeId,fang:left,,,explicit-serialized
AnatomyProfileSO|anatomy:vampire,anatomy:vampire,nodes.4.displayName,왼쪽 송곳니,,,explicit-serialized
AnatomyProfileSO|anatomy:vampire,anatomy:vampire,nodes.4.parentNodeId,head,,,explicit-serialized
AnatomyProfileSO|anatomy:vampire,anatomy:vampire,nodes.4.kind,0,,,explicit-serialized
AnatomyProfileSO|anatomy:vampire,anatomy:vampire,nodes.4.functions,16,,,explicit-serialized
AnatomyProfileSO|anatomy:vampire,anatomy:vampire,nodes.4.maxHealth,9,,,explicit-serialized
AnatomyProfileSO|anatomy:vampire,anatomy:vampire,nodes.4.capacityWeight,0.15,,,explicit-serialized
AnatomyProfileSO|anatomy:vampire,anatomy:vampire,nodes.4.vital,0,,,explicit-serialized
AnatomyProfileSO|anatomy:vampire,anatomy:vampire,nodes.4.removable,1,,,explicit-serialized
AnatomyProfileSO|anatomy:vampire,anatomy:vampire,nodes.4.pairedGroupId,fangs,,,explicit-serialized
AnatomyProfileSO|anatomy:vampire,anatomy:vampire,nodes.4.legacyBodyPart,0,,,explicit-serialized
AnatomyProfileSO|anatomy:vampire,anatomy:vampire,nodes.4.mapsToLegacyBodyPart,0,,,explicit-serialized
AnatomyProfileSO|anatomy:vampire,anatomy:vampire,nodes.5.nodeId,fang:right,,,explicit-serialized
AnatomyProfileSO|anatomy:vampire,anatomy:vampire,nodes.5.displayName,오른쪽 송곳니,,,explicit-serialized
AnatomyProfileSO|anatomy:vampire,anatomy:vampire,nodes.5.parentNodeId,head,,,explicit-serialized
AnatomyProfileSO|anatomy:vampire,anatomy:vampire,nodes.5.kind,0,,,explicit-serialized
AnatomyProfileSO|anatomy:vampire,anatomy:vampire,nodes.5.functions,16,,,explicit-serialized
AnatomyProfileSO|anatomy:vampire,anatomy:vampire,nodes.5.maxHealth,9,,,explicit-serialized
AnatomyProfileSO|anatomy:vampire,anatomy:vampire,nodes.5.capacityWeight,0.15,,,explicit-serialized
AnatomyProfileSO|anatomy:vampire,anatomy:vampire,nodes.5.vital,0,,,explicit-serialized
AnatomyProfileSO|anatomy:vampire,anatomy:vampire,nodes.5.removable,1,,,explicit-serialized
AnatomyProfileSO|anatomy:vampire,anatomy:vampire,nodes.5.pairedGroupId,fangs,,,explicit-serialized
AnatomyProfileSO|anatomy:vampire,anatomy:vampire,nodes.5.legacyBodyPart,0,,,explicit-serialized
AnatomyProfileSO|anatomy:vampire,anatomy:vampire,nodes.5.mapsToLegacyBodyPart,0,,,explicit-serialized
AnatomyProfileSO|anatomy:vampire,anatomy:vampire,nodes.6.nodeId,torso,,,explicit-serialized
AnatomyProfileSO|anatomy:vampire,anatomy:vampire,nodes.6.displayName,몸통,,,explicit-serialized
AnatomyProfileSO|anatomy:vampire,anatomy:vampire,nodes.6.parentNodeId,,,,explicit-serialized
AnatomyProfileSO|anatomy:vampire,anatomy:vampire,nodes.6.kind,4,,,explicit-serialized
AnatomyProfileSO|anatomy:vampire,anatomy:vampire,nodes.6.functions,1,,,explicit-serialized
AnatomyProfileSO|anatomy:vampire,anatomy:vampire,nodes.6.maxHealth,42,,,explicit-serialized
AnatomyProfileSO|anatomy:vampire,anatomy:vampire,nodes.6.capacityWeight,0.45,,,explicit-serialized
AnatomyProfileSO|anatomy:vampire,anatomy:vampire,nodes.6.vital,1,,,explicit-serialized
AnatomyProfileSO|anatomy:vampire,anatomy:vampire,nodes.6.removable,0,,,explicit-serialized
AnatomyProfileSO|anatomy:vampire,anatomy:vampire,nodes.6.pairedGroupId,,,,explicit-serialized
AnatomyProfileSO|anatomy:vampire,anatomy:vampire,nodes.6.legacyBodyPart,1,,,explicit-serialized
AnatomyProfileSO|anatomy:vampire,anatomy:vampire,nodes.6.mapsToLegacyBodyPart,1,,,explicit-serialized
AnatomyProfileSO|anatomy:vampire,anatomy:vampire,nodes.7.nodeId,heart,,,explicit-serialized
AnatomyProfileSO|anatomy:vampire,anatomy:vampire,nodes.7.displayName,심장,,,explicit-serialized
AnatomyProfileSO|anatomy:vampire,anatomy:vampire,nodes.7.parentNodeId,torso,,,explicit-serialized
AnatomyProfileSO|anatomy:vampire,anatomy:vampire,nodes.7.kind,1,,,explicit-serialized
AnatomyProfileSO|anatomy:vampire,anatomy:vampire,nodes.7.functions,1,,,explicit-serialized
AnatomyProfileSO|anatomy:vampire,anatomy:vampire,nodes.7.maxHealth,14,,,explicit-serialized
AnatomyProfileSO|anatomy:vampire,anatomy:vampire,nodes.7.capacityWeight,0.25,,,explicit-serialized
AnatomyProfileSO|anatomy:vampire,anatomy:vampire,nodes.7.vital,1,,,explicit-serialized
AnatomyProfileSO|anatomy:vampire,anatomy:vampire,nodes.7.removable,1,,,explicit-serialized
AnatomyProfileSO|anatomy:vampire,anatomy:vampire,nodes.7.pairedGroupId,,,,explicit-serialized
AnatomyProfileSO|anatomy:vampire,anatomy:vampire,nodes.7.legacyBodyPart,0,,,explicit-serialized
AnatomyProfileSO|anatomy:vampire,anatomy:vampire,nodes.7.mapsToLegacyBodyPart,0,,,explicit-serialized
AnatomyProfileSO|anatomy:vampire,anatomy:vampire,nodes.8.nodeId,blood-sac,,,explicit-serialized
AnatomyProfileSO|anatomy:vampire,anatomy:vampire,nodes.8.displayName,혈액낭,,,explicit-serialized
AnatomyProfileSO|anatomy:vampire,anatomy:vampire,nodes.8.parentNodeId,torso,,,explicit-serialized
AnatomyProfileSO|anatomy:vampire,anatomy:vampire,nodes.8.kind,1,,,explicit-serialized
AnatomyProfileSO|anatomy:vampire,anatomy:vampire,nodes.8.functions,33,,,explicit-serialized
AnatomyProfileSO|anatomy:vampire,anatomy:vampire,nodes.8.maxHealth,18,,,explicit-serialized
AnatomyProfileSO|anatomy:vampire,anatomy:vampire,nodes.8.capacityWeight,0.3,,,explicit-serialized
AnatomyProfileSO|anatomy:vampire,anatomy:vampire,nodes.8.vital,0,,,explicit-serialized
AnatomyProfileSO|anatomy:vampire,anatomy:vampire,nodes.8.removable,1,,,explicit-serialized
AnatomyProfileSO|anatomy:vampire,anatomy:vampire,nodes.8.pairedGroupId,,,,explicit-serialized
AnatomyProfileSO|anatomy:vampire,anatomy:vampire,nodes.8.legacyBodyPart,0,,,explicit-serialized
AnatomyProfileSO|anatomy:vampire,anatomy:vampire,nodes.8.mapsToLegacyBodyPart,0,,,explicit-serialized
AnatomyProfileSO|anatomy:vampire,anatomy:vampire,nodes.9.nodeId,lung:left,,,explicit-serialized
AnatomyProfileSO|anatomy:vampire,anatomy:vampire,nodes.9.displayName,왼쪽 폐,,,explicit-serialized
AnatomyProfileSO|anatomy:vampire,anatomy:vampire,nodes.9.parentNodeId,torso,,,explicit-serialized
AnatomyProfileSO|anatomy:vampire,anatomy:vampire,nodes.9.kind,1,,,explicit-serialized
AnatomyProfileSO|anatomy:vampire,anatomy:vampire,nodes.9.functions,8,,,explicit-serialized
AnatomyProfileSO|anatomy:vampire,anatomy:vampire,nodes.9.maxHealth,11,,,explicit-serialized
AnatomyProfileSO|anatomy:vampire,anatomy:vampire,nodes.9.capacityWeight,0.5,,,explicit-serialized
AnatomyProfileSO|anatomy:vampire,anatomy:vampire,nodes.9.vital,0,,,explicit-serialized
AnatomyProfileSO|anatomy:vampire,anatomy:vampire,nodes.9.removable,1,,,explicit-serialized
AnatomyProfileSO|anatomy:vampire,anatomy:vampire,nodes.9.pairedGroupId,lungs,,,explicit-serialized
AnatomyProfileSO|anatomy:vampire,anatomy:vampire,nodes.9.legacyBodyPart,0,,,explicit-serialized
AnatomyProfileSO|anatomy:vampire,anatomy:vampire,nodes.9.mapsToLegacyBodyPart,0,,,explicit-serialized
AnatomyProfileSO|anatomy:vampire,anatomy:vampire,nodes.10.nodeId,lung:right,,,explicit-serialized
AnatomyProfileSO|anatomy:vampire,anatomy:vampire,nodes.10.displayName,오른쪽 폐,,,explicit-serialized
AnatomyProfileSO|anatomy:vampire,anatomy:vampire,nodes.10.parentNodeId,torso,,,explicit-serialized
AnatomyProfileSO|anatomy:vampire,anatomy:vampire,nodes.10.kind,1,,,explicit-serialized
AnatomyProfileSO|anatomy:vampire,anatomy:vampire,nodes.10.functions,8,,,explicit-serialized
AnatomyProfileSO|anatomy:vampire,anatomy:vampire,nodes.10.maxHealth,11,,,explicit-serialized
AnatomyProfileSO|anatomy:vampire,anatomy:vampire,nodes.10.capacityWeight,0.5,,,explicit-serialized
AnatomyProfileSO|anatomy:vampire,anatomy:vampire,nodes.10.vital,0,,,explicit-serialized
AnatomyProfileSO|anatomy:vampire,anatomy:vampire,nodes.10.removable,1,,,explicit-serialized
AnatomyProfileSO|anatomy:vampire,anatomy:vampire,nodes.10.pairedGroupId,lungs,,,explicit-serialized
AnatomyProfileSO|anatomy:vampire,anatomy:vampire,nodes.10.legacyBodyPart,0,,,explicit-serialized
AnatomyProfileSO|anatomy:vampire,anatomy:vampire,nodes.10.mapsToLegacyBodyPart,0,,,explicit-serialized
AnatomyProfileSO|anatomy:vampire,anatomy:vampire,nodes.11.nodeId,liver,,,explicit-serialized
AnatomyProfileSO|anatomy:vampire,anatomy:vampire,nodes.11.displayName,간,,,explicit-serialized
AnatomyProfileSO|anatomy:vampire,anatomy:vampire,nodes.11.parentNodeId,torso,,,explicit-serialized
AnatomyProfileSO|anatomy:vampire,anatomy:vampire,nodes.11.kind,1,,,explicit-serialized
AnatomyProfileSO|anatomy:vampire,anatomy:vampire,nodes.11.functions,8224,,,explicit-serialized
AnatomyProfileSO|anatomy:vampire,anatomy:vampire,nodes.11.maxHealth,14,,,explicit-serialized
AnatomyProfileSO|anatomy:vampire,anatomy:vampire,nodes.11.capacityWeight,1,,,explicit-serialized
AnatomyProfileSO|anatomy:vampire,anatomy:vampire,nodes.11.vital,0,,,explicit-serialized
AnatomyProfileSO|anatomy:vampire,anatomy:vampire,nodes.11.removable,1,,,explicit-serialized
AnatomyProfileSO|anatomy:vampire,anatomy:vampire,nodes.11.pairedGroupId,,,,explicit-serialized
AnatomyProfileSO|anatomy:vampire,anatomy:vampire,nodes.11.legacyBodyPart,0,,,explicit-serialized
AnatomyProfileSO|anatomy:vampire,anatomy:vampire,nodes.11.mapsToLegacyBodyPart,0,,,explicit-serialized
AnatomyProfileSO|anatomy:vampire,anatomy:vampire,nodes.12.nodeId,arm:left,,,explicit-serialized
AnatomyProfileSO|anatomy:vampire,anatomy:vampire,nodes.12.displayName,왼팔,,,explicit-serialized
AnatomyProfileSO|anatomy:vampire,anatomy:vampire,nodes.12.parentNodeId,torso,,,explicit-serialized
AnatomyProfileSO|anatomy:vampire,anatomy:vampire,nodes.12.kind,3,,,explicit-serialized
AnatomyProfileSO|anatomy:vampire,anatomy:vampire,nodes.12.functions,1088,,,explicit-serialized
AnatomyProfileSO|anatomy:vampire,anatomy:vampire,nodes.12.maxHealth,21,,,explicit-serialized
AnatomyProfileSO|anatomy:vampire,anatomy:vampire,nodes.12.capacityWeight,0.5,,,explicit-serialized
AnatomyProfileSO|anatomy:vampire,anatomy:vampire,nodes.12.vital,0,,,explicit-serialized
AnatomyProfileSO|anatomy:vampire,anatomy:vampire,nodes.12.removable,1,,,explicit-serialized
AnatomyProfileSO|anatomy:vampire,anatomy:vampire,nodes.12.pairedGroupId,arms,,,explicit-serialized
AnatomyProfileSO|anatomy:vampire,anatomy:vampire,nodes.12.legacyBodyPart,2,,,explicit-serialized
AnatomyProfileSO|anatomy:vampire,anatomy:vampire,nodes.12.mapsToLegacyBodyPart,1,,,explicit-serialized
AnatomyProfileSO|anatomy:vampire,anatomy:vampire,nodes.13.nodeId,arm:right,,,explicit-serialized
AnatomyProfileSO|anatomy:vampire,anatomy:vampire,nodes.13.displayName,오른팔,,,explicit-serialized
AnatomyProfileSO|anatomy:vampire,anatomy:vampire,nodes.13.parentNodeId,torso,,,explicit-serialized
AnatomyProfileSO|anatomy:vampire,anatomy:vampire,nodes.13.kind,3,,,explicit-serialized
AnatomyProfileSO|anatomy:vampire,anatomy:vampire,nodes.13.functions,64,,,explicit-serialized
AnatomyProfileSO|anatomy:vampire,anatomy:vampire,nodes.13.maxHealth,21,,,explicit-serialized
AnatomyProfileSO|anatomy:vampire,anatomy:vampire,nodes.13.capacityWeight,0.5,,,explicit-serialized
AnatomyProfileSO|anatomy:vampire,anatomy:vampire,nodes.13.vital,0,,,explicit-serialized
AnatomyProfileSO|anatomy:vampire,anatomy:vampire,nodes.13.removable,1,,,explicit-serialized
AnatomyProfileSO|anatomy:vampire,anatomy:vampire,nodes.13.pairedGroupId,arms,,,explicit-serialized
AnatomyProfileSO|anatomy:vampire,anatomy:vampire,nodes.13.legacyBodyPart,3,,,explicit-serialized
AnatomyProfileSO|anatomy:vampire,anatomy:vampire,nodes.13.mapsToLegacyBodyPart,1,,,explicit-serialized
AnatomyProfileSO|anatomy:vampire,anatomy:vampire,nodes.14.nodeId,leg:left,,,explicit-serialized
AnatomyProfileSO|anatomy:vampire,anatomy:vampire,nodes.14.displayName,왼다리,,,explicit-serialized
AnatomyProfileSO|anatomy:vampire,anatomy:vampire,nodes.14.parentNodeId,torso,,,explicit-serialized
AnatomyProfileSO|anatomy:vampire,anatomy:vampire,nodes.14.kind,3,,,explicit-serialized
AnatomyProfileSO|anatomy:vampire,anatomy:vampire,nodes.14.functions,128,,,explicit-serialized
AnatomyProfileSO|anatomy:vampire,anatomy:vampire,nodes.14.maxHealth,24,,,explicit-serialized
AnatomyProfileSO|anatomy:vampire,anatomy:vampire,nodes.14.capacityWeight,0.5,,,explicit-serialized
AnatomyProfileSO|anatomy:vampire,anatomy:vampire,nodes.14.vital,0,,,explicit-serialized
AnatomyProfileSO|anatomy:vampire,anatomy:vampire,nodes.14.removable,1,,,explicit-serialized
AnatomyProfileSO|anatomy:vampire,anatomy:vampire,nodes.14.pairedGroupId,legs,,,explicit-serialized
AnatomyProfileSO|anatomy:vampire,anatomy:vampire,nodes.14.legacyBodyPart,4,,,explicit-serialized
AnatomyProfileSO|anatomy:vampire,anatomy:vampire,nodes.14.mapsToLegacyBodyPart,1,,,explicit-serialized
AnatomyProfileSO|anatomy:vampire,anatomy:vampire,nodes.15.nodeId,leg:right,,,explicit-serialized
AnatomyProfileSO|anatomy:vampire,anatomy:vampire,nodes.15.displayName,오른다리,,,explicit-serialized
AnatomyProfileSO|anatomy:vampire,anatomy:vampire,nodes.15.parentNodeId,torso,,,explicit-serialized
AnatomyProfileSO|anatomy:vampire,anatomy:vampire,nodes.15.kind,3,,,explicit-serialized
AnatomyProfileSO|anatomy:vampire,anatomy:vampire,nodes.15.functions,128,,,explicit-serialized
AnatomyProfileSO|anatomy:vampire,anatomy:vampire,nodes.15.maxHealth,24,,,explicit-serialized
AnatomyProfileSO|anatomy:vampire,anatomy:vampire,nodes.15.capacityWeight,0.5,,,explicit-serialized
AnatomyProfileSO|anatomy:vampire,anatomy:vampire,nodes.15.vital,0,,,explicit-serialized
AnatomyProfileSO|anatomy:vampire,anatomy:vampire,nodes.15.removable,1,,,explicit-serialized
AnatomyProfileSO|anatomy:vampire,anatomy:vampire,nodes.15.pairedGroupId,legs,,,explicit-serialized
AnatomyProfileSO|anatomy:vampire,anatomy:vampire,nodes.15.legacyBodyPart,5,,,explicit-serialized
AnatomyProfileSO|anatomy:vampire,anatomy:vampire,nodes.15.mapsToLegacyBodyPart,1,,,explicit-serialized
AnatomyProfileSO|anatomy:vampire,anatomy:vampire,notApplicableCapacities,[],,,explicit-serialized
AnatomyProfileSO|anatomy:vampire,anatomy:vampire,CapacityId,0,CharacterFunctionalCapacityId,Mental Maintenance,implicit-csharp-default
AnatomyProfileSO|anatomy:vampire,anatomy:vampire,capacityId,0,CharacterFunctionalCapacityId,Mental Maintenance,implicit-csharp-default
